[
  {
    "id": "money/2004/apr/25/observercashsection.theobserver9",
    "type": "article",
    "sectionId": "money",
    "sectionName": "Money",
    "webPublicationDate": "2004-04-24T23:29:27Z",
    "webTitle": "Pricewatch north-west",
    "webUrl": "https://www.theguardian.com/money/2004/apr/25/observercashsection.theobserver9",
    "apiUrl": "https://content.guardianapis.com/money/2004/apr/25/observercashsection.theobserver9",
    "fields": {
      "headline": "Pricewatch north-west",
      "trailText": "<p><strong>&#183;</strong> Annual house price growth has been 29.6 per cent in the North West (compared with a UK average of 18.5 per cent) - bringing the average property price to &#163;111,354 (compared with &#163;147,785 for the UK). House prices here have risen 80 per cent in the past three years, according to the Halifax. </p>",
      "byline": "Neasa MacErlean",
      "main": "",
      "body": "<p><strong>\u00b7</strong> Annual house price growth has been 29.6 per cent in the North West (compared with a UK average of 18.5 per cent) - bringing the average property price to \u00a3111,354 (compared with \u00a3147,785 for the UK). House prices here have risen 80 per cent in the past three years, according to the Halifax. </p> <p><strong>\u00b7</strong> Much of the growth in Blackburn has been due to 'the amount of house building, with many more new two, three and four-bedroom properties on the market, rather than the typical two-up, two-down terrace,' says Andrew Bottomley of Halifax estate agents. </p> <p><strong>\u00b7</strong> In Burnley, there is a 'great shortage of properties to sell in all price brackets', says H W Petty &amp; Son. 'The poorest terraced houses are now selling immediately to investors at rapidly increasing prices.' </p> <p><strong>\u00b7</strong> In Lancaster, 'buyers are still competing for properties in the lower and middle market, and continuing to push prices higher', says Michael Fisher of Fisher &amp; Wrathall. </p> <p><strong>\u00b7</strong> Central Manchester continues to be the place to live for 'bright young things', adds the Halifax. 'Loft and apartment living is the order of the day and they continue to be built at a great rate. Developers are now competing for buyers and offering incentives such as carpets, white goods, refund of deposit or conveyancing costs.' </p> <p><strong>\u00b7</strong> Oldham is seeing 'a very busy period, with the highest number of new instructions for two years and a high volume of sales', according to Richard Powell of Ryder &amp; Dutton. </p> <p><strong>\u00b7</strong> In St Helens 'we are receiving strong demand from first-time buyers for anything under \u00a3100,000', says Louis Rigby of Leach Borron Shaw. 'Our more mature clients are looking towards new apartments, with the absence of affordable bungalows or indeed bungalows in general. And we are now seeing the \u00a3200,000-400,000 detached house bracket selling well as a result of the family semis moving more freely now that sales are picking up month after month.'</p>",
      "newspaperPageNumber": "23",
      "wordcount": "327",
      "commentable": "false",
      "isPremoderated": "false",
      "lastModified": "2004-04-24T23:29:27Z",
      "newspaperEditionDate": "2004-04-25T00:00:00Z",
      "productionOffice": "UK",
      "publication": "The Observer",
      "shortUrl": "https://gu.com/p/7jj8",
      "shouldHideAdverts": "false",
      "showInRelatedContent": "true",
      "legallySensitive": "false",
      "lang": "en",
      "bodyText": "\u00b7 Annual house price growth has been 29.6 per cent in the North West (compared with a UK average of 18.5 per cent) - bringing the average property price to \u00a3111,354 (compared with \u00a3147,785 for the UK). House prices here have risen 80 per cent in the past three years, according to the Halifax. \u00b7 Much of the growth in Blackburn has been due to 'the amount of house building, with many more new two, three and four-bedroom properties on the market, rather than the typical two-up, two-down terrace,' says Andrew Bottomley of Halifax estate agents. \u00b7 In Burnley, there is a 'great shortage of properties to sell in all price brackets', says H W Petty &amp; Son. 'The poorest terraced houses are now selling immediately to investors at rapidly increasing prices.' \u00b7 In Lancaster, 'buyers are still competing for properties in the lower and middle market, and continuing to push prices higher', says Michael Fisher of Fisher &amp; Wrathall. \u00b7 Central Manchester continues to be the place to live for 'bright young things', adds the Halifax. 'Loft and apartment living is the order of the day and they continue to be built at a great rate. Developers are now competing for buyers and offering incentives such as carpets, white goods, refund of deposit or conveyancing costs.' \u00b7 Oldham is seeing 'a very busy period, with the highest number of new instructions for two years and a high volume of sales', according to Richard Powell of Ryder &amp; Dutton. \u00b7 In St Helens 'we are receiving strong demand from first-time buyers for anything under \u00a3100,000', says Louis Rigby of Leach Borron Shaw. 'Our more mature clients are looking towards new apartments, with the absence of affordable bungalows or indeed bungalows in general. And we are now seeing the \u00a3200,000-400,000 detached house bracket selling well as a result of the family semis moving more freely now that sales are picking up month after month.'",
      "charCount": "1901"
    },
    "isHosted": false,
    "pillarId": "pillar/lifestyle",
    "pillarName": "Lifestyle"
  },
  {
    "id": "business/2004/apr/25/housingmarket.houseprices",
    "type": "article",
    "sectionId": "business",
    "sectionName": "Business",
    "webPublicationDate": "2004-04-24T23:29:26Z",
    "webTitle": "City bull warns of fall in housing market",
    "webUrl": "https://www.theguardian.com/business/2004/apr/25/housingmarket.houseprices",
    "apiUrl": "https://content.guardianapis.com/business/2004/apr/25/housingmarket.houseprices",
    "fields": {
      "headline": "City bull warns of fall in housing market",
      "trailText": "<p>One of the City's leading housing market bulls will this week join forecasters calling an end to Britain's property price boom. </p>",
      "byline": "Faisal Islam, economics correspondent",
      "main": "",
      "body": "<p>One of the City's leading housing market bulls will this week join forecasters calling an end to Britain's property price boom. </p> <p>'We have been fairly positive on UK house prices over the past two years. However, with the monetary fuel gradually being withdrawn the housing boom is likely to end,' says Michael Saunders, Citigroup's chief economist. </p> <p>In recent weeks City doomster Tony Dye, the International Monetary Fund, and consultants Capital Economics have predicted a crash in house prices of about a third. </p> <p>Record low interest rates, low unemployment and rising incomes have supported a doubling in average house prices since the end of 1998. </p> <p>Annual house price inflation halved last year, but surged again this year, undeterred by a cumulative half per cent rise in base rates imposed by the Bank of England since November. </p> <p>Citigroup believes rises in house prices will slow this year with declines next year. House prices would need to fall about 40 per cent to return to their long-run averages. </p> <p>The likelihood of a sooner-than-expected rise in US Federal Reserve interest rates will also put pressure on the Bank of England to raise British rates faster.</p>",
      "newspaperPageNumber": "2",
      "wordcount": "192",
      "commentable": "false",
      "isPremoderated": "false",
      "lastModified": "2017-09-20T21:47:02Z",
      "newspaperEditionDate": "2004-04-25T00:00:00Z",
      "productionOffice": "UK",
      "publication": "The Observer",
      "shortUrl": "https://gu.com/p/7jh7",
      "shouldHideAdverts": "false",
      "showInRelatedContent": "true",
      "legallySensitive": "false",
      "lang": "en",
      "bodyText": "One of the City's leading housing market bulls will this week join forecasters calling an end to Britain's property price boom. 'We have been fairly positive on UK house prices over the past two years. However, with the monetary fuel gradually being withdrawn the housing boom is likely to end,' says Michael Saunders, Citigroup's chief economist. In recent weeks City doomster Tony Dye, the International Monetary Fund, and consultants Capital Economics have predicted a crash in house prices of about a third. Record low interest rates, low unemployment and rising incomes have supported a doubling in average house prices since the end of 1998. Annual house price inflation halved last year, but surged again this year, undeterred by a cumulative half per cent rise in base rates imposed by the Bank of England since November. Citigroup believes rises in house prices will slow this year with declines next year. House prices would need to fall about 40 per cent to return to their long-run averages. The likelihood of a sooner-than-expected rise in US Federal Reserve interest rates will also put pressure on the Bank of England to raise British rates faster.",
      "charCount": "1163"
    },
    "isHosted": false,
    "pillarId": "pillar/news",
    "pillarName": "News"
  },
  {
    "id": "business/2004/apr/25/theobserver.observerbusiness4",
    "type": "article",
    "sectionId": "business",
    "sectionName": "Business",
    "webPublicationDate": "2004-04-24T23:29:26Z",
    "webTitle": "Frank Kane: Desmond may be mad - but he isn't stupid",
    "webUrl": "https://www.theguardian.com/business/2004/apr/25/theobserver.observerbusiness4",
    "apiUrl": "https://content.guardianapis.com/business/2004/apr/25/theobserver.observerbusiness4",
    "fields": {
      "headline": "Desmond may be mad - but he isn't stupid",
      "trailText": "<p><strong>Frank Kane: </strong>Richard Desmond's performance at the Westferry board meeting last week immediately reminded me of one thing - Soviet President Nikita Kruschev banging his shoe on a desk at a crisis session of the United Nations in 1962.</p>",
      "main": "",
      "body": "<p>Richard Desmond's performance at the Westferry board meeting last week immediately reminded me of one thing - Soviet President Nikita Kruschev banging his shoe on a desk at a crisis session of the United Nations in 1962. The message from the Russian leader was evidently: 'I'm a crazy man who might just unleash nuclear war on the world, so give me what I want.' </p> <p>I see Desmond's extraordinary 'Nazi' show as being in the same mould. The Express boss cannot guarantee mutually assured destruction (MAD), as the Soviets could, but he'll do his best to inflict maximum damage. His West Ferry rant could be viewed as a shrewd strategic move. </p> <p>His most important target, as ever, is Lord Rothermere's Associated Newspapers. Incidentally, we only have the Telegraph directors' assumption that Desmond's taunts were aimed at the German publisher Axel Springer; they could just as easily have been meant for Associated, a group he has often labelled 'Nazi' for its pre-war sympathies. He will do anything to stop the Mail getting its hands on the Telegraph. </p> <p>He may have done damage to his reputation, but he doesn't care. He has thrown a spanner in the works of the Lazards auction. Springer has had its doubts about the bid reinforced and may walk away, while what sensible financial group would want to tackle the West Ferry problem with Desmond across the table? The field of potential bidders is narrowed, enabling him to concentrate on the main enemy: Associated. Desmond may be mad, but he isn't stupid. </p> <p><strong>A Brit for the Russian Corus?</strong><br> </p> <p>The letter of company law says a firm's directors are supposed to represent all the shareholders. But that is not how it works in practice. In reality, many boardrooms are debating chambers representing the big blocs of investors, either institutions or individuals. It is usual that shareholders' best interests emerge from the synthesis of conflicting ideas that are thrashed out in board meetings. For this reason, Corus should welcome on to the board the representative of the Russian businessman Alisher Usmanov. A 13.4 per cent shareholder - and promising to put more money into the company - Usmanov, pictured above, knows the metals business well. </p> <p>Those opposed to his representation, especially Corus chief executive Jim Laing, point to his past with many nods and winks, but if you are to do business with the new Russia you have to forget history sometimes. If it turns out he is no good for Corus, his man can always be voted off. </p> <p>In fact, virtually the only thing against Usmanov's request is the fact that his chosen representative is a Dutchman, Aad van der Velden. With the troubles of a well-known oil firm in mind (see below), maybe the whole thing could be resolved if the Russian chooses a Brit instead. </p> <p><strong>Shell braced for after-shocks</strong><br> </p> <p>You can virtually hear the tectonic plates grinding away beneath Royal Dutch/Shell. The first big shock came in January, when it was forced to cut its 'proved' reserves by 20 per cent, but, unlike with a real earthquake, the after-shocks have got far bigger and more frightening. </p> <p>Last week's email revelations set new standards on the corporate Richter scale. There is one question on shareholders' minds: is it over, or are there even larger tremors to come? </p> <p>You have to worry that there is worse on the way. The company - as Oliver Morgan explains opposite - is an inherently unstable Anglo-Dutch edifice, riven by national, cultural and personal fault lines. It has tried to 'come clean', though in the bureaucratic jungle of its management structure there is never the certainty that all has been disclosed. </p> <p>There is the danger of further destabilisation at any moment. The full report from the New York lawyers, who last week whetted our appetites with their executive summary, will come out, officially or unofficially; the American financial and legal authorities are scrutinising Shell with a view to possible criminal action; and the Manhattan class-action lawyers, the kings of tort, are circling in a feeding frenzy. </p> <p>Against this, the company is sticking to the line that all is now in the open, that there will be no further bloodletting. It is holding out the possibility of structural corporate change as a long-term remedy. The other positive sign is that the two most important statistics for Shell - the share price and the oil price - are proving resilient. But I don't think these favourable factors are enough to overcome the crisis of reputation that has rocked the firm. </p> <p>If ever there was a test of a company's non-executives, it is in Shell. Between them, the likes of Sir Peter Burt, Aad Jacobs and Nina Henderson, have their jobs cut out to convince investors and the business world at large that they have the determination to push through radical and lasting change at Shell. </p> <p>As we report on page one, they are already planning to bolster confidence with the appointment of a major bulge-bracket firm to carry through the transformation, in what could be the biggest corporate restructuring in history. Whoever lands the job will earn billions in fees. But, if they halt the collapse of the house of Shell, they will have deserved it. </p> <p><strong>Carnival time for Arison</strong><br> </p> <p>Here's one for the investment anoraks. In the year ending last Friday, which was the best performing company in the FTSE-100? A bank, perhaps, buoyed by the return of corporate activity? Or a telecoms company, recovering from the dotcom slump? </p> <p>Wrong. Leading the way with a near 50 per cent out-performance of the leading index was cruise group Carnival, which 12 months ago completed the long-drawn-out acquisition of P&amp;O Princess. Since then, Carnival's shares have gained 60 per cent in a year which supposedly saw a slump in travel and tourism. </p> <p>Mickey Arison, the captain of this very happy corporate ship, reckons the only thing that can stop further growth is if they run out of ships. But, with the Far East shipyards still rolling them out and the Europeans (with the embarrassing exception of Britain) rediscovering the art of ship-making, that is unlikely. </p> <p><strong>No Robin Hood at Goldman Sachs</strong><br> </p> <p>What a lot of rubbish has been written about Goldman Sachs this week. Because the executives who were robbed are rich, we are supposed to regard it as a victimless crime, but this is patent nonsense. Regardless of their obvious personal failings - which have been excruciatingly embarrassing for the bank - the Goldman executives were victims every bit as much as a mugged granny. </p> <p>Although you would not know it from the vitriol of some of the commentary, it was not Goldman Sachs, nor the City, that was on trial, but Joyti De-Laurey, a greedy woman who didn't know when to stop, and was certainly no Robin Hood.</p>",
      "newspaperPageNumber": "2",
      "wordcount": "1139",
      "commentable": "false",
      "isPremoderated": "false",
      "lastModified": "2004-04-24T23:29:26Z",
      "newspaperEditionDate": "2004-04-25T00:00:00Z",
      "productionOffice": "UK",
      "publication": "The Observer",
      "shortUrl": "https://gu.com/p/7jha",
      "shouldHideAdverts": "false",
      "showInRelatedContent": "true",
      "legallySensitive": "false",
      "lang": "en",
      "bodyText": "Richard Desmond's performance at the Westferry board meeting last week immediately reminded me of one thing - Soviet President Nikita Kruschev banging his shoe on a desk at a crisis session of the United Nations in 1962. The message from the Russian leader was evidently: 'I'm a crazy man who might just unleash nuclear war on the world, so give me what I want.' I see Desmond's extraordinary 'Nazi' show as being in the same mould. The Express boss cannot guarantee mutually assured destruction (MAD), as the Soviets could, but he'll do his best to inflict maximum damage. His West Ferry rant could be viewed as a shrewd strategic move. His most important target, as ever, is Lord Rothermere's Associated Newspapers. Incidentally, we only have the Telegraph directors' assumption that Desmond's taunts were aimed at the German publisher Axel Springer; they could just as easily have been meant for Associated, a group he has often labelled 'Nazi' for its pre-war sympathies. He will do anything to stop the Mail getting its hands on the Telegraph. He may have done damage to his reputation, but he doesn't care. He has thrown a spanner in the works of the Lazards auction. Springer has had its doubts about the bid reinforced and may walk away, while what sensible financial group would want to tackle the West Ferry problem with Desmond across the table? The field of potential bidders is narrowed, enabling him to concentrate on the main enemy: Associated. Desmond may be mad, but he isn't stupid. A Brit for the Russian Corus? The letter of company law says a firm's directors are supposed to represent all the shareholders. But that is not how it works in practice. In reality, many boardrooms are debating chambers representing the big blocs of investors, either institutions or individuals. It is usual that shareholders' best interests emerge from the synthesis of conflicting ideas that are thrashed out in board meetings. For this reason, Corus should welcome on to the board the representative of the Russian businessman Alisher Usmanov. A 13.4 per cent shareholder - and promising to put more money into the company - Usmanov, pictured above, knows the metals business well. Those opposed to his representation, especially Corus chief executive Jim Laing, point to his past with many nods and winks, but if you are to do business with the new Russia you have to forget history sometimes. If it turns out he is no good for Corus, his man can always be voted off. In fact, virtually the only thing against Usmanov's request is the fact that his chosen representative is a Dutchman, Aad van der Velden. With the troubles of a well-known oil firm in mind (see below), maybe the whole thing could be resolved if the Russian chooses a Brit instead. Shell braced for after-shocks You can virtually hear the tectonic plates grinding away beneath Royal Dutch/Shell. The first big shock came in January, when it was forced to cut its 'proved' reserves by 20 per cent, but, unlike with a real earthquake, the after-shocks have got far bigger and more frightening. Last week's email revelations set new standards on the corporate Richter scale. There is one question on shareholders' minds: is it over, or are there even larger tremors to come? You have to worry that there is worse on the way. The company - as Oliver Morgan explains opposite - is an inherently unstable Anglo-Dutch edifice, riven by national, cultural and personal fault lines. It has tried to 'come clean', though in the bureaucratic jungle of its management structure there is never the certainty that all has been disclosed. There is the danger of further destabilisation at any moment. The full report from the New York lawyers, who last week whetted our appetites with their executive summary, will come out, officially or unofficially; the American financial and legal authorities are scrutinising Shell with a view to possible criminal action; and the Manhattan class-action lawyers, the kings of tort, are circling in a feeding frenzy. Against this, the company is sticking to the line that all is now in the open, that there will be no further bloodletting. It is holding out the possibility of structural corporate change as a long-term remedy. The other positive sign is that the two most important statistics for Shell - the share price and the oil price - are proving resilient. But I don't think these favourable factors are enough to overcome the crisis of reputation that has rocked the firm. If ever there was a test of a company's non-executives, it is in Shell. Between them, the likes of Sir Peter Burt, Aad Jacobs and Nina Henderson, have their jobs cut out to convince investors and the business world at large that they have the determination to push through radical and lasting change at Shell. As we report on page one, they are already planning to bolster confidence with the appointment of a major bulge-bracket firm to carry through the transformation, in what could be the biggest corporate restructuring in history. Whoever lands the job will earn billions in fees. But, if they halt the collapse of the house of Shell, they will have deserved it. Carnival time for Arison Here's one for the investment anoraks. In the year ending last Friday, which was the best performing company in the FTSE-100? A bank, perhaps, buoyed by the return of corporate activity? Or a telecoms company, recovering from the dotcom slump? Wrong. Leading the way with a near 50 per cent out-performance of the leading index was cruise group Carnival, which 12 months ago completed the long-drawn-out acquisition of P&amp;O Princess. Since then, Carnival's shares have gained 60 per cent in a year which supposedly saw a slump in travel and tourism. Mickey Arison, the captain of this very happy corporate ship, reckons the only thing that can stop further growth is if they run out of ships. But, with the Far East shipyards still rolling them out and the Europeans (with the embarrassing exception of Britain) rediscovering the art of ship-making, that is unlikely. No Robin Hood at Goldman Sachs What a lot of rubbish has been written about Goldman Sachs this week. Because the executives who were robbed are rich, we are supposed to regard it as a victimless crime, but this is patent nonsense. Regardless of their obvious personal failings - which have been excruciatingly embarrassing for the bank - the Goldman executives were victims every bit as much as a mugged granny. Although you would not know it from the vitriol of some of the commentary, it was not Goldman Sachs, nor the City, that was on trial, but Joyti De-Laurey, a greedy woman who didn't know when to stop, and was certainly no Robin Hood.",
      "charCount": "6687"
    },
    "isHosted": false,
    "pillarId": "pillar/news",
    "pillarName": "News"
  },
  {
    "id": "business/2004/apr/25/ftse.observerbusiness",
    "type": "article",
    "sectionId": "business",
    "sectionName": "Business",
    "webPublicationDate": "2004-04-24T23:29:24Z",
    "webTitle": "Cheapside",
    "webUrl": "https://www.theguardian.com/business/2004/apr/25/ftse.observerbusiness",
    "apiUrl": "https://content.guardianapis.com/business/2004/apr/25/ftse.observerbusiness",
    "fields": {
      "headline": "A black comedy",
      "trailText": "<p>The BP rank and file should stifle any temptation to snicker as rival oil giant Shell flounders deeper in the black sticky stuff (or lack of it). The BP pension fund is hit by the slump in Shell shares from almost 420p in January to 386.5p last week. The fund has to invest in a FTSE 100 oil stock other than its own (ie Shell's). But BP's bosses benefit from Shell's ills: a smidgen of their performance-related pay is linked to how BP stock rates against Shell's. Will the petrol heads see the funny side?    </p>",
      "byline": "Sarah Ryle",
      "main": "",
      "body": "<p>The BP rank and file should stifle any temptation to snicker as rival oil giant Shell flounders deeper in the black sticky stuff (or lack of it). The BP pension fund is hit by the slump in Shell shares from almost 420p in January to 386.5p last week. The fund has to invest in a FTSE 100 oil stock other than its own (ie Shell's). But BP's bosses benefit from Shell's ills: a smidgen of their performance-related pay is linked to how BP stock rates against Shell's. Will the petrol heads see the funny side? </p> <p><strong>Knockdown prices</strong><br> </p> <p>Our right-on chums at Campaign against the Arms Trade note that the Raytheon Corporation is sponsoring a London conference about reconstruction in Iraq. This would be the same Raytheon that lovingly produced so many of the cluster bombs and weapons systems fired at Saddam Hussein. The inventory is awesome: more than 9,000 Paveway laser-guided bombs; 300 AGM-154 JSOW-A bombs, each dispersing 145 cluster bombs; the Patriot missile system; and last, but by no means least, more than 800 Tomahawk cruise missiles. You can't make an omelette without breaking eggs. </p> <p><strong>It's a Shawe thing</strong><br> </p> <p>It is a weary task, this scotching of bonkers rumours. The latest is that Sir Peter Davis's right-hand woman at Sainsbury, director of communications Jan Shawe, has itchy feet. Shawe has served Davis for years, travelling from the Pru when he made his own move. How ludicrous, then, are the hints that Shawe does not intend to stay with her boss on the bridge until he jumps ship? Consider them scotched. Unless they prove to be true - in which case you read it here first. </p> <p><strong>A king betrayed</strong><br> </p> <p>Which brings us neatly to Justin King, the new Sainsbury's chief executive. Didn't we say that King's reputation as the architect of M&amp;S food glory would unravel in the not too distant future? The only surprise was that it was his former close colleagues who stuck it to him at Marks' results. </p> <p><strong>Quel shock!</strong><br> </p> <p>Sacre bleu but those Frenchies are cunning. We are not bidding for the Richard Desmond Cultural Harmony award. But it is odd that one of the companies that has been touted as a sponsor-in-the-wings for London's Olympic games bid is, er, El\u00e9ctricit\u00e9 de France of Paris, which happens to be, er, a rival for the 2012 games. EDF, the owner of London Electricity, is reportedly ready to give Barbara Cassani's effort \u00a31 million. That would be nice, because EDF is increasing the electricity bills of Londoners by 'at least' 2 per cent. Bravo! </p> <p><strong>Low profiles</strong><br> </p> <p>Our mole under the Channel returns with more Eurotunnel titbits. Of 1.2 million shareholders who might have voted at the Paris EGM two weeks ago, just 50,000 bothered. Do they not care? Well, no. Perhaps the masses who supposedly bought shares were only interested in the cheap crossings after all? </p> <p><strong>Bouncing Boyce</strong><br> </p> <p>What to make of Admiral Lord Boyce, the fellow who forced the Attorney-General to re-examine the legality of war? Now he re-emerges as a non-executive director of WS Atkins, logistics supplier to the Ministry of Defence and bidder for jobs in Iraq. </p> <p><strong>Watch your hack</strong><br> </p> <p>And finally to Richard Miles, former Times and Guardian hack and now in the employ of fund managers Fidelity. 'He is on a six-figure salary plus share options,' wails one green-hued associate. 'No wonder he wrote \"Fidelity hits all the right notes\".'</p>",
      "newspaperPageNumber": "16",
      "wordcount": "576",
      "commentable": "false",
      "isPremoderated": "false",
      "lastModified": "2004-04-24T23:29:24Z",
      "newspaperEditionDate": "2004-04-25T00:00:00Z",
      "productionOffice": "UK",
      "publication": "The Observer",
      "shortUrl": "https://gu.com/p/7jhp",
      "shouldHideAdverts": "false",
      "showInRelatedContent": "true",
      "legallySensitive": "false",
      "lang": "en",
      "bodyText": "The BP rank and file should stifle any temptation to snicker as rival oil giant Shell flounders deeper in the black sticky stuff (or lack of it). The BP pension fund is hit by the slump in Shell shares from almost 420p in January to 386.5p last week. The fund has to invest in a FTSE 100 oil stock other than its own (ie Shell's). But BP's bosses benefit from Shell's ills: a smidgen of their performance-related pay is linked to how BP stock rates against Shell's. Will the petrol heads see the funny side? Knockdown prices Our right-on chums at Campaign against the Arms Trade note that the Raytheon Corporation is sponsoring a London conference about reconstruction in Iraq. This would be the same Raytheon that lovingly produced so many of the cluster bombs and weapons systems fired at Saddam Hussein. The inventory is awesome: more than 9,000 Paveway laser-guided bombs; 300 AGM-154 JSOW-A bombs, each dispersing 145 cluster bombs; the Patriot missile system; and last, but by no means least, more than 800 Tomahawk cruise missiles. You can't make an omelette without breaking eggs. It's a Shawe thing It is a weary task, this scotching of bonkers rumours. The latest is that Sir Peter Davis's right-hand woman at Sainsbury, director of communications Jan Shawe, has itchy feet. Shawe has served Davis for years, travelling from the Pru when he made his own move. How ludicrous, then, are the hints that Shawe does not intend to stay with her boss on the bridge until he jumps ship? Consider them scotched. Unless they prove to be true - in which case you read it here first. A king betrayed Which brings us neatly to Justin King, the new Sainsbury's chief executive. Didn't we say that King's reputation as the architect of M&amp;S food glory would unravel in the not too distant future? The only surprise was that it was his former close colleagues who stuck it to him at Marks' results. Quel shock! Sacre bleu but those Frenchies are cunning. We are not bidding for the Richard Desmond Cultural Harmony award. But it is odd that one of the companies that has been touted as a sponsor-in-the-wings for London's Olympic games bid is, er, El\u00e9ctricit\u00e9 de France of Paris, which happens to be, er, a rival for the 2012 games. EDF, the owner of London Electricity, is reportedly ready to give Barbara Cassani's effort \u00a31 million. That would be nice, because EDF is increasing the electricity bills of Londoners by 'at least' 2 per cent. Bravo! Low profiles Our mole under the Channel returns with more Eurotunnel titbits. Of 1.2 million shareholders who might have voted at the Paris EGM two weeks ago, just 50,000 bothered. Do they not care? Well, no. Perhaps the masses who supposedly bought shares were only interested in the cheap crossings after all? Bouncing Boyce What to make of Admiral Lord Boyce, the fellow who forced the Attorney-General to re-examine the legality of war? Now he re-emerges as a non-executive director of WS Atkins, logistics supplier to the Ministry of Defence and bidder for jobs in Iraq. Watch your hack And finally to Richard Miles, former Times and Guardian hack and now in the employ of fund managers Fidelity. 'He is on a six-figure salary plus share options,' wails one green-hued associate. 'No wonder he wrote \"Fidelity hits all the right notes\".'",
      "charCount": "3289"
    },
    "isHosted": false,
    "pillarId": "pillar/news",
    "pillarName": "News"
  },
  {
    "id": "politics/2004/apr/24/iraq.otherparties",
    "type": "article",
    "sectionId": "politics",
    "sectionName": "Politics",
    "webPublicationDate": "2004-04-24T01:37:53Z",
    "webTitle": "Goerge Galloway: Mendacity won't rescue Iraq's occupiers",
    "webUrl": "https://www.theguardian.com/politics/2004/apr/24/iraq.otherparties",
    "apiUrl": "https://content.guardianapis.com/politics/2004/apr/24/iraq.otherparties",
    "fields": {
      "headline": "Corruption and mendacity won't rescue Iraq's occupiers",
      "standfirst": "The puppet regime's latest accusations are just a diversionary tactic",
      "trailText": "<B>George Galloway:</B> The puppet regime's latest accusations are just a diversionary tactic.",
      "byline": "George Galloway",
      "main": "",
      "body": "As the occupation forces sink deeper into the Iraq imbroglio and the deadline for the bogus \"transfer of sovereignty\" on June 30 draws nearer, those responsible are lashing out in all directions. <p>Speaking on the BBC this week, Sir Jeremy Greenstock, who has left Baghdad as the prime minister's special envoy, was dripping with patrician condescension. Asked about the wave of armed opposition, Greenstock sniffed that these were \"foreign fighters\" (as if he and his army were locals) and \"Saddam remnants\". He seemed oblivious to the fact that it was the long-repressed Shia who were pelting his army with stones and grenades throughout the southern sector. We shall leave, said Greenstock, \"once they can look after themselves\": a comment that could have come from any plenipotentiary of empire in history. </p> <p>He has little reason to be complacent. The Sunni clerics acting as intermediaries between the US and the Iraqi resistance in Falluja have washed their hands of Paul Bremer. Days of negotiations went up in smoke last week as the marines resumed a massacre, already of My Lai dimensions in the Arab psyche. In Beirut last Friday, I stood outside three mosques - two Sunni, one Shia - where the only word discernible to me in the agitated sermons was Falluja. </p> <p>General Kimmet, the US commander, has demanded the removal from Falluja of al-Jazeera - without whom we would have had no filmed evidence of this war crime. Together with the closure of Moqtada al-Sadr's newspaper, the Americans have served notice that, along with the denial of elections, the suppression of the media is the price of Operation Iraqi Freedom. Meanwhile, George Bush lays into the Spanish for electing a government that he doesn't like and carries out its pre-election promises. </p> <p>And now the Iraqi National Congress (INC), whose fabrications helped stampede us into war, is back on the attack. Pushing at an open door, it \"demanded\" that the Republican Congress investigate \"billions of dollars of corruption\" in the UN-administered oil-for-food programme. </p> <p>I was not the only one on their list: one of the Pope's secretaries, the former French interior minister Charles Pasqua (the country's most astringent mainstream critic of the US), a string of top UN officials, Indonesia's president, Megawati Sukarnoputri, Vladimir Putin, Russia's Communist party and the ANC - a kind of \"axis of evil\" of opponents of sanctions and war - are all miraculously named in documents saved from the flames as swimming in oil at the expense of starving children. </p> <p>Of course, it was this group that helped to reveal the suffering of Iraqi children when the INC and its patrons in London and Washington were denying the existence of the killing fields: Iraqi children died at the rate of one every six minutes for over a decade. The oil-for-food programme - conceded by the US and Britain under pressure in 1996 - provided just 30 cents a day per Iraqi. Those who bought and sold oil are easily traceable on the UN's database. No evidence has been provided that any of the claimed largesse reached any of those attacked. In my own case, I have never owned, bought or sold oil, or rights to oil. Nor has anyone on my behalf. But I have repeatedly been the target of false accusations and forged documents, as the Christian Science Monitor, among others, has had to concede, to its cost. </p> <p>But the biggest \"kickback\" out of Iraq's oil sales did involve billions of dollars changing hands. Fully 30% of the total oil sales were handed to Kuwait - one of the richest countries in the world - and a parade of businessmen who claimed they had lost profits because of Iraq's invasion of Kuwait. </p> <p>Now, in an echo of the Tikriti nepotism that characterised Saddam Hussein's rule, his nemesis Ahmed Chalabi, a convicted fraudster and the principal puppet in the US-appointed governing council, has chosen his nephew, a Yale-educated Wall Street corporate lawyer with no criminal law experience, to try the former regime prisoners. </p> <p>No legal justice can come from rampant illegality. The governing council is not the government of Iraq - and neither is Bremer or his successor, John Negroponte, the former point man for the Nicaraguan Contras: those slayers of priests, nuns and literacy teachers in the Reagan era. They are all in Baghdad as a result of an illegal invasion and occupation. </p> <p>And, of course, there will be no open trial. How could there be when Saddam would make every effort to put the west on trial, adducing its former alliance with him? If he is tried for Halabja, he will remind us that for months after the chemical attack on the Kurds, the US claimed it had been carried out by the Iranians; and that he received British ministers, and even weapons, long afterwards. </p> <p>When I met Saddam for the second and final time six months before the war, I asked to see him privately after listening to an hour of denials that Iraq still possessed banned weapons. When the room cleared of all but him, me, Tariq Aziz and the then foreign minister Naji Sabri, I suggested he had not been honest. \"Look,\" I said, \"if Iraq is to avoid a devastating war, you have to let Hans Blix and his team return, co-operate and destroy all remaining weapons of mass destruction.\" </p> <p>Looking me straight in the eye, he spoke quietly, translated by Aziz. \"Mr George, the people of Iraq are greatly in your debt, we appreciate everything that you have done to try to help our people. Please believe me, I would not lie to you, we do not have any weapons of mass destruction\". </p> <p>My heart sank. How could that possibly be? Even I, the archest of sceptics when it came to western fables about Iraq, had fallen for the biggest hoax in modern history. For as it has turned out, the dictator was telling the truth and the self-appointed leaders of the free world were guilty of mendacity. </p> <p>If there were a genuine accounting for the many crimes committed in Iraq, it would be a trial not seen since Nuremberg. It would involve those who sold Saddam the gas he used at Halabja; those who encouraged him to invade Iran when its revolution threatened to sweep away the corrupt kings and puppet presidents of Arabia propped up and profited from by the west; those, like Donald Rumsfeld, who twice visited Saddam during that war to help him target the terrible weapons the west had sold him; and those whose hands are covered with the blood of all those buried in the biggest of all the mass graves in Iraq - slaughtered by sanctions. </p> <p>We who saw and cried out about this slaughter were traduced as fabricators; and later, when it could no longer be denied, as \"mouthpieces\", \"apologists\" or even \"paid agents\" of Saddam. Far from having to apologise for anything that I, and others, did to campaign against sanctions and war, I am proud of it; I only wish we had succeeded. </p> <p>None of Chalabi minor's trials will make any difference to the uprising that has now spread throughout Iraq, except to make it more ferocious. By the time the former dictator dangles on the end of a rope, the foreign occupiers of Iraq will belassooed tighter than a Texas steer on its way to the slaughterhouse. And by then Iraq may well be on its way to being ruled by turbaned, bearded men whose inspiration is either Ayatollah Khomeini or even Osama bin Laden. A dubious cause for celebration on the White House lawn. </p> <p><b>\u00b7</b> George Galloway's book I'm Not the Only One is published next week by Penguin. He is the Respect MP for Glasgow Kelvin, and is standing in London in the European elections in June </p> <p><a href=\"mailto:gallowayg@parliament.uk\">gallowayg@parliament.uk</a></p>",
      "newspaperPageNumber": "22",
      "wordcount": "1303",
      "commentable": "false",
      "isPremoderated": "false",
      "lastModified": "2017-05-08T07:14:16Z",
      "newspaperEditionDate": "2004-04-24T00:00:00Z",
      "productionOffice": "UK",
      "publication": "theguardian.com",
      "shortUrl": "https://gu.com/p/x2xg7",
      "shouldHideAdverts": "false",
      "showInRelatedContent": "true",
      "legallySensitive": "false",
      "lang": "en",
      "bodyText": "As the occupation forces sink deeper into the Iraq imbroglio and the deadline for the bogus \"transfer of sovereignty\" on June 30 draws nearer, those responsible are lashing out in all directions. Speaking on the BBC this week, Sir Jeremy Greenstock, who has left Baghdad as the prime minister's special envoy, was dripping with patrician condescension. Asked about the wave of armed opposition, Greenstock sniffed that these were \"foreign fighters\" (as if he and his army were locals) and \"Saddam remnants\". He seemed oblivious to the fact that it was the long-repressed Shia who were pelting his army with stones and grenades throughout the southern sector. We shall leave, said Greenstock, \"once they can look after themselves\": a comment that could have come from any plenipotentiary of empire in history. He has little reason to be complacent. The Sunni clerics acting as intermediaries between the US and the Iraqi resistance in Falluja have washed their hands of Paul Bremer. Days of negotiations went up in smoke last week as the marines resumed a massacre, already of My Lai dimensions in the Arab psyche. In Beirut last Friday, I stood outside three mosques - two Sunni, one Shia - where the only word discernible to me in the agitated sermons was Falluja. General Kimmet, the US commander, has demanded the removal from Falluja of al-Jazeera - without whom we would have had no filmed evidence of this war crime. Together with the closure of Moqtada al-Sadr's newspaper, the Americans have served notice that, along with the denial of elections, the suppression of the media is the price of Operation Iraqi Freedom. Meanwhile, George Bush lays into the Spanish for electing a government that he doesn't like and carries out its pre-election promises. And now the Iraqi National Congress (INC), whose fabrications helped stampede us into war, is back on the attack. Pushing at an open door, it \"demanded\" that the Republican Congress investigate \"billions of dollars of corruption\" in the UN-administered oil-for-food programme. I was not the only one on their list: one of the Pope's secretaries, the former French interior minister Charles Pasqua (the country's most astringent mainstream critic of the US), a string of top UN officials, Indonesia's president, Megawati Sukarnoputri, Vladimir Putin, Russia's Communist party and the ANC - a kind of \"axis of evil\" of opponents of sanctions and war - are all miraculously named in documents saved from the flames as swimming in oil at the expense of starving children. Of course, it was this group that helped to reveal the suffering of Iraqi children when the INC and its patrons in London and Washington were denying the existence of the killing fields: Iraqi children died at the rate of one every six minutes for over a decade. The oil-for-food programme - conceded by the US and Britain under pressure in 1996 - provided just 30 cents a day per Iraqi. Those who bought and sold oil are easily traceable on the UN's database. No evidence has been provided that any of the claimed largesse reached any of those attacked. In my own case, I have never owned, bought or sold oil, or rights to oil. Nor has anyone on my behalf. But I have repeatedly been the target of false accusations and forged documents, as the Christian Science Monitor, among others, has had to concede, to its cost. But the biggest \"kickback\" out of Iraq's oil sales did involve billions of dollars changing hands. Fully 30% of the total oil sales were handed to Kuwait - one of the richest countries in the world - and a parade of businessmen who claimed they had lost profits because of Iraq's invasion of Kuwait. Now, in an echo of the Tikriti nepotism that characterised Saddam Hussein's rule, his nemesis Ahmed Chalabi, a convicted fraudster and the principal puppet in the US-appointed governing council, has chosen his nephew, a Yale-educated Wall Street corporate lawyer with no criminal law experience, to try the former regime prisoners. No legal justice can come from rampant illegality. The governing council is not the government of Iraq - and neither is Bremer or his successor, John Negroponte, the former point man for the Nicaraguan Contras: those slayers of priests, nuns and literacy teachers in the Reagan era. They are all in Baghdad as a result of an illegal invasion and occupation. And, of course, there will be no open trial. How could there be when Saddam would make every effort to put the west on trial, adducing its former alliance with him? If he is tried for Halabja, he will remind us that for months after the chemical attack on the Kurds, the US claimed it had been carried out by the Iranians; and that he received British ministers, and even weapons, long afterwards. When I met Saddam for the second and final time six months before the war, I asked to see him privately after listening to an hour of denials that Iraq still possessed banned weapons. When the room cleared of all but him, me, Tariq Aziz and the then foreign minister Naji Sabri, I suggested he had not been honest. \"Look,\" I said, \"if Iraq is to avoid a devastating war, you have to let Hans Blix and his team return, co-operate and destroy all remaining weapons of mass destruction.\" Looking me straight in the eye, he spoke quietly, translated by Aziz. \"Mr George, the people of Iraq are greatly in your debt, we appreciate everything that you have done to try to help our people. Please believe me, I would not lie to you, we do not have any weapons of mass destruction\". My heart sank. How could that possibly be? Even I, the archest of sceptics when it came to western fables about Iraq, had fallen for the biggest hoax in modern history. For as it has turned out, the dictator was telling the truth and the self-appointed leaders of the free world were guilty of mendacity. If there were a genuine accounting for the many crimes committed in Iraq, it would be a trial not seen since Nuremberg. It would involve those who sold Saddam the gas he used at Halabja; those who encouraged him to invade Iran when its revolution threatened to sweep away the corrupt kings and puppet presidents of Arabia propped up and profited from by the west; those, like Donald Rumsfeld, who twice visited Saddam during that war to help him target the terrible weapons the west had sold him; and those whose hands are covered with the blood of all those buried in the biggest of all the mass graves in Iraq - slaughtered by sanctions. We who saw and cried out about this slaughter were traduced as fabricators; and later, when it could no longer be denied, as \"mouthpieces\", \"apologists\" or even \"paid agents\" of Saddam. Far from having to apologise for anything that I, and others, did to campaign against sanctions and war, I am proud of it; I only wish we had succeeded. None of Chalabi minor's trials will make any difference to the uprising that has now spread throughout Iraq, except to make it more ferocious. By the time the former dictator dangles on the end of a rope, the foreign occupiers of Iraq will belassooed tighter than a Texas steer on its way to the slaughterhouse. And by then Iraq may well be on its way to being ruled by turbaned, bearded men whose inspiration is either Ayatollah Khomeini or even Osama bin Laden. A dubious cause for celebration on the White House lawn. \u00b7 George Galloway's book I'm Not the Only One is published next week by Penguin. He is the Respect MP for Glasgow Kelvin, and is standing in London in the European elections in June gallowayg@parliament.uk",
      "charCount": "7522"
    },
    "isHosted": false,
    "pillarId": "pillar/news",
    "pillarName": "News"
  },
  {
    "id": "business/2004/apr/24/oilandpetrol.news",
    "type": "article",
    "sectionId": "business",
    "sectionName": "Business",
    "webPublicationDate": "2004-04-24T01:37:46Z",
    "webTitle": "FSA to investigate Shell's reserve overstatement",
    "webUrl": "https://www.theguardian.com/business/2004/apr/24/oilandpetrol.news",
    "apiUrl": "https://content.guardianapis.com/business/2004/apr/24/oilandpetrol.news",
    "fields": {
      "headline": "FSA to investigate Shell's reserve overstatement",
      "trailText": "<p>The Financial Services Authority last night launched a formal investigation into Shell's overstatement of its oil reserves. </p>",
      "byline": "Mark Milner",
      "main": "",
      "body": "<p>The Financial Services Authority last night launched a formal investigation into Shell's overstatement of its oil reserves. </p> <p>The financial watchdog has been looking at the scandal-hit group for some weeks but last night it said it was \"formally investigating various issues surounding recent announcements\" made by Shell. </p> <p>The company said: \"We are continuing to cooperate with the FSA to assist them in completing their inquiries expeditiously.\" </p> <p>The FSA gave no specific indication of the focus of its activities but it does have the powers to investigate companies under Britain's listing rules governing quoted companies and the code of market conduct where breaches are punished by fines and censure. It can also investigate \"misleading statements and practices\" - criminal offences that can lead to offenders being fined or jailed for up to seven years. </p> <p>Earlier this week Shell acknowledged that an internal investigation had shown that investors had been misled about the company's position. </p> <p>Shell had previously said it had overstated the extent of its oil and gas reserves - a figure used by analysts and investors to value the company - by 20%. The announcement led to the departure of chairman Sir Philip Watts and exploration director Walter van der Vijver. On Monday Shell said it believed the extent of the overstatement was around 25%. </p> <p>In the US the justice department and the securities and exchange commission are investigating Shell's overstatement of its reserves. The FSA is understood to be in contact with the SEC, which has a different investigative remit, though last night the UK regulator would only say that it was \"in close contact with the relevant overseas regulators throughout\". </p> <p>This week's internal report by US lawyers Davis Polk &amp; Wardwell traced the problem of overstatement back at least two years and possibly as long ago as 1997. </p> <p>It published emails between Mr van der Vijver and Sir Philip. They included one from Mr van der Vijver that said: \"I am becoming sick and tired about lying about the extent of our reserves issues and the downward revisions that need to be done because of far too aggressive/optimistic bookings.\" </p> <p>Lord Oxburgh, joint chairman of the Shell group, has promised a radical shake-up and said new systems had been put in place to prevent similar mistakes occuring in future. </p> <p>Shell has also promised to review its controversial Anglo-Dutch dual company corporate structure and is expected to report its conclusions to shareholders at the end of June. </p> <p>The company has come under pressure to have its reserves figures audited by an outside company.</p>",
      "newspaperPageNumber": "26",
      "wordcount": "424",
      "commentable": "false",
      "isPremoderated": "false",
      "lastModified": "2004-04-24T01:37:46Z",
      "newspaperEditionDate": "2004-04-24T00:00:00Z",
      "productionOffice": "UK",
      "publication": "theguardian.com",
      "shortUrl": "https://gu.com/p/dc5e",
      "shouldHideAdverts": "false",
      "showInRelatedContent": "true",
      "legallySensitive": "false",
      "lang": "en",
      "bodyText": "The Financial Services Authority last night launched a formal investigation into Shell's overstatement of its oil reserves. The financial watchdog has been looking at the scandal-hit group for some weeks but last night it said it was \"formally investigating various issues surounding recent announcements\" made by Shell. The company said: \"We are continuing to cooperate with the FSA to assist them in completing their inquiries expeditiously.\" The FSA gave no specific indication of the focus of its activities but it does have the powers to investigate companies under Britain's listing rules governing quoted companies and the code of market conduct where breaches are punished by fines and censure. It can also investigate \"misleading statements and practices\" - criminal offences that can lead to offenders being fined or jailed for up to seven years. Earlier this week Shell acknowledged that an internal investigation had shown that investors had been misled about the company's position. Shell had previously said it had overstated the extent of its oil and gas reserves - a figure used by analysts and investors to value the company - by 20%. The announcement led to the departure of chairman Sir Philip Watts and exploration director Walter van der Vijver. On Monday Shell said it believed the extent of the overstatement was around 25%. In the US the justice department and the securities and exchange commission are investigating Shell's overstatement of its reserves. The FSA is understood to be in contact with the SEC, which has a different investigative remit, though last night the UK regulator would only say that it was \"in close contact with the relevant overseas regulators throughout\". This week's internal report by US lawyers Davis Polk &amp; Wardwell traced the problem of overstatement back at least two years and possibly as long ago as 1997. It published emails between Mr van der Vijver and Sir Philip. They included one from Mr van der Vijver that said: \"I am becoming sick and tired about lying about the extent of our reserves issues and the downward revisions that need to be done because of far too aggressive/optimistic bookings.\" Lord Oxburgh, joint chairman of the Shell group, has promised a radical shake-up and said new systems had been put in place to prevent similar mistakes occuring in future. Shell has also promised to review its controversial Anglo-Dutch dual company corporate structure and is expected to report its conclusions to shareholders at the end of June. The company has come under pressure to have its reserves figures audited by an outside company.",
      "charCount": "2608"
    },
    "isHosted": false,
    "pillarId": "pillar/news",
    "pillarName": "News"
  },
  {
    "id": "music/2004/apr/24/popandrock2",
    "type": "article",
    "sectionId": "music",
    "sectionName": "Music",
    "webPublicationDate": "2004-04-24T01:37:45Z",
    "webTitle": "Why Sheffield?",
    "webUrl": "https://www.theguardian.com/music/2004/apr/24/popandrock2",
    "apiUrl": "https://content.guardianapis.com/music/2004/apr/24/popandrock2",
    "fields": {
      "headline": "Why Sheffield?",
      "standfirst": "Simon Price finds the beauty of synth in the city of steel",
      "trailText": "<p>Simon Price finds the beauty of synth in the city of steel.</p>",
      "byline": "Simon Price",
      "main": "<figure class=\"element element-image\" data-media-id=\"gu-image-334909702\"> <img src=\"http://static.guim.co.uk/sys-images/Education/Pix/pictures/2001/04/09/sheffieldterrace.jpg\" alt=\"A Sheffield terrace\" width=\"128\" height=\"64\" class=\"gu-image\" /> </figure>",
      "body": "<p>\"Why Sheffield?\" is a question Eve Wood neither poses nor answers in Made In Sheffield, her 52-minute documentary on the steel city synth boom of the late 1970s-early 1980s, but she leaves enough circumstantial evidence lying around for the viewer to form their own conclusions. </p> <p>During the years 1977-1982, three hugely important bands (Cabaret Voltaire, the Future/the Human League/Heaven 17, and Vice Versa/ABC) along with countless non-household names (pub rockers the Extras, the luckless 2.3, and the Joy Division-esque Artery) emerged from this apparently unpromising environment. </p> <p>There was so little to do in 1970s Sheffield, says Heaven 17's Martyn Ware, that the youth had to make their own fun (Gunrubber, Sheffield's answer to Sniffing Glue fanzine, and the oddball-friendly Limit Club being two crucial examples). This, however, surely applied to any culturally-barren provincial town. </p> <p>It may purely be a quirk of demography and pop culture that this average-sized Yorkshire city, and not, for instance, its slightly smaller neighbour Bradford, or the slightly larger Leeds, should have provided such fertile soil for electronic music, but you always suspect there's more to it than that. </p> <p>\"You'd go to sleep at night,\" says Ware, \"and hear the drop forges hammering away like a metronome. It was like a heartbeat for the whole city.\" A causal connection between the rhythms of heavy industry and brutalist/minimalist music is an interesting theory (and one Iggy Pop has made about the motor works in Detroit). </p> <p>Similarly, during a section on Kraftwerk, Wood does not make an explicit analogy between industrial post-war Sheffield and industrial post-war Dusseldorf, but she barely needs to. Grim surroundings, it seems, invariably give birth to futurism, to art which aspires towards utopia. One only need glance at the giant Soviet-style council blocks on the hill overlooking Sheffield railway station - the optimism of 1960s civic planning turned sour - to see where these bands were coming from (literally and figuratively). </p> <p>This is, of course, why the received wisdom that new romantics were southern, cocktail-quaffing Thatcherites is so far wide of the mark: most of the era's finest bands came from the depressed north. </p> <p>The main players, however, weren't fond of the new romantic tag. \"We thought we were the punkiest band in Sheffield\", says the Human League's Phil Oakey in his enjoyably dogmatic manner. \"They used three chords. We used one finger.\" </p> <p>Adi Newton of the Future (the League in larval form) claims his peers had an even more radical year zero agenda than the guitar-based punk rockers. \"We were sonic terrorists,\" he claims, over slightly naff reconstruction footage of a guitar being hurled from a tenement walkway. \"We thought we were destroying rock'n'roll.\" </p> <p>There are entertaining anecdotes from the likes of Jarvis Cocker and his sister Saskia, but the film ends suddenly in 1982, \"when the bubble burst\", denying us, among other things, the tale of the greatest ever chroniclers of Sheffield life: Cocker's own Pulp. </p> <p>The arrival of a new wave of Sheffield synth fiends (Jarvis' buddies the Fat Truckers, and the freakishly fantastic Pink Grease) suggests that a new bubble may be forming. Time for Part II?</p>",
      "newspaperPageNumber": "23",
      "wordcount": "522",
      "commentable": "false",
      "isPremoderated": "false",
      "lastModified": "2017-05-31T21:33:57Z",
      "newspaperEditionDate": "2004-04-24T00:00:00Z",
      "productionOffice": "UK",
      "publication": "theguardian.com",
      "shortUrl": "https://gu.com/p/xt6kh",
      "shouldHideAdverts": "false",
      "showInRelatedContent": "true",
      "legallySensitive": "false",
      "lang": "en",
      "bodyText": "\"Why Sheffield?\" is a question Eve Wood neither poses nor answers in Made In Sheffield, her 52-minute documentary on the steel city synth boom of the late 1970s-early 1980s, but she leaves enough circumstantial evidence lying around for the viewer to form their own conclusions. During the years 1977-1982, three hugely important bands (Cabaret Voltaire, the Future/the Human League/Heaven 17, and Vice Versa/ABC) along with countless non-household names (pub rockers the Extras, the luckless 2.3, and the Joy Division-esque Artery) emerged from this apparently unpromising environment. There was so little to do in 1970s Sheffield, says Heaven 17's Martyn Ware, that the youth had to make their own fun (Gunrubber, Sheffield's answer to Sniffing Glue fanzine, and the oddball-friendly Limit Club being two crucial examples). This, however, surely applied to any culturally-barren provincial town. It may purely be a quirk of demography and pop culture that this average-sized Yorkshire city, and not, for instance, its slightly smaller neighbour Bradford, or the slightly larger Leeds, should have provided such fertile soil for electronic music, but you always suspect there's more to it than that. \"You'd go to sleep at night,\" says Ware, \"and hear the drop forges hammering away like a metronome. It was like a heartbeat for the whole city.\" A causal connection between the rhythms of heavy industry and brutalist/minimalist music is an interesting theory (and one Iggy Pop has made about the motor works in Detroit). Similarly, during a section on Kraftwerk, Wood does not make an explicit analogy between industrial post-war Sheffield and industrial post-war Dusseldorf, but she barely needs to. Grim surroundings, it seems, invariably give birth to futurism, to art which aspires towards utopia. One only need glance at the giant Soviet-style council blocks on the hill overlooking Sheffield railway station - the optimism of 1960s civic planning turned sour - to see where these bands were coming from (literally and figuratively). This is, of course, why the received wisdom that new romantics were southern, cocktail-quaffing Thatcherites is so far wide of the mark: most of the era's finest bands came from the depressed north. The main players, however, weren't fond of the new romantic tag. \"We thought we were the punkiest band in Sheffield\", says the Human League's Phil Oakey in his enjoyably dogmatic manner. \"They used three chords. We used one finger.\" Adi Newton of the Future (the League in larval form) claims his peers had an even more radical year zero agenda than the guitar-based punk rockers. \"We were sonic terrorists,\" he claims, over slightly naff reconstruction footage of a guitar being hurled from a tenement walkway. \"We thought we were destroying rock'n'roll.\" There are entertaining anecdotes from the likes of Jarvis Cocker and his sister Saskia, but the film ends suddenly in 1982, \"when the bubble burst\", denying us, among other things, the tale of the greatest ever chroniclers of Sheffield life: Cocker's own Pulp. The arrival of a new wave of Sheffield synth fiends (Jarvis' buddies the Fat Truckers, and the freakishly fantastic Pink Grease) suggests that a new bubble may be forming. Time for Part II?",
      "charCount": "3246"
    },
    "isHosted": false,
    "pillarId": "pillar/arts",
    "pillarName": "Arts"
  },
  {
    "id": "world/2004/apr/24/iraq.jonathansteele",
    "type": "article",
    "sectionId": "world",
    "sectionName": "World news",
    "webPublicationDate": "2004-04-24T01:36:45Z",
    "webTitle": "UN backs inquiry into oil-for-food",
    "webUrl": "https://www.theguardian.com/world/2004/apr/24/iraq.jonathansteele",
    "apiUrl": "https://content.guardianapis.com/world/2004/apr/24/iraq.jonathansteele",
    "fields": {
      "headline": "UN backs inquiry into oil-for-food",
      "trailText": "The UN is calling on its officials to cooperate with an independent inquiry into abuses in the oil-for-food programme for Iraq but Kofi Annan, the secretary-general, said even if there were flaws in the scheme it had benefited ordinary Iraqis.",
      "byline": "Jonathan Steele",
      "main": "",
      "body": "The UN is calling on its officials to cooperate with an independent inquiry into abuses in the oil-for-food programme for Iraq but Kofi Annan, the secretary-general, said even if there were flaws in the scheme it had benefited ordinary Iraqis. <p>\"It is unfortunate that there have been so many allegations, and some of it is being handled as if they were facts ... \" he said. </p> <p>\"In all this what has been lost is the fact that the oil-for-food programme did provide relief; every household was touched,\" he said. </p> <p>The UN is sensitive to charges of past abuse because it is getting a bigger political role in Iraq as power is transferred from the Americans. </p> <p>During its six-year existence, the programme oversaw the delivery of \u00a322bn of humanitarian assistance. </p> <p>Allegations of abuse surfaced in January when a Baghdad newspaper published a list of 270 politicians and officials from around the world who were said to have benefited from favours from the regime. </p> <p>Under the scheme money from the oil sales was deposited in a UN account which was used to pay for food, medicine and other essential goods. But Iraq retained the right to choose who it gave contracts to and allegedly used this loophole to give the officials vouchers entitling them to purchase quantities of Iraqi crude. They could sell these vouchers to oil traders. </p> <p>According to the list in the newspaper al-Mada the recipients included a former French minister, Middle Eastern politicians, the Russian Communist party and the Russian Orthodox church. </p> <p>UN officials are particularly concerned about allegations against Benon Sevan, the UN official who headed the scheme. A Mr Sevan appeared on al-Mada's list. </p> <p>Mr Sevan, who denies the charge, was to retire on May 31 but Mr Annan says he will be investigated. </p> <p>Mr Annan has appointed an independent three-member panel led by Paul Volcker, a former chairman of the US federal reserve, to investigate.</p>",
      "newspaperPageNumber": "15",
      "wordcount": "317",
      "commentable": "false",
      "isPremoderated": "false",
      "lastModified": "2016-06-15T08:55:34Z",
      "newspaperEditionDate": "2004-04-24T00:00:00Z",
      "productionOffice": "UK",
      "publication": "theguardian.com",
      "shortUrl": "https://gu.com/p/xvj4j",
      "shouldHideAdverts": "false",
      "showInRelatedContent": "true",
      "legallySensitive": "false",
      "lang": "en",
      "bodyText": "The UN is calling on its officials to cooperate with an independent inquiry into abuses in the oil-for-food programme for Iraq but Kofi Annan, the secretary-general, said even if there were flaws in the scheme it had benefited ordinary Iraqis. \"It is unfortunate that there have been so many allegations, and some of it is being handled as if they were facts ... \" he said. \"In all this what has been lost is the fact that the oil-for-food programme did provide relief; every household was touched,\" he said. The UN is sensitive to charges of past abuse because it is getting a bigger political role in Iraq as power is transferred from the Americans. During its six-year existence, the programme oversaw the delivery of \u00a322bn of humanitarian assistance. Allegations of abuse surfaced in January when a Baghdad newspaper published a list of 270 politicians and officials from around the world who were said to have benefited from favours from the regime. Under the scheme money from the oil sales was deposited in a UN account which was used to pay for food, medicine and other essential goods. But Iraq retained the right to choose who it gave contracts to and allegedly used this loophole to give the officials vouchers entitling them to purchase quantities of Iraqi crude. They could sell these vouchers to oil traders. According to the list in the newspaper al-Mada the recipients included a former French minister, Middle Eastern politicians, the Russian Communist party and the Russian Orthodox church. UN officials are particularly concerned about allegations against Benon Sevan, the UN official who headed the scheme. A Mr Sevan appeared on al-Mada's list. Mr Sevan, who denies the charge, was to retire on May 31 but Mr Annan says he will be investigated. Mr Annan has appointed an independent three-member panel led by Paul Volcker, a former chairman of the US federal reserve, to investigate.",
      "charCount": "1904"
    },
    "isHosted": false,
    "pillarId": "pillar/news",
    "pillarName": "News"
  },
  {
    "id": "world/2004/apr/24/1",
    "type": "article",
    "sectionId": "world",
    "sectionName": "World news",
    "webPublicationDate": "2004-04-24T01:36:10Z",
    "webTitle": "International news in brief",
    "webUrl": "https://www.theguardian.com/world/2004/apr/24/1",
    "apiUrl": "https://content.guardianapis.com/world/2004/apr/24/1",
    "fields": {
      "headline": "In brief",
      "trailText": "Woman dies in Sars outbreak | Latvia spy row Russian ejected | Hitler 'diary' fetches \u00a34,400 | Oil tycoon given trial deadline | Saudis hit back at militants | French close last colliery | Belgians find legacy of war",
      "main": "",
      "body": "<b>Woman dies in Sars outbreak</b> <br> <p>A woman in eastern China has died of suspected Sars after caring for her daughter, a medical student who caught the virus while working in a lab in Beijing, the government said yesterday. </p> <p>A nurse who treated the daughter is infected and hundreds of people are under observation. It is the first reported death from Sars since last year's outbreak.<br><b> Reuters, Beijing</b><br></p> <p><b>Latvia spy row Russian ejected</b><br> </p> <p>Latvia has said it will expel a Russian diplomat who tried to gain secrets about Nato. </p> <p>Latvia is the third Baltic country this year to have thrown out Russians suspected of spying on Nato - six Russian diplomats have now been expelled from the Baltic countries in three months.<br><b>Reuters, Riga</b><br></p> <p><b>Hitler 'diary' fetches \u00a34,400</b><br> </p> <p>A volume of the forged diaries of Adolf Hitler which fooled the world in 1983 has made \u20ac6,500 (\u00a34,400) at an auction in Berlin. </p> <p>Their forger, Konrad Kujau, died in 2000. The 60 volumes he created convinced both the Sunday Times and Stern magazine, which paid nearly \u00a31m for them.<br><b>Reuters, Berlin</b><br></p> <p><b>Oil tycoon given trial deadline</b><br> </p> <p>A Moscow court gave the oil magnate Mikhail Khodorkovsky until May 15 to prepare his defence for a trial on charges of tax evasion and fraud. He faces up to 10 years in jail if convicted. </p> <p>The charges against the main owner of the oil giant Yukos are widely viewed as a Kremlin plot to neutralise him as a potential rival to President Vladimir Putin.<br><b>Reuters, Moscow</b> <br> </p> <p><b>Saudis hit back at militants</b><br> </p> <p>Saudi security forces killed five people, including two alleged wanted terrorists, in Jeddah in operations after Wednesday's suicide bombing in Riyadh that killed six.<br><b>AP, Riyadh</b><br> </p> <p><b>French close last colliery</b><br> </p> <p>France's last coal mine was closed in the eastern town of Creutzwald, ending a 300-year industry that once employed 300,000 people.<br><b>AP, Creutzwald</b><br> </p> <p><b>Belgians find legacy of war</b><br> </p> <p>More than 1,000 first world war grenades were found in a field near Ypres, western Flanders, and will be destroyed.<br><b>Reuters, Brussels</b></p>",
      "newspaperPageNumber": "15",
      "wordcount": "341",
      "commentable": "false",
      "isPremoderated": "false",
      "lastModified": "2004-04-24T01:36:10Z",
      "newspaperEditionDate": "2004-04-24T00:00:00Z",
      "productionOffice": "UK",
      "publication": "theguardian.com",
      "shortUrl": "https://gu.com/p/gjha",
      "shouldHideAdverts": "false",
      "showInRelatedContent": "true",
      "legallySensitive": "false",
      "lang": "en",
      "bodyText": "Woman dies in Sars outbreak A woman in eastern China has died of suspected Sars after caring for her daughter, a medical student who caught the virus while working in a lab in Beijing, the government said yesterday. A nurse who treated the daughter is infected and hundreds of people are under observation. It is the first reported death from Sars since last year's outbreak. Reuters, Beijing Latvia spy row Russian ejected Latvia has said it will expel a Russian diplomat who tried to gain secrets about Nato. Latvia is the third Baltic country this year to have thrown out Russians suspected of spying on Nato - six Russian diplomats have now been expelled from the Baltic countries in three months. Reuters, Riga Hitler 'diary' fetches \u00a34,400 A volume of the forged diaries of Adolf Hitler which fooled the world in 1983 has made \u20ac6,500 (\u00a34,400) at an auction in Berlin. Their forger, Konrad Kujau, died in 2000. The 60 volumes he created convinced both the Sunday Times and Stern magazine, which paid nearly \u00a31m for them. Reuters, Berlin Oil tycoon given trial deadline A Moscow court gave the oil magnate Mikhail Khodorkovsky until May 15 to prepare his defence for a trial on charges of tax evasion and fraud. He faces up to 10 years in jail if convicted. The charges against the main owner of the oil giant Yukos are widely viewed as a Kremlin plot to neutralise him as a potential rival to President Vladimir Putin. Reuters, Moscow Saudis hit back at militants Saudi security forces killed five people, including two alleged wanted terrorists, in Jeddah in operations after Wednesday's suicide bombing in Riyadh that killed six. AP, Riyadh French close last colliery France's last coal mine was closed in the eastern town of Creutzwald, ending a 300-year industry that once employed 300,000 people. AP, Creutzwald Belgians find legacy of war More than 1,000 first world war grenades were found in a field near Ypres, western Flanders, and will be destroyed. Reuters, Brussels",
      "charCount": "1983"
    },
    "isHosted": false,
    "pillarId": "pillar/news",
    "pillarName": "News"
  }
]