[
  {
    "id": "business/2004/sep/25/7",
    "type": "article",
    "sectionId": "business",
    "sectionName": "Business",
    "webPublicationDate": "2004-09-24T23:08:04Z",
    "webTitle": "Market forces",
    "webUrl": "https://www.theguardian.com/business/2004/sep/25/7",
    "apiUrl": "https://content.guardianapis.com/business/2004/sep/25/7",
    "fields": {
      "headline": "Telecoms fallout as sector retreats",
      "trailText": "<p><strong>Market forces: </strong>Hopes of a recovery in the telecoms sector took a battering yesterday as Glasgow-based Thus warned that 'predatory pricing' by some of its rivals had hit profits. </p>",
      "byline": "Simon Bowers",
      "main": "",
      "body": "<p>Hopes of a recovery in the telecoms sector took a battering yesterday as Glasgow-based <strong>Thus</strong> warned that \"predatory pricing\" by some of its rivals had hit profits. The shares lost a quarter of their value, ending the day down 4p at 13p. </p> <p>The warning followed similarly downbeat assessments of the industry from rivals <strong> Colt</strong> and <strong>Cable &amp; Wireless</strong> over the summer and dragged the entire sector lower. Investors have been left feeling that trading in the telecoms sector is still far from stable and the stocks are best avoided until its prospects for recovery are clearer. </p> <p>Colt said at the start of July that corporate customers were holding off spending on next-generation network services and the market remained tough. Later in the month C&amp;W said that revenues had fallen over the previous quarter across its businesses and trading continued to be difficult. </p> <p>Yesterday Thus said its half-year earnings would be below last year's \u00a320.6m and earnings before interest, tax, depreciation and amortisation for the year as a whole would be \"not less than\" \u00a339 - below last year's \u00a343.6m and well short of City forecasts of \u00a354m. </p> <p>In a note on the stock by Thus' joint broker Investec yesterday, analyst Christian Maher said the main factor behind the warning had been a \"material deterioration\" in pricing in the UK market over recent weeks. </p> <p>He fingered C&amp;W, Colt, MCI and Energis as \"being particularly aggressive and we find it difficult to forecast when pricing will improve\". </p> <p>As a result of Thus' \"bearish outlook for the sector\" the broker moved its stance on the company to hold from buy. </p> <p>A spokesman for C&amp;W denied that the company has been aggressively going after new customers by writing unprofitable business. \"It's completely ridiculous,\" he said. C&amp;W shares, however, closed down 2p at 100.75p. Colt fell 2.75p to 43.75p. </p> <p>Among blue chip stocks <strong>Barclays</strong> bounced sharply -20p higher at 540p, making it the highest FTSE 100 riser - after the poor reception given on Thursday to the bank's talks with South Africa's fourth-biggest bank, ABSA. Some analysts were yesterday reining back their negative comments, noting the acquisition would instantly add to earnings. </p> <p>Barclays' recovery helped the FTSE 100 to a 9.8-point rise, closing at 4578.1. Despite yesterday's gains, it was the market's poorest performance in six weeks. </p> <p> <strong>Cadbury Schweppes</strong> dropped 8.25p to 426.75p after again stressing that full-year results are expected to come in at the lower end of the target range. The group insisted this had been made clear in July when it published its interim results, but yesterday it said that its European beverages business had had a more difficult summer than anticipated. Analysts noted the group is approaching the most critical stage of its integration of Adams, the US business acquired last year. </p> <p> <strong> Unilever</strong>, which has seen its shares slip all week, was another conspicuous faller among consumer stocks. It closed down 5.5p at 454p. </p> <p>Steel maker <strong>Corus</strong> remained unchanged after a troubled fortnight at 48.75p. Fund management group Fidelity, which had been buying Corus shares last month, emerged as the latest - albeit modest - seller, disclosing that its stake had been shaved to 2.95%. Concerns have focused on whether Russian shareholder Alisher Usmanov is looking to reduce his 13.4% holding. </p> <p><strong>Man Group</strong> rallied 13p to \u00a312.36 after Merrill Lynch countered a downgrade from Morgan Stanley on Thursday. Merrills reiterated its \"buy\" recommendation and held its target price at \u00a322.00. </p> <p>Meanwhile, the speculation that gripped tobacco stocks on Thursday appeared to die down. <strong> Gallaher</strong> lost 4.5p to 639p; <strong> Imperial Tobacco</strong> fell 12p to \u00a312.08. <strong> BAT</strong> was also down - losing 10p to 807.5p. </p> <p><strong>Pilkington</strong> shares gained 2p at 87.75p after the glass maker said in a trading statement that it was showing signs of success against the backdrop of rising gas and electricity costs and a weak dollar. It said it would post flat interim profits next week. Analysts had been expecting small declines. It said it was making \"good progress\" on cost reductions. </p> <p>Goldman Sachs increased its holding in <strong> Ebookers</strong>, disclosing yesterday that its stake had risen to 44.1% after having sold its holding down to 42.9% in March. </p> <p>Takeover speculation continued to swirl around cement maker <strong>RMC</strong>, with Mexican firm Cemex among the names being mentioned as potential bidders. The shares closed up 17.5p at 599p. </p> <p><strong>Deltex Medical</strong> rose 1.5p to 28.75p after the medical equipment group said the latest trials of its heart monitoring system could help reduce the length of stay for patients on the machines by 30%. Previous estimates had been 20%. </p> <p>Oil exploration group <strong> Melrose Resources</strong> said it has had some success from two wells in the South Batra region in Egypt. Production tests will be required before a clearer picture of reserves emerges, but yesterday its shares rose 11.5p to 299p. </p> <p><strong>DDD</strong>, which specialises in three-dimensional imaging, said first-half losses had widened slightly but that there had been considerable positive feedback from its latest products. The shares lost 1p to close at 11p. </p> <p><strong>Dana Petroleum</strong> gained 15p to 386p after the Department of Trade and Industry gave its approval for the development of the Gadwall oilfield in the central North Sea. </p> <p>The group has a 50% stake in a joint venture exploration project. The first oil from Gadwall is expected by February next year and estimated recoverable reserves amount to 7.3m barrels.</p>",
      "newspaperPageNumber": "33",
      "wordcount": "922",
      "commentable": "false",
      "isPremoderated": "false",
      "lastModified": "2004-09-24T23:08:04Z",
      "newspaperEditionDate": "2004-09-25T00:00:00Z",
      "productionOffice": "UK",
      "publication": "theguardian.com",
      "shortUrl": "https://gu.com/p/869x",
      "shouldHideAdverts": "false",
      "showInRelatedContent": "true",
      "legallySensitive": "false",
      "lang": "en",
      "bodyText": "Hopes of a recovery in the telecoms sector took a battering yesterday as Glasgow-based Thus warned that \"predatory pricing\" by some of its rivals had hit profits. The shares lost a quarter of their value, ending the day down 4p at 13p. The warning followed similarly downbeat assessments of the industry from rivals Colt and Cable &amp; Wireless over the summer and dragged the entire sector lower. Investors have been left feeling that trading in the telecoms sector is still far from stable and the stocks are best avoided until its prospects for recovery are clearer. Colt said at the start of July that corporate customers were holding off spending on next-generation network services and the market remained tough. Later in the month C&amp;W said that revenues had fallen over the previous quarter across its businesses and trading continued to be difficult. Yesterday Thus said its half-year earnings would be below last year's \u00a320.6m and earnings before interest, tax, depreciation and amortisation for the year as a whole would be \"not less than\" \u00a339 - below last year's \u00a343.6m and well short of City forecasts of \u00a354m. In a note on the stock by Thus' joint broker Investec yesterday, analyst Christian Maher said the main factor behind the warning had been a \"material deterioration\" in pricing in the UK market over recent weeks. He fingered C&amp;W, Colt, MCI and Energis as \"being particularly aggressive and we find it difficult to forecast when pricing will improve\". As a result of Thus' \"bearish outlook for the sector\" the broker moved its stance on the company to hold from buy. A spokesman for C&amp;W denied that the company has been aggressively going after new customers by writing unprofitable business. \"It's completely ridiculous,\" he said. C&amp;W shares, however, closed down 2p at 100.75p. Colt fell 2.75p to 43.75p. Among blue chip stocks Barclays bounced sharply -20p higher at 540p, making it the highest FTSE 100 riser - after the poor reception given on Thursday to the bank's talks with South Africa's fourth-biggest bank, ABSA. Some analysts were yesterday reining back their negative comments, noting the acquisition would instantly add to earnings. Barclays' recovery helped the FTSE 100 to a 9.8-point rise, closing at 4578.1. Despite yesterday's gains, it was the market's poorest performance in six weeks. Cadbury Schweppes dropped 8.25p to 426.75p after again stressing that full-year results are expected to come in at the lower end of the target range. The group insisted this had been made clear in July when it published its interim results, but yesterday it said that its European beverages business had had a more difficult summer than anticipated. Analysts noted the group is approaching the most critical stage of its integration of Adams, the US business acquired last year. Unilever, which has seen its shares slip all week, was another conspicuous faller among consumer stocks. It closed down 5.5p at 454p. Steel maker Corus remained unchanged after a troubled fortnight at 48.75p. Fund management group Fidelity, which had been buying Corus shares last month, emerged as the latest - albeit modest - seller, disclosing that its stake had been shaved to 2.95%. Concerns have focused on whether Russian shareholder Alisher Usmanov is looking to reduce his 13.4% holding. Man Group rallied 13p to \u00a312.36 after Merrill Lynch countered a downgrade from Morgan Stanley on Thursday. Merrills reiterated its \"buy\" recommendation and held its target price at \u00a322.00. Meanwhile, the speculation that gripped tobacco stocks on Thursday appeared to die down. Gallaher lost 4.5p to 639p; Imperial Tobacco fell 12p to \u00a312.08. BAT was also down - losing 10p to 807.5p. Pilkington shares gained 2p at 87.75p after the glass maker said in a trading statement that it was showing signs of success against the backdrop of rising gas and electricity costs and a weak dollar. It said it would post flat interim profits next week. Analysts had been expecting small declines. It said it was making \"good progress\" on cost reductions. Goldman Sachs increased its holding in Ebookers, disclosing yesterday that its stake had risen to 44.1% after having sold its holding down to 42.9% in March. Takeover speculation continued to swirl around cement maker RMC, with Mexican firm Cemex among the names being mentioned as potential bidders. The shares closed up 17.5p at 599p. Deltex Medical rose 1.5p to 28.75p after the medical equipment group said the latest trials of its heart monitoring system could help reduce the length of stay for patients on the machines by 30%. Previous estimates had been 20%. Oil exploration group Melrose Resources said it has had some success from two wells in the South Batra region in Egypt. Production tests will be required before a clearer picture of reserves emerges, but yesterday its shares rose 11.5p to 299p. DDD, which specialises in three-dimensional imaging, said first-half losses had widened slightly but that there had been considerable positive feedback from its latest products. The shares lost 1p to close at 11p. Dana Petroleum gained 15p to 386p after the Department of Trade and Industry gave its approval for the development of the Gadwall oilfield in the central North Sea. The group has a 50% stake in a joint venture exploration project. The first oil from Gadwall is expected by February next year and estimated recoverable reserves amount to 7.3m barrels.",
      "charCount": "5440"
    },
    "isHosted": false,
    "pillarId": "pillar/news",
    "pillarName": "News"
  },
  {
    "id": "world/2004/sep/25/iraq.comment",
    "type": "article",
    "sectionId": "world",
    "sectionName": "World news",
    "webPublicationDate": "2004-09-24T23:00:46Z",
    "webTitle": "Comment: The other Mr Bigleys",
    "webUrl": "https://www.theguardian.com/world/2004/sep/25/iraq.comment",
    "apiUrl": "https://content.guardianapis.com/world/2004/sep/25/iraq.comment",
    "fields": {
      "headline": "The other Mr Bigleys",
      "standfirst": "Hostages have always paid the price for our violent imperial adventures",
      "trailText": "<b>Linda Colley:</b> Hostages have always paid the price for our violent imperial adventures.",
      "byline": "Linda Colley",
      "main": "",
      "body": "An innocent man going about his business is seized by Muslim raiders, and his life is put at risk. Members of his family issue desperate pleas for his safety and release. Special church services and prayer meetings are held on his behalf. Petitions are dispatched to London urging the powerful to \"do something\" to free him. In sections of the media there are dark mutterings about the clash of civilisations. <p>No: this is not to do with poor Kenneth Bigley and his terrifying and terrible ordeal. I am writing about those Britons who were held captive in North Africa in the 17th and 18th centuries; but I could equally well have been referring to British captives in other continents and at other times. As far as these small islands are concerned, recurrent crises over hostages and captives is part of the price we have paid over the centuries for intruding so busily and often very violently into other people's lands.</p> <p>In the early modern era, British commercial interests in the Mediterranean and colonial incursions into Tangier, Gibraltar and Minorca made us more vulnerable to the so-called Barbary corsairs. These were privateers, operating out of Morocco and other North African polities, who attacked Christian merchant and fishing vessels at sea, and took those on board captive. At least 20,000 Britons suffered this fate between 1600 and 1730. Some of these victims were enslaved in North Africa for years, or for ever. Others (just like Muslims captured by Christian corsairs) were forced to row in galleys - effectively a death sentence.</p> <p>Those men and women who left Britain to settle in North America were also vulnerable to capture, sometimes by rival European colonisers, but mainly by Native Americans. The latter seized at least 3,000 British settlers in Pennsylvania, Maryland and Virginia in the late 1750s alone. Many of these captives were ordinary folk, farmers, labourers, women, and children. The luckier ones were often absorbed into the tribes of their captors; but male captives were sometimes tortured to death. Naturally, in the years before the Raj was securely established, there were also many British captives in India. In 1780, perhaps one-in-five British-born soldiers in India were being held in captivity, most of them in the powerful southern Indian state of Mysore.</p> <p>Some of these men were killed by their captors. Others died of malnutrition, or wounds, or despair. But, again, it was not only those in uniform who suffered. One of EM Forster's little-known works is an edition of the autobiography of Elizabeth Fay, a very ordinary Englishwoman who was reduced to utter terror when she was briefly held captive in Mysore.</p> <p>These kinds of imperial captivities, whether of soldiers or civilians, also occurred in the 19th century. Some of the most famous happened when the British invaded Afghanistan in 1838. They did so not to colonise the region, but to enforce regime-change in Kabul. Initially, things went smoothly. Then, as tends to happen in Afghanistan, it got rough. Over 12,000 British and Indian troops perished in this Afghan war. Others were sold into slavery. And well over 100 British men, women and children were held captive for several months.</p> <p>As with other captivity crises - as now - the fate of the individuals caught up in these overseas traumas aroused deep emotion and anger back in Britain. The captives in Afghanistan, wrote one London journalist in 1843, had: \"excited more interest in the mother country than all the other events of the war\"; \"The history of the world,\" claimed another, \"barely contains scenes of more terrific interest.\" Songs, circus-acts, speeches and plays were devoted to them. Bestsellers were published about them. The letters the captives sent home were read out in parliament and pored over by Queen Victoria herself. And this kind of excitement was generated by subsequent captivity crises too. For, as the extent of the empire widened, so did the locations of British captivities: men, women and children from these islands were held in Australia at the hands of Aborigines, in parts of Latin America, in Egypt, in South Africa, and in India again during the so-called \"Mutiny\".</p> <p>So why are these dramatic and pitiful episodes so often forgotten now? Why isn't Mr Bigley's ordeal viewed in a much longer, broader context? The answer lies in the way that Britain's past global experiences are generally represented and written about.</p> <p> W hen the British empire was still in existence, the more embarrassing and painful aspects of these captivity episodes were often airbrushed out of the official story. Members of the master race were not to be seen as suffering in such a disadvantaged fashion. Professional historians of the British empire now tend to focus on its elites - the generals, explorers, proconsuls, administrators, capitalists, financiers and intellectuals - not the sort of people who always formed the bulk of captives: common soldiers, sailors, small traders, mere womenfolk and the like.</p> <p>Likewise, postcolonial writers on British activities overseas often leave these bedraggled people out. They argue that it is the indigenous peoples of America, India, Africa, the Caribbean and elsewhere - those at the receiving end of Britishimperial aggression - whose sufferings and struggles should be remembered, not those stray Brits who got caught and caught out in large numbers on every continent.</p> <p>This is an understandable reaction, but a mistaken one. For while colonisation as Europeans practised it has largely ceased to be a factor in our global experience today, varieties and versions of empire are still very much with us - and are likely to be so in the foreseeable future. It is, therefore, imperative that we remind ourselves of what empire has really been like over the centuries for all of those involved in it. For some of its exponents, to be sure, overseas empire meant power, prestige and substantial profits. But as Stephen M Walt has written: \"It is extremely difficult to project power across water and on to a foreign shore.\" Empire in the past was always a far harsher and much more accident-prone business than conventional history books imply. And the costs of these overseas invasions were borne not just by those on the receiving end but - frequently - by ordinary, vulnerable people among or associated with the invaders.</p> <p>There is a final point. In the past, whether Britons were being held captive in Africa, India, North America or Australia, their countrymen and relations at least knew who they should petition to help in their release. The authorities might - or might not - be able to expedite the hostages' release, but at least these authorities were in London.</p> <p>Now Britain is once again engaging in overseas adventure, but this time as a subordinate ally to another, far greater power. Whatever one thinks of this, our long history of overseas captivities has clearly entered a very different and more problematic phase.</p> <p><b>\u00b7</b> Linda Colley's Captives: Britain, Empire and the World 1600-1850 is published by Pimlico</p>",
      "newspaperPageNumber": "25",
      "wordcount": "1162",
      "commentable": "false",
      "isPremoderated": "false",
      "lastModified": "2016-06-15T08:48:59Z",
      "newspaperEditionDate": "2004-09-25T00:00:00Z",
      "productionOffice": "UK",
      "publication": "theguardian.com",
      "shortUrl": "https://gu.com/p/x2thj",
      "shouldHideAdverts": "false",
      "showInRelatedContent": "true",
      "legallySensitive": "false",
      "lang": "en",
      "bodyText": "An innocent man going about his business is seized by Muslim raiders, and his life is put at risk. Members of his family issue desperate pleas for his safety and release. Special church services and prayer meetings are held on his behalf. Petitions are dispatched to London urging the powerful to \"do something\" to free him. In sections of the media there are dark mutterings about the clash of civilisations. No: this is not to do with poor Kenneth Bigley and his terrifying and terrible ordeal. I am writing about those Britons who were held captive in North Africa in the 17th and 18th centuries; but I could equally well have been referring to British captives in other continents and at other times. As far as these small islands are concerned, recurrent crises over hostages and captives is part of the price we have paid over the centuries for intruding so busily and often very violently into other people's lands. In the early modern era, British commercial interests in the Mediterranean and colonial incursions into Tangier, Gibraltar and Minorca made us more vulnerable to the so-called Barbary corsairs. These were privateers, operating out of Morocco and other North African polities, who attacked Christian merchant and fishing vessels at sea, and took those on board captive. At least 20,000 Britons suffered this fate between 1600 and 1730. Some of these victims were enslaved in North Africa for years, or for ever. Others (just like Muslims captured by Christian corsairs) were forced to row in galleys - effectively a death sentence. Those men and women who left Britain to settle in North America were also vulnerable to capture, sometimes by rival European colonisers, but mainly by Native Americans. The latter seized at least 3,000 British settlers in Pennsylvania, Maryland and Virginia in the late 1750s alone. Many of these captives were ordinary folk, farmers, labourers, women, and children. The luckier ones were often absorbed into the tribes of their captors; but male captives were sometimes tortured to death. Naturally, in the years before the Raj was securely established, there were also many British captives in India. In 1780, perhaps one-in-five British-born soldiers in India were being held in captivity, most of them in the powerful southern Indian state of Mysore. Some of these men were killed by their captors. Others died of malnutrition, or wounds, or despair. But, again, it was not only those in uniform who suffered. One of EM Forster's little-known works is an edition of the autobiography of Elizabeth Fay, a very ordinary Englishwoman who was reduced to utter terror when she was briefly held captive in Mysore. These kinds of imperial captivities, whether of soldiers or civilians, also occurred in the 19th century. Some of the most famous happened when the British invaded Afghanistan in 1838. They did so not to colonise the region, but to enforce regime-change in Kabul. Initially, things went smoothly. Then, as tends to happen in Afghanistan, it got rough. Over 12,000 British and Indian troops perished in this Afghan war. Others were sold into slavery. And well over 100 British men, women and children were held captive for several months. As with other captivity crises - as now - the fate of the individuals caught up in these overseas traumas aroused deep emotion and anger back in Britain. The captives in Afghanistan, wrote one London journalist in 1843, had: \"excited more interest in the mother country than all the other events of the war\"; \"The history of the world,\" claimed another, \"barely contains scenes of more terrific interest.\" Songs, circus-acts, speeches and plays were devoted to them. Bestsellers were published about them. The letters the captives sent home were read out in parliament and pored over by Queen Victoria herself. And this kind of excitement was generated by subsequent captivity crises too. For, as the extent of the empire widened, so did the locations of British captivities: men, women and children from these islands were held in Australia at the hands of Aborigines, in parts of Latin America, in Egypt, in South Africa, and in India again during the so-called \"Mutiny\". So why are these dramatic and pitiful episodes so often forgotten now? Why isn't Mr Bigley's ordeal viewed in a much longer, broader context? The answer lies in the way that Britain's past global experiences are generally represented and written about. W hen the British empire was still in existence, the more embarrassing and painful aspects of these captivity episodes were often airbrushed out of the official story. Members of the master race were not to be seen as suffering in such a disadvantaged fashion. Professional historians of the British empire now tend to focus on its elites - the generals, explorers, proconsuls, administrators, capitalists, financiers and intellectuals - not the sort of people who always formed the bulk of captives: common soldiers, sailors, small traders, mere womenfolk and the like. Likewise, postcolonial writers on British activities overseas often leave these bedraggled people out. They argue that it is the indigenous peoples of America, India, Africa, the Caribbean and elsewhere - those at the receiving end of Britishimperial aggression - whose sufferings and struggles should be remembered, not those stray Brits who got caught and caught out in large numbers on every continent. This is an understandable reaction, but a mistaken one. For while colonisation as Europeans practised it has largely ceased to be a factor in our global experience today, varieties and versions of empire are still very much with us - and are likely to be so in the foreseeable future. It is, therefore, imperative that we remind ourselves of what empire has really been like over the centuries for all of those involved in it. For some of its exponents, to be sure, overseas empire meant power, prestige and substantial profits. But as Stephen M Walt has written: \"It is extremely difficult to project power across water and on to a foreign shore.\" Empire in the past was always a far harsher and much more accident-prone business than conventional history books imply. And the costs of these overseas invasions were borne not just by those on the receiving end but - frequently - by ordinary, vulnerable people among or associated with the invaders. There is a final point. In the past, whether Britons were being held captive in Africa, India, North America or Australia, their countrymen and relations at least knew who they should petition to help in their release. The authorities might - or might not - be able to expedite the hostages' release, but at least these authorities were in London. Now Britain is once again engaging in overseas adventure, but this time as a subordinate ally to another, far greater power. Whatever one thinks of this, our long history of overseas captivities has clearly entered a very different and more problematic phase. \u00b7 Linda Colley's Captives: Britain, Empire and the World 1600-1850 is published by Pimlico",
      "charCount": "7057"
    },
    "isHosted": false,
    "pillarId": "pillar/news",
    "pillarName": "News"
  },
  {
    "id": "world/2004/sep/25/oil.business",
    "type": "article",
    "sectionId": "world",
    "sectionName": "World news",
    "webPublicationDate": "2004-09-24T23:00:45Z",
    "webTitle": "Rebels threaten Nigeria's oil wells",
    "webUrl": "https://www.theguardian.com/world/2004/sep/25/oil.business",
    "apiUrl": "https://content.guardianapis.com/world/2004/sep/25/oil.business",
    "fields": {
      "headline": "Rebels threaten Nigeria's oil wells",
      "trailText": "A rebel group battling rival militias and government forces in Nigeria's oil-rich delta has threatened to target oil installations in an escalation of the conflict.",
      "byline": "Rory Carroll, Africa correspondent",
      "main": "",
      "body": "A rebel group battling rival militias and government forces in Nigeria's oil-rich delta has threatened to target oil installations in an escalation of the conflict. <p>Production in Africa's biggest oil exporter has not been disrupted by the fighting which has turned much of the region into a war zone.</p> <p>But that may change after one of the most powerful militias, the Niger Delta People's Volunteer Force, vowed this week to target wells and pipelines unless the government halted its offensive. Such attacks could increase global oil prices, since about half of Nigeria's 2.5m daily barrels comes from the Port Harcourt area where the militia operates.</p> <p>\"If this war on the Niger delta people is not stopped, oil installations will be attacked,\" a militia commander named Abiye told Reuters.</p> <p>The militia, also known as the Egbesu Boys after the Ijaw god of war, has hundreds of fighters, a fleet of speedboats, heavy machine guns and intimate knowledge of the waterways and swamps. But since fighting flared two weeks ago it has been under pressure from attacks by the government's helicopter gunships.</p> <p>Few doubt their ability to disrupt the oil industry: an uprising last year shut down 40% of Nigeria'sproduction.</p> <p>No official announcement has been made but oil companies are rumoured to be considering moving all production offshore to escape the fighting.</p> <p>The latest round of mayhem was partly blamed on rivalry between the Egbesu Boys and other militias, with names such as Icelanders, Greenlanders and KKK, which compete for oil wealth and their own ethnic group's ascendance.</p> <p>About 500 people have been killed, according to Amnesty International, though authorities put the toll at a few dozen. Army troops and aircraft have reinforced the police but analysts question how effective they would be; the Egbesu Boys' leader, Alhaji Dokubo- Asari, reportedly has connections to senior political and military officials.</p> <p>In a separate development, security forces in the north of Nigeria claimed to have killed 29 Islamist guerrillas who this week attacked police stations in bordering Cameroon.</p>",
      "newspaperPageNumber": "17",
      "wordcount": "335",
      "commentable": "false",
      "isPremoderated": "false",
      "lastModified": "2004-09-24T23:00:45Z",
      "newspaperEditionDate": "2004-09-25T00:00:00Z",
      "productionOffice": "UK",
      "publication": "theguardian.com",
      "shortUrl": "https://gu.com/p/tvk6",
      "shouldHideAdverts": "false",
      "showInRelatedContent": "true",
      "legallySensitive": "false",
      "lang": "en",
      "bodyText": "A rebel group battling rival militias and government forces in Nigeria's oil-rich delta has threatened to target oil installations in an escalation of the conflict. Production in Africa's biggest oil exporter has not been disrupted by the fighting which has turned much of the region into a war zone. But that may change after one of the most powerful militias, the Niger Delta People's Volunteer Force, vowed this week to target wells and pipelines unless the government halted its offensive. Such attacks could increase global oil prices, since about half of Nigeria's 2.5m daily barrels comes from the Port Harcourt area where the militia operates. \"If this war on the Niger delta people is not stopped, oil installations will be attacked,\" a militia commander named Abiye told Reuters. The militia, also known as the Egbesu Boys after the Ijaw god of war, has hundreds of fighters, a fleet of speedboats, heavy machine guns and intimate knowledge of the waterways and swamps. But since fighting flared two weeks ago it has been under pressure from attacks by the government's helicopter gunships. Few doubt their ability to disrupt the oil industry: an uprising last year shut down 40% of Nigeria'sproduction. No official announcement has been made but oil companies are rumoured to be considering moving all production offshore to escape the fighting. The latest round of mayhem was partly blamed on rivalry between the Egbesu Boys and other militias, with names such as Icelanders, Greenlanders and KKK, which compete for oil wealth and their own ethnic group's ascendance. About 500 people have been killed, according to Amnesty International, though authorities put the toll at a few dozen. Army troops and aircraft have reinforced the police but analysts question how effective they would be; the Egbesu Boys' leader, Alhaji Dokubo- Asari, reportedly has connections to senior political and military officials. In a separate development, security forces in the north of Nigeria claimed to have killed 29 Islamist guerrillas who this week attacked police stations in bordering Cameroon.",
      "charCount": "2094"
    },
    "isHosted": false,
    "pillarId": "pillar/news",
    "pillarName": "News"
  },
  {
    "id": "business/2004/sep/24/housingmarket.houseprices1",
    "type": "article",
    "sectionId": "business",
    "sectionName": "Business",
    "webPublicationDate": "2004-09-24T11:53:24Z",
    "webTitle": "Safe as houses",
    "webUrl": "https://www.theguardian.com/business/2004/sep/24/housingmarket.houseprices1",
    "apiUrl": "https://content.guardianapis.com/business/2004/sep/24/housingmarket.houseprices1",
    "fields": {
      "headline": "Safe as houses",
      "standfirst": "The property market has come off the boil but talk of a crash is premature, argues Victor Keegan",
      "trailText": "<p>The property market has come off the boil but talk of a crash is premature, argues <strong>Victor Keegan</strong>.</p>",
      "byline": "Victor Keegan",
      "main": "",
      "body": "<p>With the International Monetary Fund and the Bank of England both warning of a sharp fall in house prices, it may look as though the long-feared apocalypse is finally at hand. </p> <p>The IMF seems to think house prices have overshot by between 10% and 20%, while the Bank, in its usual cautious language, said \"an increasing weight of evidence\" suggested the market might be cooling. </p> <p>However, one of the members of the Bank's monetary policy committee, Stephen Nickell, has warned that house prices (currently six times average earnings) would have to fall by 32% to reach their average level in relation to earnings since 1982. But he does not seem to think this will happen, because he adds: \"It is quite possible that house prices will not fall at all.\" </p> <p>To cap it all, Countrywide, Britain's biggest chain of estate agents, warned that sales in the pipeline dropped by 20% in August and issued a profits warning.</p> <p>So what on earth is happening? The first thing is that the housing market has definitely come off the boil - and about time, too. But talk of a crash is simply not justified by the data. For a start, what does a \"crash\" mean?</p> <p>A price fall of 15% (the midpoint of the IMF's valuation) would mean merely that most, but not all, of the ludicrous 20% rise Nationwide has recorded over the past year would be erased. </p> <p>But since hardly anyone - least of all the building societies and banks, including the Bank of England - expected such a big rise, and comparatively few people actually bought at the peak, it would hardly count as a \"crash\" if it happened. It is more like the removal of an unjustified paper profit. </p> <p>But is a fall of even 15% likely over the next year? It could happen, in the sense that anything could happen. The fact is, however, that there is still a chronic shortage of houses. (Only 125,000, or half what is necessary, were built last year.) There is an army of people out there, including potential first-time buyers, who have been shut out of the market. They are just waiting for prices to fall a bit so they can move in.</p> <p>Of course, if they were convinced that a Japanese-style deflationary spiral were about to set in, it would be in their interest to postpone a purchase. In that event, with hardly anyone buying, prices could go on falling - but there is absolutely no sign of that at the moment.</p> <p>It remains the case that as long as the economy performs reasonably well and there is no unexpected external shock, such as a huge rise in oil prices as a result of terrorist activity, then the conditions do not exist for a collapse of house prices, even though property is unquestionably \"overvalued\" on a historical basis. </p> <p>People are prepared, and able, to pay these high prices because interest rates are so low that monthly mortgage payments as a percentage of income is not much different to what it was before the housing boom.</p> <p>Will interest rates rise? Probably. But on present trends they need not go up by more then one or two increments of 0.25%. It would be a thoroughly good thing for prices to come down, and the best way to do this, as you will find on page one of any economics textbook, is to build more houses. </p> <p>Otherwise, the present imbalance between supply and demand, with too much money chasing too few homes, will provide a cushion below which prices are unlikely to fall unless the economy receives a sharp external shock.</p>",
      "wordcount": "609",
      "commentable": "false",
      "isPremoderated": "false",
      "lastModified": "2017-09-20T21:46:09Z",
      "newspaperEditionDate": "2004-09-24T00:00:00Z",
      "productionOffice": "UK",
      "publication": "theguardian.com",
      "shortUrl": "https://gu.com/p/867g",
      "shouldHideAdverts": "false",
      "showInRelatedContent": "true",
      "legallySensitive": "false",
      "lang": "en",
      "bodyText": "With the International Monetary Fund and the Bank of England both warning of a sharp fall in house prices, it may look as though the long-feared apocalypse is finally at hand. The IMF seems to think house prices have overshot by between 10% and 20%, while the Bank, in its usual cautious language, said \"an increasing weight of evidence\" suggested the market might be cooling. However, one of the members of the Bank's monetary policy committee, Stephen Nickell, has warned that house prices (currently six times average earnings) would have to fall by 32% to reach their average level in relation to earnings since 1982. But he does not seem to think this will happen, because he adds: \"It is quite possible that house prices will not fall at all.\" To cap it all, Countrywide, Britain's biggest chain of estate agents, warned that sales in the pipeline dropped by 20% in August and issued a profits warning. So what on earth is happening? The first thing is that the housing market has definitely come off the boil - and about time, too. But talk of a crash is simply not justified by the data. For a start, what does a \"crash\" mean? A price fall of 15% (the midpoint of the IMF's valuation) would mean merely that most, but not all, of the ludicrous 20% rise Nationwide has recorded over the past year would be erased. But since hardly anyone - least of all the building societies and banks, including the Bank of England - expected such a big rise, and comparatively few people actually bought at the peak, it would hardly count as a \"crash\" if it happened. It is more like the removal of an unjustified paper profit. But is a fall of even 15% likely over the next year? It could happen, in the sense that anything could happen. The fact is, however, that there is still a chronic shortage of houses. (Only 125,000, or half what is necessary, were built last year.) There is an army of people out there, including potential first-time buyers, who have been shut out of the market. They are just waiting for prices to fall a bit so they can move in. Of course, if they were convinced that a Japanese-style deflationary spiral were about to set in, it would be in their interest to postpone a purchase. In that event, with hardly anyone buying, prices could go on falling - but there is absolutely no sign of that at the moment. It remains the case that as long as the economy performs reasonably well and there is no unexpected external shock, such as a huge rise in oil prices as a result of terrorist activity, then the conditions do not exist for a collapse of house prices, even though property is unquestionably \"overvalued\" on a historical basis. People are prepared, and able, to pay these high prices because interest rates are so low that monthly mortgage payments as a percentage of income is not much different to what it was before the housing boom. Will interest rates rise? Probably. But on present trends they need not go up by more then one or two increments of 0.25%. It would be a thoroughly good thing for prices to come down, and the best way to do this, as you will find on page one of any economics textbook, is to build more houses. Otherwise, the present imbalance between supply and demand, with too much money chasing too few homes, will provide a cushion below which prices are unlikely to fall unless the economy receives a sharp external shock.",
      "charCount": "3375"
    },
    "isHosted": false,
    "pillarId": "pillar/news",
    "pillarName": "News"
  },
  {
    "id": "politics/2004/sep/24/london.transport",
    "type": "article",
    "sectionId": "politics",
    "sectionName": "Politics",
    "webPublicationDate": "2004-09-24T01:21:37Z",
    "webTitle": "Letters: Road rage over bad transport planning",
    "webUrl": "https://www.theguardian.com/politics/2004/sep/24/london.transport",
    "apiUrl": "https://content.guardianapis.com/politics/2004/sep/24/london.transport",
    "fields": {
      "headline": "Road rage over bad transport planning",
      "trailText": "<B>Letters:</B>Bus passengers in London are paying the price for the government's road-building programme in the rest of the country (Rise in bus fares deals blow to mayor's transport strategy, September 21).",
      "main": "",
      "body": "Bus passengers in London are paying the price for the government's road-building programme in the rest of the country (Rise in bus fares deals blow to mayor's transport strategy, September 21). <p>London was beginning to deliver a transport policy which got people moving, improved the environment and benefited all sections of the community. The carrot-and-stick of congestion charging, combined with an expanded bus network, was reducing traffic and pollution. But instead of building on success, the government is investing its money in road schemes like widening the M25, while expecting Londoners to find money for major public transport expansion in the capital. </p> <p>The government not only gave London around half a billion pounds a year less than we needed for buses, cycling and road safety, it also gave us the whole bill for extending the East London Line and the DLR in time for the Olympics. The next big decision is how much Londoners should be paying for Crossrail, which is a major national scheme. </p> <p>I'm seriously worried that year-on-year fare rises will reverse all the environmental and social benefits of traffic reduction and the dramatic increases in bus usage. <br> <b> Jenny Jones</b><br> Green party member of the London Assembly</p> <p>So the west coast main line upgrade has cost \u00a37.6bn, and in return we get 35 minutes off the journey time from London to Manchester (Tilting train sets west coast record, September 21). Some \u00a37.6bn could have produced an annual income of \u00a3350m at current interest rates; 35 minutes could be valued, at \"executive\" pay rates, at around \u00a310. To make the line upgrade worthwhile, we then need some 17.5 million London to Manchester return journeys a year. Assuming an optimistic 2,000 passengers per train, that equates to nearly 9,000 trains per year each way, or one per hour, every hour, 24 hours a day, including Christmas day, in each direction, all full of business travellers on vital commercial missions. Couldn't we support local business initiatives instead? <br> <b>Dr Hillary Shaw</b> <br> School of geography, University of Leeds</p>",
      "newspaperPageNumber": "29",
      "wordcount": "340",
      "commentable": "false",
      "isPremoderated": "false",
      "lastModified": "2017-09-15T20:56:06Z",
      "newspaperEditionDate": "2004-09-24T00:00:00Z",
      "productionOffice": "UK",
      "publication": "theguardian.com",
      "shortUrl": "https://gu.com/p/qm77",
      "shouldHideAdverts": "false",
      "showInRelatedContent": "true",
      "legallySensitive": "false",
      "lang": "en",
      "bodyText": "Bus passengers in London are paying the price for the government's road-building programme in the rest of the country (Rise in bus fares deals blow to mayor's transport strategy, September 21). London was beginning to deliver a transport policy which got people moving, improved the environment and benefited all sections of the community. The carrot-and-stick of congestion charging, combined with an expanded bus network, was reducing traffic and pollution. But instead of building on success, the government is investing its money in road schemes like widening the M25, while expecting Londoners to find money for major public transport expansion in the capital. The government not only gave London around half a billion pounds a year less than we needed for buses, cycling and road safety, it also gave us the whole bill for extending the East London Line and the DLR in time for the Olympics. The next big decision is how much Londoners should be paying for Crossrail, which is a major national scheme. I'm seriously worried that year-on-year fare rises will reverse all the environmental and social benefits of traffic reduction and the dramatic increases in bus usage. Jenny Jones Green party member of the London Assembly So the west coast main line upgrade has cost \u00a37.6bn, and in return we get 35 minutes off the journey time from London to Manchester (Tilting train sets west coast record, September 21). Some \u00a37.6bn could have produced an annual income of \u00a3350m at current interest rates; 35 minutes could be valued, at \"executive\" pay rates, at around \u00a310. To make the line upgrade worthwhile, we then need some 17.5 million London to Manchester return journeys a year. Assuming an optimistic 2,000 passengers per train, that equates to nearly 9,000 trains per year each way, or one per hour, every hour, 24 hours a day, including Christmas day, in each direction, all full of business travellers on vital commercial missions. Couldn't we support local business initiatives instead? Dr Hillary Shaw School of geography, University of Leeds",
      "charCount": "2052"
    },
    "isHosted": false,
    "pillarId": "pillar/news",
    "pillarName": "News"
  },
  {
    "id": "business/2004/sep/24/oilandpetrol.news1",
    "type": "article",
    "sectionId": "business",
    "sectionName": "Business",
    "webPublicationDate": "2004-09-24T01:18:12Z",
    "webTitle": "BP petrol prices are dearer than rivals'",
    "webUrl": "https://www.theguardian.com/business/2004/sep/24/oilandpetrol.news1",
    "apiUrl": "https://content.guardianapis.com/business/2004/sep/24/oilandpetrol.news1",
    "fields": {
      "headline": "BP petrol prices are dearer than rivals'",
      "trailText": "<p>BP has been accused of systematically charging more for petrol on its forecourts than other oil companies or supermarkets. </p>",
      "byline": "Ashley Seager",
      "main": "",
      "body": "<p>BP has been accused of systematically charging more for petrol on its forecourts than other oil companies or supermarkets. </p> <p>Research group TNS Petrol Panel said yesterday that BP's prices had been on average up to 2.5p a litre dearer than its main competitors over the past year. </p> <p>Prices in August were up about 8% from a year earlier, largely owing to the big rises in oil prices of recent months, TNS said, but BP's petrol was the dearest at an average of 82.1p a litre in the month. </p> <p>The cheapest last month was Asda at 79.9p a litre. </p> <p>Supermarkets were generally cheaper and oil companies more expensive. The notable exception was Shell, which was only just above Asda and cheaper than Sainsbury's or Tesco. </p> <p>Current forecourt prices are now 0.5p above the August average, however, as world oil prices have shot towards record levels again in recent days. </p> <p>For the year to August, BP's average price was 78.5p, just above Texaco on 78.3p and well above Asda on 75.9p. </p> <p>\"The petrol market has traditionally been incredibly cost sensitive, but it is clear that different strategies are emerging that have enabled some suppliers, such as BP and Texaco, to charge around 2.5p more than competitors,\" said TNS spokesman Richard Wilcox. </p> <p>BP shrugged off the survey. \"We do not comment on our pricing policy relative to other retailers,\" said a spokeswoman. \"We do not have a national pricing policy.\"</p>",
      "newspaperPageNumber": "23",
      "wordcount": "245",
      "commentable": "false",
      "isPremoderated": "false",
      "lastModified": "2004-09-24T01:18:12Z",
      "newspaperEditionDate": "2004-09-24T00:00:00Z",
      "productionOffice": "UK",
      "publication": "theguardian.com",
      "shortUrl": "https://gu.com/p/d7nq",
      "shouldHideAdverts": "false",
      "showInRelatedContent": "true",
      "legallySensitive": "false",
      "lang": "en",
      "bodyText": "BP has been accused of systematically charging more for petrol on its forecourts than other oil companies or supermarkets. Research group TNS Petrol Panel said yesterday that BP's prices had been on average up to 2.5p a litre dearer than its main competitors over the past year. Prices in August were up about 8% from a year earlier, largely owing to the big rises in oil prices of recent months, TNS said, but BP's petrol was the dearest at an average of 82.1p a litre in the month. The cheapest last month was Asda at 79.9p a litre. Supermarkets were generally cheaper and oil companies more expensive. The notable exception was Shell, which was only just above Asda and cheaper than Sainsbury's or Tesco. Current forecourt prices are now 0.5p above the August average, however, as world oil prices have shot towards record levels again in recent days. For the year to August, BP's average price was 78.5p, just above Texaco on 78.3p and well above Asda on 75.9p. \"The petrol market has traditionally been incredibly cost sensitive, but it is clear that different strategies are emerging that have enabled some suppliers, such as BP and Texaco, to charge around 2.5p more than competitors,\" said TNS spokesman Richard Wilcox. BP shrugged off the survey. \"We do not comment on our pricing policy relative to other retailers,\" said a spokeswoman. \"We do not have a national pricing policy.\"",
      "charCount": "1390"
    },
    "isHosted": false,
    "pillarId": "pillar/news",
    "pillarName": "News"
  }
]