[
  {
    "id": "money/2004/may/10/utilities.utilities",
    "type": "article",
    "sectionId": "money",
    "sectionName": "Money",
    "webPublicationDate": "2004-05-10T14:06:32Z",
    "webTitle": "Electricity bosses warn of 20% price rise",
    "webUrl": "https://www.theguardian.com/money/2004/may/10/utilities.utilities",
    "apiUrl": "https://content.guardianapis.com/money/2004/may/10/utilities.utilities",
    "fields": {
      "headline": "Electricity bosses warn of 20% price rise",
      "trailText": "<p>Electricity prices will have to rise by as much as a fifth to pay for necessary improvements to the UK's ageing power infrastructure, the chief executive of one of Britain's biggest suppliers warned today.</p>",
      "byline": "Press Association",
      "main": "",
      "body": "<p>Electricity prices will have to rise by as much as a fifth to pay for necessary improvements to the UK's ageing power infrastructure, the chief executive of one of Britain's biggest suppliers warned today. </p> <p>As coal-fuelled power stations reach the end of their working lives over the next decade, an investment of \u00a350-70bn will have to be made on new gas-powered generation facilities as well as renewed cables, Paul Golby of PowerGen said. </p> <p>The warning came as a new survey suggested that blackouts pose the biggest threat to businesses across Europe. Nine out of 10 companies polled by PricewaterhouseCoopers said they believe snap disruptions to power supplies will continue to strike Europe regularly. </p> <p>The findings come a month after a power failure in Wiltshire hit 61,000 homes, while 300 underground trains were affected by a major blackout in London in August. </p> <p>In the worst instance last year, tens of millions of people in Canada and northeastern states in the US were without power for two days in August. </p> <p>The sixth annual report \"Supply Essentials: Utilities Global Survey 2004\" by PwC found fears over energy supplies have become the top concern of businesses. It was only the fourth-ranking worry of firms in 2003. </p> <p>Demand for power is now outstripping supply and PwC said world energy demand is expected to rise by two-thirds between 2003 and 2030. This means around $10 trillion (\u00a35.5 trillion) of investment is needed in the energy sector by 2030 - three times higher than in the past 30 years. </p> <p>Dr Golby said that, as long as the necessary investment was made in the UK, there was little prospect of power cuts on the scale of last summer's problems in the US and Canada. </p> <p>He told the BBC Radio 4 Today programme: \"We can't live modern life without electricity and there is now a major need to invest in the UK. Over the next decade, we probably need to spend \u00a350-70bn to replace ageing power stations and overhead cables.\"</p> <p>Meanwhile, Centrica, the utility company, warned that further oil-price rises could affect profit margins, although overall trading was in line with market forecasts. </p> <p>Gas and electricity prices have risen sharply in recent months amid surging oil prices, and Centrica said that these higher costs could affect its main British Gas unit. </p> <p>\"The whole industry is faced with higher costs of procurement and British Gas margins are currently expected to be lower than previously anticipated,\" Roy Gardner, the chief executive, said in a statement at the company's annual shareholder meeting.</p>",
      "wordcount": "422",
      "commentable": "false",
      "isPremoderated": "false",
      "lastModified": "2004-05-10T14:06:32Z",
      "newspaperEditionDate": "2004-05-10T00:00:00Z",
      "productionOffice": "UK",
      "publication": "theguardian.com",
      "shortUrl": "https://gu.com/p/7yxf",
      "shouldHideAdverts": "false",
      "showInRelatedContent": "true",
      "legallySensitive": "false",
      "lang": "en",
      "bodyText": "Electricity prices will have to rise by as much as a fifth to pay for necessary improvements to the UK's ageing power infrastructure, the chief executive of one of Britain's biggest suppliers warned today. As coal-fuelled power stations reach the end of their working lives over the next decade, an investment of \u00a350-70bn will have to be made on new gas-powered generation facilities as well as renewed cables, Paul Golby of PowerGen said. The warning came as a new survey suggested that blackouts pose the biggest threat to businesses across Europe. Nine out of 10 companies polled by PricewaterhouseCoopers said they believe snap disruptions to power supplies will continue to strike Europe regularly. The findings come a month after a power failure in Wiltshire hit 61,000 homes, while 300 underground trains were affected by a major blackout in London in August. In the worst instance last year, tens of millions of people in Canada and northeastern states in the US were without power for two days in August. The sixth annual report \"Supply Essentials: Utilities Global Survey 2004\" by PwC found fears over energy supplies have become the top concern of businesses. It was only the fourth-ranking worry of firms in 2003. Demand for power is now outstripping supply and PwC said world energy demand is expected to rise by two-thirds between 2003 and 2030. This means around $10 trillion (\u00a35.5 trillion) of investment is needed in the energy sector by 2030 - three times higher than in the past 30 years. Dr Golby said that, as long as the necessary investment was made in the UK, there was little prospect of power cuts on the scale of last summer's problems in the US and Canada. He told the BBC Radio 4 Today programme: \"We can't live modern life without electricity and there is now a major need to invest in the UK. Over the next decade, we probably need to spend \u00a350-70bn to replace ageing power stations and overhead cables.\" Meanwhile, Centrica, the utility company, warned that further oil-price rises could affect profit margins, although overall trading was in line with market forecasts. Gas and electricity prices have risen sharply in recent months amid surging oil prices, and Centrica said that these higher costs could affect its main British Gas unit. \"The whole industry is faced with higher costs of procurement and British Gas margins are currently expected to be lower than previously anticipated,\" Roy Gardner, the chief executive, said in a statement at the company's annual shareholder meeting.",
      "charCount": "2522"
    },
    "isHosted": false,
    "pillarId": "pillar/lifestyle",
    "pillarName": "Lifestyle"
  },
  {
    "id": "business/2004/may/10/housingmarket.houseprices",
    "type": "article",
    "sectionId": "business",
    "sectionName": "Business",
    "webPublicationDate": "2004-05-10T10:33:54Z",
    "webTitle": "House price index shows slowdown",
    "webUrl": "https://www.theguardian.com/business/2004/may/10/housingmarket.houseprices",
    "apiUrl": "https://content.guardianapis.com/business/2004/may/10/housingmarket.houseprices",
    "fields": {
      "headline": "House price index shows slowdown",
      "trailText": "<p>House prices rose by just 0.2% during March, with increases slowing in most regions of the UK, figures released by the Office of the Deputy Prime Minister showed today.</p>",
      "byline": "Sandra Haurant and Press Association",
      "main": "",
      "body": "<p>House prices rose by just 0.2% during March, with increases slowing in most regions of the UK, figures released by the Office of the Deputy Prime Minister showed today.</p> <p>The rise, which follows a 1% fall in prices during February, shows a significant drop in inflation compared with the same period in 2003, when a jump of 2.1% was recorded. </p> <p>House price inflation for the last 12 months, up to the end of March, fell to 7.8% from 9.8% the previous month, and annual growth saw a slowdown in all regions except Northern Ireland and the south-west. </p> <p>However, the government's downbeat figures fly in the face of those reported by Nationwide building society and Halifax for March. </p> <p>Nationwide said prices rose by 1.4% during the month, while Halifax reported a 2.2% leap, pushing annual house price inflation up to 18.5% from 16% the previous month. </p> <p>Philip Shaw, an economist at Investec, said: \"These figures are a real surprise and it is difficult to explain the discrepancy between this index and what the main lenders are seeing. This survey is really contradicting all the other evidence coming from the two main mortgage lenders.\" </p> <p>Elliot Nathan, mortgage technical manager at The MarketPlace at Bradford &amp; Bingley, said he did not think the figures were the first signs of a slow down. </p> <p>He said: \"I still believe we will see price growth for this year because we have low interest rates and unemployment and supply and demand are good.\" </p> <p>According to the ODPM, annual house price inflation remained highest in the north east, although it fell from 26.8% to 26.2% during the month, while in Scotland it reduced to 22.3% from 26.2% for the year to the end of February. </p> <p>The West Midlands also saw a big reduction in growth, with annual inflation falling to 10.2% from 16.2%, while in the east it fell to just 0.5% from 5.2%. </p> <p>The only regions to buck the trend were the south-west, where growth rose to 4.6% from 4.4%, and Northern Ireland, where it increased to 7.6% from 6.5%. </p> <p>London remains the most expensive place to buy a property with prices averaging \u00a3241,748, followed by the south-east at \u00a3216,826. </p> <p>Property is cheapest in Scotland, costing an average of \u00a3101,628 and Northern Ireland at \u00a3102,657. </p> <p>The ODPM said that during March, first-time buyers paid an average of \u00a3125,271 for their home, 10% more than they had a year ago, while former owner occupiers paid about \u00a3180,833, a 6.7% rise compared with March 2003.</p>",
      "wordcount": "442",
      "commentable": "false",
      "isPremoderated": "false",
      "lastModified": "2017-09-20T21:46:55Z",
      "newspaperEditionDate": "2004-05-10T00:00:00Z",
      "productionOffice": "UK",
      "publication": "theguardian.com",
      "shortUrl": "https://gu.com/p/7yvp",
      "shouldHideAdverts": "false",
      "showInRelatedContent": "true",
      "legallySensitive": "false",
      "lang": "en",
      "bodyText": "House prices rose by just 0.2% during March, with increases slowing in most regions of the UK, figures released by the Office of the Deputy Prime Minister showed today. The rise, which follows a 1% fall in prices during February, shows a significant drop in inflation compared with the same period in 2003, when a jump of 2.1% was recorded. House price inflation for the last 12 months, up to the end of March, fell to 7.8% from 9.8% the previous month, and annual growth saw a slowdown in all regions except Northern Ireland and the south-west. However, the government's downbeat figures fly in the face of those reported by Nationwide building society and Halifax for March. Nationwide said prices rose by 1.4% during the month, while Halifax reported a 2.2% leap, pushing annual house price inflation up to 18.5% from 16% the previous month. Philip Shaw, an economist at Investec, said: \"These figures are a real surprise and it is difficult to explain the discrepancy between this index and what the main lenders are seeing. This survey is really contradicting all the other evidence coming from the two main mortgage lenders.\" Elliot Nathan, mortgage technical manager at The MarketPlace at Bradford &amp; Bingley, said he did not think the figures were the first signs of a slow down. He said: \"I still believe we will see price growth for this year because we have low interest rates and unemployment and supply and demand are good.\" According to the ODPM, annual house price inflation remained highest in the north east, although it fell from 26.8% to 26.2% during the month, while in Scotland it reduced to 22.3% from 26.2% for the year to the end of February. The West Midlands also saw a big reduction in growth, with annual inflation falling to 10.2% from 16.2%, while in the east it fell to just 0.5% from 5.2%. The only regions to buck the trend were the south-west, where growth rose to 4.6% from 4.4%, and Northern Ireland, where it increased to 7.6% from 6.5%. London remains the most expensive place to buy a property with prices averaging \u00a3241,748, followed by the south-east at \u00a3216,826. Property is cheapest in Scotland, costing an average of \u00a3101,628 and Northern Ireland at \u00a3102,657. The ODPM said that during March, first-time buyers paid an average of \u00a3125,271 for their home, 10% more than they had a year ago, while former owner occupiers paid about \u00a3180,833, a 6.7% rise compared with March 2003.",
      "charCount": "2424"
    },
    "isHosted": false,
    "pillarId": "pillar/news",
    "pillarName": "News"
  },
  {
    "id": "business/2004/may/10/useconomy.usnews",
    "type": "article",
    "sectionId": "business",
    "sectionName": "Business",
    "webPublicationDate": "2004-05-10T10:31:03Z",
    "webTitle": "Larry Elliott: The old Greenspan magic fades",
    "webUrl": "https://www.theguardian.com/business/2004/may/10/useconomy.usnews",
    "apiUrl": "https://content.guardianapis.com/business/2004/may/10/useconomy.usnews",
    "fields": {
      "headline": "That old Greenspan magic seems to be fading",
      "standfirst": "Fed chairman will have to tighten America's belt sooner rather than later",
      "trailText": "<p><strong>Larry Elliott:</strong> Fed chairman will have to tighten America's belt sooner rather than later.</p>",
      "byline": "Larry Elliott",
      "main": "",
      "body": "<p>For the best part of 20 years, Alan Greenspan has been a symbol of the stupidity of ageism. He became chairman of the US Federal Reserve at 61, when plenty of workers have already been tossed on the scrapheap and many others are preparing to wind down for retirement. His golden years in charge of the US economy were when he was pushing 70 and he's still there aged 78. Greenspan is the doyen of central bankers, still talked about in almost reverential terms by his peers. The fact that the Fed chairman rarely gives interviews and makes public pronouncements that are to economics what Finnegans Wake is to literature only adds to the mystique. </p> <p>It is, then, with some trepidation that the question has to be asked: has Big Al finally lost the plot? At the start of last week, Greenspan presided over a meeting of the Fed which kept interest rates on hold at 1%, the level they have been pegged at for nearly a year. A statement accompanying the decision said the risks to inflation were balanced, which means the Fed thinks there is as much chance of the cost of living going up as going down. On Thursday, new joblessness claims in the US fell to their lowest level in getting on for four years, and the picture of a recovering labour market was underlined by Friday's non-farm payrolls which showed an increase of 288,000, above what had been expected. The economy is expanding at an annual rate of 4.5%, surveys of both manufacturing and the service sector are strong, the housing market is booming, inflation has started to pick up. </p> <p>Hardly surprisingly, Greenspan's call on inflation is now coming under the microscope, even by those on the Keynesian left who tend to favour expansionary macroeconomic policies. \"Show me something, other than computers, where the price is falling,\" says Dean Baker of the Centre for Economic Policy Research in Washington. Baker is right. Clearly, risks to inflation are on the upside, and massively so. The economy has been injected with a cocktail of three growth-inducing drugs - negative real interest rates, a rising budget deficit and a falling currency. Oil prices have touched $40 a barrel and the labour market is tightening. It is hard to believe that Greenspan, a junkie for economic data no matter how seemingly trivial, has not spotted all this. Rates in the US are far below a neutral level, which would probably be around 5%, yet Greenspan is in no hurry to act. </p> <p><strong>Waiting game</strong><br> </p> <p>Last Tuesday's Fed statement did suggest that, yes, perhaps there would come a time for a bit of gradual monetary tightening but not just yet. The Bank of England has raised interest rates three times since November in an attempt to ensure that it stays on top of events, but even after Friday's strong employment data there were those predicting that Greenspan would wait until August before tweaking interest rates rather than moving at the next meeting, in June. Greenspan's argument appears to be that he wants to be sure that the recovery from the relatively mild recession of 2001 is firmly entrenched, but the evidence could hardly be any more conclusive. The risk is that the Fed is now a long way behind the curve, with all the factors in place for another period of deep instability in prospect for the world's biggest economy. </p> <p>What then is Greenspan up to? There are really only three possible explanations. The first is that he believes that 1% interest rates are appropriate at a time when fiscal prudence has been thrown to the winds by George Bush's tax cuts and the extra spending needed for Iraq, when commodity prices are hardening across the globe and when the US consumer is taking advantage of cheap money to load up on debt. If that is the case, he really has lost it. </p> <p>The second explanation is that Greenspan believes the US economic recovery is much less robust than the public has been led to believe, and that withdrawing monetary stimulus could bring the house of cards down. This is not a message much heard in the US (where the predominant voice is that of Wall Street economists who have a vested interest is talking up the stock market) but it is true that Greenspan solved the problems caused by the collapse of the bubble in the stock market by creating two new bubbles - in the housing and bond markets. Economist Kurt Richeb\u00e4cher puts it this way: \"The stock market bubble of the 1920s ended with an unprecedented consumption boom, and just that has been happening again since 1997, and in particular since 2001. Since then, consumer spending has accounted for 92% of GDP growth. Yet, to keep it rising in the face of grossly lacking income growth, the Fed has invented a policy stance that has no precedent in history: boosting home prices with artificially low interest rates in order to provide rapidly growing collateral for consumer borrowing.\" </p> <p>Richeb\u00e4cher's view is that Greenspan has papered over the \"existing maladjustments from the boom through even bigger, new bubbles and macroeconomic maladjustments, heralding much worse to come in the future\". </p> <p><strong>What next?</strong><br> </p> <p>The key question is what happens once policymakers try to wean the US off its growth drugs. Unless Bush is prepared to push through new tax cuts - the ultimate dud cheque, given the size of the budget deficit - the boost to consumers from higher take-home pay will fade. Raising interest rates would pull the rug from under the housing market, while if the Fed's negligent approach allows inflation to pick up over the coming months watch out for a crash in the bond market. Even the tiniest threat of higher short-term rates spooked Wall Street last week: it's not hard to imagine what some aggressive tightening would do, particularly if it looked as though the Fed was struggling to catch up. </p> <p>All that said, there is still enough momentum in the US economy to carry it along into next year, by which time the presidential election will be over. This is the third possible explanation for Greenspan's actions; that having been seen as a contributory factor in the downfall of one member of the Bush family, he is making sure he doesn't fluff his lines second time around. If this is the case, it doesn't say much for the independence of the Fed, and it will add to the economic problems of whoever wins in November. It's a good bet that there will be a large dollop of both monetary and fiscal belt-tightening in 2005, and Greenspan might be well advised to bow out gracefully before the brown stuff attaches itself to the fan. As Gordon Brown always says, there are only two types of finance minister: those who fail and those who get out in time. The same applies to central bankers. </p> <p><a href=\"mailto:larry.elliott@theguardian.com\">larry.elliott@theguardian.com</a></p>",
      "newspaperPageNumber": "23",
      "wordcount": "1164",
      "commentable": "false",
      "isPremoderated": "false",
      "lastModified": "2017-07-15T03:32:59Z",
      "newspaperEditionDate": "2004-05-10T00:00:00Z",
      "productionOffice": "UK",
      "publication": "theguardian.com",
      "shortUrl": "https://gu.com/p/7yvc",
      "shouldHideAdverts": "false",
      "showInRelatedContent": "true",
      "legallySensitive": "false",
      "lang": "en",
      "bodyText": "For the best part of 20 years, Alan Greenspan has been a symbol of the stupidity of ageism. He became chairman of the US Federal Reserve at 61, when plenty of workers have already been tossed on the scrapheap and many others are preparing to wind down for retirement. His golden years in charge of the US economy were when he was pushing 70 and he's still there aged 78. Greenspan is the doyen of central bankers, still talked about in almost reverential terms by his peers. The fact that the Fed chairman rarely gives interviews and makes public pronouncements that are to economics what Finnegans Wake is to literature only adds to the mystique. It is, then, with some trepidation that the question has to be asked: has Big Al finally lost the plot? At the start of last week, Greenspan presided over a meeting of the Fed which kept interest rates on hold at 1%, the level they have been pegged at for nearly a year. A statement accompanying the decision said the risks to inflation were balanced, which means the Fed thinks there is as much chance of the cost of living going up as going down. On Thursday, new joblessness claims in the US fell to their lowest level in getting on for four years, and the picture of a recovering labour market was underlined by Friday's non-farm payrolls which showed an increase of 288,000, above what had been expected. The economy is expanding at an annual rate of 4.5%, surveys of both manufacturing and the service sector are strong, the housing market is booming, inflation has started to pick up. Hardly surprisingly, Greenspan's call on inflation is now coming under the microscope, even by those on the Keynesian left who tend to favour expansionary macroeconomic policies. \"Show me something, other than computers, where the price is falling,\" says Dean Baker of the Centre for Economic Policy Research in Washington. Baker is right. Clearly, risks to inflation are on the upside, and massively so. The economy has been injected with a cocktail of three growth-inducing drugs - negative real interest rates, a rising budget deficit and a falling currency. Oil prices have touched $40 a barrel and the labour market is tightening. It is hard to believe that Greenspan, a junkie for economic data no matter how seemingly trivial, has not spotted all this. Rates in the US are far below a neutral level, which would probably be around 5%, yet Greenspan is in no hurry to act. Waiting game Last Tuesday's Fed statement did suggest that, yes, perhaps there would come a time for a bit of gradual monetary tightening but not just yet. The Bank of England has raised interest rates three times since November in an attempt to ensure that it stays on top of events, but even after Friday's strong employment data there were those predicting that Greenspan would wait until August before tweaking interest rates rather than moving at the next meeting, in June. Greenspan's argument appears to be that he wants to be sure that the recovery from the relatively mild recession of 2001 is firmly entrenched, but the evidence could hardly be any more conclusive. The risk is that the Fed is now a long way behind the curve, with all the factors in place for another period of deep instability in prospect for the world's biggest economy. What then is Greenspan up to? There are really only three possible explanations. The first is that he believes that 1% interest rates are appropriate at a time when fiscal prudence has been thrown to the winds by George Bush's tax cuts and the extra spending needed for Iraq, when commodity prices are hardening across the globe and when the US consumer is taking advantage of cheap money to load up on debt. If that is the case, he really has lost it. The second explanation is that Greenspan believes the US economic recovery is much less robust than the public has been led to believe, and that withdrawing monetary stimulus could bring the house of cards down. This is not a message much heard in the US (where the predominant voice is that of Wall Street economists who have a vested interest is talking up the stock market) but it is true that Greenspan solved the problems caused by the collapse of the bubble in the stock market by creating two new bubbles - in the housing and bond markets. Economist Kurt Richeb\u00e4cher puts it this way: \"The stock market bubble of the 1920s ended with an unprecedented consumption boom, and just that has been happening again since 1997, and in particular since 2001. Since then, consumer spending has accounted for 92% of GDP growth. Yet, to keep it rising in the face of grossly lacking income growth, the Fed has invented a policy stance that has no precedent in history: boosting home prices with artificially low interest rates in order to provide rapidly growing collateral for consumer borrowing.\" Richeb\u00e4cher's view is that Greenspan has papered over the \"existing maladjustments from the boom through even bigger, new bubbles and macroeconomic maladjustments, heralding much worse to come in the future\". What next? The key question is what happens once policymakers try to wean the US off its growth drugs. Unless Bush is prepared to push through new tax cuts - the ultimate dud cheque, given the size of the budget deficit - the boost to consumers from higher take-home pay will fade. Raising interest rates would pull the rug from under the housing market, while if the Fed's negligent approach allows inflation to pick up over the coming months watch out for a crash in the bond market. Even the tiniest threat of higher short-term rates spooked Wall Street last week: it's not hard to imagine what some aggressive tightening would do, particularly if it looked as though the Fed was struggling to catch up. All that said, there is still enough momentum in the US economy to carry it along into next year, by which time the presidential election will be over. This is the third possible explanation for Greenspan's actions; that having been seen as a contributory factor in the downfall of one member of the Bush family, he is making sure he doesn't fluff his lines second time around. If this is the case, it doesn't say much for the independence of the Fed, and it will add to the economic problems of whoever wins in November. It's a good bet that there will be a large dollop of both monetary and fiscal belt-tightening in 2005, and Greenspan might be well advised to bow out gracefully before the brown stuff attaches itself to the fan. As Gordon Brown always says, there are only two types of finance minister: those who fail and those who get out in time. The same applies to central bankers. larry.elliott@theguardian.com",
      "charCount": "6654"
    },
    "isHosted": false,
    "pillarId": "pillar/news",
    "pillarName": "News"
  },
  {
    "id": "money/2004/may/10/interestrates.business",
    "type": "article",
    "sectionId": "business",
    "sectionName": "Business",
    "webPublicationDate": "2004-05-10T00:54:48Z",
    "webTitle": "Ashley Seager: House prices driving interest rate decision",
    "webUrl": "https://www.theguardian.com/money/2004/may/10/interestrates.business",
    "apiUrl": "https://content.guardianapis.com/money/2004/may/10/interestrates.business",
    "fields": {
      "headline": "King prepares to face music on rates",
      "trailText": "<p><strong>Ashley Seager: </strong>Mervyn King, governor of the Bank of England, may have more on his mind today than how Aston Villa, of which he is an ardent fan, got on at the weekend. </p>",
      "byline": "Ashley Seager",
      "main": "",
      "body": "<p>Mervyn King, governor of the Bank of England, may have more on his mind today than how Aston Villa, of which he is an ardent fan, got on at the weekend. He is facing a quarterly press conference on Wednesday which promises to be even more interesting than usual, if you are a sad economics hack, at least.<br> That is not just because it comes just after an interest rate rise, which is of itself a fairly infrequent occurrence these days. This time King could to face a grilling about whether the Bank is just targeting inflation, as is its remit, or - as many pundits suspect - is trying to deflate the housing market gently before the bubble bursts spectacularly.<br> King, intriguingly for someone on his feet, holds a rehearsal on the day before the press conference in which Bank economists throw the sort of questions at him they think he may face.<br> While that level of preparation may flatter journalists, he will no doubt be expecting house prices to dominate the hour-long event.<br> Members of the Bank's monetary policy committee have long maintained that it is their job to keep inflation across the economy as close to its Treasury- set target as possible. They are not in the business of trying to control house prices or, for that matter, prices of any other assets such as stocks, they say.<br> But some economists are not so sure. With inflation at 1.1%, well below its 2% target, they quarter at its long-term trend rate, there is little need for the MPC to be raising rates right now.<br> King will no doubt argue on Wednesday that the MPC targets inflation two years ahead because that is about how long it takes for rate changes to affect the economy.<br> But the statement the MPC issued with last Thursday's rate decision made it clear house prices - surging at nearly 20% annually - are a worry. \"Retail spending continues to be robust, underpinned by income growth and unexpectedly strong house price inflation,\" it said. <br>The truth seems to be that the MPC is uncomfortable with rates still below their neutral level while the economy and house prices are rising at nearly 20 times the rate of inflation. <br>\"It is possible that the MPC has started to interpret its inflation remit more flexibly. It may be seeking gradually to raise interest rates back up to a neutral level [often thought to be about 5-5.5%], in particular as a way of taking some steam out of the housing market,\" says economist Roger Bootle. <br>If you were the central bank, you would probably figure there was more downside to a house price crash than to cutting yourself a little slack for a while on your remit to try to take the froth off the housing market. Gordon Brown is hardly going to grumble if the MPC saves him taking the rap for a housing slump.</p>",
      "wordcount": "491",
      "commentable": "false",
      "isPremoderated": "false",
      "lastModified": "2004-05-10T00:54:48Z",
      "newspaperEditionDate": "2004-05-10T00:00:00Z",
      "productionOffice": "UK",
      "publication": "theguardian.com",
      "shortUrl": "https://gu.com/p/7yvf",
      "shouldHideAdverts": "false",
      "showInRelatedContent": "true",
      "legallySensitive": "false",
      "lang": "en",
      "bodyText": "Mervyn King, governor of the Bank of England, may have more on his mind today than how Aston Villa, of which he is an ardent fan, got on at the weekend. He is facing a quarterly press conference on Wednesday which promises to be even more interesting than usual, if you are a sad economics hack, at least. That is not just because it comes just after an interest rate rise, which is of itself a fairly infrequent occurrence these days. This time King could to face a grilling about whether the Bank is just targeting inflation, as is its remit, or - as many pundits suspect - is trying to deflate the housing market gently before the bubble bursts spectacularly. King, intriguingly for someone on his feet, holds a rehearsal on the day before the press conference in which Bank economists throw the sort of questions at him they think he may face. While that level of preparation may flatter journalists, he will no doubt be expecting house prices to dominate the hour-long event. Members of the Bank's monetary policy committee have long maintained that it is their job to keep inflation across the economy as close to its Treasury- set target as possible. They are not in the business of trying to control house prices or, for that matter, prices of any other assets such as stocks, they say. But some economists are not so sure. With inflation at 1.1%, well below its 2% target, they quarter at its long-term trend rate, there is little need for the MPC to be raising rates right now. King will no doubt argue on Wednesday that the MPC targets inflation two years ahead because that is about how long it takes for rate changes to affect the economy. But the statement the MPC issued with last Thursday's rate decision made it clear house prices - surging at nearly 20% annually - are a worry. \"Retail spending continues to be robust, underpinned by income growth and unexpectedly strong house price inflation,\" it said. The truth seems to be that the MPC is uncomfortable with rates still below their neutral level while the economy and house prices are rising at nearly 20 times the rate of inflation. \"It is possible that the MPC has started to interpret its inflation remit more flexibly. It may be seeking gradually to raise interest rates back up to a neutral level [often thought to be about 5-5.5%], in particular as a way of taking some steam out of the housing market,\" says economist Roger Bootle. If you were the central bank, you would probably figure there was more downside to a house price crash than to cutting yourself a little slack for a while on your remit to try to take the froth off the housing market. Gordon Brown is hardly going to grumble if the MPC saves him taking the rap for a housing slump.",
      "charCount": "2725"
    },
    "isHosted": false,
    "pillarId": "pillar/news",
    "pillarName": "News"
  },
  {
    "id": "uk/2004/may/10/ruralaffairs.oil",
    "type": "article",
    "sectionId": "uk-news",
    "sectionName": "UK news",
    "webPublicationDate": "2004-05-10T00:54:40Z",
    "webTitle": "Protests threatened over rising oil prices",
    "webUrl": "https://www.theguardian.com/uk/2004/may/10/ruralaffairs.oil",
    "apiUrl": "https://content.guardianapis.com/uk/2004/may/10/ruralaffairs.oil",
    "fields": {
      "headline": "Protests threatened over rising oil prices",
      "trailText": "Britain could face a wave of protests over rising fuel prices from the farmers and hauliers who forced petrol shortages almost four years ago with blockades at distribution depots and \"rolling roadblocks\".",
      "byline": "Peter Hetherington and Mark Milner",
      "main": "",
      "body": "Britain could face a wave of protests over rising fuel prices from the farmers and hauliers who forced petrol shortages almost four years ago with blockades at distribution depots and \"rolling roadblocks\". <p>The leader of the militant farmers' lobby which helped coordinate the mass picketing in 2000 said last night that action was inevitable because, he claimed, the big oil companies were exploiting international turmoil to increase prices. </p> <p>David Handley, leader of the Farmers for Action group, which has developed a picketing network throughout Britain, said members were being mobilised for protests. </p> <p>\"There will be action within weeks,\" said the Monmouthshire dairy farmer. \"There is a lot of anger out there. We are not sitting back and letting the likes of BP, Esso and Shell exploit the global situation and make people pay. We have had enough of their antics.\" </p> <p>The threatened protests come as airlines consider a surcharge on holiday air fares as a result of soaring oil prices. The last big round of surcharges in 2000 came when oil reached $30 a barrel; at the weekend in New York it reached $40, a 13-year high. </p> <p>Consumers have also been warned of increasing supermarket prices as freight companies pass on the extra costs. At the weekend, the average price of a litre of petrol rose to above 80p, the level that triggered fuel protests across Britain in 2000. </p> <p>Yesterday the Treasury said that at the recent meeting of the International Monetary Fund, \"we joined other countries in expressing our concern at the high levels of oil prices\". </p> <p>A spokesman said that problems were the result of world prices and not government duty.</p>",
      "newspaperPageNumber": "2",
      "wordcount": "273",
      "commentable": "false",
      "isPremoderated": "false",
      "lastModified": "2017-07-05T13:00:37Z",
      "newspaperEditionDate": "2004-05-10T00:00:00Z",
      "productionOffice": "UK",
      "publication": "theguardian.com",
      "shortUrl": "https://gu.com/p/hy3t",
      "shouldHideAdverts": "false",
      "showInRelatedContent": "true",
      "legallySensitive": "false",
      "lang": "en",
      "bodyText": "Britain could face a wave of protests over rising fuel prices from the farmers and hauliers who forced petrol shortages almost four years ago with blockades at distribution depots and \"rolling roadblocks\". The leader of the militant farmers' lobby which helped coordinate the mass picketing in 2000 said last night that action was inevitable because, he claimed, the big oil companies were exploiting international turmoil to increase prices. David Handley, leader of the Farmers for Action group, which has developed a picketing network throughout Britain, said members were being mobilised for protests. \"There will be action within weeks,\" said the Monmouthshire dairy farmer. \"There is a lot of anger out there. We are not sitting back and letting the likes of BP, Esso and Shell exploit the global situation and make people pay. We have had enough of their antics.\" The threatened protests come as airlines consider a surcharge on holiday air fares as a result of soaring oil prices. The last big round of surcharges in 2000 came when oil reached $30 a barrel; at the weekend in New York it reached $40, a 13-year high. Consumers have also been warned of increasing supermarket prices as freight companies pass on the extra costs. At the weekend, the average price of a litre of petrol rose to above 80p, the level that triggered fuel protests across Britain in 2000. Yesterday the Treasury said that at the recent meeting of the International Monetary Fund, \"we joined other countries in expressing our concern at the high levels of oil prices\". A spokesman said that problems were the result of world prices and not government duty.",
      "charCount": "1639"
    },
    "isHosted": false,
    "pillarId": "pillar/news",
    "pillarName": "News"
  },
  {
    "id": "business/2004/may/10/oilandpetrol.news",
    "type": "article",
    "sectionId": "business",
    "sectionName": "Business",
    "webPublicationDate": "2004-05-10T00:53:57Z",
    "webTitle": "As oil supply evaporates, gas storage expands",
    "webUrl": "https://www.theguardian.com/business/2004/may/10/oilandpetrol.news",
    "apiUrl": "https://content.guardianapis.com/business/2004/may/10/oilandpetrol.news",
    "fields": {
      "headline": "As oil supply evaporates, gas storage expands",
      "trailText": "<p>Humbly Grove used to be one of Britain's biggest onshore oilfields. It is about to become one of the country's largest gas storage facilities. </p>",
      "byline": "Mark Milner",
      "main": "",
      "body": "<p>Humbly Grove used to be one of Britain's biggest onshore oilfields. It is about to become one of the country's largest gas storage facilities. </p> <p>Star Energy, the company behind the Humbly Grove plan, believes that as Britain becomes a net importer of gas there will be a need for more storage capacity. </p> <p>It has already signed a deal with a gas trader to use Humbly Grove to store gas, taking advantage of low prices in summer when demand is low. </p> <p>\"Other European countries, such as France, Germany and Italy, have a much larger proportion of gas storage in relation to annual demand than the UK,\" the company said yesterday. \"The amount of gas storage is correlated to the amount of gas imported in these countries. UK gas stor age capacity will need to increase as indigenous gas supplies diminish.\" </p> <p>As a bonus, using Humbly Grove to store gas will increase its life as an oilfield. Pumping in gas will make it easier to extract the remaining oil. </p> <p>Star, which was founded in 1999 with backing from the venture capital group European Acquisition Capital, comes to the Alternative Investment Market this week through a \u00a379m flotation. About 45m shares are being placed at 175p each. </p> <p>About half of the proceeds will be used to redeem shares from EAC, which will retain a 20% stake, and the rest to fund the Humbly Grove scheme. </p> <p>Star has potential gas storage facilities at other onshore fields. It has oil-producing fields and exploration licences for areas in the east Midlands and the Weald basin. </p> <p>Its operational line-up is completed by a power generation business including gas-fired plants and wind turbines. </p> <p><strong>\u00b7</strong> Power blackouts pose the biggest threat to businesses across Europe and huge sums are needed to upgrade ageing infrastructure, a survey showed today. </p> <p>Nine out of 10 companies polled by PricewaterhouseCoopers said they believe snap disruptions to power supplies will continue to strike Europe regularly. The findings come a month after a power failure in Wiltshire hit 61,000 homes, while 300 underground trains were affected by a blackout in London in August. </p> <p>In the worst instance, in August last year tens of millions of people in north-eastern states of the United States and Canada were without electricity for two days after a power failure.</p>",
      "newspaperPageNumber": "21",
      "wordcount": "380",
      "commentable": "false",
      "isPremoderated": "false",
      "lastModified": "2004-05-10T00:53:57Z",
      "newspaperEditionDate": "2004-05-10T00:00:00Z",
      "productionOffice": "UK",
      "publication": "theguardian.com",
      "shortUrl": "https://gu.com/p/dkhy",
      "shouldHideAdverts": "false",
      "showInRelatedContent": "true",
      "legallySensitive": "false",
      "lang": "en",
      "bodyText": "Humbly Grove used to be one of Britain's biggest onshore oilfields. It is about to become one of the country's largest gas storage facilities. Star Energy, the company behind the Humbly Grove plan, believes that as Britain becomes a net importer of gas there will be a need for more storage capacity. It has already signed a deal with a gas trader to use Humbly Grove to store gas, taking advantage of low prices in summer when demand is low. \"Other European countries, such as France, Germany and Italy, have a much larger proportion of gas storage in relation to annual demand than the UK,\" the company said yesterday. \"The amount of gas storage is correlated to the amount of gas imported in these countries. UK gas stor age capacity will need to increase as indigenous gas supplies diminish.\" As a bonus, using Humbly Grove to store gas will increase its life as an oilfield. Pumping in gas will make it easier to extract the remaining oil. Star, which was founded in 1999 with backing from the venture capital group European Acquisition Capital, comes to the Alternative Investment Market this week through a \u00a379m flotation. About 45m shares are being placed at 175p each. About half of the proceeds will be used to redeem shares from EAC, which will retain a 20% stake, and the rest to fund the Humbly Grove scheme. Star has potential gas storage facilities at other onshore fields. It has oil-producing fields and exploration licences for areas in the east Midlands and the Weald basin. Its operational line-up is completed by a power generation business including gas-fired plants and wind turbines. \u00b7 Power blackouts pose the biggest threat to businesses across Europe and huge sums are needed to upgrade ageing infrastructure, a survey showed today. Nine out of 10 companies polled by PricewaterhouseCoopers said they believe snap disruptions to power supplies will continue to strike Europe regularly. The findings come a month after a power failure in Wiltshire hit 61,000 homes, while 300 underground trains were affected by a blackout in London in August. In the worst instance, in August last year tens of millions of people in north-eastern states of the United States and Canada were without electricity for two days after a power failure.",
      "charCount": "2256"
    },
    "isHosted": false,
    "pillarId": "pillar/news",
    "pillarName": "News"
  },
  {
    "id": "world/2004/may/10/chechnya.russia1",
    "type": "article",
    "sectionId": "world",
    "sectionName": "World news",
    "webPublicationDate": "2004-05-10T00:53:52Z",
    "webTitle": "How strongman of Grozny turned into a rebel target",
    "webUrl": "https://www.theguardian.com/world/2004/may/10/chechnya.russia1",
    "apiUrl": "https://content.guardianapis.com/world/2004/may/10/chechnya.russia1",
    "fields": {
      "headline": "How strongman of Grozny turned into a rebel target",
      "standfirst": "Akhmad Kadyrov was a moderate who made enemies by turning to Moscow",
      "trailText": "Akhmad Kadyrov was a moderate who made enemies by turning to Moscow.",
      "byline": "Nick Paton Walsh in Moscow",
      "main": "",
      "body": "It was a symbolic day for Russia's grip on Chechnya. Akhmad Kadyrov, the much-criticised Chechen who Moscow had effectively installed as president in elections last October, was at the Dynamo stadium celebrating the victory of Soviet forces over the Nazis 59 years ago. <p>Alongside him was the Russian commander in the region, Lieutenant-General Valeri Baranov. </p> <p>The stadium, one of the few new buildings in Grozny, the Chechen capital levelled by two wars in a decade, brimmed with Chechen top brass as the parades got under way. At 10.35am, the fate of Chechnya changed, as a landmine ripped through the VIP box where Kadyrov and Baranov sat. </p> <p>The seats were shredded in the blast, the president's body - unconscious and bloodied - was dragged into a waiting Mercedes jeep. He died 30 minutes later. </p> <p>Eight years ago, few could have entertained Kadyrov sitting alongside the head of a military force that most Chechens see as occupiers. He was a Chechen religious leader, who in 1996 urged jihad against the Slavic invaders. </p> <p>Slowly, his rhetoric softened while his disillusionment with the radical Islam taking hold in Chechnya grew. He became the strongman mayor of Grozny, and began amassing a private army after Russia finished its second disastrous war in the republic in 2000. </p> <p>Yet as the horrendous abuses of the Russian \"clean-up operations\" against suspected rebel sympathisers continued to attract criticism abroad, the Kremlin decided they needed a way out of an intractable mess. </p> <p>Kadyrov provided an easy option. In March last year a referendum was held and, after widespread coercion and ballot-stuffing, provided a mandate for a new Chechen constitution that gave the republic limited autonomy from Moscow in exchange for giving up ideas of independence. </p> <p>In October, the deal was completed when presidential elections put Kadyrov in charge. It was a one-horse race - most of his competitors had been barred from running. </p> <p>Kadyrov was perhaps the most hated man in Chechnya. \"I hate Kadyrov more than anyone else here,\" one former rebel who had laid down his arms to work in a caf\u00e9, told the Guardian in Grozny last year. </p> <p><b>Torture</b><br> </p> <p>He recounted how he had been tortured by Ramzan, the president's son, and that Chechen-on-Chechen violence had peaked under the Kadyrovs. \"It was not always this way. [Chechens] got into fights, but now the violence is like never before. Who is to blame? Kadyrov.\" </p> <p>Yet the man loathed as a traitor to Chechnya who had sold out to the Russians, was key to Moscow's solution for the republic. The plan was to transfer the job of wiping out resistance to Kadyrov's 4,000-strong security forces. </p> <p>They were increasingly working with Russian troops to round up Chechens seen as a threat to Russian dominance. </p> <p>Russian public opinion could better tolerate Chechens killing Chechens, and more importantly Moscow's troop presence could be reduced, limiting the daily deaths of young conscripts. </p> <p>But the handover came at a price. Kadyrov sought control of the limited oil industry, previously a money-spinner for the Russian military. The presidential security service, headed by Ramzan, intermittently clashed with Russian troops keen to retain their grip on the republic. Yet the most significant move Kadyrov made in trying to secure control was to employ former rebels in his private army. </p> <p>The hired guns happily took Moscow's money, and in turn tried to persuade their former colleagues their future lay not hiding out in the woods, endlessly dodging Russian attacks, but with the Kadyrovtsi - the presidential army. </p> <p>Critics said the move allowed rebel sympathisers into the ranks of the security apparatus and giving rebels greater freedom of movement. Some said it even contributed to Kadyrov's death because he had perhaps been betrayed by rebel sympathisers in his security detail. </p> <p>Yet there was a payoff. In recent months, the rebels appeared to be waning. Russian casualties remained very high, yet key aides to the rebel leader, Aslan Maskhadov, began surrendering. A massive operation was launched by Kadyrov to capture him, and another rebel figurehead, the Saudi mercenary Abu al-Walid al-Ghamdi was reportedly killed. </p> <p>The information void in Chechnya repeatedly hinted that the end might be near for Mr Maskhadov, the president of Chechnya during its brief independence and the last moderate in the Chechen resistance. </p> <p>In recent months, reports surfaced that Kadyrov had been holding talks with Mr Maskhadov. The Russian newspaper Gazeta cited federal and Chechen sources saying Kadyrov had known the rebel leader was hiding in the town of Gudermes for a few months and had been conducting secret talks with him to arrange a surrender. </p> <p>Such discussions - abhorrent to Moscow, who says Russia \"obliterates\" rather than negotiates with terrorists - were denied by Kadyrov, yet showed his growing grip over the region and the irrelevance he was slowly imposing on the rebel movement. </p> <p>But yesterday the blood spattered across the fresh paint of Grozny's Dynamo stadium showed that the rebels and the cause of Chechen independence was far from its knees.</p>",
      "newspaperPageNumber": "13",
      "wordcount": "828",
      "commentable": "false",
      "isPremoderated": "false",
      "lastModified": "2017-04-12T15:11:47Z",
      "newspaperEditionDate": "2004-05-10T00:00:00Z",
      "productionOffice": "UK",
      "publication": "theguardian.com",
      "shortUrl": "https://gu.com/p/jz5y",
      "shouldHideAdverts": "false",
      "showInRelatedContent": "true",
      "legallySensitive": "false",
      "lang": "en",
      "bodyText": "It was a symbolic day for Russia's grip on Chechnya. Akhmad Kadyrov, the much-criticised Chechen who Moscow had effectively installed as president in elections last October, was at the Dynamo stadium celebrating the victory of Soviet forces over the Nazis 59 years ago. Alongside him was the Russian commander in the region, Lieutenant-General Valeri Baranov. The stadium, one of the few new buildings in Grozny, the Chechen capital levelled by two wars in a decade, brimmed with Chechen top brass as the parades got under way. At 10.35am, the fate of Chechnya changed, as a landmine ripped through the VIP box where Kadyrov and Baranov sat. The seats were shredded in the blast, the president's body - unconscious and bloodied - was dragged into a waiting Mercedes jeep. He died 30 minutes later. Eight years ago, few could have entertained Kadyrov sitting alongside the head of a military force that most Chechens see as occupiers. He was a Chechen religious leader, who in 1996 urged jihad against the Slavic invaders. Slowly, his rhetoric softened while his disillusionment with the radical Islam taking hold in Chechnya grew. He became the strongman mayor of Grozny, and began amassing a private army after Russia finished its second disastrous war in the republic in 2000. Yet as the horrendous abuses of the Russian \"clean-up operations\" against suspected rebel sympathisers continued to attract criticism abroad, the Kremlin decided they needed a way out of an intractable mess. Kadyrov provided an easy option. In March last year a referendum was held and, after widespread coercion and ballot-stuffing, provided a mandate for a new Chechen constitution that gave the republic limited autonomy from Moscow in exchange for giving up ideas of independence. In October, the deal was completed when presidential elections put Kadyrov in charge. It was a one-horse race - most of his competitors had been barred from running. Kadyrov was perhaps the most hated man in Chechnya. \"I hate Kadyrov more than anyone else here,\" one former rebel who had laid down his arms to work in a caf\u00e9, told the Guardian in Grozny last year. Torture He recounted how he had been tortured by Ramzan, the president's son, and that Chechen-on-Chechen violence had peaked under the Kadyrovs. \"It was not always this way. [Chechens] got into fights, but now the violence is like never before. Who is to blame? Kadyrov.\" Yet the man loathed as a traitor to Chechnya who had sold out to the Russians, was key to Moscow's solution for the republic. The plan was to transfer the job of wiping out resistance to Kadyrov's 4,000-strong security forces. They were increasingly working with Russian troops to round up Chechens seen as a threat to Russian dominance. Russian public opinion could better tolerate Chechens killing Chechens, and more importantly Moscow's troop presence could be reduced, limiting the daily deaths of young conscripts. But the handover came at a price. Kadyrov sought control of the limited oil industry, previously a money-spinner for the Russian military. The presidential security service, headed by Ramzan, intermittently clashed with Russian troops keen to retain their grip on the republic. Yet the most significant move Kadyrov made in trying to secure control was to employ former rebels in his private army. The hired guns happily took Moscow's money, and in turn tried to persuade their former colleagues their future lay not hiding out in the woods, endlessly dodging Russian attacks, but with the Kadyrovtsi - the presidential army. Critics said the move allowed rebel sympathisers into the ranks of the security apparatus and giving rebels greater freedom of movement. Some said it even contributed to Kadyrov's death because he had perhaps been betrayed by rebel sympathisers in his security detail. Yet there was a payoff. In recent months, the rebels appeared to be waning. Russian casualties remained very high, yet key aides to the rebel leader, Aslan Maskhadov, began surrendering. A massive operation was launched by Kadyrov to capture him, and another rebel figurehead, the Saudi mercenary Abu al-Walid al-Ghamdi was reportedly killed. The information void in Chechnya repeatedly hinted that the end might be near for Mr Maskhadov, the president of Chechnya during its brief independence and the last moderate in the Chechen resistance. In recent months, reports surfaced that Kadyrov had been holding talks with Mr Maskhadov. The Russian newspaper Gazeta cited federal and Chechen sources saying Kadyrov had known the rebel leader was hiding in the town of Gudermes for a few months and had been conducting secret talks with him to arrange a surrender. Such discussions - abhorrent to Moscow, who says Russia \"obliterates\" rather than negotiates with terrorists - were denied by Kadyrov, yet showed his growing grip over the region and the irrelevance he was slowly imposing on the rebel movement. But yesterday the blood spattered across the fresh paint of Grozny's Dynamo stadium showed that the rebels and the cause of Chechen independence was far from its knees.",
      "charCount": "5091"
    },
    "isHosted": false,
    "pillarId": "pillar/news",
    "pillarName": "News"
  },
  {
    "id": "business/2004/may/10/1",
    "type": "article",
    "sectionId": "business",
    "sectionName": "Business",
    "webPublicationDate": "2004-05-10T00:53:15Z",
    "webTitle": "Monday briefing",
    "webUrl": "https://www.theguardian.com/business/2004/may/10/1",
    "apiUrl": "https://content.guardianapis.com/business/2004/may/10/1",
    "fields": {
      "headline": "Monday briefing",
      "trailText": "<p><strong>Sunday Times</strong><br /> </p>",
      "main": "",
      "body": "<p><strong>Sunday Times</strong><br> </p> <p><strong>Oil prices</strong> could hit $50 a barrel in the coming weeks, analysts have warned. </p> <p>French defence group <strong>Thales</strong> will this week reveal plans to build sophisticated unmanned military aircraft in Britain in partnership with Israel's Elbit. </p> <p><strong>Sunday Telegraph</strong><br> </p> <p>The FSA has accused the 21 firms at the heart of the <strong>split-capital investment trust</strong> debacle of the worst misconduct it has ever seen. </p> <p><strong>Royal Mail</strong> will say it is on track to make a \u00a3400m operating profit this year, triggering a cash bonus of at least \u00a3800 for each of its 200,000 employees, when it reports last year's financial results within the next three weeks. </p> <p><strong>Royal Bank of Scotland</strong> could receive as much as $500m in compensation if a rival bidder breaks up its $10.5bn, all-cash takeover of Charter One Financial. </p> <p><strong>Observer</strong><br> </p> <p>Daily Telegraph owner <strong>Lord Black </strong> faces personal ruin in the wake of one of the largest lawsuits ever filed against an individual. </p> <p><strong>Sir Christopher Hogg</strong> is ready to quit as chairman of pharmaceutical group GlaxoSmithKline. He is expected to stand down in 2005, City sources say. </p> <p>BSkyB chief executive <strong>James Murdoch</strong> faces tough questions this week over the slowing rate of the firm's subscriber growth. </p> <p><strong>Halfords</strong>, the car parts and bicycle retailer, will float in June with a price tag of nearly \u00a31bn. </p> <p><strong>IoS</strong><br> </p> <p><strong>Nestl\u00e9</strong> is set for a head-to-head battle with the Fairtrade Foundation as it prepares to launch an \"ethical\" coffee product in the UK. </p> <p>The City is warning that <strong>Network Rail's</strong> plans to tap the bond markets for \u00a320bn could be undermined by the government's review of the rail industry. </p> <p><strong>The Business</strong><br> </p> <p><strong>Justin King</strong>, the new chief executive of supermarket group J Sainsbury, will refuse to take questions on his strategy at the firm's annual results presentation on May 19, a decision infuriating investors. </p> <p><strong>Mail on Sunday</strong><br> </p> <p><strong>British Airways</strong> is believed to have transformed its heavily loss-making European operations to the point where they will break even in the current financial year. </p> <p><strong>Sunday Express</strong><br> </p> <p>British companies will this week sign deals worth hundreds of millions of pounds during a visit to London by the Chinese head of state. </p> <p>Europe's largest quoted private equity group,<strong> 3i</strong>, could be vulnerable to a \u00a35bn takeover after a slowing of third party investment and doubts over its succession programme, sources close to the group have warned.<br>  <strong>Reports</strong><br> </p> <p><strong>Today</strong><br> </p> <p><strong>Interims</strong> Chrysalis, Securicor, Windsor. <strong>Finals</strong> Bizspace. <strong>AGMs</strong> Centrica, Invesco Perpetual Euro Investment. <strong>EGMs</strong> None scheduled. </p> <p><strong>Tuesday</strong><br> </p> <p><strong>Interims</strong> BG (Q1), Centurion Electronics, Sage Group. <strong>Finals</strong> ukbetting, Robert Wiseman Dairies. <strong>AGMs</strong> Johnson Service Group, Macfarlane, Merchants Trust, Standard Chartered, WSP Group. <strong>EGMs</strong> None scheduled. </p> <p><strong>Wednesday</strong><br> </p> <p><strong>Interims</strong> British Sky Broadcasting (Q3), Fulcrum Pharma, Galen (Q2). <strong>Finals</strong> Alliance Pharma, N Brown, FirstGroup. <strong>AGMs</strong> Carillion, Edininburgh US Tracker, F&amp;C Investment Trust, Gallaher, Guinness Peat, Maisha, Mallett, Nichols, Ottakar's, Quarto, Quester VCT 5, Weir Group, Taylor Nelson Sofres, Unilever, Watermark Group. <strong>EGMs</strong> None scheduled. </p> <p><strong>Thursday</strong><br> </p> <p><strong>Interims</strong> BOC (Q2), Elan Corp (Q1), Lastminute.com (Q1), Royal &amp; Sun Alliance (Q1). <strong>Finals</strong> Bank of Ireland, QXL Ricardo. <strong>AGMs</strong> Autologic, Edinburgh Oil &amp; Gas, Churchill China, Intertek, Itouch, Next, Old Mutual, Universe Group. <strong>EGMs</strong> Aveva Group. <strong>Trading Statement</strong> Next. <strong>Traffic Figures</strong> BAA (April). </p> <p><strong>Friday</strong><br> </p> <p><strong>Interims</strong> None scheduled. <strong>Finals</strong> Synergy Healthcare. <strong>AGMs</strong> Autologic, Edinburgh Oil &amp; Gas, Churchill China, Intertek, Itouch, Old Mutual, Universe Group. <strong>EGMs</strong> Aveva Group. </p> <p><strong>Indicators today</strong><br> </p> <p><strong>UK</strong> Producer prices (Apr). <strong>UK</strong> ODPM house prices (Mar). <strong>UK</strong> BRC sales monitor (Apr). </p> <p><strong>Tuesday</strong><br> </p> <p><strong>JP</strong> Leading indicators (Mar). <strong>JP</strong> Household survey (Feb). <strong>GER</strong> Trade balance (Mar). <strong>FR</strong> Ind production (Mar). <strong>UK</strong> Industrial production (Mar). </p> <p><strong>Wednesday</strong><br> </p> <p><strong>UK</strong> Unemployment (Apr). <strong>UK</strong> Average earnings (Mar). <strong>UK</strong> Trade in goods and services (Mar). <strong>UK</strong> BoE inflation report. <strong>US</strong> Trade balance (Mar). <strong>FR</strong> GDP (Q1). </p> <p><strong>Thursday</strong><br> </p> <p><strong>JP</strong> Private machinery orders (Mar). <strong>JP</strong> Money supply (Mar). <strong>GER</strong> GDP (Q1). <strong>FR</strong> CPI (Apr). <strong>IT</strong> GDP (Apr). <strong>US</strong> Jobless claims. <strong>US</strong> PPI (Apr). <strong>US</strong> Retail sales (Apr). </p> <p><strong>Friday</strong><br> </p> <p><strong>JP</strong> Economy watcher's survey (Apr). <strong>FR</strong> Non-farm payrolls (Q1). <strong>Eurozone</strong> GDP (Q1). <strong>US</strong> Business inventories (Mar). <strong>US</strong> Industrial production (Apr). <strong>US</strong> Michigan sentiment (May). <strong>US</strong> CPI (Apr).</p>",
      "newspaperPageNumber": "21",
      "wordcount": "672",
      "commentable": "false",
      "isPremoderated": "false",
      "lastModified": "2004-05-10T00:53:15Z",
      "newspaperEditionDate": "2004-05-10T00:00:00Z",
      "productionOffice": "UK",
      "publication": "theguardian.com",
      "shortUrl": "https://gu.com/p/7yv4",
      "shouldHideAdverts": "false",
      "showInRelatedContent": "true",
      "legallySensitive": "false",
      "lang": "en",
      "bodyText": "Sunday Times Oil prices could hit $50 a barrel in the coming weeks, analysts have warned. French defence group Thales will this week reveal plans to build sophisticated unmanned military aircraft in Britain in partnership with Israel's Elbit. Sunday Telegraph The FSA has accused the 21 firms at the heart of the split-capital investment trust debacle of the worst misconduct it has ever seen. Royal Mail will say it is on track to make a \u00a3400m operating profit this year, triggering a cash bonus of at least \u00a3800 for each of its 200,000 employees, when it reports last year's financial results within the next three weeks. Royal Bank of Scotland could receive as much as $500m in compensation if a rival bidder breaks up its $10.5bn, all-cash takeover of Charter One Financial. Observer Daily Telegraph owner Lord Black faces personal ruin in the wake of one of the largest lawsuits ever filed against an individual. Sir Christopher Hogg is ready to quit as chairman of pharmaceutical group GlaxoSmithKline. He is expected to stand down in 2005, City sources say. BSkyB chief executive James Murdoch faces tough questions this week over the slowing rate of the firm's subscriber growth. Halfords, the car parts and bicycle retailer, will float in June with a price tag of nearly \u00a31bn. IoS Nestl\u00e9 is set for a head-to-head battle with the Fairtrade Foundation as it prepares to launch an \"ethical\" coffee product in the UK. The City is warning that Network Rail's plans to tap the bond markets for \u00a320bn could be undermined by the government's review of the rail industry. The Business Justin King, the new chief executive of supermarket group J Sainsbury, will refuse to take questions on his strategy at the firm's annual results presentation on May 19, a decision infuriating investors. Mail on Sunday British Airways is believed to have transformed its heavily loss-making European operations to the point where they will break even in the current financial year. Sunday Express British companies will this week sign deals worth hundreds of millions of pounds during a visit to London by the Chinese head of state. Europe's largest quoted private equity group, 3i, could be vulnerable to a \u00a35bn takeover after a slowing of third party investment and doubts over its succession programme, sources close to the group have warned. Reports Today Interims Chrysalis, Securicor, Windsor. Finals Bizspace. AGMs Centrica, Invesco Perpetual Euro Investment. EGMs None scheduled. Tuesday Interims BG (Q1), Centurion Electronics, Sage Group. Finals ukbetting, Robert Wiseman Dairies. AGMs Johnson Service Group, Macfarlane, Merchants Trust, Standard Chartered, WSP Group. EGMs None scheduled. Wednesday Interims British Sky Broadcasting (Q3), Fulcrum Pharma, Galen (Q2). Finals Alliance Pharma, N Brown, FirstGroup. AGMs Carillion, Edininburgh US Tracker, F&amp;C Investment Trust, Gallaher, Guinness Peat, Maisha, Mallett, Nichols, Ottakar's, Quarto, Quester VCT 5, Weir Group, Taylor Nelson Sofres, Unilever, Watermark Group. EGMs None scheduled. Thursday Interims BOC (Q2), Elan Corp (Q1), Lastminute.com (Q1), Royal &amp; Sun Alliance (Q1). Finals Bank of Ireland, QXL Ricardo. AGMs Autologic, Edinburgh Oil &amp; Gas, Churchill China, Intertek, Itouch, Next, Old Mutual, Universe Group. EGMs Aveva Group. Trading Statement Next. Traffic Figures BAA (April). Friday Interims None scheduled. Finals Synergy Healthcare. AGMs Autologic, Edinburgh Oil &amp; Gas, Churchill China, Intertek, Itouch, Old Mutual, Universe Group. EGMs Aveva Group. Indicators today UK Producer prices (Apr). UK ODPM house prices (Mar). UK BRC sales monitor (Apr). Tuesday JP Leading indicators (Mar). JP Household survey (Feb). GER Trade balance (Mar). FR Ind production (Mar). UK Industrial production (Mar). Wednesday UK Unemployment (Apr). UK Average earnings (Mar). UK Trade in goods and services (Mar). UK BoE inflation report. US Trade balance (Mar). FR GDP (Q1). Thursday JP Private machinery orders (Mar). JP Money supply (Mar). GER GDP (Q1). FR CPI (Apr). IT GDP (Apr). US Jobless claims. US PPI (Apr). US Retail sales (Apr). Friday JP Economy watcher's survey (Apr). FR Non-farm payrolls (Q1). Eurozone GDP (Q1). US Business inventories (Mar). US Industrial production (Apr). US Michigan sentiment (May). US CPI (Apr).",
      "charCount": "4300"
    },
    "isHosted": false,
    "pillarId": "pillar/news",
    "pillarName": "News"
  }
]