[
  {
    "id": "lifeandstyle/2004/mar/12/foodanddrink.shopping",
    "type": "article",
    "sectionId": "lifeandstyle",
    "sectionName": "Life and style",
    "webPublicationDate": "2004-03-12T09:45:17Z",
    "webTitle": "What your supermarket says about you",
    "webUrl": "https://www.theguardian.com/lifeandstyle/2004/mar/12/foodanddrink.shopping",
    "apiUrl": "https://content.guardianapis.com/lifeandstyle/2004/mar/12/foodanddrink.shopping",
    "fields": {
      "headline": "'I'm rich and I'm living well. Shopping here is part of that'",
      "standfirst": "Together they empty our pockets of an eye-popping \u00a375bn a year - little wonder that Britain's supermarkets invest so much effort in cornering their share. So just how do they go about attracting their customers? Do we select them - or do they select us?  Stuart Jeffries on why your choice of supermarket says more about you than you think",
      "trailText": "<p>Together they empty our pockets of an eye-popping \u00a375bn a year - little wonder that Britain's supermarkets invest so much effort in cornering their share. <strong>Stuart Jeffries</strong> on why your choice of supermarket says more about you than you think.</p>",
      "byline": "Stuart Jeffries",
      "main": "",
      "body": "<p>In one of Alan Bennett's Talking Heads dramas, someone exposes themselves in a branch of Sainsbury's. \"Tesco's you could understand,\" says an elderly woman tartly. It's a remark that neatly sums up both the British obsession with class and our almost tribal attachment to specific supermarket brands. Tesco, the implication goes, is for commoner people who are slightly more likely to drop their trousers in public than Sainsbury's shoppers. By extension, Waitrose is for those more likely to have second homes in Chiantishire than the first two; Asda for people who aspire to have a second home anywhere but probably never will; Lidl for people who have never heard of Chiantishire; Marks and Spencer for those who affect to have never heard of Lidl. That kind of thing. </p> <p>This may sound like a small matter. But it goes to the heart of a \u00a375bn industry that has radically changed our landscapes, our lifestyles and our bank balances. The supermarket industry's enormous value explains the ferocity with which the recent \u00a33bn takeover battle for the Safeway chain was fought between Asda-Walmart and eventual victors Morrison. And it's one in which targeting the right demographic through cunningly devised images is massively important: for instance, Prunella Scales has reportedly earned Tesco \u00a32.2bn since 1998 for her TV ad performances as a penny-pinching silver spender, while mockney superchef Jamie Oliver is estimated to have swollen Sainsbury's takings by \u00a31.12bn in the past 18 months. </p> <p>The lucrative struggle for Britain's shoppers is set to intensify in the next few weeks, as Morrison's strives to boost the profitability of its Safeway chain by cutting prices of 800 goods, and rivals inevitably follow suit. In this looming price war, the winners are likely to be those who know their customers best, and their most potent weapons will be endless gigabytes of information drawn from sophisticated - and themselves vastly valuable - geodemographic analyses of British customers. </p> <p>The food writer Jonathan Meades makes the point that, much more than elsewhere, social class determines what one eats in Britain. In France it is different: \"If you take a labourer in Marseilles and a CEO in Marseilles, they will eat approximately the same food,\" says Meades. \"In this country there is no link between what a guy who is working in a building site in Southampton eats and the guy who runs that site - they eat completely different things.\" </p> <p>Given that most Britons buy most of their food from supermarkets, it's a small step from Meades' point to the conclusion that our supermarkets are class-stratified. Verdict Research, for instance, has found that Waitrose has the highest proportion of shoppers from the professional social classes A and B (47%), followed by Sainsbury's (34%), Marks &amp; Spencer (22%), Tesco (21%) and Safeway (17%). At the bottom of the market, 72% of Netto's shoppers are blue-collar Ds or Es, with Kwik Save (66%), Lidl (54%) and Somerfield (50%) close behind. </p> <p>Of course, such figures don't tell the whole story. Different social classes shop at different branches of the same chain. My local Sainsbury's in London, for instance, is in a district noted for its drive-by shootings and has a clientele to match; the branch in Finchley Road, about four miles away, has \u00a374.99 bottles of Krug on open display and is is patronised almost exclusively by Messrs Ladi and Dah. And it suits the supermarkets, clearly, to strive to lure both ends of the spectrum. That's why Tesco has both its \"Finest\" ranges and its \"Value\" products - so it can be all things to all people. Peter Jackson, professor of human geography at Sheffield University, who has been conducting a three-year study into supermarket loyalty and social class, says: \"What's clear from our research is that people just don't see those ranges that 'aren't for them'. In Sainsbury's, for example, some people will walk past the 'Taste the Difference' ranges to the budget ranges. They won't even see the ones that aren't targeted at them. And vice versa.\" </p> <p>It is not all about class. Subjective matters such as the pleasantness of the store, or how its decor, music and baking fragrances chime with one's own self-image (all of which Jackson brackets under \"cultural capital\") can be just as important as objective factors like price and convenience. But there is little question that all this multi-sensory ingenuity is deployed to keep people from the targeted social classes coming through the doors. This may mean that one favours a particular branch of Sainsbury's over another, but it will also mean that there are some supermarket chains one will never visit. \"The problem for the supermarkets,\" says Jackson, \"is to provide a store environment that is attractive to a wide range of people to maximise their market share, while shoppers seem to want a more differentiated environment where they will be surrounded by people 'like themselves', with whom they feel comfortable.\" </p> <p>Data analysts Experian contend that the old class system isn't flexible enough to be of use to supermarkets when deciding such matters as where to put their stores, what kind of music to have on the PA, or whether to move the beer next to the nappies after 6pm (as some stores do) so after-work booze-hound fathers will remember there's something in their lives other than themselves. The old A-E classes are tied to occupation, which is insufficient data for a supermarket which is trying to lure cash-rich plumbers to buy their poncy coffees, rather than molecular biologists (say) who can only afford gruel and coarse toilet paper. </p> <p>To deal with this, Experian has devised a consumer classification system called Mosaic UK, which many supermarkets use to help make key decisions (where to put a store, what to fill it with, etc). Using the 2001 Census figures and data on such things as county court judgments, credit ratings, qualifications, car ownership, age and background, and working on this data with geodemographic software, Mosaic UK divides the country into 11 groups, each of which is given an evocative name and a stereotypical - and determinedly heterosexual - couple to match. These 11 master categories break down into 61 delightfully named sub-groups (Golden Empty Nesters, Dinky Developments, White Van Culture, Town Gown Transition etc). </p> <p>So where do you shop? It says a great deal more about you than you may care to acknowledge. </p> <p><strong>Waitrose</strong><br> </p> <p>Rupert and Felicity, of the \"symbols of success\" group, which represents 9.6% of UK households, are most likely to shop here. According to Experian: \"The air of discretion and understatement that is associated with traditional premium brands appeals more than the flamboyance and conspicuous consumption associated with the nouveau riche.\" </p> <p>At the branch in Finchley Road, north-west London, there is no piped music, one brand of truffle oil and a well-groomed clientele politely manoeuvring around such features as the well-appointed salad bar, reassuringly in the same place as when I first visited this store 15 years ago. The cream-and-green livery, and the dearth of loud-mouthed, ill-groomed yahoos in significant number, are soothing. </p> <p>A \u00a353,000-a-year sales manager is taking a large mixed salad and a bottle of still mineral water back to his new Peugeot estate car. \"It's more expensive than nearby supermarkets, but it speaks to me. It's the kind of shop that I feel comfortable in. It's quiet, classy, unpretentious. Of course, if I was unemployed or on a lower income I'd feel otherwise and shop elsewhere.\" </p> <p>A retired psychotherapist with a brisk manner, an M-reg Volvo estate and a basket of fresh vegetables, adds: \"There's no big sales pitch here, which is very refreshing. You don't feel as though your intelligence is being insulted. I like the fact that the goods are sourced ethically. You don't feel as though you're taking part in the globalised nightmare.\" </p> <p><strong>Prices</strong> </p> <p>2 pints semi-skimmed milk <strong>58p</strong><br>450g chicken tikka masala and rice <strong>\u00a32.35</strong><br>1.5kg plain flour <strong>48p</strong><br>4-pack loo roll <strong>\u00a31.59</strong> </p> <p><strong>Sainsbury's</strong><br> </p> <p>Our friends Rupert and Felicity are quite likely to shop here, too, but the most likely Sainsbury's shoppers are Ben and Chloe, the \"urban intelligence\" archetypes, who represent 7.2% of UK households. Young, well-educated, cosmopolitan in their tastes, liberal in their outlooks and unlikely to have children, many Bens and Chloes live in inner-city areas and have high levels of disposable income. </p> <p>At the exclusive Finchley Road branch, there are three kinds of traditional Japanese sea vegetable, no piped music, not just truffle oil but white truffle oil, and more kinds of olive oil than seems proper. This was the branch that Jamie Oliver's wife Jules walked past in favour of the above-mentioned Waitrose store, even though her husband was being paid \u00a3250,000 a year to promote Sainsbury's. And one can see why she did: this Sainsbury's is a store of riches, where fine wines are juxtaposed against a vast range of novelty socks too vulgar to find a place in Waitrose, and baking fragrances titillate the nostrils. </p> <p>A carefully groomed woman in her mid-40s and swathed in mauve, who declines to specify her income or profession, is loading her shopping into a BMW estate with the help of someone who may have been her mother, or, quite possibly, servant. She says: \"If I'm being honest, Sainsbury's makes me feel good about myself. I'm rich and I'm living life well. Shopping here is part of all that.\" </p> <p>Doesn't the evident fact that Sainsbury's public face, Jamie Oliver, is a mockney herbert put you off shopping here, I ask a twentysomething nursery school teacher on \u00a319,000 a year? \"Not at all. He lives a good life. He's cool. So am I. He's a bit more funky than Prunella Scales [who plays the penny-pinching mother in the Tesco's ad].\" Can you afford to shop here? \"Yes, but it's very tempting to buy the expensive goods here and go mad. That's why I come on a mountain bike to restrict myself: I can't carry that much home.\" </p> <p><strong>Prices</strong> </p> <p>2 pints semi-skimmed milk <strong>58p</strong><br>Chicken tikka masala with rice (500g) <strong>\u00a33.29</strong><br>1.5 kg plain flour <strong>79p</strong><br>4-pack loo roll <strong>\u00a31.55</strong> from Superfine range (or 9 rolls for <strong>\u00a31</strong> from the low-price range). </p> <p><strong>Tesco</strong><br> </p> <p>The second most important shoppers to Tesco, after Rupert and Felicity, are Darren and Joanne, the \"happy families\" group, who represent 10.8% of UK households. Young couples raising young children, they work in large public or private organisations and live in areas of rapidly expanding employment, such as Northampton, Milton Keynes and Swindon. </p> <p>\"You get all kinds of income levels shopping here,\" says Nick Gladding, Verdict Research's senior analyst of economics and forecasting, \"but Tesco is determinedly moving away from being downmarket and price-led. It's Britain's most successful grocer at the moment, and it's trying to move into Sainsbury's AB demographic.\" This may well explain the new \"grab-and-go olive counter\" at the Colney Hatch branch in north London. </p> <p>Tesco, however, still has a value-fixated slogan (\"Every little helps\"), while Sainsbury's, interestingly, is the only British supermarket that has a quality-related one (\"Making life taste better\"). The former, no doubt, appeals to the more anxious and income-straitened, hence Scales' price-obsessed TV persona. </p> <p>A thirtysomething housewife with a jar of pickled onions in either hand and baby girl in her trolley, says: \"I come here because I think Tesco is posher than Sainsbury's, or at least of the two I'm comparing, Tesco certainly is nicer. But it's also cheaper.\" </p> <p>Is a person more likely to drop their trousers in Tesco or Sainsbury's, I ask a man splattered with paint and carrying a 1.5-litre bottle of pop to the checkout with a jaunty air? \"Tesco. At Sainsbury's they'd have to get someone else to do it for them.\" </p> <p><strong>Prices</strong> </p> <p>2 pints semi-skimmed milk <strong>58p</strong><br>Chicken tikka masala 450 grammes <strong>\u00a32.35</strong><br>1.5 kg own-brand flour <strong>48p </strong> (\"Value\" range flour <strong>28p</strong>)<br>4-pack loo roll <strong>\u00a31.55 </strong> (Value range: <strong> 42p</strong>) </p> <p><strong>Safeway</strong><br> </p> <p>Surprisingly, it is \"rural isolationists\" Huw and Gwenda who are the group most likely to shop at Safeway. Rural isolation types, who make up 5.4% of UK households, live deep in the countryside and are not much influenced by the influx of urban commuters. </p> <p>Unsurprisingly, there are no Huws or Gwendas at the Camden Town branch I visit in north London. A thirtysomething building society employee in a suit, clutching a box of Belgian choco-mints, says fondly: \"I come here because it's quieter than other supermarkets. I like having quiet space to muse on what I'm buying. Maybe it's quiet because it's not successful. Whatever - I like that vibe.\" </p> <p>Why shop here rather than the big Sainsbury's nearby, I ask a housewife pushing her granddaughter in a stroller, whose husband manages a bookmaker's. \"Because it's easier here. And also because it isn't so snobby. I don't feel at home in Sainsbury's.\" </p> <p>\"Safeway suffered difficulties recently because it's choosing to go for the more affluent shoppers, but it doesn't really have the propositions to back that up,\" says Nick Gladding. \"Its exclusive ranges don't really convince.\" </p> <p>This point is borne out at the Camden Town branch, where the salad bar is a rather abject affair, and a big sign advertising a creche turns out to be misleading. \"It's the CD shop now,\" says a member of staff. The \"foods of the world\" section includes an Irish range featuring Erin's traditional Scotch broth in powdered form. Tina Turner's What's Love Got to Do With It is playing in the background. </p> <p><strong>Prices:</strong> </p> <p>2 pints semi-skimmed milk <strong> 61p</strong><br>Chicken tikka masala with rice (500g) <strong>\u00a33.49</strong><br>1.5kg flour <strong>50p</strong> (Savers range <strong>36p</strong>)<br>4-pack loo roll <strong>\u00a31.79</strong> (Savers range <strong>39p</strong>) </p> <p><strong>Marks &amp; Spencer</strong><br> </p> <p>Rupert and Felicity, again, are most likely to patronise Marks &amp; Spencer, lured there no doubt by the dearth of piped music, a soothing green and silver livery and a snooty aura. \"Interestingly,\" says Gladding, \"Marks' food shoppers are more upmarket than the clothes shoppers.\" Least likely to visit M&amp;S are Wayne and Leanne (the \"municipal dependency\" archetypes), who live on large, low-rise estates far from the centre of the city, and represent 6.7% of UK households. The second most likely group to shop at M&amp;S are Darren and Joanne, the happy family. </p> <p>At the food branch in Golders Green, the customary range of frighteningly unhealthy desserts and unsatisfyingly crunchy ready-made pizzas are being snapped up by a well-groomed bunch. An orchid-buying and very pregnant book editor, on maternity leave from her \u00a335,000 job and whose husband works in the City \"and earns more than double what I do\", says: \"I know it's a cliche but my mother shopped here and so do I. It feels traditional and right. I don't get all the weekly shop from here, but I like to buy a few things. Treats mostly. I like the staff and, without wanting to sound snobby, the other shoppers are well dressed. There aren't a lot of people here who are ... \" Common? \"You said it. I couldn't possibly comment.\" </p> <p>Another woman, loading shopping into her H-reg VW Golf, adds: \"This is a place for luxuries, not the staples. But it makes you feel good to shop here. You feel richer than you probably are.\" She declines to tell me her job or salary. </p> <p><strong>Prices</strong> </p> <p>2 pints semi-skimmed milk <strong>63p</strong><br>Chicken tikka masala without rice (350g) <strong>\u00a33.89</strong><br>No flour<br>4-pack loo roll <strong>\u00a32.49</strong> </p> <p><strong>Asda</strong><br> </p> <p>Asda is the flipside of Safeway in terms of social composition: the store is mostly divided up between Darren and Joanne and Wayne and Leanne. For these groups, balancing the budget is much more important than long-term financial planning. </p> <p>\"Asda's not really upmarket, but is for people who see themselves as financially prudent and who feel anxious about getting ripped off,\" says Gladding. That probably explains why so many things are so delightfully cheap at the Wembley Park branch I visit: Best of the Specials CD, \u00a33.97; bin-bag sized Indian meal for one, \u00a32.51. That said, the garish lime green and yellow livery, the vaulted warehouse-like ceiling and increasingly irksome hot-cross bun aroma help explain why Rupert and Felicity tend to keep away. The public face of Asda is Julie Walters, Mrs Overall from Acorn Antiques meets price-busting fairy godmother. Her cheerful vulgarity must be very \"non-U\" for those who favour posher supermarkets. </p> <p>\"You can be as snobby as you like about Asda,\" says a mother with her adult daughter as she loads the weekly shop into a battered old BMW, before heading to a Neasden nail bar \"for a treat\". \"But I save money every time I come here.\" What does she do for a living? \"None of your business,\" she says, before adding, \"I'm very happy shopping here. I feel comfortable with the place.\" </p> <p>\"I work very hard and I don't want to fritter my money away on luxuries,\" says a psychiatric nurse buying an \"oozing\" pizza and a side salad. She declines to reveal how much she earns, but says: \"Asda is really the right shop for my income bracket. They keep prices very low and that's very important to me.\" </p> <p><strong>Prices</strong> </p> <p>2 pints semi-skimmed milk <strong>58p</strong><br>Chicken tikka masala without rice (350 g) <strong>\u00a31.98</strong><br>1.5kg flour <strong>38p</strong> (Smart Price range <strong>27p</strong>)<br>4-pack loo roll <strong>\u00a31.33 </strong> (Smart Price range <strong>42p</strong>) </p> <p><strong>Morrisons</strong><br> </p> <p>The \"ties of community\" group (aka Lee and Noreen), which represents 16% of the population, are most likely to shop here. Lee and Noreen's neighbourhoods are typically in former coalfield regions, old steel and shipbuilding towns and places with docks and chemical plants. Morrisons, too, is mostly based in the north of England. </p> <p>\"I really like shopping here,\" says a retired chip shop owner, shopping with her husband, a retired factory foreman, at the branch opposite Walthamstow dog track in east London. \"It's very warm and welcoming. It used to be a Co-op and when it changed over it became much nicer. I like all the little subsections - the tobacconists, the meat counter, the deli. It's like a little world of traditional shops. I feel cosseted somehow.\" \"We spend hours here,\" said her husband, \"It's the best of the bunch for us, I suppose. It is cheap, you can't say it isn't, and that's what's most important.\" If that's the main factor, why don't they shop in Lidl or Kwik Save? \"Oh no!\" says his wife. \"They're horrible! I wouldn't be caught dead in either of those. I'd feel I had to wash my hands afterwards.\" </p> <p><strong>Prices</strong> </p> <p>2 pints semi-skimmed milk <strong> 58p</strong><br>Chicken tikka masala with rice (450g) <strong>\u00a31.99</strong><br>1.5kg plain flour <strong>45p</strong> (Bettabuys range <strong>38p</strong>)<br>4-pack loo roll <strong>\u00a31.05</strong> </p> <p><strong>Lidl</strong><br> </p> <p>Wayne and Leanne shop here a fair bit, as they do at Kwik Save, Netto and Aldi. When the doors open at 9am at the Tottenham Hale branch, the waiting customers rush to a box filled with cheap watches. The floor is dirty, there is a smell of bleach and a disturbing sign: \"Help us keep our prices low. If you're aware of anyone stealing Lidl goods don't turn a blind eye, call [number given] in absolute confidence.\" There is no piped music, and no truffle oil. </p> <p>\"I'm unemployed and I come here because it is the cheapest place to buy things that I know,\" says a man with his hands pushed deep into his pockets. \"I come here by bus when I go to the job centre which is nearby.\" </p> <p>An accountant rushing in to buy milk for her office says: \"It's dirt cheap. There's no other reason for coming here. Even the milk is cheaper than anywhere else.\" Isn't it a bit dismal, with signs inviting you to grass people up? \"I hadn't seen that sign. But no. That seems a good idea, especially with the sort of people who shop here.\" </p> <p><strong>Prices</strong> </p> <p>Semi-skimmed milk only sold in 4-pint packs: <strong>99p</strong><br>Chicken tikka masala with rice (360g): <strong>99p</strong><br>1.5kg flour: <strong>27p</strong><br>4-pack loo roll: <strong>99p</strong> </p> <p><strong>Ocado</strong><br> </p> <p>Ocado is the home-delivery service attached to Waitrose, and thus has a strong claim to be the snootiest of such online services. Webber, though, is not so sure. \"The people who are by far the most likely to order groceries on line are people who live in military bases.\" This is followed by a subgroup of the Bens and Chloes, called \"new urban colonists\", busy metropolitan families with big mortgages, living in older but fashionable streets of terraced houses. </p> <p>\"Oh, I use Ocado all the time,\" says a woman I meet in Waitrose. \"When the van pulls up, I can see the net curtains twitching. I feel almost intolerably smug. The only way one could trump it is if Harvey Nicks had home-delivery vans. That would drive the neighbours wild.\" </p> <p>I, too, patronise Ocado, and feel rather embarrassed by my conspicuous consumption when the delivery van double parks outside. When placing my order, I plump for the facility that enables me to book a van which is already making a delivery in my area at roughly the same time, thus sparing them another trip and salving my middle-class environmental conscience. </p> <p>Because this is the first time I've used Ocado, they throw in a free copy of Good Housekeeping magazine. Good Housekeeping? I'm not a Good Housekeeping kind of guy! I'm a New Yorker kind of guy, a Monde Diplomatique kind of ponce. They might as well have chucked a free copy of OK! magazine and sicked up an economy bag of oven chips on to the doorstep. So much for your geodemographic software. </p> <p><strong>Prices</strong> </p> <p>Same as Waitrose. Delivery costs \u00a35 if you spend less than \u00a375; otherwise it's free</p>",
      "newspaperPageNumber": "2",
      "wordcount": "3598",
      "commentable": "false",
      "isPremoderated": "false",
      "lastModified": "2017-11-26T04:22:09Z",
      "newspaperEditionDate": "2004-03-12T00:00:00Z",
      "productionOffice": "UK",
      "publication": "The Guardian",
      "shortUrl": "https://gu.com/p/xggce",
      "shouldHideAdverts": "false",
      "showInRelatedContent": "true",
      "legallySensitive": "false",
      "lang": "en",
      "bodyText": "In one of Alan Bennett's Talking Heads dramas, someone exposes themselves in a branch of Sainsbury's. \"Tesco's you could understand,\" says an elderly woman tartly. It's a remark that neatly sums up both the British obsession with class and our almost tribal attachment to specific supermarket brands. Tesco, the implication goes, is for commoner people who are slightly more likely to drop their trousers in public than Sainsbury's shoppers. By extension, Waitrose is for those more likely to have second homes in Chiantishire than the first two; Asda for people who aspire to have a second home anywhere but probably never will; Lidl for people who have never heard of Chiantishire; Marks and Spencer for those who affect to have never heard of Lidl. That kind of thing. This may sound like a small matter. But it goes to the heart of a \u00a375bn industry that has radically changed our landscapes, our lifestyles and our bank balances. The supermarket industry's enormous value explains the ferocity with which the recent \u00a33bn takeover battle for the Safeway chain was fought between Asda-Walmart and eventual victors Morrison. And it's one in which targeting the right demographic through cunningly devised images is massively important: for instance, Prunella Scales has reportedly earned Tesco \u00a32.2bn since 1998 for her TV ad performances as a penny-pinching silver spender, while mockney superchef Jamie Oliver is estimated to have swollen Sainsbury's takings by \u00a31.12bn in the past 18 months. The lucrative struggle for Britain's shoppers is set to intensify in the next few weeks, as Morrison's strives to boost the profitability of its Safeway chain by cutting prices of 800 goods, and rivals inevitably follow suit. In this looming price war, the winners are likely to be those who know their customers best, and their most potent weapons will be endless gigabytes of information drawn from sophisticated - and themselves vastly valuable - geodemographic analyses of British customers. The food writer Jonathan Meades makes the point that, much more than elsewhere, social class determines what one eats in Britain. In France it is different: \"If you take a labourer in Marseilles and a CEO in Marseilles, they will eat approximately the same food,\" says Meades. \"In this country there is no link between what a guy who is working in a building site in Southampton eats and the guy who runs that site - they eat completely different things.\" Given that most Britons buy most of their food from supermarkets, it's a small step from Meades' point to the conclusion that our supermarkets are class-stratified. Verdict Research, for instance, has found that Waitrose has the highest proportion of shoppers from the professional social classes A and B (47%), followed by Sainsbury's (34%), Marks &amp; Spencer (22%), Tesco (21%) and Safeway (17%). At the bottom of the market, 72% of Netto's shoppers are blue-collar Ds or Es, with Kwik Save (66%), Lidl (54%) and Somerfield (50%) close behind. Of course, such figures don't tell the whole story. Different social classes shop at different branches of the same chain. My local Sainsbury's in London, for instance, is in a district noted for its drive-by shootings and has a clientele to match; the branch in Finchley Road, about four miles away, has \u00a374.99 bottles of Krug on open display and is is patronised almost exclusively by Messrs Ladi and Dah. And it suits the supermarkets, clearly, to strive to lure both ends of the spectrum. That's why Tesco has both its \"Finest\" ranges and its \"Value\" products - so it can be all things to all people. Peter Jackson, professor of human geography at Sheffield University, who has been conducting a three-year study into supermarket loyalty and social class, says: \"What's clear from our research is that people just don't see those ranges that 'aren't for them'. In Sainsbury's, for example, some people will walk past the 'Taste the Difference' ranges to the budget ranges. They won't even see the ones that aren't targeted at them. And vice versa.\" It is not all about class. Subjective matters such as the pleasantness of the store, or how its decor, music and baking fragrances chime with one's own self-image (all of which Jackson brackets under \"cultural capital\") can be just as important as objective factors like price and convenience. But there is little question that all this multi-sensory ingenuity is deployed to keep people from the targeted social classes coming through the doors. This may mean that one favours a particular branch of Sainsbury's over another, but it will also mean that there are some supermarket chains one will never visit. \"The problem for the supermarkets,\" says Jackson, \"is to provide a store environment that is attractive to a wide range of people to maximise their market share, while shoppers seem to want a more differentiated environment where they will be surrounded by people 'like themselves', with whom they feel comfortable.\" Data analysts Experian contend that the old class system isn't flexible enough to be of use to supermarkets when deciding such matters as where to put their stores, what kind of music to have on the PA, or whether to move the beer next to the nappies after 6pm (as some stores do) so after-work booze-hound fathers will remember there's something in their lives other than themselves. The old A-E classes are tied to occupation, which is insufficient data for a supermarket which is trying to lure cash-rich plumbers to buy their poncy coffees, rather than molecular biologists (say) who can only afford gruel and coarse toilet paper. To deal with this, Experian has devised a consumer classification system called Mosaic UK, which many supermarkets use to help make key decisions (where to put a store, what to fill it with, etc). Using the 2001 Census figures and data on such things as county court judgments, credit ratings, qualifications, car ownership, age and background, and working on this data with geodemographic software, Mosaic UK divides the country into 11 groups, each of which is given an evocative name and a stereotypical - and determinedly heterosexual - couple to match. These 11 master categories break down into 61 delightfully named sub-groups (Golden Empty Nesters, Dinky Developments, White Van Culture, Town Gown Transition etc). So where do you shop? It says a great deal more about you than you may care to acknowledge. Waitrose Rupert and Felicity, of the \"symbols of success\" group, which represents 9.6% of UK households, are most likely to shop here. According to Experian: \"The air of discretion and understatement that is associated with traditional premium brands appeals more than the flamboyance and conspicuous consumption associated with the nouveau riche.\" At the branch in Finchley Road, north-west London, there is no piped music, one brand of truffle oil and a well-groomed clientele politely manoeuvring around such features as the well-appointed salad bar, reassuringly in the same place as when I first visited this store 15 years ago. The cream-and-green livery, and the dearth of loud-mouthed, ill-groomed yahoos in significant number, are soothing. A \u00a353,000-a-year sales manager is taking a large mixed salad and a bottle of still mineral water back to his new Peugeot estate car. \"It's more expensive than nearby supermarkets, but it speaks to me. It's the kind of shop that I feel comfortable in. It's quiet, classy, unpretentious. Of course, if I was unemployed or on a lower income I'd feel otherwise and shop elsewhere.\" A retired psychotherapist with a brisk manner, an M-reg Volvo estate and a basket of fresh vegetables, adds: \"There's no big sales pitch here, which is very refreshing. You don't feel as though your intelligence is being insulted. I like the fact that the goods are sourced ethically. You don't feel as though you're taking part in the globalised nightmare.\" Prices 2 pints semi-skimmed milk 58p 450g chicken tikka masala and rice \u00a32.35 1.5kg plain flour 48p 4-pack loo roll \u00a31.59 Sainsbury's Our friends Rupert and Felicity are quite likely to shop here, too, but the most likely Sainsbury's shoppers are Ben and Chloe, the \"urban intelligence\" archetypes, who represent 7.2% of UK households. Young, well-educated, cosmopolitan in their tastes, liberal in their outlooks and unlikely to have children, many Bens and Chloes live in inner-city areas and have high levels of disposable income. At the exclusive Finchley Road branch, there are three kinds of traditional Japanese sea vegetable, no piped music, not just truffle oil but white truffle oil, and more kinds of olive oil than seems proper. This was the branch that Jamie Oliver's wife Jules walked past in favour of the above-mentioned Waitrose store, even though her husband was being paid \u00a3250,000 a year to promote Sainsbury's. And one can see why she did: this Sainsbury's is a store of riches, where fine wines are juxtaposed against a vast range of novelty socks too vulgar to find a place in Waitrose, and baking fragrances titillate the nostrils. A carefully groomed woman in her mid-40s and swathed in mauve, who declines to specify her income or profession, is loading her shopping into a BMW estate with the help of someone who may have been her mother, or, quite possibly, servant. She says: \"If I'm being honest, Sainsbury's makes me feel good about myself. I'm rich and I'm living life well. Shopping here is part of all that.\" Doesn't the evident fact that Sainsbury's public face, Jamie Oliver, is a mockney herbert put you off shopping here, I ask a twentysomething nursery school teacher on \u00a319,000 a year? \"Not at all. He lives a good life. He's cool. So am I. He's a bit more funky than Prunella Scales [who plays the penny-pinching mother in the Tesco's ad].\" Can you afford to shop here? \"Yes, but it's very tempting to buy the expensive goods here and go mad. That's why I come on a mountain bike to restrict myself: I can't carry that much home.\" Prices 2 pints semi-skimmed milk 58p Chicken tikka masala with rice (500g) \u00a33.29 1.5 kg plain flour 79p 4-pack loo roll \u00a31.55 from Superfine range (or 9 rolls for \u00a31 from the low-price range). Tesco The second most important shoppers to Tesco, after Rupert and Felicity, are Darren and Joanne, the \"happy families\" group, who represent 10.8% of UK households. Young couples raising young children, they work in large public or private organisations and live in areas of rapidly expanding employment, such as Northampton, Milton Keynes and Swindon. \"You get all kinds of income levels shopping here,\" says Nick Gladding, Verdict Research's senior analyst of economics and forecasting, \"but Tesco is determinedly moving away from being downmarket and price-led. It's Britain's most successful grocer at the moment, and it's trying to move into Sainsbury's AB demographic.\" This may well explain the new \"grab-and-go olive counter\" at the Colney Hatch branch in north London. Tesco, however, still has a value-fixated slogan (\"Every little helps\"), while Sainsbury's, interestingly, is the only British supermarket that has a quality-related one (\"Making life taste better\"). The former, no doubt, appeals to the more anxious and income-straitened, hence Scales' price-obsessed TV persona. A thirtysomething housewife with a jar of pickled onions in either hand and baby girl in her trolley, says: \"I come here because I think Tesco is posher than Sainsbury's, or at least of the two I'm comparing, Tesco certainly is nicer. But it's also cheaper.\" Is a person more likely to drop their trousers in Tesco or Sainsbury's, I ask a man splattered with paint and carrying a 1.5-litre bottle of pop to the checkout with a jaunty air? \"Tesco. At Sainsbury's they'd have to get someone else to do it for them.\" Prices 2 pints semi-skimmed milk 58p Chicken tikka masala 450 grammes \u00a32.35 1.5 kg own-brand flour 48p (\"Value\" range flour 28p) 4-pack loo roll \u00a31.55 (Value range: 42p) Safeway Surprisingly, it is \"rural isolationists\" Huw and Gwenda who are the group most likely to shop at Safeway. Rural isolation types, who make up 5.4% of UK households, live deep in the countryside and are not much influenced by the influx of urban commuters. Unsurprisingly, there are no Huws or Gwendas at the Camden Town branch I visit in north London. A thirtysomething building society employee in a suit, clutching a box of Belgian choco-mints, says fondly: \"I come here because it's quieter than other supermarkets. I like having quiet space to muse on what I'm buying. Maybe it's quiet because it's not successful. Whatever - I like that vibe.\" Why shop here rather than the big Sainsbury's nearby, I ask a housewife pushing her granddaughter in a stroller, whose husband manages a bookmaker's. \"Because it's easier here. And also because it isn't so snobby. I don't feel at home in Sainsbury's.\" \"Safeway suffered difficulties recently because it's choosing to go for the more affluent shoppers, but it doesn't really have the propositions to back that up,\" says Nick Gladding. \"Its exclusive ranges don't really convince.\" This point is borne out at the Camden Town branch, where the salad bar is a rather abject affair, and a big sign advertising a creche turns out to be misleading. \"It's the CD shop now,\" says a member of staff. The \"foods of the world\" section includes an Irish range featuring Erin's traditional Scotch broth in powdered form. Tina Turner's What's Love Got to Do With It is playing in the background. Prices: 2 pints semi-skimmed milk 61p Chicken tikka masala with rice (500g) \u00a33.49 1.5kg flour 50p (Savers range 36p) 4-pack loo roll \u00a31.79 (Savers range 39p) Marks &amp; Spencer Rupert and Felicity, again, are most likely to patronise Marks &amp; Spencer, lured there no doubt by the dearth of piped music, a soothing green and silver livery and a snooty aura. \"Interestingly,\" says Gladding, \"Marks' food shoppers are more upmarket than the clothes shoppers.\" Least likely to visit M&amp;S are Wayne and Leanne (the \"municipal dependency\" archetypes), who live on large, low-rise estates far from the centre of the city, and represent 6.7% of UK households. The second most likely group to shop at M&amp;S are Darren and Joanne, the happy family. At the food branch in Golders Green, the customary range of frighteningly unhealthy desserts and unsatisfyingly crunchy ready-made pizzas are being snapped up by a well-groomed bunch. An orchid-buying and very pregnant book editor, on maternity leave from her \u00a335,000 job and whose husband works in the City \"and earns more than double what I do\", says: \"I know it's a cliche but my mother shopped here and so do I. It feels traditional and right. I don't get all the weekly shop from here, but I like to buy a few things. Treats mostly. I like the staff and, without wanting to sound snobby, the other shoppers are well dressed. There aren't a lot of people here who are ... \" Common? \"You said it. I couldn't possibly comment.\" Another woman, loading shopping into her H-reg VW Golf, adds: \"This is a place for luxuries, not the staples. But it makes you feel good to shop here. You feel richer than you probably are.\" She declines to tell me her job or salary. Prices 2 pints semi-skimmed milk 63p Chicken tikka masala without rice (350g) \u00a33.89 No flour 4-pack loo roll \u00a32.49 Asda Asda is the flipside of Safeway in terms of social composition: the store is mostly divided up between Darren and Joanne and Wayne and Leanne. For these groups, balancing the budget is much more important than long-term financial planning. \"Asda's not really upmarket, but is for people who see themselves as financially prudent and who feel anxious about getting ripped off,\" says Gladding. That probably explains why so many things are so delightfully cheap at the Wembley Park branch I visit: Best of the Specials CD, \u00a33.97; bin-bag sized Indian meal for one, \u00a32.51. That said, the garish lime green and yellow livery, the vaulted warehouse-like ceiling and increasingly irksome hot-cross bun aroma help explain why Rupert and Felicity tend to keep away. The public face of Asda is Julie Walters, Mrs Overall from Acorn Antiques meets price-busting fairy godmother. Her cheerful vulgarity must be very \"non-U\" for those who favour posher supermarkets. \"You can be as snobby as you like about Asda,\" says a mother with her adult daughter as she loads the weekly shop into a battered old BMW, before heading to a Neasden nail bar \"for a treat\". \"But I save money every time I come here.\" What does she do for a living? \"None of your business,\" she says, before adding, \"I'm very happy shopping here. I feel comfortable with the place.\" \"I work very hard and I don't want to fritter my money away on luxuries,\" says a psychiatric nurse buying an \"oozing\" pizza and a side salad. She declines to reveal how much she earns, but says: \"Asda is really the right shop for my income bracket. They keep prices very low and that's very important to me.\" Prices 2 pints semi-skimmed milk 58p Chicken tikka masala without rice (350 g) \u00a31.98 1.5kg flour 38p (Smart Price range 27p) 4-pack loo roll \u00a31.33 (Smart Price range 42p) Morrisons The \"ties of community\" group (aka Lee and Noreen), which represents 16% of the population, are most likely to shop here. Lee and Noreen's neighbourhoods are typically in former coalfield regions, old steel and shipbuilding towns and places with docks and chemical plants. Morrisons, too, is mostly based in the north of England. \"I really like shopping here,\" says a retired chip shop owner, shopping with her husband, a retired factory foreman, at the branch opposite Walthamstow dog track in east London. \"It's very warm and welcoming. It used to be a Co-op and when it changed over it became much nicer. I like all the little subsections - the tobacconists, the meat counter, the deli. It's like a little world of traditional shops. I feel cosseted somehow.\" \"We spend hours here,\" said her husband, \"It's the best of the bunch for us, I suppose. It is cheap, you can't say it isn't, and that's what's most important.\" If that's the main factor, why don't they shop in Lidl or Kwik Save? \"Oh no!\" says his wife. \"They're horrible! I wouldn't be caught dead in either of those. I'd feel I had to wash my hands afterwards.\" Prices 2 pints semi-skimmed milk 58p Chicken tikka masala with rice (450g) \u00a31.99 1.5kg plain flour 45p (Bettabuys range 38p) 4-pack loo roll \u00a31.05 Lidl Wayne and Leanne shop here a fair bit, as they do at Kwik Save, Netto and Aldi. When the doors open at 9am at the Tottenham Hale branch, the waiting customers rush to a box filled with cheap watches. The floor is dirty, there is a smell of bleach and a disturbing sign: \"Help us keep our prices low. If you're aware of anyone stealing Lidl goods don't turn a blind eye, call [number given] in absolute confidence.\" There is no piped music, and no truffle oil. \"I'm unemployed and I come here because it is the cheapest place to buy things that I know,\" says a man with his hands pushed deep into his pockets. \"I come here by bus when I go to the job centre which is nearby.\" An accountant rushing in to buy milk for her office says: \"It's dirt cheap. There's no other reason for coming here. Even the milk is cheaper than anywhere else.\" Isn't it a bit dismal, with signs inviting you to grass people up? \"I hadn't seen that sign. But no. That seems a good idea, especially with the sort of people who shop here.\" Prices Semi-skimmed milk only sold in 4-pint packs: 99p Chicken tikka masala with rice (360g): 99p 1.5kg flour: 27p 4-pack loo roll: 99p Ocado Ocado is the home-delivery service attached to Waitrose, and thus has a strong claim to be the snootiest of such online services. Webber, though, is not so sure. \"The people who are by far the most likely to order groceries on line are people who live in military bases.\" This is followed by a subgroup of the Bens and Chloes, called \"new urban colonists\", busy metropolitan families with big mortgages, living in older but fashionable streets of terraced houses. \"Oh, I use Ocado all the time,\" says a woman I meet in Waitrose. \"When the van pulls up, I can see the net curtains twitching. I feel almost intolerably smug. The only way one could trump it is if Harvey Nicks had home-delivery vans. That would drive the neighbours wild.\" I, too, patronise Ocado, and feel rather embarrassed by my conspicuous consumption when the delivery van double parks outside. When placing my order, I plump for the facility that enables me to book a van which is already making a delivery in my area at roughly the same time, thus sparing them another trip and salving my middle-class environmental conscience. Because this is the first time I've used Ocado, they throw in a free copy of Good Housekeeping magazine. Good Housekeeping? I'm not a Good Housekeeping kind of guy! I'm a New Yorker kind of guy, a Monde Diplomatique kind of ponce. They might as well have chucked a free copy of OK! magazine and sicked up an economy bag of oven chips on to the doorstep. So much for your geodemographic software. Prices Same as Waitrose. Delivery costs \u00a35 if you spend less than \u00a375; otherwise it's free",
      "charCount": "21173"
    },
    "isHosted": false,
    "pillarId": "pillar/lifestyle",
    "pillarName": "Lifestyle"
  },
  {
    "id": "business/2004/mar/12/russia",
    "type": "article",
    "sectionId": "business",
    "sectionName": "Business",
    "webPublicationDate": "2004-03-12T02:30:05Z",
    "webTitle": "Swiss told to seize Yukos cash",
    "webUrl": "https://www.theguardian.com/business/2004/mar/12/russia",
    "apiUrl": "https://content.guardianapis.com/business/2004/mar/12/russia",
    "fields": {
      "headline": "Swiss told to seize Yukos cash",
      "trailText": "<p>Russian prosecutors yesterday asked Swiss authorities to seize nearly &#163;3bn held in bank accounts by executives of the Yukos oil company, ratcheting up the Kremlin-backed onslaught against the jailed Russian billionaire Mikhail Khodorkovsky days before presidential elections. </p>",
      "byline": "Nick Paton Walsh in Moscow",
      "main": "",
      "body": "<p>Russian prosecutors yesterday asked Swiss authorities to seize nearly \u00a33bn held in bank accounts by executives of the Yukos oil company, ratcheting up the Kremlin-backed onslaught against the jailed Russian billionaire Mikhail Khodorkovsky days before presidential elections. </p> <p>Bank accounts belonging to 20 Russians, including Mr Khodorkovsky, the former chief executive of Yukos, and two of his colleagues, Platon Lebedev and Leonid Nevzlin, are said to have been frozen. </p> <p>A spokeswoman for the prosecutors told the Interfax news agency that five accounts at different Swiss banks \"holding a total of approximately $5bn (\u00a33bn) were blocked following a request by the Russian prosecutor general's office\". </p> <p>She said it was not related to \"assets, shares and other securities, but to personal cash deposits by private individuals somehow or another implicated in the misappropriation of particularly large amounts of state funds\". </p> <p>Other accounts belonged to Vladimir Dubov and Mikhail Brudno, two key Yukos shareholders living with Mr Nevzlin in self-imposed exile in Israel. </p> <p>Mr Khodorkovsky, who faces charges of tax evasion and fraud, has been held in custody since his arrest at gunpoint on a Siberian runway in October. The company's shares have been seized, its merger with oil giant Sibneft cancelled, and it has been hit with a $3bn tax bill. </p> <p>The latest move will be seen as an attempt by the state to reclaim the vast wealth accrued by the oil giant, and will be popular with the Russian electorate. </p> <p>Prosecutors sought to dampen fears that the continued onslaught was part of a larger attempt to revisit the privatisations of state assets that took place in the 90s. Yet the list of oligarchs facing pressure over their tax affairs grew last month when Sibneft - in which Roman Abramovich, the owner of Chelsea, has a major stake - was hit with a $1bn tax bill. </p> <p>The audit chamber, a tax watchdog in the Russian parliament, is expected to complete a comprehensive \"review\" of the 90s privatisations in the summer, which many feel will increase the pressure on the established \"oligarchs\" to invest more heavily in Russian society and industry, and contribute more to the Kremlin's coffers.</p>",
      "newspaperPageNumber": "22",
      "wordcount": "354",
      "commentable": "false",
      "isPremoderated": "false",
      "lastModified": "2017-04-12T15:12:04Z",
      "newspaperEditionDate": "2004-03-12T00:00:00Z",
      "productionOffice": "UK",
      "publication": "theguardian.com",
      "shortUrl": "https://gu.com/p/de6k",
      "shouldHideAdverts": "false",
      "showInRelatedContent": "true",
      "legallySensitive": "false",
      "lang": "en",
      "bodyText": "Russian prosecutors yesterday asked Swiss authorities to seize nearly \u00a33bn held in bank accounts by executives of the Yukos oil company, ratcheting up the Kremlin-backed onslaught against the jailed Russian billionaire Mikhail Khodorkovsky days before presidential elections. Bank accounts belonging to 20 Russians, including Mr Khodorkovsky, the former chief executive of Yukos, and two of his colleagues, Platon Lebedev and Leonid Nevzlin, are said to have been frozen. A spokeswoman for the prosecutors told the Interfax news agency that five accounts at different Swiss banks \"holding a total of approximately $5bn (\u00a33bn) were blocked following a request by the Russian prosecutor general's office\". She said it was not related to \"assets, shares and other securities, but to personal cash deposits by private individuals somehow or another implicated in the misappropriation of particularly large amounts of state funds\". Other accounts belonged to Vladimir Dubov and Mikhail Brudno, two key Yukos shareholders living with Mr Nevzlin in self-imposed exile in Israel. Mr Khodorkovsky, who faces charges of tax evasion and fraud, has been held in custody since his arrest at gunpoint on a Siberian runway in October. The company's shares have been seized, its merger with oil giant Sibneft cancelled, and it has been hit with a $3bn tax bill. The latest move will be seen as an attempt by the state to reclaim the vast wealth accrued by the oil giant, and will be popular with the Russian electorate. Prosecutors sought to dampen fears that the continued onslaught was part of a larger attempt to revisit the privatisations of state assets that took place in the 90s. Yet the list of oligarchs facing pressure over their tax affairs grew last month when Sibneft - in which Roman Abramovich, the owner of Chelsea, has a major stake - was hit with a $1bn tax bill. The audit chamber, a tax watchdog in the Russian parliament, is expected to complete a comprehensive \"review\" of the 90s privatisations in the summer, which many feel will increase the pressure on the established \"oligarchs\" to invest more heavily in Russian society and industry, and contribute more to the Kremlin's coffers.",
      "charCount": "2192"
    },
    "isHosted": false,
    "pillarId": "pillar/news",
    "pillarName": "News"
  },
  {
    "id": "business/2004/mar/12/2",
    "type": "article",
    "sectionId": "business",
    "sectionName": "Business",
    "webPublicationDate": "2004-03-12T02:27:35Z",
    "webTitle": "Claret assets",
    "webUrl": "https://www.theguardian.com/business/2004/mar/12/2",
    "apiUrl": "https://content.guardianapis.com/business/2004/mar/12/2",
    "fields": {
      "headline": "Claret assets",
      "trailText": "<p>The reason for the mysterious rise in the share price of Aston Villa on Wednesday was revealed yesterday. </p>",
      "main": "",
      "body": "<p>The reason for the mysterious rise in the share price of Aston Villa on Wednesday was revealed yesterday. </p> <p>Trefick, the investment vehicle of septuagenarian stakebuilder Jack Petchey, said it had increased its holding in the Premiership club, nicknamed the Clarets, from 14.3% to 16.5%. </p> <p>Trefick builds stakes in firms it considers undervalued relative to their property assets. It appeared on the Villa share register in December 2002 with 3%. </p> <p>Followers of Mr Petchey believe his interest in the club is related to its freehold property assets, particularly the 11-acre site Villa chairman \"Deadly\" Doug Ellis is trying to redevelop. </p> <p>Villa, whose net asset value is estimated to be 443p, closed unchanged at 217p.</p>",
      "newspaperPageNumber": "24",
      "wordcount": "115",
      "commentable": "false",
      "isPremoderated": "false",
      "lastModified": "2004-03-12T02:27:35Z",
      "newspaperEditionDate": "2004-03-12T00:00:00Z",
      "productionOffice": "UK",
      "publication": "theguardian.com",
      "shortUrl": "https://gu.com/p/7fz4",
      "shouldHideAdverts": "false",
      "showInRelatedContent": "true",
      "legallySensitive": "false",
      "lang": "en",
      "bodyText": "The reason for the mysterious rise in the share price of Aston Villa on Wednesday was revealed yesterday. Trefick, the investment vehicle of septuagenarian stakebuilder Jack Petchey, said it had increased its holding in the Premiership club, nicknamed the Clarets, from 14.3% to 16.5%. Trefick builds stakes in firms it considers undervalued relative to their property assets. It appeared on the Villa share register in December 2002 with 3%. Followers of Mr Petchey believe his interest in the club is related to its freehold property assets, particularly the 11-acre site Villa chairman \"Deadly\" Doug Ellis is trying to redevelop. Villa, whose net asset value is estimated to be 443p, closed unchanged at 217p.",
      "charCount": "712"
    },
    "isHosted": false,
    "pillarId": "pillar/news",
    "pillarName": "News"
  }
]