[
  {
    "id": "football/2004/jan/02/newsstory.sport3",
    "type": "article",
    "sectionId": "football",
    "sectionName": "Football",
    "webPublicationDate": "2004-01-02T21:20:29Z",
    "webTitle": "Nottingham Forest want \u00a36m for Andy Reid",
    "webUrl": "https://www.theguardian.com/football/2004/jan/02/newsstory.sport3",
    "apiUrl": "https://content.guardianapis.com/football/2004/jan/02/newsstory.sport3",
    "fields": {
      "headline": "Forest slap a \u00a36m price tag on Reid",
      "trailText": "<p>Tottenham Hotspur may have to double their offer for Andy Reid if they are to persuade Nottingham Forest to sell their most prized asset. </p>",
      "byline": "Daniel Taylor",
      "main": "",
      "body": "<p>Tottenham Hotspur may have to double their offer for Andy Reid if they are to persuade Nottingham Forest to sell their most prized asset. </p> <p>Spurs have already failed with a \u00a32.5m offer - rising to \u00a33.5m depending on appearances and with performance-related top-ups - but Forest's owner Nigel Doughty says he values the 21-year-old Irish international left-sided midfielder closer to \u00a36m, even in today's deflated transfer market. </p> <p>The most likely outcome is that one of Reid's many admirers will be able to reach a compromise. Everton, Blackburn, Charlton and Birmingham City have joined Spurs in registering their interest in Reid and more Premiership clubs are likely to follow, but none may be willing to pay so much. For Birmingham City and Charlton, for instance, it would require a record transfer fee and that can be discounted immediately. </p> <p>For the time being, however, Doughty is sticking to his valuation of a player who still has three years remaining on his contract. According to well-informed consensus, Reid has been the First Division's outstanding player this season, a view that Trevor Brooking concurred with this week. </p> <p>Forest are in a far healthier financial state than a couple of years ago, when every one of Paul Hart's first-team squad was made available for transfer. Selling Reid, the club's most talented winger since John Robertson, is not imperative. </p> <p>Everton's faint hopes of off-loading Alex Nyarko during the transfer window have been frustrated with confirmation that the 30-year-old Ghanaian midfielder has been ruled out for a fortnight with a chipped bone in his foot. </p> <p><strong>\u00b7</strong> The Bundesliga will be looking for another television broadcaster for the second time in two years in the summer after Infront declined to pick up its two-year option. The Swiss company, headed by G\u00fcnther Netzer, acquired the rights last year after the bankruptcy of KirchMedia.</p>",
      "newspaperPageNumber": "26",
      "wordcount": "306",
      "commentable": "false",
      "isPremoderated": "false",
      "lastModified": "2017-02-20T21:24:05Z",
      "newspaperEditionDate": "2004-01-02T00:00:00Z",
      "productionOffice": "UK",
      "publication": "theguardian.com",
      "shortUrl": "https://gu.com/p/x6nbv",
      "shouldHideAdverts": "false",
      "showInRelatedContent": "true",
      "legallySensitive": "false",
      "lang": "en",
      "bodyText": "Tottenham Hotspur may have to double their offer for Andy Reid if they are to persuade Nottingham Forest to sell their most prized asset. Spurs have already failed with a \u00a32.5m offer - rising to \u00a33.5m depending on appearances and with performance-related top-ups - but Forest's owner Nigel Doughty says he values the 21-year-old Irish international left-sided midfielder closer to \u00a36m, even in today's deflated transfer market. The most likely outcome is that one of Reid's many admirers will be able to reach a compromise. Everton, Blackburn, Charlton and Birmingham City have joined Spurs in registering their interest in Reid and more Premiership clubs are likely to follow, but none may be willing to pay so much. For Birmingham City and Charlton, for instance, it would require a record transfer fee and that can be discounted immediately. For the time being, however, Doughty is sticking to his valuation of a player who still has three years remaining on his contract. According to well-informed consensus, Reid has been the First Division's outstanding player this season, a view that Trevor Brooking concurred with this week. Forest are in a far healthier financial state than a couple of years ago, when every one of Paul Hart's first-team squad was made available for transfer. Selling Reid, the club's most talented winger since John Robertson, is not imperative. Everton's faint hopes of off-loading Alex Nyarko during the transfer window have been frustrated with confirmation that the 30-year-old Ghanaian midfielder has been ruled out for a fortnight with a chipped bone in his foot. \u00b7 The Bundesliga will be looking for another television broadcaster for the second time in two years in the summer after Infront declined to pick up its two-year option. The Swiss company, headed by G\u00fcnther Netzer, acquired the rights last year after the bankruptcy of KirchMedia.",
      "charCount": "1880"
    },
    "isHosted": false,
    "pillarId": "pillar/sport",
    "pillarName": "Sport"
  },
  {
    "id": "world/2004/jan/02/france.paulwebster",
    "type": "article",
    "sectionId": "world",
    "sectionName": "World news",
    "webPublicationDate": "2004-01-02T01:05:12Z",
    "webTitle": "Few cheers for Chirac's jobs promises",
    "webUrl": "https://www.theguardian.com/world/2004/jan/02/france.paulwebster",
    "apiUrl": "https://content.guardianapis.com/world/2004/jan/02/france.paulwebster",
    "fields": {
      "headline": "Few cheers for Chirac's jobs promises",
      "trailText": "President Jacques Chirac has promised a full-scale attack on France's chronic unemployment figures as he seeks to defend his administration against the accusation that the poor and jobless are paying the price for mismanagement.",
      "byline": "Paul Webster in Paris",
      "main": "",
      "body": "President Jacques Chirac has promised a full-scale attack on France's chronic unemployment figures as he seeks to defend his administration against the accusation that the poor and jobless are paying the price for mismanagement. <p>The promise in his New Year's Eve TV message coincided with the introduction of unpopular reforms, including a decision to withdraw benefits from 180,000 long term unemployed. </p> <p>The rightwing government has also reduced pension rights, social security refunds, aid to young jobseekers and other welfare benefits. </p> <p>At the same time it has cut taxes for high income earners. </p> <p>Mr Chirac said his government would introduce a \"grand law on employment\" this year which would include lower charges for business, less bureaucracy and better protection against unjustified sacking. </p> <p>A 7% annual rise in unemployment to 2.4 million was behind the decision to cut the unemployment benefit from 30 months to 23 months, forcing 180,000 people to fall back on emergency payments of \u20ac13 (\u00a39) a day. </p> <p>Like many of the welfare changes they reflect the demands of the employers' organisation, Medef, which backs the government's free market policies and tax cuts. </p> <p>Medef complained of a \u20ac3.7bn deficit in unemployment funds to justify fewer benefits. By 2006, another 425,000 will be affected by the measure </p> <p>Le Monde and other media critics attacked the government's failure to plan the economy correctly, adding: \"It will be those with the fewest means who will pay the price of unjust policies.\" </p> <p>Lib\u00e9ration said benefit reform was in line with other measures to \"stigmatise\" the homeless, prostitutes and marginal members of society to \"reassure the little people\". </p> <p>While leftwing parties and unions have predictably attacked the cancelling of welfare and job creation schemes introduced by the previous Socialist-led government, the president and his prime minister, Jean-Pierre Raffarin, have also been criticised by their own side. </p> <p>Fran\u00e7ois Bayrou, leader of the Union for French Democracy which has ministers in the government, said France could no longer speak of social justice \"when suppression of benefits was being done to finance tax cuts for the most favoured members of society\". </p> <p>Although Mr Chirac promised to end what he called the \"social fracture\" by making 2004 \"the year of employment\", he made it clear in his broadcast that it would be achieved by economic growth following the recovery of the world economy. </p> <p>\"What's at stake is the best way to gain benefit from growth, with one priority - employment,\" he said. </p> <p>Hardly a third of voters now approve of Mr Raffarin and a cabinet reshuffle in the next few weeks is probable. Several of his ministers, including the finance minister, Francis Mer, are expected to go. </p> <p>The president will have to decide whether to change his administration before the March regional elections, in which the National Front is expected to make big gains, and the European Union elections in June.</p>",
      "newspaperPageNumber": "16",
      "wordcount": "480",
      "commentable": "false",
      "isPremoderated": "false",
      "lastModified": "2004-01-02T01:05:12Z",
      "newspaperEditionDate": "2004-01-02T00:00:00Z",
      "productionOffice": "UK",
      "publication": "theguardian.com",
      "shortUrl": "https://gu.com/p/xvm33",
      "shouldHideAdverts": "false",
      "showInRelatedContent": "true",
      "legallySensitive": "false",
      "lang": "en",
      "bodyText": "President Jacques Chirac has promised a full-scale attack on France's chronic unemployment figures as he seeks to defend his administration against the accusation that the poor and jobless are paying the price for mismanagement. The promise in his New Year's Eve TV message coincided with the introduction of unpopular reforms, including a decision to withdraw benefits from 180,000 long term unemployed. The rightwing government has also reduced pension rights, social security refunds, aid to young jobseekers and other welfare benefits. At the same time it has cut taxes for high income earners. Mr Chirac said his government would introduce a \"grand law on employment\" this year which would include lower charges for business, less bureaucracy and better protection against unjustified sacking. A 7% annual rise in unemployment to 2.4 million was behind the decision to cut the unemployment benefit from 30 months to 23 months, forcing 180,000 people to fall back on emergency payments of \u20ac13 (\u00a39) a day. Like many of the welfare changes they reflect the demands of the employers' organisation, Medef, which backs the government's free market policies and tax cuts. Medef complained of a \u20ac3.7bn deficit in unemployment funds to justify fewer benefits. By 2006, another 425,000 will be affected by the measure Le Monde and other media critics attacked the government's failure to plan the economy correctly, adding: \"It will be those with the fewest means who will pay the price of unjust policies.\" Lib\u00e9ration said benefit reform was in line with other measures to \"stigmatise\" the homeless, prostitutes and marginal members of society to \"reassure the little people\". While leftwing parties and unions have predictably attacked the cancelling of welfare and job creation schemes introduced by the previous Socialist-led government, the president and his prime minister, Jean-Pierre Raffarin, have also been criticised by their own side. Fran\u00e7ois Bayrou, leader of the Union for French Democracy which has ministers in the government, said France could no longer speak of social justice \"when suppression of benefits was being done to finance tax cuts for the most favoured members of society\". Although Mr Chirac promised to end what he called the \"social fracture\" by making 2004 \"the year of employment\", he made it clear in his broadcast that it would be achieved by economic growth following the recovery of the world economy. \"What's at stake is the best way to gain benefit from growth, with one priority - employment,\" he said. Hardly a third of voters now approve of Mr Raffarin and a cabinet reshuffle in the next few weeks is probable. Several of his ministers, including the finance minister, Francis Mer, are expected to go. The president will have to decide whether to change his administration before the March regional elections, in which the National Front is expected to make big gains, and the European Union elections in June.",
      "charCount": "2950"
    },
    "isHosted": false,
    "pillarId": "pillar/news",
    "pillarName": "News"
  },
  {
    "id": "business/2004/jan/02/1",
    "type": "article",
    "sectionId": "business",
    "sectionName": "Business",
    "webPublicationDate": "2004-01-02T01:04:39Z",
    "webTitle": "Stock up on 2004's top tips",
    "webUrl": "https://www.theguardian.com/business/2004/jan/02/1",
    "apiUrl": "https://content.guardianapis.com/business/2004/jan/02/1",
    "fields": {
      "headline": "Stock up on 2004's top tips",
      "standfirst": "Guardian financial staff picked some winners in last year's tricky market. They look for even better bets this year",
      "trailText": "<p>Guardian financial staff picked some winners in last year's tricky market. They look for even better bets this year.</p>",
      "byline": "Nick Fletcher",
      "main": "",
      "body": "<p>For the first time this millennium stock market followers had something to celebrate in 2003. Share prices ended the year higher after three years of reversals, buoyed by growing signs of an economic recovery and the relatively swift resolution of the contentious Iraqi war. The FTSE 100 index of leading shares added 14% over the year to close at 4,477 points compared with 3,940 at the start. </p> <p>Given that background, ten of our tips for last year performed reasonably well, rising 17% and beating the market. </p> <p>Unfortunately we spoiled the effect somewhat by adding an 11th choice, a speculative traded option gambling on the market rallying to 4,225 by March. The theory was right, since the market did indeed rally, but the timing was a touch premature. The effect was a total wipeout on the option, which dragged our average down to just 6%. </p> <p>The star of the show was <strong>Pilkington</strong>, picked for its defensive qualities and the possibility of a bid. The bid has not yet arrived but the company proved its worth on the trading side. </p> <p><strong>Safeway</strong> of course did receive a bid, and despite the fact that the year-long process is still not over, its shares reflected the interest shown in the business. </p> <p>Airport operator <strong>TBI</strong>, as we hoped, emerged as a winner from the continuing boom in budget airlines. The shares were buoyed for much of the year by rumours of a management buyout which never materialised. But earlier this month Germany's Hochtief revealed that it was plotting a takeover bid. </p> <p><strong>BSkyB</strong> did well for us for the second year running, picked by our then media business correspondent John Cassy. The satellite broadcaster shook off various Office of Fair Trading and EU inquiries and a row over the appointment of Rupert Murdoch's son James as chief executive to notch up a 10%. gain. A less controversial move was that of the very same John Cassy from this newspaper to the hallowed ranks of, yes, Sky. </p> <p>Retailer <strong>James Beattie</strong> and mobile phone corporation <strong>Vodafone</strong> both showed good gains and there could be more to come this year, while <strong>Shell</strong> managed a small increase even though it should have benefited more from the strong oil price. </p> <p>Our other three tips disappointed. Financial group<strong> Egg</strong> failed to make any headway, while industrial group <strong>Smiths</strong> disappointed many with its cautious outlook. Investment trust<strong> Second Scottish National</strong> was another gamble which sadly failed to pay off. </p> <p>For this year we are - understandably - avoiding speculative financial instruments and sticking to a broad mix of the stable, the recovering and the smaller growth stocks. </p> <p><strong>Mark this out</strong><br> </p> <p>Marks &amp; Spencer would once have been a rather dull tip - a big, reliable supertanker of a company. But the last five years have changed all that; profits crashed, the management were ousted and new blood was brought in. The supertanker eventually turned. </p> <p>But in recent months there has been increasing speculation that the great M&amp;S recovery has stalled - and there is plenty of evidence of some problems. </p> <p>Leaked figures showed market share in the three months to mid-November down 3% on a year earlier. And Christmas is said to have been particularly grim, with rumours that core clothing sales are down 10% on last year. So why tip M&amp;S, especially when interest rates are more likely to rise than fall, which is always bad news for retailers? For a start, most of the grim tidings about Christmas sales must now be in the price - the official trading statement comes on January 14. But there are plenty of other reasons. </p> <p>The new credit card operation appears to be performing well and the new model for the group's smaller stores has been well received. The food business is still thriving and the first of the new Lifestores, dreamed up by former Selfridges boss Vittorio Radice, will open for business. </p> <p>If there are weaknesses in the management, at least the company seems aware of them, because a new clothing supremo is understood to be being sought. </p> <p>The shares have rattled down from some 410p to 289p in the last two years. But it is not facing a new crisis. </p> <p>I expect the shares to offer a little magic and sparkle.<br><strong>\u00b7</strong> <strong>Julia Finch</strong> </p> <p><strong>Smoke signals</strong><br> </p> <p>The big news this year from British American Tobacco, 770p, has been the unveiling of plans to merge its US business, Brown &amp; Williamson, with American firm RJ Reynolds, leaving it with a 42% stake in a new company, Reynolds American. </p> <p>While it may be an overstatment to suggest the move distances BAT from litigation risks in the US, perhaps more significantly it provides a much needed response to the Philip Morris-led price war which has gripped the US market for many months now. </p> <p>Meanwhile, BAT's ongoing share buyback programme and an attractive dividend yield of 5.1% should continue to be attract investor interest and see shares climb beyond their present year-highs. </p> <p>The departure in June of executive chairman Martin Broughton is unlikely to cause concern as well regarded managing director Paul Adams takes over the day to day management.<br><strong>\u00b7</strong> <strong>Simon Bowers</strong> </p> <p><strong>Underground action </strong><br> </p> <p>WS Atkins made headlines a while ago for all the wrong reasons, mainly due to the failed installation of a new computer system which led to problems with invoicing and cash collection. The company issued two profits warnings, and top management was changed. Atkins now appears back on track, and recent half year results came in ahead of analysts' forecasts. The company has sold off its US business and some unprofitable PFI contracts, with the proceeds being used to reduce debt. Most of the group's remaining engineering and consultancy businesses saw improved trading conditions and higher margins. On top of that it is already starting to benefit from its participation in the Metronet consortium which runs part of London's Tube system. With the recovery well under way and its share of the tube profits underpinning its results, Atkins at 467.5p looks worth following. <br><strong>\u00b7</strong> <strong>Nick Fletcher</strong> </p> <p><strong>Psychic news</strong><br> </p> <p>Stream Group started life in 1997 providing a premium rate psychic phone hotline. That business now provides the bedrock for a profitable company that provides content for both fixed line and mobile phones. </p> <p>Even in an uncertain technology world there are some things the industry agrees on and one of them is that 2004 will be the year of mobile data. Stream provides everything from bog-standard applications such as a phoney girlfriend text chat service, and SMS dating to a downloadable slot-machine betting game. </p> <p>The company has also perfected the technology to stream video content over the current generation of mobile phones. Stream is not a company that relies on 3G technology for its business model to take off, nor does it have to do deals with the major mobile networks. Its products are already out there and being used, backed by strong marketing partners. </p> <p>Stream's broker went round institutions in November and they obviously liked what they saw - its stock has since picked up 10p. But at just 25p there is still plenty of upside.<br><strong>\u00b7</strong> <strong>Richard Wray</strong> </p> <p><strong>Wet strength</strong><br> </p> <p>Alistair Darling's wrestle with the future of aviation has kept the transport industry entertained this year, but in 2004 the government's focus will shift to shipping, with crucial decisions expected on the expansion of ports. </p> <p>Associated British Ports, which owns 21 docks and handles a quarter of the country's seaborne cargo, is awaiting a verdict on its plans to expand Southamp ton by building a \u00a3600m container terminal at Dibden, on the edge of the New Forest. </p> <p>The government is under pressure to approve the scheme - Britain's ports are becoming overcrowded, with a capacity shortfall of 10m containers forecast by 2015. Container prices and volumes are on the up, and ABP, 449p, has proven this year that it can withstand wobbles in world trade. A successful ruling on Dibden will put the company in positive waters, with the potential to offer a rare long-term growth story in the transport sector.<br><strong>\u00b7</strong> <strong>Andrew Clark</strong> </p> <p><strong>Automated risk </strong><br> </p> <p>After the success of Pilkington last year I have decided to go with another cyclical stock for 2004, although I must make it clear that Invensys, the heavily indebted controls and automation group, is not for those without an appetite for risk. </p> <p>At 18.25p, the shares' risk-reward ratio looks compelling, however. If the global economy continues to pick up pace Invensys should be able to complete its \u00a31.8bn disposal programme and margins at its remaining businesses should improve. If that happens Invensys could quickly become a takeover target for somebody like Germany's Siemens. </p> <p>Invensys would also benefit if the stock market has another good year. Analysts estimate that every 5% move in the equity market reduces the company's pension fund deficit by \u00a3100m and adds 3p to the share price. The downside risk, of course, is that the disposal programme goes badly, leaving Invensys without the money to pay down its debts. If that happens a massive rights issue or debt-for-equity swap would probably be on the cards.<br><strong>\u00b7</strong> <strong>Neil Hume</strong> </p> <p><strong> Irish energy</strong><br> </p> <p>Tullow, a growing Anglo-Irish oil and gas producer, has been singularly unloved over the last 24 months with its shares - now 85.75p - going nowhere, despite high crude prices. </p> <p>Company cashflow has grown strongly and last year's profits rose by over 40% but investors have tended to be transfixed by an unusual run of poor drilling results. </p> <p>Yet a strong management team has constructed a decent mix of solid producing fields in the UK North Sea coupled with exciting exploration acreage off Bangladesh and the Ivory Coast. </p> <p>A spot of luck with the drillbit should bring a re-rating, especially as crude prices continue to remain buoyant thanks to Opec's supply discipline and the global economy's increasing demand for energy.<br><strong>\u00b7</strong> <strong>Terry Macalister</strong> </p> <p><strong>Heavy metal</strong><br> </p> <p>Corus, the Anglo-Dutch steel group, has been a basket case since its formation in late 1999 and last year was its annus horribilis: its continuing losses (\u00a3458m in 2002), the collapse of the sale of its aluminium business to Pechiney and the sacking of its chief executive left it worth just \u00a3100m. </p> <p>Less than a year later, its new chief executive, Philippe Varin, has, at last, produced a strategy for recovery that carries conviction. The \u00a3291m netted from a share placement will be used to invest in the (still loss-making) UK carbon steel business; 1,150 more jobs will go but the emphasis is no longer solely cost-cutting. </p> <p>The end of \"steel wars\" between the US and EU, the probable sale of both the aluminium business and the Tuscaloosa steel mill in America, coupled with rising prices, could push Corus back into profit. </p> <p>One French swallow does not make a summer but Mr Varin does prompt thoughts of sunnier prospects for Corus, either alone or part of a larger group, making it a strong buy at 30p.<br><strong>\u00b7</strong> <strong>David Gow</strong> </p> <p><strong>Excitement assured</strong><br> </p> <p> This time last year, insurance companies were to be avoided as the stock market tumble in the first three months of 2003 caused anxiety about their financial strength. This year they stand a better chance of out-performing, provided the stock market does not a take a turn for the worse. The one to watch might be Legal &amp; General. So far, L&amp;G has tended to be ahead of the pack - conducting a cash call before its rivals and then increasing its dividend while others, notably the Pru, were forced to cut. </p> <p>The big challenge for L&amp;G and its rivals is to sell low cost products, as required by the government, and still make a profit. L&amp;G looks as if it might be able to pull this off. But if nothing else, lingering bid speculation about L&amp;G, which tried to tie the knot with NatWest three years ago, might help to buoy its shares, currently 100.25p.<br><strong>\u00b7</strong> <strong>Jill Treanor</strong> </p> <p><strong>Steel steal</strong><br> </p> <p>Rio Tinto and other mining stocks were some of the surprise outperformers in 2003. Soaring metal prices helped companies withstand the negative impact of the decline in the dollar they felt when their earnings were translated into sterling. </p> <p>The bounceback in commodity prices is set to continue this year which should benefit UK listed mining firms like Rio Tinto, BHP Billiton, and Anglo American. Their good fortune rests on the glowing economic prospects for China which is sucking in raw materials at record rates as it floods world markets with cheap manufactured goods. </p> <p>China is set to outperform again in 2004 which promises another rosy year for the sector. Chinese steel production is likely to break records again, which should boost Rio Tinto, the world's second largest producer of iron ore. </p> <p>Rio at 1543p promises to be a good bet for investors again this year, with its recent investments in expanding its Australian iron ore operations. Commodity price cycles have burned investors in the past, but this one shows no signs of abating anytime soon. <br><strong>\u00b7</strong> <strong>Charlotte Denny</strong></p> <p><strong>\u00b7</strong> <strong>How 2003's tips fared</strong></p> <p><strong> Pilkington</strong> +65% <br><strong> Safeway</strong> +33% <br><strong> Egg</strong> -13% <br><strong> TBI</strong> +53% <br><strong> Beattie</strong> +22% <br><strong> Vodafone</strong> +22% <br><strong> Shell</strong> +2% <br><strong> Second Scottish </strong> -21% <br><strong> BSkyB </strong> +10% <br><strong> Smiths Group</strong> -4% <br><strong> FTSE option</strong> -100% <br><strong> FTSE 100 </strong> +14% <br><strong> Average</strong> +6%</p>",
      "newspaperPageNumber": "19",
      "wordcount": "2207",
      "commentable": "false",
      "isPremoderated": "false",
      "lastModified": "2004-01-02T01:04:39Z",
      "newspaperEditionDate": "2004-01-02T00:00:00Z",
      "productionOffice": "UK",
      "publication": "theguardian.com",
      "shortUrl": "https://gu.com/p/79kd",
      "shouldHideAdverts": "false",
      "showInRelatedContent": "true",
      "legallySensitive": "false",
      "lang": "en",
      "bodyText": "For the first time this millennium stock market followers had something to celebrate in 2003. Share prices ended the year higher after three years of reversals, buoyed by growing signs of an economic recovery and the relatively swift resolution of the contentious Iraqi war. The FTSE 100 index of leading shares added 14% over the year to close at 4,477 points compared with 3,940 at the start. Given that background, ten of our tips for last year performed reasonably well, rising 17% and beating the market. Unfortunately we spoiled the effect somewhat by adding an 11th choice, a speculative traded option gambling on the market rallying to 4,225 by March. The theory was right, since the market did indeed rally, but the timing was a touch premature. The effect was a total wipeout on the option, which dragged our average down to just 6%. The star of the show was Pilkington, picked for its defensive qualities and the possibility of a bid. The bid has not yet arrived but the company proved its worth on the trading side. Safeway of course did receive a bid, and despite the fact that the year-long process is still not over, its shares reflected the interest shown in the business. Airport operator TBI, as we hoped, emerged as a winner from the continuing boom in budget airlines. The shares were buoyed for much of the year by rumours of a management buyout which never materialised. But earlier this month Germany's Hochtief revealed that it was plotting a takeover bid. BSkyB did well for us for the second year running, picked by our then media business correspondent John Cassy. The satellite broadcaster shook off various Office of Fair Trading and EU inquiries and a row over the appointment of Rupert Murdoch's son James as chief executive to notch up a 10%. gain. A less controversial move was that of the very same John Cassy from this newspaper to the hallowed ranks of, yes, Sky. Retailer James Beattie and mobile phone corporation Vodafone both showed good gains and there could be more to come this year, while Shell managed a small increase even though it should have benefited more from the strong oil price. Our other three tips disappointed. Financial group Egg failed to make any headway, while industrial group Smiths disappointed many with its cautious outlook. Investment trust Second Scottish National was another gamble which sadly failed to pay off. For this year we are - understandably - avoiding speculative financial instruments and sticking to a broad mix of the stable, the recovering and the smaller growth stocks. Mark this out Marks &amp; Spencer would once have been a rather dull tip - a big, reliable supertanker of a company. But the last five years have changed all that; profits crashed, the management were ousted and new blood was brought in. The supertanker eventually turned. But in recent months there has been increasing speculation that the great M&amp;S recovery has stalled - and there is plenty of evidence of some problems. Leaked figures showed market share in the three months to mid-November down 3% on a year earlier. And Christmas is said to have been particularly grim, with rumours that core clothing sales are down 10% on last year. So why tip M&amp;S, especially when interest rates are more likely to rise than fall, which is always bad news for retailers? For a start, most of the grim tidings about Christmas sales must now be in the price - the official trading statement comes on January 14. But there are plenty of other reasons. The new credit card operation appears to be performing well and the new model for the group's smaller stores has been well received. The food business is still thriving and the first of the new Lifestores, dreamed up by former Selfridges boss Vittorio Radice, will open for business. If there are weaknesses in the management, at least the company seems aware of them, because a new clothing supremo is understood to be being sought. The shares have rattled down from some 410p to 289p in the last two years. But it is not facing a new crisis. I expect the shares to offer a little magic and sparkle. \u00b7 Julia Finch Smoke signals The big news this year from British American Tobacco, 770p, has been the unveiling of plans to merge its US business, Brown &amp; Williamson, with American firm RJ Reynolds, leaving it with a 42% stake in a new company, Reynolds American. While it may be an overstatment to suggest the move distances BAT from litigation risks in the US, perhaps more significantly it provides a much needed response to the Philip Morris-led price war which has gripped the US market for many months now. Meanwhile, BAT's ongoing share buyback programme and an attractive dividend yield of 5.1% should continue to be attract investor interest and see shares climb beyond their present year-highs. The departure in June of executive chairman Martin Broughton is unlikely to cause concern as well regarded managing director Paul Adams takes over the day to day management. \u00b7 Simon Bowers Underground action WS Atkins made headlines a while ago for all the wrong reasons, mainly due to the failed installation of a new computer system which led to problems with invoicing and cash collection. The company issued two profits warnings, and top management was changed. Atkins now appears back on track, and recent half year results came in ahead of analysts' forecasts. The company has sold off its US business and some unprofitable PFI contracts, with the proceeds being used to reduce debt. Most of the group's remaining engineering and consultancy businesses saw improved trading conditions and higher margins. On top of that it is already starting to benefit from its participation in the Metronet consortium which runs part of London's Tube system. With the recovery well under way and its share of the tube profits underpinning its results, Atkins at 467.5p looks worth following. \u00b7 Nick Fletcher Psychic news Stream Group started life in 1997 providing a premium rate psychic phone hotline. That business now provides the bedrock for a profitable company that provides content for both fixed line and mobile phones. Even in an uncertain technology world there are some things the industry agrees on and one of them is that 2004 will be the year of mobile data. Stream provides everything from bog-standard applications such as a phoney girlfriend text chat service, and SMS dating to a downloadable slot-machine betting game. The company has also perfected the technology to stream video content over the current generation of mobile phones. Stream is not a company that relies on 3G technology for its business model to take off, nor does it have to do deals with the major mobile networks. Its products are already out there and being used, backed by strong marketing partners. Stream's broker went round institutions in November and they obviously liked what they saw - its stock has since picked up 10p. But at just 25p there is still plenty of upside. \u00b7 Richard Wray Wet strength Alistair Darling's wrestle with the future of aviation has kept the transport industry entertained this year, but in 2004 the government's focus will shift to shipping, with crucial decisions expected on the expansion of ports. Associated British Ports, which owns 21 docks and handles a quarter of the country's seaborne cargo, is awaiting a verdict on its plans to expand Southamp ton by building a \u00a3600m container terminal at Dibden, on the edge of the New Forest. The government is under pressure to approve the scheme - Britain's ports are becoming overcrowded, with a capacity shortfall of 10m containers forecast by 2015. Container prices and volumes are on the up, and ABP, 449p, has proven this year that it can withstand wobbles in world trade. A successful ruling on Dibden will put the company in positive waters, with the potential to offer a rare long-term growth story in the transport sector. \u00b7 Andrew Clark Automated risk After the success of Pilkington last year I have decided to go with another cyclical stock for 2004, although I must make it clear that Invensys, the heavily indebted controls and automation group, is not for those without an appetite for risk. At 18.25p, the shares' risk-reward ratio looks compelling, however. If the global economy continues to pick up pace Invensys should be able to complete its \u00a31.8bn disposal programme and margins at its remaining businesses should improve. If that happens Invensys could quickly become a takeover target for somebody like Germany's Siemens. Invensys would also benefit if the stock market has another good year. Analysts estimate that every 5% move in the equity market reduces the company's pension fund deficit by \u00a3100m and adds 3p to the share price. The downside risk, of course, is that the disposal programme goes badly, leaving Invensys without the money to pay down its debts. If that happens a massive rights issue or debt-for-equity swap would probably be on the cards. \u00b7 Neil Hume Irish energy Tullow, a growing Anglo-Irish oil and gas producer, has been singularly unloved over the last 24 months with its shares - now 85.75p - going nowhere, despite high crude prices. Company cashflow has grown strongly and last year's profits rose by over 40% but investors have tended to be transfixed by an unusual run of poor drilling results. Yet a strong management team has constructed a decent mix of solid producing fields in the UK North Sea coupled with exciting exploration acreage off Bangladesh and the Ivory Coast. A spot of luck with the drillbit should bring a re-rating, especially as crude prices continue to remain buoyant thanks to Opec's supply discipline and the global economy's increasing demand for energy. \u00b7 Terry Macalister Heavy metal Corus, the Anglo-Dutch steel group, has been a basket case since its formation in late 1999 and last year was its annus horribilis: its continuing losses (\u00a3458m in 2002), the collapse of the sale of its aluminium business to Pechiney and the sacking of its chief executive left it worth just \u00a3100m. Less than a year later, its new chief executive, Philippe Varin, has, at last, produced a strategy for recovery that carries conviction. The \u00a3291m netted from a share placement will be used to invest in the (still loss-making) UK carbon steel business; 1,150 more jobs will go but the emphasis is no longer solely cost-cutting. The end of \"steel wars\" between the US and EU, the probable sale of both the aluminium business and the Tuscaloosa steel mill in America, coupled with rising prices, could push Corus back into profit. One French swallow does not make a summer but Mr Varin does prompt thoughts of sunnier prospects for Corus, either alone or part of a larger group, making it a strong buy at 30p. \u00b7 David Gow Excitement assured This time last year, insurance companies were to be avoided as the stock market tumble in the first three months of 2003 caused anxiety about their financial strength. This year they stand a better chance of out-performing, provided the stock market does not a take a turn for the worse. The one to watch might be Legal &amp; General. So far, L&amp;G has tended to be ahead of the pack - conducting a cash call before its rivals and then increasing its dividend while others, notably the Pru, were forced to cut. The big challenge for L&amp;G and its rivals is to sell low cost products, as required by the government, and still make a profit. L&amp;G looks as if it might be able to pull this off. But if nothing else, lingering bid speculation about L&amp;G, which tried to tie the knot with NatWest three years ago, might help to buoy its shares, currently 100.25p. \u00b7 Jill Treanor Steel steal Rio Tinto and other mining stocks were some of the surprise outperformers in 2003. Soaring metal prices helped companies withstand the negative impact of the decline in the dollar they felt when their earnings were translated into sterling. The bounceback in commodity prices is set to continue this year which should benefit UK listed mining firms like Rio Tinto, BHP Billiton, and Anglo American. Their good fortune rests on the glowing economic prospects for China which is sucking in raw materials at record rates as it floods world markets with cheap manufactured goods. China is set to outperform again in 2004 which promises another rosy year for the sector. Chinese steel production is likely to break records again, which should boost Rio Tinto, the world's second largest producer of iron ore. Rio at 1543p promises to be a good bet for investors again this year, with its recent investments in expanding its Australian iron ore operations. Commodity price cycles have burned investors in the past, but this one shows no signs of abating anytime soon. \u00b7 Charlotte Denny \u00b7 How 2003's tips fared Pilkington +65% Safeway +33% Egg -13% TBI +53% Beattie +22% Vodafone +22% Shell +2% Second Scottish -21% BSkyB +10% Smiths Group -4% FTSE option -100% FTSE 100 +14% Average +6%",
      "charCount": "12960"
    },
    "isHosted": false,
    "pillarId": "pillar/news",
    "pillarName": "News"
  }
]