[
  {
    "id": "business/2004/may/18/politics.money",
    "type": "article",
    "sectionId": "business",
    "sectionName": "Business",
    "webPublicationDate": "2004-05-18T09:48:15Z",
    "webTitle": "Inflation rises as oil prices soar",
    "webUrl": "https://www.theguardian.com/business/2004/may/18/politics.money",
    "apiUrl": "https://content.guardianapis.com/business/2004/may/18/politics.money",
    "fields": {
      "headline": "Inflation rises as oil prices soar",
      "trailText": "<p>Inflation rose in April as higher oil prices pushed up the costs of petrol and domestic heating, official figures showed today.</p>",
      "byline": "Mark Tran",
      "main": "",
      "body": "<p>Inflation rose in April as higher oil prices pushed up the costs of petrol and domestic heating, official figures showed today.</p> <p>The Office for National Statistics said the consumer price index rose to 1.2%, up from 1.1% in March, as higher crude oil prices began to feed into the UK economy. </p> <p>\"The largest upward effect came from housing and household services,\" the ONS said. \"This was mainly due to liquid fuels, where the price of domestic heating oil rose this year but fell sharply a year earlier.\"</p> <p>Crude oil prices have risen by more than one fifth since the start of the year, boosted by strong demand from the US and China, as well as political factors.</p> <p>The increasing instability in Iraq and fears of attacks on Saudi Arabia, the world's largest oil exporter, have sparked concern over a disruption in oil supplies at a time of little spare capacity among suppliers.</p> <p>\"The full effects of the recent oil price rises have not been captured by today's statistics, and will drive the measure higher in the coming months although it remains lower than he target of 2%,\" Richard Greenwood, economist at the Centre for Economics and Business Research, said.</p> <p>Last week, the Bank of England's governor, Mervyn King, said he did not think the effects of the rise in oil prices would be dramatic. </p> <p>Even so, the oil cartel Opec is coming under growing pressure from the west to increase production to take the pressure off prices. Saudi Arabia has proposed stepping up output by 1.5 million barrels a day, but the rest of the cartel has yet to rally behind the plan.</p> <p>The largest downward effect on inflation came from transport services, with the recorded rise in air fares this April being less than that of a year ago, mainly as a result of the timing of Easter. Food prices also pushed inflation down, with vegetable prices falling this year compared with some rises a year earlier. </p> <p>Earlier this month, the Bank's monetary policy committee raised borrowing costs by a quarter-point to 4.25%. The move was part of its \"gradualist\" approach to keeping inflation under wraps and dampening an overheated housing market. </p> <p>In what will make frustrating reading for the Bank, the Royal Institution of Chartered Surveyors today predicted that house prices were poised to rise at \"fairly firm pace\" over the coming months, despite the Bank's attempts to cool the market. High oil prices will also now loom large in its considerations.</p> <p>In its quarterly inflation report last week, the Bank said inflation was set to move above its 2% target in two years, setting the stage for steeper interest rates than might have been expected.</p> <p>The report said inflation was heading above its target, \"mainly reflecting the stronger near-term pressures on capacity\". It warned that, even if interest rates rose as much as markets were expecting, inflation would still be \"a little above target\" in two years. </p> <p>Fan charts in the report suggested inflation would head up to around 2.3% in two years at current rates. Compared with its last report in February, the Bank said the inflation profile was \"somewhat higher in the second year of the projection\".</p>",
      "wordcount": "537",
      "commentable": "false",
      "isPremoderated": "false",
      "lastModified": "2017-05-08T07:11:05Z",
      "newspaperEditionDate": "2004-05-18T00:00:00Z",
      "productionOffice": "UK",
      "publication": "theguardian.com",
      "shortUrl": "https://gu.com/p/exqk",
      "shouldHideAdverts": "false",
      "showInRelatedContent": "true",
      "legallySensitive": "false",
      "lang": "en",
      "bodyText": "Inflation rose in April as higher oil prices pushed up the costs of petrol and domestic heating, official figures showed today. The Office for National Statistics said the consumer price index rose to 1.2%, up from 1.1% in March, as higher crude oil prices began to feed into the UK economy. \"The largest upward effect came from housing and household services,\" the ONS said. \"This was mainly due to liquid fuels, where the price of domestic heating oil rose this year but fell sharply a year earlier.\" Crude oil prices have risen by more than one fifth since the start of the year, boosted by strong demand from the US and China, as well as political factors. The increasing instability in Iraq and fears of attacks on Saudi Arabia, the world's largest oil exporter, have sparked concern over a disruption in oil supplies at a time of little spare capacity among suppliers. \"The full effects of the recent oil price rises have not been captured by today's statistics, and will drive the measure higher in the coming months although it remains lower than he target of 2%,\" Richard Greenwood, economist at the Centre for Economics and Business Research, said. Last week, the Bank of England's governor, Mervyn King, said he did not think the effects of the rise in oil prices would be dramatic. Even so, the oil cartel Opec is coming under growing pressure from the west to increase production to take the pressure off prices. Saudi Arabia has proposed stepping up output by 1.5 million barrels a day, but the rest of the cartel has yet to rally behind the plan. The largest downward effect on inflation came from transport services, with the recorded rise in air fares this April being less than that of a year ago, mainly as a result of the timing of Easter. Food prices also pushed inflation down, with vegetable prices falling this year compared with some rises a year earlier. Earlier this month, the Bank's monetary policy committee raised borrowing costs by a quarter-point to 4.25%. The move was part of its \"gradualist\" approach to keeping inflation under wraps and dampening an overheated housing market. In what will make frustrating reading for the Bank, the Royal Institution of Chartered Surveyors today predicted that house prices were poised to rise at \"fairly firm pace\" over the coming months, despite the Bank's attempts to cool the market. High oil prices will also now loom large in its considerations. In its quarterly inflation report last week, the Bank said inflation was set to move above its 2% target in two years, setting the stage for steeper interest rates than might have been expected. The report said inflation was heading above its target, \"mainly reflecting the stronger near-term pressures on capacity\". It warned that, even if interest rates rose as much as markets were expecting, inflation would still be \"a little above target\" in two years. Fan charts in the report suggested inflation would head up to around 2.3% in two years at current rates. Compared with its last report in February, the Bank said the inflation profile was \"somewhat higher in the second year of the projection\".",
      "charCount": "3125"
    },
    "isHosted": false,
    "pillarId": "pillar/news",
    "pillarName": "News"
  },
  {
    "id": "media/2004/may/18/pressandpublishing.mirror1",
    "type": "article",
    "sectionId": "media",
    "sectionName": "Media",
    "webPublicationDate": "2004-05-18T06:19:08Z",
    "webTitle": "Bailey must put her brand on the paper",
    "webUrl": "https://www.theguardian.com/media/2004/may/18/pressandpublishing.mirror1",
    "apiUrl": "https://content.guardianapis.com/media/2004/may/18/pressandpublishing.mirror1",
    "fields": {
      "headline": "Bailey must put her brand on the paper",
      "trailText": "<p>Sales of the Daily Mirror have not improved during Sly Bailey's 15-month tenure as chief executive of parent group Trinity Mirror, but she has presided over a resurgent share price. By <strong>Dan Milmo</strong>.</p>",
      "byline": "Dan Milmo",
      "main": "",
      "body": "<p>Sales of the Daily Mirror have not improved during Sly Bailey's 15-month tenure as chief executive of parent group Trinity Mirror, but she has presided over a resurgent share price. The stock was trading at 370p back in February last year and last night it closed at 607p. Talk of her being under pressure from shareholders over the Iraqi pictures debacle is premature in that context. </p> <p>The regional division, home to the bulk of Trinity Mirror's 250 titles, saw turnover rise 2.1% to \u00a3525.2m last year. This accounts for about 47% of group revenue. The advertising outlook for the unit is good, up 5.8% in the first four months of this year, and a confused management structure has been simplified. </p> <p>Ms Bailey has overseen the sale of Trinity Mirror's Irish newspapers for \u00a346m, unveiled a restructuring programme that will remove 5% of Trinity Mirror's 12,000 staff, announced aggressive cover price increases and introduced three new magazines at the Daily Mirror. She has hardly stood still. But the national division has remained a problem. </p> <p>Revenues slipped 0.4% to \u00a3492.2m, but a tight grip on costs pushed up the operating profit to \u00a385.8m. A sterling performance from the bottom line has not altered the perception that Ms Bailey is managing decline at the nationals. </p> <p>Created by the \u00a31.5bn merger of regional publisher Trinity Newspapers and the Mirror Group in 1999, the company has struggled to convince investors that its structure can produce healthy returns. </p> <p>Morgan's incident-packed reign crystallised investors' perception of an incoherent, inconsistently managed group. Last year Rupert Murdoch described Morgan as a good editor in need of a good boss. For all Morgan's undoubted verve and flair as a journalist, he lacked the counterbalance of a tough executive who would intervene if he went too far or take some of the bigger strategic decisions about the newspaper out of his hands. </p> <p>Trinity Mirror executives concede privately that former chief executive Philip Graf, who announced his resignation in September 2002, was no match for Morgan. Ms Bailey hinted as much when she told journalists last year that the national titles \"drifted\" under Mr Graf's leadership. </p> <p>Ms Bailey reversed two brave moves sanctioned by Morgan which had cost the group's flagship newspaper thousands of readers. Shifting the editorial stance towards serious journalism after September 11 brought awards, but the harder tone and scaling down of celebrity coverage put off readers. </p> <p>Cutting the price of the Daily Mirror, a decision Morgan pushed for, triggered a price war with the Sun. The nine-month long battle cost the Mirror at least \u00a321.8m and the Sun even more, but there was a clear winner in circulation terms. At the beginning of the price war, in May 2002, the gap between the tabloids was about 1.3 million readers. By March 2003, when Ms Bailey finally ended the stand-off, that gap had grown to 1.5 million and the Daily Mirror's circulation had fallen below 2m for the first time. </p> <p>For all her achievements at the wider group level, that statistic is a blot on her copybook. The news-stand performance of the national titles accounts for 60% of revenues. </p> <p>Lorna Tilbian, analyst at Numis Securities, suggests now is the moment for Bailey to stamp her own authority on the Mirror: \"I think they will take the opportunity to cut costs and do a Richard Desmond. He has revived that newspaper [the Daily Express] by giving it a celebrity slant. I think that's what the punter actually wants.\"</p>",
      "newspaperPageNumber": "19",
      "wordcount": "589",
      "commentable": "false",
      "isPremoderated": "false",
      "lastModified": "2017-05-31T21:09:44Z",
      "newspaperEditionDate": "2004-05-18T00:00:00Z",
      "productionOffice": "UK",
      "publication": "theguardian.com",
      "shortUrl": "https://gu.com/p/7ymx",
      "shouldHideAdverts": "false",
      "showInRelatedContent": "true",
      "legallySensitive": "false",
      "lang": "en",
      "bodyText": "Sales of the Daily Mirror have not improved during Sly Bailey's 15-month tenure as chief executive of parent group Trinity Mirror, but she has presided over a resurgent share price. The stock was trading at 370p back in February last year and last night it closed at 607p. Talk of her being under pressure from shareholders over the Iraqi pictures debacle is premature in that context. The regional division, home to the bulk of Trinity Mirror's 250 titles, saw turnover rise 2.1% to \u00a3525.2m last year. This accounts for about 47% of group revenue. The advertising outlook for the unit is good, up 5.8% in the first four months of this year, and a confused management structure has been simplified. Ms Bailey has overseen the sale of Trinity Mirror's Irish newspapers for \u00a346m, unveiled a restructuring programme that will remove 5% of Trinity Mirror's 12,000 staff, announced aggressive cover price increases and introduced three new magazines at the Daily Mirror. She has hardly stood still. But the national division has remained a problem. Revenues slipped 0.4% to \u00a3492.2m, but a tight grip on costs pushed up the operating profit to \u00a385.8m. A sterling performance from the bottom line has not altered the perception that Ms Bailey is managing decline at the nationals. Created by the \u00a31.5bn merger of regional publisher Trinity Newspapers and the Mirror Group in 1999, the company has struggled to convince investors that its structure can produce healthy returns. Morgan's incident-packed reign crystallised investors' perception of an incoherent, inconsistently managed group. Last year Rupert Murdoch described Morgan as a good editor in need of a good boss. For all Morgan's undoubted verve and flair as a journalist, he lacked the counterbalance of a tough executive who would intervene if he went too far or take some of the bigger strategic decisions about the newspaper out of his hands. Trinity Mirror executives concede privately that former chief executive Philip Graf, who announced his resignation in September 2002, was no match for Morgan. Ms Bailey hinted as much when she told journalists last year that the national titles \"drifted\" under Mr Graf's leadership. Ms Bailey reversed two brave moves sanctioned by Morgan which had cost the group's flagship newspaper thousands of readers. Shifting the editorial stance towards serious journalism after September 11 brought awards, but the harder tone and scaling down of celebrity coverage put off readers. Cutting the price of the Daily Mirror, a decision Morgan pushed for, triggered a price war with the Sun. The nine-month long battle cost the Mirror at least \u00a321.8m and the Sun even more, but there was a clear winner in circulation terms. At the beginning of the price war, in May 2002, the gap between the tabloids was about 1.3 million readers. By March 2003, when Ms Bailey finally ended the stand-off, that gap had grown to 1.5 million and the Daily Mirror's circulation had fallen below 2m for the first time. For all her achievements at the wider group level, that statistic is a blot on her copybook. The news-stand performance of the national titles accounts for 60% of revenues. Lorna Tilbian, analyst at Numis Securities, suggests now is the moment for Bailey to stamp her own authority on the Mirror: \"I think they will take the opportunity to cut costs and do a Richard Desmond. He has revived that newspaper [the Daily Express] by giving it a celebrity slant. I think that's what the punter actually wants.\"",
      "charCount": "3495"
    },
    "isHosted": false,
    "pillarId": "pillar/news",
    "pillarName": "News"
  },
  {
    "id": "business/2004/may/18/4",
    "type": "article",
    "sectionId": "business",
    "sectionName": "Business",
    "webPublicationDate": "2004-05-18T02:48:17Z",
    "webTitle": "Notebook",
    "webUrl": "https://www.theguardian.com/business/2004/may/18/4",
    "apiUrl": "https://content.guardianapis.com/business/2004/may/18/4",
    "fields": {
      "headline": "Stand by for the Baghdad bouncing bomb",
      "standfirst": "Wall Street gets by on a diet of patriotism",
      "trailText": "<p><strong>Notebook:</strong> Wall Street gets by on a diet of patriotism.</p>",
      "main": "",
      "body": "<p>A combination of rising oil prices, rising inflation and rising interest rates is rarely healthy for stock markets. Throw in an assassination in Iraq, coupled with increasing doubts over whether the American president or the British prime minister will still be in a job in a year's time, and you have a truly nasty concoction for investors.</p> <p>In the circumstances, the biggest surprise is that markets have not fallen further. The Dow Jones yesterday slipped below 10,000, but it has been a pretty orderly mark-down - the main US index still stands 20% higher than in the jittery days last year before coalition forces entered Iraq. Over here, the FTSE 100 index stands at 4403, below its best post-war highs but hardly an interruption to the year-long upward trend. </p> <p>Predicting stock market turns is usually asking for trouble, but this resilience in the markets smells like complacency. Oil at $40 barrel is unwelcome but manageable, but $50 a barrel - which plenty of serious forecasters are expecting - starts to sound truly dangerous for economic growth. </p> <p>In the US, meanwhile, stocks are still trading at over 20 times earnings, which is well above long-term averages. Albert Edwards, Dresdner Kleinwort Wasserstein's bearish analyst, calls it \"nose bleed levels of overvaluation\". The Edwards theory is that the bear market never really went away and that the mini-rally of the past year is simply a \"bubble echo\". </p> <p>One does not have to look too far for evidence of self-delusion on the part of US investors. After the market falls that followed the 9/11 terrorist attacks, the Dow Jones rallied by 2,000 points only to give back all the gains, as the chart above shows. </p> <p>Could the same happen to the post-war rally? Of course it could if the US continues to lose the peace and, in the process, push the oil price higher. Just as after 9/11, patriotism seems to be the main factor behind the market's resilience. </p> <p>On Wall Street strategists are now routinely arguing that recent stock market declines and the $40 oil price have nothing whatsoever to do with Iraq - stubbornly restricting their \"causes\" to the strength of the Chinese economy and a few wobbly domestic statistics. It is as if talking about why stocks are really falling adds up to criticism of US defence policy. </p> <p>But the issue cannot be avoided for long, even in lower Manhattan. What has so far looked like an orderly retreat on the markets could well turn very disorderly indeed. </p> <p><strong>Superjumbo sanity</strong><br> </p> <p>A rare epidemic of sanity has broken out at Virgin Atlantic, which yesterday delayed plans to pioneer the new Airbus A380 superjumbo. In uncharacteristic mode, Sir Richard Branson's airline has decided to be an also-ran, rather than a pace-setter, with the new 550-seat double-decker. </p> <p>In explanation, the airline said it did not believe that airports would be ready by 2006 and it was struggling to sort out unexplained on-board \"innovations\" on time. </p> <p>Quite what those \"innovations\" are is a matter of conjecture. Talk of saunas, gymnasiums and casinos in the sky appears increasingly to be a red herring. The benefit of the A380 is simply that airlines can cram more seats into a single hull at relatively little extra cost. </p> <p>Virgin is unlikely to be waiting for the design of an on-board blackjack table or a safety-conscious steam room. Instead, industry watchers reckon that the airline has finally concluded that as a modestly sized operation in international terms it has more to lose than its rivals from hiccups on a new piece of kit. </p> <p>Virgin took the first plane off the production line two years ago when Airbus launched the longest aircraft in the sky - the A340-600. </p> <p>In true Branson style, the plane was introduced amid fanfares at the Farnborough air show, complete with dry ice and a posse of Page Three lovelies. </p> <p>But the plane's trademark in-flight entertainment system, which offers a choice of 100 CDs and 50 different movies, has not proved to be as reliable as had been hoped, and Airbus admits that new planes are liable to \"teething issues\". </p> <p>The only upside for Virgin in pioneering the superjumbo was to give it a new catchline in its advertising. If there is any risk that the product may not delight each and every traveller, it really is not worth the risk of rushing.</p>",
      "newspaperPageNumber": "17",
      "wordcount": "730",
      "commentable": "false",
      "isPremoderated": "false",
      "lastModified": "2004-05-18T02:48:17Z",
      "newspaperEditionDate": "2004-05-18T00:00:00Z",
      "productionOffice": "UK",
      "publication": "theguardian.com",
      "shortUrl": "https://gu.com/p/7yyz",
      "shouldHideAdverts": "false",
      "showInRelatedContent": "true",
      "legallySensitive": "false",
      "lang": "en",
      "bodyText": "A combination of rising oil prices, rising inflation and rising interest rates is rarely healthy for stock markets. Throw in an assassination in Iraq, coupled with increasing doubts over whether the American president or the British prime minister will still be in a job in a year's time, and you have a truly nasty concoction for investors. In the circumstances, the biggest surprise is that markets have not fallen further. The Dow Jones yesterday slipped below 10,000, but it has been a pretty orderly mark-down - the main US index still stands 20% higher than in the jittery days last year before coalition forces entered Iraq. Over here, the FTSE 100 index stands at 4403, below its best post-war highs but hardly an interruption to the year-long upward trend. Predicting stock market turns is usually asking for trouble, but this resilience in the markets smells like complacency. Oil at $40 barrel is unwelcome but manageable, but $50 a barrel - which plenty of serious forecasters are expecting - starts to sound truly dangerous for economic growth. In the US, meanwhile, stocks are still trading at over 20 times earnings, which is well above long-term averages. Albert Edwards, Dresdner Kleinwort Wasserstein's bearish analyst, calls it \"nose bleed levels of overvaluation\". The Edwards theory is that the bear market never really went away and that the mini-rally of the past year is simply a \"bubble echo\". One does not have to look too far for evidence of self-delusion on the part of US investors. After the market falls that followed the 9/11 terrorist attacks, the Dow Jones rallied by 2,000 points only to give back all the gains, as the chart above shows. Could the same happen to the post-war rally? Of course it could if the US continues to lose the peace and, in the process, push the oil price higher. Just as after 9/11, patriotism seems to be the main factor behind the market's resilience. On Wall Street strategists are now routinely arguing that recent stock market declines and the $40 oil price have nothing whatsoever to do with Iraq - stubbornly restricting their \"causes\" to the strength of the Chinese economy and a few wobbly domestic statistics. It is as if talking about why stocks are really falling adds up to criticism of US defence policy. But the issue cannot be avoided for long, even in lower Manhattan. What has so far looked like an orderly retreat on the markets could well turn very disorderly indeed. Superjumbo sanity A rare epidemic of sanity has broken out at Virgin Atlantic, which yesterday delayed plans to pioneer the new Airbus A380 superjumbo. In uncharacteristic mode, Sir Richard Branson's airline has decided to be an also-ran, rather than a pace-setter, with the new 550-seat double-decker. In explanation, the airline said it did not believe that airports would be ready by 2006 and it was struggling to sort out unexplained on-board \"innovations\" on time. Quite what those \"innovations\" are is a matter of conjecture. Talk of saunas, gymnasiums and casinos in the sky appears increasingly to be a red herring. The benefit of the A380 is simply that airlines can cram more seats into a single hull at relatively little extra cost. Virgin is unlikely to be waiting for the design of an on-board blackjack table or a safety-conscious steam room. Instead, industry watchers reckon that the airline has finally concluded that as a modestly sized operation in international terms it has more to lose than its rivals from hiccups on a new piece of kit. Virgin took the first plane off the production line two years ago when Airbus launched the longest aircraft in the sky - the A340-600. In true Branson style, the plane was introduced amid fanfares at the Farnborough air show, complete with dry ice and a posse of Page Three lovelies. But the plane's trademark in-flight entertainment system, which offers a choice of 100 CDs and 50 different movies, has not proved to be as reliable as had been hoped, and Airbus admits that new planes are liable to \"teething issues\". The only upside for Virgin in pioneering the superjumbo was to give it a new catchline in its advertising. If there is any risk that the product may not delight each and every traveller, it really is not worth the risk of rushing.",
      "charCount": "4258"
    },
    "isHosted": false,
    "pillarId": "pillar/news",
    "pillarName": "News"
  },
  {
    "id": "business/2004/may/18/britishairways.theairlineindustry",
    "type": "article",
    "sectionId": "business",
    "sectionName": "Business",
    "webPublicationDate": "2004-05-18T02:48:17Z",
    "webTitle": "Axe-wielding BA smashes profit forecasts",
    "webUrl": "https://www.theguardian.com/business/2004/may/18/britishairways.theairlineindustry",
    "apiUrl": "https://content.guardianapis.com/business/2004/may/18/britishairways.theairlineindustry",
    "fields": {
      "headline": "Axe-wielding BA smashes profit forecasts",
      "trailText": "<p>British Airways' radical cuts in staff, routes and aircraft paid off yesterday as the airline smashed forecasts with its best profits for five years - although it admitted that the soaring price of fuel might damage its fragile recovery.</p>",
      "byline": "Andrew Clark, transport correspondent",
      "main": "",
      "body": "<p>British Airways' radical cuts in staff, routes and aircraft paid off yesterday as the airline smashed forecasts with its best profits for five years - although it admitted that the soaring price of fuel might damage its fragile recovery.</p> <p>The flag carrier's pre-tax profits leapt by 70% to \u00a3230m, including a \u00a335m exceptional gain from the \"discovery\" of extra money by a new computer network. </p> <p>BA revealed that it had exceeded its own cost-cutting forecasts and dragged its traditionally loss-making European operation to the point of breaking even. </p> <p>However, chief executive Rod Eddington urged caution, with a warning that sky-high fuel prices could be a long-term phenomenon. </p> <p>\"These are good results in a difficult environment - I'm delighted for everybody in the company,\" Mr Eddington said. </p> <p>\"It's been a very tough time in aviation and particularly tough for BA because there were a lot of things to fix. Although we haven't fixed everything we need to, we've made some pretty good progress.\" </p> <p>Rising fuel prices are likely to increase BA's costs by \u00a3150m this year, of which half will be met by a \u00a35 special levy imposed last week on each return ticket. </p> <p>Mr Eddington said an increase in fuel costs meant higher inflation and a rise in interest rates, in addition to the extra burden on BA's basic costs. </p> <p>\"It's not a short-term spike,\" he said. \"It's going to be with us for quite some time.\" </p> <p>KLM and Air France yesterday became the latest airlines to pass on the extra cost of fuel to passengers, with levies of between \u20ac3 and \u20ac4 (\u00a32-\u00a32.80) on each ticket. </p> <p>BA shares slipped 3.5p to 243.25p - their lowest point since January. </p> <p>The airline's operating profits were \u00a3405m, compared with forecasts of \u00a3390m. BA admitted that the numbers had been boosted by improvements to its IT systems which allowed it more \"visibility\" over complex pricing issues such as transfers from partner airlines. </p> <p>Industry watchers pointed out that the airline was forecasting only a 2-3% improvement in revenue this year, in a sign that business-class travel remained weak. </p> <p>Chris Avery, a transport analyst at JP Morgan, said: \"They're being particularly cautious on the revenue environment. We had been anticipating some corporate price rises but they haven't appeared yet.\" </p> <p>There was better news on BA's short-haul operation, which lost only \u00a360m, compared with \u00a3310m four years ago. Half of the deficit was from one-off charges to write down the value of turboprop aircraft and account for the sale of loss-making Deutsche BA. </p> <p>Mr Eddington said the European network, which has traditionally been subsidised by lucrative long-haul traffic, was trading at breakeven and could make a profit this year despite fierce competition from low-cost airlines such as EasyJet, Ryanair and BmiBaby. </p> <p>BA's \"future size and shape\" restructuring programme, which cost 13,082 jobs, yielded savings of \u00a3869m, against a target of \u00a3650m, as cost-cutting initiatives such as electronic ticketing took off. </p> <p>The Transport and General Workers' Union said the restructuring had been delivered by grassroots staff who ought to be rewarded for their cooperation. </p> <p>Brendan Gold, the union's national organiser for aviation, said: \"These figures show what has been achieved. Our members have played their part and we would expect this to be recognised in our ongoing talks with BA on pay, pensions and productivity.\" </p> <p>There could be further pain ahead for BA's employees. The airline has set a two-year target of saving \u00a3300m in staff costs by introducing flexible working practices.</p>",
      "newspaperPageNumber": "15",
      "wordcount": "580",
      "commentable": "false",
      "isPremoderated": "false",
      "lastModified": "2017-06-06T01:33:51Z",
      "newspaperEditionDate": "2004-05-18T00:00:00Z",
      "productionOffice": "UK",
      "publication": "theguardian.com",
      "shortUrl": "https://gu.com/p/7yyd",
      "shouldHideAdverts": "false",
      "showInRelatedContent": "true",
      "legallySensitive": "false",
      "lang": "en",
      "bodyText": "British Airways' radical cuts in staff, routes and aircraft paid off yesterday as the airline smashed forecasts with its best profits for five years - although it admitted that the soaring price of fuel might damage its fragile recovery. The flag carrier's pre-tax profits leapt by 70% to \u00a3230m, including a \u00a335m exceptional gain from the \"discovery\" of extra money by a new computer network. BA revealed that it had exceeded its own cost-cutting forecasts and dragged its traditionally loss-making European operation to the point of breaking even. However, chief executive Rod Eddington urged caution, with a warning that sky-high fuel prices could be a long-term phenomenon. \"These are good results in a difficult environment - I'm delighted for everybody in the company,\" Mr Eddington said. \"It's been a very tough time in aviation and particularly tough for BA because there were a lot of things to fix. Although we haven't fixed everything we need to, we've made some pretty good progress.\" Rising fuel prices are likely to increase BA's costs by \u00a3150m this year, of which half will be met by a \u00a35 special levy imposed last week on each return ticket. Mr Eddington said an increase in fuel costs meant higher inflation and a rise in interest rates, in addition to the extra burden on BA's basic costs. \"It's not a short-term spike,\" he said. \"It's going to be with us for quite some time.\" KLM and Air France yesterday became the latest airlines to pass on the extra cost of fuel to passengers, with levies of between \u20ac3 and \u20ac4 (\u00a32-\u00a32.80) on each ticket. BA shares slipped 3.5p to 243.25p - their lowest point since January. The airline's operating profits were \u00a3405m, compared with forecasts of \u00a3390m. BA admitted that the numbers had been boosted by improvements to its IT systems which allowed it more \"visibility\" over complex pricing issues such as transfers from partner airlines. Industry watchers pointed out that the airline was forecasting only a 2-3% improvement in revenue this year, in a sign that business-class travel remained weak. Chris Avery, a transport analyst at JP Morgan, said: \"They're being particularly cautious on the revenue environment. We had been anticipating some corporate price rises but they haven't appeared yet.\" There was better news on BA's short-haul operation, which lost only \u00a360m, compared with \u00a3310m four years ago. Half of the deficit was from one-off charges to write down the value of turboprop aircraft and account for the sale of loss-making Deutsche BA. Mr Eddington said the European network, which has traditionally been subsidised by lucrative long-haul traffic, was trading at breakeven and could make a profit this year despite fierce competition from low-cost airlines such as EasyJet, Ryanair and BmiBaby. BA's \"future size and shape\" restructuring programme, which cost 13,082 jobs, yielded savings of \u00a3869m, against a target of \u00a3650m, as cost-cutting initiatives such as electronic ticketing took off. The Transport and General Workers' Union said the restructuring had been delivered by grassroots staff who ought to be rewarded for their cooperation. Brendan Gold, the union's national organiser for aviation, said: \"These figures show what has been achieved. Our members have played their part and we would expect this to be recognised in our ongoing talks with BA on pay, pensions and productivity.\" There could be further pain ahead for BA's employees. The airline has set a two-year target of saving \u00a3300m in staff costs by introducing flexible working practices.",
      "charCount": "3533"
    },
    "isHosted": false,
    "pillarId": "pillar/news",
    "pillarName": "News"
  },
  {
    "id": "politics/2004/may/18/freedomofinformation.comment",
    "type": "article",
    "sectionId": "politics",
    "sectionName": "Politics",
    "webPublicationDate": "2004-05-18T02:47:50Z",
    "webTitle": "Leader: Pricing the right to know",
    "webUrl": "https://www.theguardian.com/politics/2004/may/18/freedomofinformation.comment",
    "apiUrl": "https://content.guardianapis.com/politics/2004/may/18/freedomofinformation.comment",
    "fields": {
      "headline": "Pricing the right to know",
      "trailText": "Half a loaf is better than no loaf but the Freedom of Information Act, which comes into force next January, is becoming a stale and mouldy offering.",
      "byline": "Leader",
      "main": "",
      "body": "Half a loaf is better than no loaf but the Freedom of Information Act, which comes into force next January, is becoming a stale and mouldy offering. When it was passed in late 2000, the bill was riddled with get-out clauses and exemptions. Since then, the government has delayed the legislation's introduction, widened the grounds for denying access to documents affecting national security and, most recently, refused to comply with a call in the Phillis report into government communications for ministers to give up their veto over the release of information. <p>Now a penny-pinching Whitehall committee is on the brink of wrecking the legislation altogether by imposing huge charges on requests for information, putting the scheme beyond the reach of most citizens and turning it into what one internal critique of the plan calls \"a business service - no one else would be able to afford it\". </p> <p>This is not just a far cry from Tony Blair's promise in opposition that a Freedom of Information Act would be \"absolutely fundamental\" to his government, but a clear breach of promises made by ministers, including Jack Straw, to the House of Commons while the bill was making its way through parliament. Then, the talk was of recovering a small proportion of the marginal costs of the legislation. Now, the Treasury is pushing for \"full costs recovery\" - a phrase that hides increases of up to 950% in the cost of exercising the right to know. That means citizens could be expected to pay \u00a3600 for the chance to see information, even without knowing whether it is useful to them or not. </p> <p>Under the proposals, which have been recommended in draft but not yet confirmed by the cross-departmental committee responsible, applicants will be expected to pay an hourly rate for all searches that take longer than an hour - ie: almost all of them. The Met Office plans to charge \u00a355 a hour to cover costs plus a profit element; the Health and Safety Executive \u00a345 for some searches; others are likely to set a higher figure. </p> <p>This spectacular abuse of the government's commitment to open government is either an idiotic example of cost-paring or - more disgraceful still - an attempt to kill the legislation by pricing it out of the market. Either way, ministers must step in to honour the modest charges they originally outlined to parliament. Otherwise when British voters finally get their long-delayed right to ask the government to reveal what it is up to, they will find using that right leads to a nasty surprise in the post and that the legislation is almost no use at all.</p>",
      "newspaperPageNumber": "23",
      "wordcount": "440",
      "commentable": "false",
      "isPremoderated": "false",
      "lastModified": "2017-05-08T07:11:06Z",
      "newspaperEditionDate": "2004-05-18T00:00:00Z",
      "productionOffice": "UK",
      "publication": "theguardian.com",
      "shortUrl": "https://gu.com/p/ntxq",
      "shouldHideAdverts": "false",
      "showInRelatedContent": "true",
      "legallySensitive": "false",
      "lang": "en",
      "bodyText": "Half a loaf is better than no loaf but the Freedom of Information Act, which comes into force next January, is becoming a stale and mouldy offering. When it was passed in late 2000, the bill was riddled with get-out clauses and exemptions. Since then, the government has delayed the legislation's introduction, widened the grounds for denying access to documents affecting national security and, most recently, refused to comply with a call in the Phillis report into government communications for ministers to give up their veto over the release of information. Now a penny-pinching Whitehall committee is on the brink of wrecking the legislation altogether by imposing huge charges on requests for information, putting the scheme beyond the reach of most citizens and turning it into what one internal critique of the plan calls \"a business service - no one else would be able to afford it\". This is not just a far cry from Tony Blair's promise in opposition that a Freedom of Information Act would be \"absolutely fundamental\" to his government, but a clear breach of promises made by ministers, including Jack Straw, to the House of Commons while the bill was making its way through parliament. Then, the talk was of recovering a small proportion of the marginal costs of the legislation. Now, the Treasury is pushing for \"full costs recovery\" - a phrase that hides increases of up to 950% in the cost of exercising the right to know. That means citizens could be expected to pay \u00a3600 for the chance to see information, even without knowing whether it is useful to them or not. Under the proposals, which have been recommended in draft but not yet confirmed by the cross-departmental committee responsible, applicants will be expected to pay an hourly rate for all searches that take longer than an hour - ie: almost all of them. The Met Office plans to charge \u00a355 a hour to cover costs plus a profit element; the Health and Safety Executive \u00a345 for some searches; others are likely to set a higher figure. This spectacular abuse of the government's commitment to open government is either an idiotic example of cost-paring or - more disgraceful still - an attempt to kill the legislation by pricing it out of the market. Either way, ministers must step in to honour the modest charges they originally outlined to parliament. Otherwise when British voters finally get their long-delayed right to ask the government to reveal what it is up to, they will find using that right leads to a nasty surprise in the post and that the legislation is almost no use at all.",
      "charCount": "2565"
    },
    "isHosted": false,
    "pillarId": "pillar/news",
    "pillarName": "News"
  },
  {
    "id": "business/2004/may/18/oilandpetrol.news",
    "type": "article",
    "sectionId": "business",
    "sectionName": "Business",
    "webPublicationDate": "2004-05-18T02:47:12Z",
    "webTitle": "Opec urged to boost output to cool oil pressure",
    "webUrl": "https://www.theguardian.com/business/2004/may/18/oilandpetrol.news",
    "apiUrl": "https://content.guardianapis.com/business/2004/may/18/oilandpetrol.news",
    "fields": {
      "headline": "Opec urged to boost output to cool oil pressure",
      "trailText": "<p>The oil cartel Opec was coming under mounting pressure last night to boost global supplies of crude after concern about rising prices and the deteriorating security situation in the Middle East sent fresh tremors through financial markets.</p>",
      "byline": "Larry Elliott",
      "main": "",
      "body": "<p>The oil cartel Opec was coming under mounting pressure last night to boost global supplies of crude after concern about rising prices and the deteriorating security situation in the Middle East sent fresh tremors through financial markets.</p> <p>Sources at Opec hinted that the 11 oil producing nations were preparing to listen to pleas from the west for cheaper energy by boosting quotas by more than the expected 1.5m barrels a day when ministers meet in Amsterdam at the weekend. </p> <p>The news came as much-needed comfort to financial markets rattled by the assassination of the president of Iraq's governing council, Izzadine Saleem, in a Baghdad car bomb. Uncertainty over US involvement in Iraq and George Bush's re-election chances rippled through Wall Street after Mr Saleem and eight others died in the suicide attack. </p> <p>Oil prices briefly came within a whisker of $42 a barrel during early trading in New York yesterday before slipping back on profit taking. Futures contracts of US light crude for June delivery peaked at $41.85 a barrel in New York, before slipping back to $41.15, down 23 cents on the day. </p> <p>Fears that without decisive action by Opec the price could hit $50 a barrel in the coming months added to anxiety about higher interest rates in the US to prompt hefty falls in share prices around the world. </p> <p>In a continuation of last week's turbulent trading, Japan's Nikkei index lost more than 3% of its value, shares in Europe closed at their lowest in two months, and Wall Street's Dow Jones average was down almost 100 points by lunchtime in New York. London's FTSE 100 index finished 38.8 points down at 4403.0, having been down almost 80 points during earlier trading. </p> <p>\"Fear is what's dominated this market over the past month and a half, whether it's Iraq or interest rates or inflation,\" said Brian Pears, head equity trader at Victory Capital Management. \"Any new violence will have a negative effect on the market.\" </p> <p>Opec's three-day meeting this weekend has been called to discuss Saudi Arabia's proposal for an increase in daily production of 23.5m barrels by 6%. Analysts said how ever that this would merely legitimise the quota busting that has already seen Opec members pump 25.5m barrels a day. \"It's not that it won't be enough. It's irrelevant,\" said Leo Drollas, chief economist at the centre for global energy studies in London. </p> <p>Opec sources said an increase of more than 6% was now a possibility. \"We are very worried and concerned about the situation in the oil market, and we know we will do what we have to to bring back stability,\" one delegate said.</p>",
      "newspaperPageNumber": "15",
      "wordcount": "447",
      "commentable": "false",
      "isPremoderated": "false",
      "lastModified": "2004-05-18T02:47:12Z",
      "newspaperEditionDate": "2004-05-18T00:00:00Z",
      "productionOffice": "UK",
      "publication": "theguardian.com",
      "shortUrl": "https://gu.com/p/depx",
      "shouldHideAdverts": "false",
      "showInRelatedContent": "true",
      "legallySensitive": "false",
      "lang": "en",
      "bodyText": "The oil cartel Opec was coming under mounting pressure last night to boost global supplies of crude after concern about rising prices and the deteriorating security situation in the Middle East sent fresh tremors through financial markets. Sources at Opec hinted that the 11 oil producing nations were preparing to listen to pleas from the west for cheaper energy by boosting quotas by more than the expected 1.5m barrels a day when ministers meet in Amsterdam at the weekend. The news came as much-needed comfort to financial markets rattled by the assassination of the president of Iraq's governing council, Izzadine Saleem, in a Baghdad car bomb. Uncertainty over US involvement in Iraq and George Bush's re-election chances rippled through Wall Street after Mr Saleem and eight others died in the suicide attack. Oil prices briefly came within a whisker of $42 a barrel during early trading in New York yesterday before slipping back on profit taking. Futures contracts of US light crude for June delivery peaked at $41.85 a barrel in New York, before slipping back to $41.15, down 23 cents on the day. Fears that without decisive action by Opec the price could hit $50 a barrel in the coming months added to anxiety about higher interest rates in the US to prompt hefty falls in share prices around the world. In a continuation of last week's turbulent trading, Japan's Nikkei index lost more than 3% of its value, shares in Europe closed at their lowest in two months, and Wall Street's Dow Jones average was down almost 100 points by lunchtime in New York. London's FTSE 100 index finished 38.8 points down at 4403.0, having been down almost 80 points during earlier trading. \"Fear is what's dominated this market over the past month and a half, whether it's Iraq or interest rates or inflation,\" said Brian Pears, head equity trader at Victory Capital Management. \"Any new violence will have a negative effect on the market.\" Opec's three-day meeting this weekend has been called to discuss Saudi Arabia's proposal for an increase in daily production of 23.5m barrels by 6%. Analysts said how ever that this would merely legitimise the quota busting that has already seen Opec members pump 25.5m barrels a day. \"It's not that it won't be enough. It's irrelevant,\" said Leo Drollas, chief economist at the centre for global energy studies in London. Opec sources said an increase of more than 6% was now a possibility. \"We are very worried and concerned about the situation in the oil market, and we know we will do what we have to to bring back stability,\" one delegate said.",
      "charCount": "2583"
    },
    "isHosted": false,
    "pillarId": "pillar/news",
    "pillarName": "News"
  },
  {
    "id": "business/2004/may/18/1",
    "type": "article",
    "sectionId": "business",
    "sectionName": "Business",
    "webPublicationDate": "2004-05-18T02:46:28Z",
    "webTitle": "Market forces",
    "webUrl": "https://www.theguardian.com/business/2004/may/18/1",
    "apiUrl": "https://content.guardianapis.com/business/2004/may/18/1",
    "fields": {
      "headline": "Footsie defies worldwide setbacks",
      "trailText": "<p><strong>Market forces:</strong> Leading shares were sorely tested yesterday as Wall Street dipped under the 10,000 level at the close of play in London.</p>",
      "byline": "Richard Wray",
      "main": "",
      "body": "<p>Leading shares were sorely tested yesterday as Wall Street dipped under the 10,000 level at the close of play in London and share prices in Asia and on the Indian subcontinent dropped on fears that the rampant oil price would start to bite into corporate earnings. </p> <p>But the <strong>FTSE 100</strong> index managed to maintain its 4,370 support level despite the worsening situation in Iraq and the blasts in Turkey. The index dipped to 4,363 at one point but bounced back as buyers returned. The FTSE 100 ended the day down 38.8 points at 4,403. </p> <p>Weakness in the world's equity markets hit financial stocks, with <strong>Standard Chartered</strong> down 20p at 840p and <strong>Man Group</strong> down 27p at \u00a315.99. </p> <p>The impact of the falls on the Bombay exchange - which recorded the biggest one-day drop in its history - were felt by Indian mining firm <strong>Vedanta Resources</strong>, down 5p at 279p, while the rocketing oil price hurt <strong>British Airways</strong>. </p> <p>BA lost 3.5p to 243.25p despite the company's forecast-busting annual results as traders concentrated on the impact of the rising oil price on the cost of aviation fuel. </p> <p><strong>Bunzl</strong> was one of the few bright spots in an otherwise dark market, up 3p at 481.75p, on talk that private equity group Charterhouse has beaten the company in the auction for vending machine group Autobar with a bid of more than \u20ac800m (\u00a3530m). Analysts had been cool on Bunzl buying the business because it would dilute the packaging group's strong margins. </p> <p>Away from the main index, <strong>Cairn Energy</strong> has been a fantastic performer so far this year, having started January at 400p, and yesterday the exploration firm got a further boost - up 3p to 996p - as it increased its estimate of reserves at one of its sites in India. </p> <p>Cairn aside, the drop in the main index fed through to second line stocks with the FTSE 250 closing down 98.2 points at 5883. The <strong>FTSE Small Cap</strong> closed down 56.1 points at 2466.9. </p> <p><strong>LogicaCMG</strong> eased 13.75p to 190p on talk that today's trading update at the group's annual meeting will be less than sparkling. ING, however, raised its stance on the stock to buy from hold, saying that recent forecast downgrades from other brokers were a result of \"inflated first-half expectations\". </p> <p><strong>Alfred McAlpine</strong> lost 7.25p to 292.75p despite news of several new contracts worth \u00a378m including a \u00a322m redevelopment contract in King's Lynn. </p> <p>Down on AIM, <strong>Network</strong> was the day's best performer, up 3p at 9.5p, on talk that the Australian outdoor media firm was poised to announce the disposal of the biotech assets it still owned from its former incarnation. The company originally listed on the Australian stock exchange as a biotechnology company, but switched its focus to outdoor media with the acquisition of advertising site broker Outdoor Network Australia in November 2002. </p> <p><strong>Lawrence</strong> rose 25.5p to 390.5p as the drugs-for-animals group said its Aivlosin treatment for swine pneumonia has received clearance from the committee for veterinary medicinal products and now only needs the approval of the European Agency for the Evaluation of Medicinal Products. </p> <p><strong>BioProgress</strong> - developer of materials to make drug capsules that do not use animal-based products - has long been a target of gossip on internet bulletin boards. Late last week speculation ran rife that US-based International Specialty Products had made an informal approach to the company and been rebuffed. </p> <p>ISP, headquartered in New Jersey, makes more than 400 speciality chemicals found in products in the personal care, pharmaceutical, food, beverage and industrial sectors. It recently bought Hallcrest, based in Dorset. </p> <p>Over the weekend, however, sources close to BioProgress denied that the AIM-listed company had received an offer. The stock closed down 11p at 74.5p yesterday. </p> <p>Shares in <strong>Monterrico Metals</strong>, however, headed in the op posite direction - up 14p at 306.5p - after the mining group increased its activity in the Rio Blanco copper deposit in Peru after positive drilling results. </p> <p>So far the spat between <strong>Baltimore Technologies</strong> and <strong>Acquisitor Holdings</strong> seems to have done little except earn more and more fees for lawyers but it shows little sign of going away. Yesterday Acquisitor picked up more shares and the Bermuda vulture fund now has a 19.9% stake. Acquisitor is pushing its resolutions to have Baltimore's management removed and its own people installed presented at the forthcoming annual meeting. A spokesman for Baltimore said yesterday that a date for the meeting, which must take place by August, has not yet been set, and the board was still considering whether to present Acquisitor's resolutions to shareholders. Baltimore closed down 0.25p at 42.5p with Acquisitor flat at 31.5p. </p> <p>Finally, shares in knowledge management software company <strong>Corpora</strong> have been treading water since it raised \u00a32.2m, at 35p a share, in March and announced the acquisition of rival Exago, but things look set to pick up over the second half of the year. </p> <p>Chief executive Mark Thompson is understood to have been visiting the US recently, talking with existing and potential clients and partners and the mood is positive. </p> <p>Last November the company did a deal with G&amp;H International, a company based in Washington DC, to supply its technology to the US law enforcement community. The deal was backed by the US Department of Homeland Security. The shares closed unchanged yesterday, at 39.5p. </p> <p><strong>Vodafone takes BT's calls</strong></p> <p>BT has been desperate to get into the mobile phone market after being forced to demerge its Cellnet unit - now MMO2 - to compensate investors for losses they incurred during the company's poorly judged investments of the late 1990s. </p> <p>While it has made a start through deals with T-Mobile and MMO2 to use their networks, its ambitions will receive a shot in the arm today as it announces it is putting all its mobile dreams in the hands of Vodafone. </p> <p>Although both BT and Vodafone languished yesterday as the main market dipped on Wall Street's weakness, the deal is expected to give BT a boost and offer Vodafone a blueprint for similar deals in other countries which will increase traffic. </p> <p>Vodafone closed down 0.5p at 133.75p with BT 2.75p lower at 169.25p. </p> <p>It was known that MMO2 was going to lose its deal with its former parent and yesterday's loss of 1p to 95p owed more to the general downturn than any worries about the impact of BT's defection.</p>",
      "newspaperPageNumber": "20",
      "wordcount": "1089",
      "commentable": "false",
      "isPremoderated": "false",
      "lastModified": "2004-05-18T02:46:28Z",
      "newspaperEditionDate": "2004-05-18T00:00:00Z",
      "productionOffice": "UK",
      "publication": "theguardian.com",
      "shortUrl": "https://gu.com/p/7yyh",
      "shouldHideAdverts": "false",
      "showInRelatedContent": "true",
      "legallySensitive": "false",
      "lang": "en",
      "bodyText": "Leading shares were sorely tested yesterday as Wall Street dipped under the 10,000 level at the close of play in London and share prices in Asia and on the Indian subcontinent dropped on fears that the rampant oil price would start to bite into corporate earnings. But the FTSE 100 index managed to maintain its 4,370 support level despite the worsening situation in Iraq and the blasts in Turkey. The index dipped to 4,363 at one point but bounced back as buyers returned. The FTSE 100 ended the day down 38.8 points at 4,403. Weakness in the world's equity markets hit financial stocks, with Standard Chartered down 20p at 840p and Man Group down 27p at \u00a315.99. The impact of the falls on the Bombay exchange - which recorded the biggest one-day drop in its history - were felt by Indian mining firm Vedanta Resources, down 5p at 279p, while the rocketing oil price hurt British Airways. BA lost 3.5p to 243.25p despite the company's forecast-busting annual results as traders concentrated on the impact of the rising oil price on the cost of aviation fuel. Bunzl was one of the few bright spots in an otherwise dark market, up 3p at 481.75p, on talk that private equity group Charterhouse has beaten the company in the auction for vending machine group Autobar with a bid of more than \u20ac800m (\u00a3530m). Analysts had been cool on Bunzl buying the business because it would dilute the packaging group's strong margins. Away from the main index, Cairn Energy has been a fantastic performer so far this year, having started January at 400p, and yesterday the exploration firm got a further boost - up 3p to 996p - as it increased its estimate of reserves at one of its sites in India. Cairn aside, the drop in the main index fed through to second line stocks with the FTSE 250 closing down 98.2 points at 5883. The FTSE Small Cap closed down 56.1 points at 2466.9. LogicaCMG eased 13.75p to 190p on talk that today's trading update at the group's annual meeting will be less than sparkling. ING, however, raised its stance on the stock to buy from hold, saying that recent forecast downgrades from other brokers were a result of \"inflated first-half expectations\". Alfred McAlpine lost 7.25p to 292.75p despite news of several new contracts worth \u00a378m including a \u00a322m redevelopment contract in King's Lynn. Down on AIM, Network was the day's best performer, up 3p at 9.5p, on talk that the Australian outdoor media firm was poised to announce the disposal of the biotech assets it still owned from its former incarnation. The company originally listed on the Australian stock exchange as a biotechnology company, but switched its focus to outdoor media with the acquisition of advertising site broker Outdoor Network Australia in November 2002. Lawrence rose 25.5p to 390.5p as the drugs-for-animals group said its Aivlosin treatment for swine pneumonia has received clearance from the committee for veterinary medicinal products and now only needs the approval of the European Agency for the Evaluation of Medicinal Products. BioProgress - developer of materials to make drug capsules that do not use animal-based products - has long been a target of gossip on internet bulletin boards. Late last week speculation ran rife that US-based International Specialty Products had made an informal approach to the company and been rebuffed. ISP, headquartered in New Jersey, makes more than 400 speciality chemicals found in products in the personal care, pharmaceutical, food, beverage and industrial sectors. It recently bought Hallcrest, based in Dorset. Over the weekend, however, sources close to BioProgress denied that the AIM-listed company had received an offer. The stock closed down 11p at 74.5p yesterday. Shares in Monterrico Metals, however, headed in the op posite direction - up 14p at 306.5p - after the mining group increased its activity in the Rio Blanco copper deposit in Peru after positive drilling results. So far the spat between Baltimore Technologies and Acquisitor Holdings seems to have done little except earn more and more fees for lawyers but it shows little sign of going away. Yesterday Acquisitor picked up more shares and the Bermuda vulture fund now has a 19.9% stake. Acquisitor is pushing its resolutions to have Baltimore's management removed and its own people installed presented at the forthcoming annual meeting. A spokesman for Baltimore said yesterday that a date for the meeting, which must take place by August, has not yet been set, and the board was still considering whether to present Acquisitor's resolutions to shareholders. Baltimore closed down 0.25p at 42.5p with Acquisitor flat at 31.5p. Finally, shares in knowledge management software company Corpora have been treading water since it raised \u00a32.2m, at 35p a share, in March and announced the acquisition of rival Exago, but things look set to pick up over the second half of the year. Chief executive Mark Thompson is understood to have been visiting the US recently, talking with existing and potential clients and partners and the mood is positive. Last November the company did a deal with G&amp;H International, a company based in Washington DC, to supply its technology to the US law enforcement community. The deal was backed by the US Department of Homeland Security. The shares closed unchanged yesterday, at 39.5p. Vodafone takes BT's calls BT has been desperate to get into the mobile phone market after being forced to demerge its Cellnet unit - now MMO2 - to compensate investors for losses they incurred during the company's poorly judged investments of the late 1990s. While it has made a start through deals with T-Mobile and MMO2 to use their networks, its ambitions will receive a shot in the arm today as it announces it is putting all its mobile dreams in the hands of Vodafone. Although both BT and Vodafone languished yesterday as the main market dipped on Wall Street's weakness, the deal is expected to give BT a boost and offer Vodafone a blueprint for similar deals in other countries which will increase traffic. Vodafone closed down 0.5p at 133.75p with BT 2.75p lower at 169.25p. It was known that MMO2 was going to lose its deal with its former parent and yesterday's loss of 1p to 95p owed more to the general downturn than any worries about the impact of BT's defection.",
      "charCount": "6303"
    },
    "isHosted": false,
    "pillarId": "pillar/news",
    "pillarName": "News"
  },
  {
    "id": "business/2004/may/18/housingmarket.houseprices",
    "type": "article",
    "sectionId": "business",
    "sectionName": "Business",
    "webPublicationDate": "2004-05-18T02:46:27Z",
    "webTitle": "House price boom 'will continue'",
    "webUrl": "https://www.theguardian.com/business/2004/may/18/housingmarket.houseprices",
    "apiUrl": "https://content.guardianapis.com/business/2004/may/18/housingmarket.houseprices",
    "fields": {
      "headline": "House price boom 'will continue'",
      "trailText": "<p>House prices are poised to rise at a \"fairly firm pace\" in the coming months, despite the Bank of England's attempts to calm the property market, according to a report out today. </p>",
      "byline": "Rupert Jones",
      "main": "",
      "body": "<p>House prices are poised to rise at a \"fairly firm pace\" in the coming months, despite the Bank of England's attempts to calm the property market, according to a report out today. </p> <p>The Royal Institution of Chartered Surveyors' prediction that there will be no let-up in the housing boom coincided with research showing that some of London's \"millionaires' rows\" have seen prices leap by as much as 12% since the start of 2004. </p> <p>The findings will cheer homeowners but frustrate first-time buyers struggling to get on the property ladder. </p> <p>Neither three interest rate rises since the start of November nor speculation about a possible house price crash seem to have discouraged buyers from looking for their next home, said Rics in its latest survey for England and Wales covering the three months to April 30. </p> <p>At the same time, many people have been holding back from putting their property on the market. \"This is creating what is commonly referred to as a 'tight' market situation, and it is these conditions which will create an upward pressure on prices over the next few months,\" added the organisation. \"Interest rate rises have done little to dampen demand or price rises.\" </p> <p>The north has enjoyed the strongest price growth, with the north-west the top performer. London and the south-east recorded the slowest pace of price rises, but both still came in above their long-term averages. The boom is being fuelled to a large extent by chronic shortages of property for sale, with the number of homes on surveyors' books at historically low levels. </p> <p>Rics said: \"It is important that both sellers and buyers are not taken for a ride. Sellers may find their properties are overvalued and sit on the market for a while, while some buyers are paying above the odds to secure a property.\" </p> <p>Looking ahead, expectations for further price rises were strongest in the north of England and Wales. </p> <p>Meanwhile, further evidence of the housing market's buoyancy came with a report from upmarket estate agent Knight Frank which says prices at the top end of the London market have risen to an all-time high. It claims the capital's residential property is the most expensive in the world. </p> <p>Knight Frank said some roads in highly desirable parts of north and west London had seen prices soar since the start of 2004. Prices of homes in Chester Terrace, off Regent's Park, have leapt 12% since the start of January, and the typical price-tag there is now \u00a32.9m. Property values in Davies Street, near Mayfair, have risen 9%.</p>",
      "newspaperPageNumber": "15",
      "wordcount": "426",
      "commentable": "false",
      "isPremoderated": "false",
      "lastModified": "2017-09-20T21:46:53Z",
      "newspaperEditionDate": "2004-05-18T00:00:00Z",
      "productionOffice": "UK",
      "publication": "theguardian.com",
      "shortUrl": "https://gu.com/p/7yyf",
      "shouldHideAdverts": "false",
      "showInRelatedContent": "true",
      "legallySensitive": "false",
      "lang": "en",
      "bodyText": "House prices are poised to rise at a \"fairly firm pace\" in the coming months, despite the Bank of England's attempts to calm the property market, according to a report out today. The Royal Institution of Chartered Surveyors' prediction that there will be no let-up in the housing boom coincided with research showing that some of London's \"millionaires' rows\" have seen prices leap by as much as 12% since the start of 2004. The findings will cheer homeowners but frustrate first-time buyers struggling to get on the property ladder. Neither three interest rate rises since the start of November nor speculation about a possible house price crash seem to have discouraged buyers from looking for their next home, said Rics in its latest survey for England and Wales covering the three months to April 30. At the same time, many people have been holding back from putting their property on the market. \"This is creating what is commonly referred to as a 'tight' market situation, and it is these conditions which will create an upward pressure on prices over the next few months,\" added the organisation. \"Interest rate rises have done little to dampen demand or price rises.\" The north has enjoyed the strongest price growth, with the north-west the top performer. London and the south-east recorded the slowest pace of price rises, but both still came in above their long-term averages. The boom is being fuelled to a large extent by chronic shortages of property for sale, with the number of homes on surveyors' books at historically low levels. Rics said: \"It is important that both sellers and buyers are not taken for a ride. Sellers may find their properties are overvalued and sit on the market for a while, while some buyers are paying above the odds to secure a property.\" Looking ahead, expectations for further price rises were strongest in the north of England and Wales. Meanwhile, further evidence of the housing market's buoyancy came with a report from upmarket estate agent Knight Frank which says prices at the top end of the London market have risen to an all-time high. It claims the capital's residential property is the most expensive in the world. Knight Frank said some roads in highly desirable parts of north and west London had seen prices soar since the start of 2004. Prices of homes in Chester Terrace, off Regent's Park, have leapt 12% since the start of January, and the typical price-tag there is now \u00a32.9m. Property values in Davies Street, near Mayfair, have risen 9%.",
      "charCount": "2503"
    },
    "isHosted": false,
    "pillarId": "pillar/news",
    "pillarName": "News"
  },
  {
    "id": "football/2004/may/18/sport.mattscott",
    "type": "article",
    "sectionId": "football",
    "sectionName": "Football",
    "webPublicationDate": "2004-05-18T01:07:17Z",
    "webTitle": "Alan Smith in talks with Manchester United",
    "webUrl": "https://www.theguardian.com/football/2004/may/18/sport.mattscott",
    "apiUrl": "https://content.guardianapis.com/football/2004/may/18/sport.mattscott",
    "fields": {
      "headline": "Smith in talks with Manchester United",
      "trailText": "<p>Leeds United striker Alan Smith may leave the club he has supported all his life in a cut-price transfer to their bitter rivals at Old Trafford.</p>",
      "byline": "David Plummer and Matt Scott",
      "main": "",
      "body": "<p>Leeds United striker Alan Smith has been in talks with Manchester United about a possible transfer this summer. </p> <p>Smith, who has been placed on stand-by by Sven-Goran Eriksson as a possible replacement for the England squad for Euro 2004 next month, may leave the club he has supported all his life for a relatively cut-price \u00a35m. </p> <p>Relegated Leeds are resigned to losing the 23-year-old as they attempt to cut costs in preparation for the First Division and are in a poor bargaining position, but the thought of losing a player known for his loyalty to the Yorkshire club to their bitter rivals at Old Trafford is likely to anger supporters. </p> <p>Smith knows that a move to one of the top Premiership clubs will enhance his chances at international level and, although he will be acutely aware of the long-standing ill-feeling between the two clubs either side of the Pennines, he may see the fact that they cannot meet in league matches next year as softening the blow for Leeds fans. </p> <p>Refusing to deny negotiations are taking place, he said: \"I'm not ruling anything out.\"</p>",
      "wordcount": "184",
      "commentable": "false",
      "isPremoderated": "false",
      "lastModified": "2017-02-20T21:15:50Z",
      "newspaperEditionDate": "2004-05-18T00:00:00Z",
      "productionOffice": "UK",
      "publication": "theguardian.com",
      "shortUrl": "https://gu.com/p/x74t4",
      "shouldHideAdverts": "false",
      "showInRelatedContent": "true",
      "legallySensitive": "false",
      "lang": "en",
      "bodyText": "Leeds United striker Alan Smith has been in talks with Manchester United about a possible transfer this summer. Smith, who has been placed on stand-by by Sven-Goran Eriksson as a possible replacement for the England squad for Euro 2004 next month, may leave the club he has supported all his life for a relatively cut-price \u00a35m. Relegated Leeds are resigned to losing the 23-year-old as they attempt to cut costs in preparation for the First Division and are in a poor bargaining position, but the thought of losing a player known for his loyalty to the Yorkshire club to their bitter rivals at Old Trafford is likely to anger supporters. Smith knows that a move to one of the top Premiership clubs will enhance his chances at international level and, although he will be acutely aware of the long-standing ill-feeling between the two clubs either side of the Pennines, he may see the fact that they cannot meet in league matches next year as softening the blow for Leeds fans. Refusing to deny negotiations are taking place, he said: \"I'm not ruling anything out.\"",
      "charCount": "1065"
    },
    "isHosted": false,
    "pillarId": "pillar/sport",
    "pillarName": "Sport"
  }
]