[
  {
    "id": "business/2004/oct/20/1",
    "type": "article",
    "sectionId": "business",
    "sectionName": "Business",
    "webPublicationDate": "2004-10-20T16:22:29Z",
    "webTitle": "Market forces",
    "webUrl": "https://www.theguardian.com/business/2004/oct/20/1",
    "apiUrl": "https://content.guardianapis.com/business/2004/oct/20/1",
    "fields": {
      "headline": "Broker's advice dents copper firm",
      "trailText": "<p><strong>Market forces: </strong>There was no respite for Antofagasta yesterday as the share price of the Chilean copper mining company took another hit after Merrill Lynch told clients to go short. </p>",
      "byline": "Neil Hume",
      "main": "",
      "body": "<p>There was no respite for <strong> Antofagasta</strong> yesterday as the share price of the Chilean copper mining company took another hit after Merrill Lynch told clients to go short. </p> <p>Its shares - \u00a311.75 a few week ago - fell a further 23p to \u00a310.42 after the heavyweight broker cut its rating to sell from neutral, citing concerns about valuation and the outlook for copper prices. </p> <p>On the face of it, Antofagasta looks cheap. The company is expected to record earnings of about 145p per share this year, which leaves the shares trading on a price to earnings ratio of about 7.2. </p> <p>Merrill reckons this is a cyclical peak and predicts the copper price will fall next year as supply exceeds demand. By 2006 it expects copper, currently trading at $1.30/lb, to have declined to 90 cents/lb and earnings at Antofagasta to have followed. </p> <p>\"In our opinion, 2006 earnings of 50p a share [based on 90 cents/lb copper] are more typical, and this puts Antofagasta on a forecast price to earnings ratio of 21 times,\" Merrill said. </p> <p>The broker concedes, however, that there are risks of \"shorting\" Antofagasta. Chief among them is that the company, which is generating bucketloads of cash, may pay another special dividend. </p> <p>In the wider market, leading shares registered their biggest gain in nearly three weeks as the oil price continued to pull back from its recent highs. </p> <p>The final scores showed the <strong> FTSE 100</strong> up 28.6 points at 4655.2, with <strong> Reuters</strong>, 27.5p higher at 350.5p - the best performer after the news and financial information group reported quarterly net sales growth for the first time in three-and half-years. <strong> Prudential</strong>, down 36p at 422p, was the biggest faller after the life assurer stunned the City with plans to raise \u00a31bn in a deeply discounted rights issue which it somehow feels the need to underwrite as well. </p> <p>The <strong> FTSE 250</strong> rose 36.8 points to 6289.7 and the <strong> FTSE small cap</strong> index added 7.7 to 2589. In the bond market, the benchmark 10-year gilt closed at 101.920, yielding 4.754%. </p> <p>Back among the blue chips <strong> BAE Systems</strong>, Europe's biggest defence company, hit its highest level since September 2002 after Deutsche Bank raised its target price to 300p. The German bank believes BAE is \"extremely close\" to reaching agreement with the Ministry of Defence on the second tranche of Eurofighter air craft. Analyst Ben Fidler reckons the contract is likely to be worth about \u00a35bn. BAE rose 6.5p to 243p. </p> <p>Elsewhere, there was heavy trading in <strong> Lloyds TSB</strong>, which moved up 4.75p to 436.5p as nearly 50m shares changed hands. Dealers attributed the brisk trading to rumours of an upbeat presentation by Lloyds management at the offices of investment bank CSFB on Monday night. According to talk in the market yesterday, Lloyds promised to maintain its dividend, which generates a yield of almost 8%. </p> <p> <strong> Diageo</strong>, up 2p to 738p, underperformed the market after joint house broker Merrill Lynch took the unusual step of cutting its rating to sell ahead of today's trading update. Merrill claimed the downgrade was entirely a valuation call. </p> <p> <strong> Allied Domecq</strong>, which reports full-year numbers tomorrow, added 5.75p to 494.75p on relief that it is not the bidder for US winemaker Robert Mondavi. Late yesterday Constellation Brands was unmasked as the predator for Mondavi, which on Monday night revealed it had received an unsolicited bid. </p> <p>In the FTSE 250, <strong>Investec</strong> gained a further 23p to \u00a311 as traders picked up on the fact that the South African bank is joint adviser to Harmony Gold in its bid for Gold Fields. Bridgewell Securities expects Investec to pick up more work in this area if there is further consolidation in the gold mining sector. </p> <p> <strong> Regus</strong>, the serviced office provider, continued its good run. Its shares, 60p two months ago, gained 1.5p to 73.5p, excited by a recent research note from the company's broker, Dresdner Klein wort Wasserstein, in which it set a target of 87p a share. </p> <p>Rumours of a buyout approach from founder Stelios Haji-Ioannou helped <strong> easyJet</strong> climb 3.25p to 125p, though traders suspect that the rise had more to do with the falling oil price. </p> <p> <strong> Persimmon</strong>, up 1p to 619.5p, bucked the weak trend in the building sector, helped by rumours of a merger agreement with <strong> Taylor Woodrow</strong>, down 3.25p to 243.5p. </p> <p>Pub operator <strong> JD Wetherspoon</strong> fell 2.5p to 243p after Citigroup Smith Barney removed it from its buy list, set a downside target price of 233p and cut 15% off its 2005 earnings forecast. \"We have moved our recommendation from buy to sell as we believe there will be further consensus downgrades, and we do not believe that Wetherspoon will be acquired by a private equity firm,\" analyst Richard Taylor said. </p> <p> <strong> WH Smith</strong> firmed 2.5p to 329.5p after chief executive Kate Swann declared the purchase of nearly 150,000 shares at 327p. </p> <p>Among the smaller companies <strong> Premier Direct</strong>, the workplace book and gifts group, advanced 19p to 734p after full-year figures topped expectations and house broker Bridgewell Securities increased its earnings forecast for next year to 87p from 84p. </p> <p> <strong> Countryside Properties</strong>, the housebuilder in talks with a management buyout team, eased 1p to 272p - despite news that the mysterious Rock Pacific had purchased a further 100,000 shares, taking its holding to 10.25%.</p> <p><strong>Good buy in a cruel world</strong></p> <p>With grocer J Sainsbury outlining plans to squeeze its suppliers yesterday one might have expected Uniq, the chilled convenience foods group, to end lower. Not a bit of it. In fact, its shares advanced 2.5p to 172.5p, extending their gain over the past month to 28%. </p> <p>Analysts are at a loss to explain the rise given that last month's trading update was nothing to write home about. Indeed, in order to achieve market expectations the group needs to trade its socks off in the second half of the fiscal year ending March 2005. </p> <p>Market professionals reckon the only explanation for the recent strong performance is that the company has received a bid approach from a venture capital group or a rival. Uniq (market value \u00a3200m) is certainly cheap. Its equity is valued at less than two times cash flow. Moreover, the company is virtually debt free and last year managed to pay a dividend of 6.7p. On top of that it generates sales of nearly \u00a31bn a year. </p> <p>However, anyone making an offer for Uniq would have to take on its pension fund deficit which stands at about \u00a3100m.</p>",
      "newspaperPageNumber": "22",
      "wordcount": "1105",
      "commentable": "false",
      "isPremoderated": "false",
      "lastModified": "2004-10-19T22:54:01Z",
      "newspaperEditionDate": "2004-10-20T00:00:00Z",
      "productionOffice": "UK",
      "publication": "theguardian.com",
      "shortUrl": "https://gu.com/p/88jj",
      "shouldHideAdverts": "false",
      "showInRelatedContent": "true",
      "legallySensitive": "false",
      "lang": "en",
      "bodyText": "There was no respite for Antofagasta yesterday as the share price of the Chilean copper mining company took another hit after Merrill Lynch told clients to go short. Its shares - \u00a311.75 a few week ago - fell a further 23p to \u00a310.42 after the heavyweight broker cut its rating to sell from neutral, citing concerns about valuation and the outlook for copper prices. On the face of it, Antofagasta looks cheap. The company is expected to record earnings of about 145p per share this year, which leaves the shares trading on a price to earnings ratio of about 7.2. Merrill reckons this is a cyclical peak and predicts the copper price will fall next year as supply exceeds demand. By 2006 it expects copper, currently trading at $1.30/lb, to have declined to 90 cents/lb and earnings at Antofagasta to have followed. \"In our opinion, 2006 earnings of 50p a share [based on 90 cents/lb copper] are more typical, and this puts Antofagasta on a forecast price to earnings ratio of 21 times,\" Merrill said. The broker concedes, however, that there are risks of \"shorting\" Antofagasta. Chief among them is that the company, which is generating bucketloads of cash, may pay another special dividend. In the wider market, leading shares registered their biggest gain in nearly three weeks as the oil price continued to pull back from its recent highs. The final scores showed the FTSE 100 up 28.6 points at 4655.2, with Reuters, 27.5p higher at 350.5p - the best performer after the news and financial information group reported quarterly net sales growth for the first time in three-and half-years. Prudential, down 36p at 422p, was the biggest faller after the life assurer stunned the City with plans to raise \u00a31bn in a deeply discounted rights issue which it somehow feels the need to underwrite as well. The FTSE 250 rose 36.8 points to 6289.7 and the FTSE small cap index added 7.7 to 2589. In the bond market, the benchmark 10-year gilt closed at 101.920, yielding 4.754%. Back among the blue chips BAE Systems, Europe's biggest defence company, hit its highest level since September 2002 after Deutsche Bank raised its target price to 300p. The German bank believes BAE is \"extremely close\" to reaching agreement with the Ministry of Defence on the second tranche of Eurofighter air craft. Analyst Ben Fidler reckons the contract is likely to be worth about \u00a35bn. BAE rose 6.5p to 243p. Elsewhere, there was heavy trading in Lloyds TSB, which moved up 4.75p to 436.5p as nearly 50m shares changed hands. Dealers attributed the brisk trading to rumours of an upbeat presentation by Lloyds management at the offices of investment bank CSFB on Monday night. According to talk in the market yesterday, Lloyds promised to maintain its dividend, which generates a yield of almost 8%. Diageo, up 2p to 738p, underperformed the market after joint house broker Merrill Lynch took the unusual step of cutting its rating to sell ahead of today's trading update. Merrill claimed the downgrade was entirely a valuation call. Allied Domecq, which reports full-year numbers tomorrow, added 5.75p to 494.75p on relief that it is not the bidder for US winemaker Robert Mondavi. Late yesterday Constellation Brands was unmasked as the predator for Mondavi, which on Monday night revealed it had received an unsolicited bid. In the FTSE 250, Investec gained a further 23p to \u00a311 as traders picked up on the fact that the South African bank is joint adviser to Harmony Gold in its bid for Gold Fields. Bridgewell Securities expects Investec to pick up more work in this area if there is further consolidation in the gold mining sector. Regus, the serviced office provider, continued its good run. Its shares, 60p two months ago, gained 1.5p to 73.5p, excited by a recent research note from the company's broker, Dresdner Klein wort Wasserstein, in which it set a target of 87p a share. Rumours of a buyout approach from founder Stelios Haji-Ioannou helped easyJet climb 3.25p to 125p, though traders suspect that the rise had more to do with the falling oil price. Persimmon, up 1p to 619.5p, bucked the weak trend in the building sector, helped by rumours of a merger agreement with Taylor Woodrow, down 3.25p to 243.5p. Pub operator JD Wetherspoon fell 2.5p to 243p after Citigroup Smith Barney removed it from its buy list, set a downside target price of 233p and cut 15% off its 2005 earnings forecast. \"We have moved our recommendation from buy to sell as we believe there will be further consensus downgrades, and we do not believe that Wetherspoon will be acquired by a private equity firm,\" analyst Richard Taylor said. WH Smith firmed 2.5p to 329.5p after chief executive Kate Swann declared the purchase of nearly 150,000 shares at 327p. Among the smaller companies Premier Direct, the workplace book and gifts group, advanced 19p to 734p after full-year figures topped expectations and house broker Bridgewell Securities increased its earnings forecast for next year to 87p from 84p. Countryside Properties, the housebuilder in talks with a management buyout team, eased 1p to 272p - despite news that the mysterious Rock Pacific had purchased a further 100,000 shares, taking its holding to 10.25%. Good buy in a cruel world With grocer J Sainsbury outlining plans to squeeze its suppliers yesterday one might have expected Uniq, the chilled convenience foods group, to end lower. Not a bit of it. In fact, its shares advanced 2.5p to 172.5p, extending their gain over the past month to 28%. Analysts are at a loss to explain the rise given that last month's trading update was nothing to write home about. Indeed, in order to achieve market expectations the group needs to trade its socks off in the second half of the fiscal year ending March 2005. Market professionals reckon the only explanation for the recent strong performance is that the company has received a bid approach from a venture capital group or a rival. Uniq (market value \u00a3200m) is certainly cheap. Its equity is valued at less than two times cash flow. Moreover, the company is virtually debt free and last year managed to pay a dividend of 6.7p. On top of that it generates sales of nearly \u00a31bn a year. However, anyone making an offer for Uniq would have to take on its pension fund deficit which stands at about \u00a3100m.",
      "charCount": "6281"
    },
    "isHosted": false,
    "pillarId": "pillar/news",
    "pillarName": "News"
  },
  {
    "id": "media/2004/oct/20/citynews.pressandpublishing",
    "type": "article",
    "sectionId": "media",
    "sectionName": "Media",
    "webPublicationDate": "2004-10-20T13:40:15Z",
    "webTitle": "Damages claim against FT 'too uncertain'",
    "webUrl": "https://www.theguardian.com/media/2004/oct/20/citynews.pressandpublishing",
    "apiUrl": "https://content.guardianapis.com/media/2004/oct/20/citynews.pressandpublishing",
    "fields": {
      "headline": "Damages claim against FT 'too uncertain'",
      "trailText": "<p>Collins Stewart was seeking damages against the FT on an unprecedented basis when it claimed it should be compensated for the loss in its share price. By <strong>Chris Tryhorn</strong>.</p>",
      "byline": "Chris Tryhorn, City correspondent",
      "main": "",
      "body": "<p>Collins Stewart was seeking damages against the FT on an unprecedented basis when it claimed it should be compensated for the loss in its share price.</p> <p>The brokerage's legal team argued it should be able to claim \u00a3230.5m in special damages for its lost market capitalisation following an FT article.</p> <p>But this claim was today thrown out by a high court judge, who said such a case \"would be untriable and a waste of the resources of the court\".</p> <p>In his ruling, Mr Justice Tugendhat said using fluctuations in a company's share price was \"far too uncertain to be acceptable as a legal basis for assessing damages\".</p> <p>Collins Stewart had arrived at the \u00a3230.5m figure by looking at movements in its share price after the FT published an article in August 2003 that reported allegations against the company made by a former employee.</p> <p>The figure represented the difference between the company's share price on March 26 this year, seven months after the FT article appeared, and where it says its market capitalisation would have been had the allegations not appeared. </p> <p>The latter figure was extrapolated from a comparison with the performance of rival companies Numis and Icap.</p> <p>In his judgment, Mr Justice Tugendhat showed himself uneasy about using market capitalisation - the value of all the shares in a company - as a measure of loss.</p> <p>Movements in a share price, he said, were the complex result of the actions of many investors, and not produced by a specific calculation of loss that the company might face.</p> <p>\"The market assesses figures only metaphorically,\" he wrote. \"So far as the claimants' pleading is concerned, the reasons why a share is traded at a particular price in any given deal are unknown, or, at best, matters of conjecture... In general I take it that a market price is the product of numerous decisions by people who cannot be asked what their reasons were for trading, or, which may be just as important, for deciding not to trade.\"</p> <p>Collins Stewart's legal team said at a hearing earlier this month that the fall in share price was the \"best available reflection of loss in future revenues which [Collins Stewart] has suffered and will suffer\".</p> <p>But the judge said in his ruling that this argument had not been backed up by any evidence. </p> <p>\"That is a proposition which the court is invited simply to take on trust. No indication is given that there will be any evidence or authority to establish it.</p> <p>\"Moreover, that proposition is not a statement of fact. This is accepted impliedly [sic] by the claimants when they say that it is a matter for expert evidence. However, I do not accept that it is even a matter for expert evidence.\"</p> <p>The judge said the only possible expert evidence to which he had been referred was the so-called \"discount cashflow\" - or DCF - model of calculating a company's losses, a system that, ironically, is expounded in a book published by the FT.</p> <p>There was no way investors could have used the book's \"complicated mathematical calculation\" as a basis for deciding whether to buy or sell Collins Stewart shares, the judge said.</p> <p>He said there were very few cases backing up a claim for special damages invoking a loss of share price.</p> <p>\"The question is whether [market capitalisation] can be used in an assessment of damages, and in that context it has achieved very little recognition, as the cases show,\" he wrote in the judgment.</p> <p>Mr Justice Tugendhat concluded that using share price was a \"far too uncertain\" measure of assessing damages.</p> <p>\"I am fortified in this conclusion when I note the difficulty that the claimants themselves have had in formulating their case,\" he wrote, pointing to their various use of 'future revenues', 'future earnings' and 'net profits'.</p> <p>The judge said that he had been given \"no clear answer\" as to whether the share price had taken into account what might happen in the libel trial. </p> <p>He also mentioned the \"wide\" fluctuations in Collins Stewart's share price before the article appeared.</p> <p>Any claim for damages based on the share price would require \"investigation of the business of not only the claimants, but also of the two comparators [Numis and Icap], for a period commencing some time before the publication complained of until the date of assessment of damages, which is unlikely to be for at least another year,\" he said. </p> <p>Today's ruling does not affect Collins Stewart's separate special \u00a337m damages claim based on the ongoing loss of business it alleges it has suffered.</p> <p>It is also seeking general damages, which are conventionally capped at around \u00a3200,000 in libel cases.</p> <p>Both claims will be heard by a judge, not a jury, after the main trial in April, should Collins Stewart be successful in its defamation suit.</p> <p>But the FT will be contesting this claim if it loses the libel battle. \"We do not accept the \u00a337m figure and we will contest it to the hilt,\" a spokeswoman for the paper said today.</p> <p>The FT's counsel, Desmond Browne QC, said in his arguments that the \u00a337m figure appears to be \"gross... without any allowance for costs to be occurred in obtaining [new] business\".</p> <p><strong>\u00b7</strong> To contact the MediaGuardian news desk email <a href=\"mailto:editor@mediatheguardian.com\">editor@mediatheguardian.com</a> or phone 020 7239 9857</p> <p><strong><strong>\u00b7</strong></strong> If you are writing a comment for publication, please mark clearly \"for publication\".</p>",
      "wordcount": "901",
      "commentable": "false",
      "isPremoderated": "false",
      "lastModified": "2017-05-31T21:02:01Z",
      "newspaperEditionDate": "2004-10-20T00:00:00Z",
      "productionOffice": "UK",
      "publication": "theguardian.com",
      "shortUrl": "https://gu.com/p/88k9",
      "shouldHideAdverts": "false",
      "showInRelatedContent": "true",
      "legallySensitive": "false",
      "lang": "en",
      "bodyText": "Collins Stewart was seeking damages against the FT on an unprecedented basis when it claimed it should be compensated for the loss in its share price. The brokerage's legal team argued it should be able to claim \u00a3230.5m in special damages for its lost market capitalisation following an FT article. But this claim was today thrown out by a high court judge, who said such a case \"would be untriable and a waste of the resources of the court\". In his ruling, Mr Justice Tugendhat said using fluctuations in a company's share price was \"far too uncertain to be acceptable as a legal basis for assessing damages\". Collins Stewart had arrived at the \u00a3230.5m figure by looking at movements in its share price after the FT published an article in August 2003 that reported allegations against the company made by a former employee. The figure represented the difference between the company's share price on March 26 this year, seven months after the FT article appeared, and where it says its market capitalisation would have been had the allegations not appeared. The latter figure was extrapolated from a comparison with the performance of rival companies Numis and Icap. In his judgment, Mr Justice Tugendhat showed himself uneasy about using market capitalisation - the value of all the shares in a company - as a measure of loss. Movements in a share price, he said, were the complex result of the actions of many investors, and not produced by a specific calculation of loss that the company might face. \"The market assesses figures only metaphorically,\" he wrote. \"So far as the claimants' pleading is concerned, the reasons why a share is traded at a particular price in any given deal are unknown, or, at best, matters of conjecture... In general I take it that a market price is the product of numerous decisions by people who cannot be asked what their reasons were for trading, or, which may be just as important, for deciding not to trade.\" Collins Stewart's legal team said at a hearing earlier this month that the fall in share price was the \"best available reflection of loss in future revenues which [Collins Stewart] has suffered and will suffer\". But the judge said in his ruling that this argument had not been backed up by any evidence. \"That is a proposition which the court is invited simply to take on trust. No indication is given that there will be any evidence or authority to establish it. \"Moreover, that proposition is not a statement of fact. This is accepted impliedly [sic] by the claimants when they say that it is a matter for expert evidence. However, I do not accept that it is even a matter for expert evidence.\" The judge said the only possible expert evidence to which he had been referred was the so-called \"discount cashflow\" - or DCF - model of calculating a company's losses, a system that, ironically, is expounded in a book published by the FT. There was no way investors could have used the book's \"complicated mathematical calculation\" as a basis for deciding whether to buy or sell Collins Stewart shares, the judge said. He said there were very few cases backing up a claim for special damages invoking a loss of share price. \"The question is whether [market capitalisation] can be used in an assessment of damages, and in that context it has achieved very little recognition, as the cases show,\" he wrote in the judgment. Mr Justice Tugendhat concluded that using share price was a \"far too uncertain\" measure of assessing damages. \"I am fortified in this conclusion when I note the difficulty that the claimants themselves have had in formulating their case,\" he wrote, pointing to their various use of 'future revenues', 'future earnings' and 'net profits'. The judge said that he had been given \"no clear answer\" as to whether the share price had taken into account what might happen in the libel trial. He also mentioned the \"wide\" fluctuations in Collins Stewart's share price before the article appeared. Any claim for damages based on the share price would require \"investigation of the business of not only the claimants, but also of the two comparators [Numis and Icap], for a period commencing some time before the publication complained of until the date of assessment of damages, which is unlikely to be for at least another year,\" he said. Today's ruling does not affect Collins Stewart's separate special \u00a337m damages claim based on the ongoing loss of business it alleges it has suffered. It is also seeking general damages, which are conventionally capped at around \u00a3200,000 in libel cases. Both claims will be heard by a judge, not a jury, after the main trial in April, should Collins Stewart be successful in its defamation suit. But the FT will be contesting this claim if it loses the libel battle. \"We do not accept the \u00a337m figure and we will contest it to the hilt,\" a spokeswoman for the paper said today. The FT's counsel, Desmond Browne QC, said in his arguments that the \u00a337m figure appears to be \"gross... without any allowance for costs to be occurred in obtaining [new] business\". \u00b7 To contact the MediaGuardian news desk email editor@mediatheguardian.com or phone 020 7239 9857 \u00b7 If you are writing a comment for publication, please mark clearly \"for publication\".",
      "charCount": "5241"
    },
    "isHosted": false,
    "pillarId": "pillar/news",
    "pillarName": "News"
  },
  {
    "id": "business/2004/oct/20/highstreetretailers",
    "type": "article",
    "sectionId": "business",
    "sectionName": "Business",
    "webPublicationDate": "2004-10-20T12:25:24Z",
    "webTitle": "No beef about pork prices from Greggs",
    "webUrl": "https://www.theguardian.com/business/2004/oct/20/highstreetretailers",
    "apiUrl": "https://content.guardianapis.com/business/2004/oct/20/highstreetretailers",
    "fields": {
      "headline": "No beef about pork prices from Greggs",
      "trailText": "<p>Greggs, the UK's biggest high street baker, reported a rebound in sales today and said profits were in line with expectations despite soaring sausage meat costs.</p>",
      "byline": "Adam Jay and agencies",
      "main": "",
      "body": "<p>Greggs, the UK's biggest high street baker, reported a rebound in sales today and said profits were in line with expectations despite soaring sausage meat costs.</p> <p>The company - which sells more than 2m sausage rolls a week, accounting for 10% of turnover - said like-for-like sales increased 6.2% in the 18 weeks to October 16, in comparison with last year when high autumn temperatures led to a cooling off in demand for hot savouries.</p> <p>\"Last summer we were saying how tough it was with the hot weather, and now we're getting the bounce,\" said Greggs' managing director, Sir Michael Darrington.</p> <p>But the retailer, which runs more than 1,200 Greggs and Bakers Oven shops, said that in addition to a rise in the price of pork, wages, diesel for its vans and gas for its ovens had all become more expensive.</p> <p>Rising pork prices - caused by an increase in the cost of animal feed - will continue into 2005 and might not start to come back down until the end of the year, Sir Michael said.</p> <p>He added that he was not overly concerned by competition from supermarkets or coffee shops, or from low-carbohydrate diets such as Atkins.</p> <p>\"The market has always been competitive, but our figures speak for themselves,\" he said. \"There have always been fashionable diets, but there haven't been any that stay around for a long time.\"</p> <p>The company did, however, announce this week that it had stopped selling the calorie-loaded Eccles cakes after a plunge in the product's popularity.</p> <p>In today's trading update, Greggs said it had added a net 24 shops to its estate this year and expected to exceed its original target of 30 during the year.</p> <p>The baker did warn, however, that the gains at the start of its second half were levelling off. \"Our budgets assume that like-for-like sales growth will trend gently downwards over the remainder of this year, reflecting the steadily strengthening comparative performance in 2003,\" it said.</p> <p>Greggs shares, which have outperformed the food retail sector by 18% this year, were down 95p at \u00a336.30 at 12pm. </p> <p>\"We would not be surprised to see a little profit-taking today as a result of the slowdown in like-for-likes,\" said analysts at Numis Securities - which upgraded its of annual pre-tax profit forecast by 8% to \u00a343.8m.</p>",
      "wordcount": "390",
      "commentable": "false",
      "isPremoderated": "false",
      "lastModified": "2017-12-02T18:43:58Z",
      "newspaperEditionDate": "2004-10-20T00:00:00Z",
      "productionOffice": "UK",
      "publication": "theguardian.com",
      "shortUrl": "https://gu.com/p/88kb",
      "shouldHideAdverts": "false",
      "showInRelatedContent": "true",
      "legallySensitive": "false",
      "lang": "en",
      "bodyText": "Greggs, the UK's biggest high street baker, reported a rebound in sales today and said profits were in line with expectations despite soaring sausage meat costs. The company - which sells more than 2m sausage rolls a week, accounting for 10% of turnover - said like-for-like sales increased 6.2% in the 18 weeks to October 16, in comparison with last year when high autumn temperatures led to a cooling off in demand for hot savouries. \"Last summer we were saying how tough it was with the hot weather, and now we're getting the bounce,\" said Greggs' managing director, Sir Michael Darrington. But the retailer, which runs more than 1,200 Greggs and Bakers Oven shops, said that in addition to a rise in the price of pork, wages, diesel for its vans and gas for its ovens had all become more expensive. Rising pork prices - caused by an increase in the cost of animal feed - will continue into 2005 and might not start to come back down until the end of the year, Sir Michael said. He added that he was not overly concerned by competition from supermarkets or coffee shops, or from low-carbohydrate diets such as Atkins. \"The market has always been competitive, but our figures speak for themselves,\" he said. \"There have always been fashionable diets, but there haven't been any that stay around for a long time.\" The company did, however, announce this week that it had stopped selling the calorie-loaded Eccles cakes after a plunge in the product's popularity. In today's trading update, Greggs said it had added a net 24 shops to its estate this year and expected to exceed its original target of 30 during the year. The baker did warn, however, that the gains at the start of its second half were levelling off. \"Our budgets assume that like-for-like sales growth will trend gently downwards over the remainder of this year, reflecting the steadily strengthening comparative performance in 2003,\" it said. Greggs shares, which have outperformed the food retail sector by 18% this year, were down 95p at \u00a336.30 at 12pm. \"We would not be surprised to see a little profit-taking today as a result of the slowdown in like-for-likes,\" said analysts at Numis Securities - which upgraded its of annual pre-tax profit forecast by 8% to \u00a343.8m.",
      "charCount": "2240"
    },
    "isHosted": false,
    "pillarId": "pillar/news",
    "pillarName": "News"
  },
  {
    "id": "world/2004/oct/20/uselections2004.pressandpublishing",
    "type": "article",
    "sectionId": "us-news",
    "sectionName": "US news",
    "webPublicationDate": "2004-10-20T06:50:28Z",
    "webTitle": "'Porn is business, politics is a hobby'",
    "webUrl": "https://www.theguardian.com/world/2004/oct/20/uselections2004.pressandpublishing",
    "apiUrl": "https://content.guardianapis.com/world/2004/oct/20/uselections2004.pressandpublishing",
    "fields": {
      "headline": "'Porn is business, politics is a hobby'",
      "standfirst": "Larry Flynt made his fortune peddling smut. But he is also a fierce political campaigner. He talks to Dan Glaister about cronyism, corruption - and why his Hustler empire has now reached Birmingham. Caroline Roux, below, gets a preview",
      "trailText": "Larry Flynt made his fortune peddling smut. But he is also a fierce political campaigner. He talks to <b>Dan Glaister</b> about cronyism, corruption - and why his Hustler empire has now reached Birmingham. <b>Caroline Roux</b>, below, gets a preview.",
      "byline": "Dan Glaister",
      "main": "",
      "body": "Mr and Mrs Flynt are having a domestic. It's not a full-blown ding-dong, but a mid-level verbal skirmish, the sort of thing that lies behind many a loving relationship. \"Larry,\" she calls down the hall of their sumptuous apartment on the 10th floor of the imposing Flynt building in Beverly Hills, \"why didn't you tell me you wanted me here for the photo? I could have got ready.\" <p>In the dining room Flynt is parked in his gold-plated wheelchair, staring out of the window, possibly at the view of the city stretched out before him. He is a curious sight, his hair and skin almost matching his peach-coloured polo-neck shirt. On his wrist he wears a delicately inlaid watch, his elaborate rings sit on surprisingly long puffy fingers, their length accentuated by manicured nails. </p> <p>\"What did she say?\" he croaks in his near- inaudible high-pitched wheeze, heavily laced with the wide-open twang of his native Kentucky. </p> <p>Hal, Flynt's bodyguard and wheelchair-wheeler, approaches. \"Nothing,\" he says. \"Don't worry about it. It's a man and wife thing.\" </p> <p>\"Why wasn't she ready? Did she say she didn't know?\" </p> <p>\"I told you, don't worry about it. I'm not getting involved,\" says Hal. </p> <p>Suitably attired, Mrs Flynt, Larry's one-time nurse Liz Berrios (often now described as the power behind the throne), appears for her photograph. The couple lean awkwardly together, mimicking the pose on the oil painting hanging behind them. Liz smiles professionally and holds Larry, who wheezes and splutters, enduring his hardship with a stoicism that looks exhausting. </p> <p>\"Come on Larry,\" she says, digging her fingers into his neck. \"Smile.\" </p> <p>It's just as well that nobody is actually chucking pots and pans around. The smallest flying object could cause incalculable damage here. At every turn, behind every marble column, standing atop every antique inlaid mahogany table, a Tiffany lamp awaits, a trap laid for the clumsy and the careless. Looking down from the walls are countless Impressionist reproductions, all a little too bright and a little too clean to be the real thing, as if someone had said: \"Do me a picture like that, but ... make it more in focus.\" </p> <p>The effect, familiar from Milos Forman's 1996 film The People Vs Larry Flynt, is of a kitsch palace, a hotel lobby striving to be a museum or some lavish pimp's parlour. Flynt, of course, would not choose to describe himself as a pimp. He is, he insists, a \"smut peddler\". He has also been called a \"bottom-feeder\", an epithet which amuses him greatly. But his preferred formulation is: \"Pornography is my business, politics is my hobby.\" </p> <p>Flynt's latest foray into politics comes with the publication of his third book, Sex, Lies and Politics - the Naked Truth. It is a rabble- rousing romp through the ills and hypocrisies of contemporary American politics, an attack on the cronyism and incompetence of George Bush and the forces that put him where he is today. But it is also a lament for the betrayed ideals of the American body politic. </p> <p>\"I think other than the civil war and the first and second world wars, the six years that this book covers is probably the most significant part in the history of our country,\" he says. In the book, we are treated to some of the key anti-Bush themes from the past few years: Newt Gingrich and the hypocrisy of the Republicans; the Democrats' weakness for money; the inadequacies of America's \"poodle press\"; Enron; Chevron; Halliburton. It is a familiar but still enlightening litany. Flynt argues that he is there to join the dots. </p> <p>\"I never, from the very beginning, ever compromised my core beliefs,\" Flynt says. \"I've been in prison four times, shot and paralysed\" - by a man who took exception to a photo spread about interracial sex - \"and I figured at this point, what are they going to do to me? So I decided to devote what is left of my life to expanding the parameters of free speech.\" </p> <p>His struggle for free speech was documented in the Forman film, an account of Flynt's various legal battles, most famously his five-year tussle with evangelist Jerry Falwell, about an ad that suggested he had had sex with his mother. Falwell sued him for defamation, Flynt countersued for copyright infringement. It ended in a victory for Flynt in the supreme court, seen by many as one of the most important decisions in favour of free speech and the first amendment of the US constitution. </p> <p>Flynt makes an awkward champion of liberal causes, his professional activities - he makes Richard Desmond seem like William Rees-Mogg - raising the hackles of many who support the broad intention of his political campaigns. \"If people don't like what I do they need to get a life,\" he says, slurping on his third glass of green Gatorade, grunting as he crunches the ice. \"I'm liberal on social issues, all social issues, but I'm a fiscal conservative. That may sound paradoxical in a sense but if I don't have the money in my account, I don't write a cheque. I think the government should be the same way. We should be fiscally responsible.\" </p> <p>Flynt's personal fiscal responsibility has seen him grow to be an extremely wealthy man, adept at shifting his business to keep ahead of the changing times. The smut- peddler has moved from club owner to magazine publisher to modern media entrepreneur, with internet, film production and retail divisions all outstripping the thing that made his name, Hustler magazine. He also runs an eponymous casino in Los Angeles, where Flynt himself can often be found betting his life away at poker. One estimate suggests he loses $300,000 (\u00a3170,000) per month at the game. </p> <p>Flynt, who was born in Kentucky in 1942 in what was then the poorest county in the US, says he is not tempted to go into politics as a profession. \"Politics is the art of compromise and I've never seen anything worthwhile accomplished by a compromising person,\" he says with a rare smile. But he has stood for office, once for president, and last year for governor of California in the election won by Arnold Schwarzenegger. </p> <p>'I can see the flaws in our system and I don't have the temperament to be part of a political party,\" he says. \"And who would vote for a pornographer who's an atheist anyway? The different times I've run for political office I've always just done it to use the platform so I can get my message out.\" </p> <p>His message in the current election is clear: Bush and his cronies are corrupt liars who have misled the American people. \"There are diehard Bush loyalists who believe everything he tells them, and it's scary,\" he says. \"It's really frightening because this guy's the most unqualified person to ever sit in the Oval office. He can barely speak the native language. Now he talks to God all the time. I'm just afraid they might get their messages screwed up, and with his thumb on the [nuclear] button that doesn't make me too content.\" </p> <p>Flynt's next book is about \"something I know quite a lot about\", the sexual revolution. But before that he has to oversee his expanding retail empire. A handful of stores in the US, including a swanky emporium on Hollywood's Sunset Boulevard, complete with espresso bar, have proved a profitable addition. Flynt is also opening two stores in the UK, although he is fairly hazy on their precise whereabouts. </p> <p>\"I just make the store really nice and really plush so both men and women will feel really comfortable shopping there,\" he wheezes. \"The first we'll open in the second largest city in the United Kingdom, about two hours north of London.\" Birmingham? \"Yes, Birmingham. And the second one is in London, right next to Piccadilly Square.\" </p> <p>Britain too offers possibilities for him to pursue his hobby of politics. \"I really liked Tony Blair when he became prime minister,\" says Flynt. \"But the way he's behaved during this Iraq war, I just lost all respect for him. I don't know if he thought he would benefit from it, in terms of solidifying his power base. He's no Winston Churchill.\" </p> <p>Political hypocrites have been warned. </p> <p> <b>Nachos and throbbing paninis</b></p> <p>\"We pushed it a bit with the paninis,\" says Stefan Breg, smiling over his working menu for the Blussh Cafe. \"Nine man-inches of hot panini.\" The cafe opens next week within the erotic goods store that Hustler Hollywood is bringing to Birmingham, offering the sort of sex-and-food combo that hasn't been seen since 9Weeks. Or perhaps not. It's all in the very best taste, they tell me. A bit of fun. Even so, the appearance of cheesy nachos on a menu that includes throbbing paninis is slightly disconcerting. </p> <p>Hustler is synonymous with Larry Flynt, but Hustler Hollywood is a sanitised chain of stores run by his daughter Teresa. She has just expanded the US group from four to seven; Birmingham is the first outside the US. \"It's not right,\" says Mandy Hillen, who has sold the Evening Mail from a booth outside the store for four years. \"Families go past here. I don't approve.\" </p> <p>\"I don't mind,\" says another stallholder, watching over her stock of ponchos and scarves flapping in the rain-sodden wind, \"as long as they don't sell scarves.\" </p> <p>She shouldn't worry. If Hustler Hollywood does sell scarves, one imagines they will be strips of marabou, or shredded latex. Its stock is a predictable ensemble of sexy undies and edible this and that. The seduction range is a riot of red-fringed fishnet. Retail director Marianne Tosh says it will not sell hardcore DVDs or magazines. (Before my visit, I had to sign a form agreeing not to use the term \"Porn\", \"as that is factually incorrect\".) </p> <p>Teresa Flynt likes to call her store a \"date destination\". Given that Birmingham has the UK's highest concentration of lap-dancing bars and is the testing ground for the first in a chain of swingers' hotels called Liberation, it seems she's chosen her city wisely. And at a time when even Tesco is to start selling Vielle \"stimulators\", one suspects that Hustler's predictions of six UK stores with a \u00a328-\u00a335m gross turnover within three years might well be realistic. <b> CR</b> </p> <p> <b>\u00b7</b> Sex, Lies and Politics is published by Aurum Press, price \u00a38.99.</p>",
      "newspaperPageNumber": "6",
      "wordcount": "1727",
      "commentable": "false",
      "isPremoderated": "false",
      "lastModified": "2017-11-26T03:56:03Z",
      "newspaperEditionDate": "2004-10-20T00:00:00Z",
      "productionOffice": "UK",
      "publication": "The Guardian",
      "shortUrl": "https://gu.com/p/yvep",
      "shouldHideAdverts": "false",
      "showInRelatedContent": "true",
      "legallySensitive": "false",
      "lang": "en",
      "bodyText": "Mr and Mrs Flynt are having a domestic. It's not a full-blown ding-dong, but a mid-level verbal skirmish, the sort of thing that lies behind many a loving relationship. \"Larry,\" she calls down the hall of their sumptuous apartment on the 10th floor of the imposing Flynt building in Beverly Hills, \"why didn't you tell me you wanted me here for the photo? I could have got ready.\" In the dining room Flynt is parked in his gold-plated wheelchair, staring out of the window, possibly at the view of the city stretched out before him. He is a curious sight, his hair and skin almost matching his peach-coloured polo-neck shirt. On his wrist he wears a delicately inlaid watch, his elaborate rings sit on surprisingly long puffy fingers, their length accentuated by manicured nails. \"What did she say?\" he croaks in his near- inaudible high-pitched wheeze, heavily laced with the wide-open twang of his native Kentucky. Hal, Flynt's bodyguard and wheelchair-wheeler, approaches. \"Nothing,\" he says. \"Don't worry about it. It's a man and wife thing.\" \"Why wasn't she ready? Did she say she didn't know?\" \"I told you, don't worry about it. I'm not getting involved,\" says Hal. Suitably attired, Mrs Flynt, Larry's one-time nurse Liz Berrios (often now described as the power behind the throne), appears for her photograph. The couple lean awkwardly together, mimicking the pose on the oil painting hanging behind them. Liz smiles professionally and holds Larry, who wheezes and splutters, enduring his hardship with a stoicism that looks exhausting. \"Come on Larry,\" she says, digging her fingers into his neck. \"Smile.\" It's just as well that nobody is actually chucking pots and pans around. The smallest flying object could cause incalculable damage here. At every turn, behind every marble column, standing atop every antique inlaid mahogany table, a Tiffany lamp awaits, a trap laid for the clumsy and the careless. Looking down from the walls are countless Impressionist reproductions, all a little too bright and a little too clean to be the real thing, as if someone had said: \"Do me a picture like that, but ... make it more in focus.\" The effect, familiar from Milos Forman's 1996 film The People Vs Larry Flynt, is of a kitsch palace, a hotel lobby striving to be a museum or some lavish pimp's parlour. Flynt, of course, would not choose to describe himself as a pimp. He is, he insists, a \"smut peddler\". He has also been called a \"bottom-feeder\", an epithet which amuses him greatly. But his preferred formulation is: \"Pornography is my business, politics is my hobby.\" Flynt's latest foray into politics comes with the publication of his third book, Sex, Lies and Politics - the Naked Truth. It is a rabble- rousing romp through the ills and hypocrisies of contemporary American politics, an attack on the cronyism and incompetence of George Bush and the forces that put him where he is today. But it is also a lament for the betrayed ideals of the American body politic. \"I think other than the civil war and the first and second world wars, the six years that this book covers is probably the most significant part in the history of our country,\" he says. In the book, we are treated to some of the key anti-Bush themes from the past few years: Newt Gingrich and the hypocrisy of the Republicans; the Democrats' weakness for money; the inadequacies of America's \"poodle press\"; Enron; Chevron; Halliburton. It is a familiar but still enlightening litany. Flynt argues that he is there to join the dots. \"I never, from the very beginning, ever compromised my core beliefs,\" Flynt says. \"I've been in prison four times, shot and paralysed\" - by a man who took exception to a photo spread about interracial sex - \"and I figured at this point, what are they going to do to me? So I decided to devote what is left of my life to expanding the parameters of free speech.\" His struggle for free speech was documented in the Forman film, an account of Flynt's various legal battles, most famously his five-year tussle with evangelist Jerry Falwell, about an ad that suggested he had had sex with his mother. Falwell sued him for defamation, Flynt countersued for copyright infringement. It ended in a victory for Flynt in the supreme court, seen by many as one of the most important decisions in favour of free speech and the first amendment of the US constitution. Flynt makes an awkward champion of liberal causes, his professional activities - he makes Richard Desmond seem like William Rees-Mogg - raising the hackles of many who support the broad intention of his political campaigns. \"If people don't like what I do they need to get a life,\" he says, slurping on his third glass of green Gatorade, grunting as he crunches the ice. \"I'm liberal on social issues, all social issues, but I'm a fiscal conservative. That may sound paradoxical in a sense but if I don't have the money in my account, I don't write a cheque. I think the government should be the same way. We should be fiscally responsible.\" Flynt's personal fiscal responsibility has seen him grow to be an extremely wealthy man, adept at shifting his business to keep ahead of the changing times. The smut- peddler has moved from club owner to magazine publisher to modern media entrepreneur, with internet, film production and retail divisions all outstripping the thing that made his name, Hustler magazine. He also runs an eponymous casino in Los Angeles, where Flynt himself can often be found betting his life away at poker. One estimate suggests he loses $300,000 (\u00a3170,000) per month at the game. Flynt, who was born in Kentucky in 1942 in what was then the poorest county in the US, says he is not tempted to go into politics as a profession. \"Politics is the art of compromise and I've never seen anything worthwhile accomplished by a compromising person,\" he says with a rare smile. But he has stood for office, once for president, and last year for governor of California in the election won by Arnold Schwarzenegger. 'I can see the flaws in our system and I don't have the temperament to be part of a political party,\" he says. \"And who would vote for a pornographer who's an atheist anyway? The different times I've run for political office I've always just done it to use the platform so I can get my message out.\" His message in the current election is clear: Bush and his cronies are corrupt liars who have misled the American people. \"There are diehard Bush loyalists who believe everything he tells them, and it's scary,\" he says. \"It's really frightening because this guy's the most unqualified person to ever sit in the Oval office. He can barely speak the native language. Now he talks to God all the time. I'm just afraid they might get their messages screwed up, and with his thumb on the [nuclear] button that doesn't make me too content.\" Flynt's next book is about \"something I know quite a lot about\", the sexual revolution. But before that he has to oversee his expanding retail empire. A handful of stores in the US, including a swanky emporium on Hollywood's Sunset Boulevard, complete with espresso bar, have proved a profitable addition. Flynt is also opening two stores in the UK, although he is fairly hazy on their precise whereabouts. \"I just make the store really nice and really plush so both men and women will feel really comfortable shopping there,\" he wheezes. \"The first we'll open in the second largest city in the United Kingdom, about two hours north of London.\" Birmingham? \"Yes, Birmingham. And the second one is in London, right next to Piccadilly Square.\" Britain too offers possibilities for him to pursue his hobby of politics. \"I really liked Tony Blair when he became prime minister,\" says Flynt. \"But the way he's behaved during this Iraq war, I just lost all respect for him. I don't know if he thought he would benefit from it, in terms of solidifying his power base. He's no Winston Churchill.\" Political hypocrites have been warned. Nachos and throbbing paninis \"We pushed it a bit with the paninis,\" says Stefan Breg, smiling over his working menu for the Blussh Cafe. \"Nine man-inches of hot panini.\" The cafe opens next week within the erotic goods store that Hustler Hollywood is bringing to Birmingham, offering the sort of sex-and-food combo that hasn't been seen since 9Weeks. Or perhaps not. It's all in the very best taste, they tell me. A bit of fun. Even so, the appearance of cheesy nachos on a menu that includes throbbing paninis is slightly disconcerting. Hustler is synonymous with Larry Flynt, but Hustler Hollywood is a sanitised chain of stores run by his daughter Teresa. She has just expanded the US group from four to seven; Birmingham is the first outside the US. \"It's not right,\" says Mandy Hillen, who has sold the Evening Mail from a booth outside the store for four years. \"Families go past here. I don't approve.\" \"I don't mind,\" says another stallholder, watching over her stock of ponchos and scarves flapping in the rain-sodden wind, \"as long as they don't sell scarves.\" She shouldn't worry. If Hustler Hollywood does sell scarves, one imagines they will be strips of marabou, or shredded latex. Its stock is a predictable ensemble of sexy undies and edible this and that. The seduction range is a riot of red-fringed fishnet. Retail director Marianne Tosh says it will not sell hardcore DVDs or magazines. (Before my visit, I had to sign a form agreeing not to use the term \"Porn\", \"as that is factually incorrect\".) Teresa Flynt likes to call her store a \"date destination\". Given that Birmingham has the UK's highest concentration of lap-dancing bars and is the testing ground for the first in a chain of swingers' hotels called Liberation, it seems she's chosen her city wisely. And at a time when even Tesco is to start selling Vielle \"stimulators\", one suspects that Hustler's predictions of six UK stores with a \u00a328-\u00a335m gross turnover within three years might well be realistic. CR \u00b7 Sex, Lies and Politics is published by Aurum Press, price \u00a38.99.",
      "charCount": "10019"
    },
    "isHosted": false,
    "pillarId": "pillar/news",
    "pillarName": "News"
  },
  {
    "id": "money/2004/oct/20/insurance.business",
    "type": "article",
    "sectionId": "money",
    "sectionName": "Money",
    "webPublicationDate": "2004-10-20T01:53:17Z",
    "webTitle": "\u00a31bn cash call shocks Pru investors",
    "webUrl": "https://www.theguardian.com/money/2004/oct/20/insurance.business",
    "apiUrl": "https://content.guardianapis.com/money/2004/oct/20/insurance.business",
    "fields": {
      "headline": "\u00a31bn cash call shocks Pru investors",
      "trailText": "<p>Prudential announced plans for a &#163;1bn cash call yesterday, shocking investors and sparking an 8% fall in its share price.</p>",
      "byline": "Jill Treanor",
      "main": "",
      "body": "<p>Prudential announced plans for a \u00a31bn cash call yesterday, shocking investors and sparking an 8% fall in its share price.</p> <p>As the insurer's shares fell to 422p, the pressure was heaped on chief executive Jonathan Bloomer who said the \u00a31bn rights issue was needed to fund a new growth plan for the UK, expand in India and bolster its capital which would otherwise breach regulatory hurdles.</p> <p>The timing of the cash raising - the largest on the London stock market for two years - infuriated some investors who felt they had been reassured that the Pru would not need to raise capital after failing to sell its online bank Egg just two months ago.</p> <p>Mr Bloomer admitted the rights issue would not have been needed if a buyer - at a price amenable to the Pru board - had been found for Egg, which Pru founded in 1998 and in which it has a 79% stake. The one-for-six rights issue, at a 33% discount to Monday's close, at 308p, was underwritten by three City firms - UBS, Cazenove and Goldman Sachs - to ensure \"certainty\", Mr Bloomer said.</p> <p>Some \u00a3100m to \u00a3200m of the \u00a31bn is urgently needed so that the Pru can meet new European regulations - the financial groups directive - which stops it using investments in Egg and fund management group M&amp;G for capital purposes.</p> <p>Aviva and Friends Provident were knocked on fears they too might have to raise capital while Standard Life, the mutual insurer planning a stock market float, yesterday raised \u00a3400m in the bond markets.</p> <p>The bulk of the Pru's \u00a31bn is earmarked for a three-year expansion in the UK, where Pru announced a change to its strategy ahead of forthcoming regulatory changes to the way products are sold and the government's move to lift the price cap on stakeholder products to 1.5% from 1%. The Pru pledged to make a 14% return on capital in the UK, from around 10% now, by 2007 - although some investors calculated it was already achieving better returns from Asia.</p> <p>Mr Bloomer and the Pru chairman Sir David Clementi are now embarking on a series of crucial meetings with investors, some of whom yesterday said they were \"livid\", \"staggered\" and \"very surprised\".</p> <p>Johnny Vo, insurance analyst at Fox-Pitt Kelton, said: \"Management credibility will take a knock as this rights issue follows failure to make a US acquisition [American General], cutting the dividend after clearly stating that it would not be cut, the failure to sell Egg ... and the raising of over $1.25bn on the debt markets in the last 12 months\".</p> <p>However analysts at Dresdner Kleinwort Wasserstein said the Pru's UK operations had been a \"surprise success\" after years of market share decline. \"If the industry consolidates into the hands of a few companies, and if the Pru is one of them, then there is clear scope for attracting growth for it,\" the analysts said.</p> <p>Pru's sales figures for the nine months of the year so far published yesterday showed a 16% rise to \u00a31.2bn, broadly in line with expectations.</p> <p>Egg, though, demonstrated the distraction caused by its botched sale by reporting a loss for the period of \u00a3103m. Paul Gratton, Egg's chief executive, admitted he and 10 of the company's senior executives had all been offered jobs by rivals during the period but had decided to stay. They have received retention payments which will be disclosed in the annual report next year.</p>",
      "newspaperPageNumber": "18",
      "wordcount": "581",
      "commentable": "false",
      "isPremoderated": "false",
      "lastModified": "2004-10-20T01:53:17Z",
      "newspaperEditionDate": "2004-10-20T00:00:00Z",
      "productionOffice": "UK",
      "publication": "theguardian.com",
      "shortUrl": "https://gu.com/p/88j4",
      "shouldHideAdverts": "false",
      "showInRelatedContent": "true",
      "legallySensitive": "false",
      "lang": "en",
      "bodyText": "Prudential announced plans for a \u00a31bn cash call yesterday, shocking investors and sparking an 8% fall in its share price. As the insurer's shares fell to 422p, the pressure was heaped on chief executive Jonathan Bloomer who said the \u00a31bn rights issue was needed to fund a new growth plan for the UK, expand in India and bolster its capital which would otherwise breach regulatory hurdles. The timing of the cash raising - the largest on the London stock market for two years - infuriated some investors who felt they had been reassured that the Pru would not need to raise capital after failing to sell its online bank Egg just two months ago. Mr Bloomer admitted the rights issue would not have been needed if a buyer - at a price amenable to the Pru board - had been found for Egg, which Pru founded in 1998 and in which it has a 79% stake. The one-for-six rights issue, at a 33% discount to Monday's close, at 308p, was underwritten by three City firms - UBS, Cazenove and Goldman Sachs - to ensure \"certainty\", Mr Bloomer said. Some \u00a3100m to \u00a3200m of the \u00a31bn is urgently needed so that the Pru can meet new European regulations - the financial groups directive - which stops it using investments in Egg and fund management group M&amp;G for capital purposes. Aviva and Friends Provident were knocked on fears they too might have to raise capital while Standard Life, the mutual insurer planning a stock market float, yesterday raised \u00a3400m in the bond markets. The bulk of the Pru's \u00a31bn is earmarked for a three-year expansion in the UK, where Pru announced a change to its strategy ahead of forthcoming regulatory changes to the way products are sold and the government's move to lift the price cap on stakeholder products to 1.5% from 1%. The Pru pledged to make a 14% return on capital in the UK, from around 10% now, by 2007 - although some investors calculated it was already achieving better returns from Asia. Mr Bloomer and the Pru chairman Sir David Clementi are now embarking on a series of crucial meetings with investors, some of whom yesterday said they were \"livid\", \"staggered\" and \"very surprised\". Johnny Vo, insurance analyst at Fox-Pitt Kelton, said: \"Management credibility will take a knock as this rights issue follows failure to make a US acquisition [American General], cutting the dividend after clearly stating that it would not be cut, the failure to sell Egg ... and the raising of over $1.25bn on the debt markets in the last 12 months\". However analysts at Dresdner Kleinwort Wasserstein said the Pru's UK operations had been a \"surprise success\" after years of market share decline. \"If the industry consolidates into the hands of a few companies, and if the Pru is one of them, then there is clear scope for attracting growth for it,\" the analysts said. Pru's sales figures for the nine months of the year so far published yesterday showed a 16% rise to \u00a31.2bn, broadly in line with expectations. Egg, though, demonstrated the distraction caused by its botched sale by reporting a loss for the period of \u00a3103m. Paul Gratton, Egg's chief executive, admitted he and 10 of the company's senior executives had all been offered jobs by rivals during the period but had decided to stay. They have received retention payments which will be disclosed in the annual report next year.",
      "charCount": "3312"
    },
    "isHosted": false,
    "pillarId": "pillar/lifestyle",
    "pillarName": "Lifestyle"
  },
  {
    "id": "business/2004/oct/20/supermarkets.tesco",
    "type": "article",
    "sectionId": "business",
    "sectionName": "Business",
    "webPublicationDate": "2004-10-20T01:53:16Z",
    "webTitle": "Store wars: How tesco took the lead",
    "webUrl": "https://www.theguardian.com/business/2004/oct/20/supermarkets.tesco",
    "apiUrl": "https://content.guardianapis.com/business/2004/oct/20/supermarkets.tesco",
    "fields": {
      "headline": "How Tesco took the lead",
      "trailText": "<p>Good Food Costs Less at Sainsbury's used to be the slogan. It was never entirely true, but the price gap in the 90s widened as Tesco pursued a hard-headed US-style strategy of everyday low prices.</p>",
      "main": "",
      "body": "<p><strong>Price</strong> </p> <p>Good Food Costs Less at Sainsbury's used to be the slogan. It was never entirely true, but the price gap in the 90s widened as Tesco pursued a hard-headed US-style strategy of everyday low prices.</p> <p><strong>Management</strong> </p> <p>Sir Ian MacLaurin, who led Tesco out of the \"pile it high\" 70s, said his most important decision was finding the right successor. In Sir Terry Leahy, he appointed a man seemingly obsessed by detail. Over at Sainsbury's, where family values ran deep, there never seemed to be serious competition for the top job.</p> <p><strong>Investment</strong> </p> <p>Leahy's inheritance was the finest store portfolio in the land. It allowed Tesco to pioneer non-food lines. Sainsbury's bizarrely seemed to give up on its Savacentre format without a serious fight. Tesco was also years ahead in the switch to automated distribution; Sainsbury's response, as Mr King revealed yesterday, has been a story of cock-ups.</p> <p><strong>Better ads</strong> </p> <p>John Cleese shouting down a megaphone was the nadir for Sainsbury's. Tesco opted for Prunella Scales as the Dottie character - hardly cutting-edge but customers liked her. Jamie Oliver was a better effort from Sainsbury's - but some people loathe him.</p> <p><strong>Finest</strong> </p> <p>The launch of Tesco's \"finest\" range was directed at the heart of Sainsbury's supposed advantage: the quality end of the market. Tesco has since extended the label to homewares and fashion.</p> <p><strong>Loyalty card</strong> </p> <p>Lord Sainsbury will rightly never be allowed to forget the day he dismissed Tesco's loyalty card as \"electronic green shield stamps\". Clubcard was an immediate success and Tesco plundered the data it provided to target customers with offers. Sainsbury's Nectar card was too slow in coming.</p> <p><strong>Online</strong> </p> <p>Tesco launched straight into providing an online service by using local stores to pick products. Sainsbury's, meanwhile, cooked up a grand plan to build gigantic picking centres and then had to abandon the idea because of the costs. Belatedly, Sainsbury's copied the Tesco model, but its website is miles behind and poor shop availability has meant poor service too.</p> <p><strong>Overseas</strong> </p> <p>Sainsbury's, until it sold Shaw's last year, was trying to run a relatively small supermarket chain in the toughest retail market in the world -the US. Tesco has never set foot there, preferring to expand in the less competitive arenas of eastern Europe and the far east where its hypermarkets are often received as innovations.</p> <p><strong>Shareholders</strong> </p> <p>Sainsbury's, with the family as 38% owners, has never been totally accountable to the City. When running supermarkets seemed to run in the Sainsbury genes, that was possibly an advantage. The tide turned when Lord Sainsbury took over. As 25% shareholder he was unchallengeable - but not always right.</p> <p><strong> Arrogance</strong> </p> <p>Sainsbury's during its 1980s heyday was a snobbish organisation, convinced of its own superiority, which alienated its suppliers. The result was that many were happy to help Tesco to take them on. Tesco faces the same trap - but there is no sign of it falling in yet.</p>",
      "newspaperPageNumber": "19",
      "wordcount": "485",
      "commentable": "false",
      "isPremoderated": "false",
      "lastModified": "2004-10-20T01:53:16Z",
      "newspaperEditionDate": "2004-10-20T00:00:00Z",
      "productionOffice": "UK",
      "publication": "theguardian.com",
      "shortUrl": "https://gu.com/p/88jg",
      "shouldHideAdverts": "false",
      "showInRelatedContent": "true",
      "legallySensitive": "false",
      "lang": "en",
      "bodyText": "Price Good Food Costs Less at Sainsbury's used to be the slogan. It was never entirely true, but the price gap in the 90s widened as Tesco pursued a hard-headed US-style strategy of everyday low prices. Management Sir Ian MacLaurin, who led Tesco out of the \"pile it high\" 70s, said his most important decision was finding the right successor. In Sir Terry Leahy, he appointed a man seemingly obsessed by detail. Over at Sainsbury's, where family values ran deep, there never seemed to be serious competition for the top job. Investment Leahy's inheritance was the finest store portfolio in the land. It allowed Tesco to pioneer non-food lines. Sainsbury's bizarrely seemed to give up on its Savacentre format without a serious fight. Tesco was also years ahead in the switch to automated distribution; Sainsbury's response, as Mr King revealed yesterday, has been a story of cock-ups. Better ads John Cleese shouting down a megaphone was the nadir for Sainsbury's. Tesco opted for Prunella Scales as the Dottie character - hardly cutting-edge but customers liked her. Jamie Oliver was a better effort from Sainsbury's - but some people loathe him. Finest The launch of Tesco's \"finest\" range was directed at the heart of Sainsbury's supposed advantage: the quality end of the market. Tesco has since extended the label to homewares and fashion. Loyalty card Lord Sainsbury will rightly never be allowed to forget the day he dismissed Tesco's loyalty card as \"electronic green shield stamps\". Clubcard was an immediate success and Tesco plundered the data it provided to target customers with offers. Sainsbury's Nectar card was too slow in coming. Online Tesco launched straight into providing an online service by using local stores to pick products. Sainsbury's, meanwhile, cooked up a grand plan to build gigantic picking centres and then had to abandon the idea because of the costs. Belatedly, Sainsbury's copied the Tesco model, but its website is miles behind and poor shop availability has meant poor service too. Overseas Sainsbury's, until it sold Shaw's last year, was trying to run a relatively small supermarket chain in the toughest retail market in the world -the US. Tesco has never set foot there, preferring to expand in the less competitive arenas of eastern Europe and the far east where its hypermarkets are often received as innovations. Shareholders Sainsbury's, with the family as 38% owners, has never been totally accountable to the City. When running supermarkets seemed to run in the Sainsbury genes, that was possibly an advantage. The tide turned when Lord Sainsbury took over. As 25% shareholder he was unchallengeable - but not always right. Arrogance Sainsbury's during its 1980s heyday was a snobbish organisation, convinced of its own superiority, which alienated its suppliers. The result was that many were happy to help Tesco to take them on. Tesco faces the same trap - but there is no sign of it falling in yet.",
      "charCount": "2952"
    },
    "isHosted": false,
    "pillarId": "pillar/news",
    "pillarName": "News"
  },
  {
    "id": "business/2004/oct/20/china.transportintheuk",
    "type": "article",
    "sectionId": "business",
    "sectionName": "Business",
    "webPublicationDate": "2004-10-20T01:53:13Z",
    "webTitle": "Northern rail firms may use Chinese trains",
    "webUrl": "https://www.theguardian.com/business/2004/oct/20/china.transportintheuk",
    "apiUrl": "https://content.guardianapis.com/business/2004/oct/20/china.transportintheuk",
    "fields": {
      "headline": "Northern rail firms may use Chinese trains",
      "trailText": "<p>Commuters in the north-east could soon be travelling on Chinese trains, under plans being considered by Serco and Ned Railways to use cut-price rolling stock made in Beijing.</p>",
      "byline": "Andrew Clark",
      "main": "",
      "body": "<p>Commuters in the north-east could soon be travelling on Chinese trains, under plans being considered by Serco and Ned Railways to use cut-price rolling stock made in Beijing.</p> <p>Serco and Ned Railways yesterday signed an eight-year franchise to operate local and mid-distance rail services across northern England in a deal which involves government subsidies of \u00a32.4bn.</p> <p>The contract, starting in December, was delayed by two months because of concern in the Treasury over the amount of public money involved.</p> <p>Insiders revealed that the operators came under pressure to cut spending on rolling stock. Buying up to 200 new trains could be cheaper than refurbishing 25-year-old Pacers, largely used in Tyneside.</p> <p>A Beijing company, CSR Ziyang, has offered to provide carriages for \u00a3600,000 each, compared with a typical cost of \u00a31.2m within Europe. Chinese trains have never been used in Britain, though Ned Railways has negotiated with the firm over rolling stock for its native Netherlands. The franchise is Britain's largest, with 1,675 miles of track around Newcastle, Manchester, Leeds, Liverpool and Sheffield.</p> <p>An insider said the Chinese firm had promised to deliver trains in a tight timeframe of 18 months: \"They can make trains at half the price of anything done in Europe.\"</p> <p>CSR Ziyang is believed to face competition from Bombardier, which has a factory in Derby, the only remaining train manufacturer in Britain.</p> <p>Critics questioned the use of an unproven manufacturer. Roger Ford, technical editor of Modern Railways, said: \"Cheap Chinese trains might sound nice but they've never built trains for Europe, and they have no experience of British acceptance procedures.\"</p> <p>The transport secretary, Alistair Darling, yesterday announced cuts in the 25 rail franchises to 19 as contracts expire, including dividing Central Trains' franchise between neighbouring operators; merging Thameslink with WAGN's services from London King's Cross; and joining Great Western with Wessex Trains's area.</p>",
      "newspaperPageNumber": "20",
      "wordcount": "310",
      "commentable": "false",
      "isPremoderated": "false",
      "lastModified": "2004-10-20T01:53:13Z",
      "newspaperEditionDate": "2004-10-20T00:00:00Z",
      "productionOffice": "UK",
      "publication": "theguardian.com",
      "shortUrl": "https://gu.com/p/88jc",
      "shouldHideAdverts": "false",
      "showInRelatedContent": "true",
      "legallySensitive": "false",
      "lang": "en",
      "bodyText": "Commuters in the north-east could soon be travelling on Chinese trains, under plans being considered by Serco and Ned Railways to use cut-price rolling stock made in Beijing. Serco and Ned Railways yesterday signed an eight-year franchise to operate local and mid-distance rail services across northern England in a deal which involves government subsidies of \u00a32.4bn. The contract, starting in December, was delayed by two months because of concern in the Treasury over the amount of public money involved. Insiders revealed that the operators came under pressure to cut spending on rolling stock. Buying up to 200 new trains could be cheaper than refurbishing 25-year-old Pacers, largely used in Tyneside. A Beijing company, CSR Ziyang, has offered to provide carriages for \u00a3600,000 each, compared with a typical cost of \u00a31.2m within Europe. Chinese trains have never been used in Britain, though Ned Railways has negotiated with the firm over rolling stock for its native Netherlands. The franchise is Britain's largest, with 1,675 miles of track around Newcastle, Manchester, Leeds, Liverpool and Sheffield. An insider said the Chinese firm had promised to deliver trains in a tight timeframe of 18 months: \"They can make trains at half the price of anything done in Europe.\" CSR Ziyang is believed to face competition from Bombardier, which has a factory in Derby, the only remaining train manufacturer in Britain. Critics questioned the use of an unproven manufacturer. Roger Ford, technical editor of Modern Railways, said: \"Cheap Chinese trains might sound nice but they've never built trains for Europe, and they have no experience of British acceptance procedures.\" The transport secretary, Alistair Darling, yesterday announced cuts in the 25 rail franchises to 19 as contracts expire, including dividing Central Trains' franchise between neighbouring operators; merging Thameslink with WAGN's services from London King's Cross; and joining Great Western with Wessex Trains's area.",
      "charCount": "1991"
    },
    "isHosted": false,
    "pillarId": "pillar/news",
    "pillarName": "News"
  },
  {
    "id": "business/2004/oct/20/5",
    "type": "article",
    "sectionId": "business",
    "sectionName": "Business",
    "webPublicationDate": "2004-10-20T01:53:12Z",
    "webTitle": "More R&D work will go to Asia, Dyson boss tells MPs",
    "webUrl": "https://www.theguardian.com/business/2004/oct/20/5",
    "apiUrl": "https://content.guardianapis.com/business/2004/oct/20/5",
    "fields": {
      "headline": "More R&D work will go to Asia, Dyson boss tells MPs",
      "standfirst": "Operators tempted by far east's half-price carriages",
      "trailText": "<p>Operators tempted by far east's half-price carriages.</p>",
      "byline": "Mark Milner",
      "main": "",
      "body": "<p>Asian countries which have already attracted basic production from western economies will present an increasing challenge in the battle for more sophisticated manufacturing work, a committee of MPs was warned yesterday. </p> <p>Sir Richard Needham, deputy chairman of Dyson, the world's leading vacuum cleaner maker, and a former trade minister, said that Asian countries wanted to build up their ability to mount a challenge for research and development work. </p> <p>\"Ask me where we will be in 10 years' time, how much research and development work there would be in Britain and how much in the far east and I would say, looking at my crystal ball, that the majority would still be in England but there will be an increasing amount in Asia.\" </p> <p>Centres such as Hong Kong were looking to develop their design capabilities by attracting top talent from educational institutions in the west, Sir Richard told the trade and industry select committee. </p> <p>Dyson switched its vacuum cleaner manufacturing operations from Malmesbury in Wiltshire to Malaysia in 2002 but Sir Richard said it did not expect to move its R&amp;D from the UK. </p> <p>\"We are a British company, we have British designers, British researchers, we all live here and we have no intention of changing that. You can never see [company founder] James Dyson living in Singapore. </p> <p>\"Nevertheless there is going to be a major push by the likes of Singapore, Hong Kong and others to attract design work.\" The UK would have to work hard to attract young people into industrial design and to retain them, Sir Richard said. He suggested that the flow of manufacturing work would not always be in one direction and that it might be possible to bring some work back to Europe and the US. </p> <p>He held out the prospect that Dyson could bring work back to the UK but said it would require sophisticated products where the added value was 20 times that of the basic raw materials. </p> <p>Sir Richard said that Dyson had been pushed into the move to the far east by a combination of planning difficulties in Malmesbury and the strength of the pound against the euro at the time the decision to switch production was made. </p> <p>Without the manufacturing flexibility conferred by the move, Dyson would not have been able to cope with the surge in demand, especially in the US, which had helped carry it to the number one slot among the world's vacuum cleaner makers.</p>",
      "newspaperPageNumber": "20",
      "wordcount": "410",
      "commentable": "false",
      "isPremoderated": "false",
      "lastModified": "2004-10-20T01:53:12Z",
      "newspaperEditionDate": "2004-10-20T00:00:00Z",
      "productionOffice": "UK",
      "publication": "theguardian.com",
      "shortUrl": "https://gu.com/p/88jb",
      "shouldHideAdverts": "false",
      "showInRelatedContent": "true",
      "legallySensitive": "false",
      "lang": "en",
      "bodyText": "Asian countries which have already attracted basic production from western economies will present an increasing challenge in the battle for more sophisticated manufacturing work, a committee of MPs was warned yesterday. Sir Richard Needham, deputy chairman of Dyson, the world's leading vacuum cleaner maker, and a former trade minister, said that Asian countries wanted to build up their ability to mount a challenge for research and development work. \"Ask me where we will be in 10 years' time, how much research and development work there would be in Britain and how much in the far east and I would say, looking at my crystal ball, that the majority would still be in England but there will be an increasing amount in Asia.\" Centres such as Hong Kong were looking to develop their design capabilities by attracting top talent from educational institutions in the west, Sir Richard told the trade and industry select committee. Dyson switched its vacuum cleaner manufacturing operations from Malmesbury in Wiltshire to Malaysia in 2002 but Sir Richard said it did not expect to move its R&amp;D from the UK. \"We are a British company, we have British designers, British researchers, we all live here and we have no intention of changing that. You can never see [company founder] James Dyson living in Singapore. \"Nevertheless there is going to be a major push by the likes of Singapore, Hong Kong and others to attract design work.\" The UK would have to work hard to attract young people into industrial design and to retain them, Sir Richard said. He suggested that the flow of manufacturing work would not always be in one direction and that it might be possible to bring some work back to Europe and the US. He held out the prospect that Dyson could bring work back to the UK but said it would require sophisticated products where the added value was 20 times that of the basic raw materials. Sir Richard said that Dyson had been pushed into the move to the far east by a combination of planning difficulties in Malmesbury and the strength of the pound against the euro at the time the decision to switch production was made. Without the manufacturing flexibility conferred by the move, Dyson would not have been able to cope with the surge in demand, especially in the US, which had helped carry it to the number one slot among the world's vacuum cleaner makers.",
      "charCount": "2369"
    },
    "isHosted": false,
    "pillarId": "pillar/news",
    "pillarName": "News"
  }
]