[
  {
    "id": "lifeandstyle/2004/feb/01/foodanddrink.shopping",
    "type": "article",
    "sectionId": "lifeandstyle",
    "sectionName": "Life and style",
    "webPublicationDate": "2004-02-01T11:47:01Z",
    "webTitle": "Nigel Slater: Evening stars",
    "webUrl": "https://www.theguardian.com/lifeandstyle/2004/feb/01/foodanddrink.shopping",
    "apiUrl": "https://content.guardianapis.com/lifeandstyle/2004/feb/01/foodanddrink.shopping",
    "fields": {
      "headline": "Evening stars",
      "standfirst": "No need to make heavy weather of winter, says Nigel Slater. A light supper will lift your spirits",
      "trailText": "<p>No need to make heavy weather of winter, says <strong>Nigel Slater</strong>. A light supper will lift your spirits. </p>",
      "byline": "Nigel Slater",
      "main": "",
      "body": "<p>I love the snap of an ice-crisp salad eaten under a bright winter sky. Think of the clean, white crunch of fennel, the hot sting of watercress and the glassy bite of a hard English pear. Such a plateful will lift the spirits and invigorate a grey soul. </p> <p>A steaming hotpot may warm you through to your marrow on a wet day, but if the sky is clear then I'm up for a bowl of winter salad.</p> <p>Last night, rather than dip into the obligatory deep pot of stew (it is February, after all), we ate fish - a piece of haddock the size of a slipper - roasted in olive oil and scattered with strips of crisp, gilt-edged bacon and parsley. The smoky notes of the bacon provided the comfort factor to what was essentially a light supper. </p> <p>It took a letter from Alex Salmond, MP for Banff and Buchan, to remind me that our haddock stocks are in a healthy state. They are, he insists, at a 30-year high. Encouragingly, Andy in the fish shop suggested 'the haddock' without missing a beat when I asked for something nice for my tea. I do what I'm told. </p> <p>Two thick wedges of fish take barely 10 minutes in a hot oven if you crisp the outside first in hot butter or olive oil. The bacon idea might freak out a few more conservative souls, but it is only a short hop from the modern classic that is cod steaks wrapped in prosciutto, or any of the fish chowders that have bacon in their midst, ie most of them. To butch the dish up a bit you could make a very silky puree of potatoes with enough hot milk beaten in with the butter that you could almost pour it on to the plate. Actually, I found a plate of crunchy salad enough. But then I knew pudding was coming. </p> <p>If I am going to make hot puddings at all then it is going to be now, with the wind so harsh it takes the first two layers of skin off your face. All the things that make cold-weather puds worth eating - butter, sugar, marmalade, honey, treacle, breadcrumbs and winter fruits - are to hand in most reasonably busy kitchens. Crumbles, steamed puddings and bakes are things you don't really plan for. They come filed under 'unstoppable urges', and as such the ingredients must, like torch batteries, candles and Marmite, always be in stock.</p> <p>Modern eaters are less than likely to want to follow a hearty winter main course with a hot pudding. So, if we are to keep both the classic puddings in circulation and even think of new ones, lighter winter main courses are the order of the day. And that is just fine by me. </p> <p><strong>Roast haddock with smoked bacon and parsley</strong></p> <p>You could use any other white fish here. Haddock fits perfectly - its flavour is not so delicate as to be pushed into submission by the bacon, and it is currently a good price. It would be well worth trying with hake, too. If you can't find a lightly smoked bacon, use green bacon instead. Serves 2.</p> <p><strong>400g haddock fillet</strong><br><strong> Olive oil or butter</strong><br><strong> 190g smoked back bacon</strong><br><strong> A small bunch of parsley (about 10g)</strong></p> <p>Get the oven hot: it should be on about 220C/gas mark 8. Pour a couple of tbsps of olive oil (or a thick slice of butter) into a shallow ovenproof pan that doesn't stick. Put it over high heat, then when it starts to shimmer, add the fish, seasoned on both sides with salt and black pepper, skin-side uppermost. Fry for a minute or so, until the flesh underneath has turned a light, gold colour.</p> <p>Turn the fish over and put it in the oven. Remove the rind from the bacon and cut each rasher into short, finger-thick strips. Warm 3 tbsps of olive oil in a shallow pan, add the bacon and leave to sizzle until golden and lightly crisp - about 5 minutes. Chop the parsley leaves. </p> <p>Test the haddock. It is done when a single flake of fish comes away from the skin with one light tug. The fish takes about 7-10 minutes in the oven, depending on its thickness. Transfer to warm plates. Chuck the parsley into the bacon, stir, then tip the parsley, bacon and oil over the plated fish. </p> <p><strong>Fennel, watercress and pear salad</strong></p> <p>No pears? Then use a tart apple instead. This is a salad that I sometimes eat as a main course, adding shavings of a firm British cheese, such as nutty Wensleydale, Appleby's Cheshire or a mild Caerphilly. Serves 2.</p> <p><strong>Bunch of watercress (about 50g leaves)</strong><br><strong> A large, crisp pear</strong><br><strong> 1 medium-sized bulb of fennel (150g)</strong></p> <p>For the dressing:</p> <p><strong> The juice of a lime </strong><br><strong> 3 tbsps light olive oil</strong></p> <p>Trim the watercress and pinch into bite-sized sprigs. Wash thoroughly. Make the dressing in a salad bowl. Whisk the lime juice and olive oil together with a grinding of salt and black pepper. Wash the pear, but don't peel it. Cut it into quarters, remove the core and then slice the flesh thickly. Drop the pieces into dressing, toss gently then add the watercress. Trim the fennel, cut into thin slices then toss gently with the watercress and pear. Serve with, or after, the fish. </p> <p><strong>Quince and apple pudding</strong></p> <p>I am willing to bet you could use all apples in this recipe if you can't get hold of any quinces, though I cannot say I have tried it yet. The cream isn't just a sybaritic touch, it is essential here, bringing the whole thing together. If the fruit looks a little dry before you add the sugar, it is worth shaking over a little more lemon juice or maybe even a spoon or two of melted marmalade. Serves 4.</p> <p><strong>1.25kg mixed quinces and apples</strong><br><strong> The juice of a lemon</strong><br><strong> 3 tbsps golden caster sugar</strong><br><strong> 4 slices of white bread</strong><br><strong> 75g butter</strong><br><strong> Double cream to serve</strong></p> <p>Set the oven at 190C/gas mark 5. Peel, quarter and core the quinces, dropping them into cold water spiked with a squirt or two of lemon to stop them browning. Do the apples, too, but keep them separate. </p> <p>Chop the fruit into chunks, no more than 3cm in width, returning them to the acidulated water as you chop. Drain the quinces, then put them into a heavy-bottomed pan together with the juice of the lemon and 150ml of water. Bring to the boil, then turn down the heat and leave to simmer gently, covered with a lid, for about 20 minutes. </p> <p>After 10 minutes, drain the apples and add them to the pan. The fruit will soften in its own steam. When the fruit is soft enough to crush with the back of a spoon, transfer it to a shallow baking dish. Scatter 2 tbsps of sugar over the fruits.</p> <p>Remove the crusts from the bread and cut each slice into four triangles. Melt the butter, then dip each piece of bread into it, before placing them in a single layer on top of the fruit. Dust over the remaining sugar and bake for 25 minutes till the top bread has turned into crisp, golden toast. Serve hot, with double cream.</p>",
      "wordcount": "1217",
      "commentable": "false",
      "isPremoderated": "false",
      "lastModified": "2005-11-04T11:47:01Z",
      "newspaperEditionDate": "2004-02-01T00:00:00Z",
      "productionOffice": "UK",
      "publication": "The Observer",
      "shortUrl": "https://gu.com/p/xfb4q",
      "shouldHideAdverts": "false",
      "showInRelatedContent": "true",
      "legallySensitive": "false",
      "lang": "en",
      "bodyText": "I love the snap of an ice-crisp salad eaten under a bright winter sky. Think of the clean, white crunch of fennel, the hot sting of watercress and the glassy bite of a hard English pear. Such a plateful will lift the spirits and invigorate a grey soul. A steaming hotpot may warm you through to your marrow on a wet day, but if the sky is clear then I'm up for a bowl of winter salad. Last night, rather than dip into the obligatory deep pot of stew (it is February, after all), we ate fish - a piece of haddock the size of a slipper - roasted in olive oil and scattered with strips of crisp, gilt-edged bacon and parsley. The smoky notes of the bacon provided the comfort factor to what was essentially a light supper. It took a letter from Alex Salmond, MP for Banff and Buchan, to remind me that our haddock stocks are in a healthy state. They are, he insists, at a 30-year high. Encouragingly, Andy in the fish shop suggested 'the haddock' without missing a beat when I asked for something nice for my tea. I do what I'm told. Two thick wedges of fish take barely 10 minutes in a hot oven if you crisp the outside first in hot butter or olive oil. The bacon idea might freak out a few more conservative souls, but it is only a short hop from the modern classic that is cod steaks wrapped in prosciutto, or any of the fish chowders that have bacon in their midst, ie most of them. To butch the dish up a bit you could make a very silky puree of potatoes with enough hot milk beaten in with the butter that you could almost pour it on to the plate. Actually, I found a plate of crunchy salad enough. But then I knew pudding was coming. If I am going to make hot puddings at all then it is going to be now, with the wind so harsh it takes the first two layers of skin off your face. All the things that make cold-weather puds worth eating - butter, sugar, marmalade, honey, treacle, breadcrumbs and winter fruits - are to hand in most reasonably busy kitchens. Crumbles, steamed puddings and bakes are things you don't really plan for. They come filed under 'unstoppable urges', and as such the ingredients must, like torch batteries, candles and Marmite, always be in stock. Modern eaters are less than likely to want to follow a hearty winter main course with a hot pudding. So, if we are to keep both the classic puddings in circulation and even think of new ones, lighter winter main courses are the order of the day. And that is just fine by me. Roast haddock with smoked bacon and parsley You could use any other white fish here. Haddock fits perfectly - its flavour is not so delicate as to be pushed into submission by the bacon, and it is currently a good price. It would be well worth trying with hake, too. If you can't find a lightly smoked bacon, use green bacon instead. Serves 2. 400g haddock fillet Olive oil or butter 190g smoked back bacon A small bunch of parsley (about 10g) Get the oven hot: it should be on about 220C/gas mark 8. Pour a couple of tbsps of olive oil (or a thick slice of butter) into a shallow ovenproof pan that doesn't stick. Put it over high heat, then when it starts to shimmer, add the fish, seasoned on both sides with salt and black pepper, skin-side uppermost. Fry for a minute or so, until the flesh underneath has turned a light, gold colour. Turn the fish over and put it in the oven. Remove the rind from the bacon and cut each rasher into short, finger-thick strips. Warm 3 tbsps of olive oil in a shallow pan, add the bacon and leave to sizzle until golden and lightly crisp - about 5 minutes. Chop the parsley leaves. Test the haddock. It is done when a single flake of fish comes away from the skin with one light tug. The fish takes about 7-10 minutes in the oven, depending on its thickness. Transfer to warm plates. Chuck the parsley into the bacon, stir, then tip the parsley, bacon and oil over the plated fish. Fennel, watercress and pear salad No pears? Then use a tart apple instead. This is a salad that I sometimes eat as a main course, adding shavings of a firm British cheese, such as nutty Wensleydale, Appleby's Cheshire or a mild Caerphilly. Serves 2. Bunch of watercress (about 50g leaves) A large, crisp pear 1 medium-sized bulb of fennel (150g) For the dressing: The juice of a lime 3 tbsps light olive oil Trim the watercress and pinch into bite-sized sprigs. Wash thoroughly. Make the dressing in a salad bowl. Whisk the lime juice and olive oil together with a grinding of salt and black pepper. Wash the pear, but don't peel it. Cut it into quarters, remove the core and then slice the flesh thickly. Drop the pieces into dressing, toss gently then add the watercress. Trim the fennel, cut into thin slices then toss gently with the watercress and pear. Serve with, or after, the fish. Quince and apple pudding I am willing to bet you could use all apples in this recipe if you can't get hold of any quinces, though I cannot say I have tried it yet. The cream isn't just a sybaritic touch, it is essential here, bringing the whole thing together. If the fruit looks a little dry before you add the sugar, it is worth shaking over a little more lemon juice or maybe even a spoon or two of melted marmalade. Serves 4. 1.25kg mixed quinces and apples The juice of a lemon 3 tbsps golden caster sugar 4 slices of white bread 75g butter Double cream to serve Set the oven at 190C/gas mark 5. Peel, quarter and core the quinces, dropping them into cold water spiked with a squirt or two of lemon to stop them browning. Do the apples, too, but keep them separate. Chop the fruit into chunks, no more than 3cm in width, returning them to the acidulated water as you chop. Drain the quinces, then put them into a heavy-bottomed pan together with the juice of the lemon and 150ml of water. Bring to the boil, then turn down the heat and leave to simmer gently, covered with a lid, for about 20 minutes. After 10 minutes, drain the apples and add them to the pan. The fruit will soften in its own steam. When the fruit is soft enough to crush with the back of a spoon, transfer it to a shallow baking dish. Scatter 2 tbsps of sugar over the fruits. Remove the crusts from the bread and cut each slice into four triangles. Melt the butter, then dip each piece of bread into it, before placing them in a single layer on top of the fruit. Dust over the remaining sugar and bake for 25 minutes till the top bread has turned into crisp, golden toast. Serve hot, with double cream.",
      "charCount": "6441"
    },
    "isHosted": false,
    "pillarId": "pillar/lifestyle",
    "pillarName": "Lifestyle"
  },
  {
    "id": "news/2004/feb/01/comment",
    "type": "article",
    "sectionId": "news",
    "sectionName": "News",
    "webPublicationDate": "2004-02-01T01:06:00Z",
    "webTitle": "Melvyn Bragg: After Hutton",
    "webUrl": "https://www.theguardian.com/news/2004/feb/01/comment",
    "apiUrl": "https://content.guardianapis.com/news/2004/feb/01/comment",
    "fields": {
      "headline": "My fury at the fall of a TV great",
      "standfirst": "'The world now believes the corporation has buckled thanks to what seems a terrible mishandling of the report'",
      "trailText": "<B>Melvyn Bragg: </B>'The world now believes the corporation has buckled thanks to what seems a terrible mishandling of the report'",
      "byline": "Melvyn Bragg",
      "main": "",
      "body": "When Greg Dyke rang me last Wednesday evening, I was shaken by what he had to say. No exaggeration, shaken. 'Hold on. What did they say? What?' Maybe I ought to have been prepared for it. I was not. I was watching the news. <p>'They want to get rid of me,' Greg told me. He was horribly upset, reining in a justifiable fury and yet, as always, hard-minded enough to know that he had about 30 minutes to make a decision which could not only detonate his BBC career but also (though neither of us then had any inkling of the size of it) set off a reaction which could grievously wound the independent, self-confident and challenging-all-comers BBC which he had done so much to inspire in his four blazing years as its director-general. </p> <p>Of course, I was shaken. While the rest of us in the country were trying to weigh up the bombshell of the Hutton report, it seemed to me that the rudderless BBC governors had panicked. They wanted to make an ill-judged sacrifice of the man by far the best able to get the BBC through its crisis. We talked through the 30 minutes and when the time was up I said, 'What do you want to have done when you look back in six months time?' </p> <p>'I think it's irreversible,' he said. 'I'll resign.' </p> <p>He offered his resignation immediately. To the shame of these governors, it was accepted. A great number of people wonder why it was not their resignations on the line. Gavyn Davies had been honourable and left. But that was not enough. Nor was Greg enough, as it turned out. The acting chairman of governors, Richard Ryder, went on TV to deliver an apology to the Government so abject and humiliating that some commentators believe it will damage the BBC's reputation worldwide for decades. The world now believes that the BBC has buckled, thanks to what appears to be a terrible mishandling of the Hutton report. </p> <p>The phone calls between Greg and myself went on until the early hours and began again in the morning before I went into the BBC to do a live Radio 4 programme, after which I joined him in his office. </p> <p>The BBC I met in the corridors and studios last Thursday morning was every bit as shaken (same word, no apologies) as I was. You just have to look at the effect it triggered. Three thousand BBC employees taking to the streets across the UK that afternoon in protest at the resignation of a chief executive. Totally unprecedented. BBC employees everywhere chipping in with their own money to take out expensive public advertisements in newspapers to protest. And everywhere, disbelief. We can't lose Greg. He is the BBC now, warts and all, and has made us proud to be part of a BBC that has guts and dynamism and makes mistakes, yes, but apologises and forges on to do the best work it can. Not Greg! What are they thinking about? </p> <p>His office seemed eerily normal. Coffee from the machine, quiet phone calls, a couple of people bringing in statements, which were redrafted, amended, cut, redrafted. Two or three senior executives came to see him. And, yes, there were tears, but not from Greg, who threw an arm around them, and not a word against any of those who had given him the, as he thought, absolutely secure intelligence which he'd taken to the governors with such certainty some months ago, intelligence which had provoked Davies in effect to declare war on the Government, intelligence which had now brought Greg down. </p> <p>Perhaps most remarkably, he was wholly himself: warm, unpompous, clear, abrasive, quick, funny. You could see why 'the whole fleet loved him'. The email machine broke down, perhaps under the pressure of supportive messages from within the organisation. More than 2,000 poured in. </p> <p>Finally, he braced himself and went down on to the street to take it on the chin. His career at the BBC was terminated. The press wanted the meat of it. He gave it to them throughout the day. </p> <p>He will recover. Will the BBC? </p> <p>Greg Dyke resigned from the BBC four years to the day after he joined it. He had become director-general after bitter attempts to block him. His political and financial support for the Labour Party was one weapon. He handed in his party card and made no more donations. In those years, the BBC gave the Government no special favours. They criticised his investments in commercial television. He sold these on the dates dictated to him by the BBC. He took the salary offered without negotiation, claimed no expenses and worked obsessively. </p> <p>His predecessor, John, now Lord, Birt, did not want him to succeed. And, of course, there was the underlying class and accent question, a 'not one of us' matter, which still, amazing as it seems, can surface with effect when all else fails. </p> <p>But all failed save Greg, who wanted to take on the greatest job in British broadcasting, second only to America in its world impact, and, arguably, competing successfully with its main rival on that biggest stage. He took it on because he wanted the toughest job in town. He also, from the first day, declared that the independence of the BBC was what he had to protect most fiercely. </p> <p>The BBC four years ago was widely resented and even, it can be said, hated by its own staff, many of whom were demoralised. Its virtues were still there, but it was widely agreed that the BBC needed to be refocused, re-energised and staked out to meet a whole, new broadcasting world. In his four years, Greg Dyke did that. </p> <p>Time will ravel up his achievements. The commentators now rightly concentrate on Hutton. But as a programme maker, a BBC contributor and, like millions of people in this country, a listener and viewer happy to be marked by the BBC brand of programming, here is some of what I think Greg achieved in four Olympic years. </p> <p>He gave the BBC a buoyant range, a fresh presence in Britain, a sense of fun, a 'let's take on the world' which galvanised the institution. He appeared to be the only broadcaster on the planet unafraid of Rupert Murdoch and ready to climb into the ring with him, as he did on several occasions, to defend or extend BBC interests. The Government was not given an inch. Overheads were slashed and the savings put into programmes. There were omissions and failings and, as we have seen in the Hutton process, mistakes, but this was now an organisation swept up to the full stretch of its unique potential. </p> <p>At LWT, where I worked with him first, he had turned a classic middle-sized TV company of about 1,000 people into a clan. Somehow, he transferred that to the diversely tribalised 25,000 employees of the BBC. He was their champion and, as we saw from that unique wake at his departure, they saw him as their chief. He has emerged as the most powerful creative executive broadcaster we've known in this country for decades. </p> <p>When ITV dumped the 10pm slot for news, Greg instantly grabbed it for the BBC. His hunch - against much evidence and criticism - was that the audience for his main evening bulletin on BBC1 would grow. It did. The speed with which he made the change was deliberate. He wanted to show the BBC and the public that this institution need no longer have the pace of an oil tanker entombed in memos. It could float like a butterfly. </p> <p>It has also stung like a bee. With Freeview, for instance. Digital terrestrial television had collapsed. Greg picked it up, turned it round and now Freeview is the fastest-growing consumer product in Britain. Again, it was his hunch, his intelligence, that if you offered viewers 25 channels free, they would go out and buy the equipment, especially if you could drive the price down. The bonuses for the BBC could be momentous. When Britain goes digital, all the BBC's radio and TV services will be carried on the one box. Already people with Freeview watch more BBC than those with Sky. </p> <p>Sky, of course, was furious with Greg. So he took it on again and broke Sky's monopoly on satellite. The BBC has forced through a level playing field there. </p> <p>And he went around the country, strengthening production from the regions, attempting to bring the whole of the BBC staff into a single corporate conversation, which seemed a bit mad to outsiders - 'making it happen'. </p> <p>In some ways, he was seen as too successful. When, for the first time, BBC1 overtook ITV in the ratings (even though the root cause was that ITV's audience had fallen more steeply than that of BBC1, which was also falling), concerns were raised. Was the BBC dumbing down? And when he planted the BBC flag over more channels and colonised new enterprises - more questions came. Was the BBC too commercial, too unfairly commercial? Greg was the first DG to understand fully the commercial world of the media - which is essential in today's spectrum. And was the BBC in its programme-making neglecting constituencies it ought to have nourished? There was purchase in all of these criticisms and I was one of those who expressed my anxieties overprogramming. It seemed that, in certain areas, there was not a fierce enough attempt to grasp the spirit of the charter. </p> <p>But the BBC is the sum of its programmes and looking at the size of the BBC and the range of its TV and radio programmes in the past week or two of Radio Times, tasting the quality and feeling the width, the overall reaction has to be that the BBC is in robust health. </p> <p>The speed of Greg's advances was like that of an army which simply bypasses some tough castles and needs to go back and sort them out later. But the wide front advance is there to be seen. </p> <p>Of course, there have been mistakes. As editor-in-chief - not a particularly meaningful job description nowadays, since he is completely in the hands of the intelligence that comes up to him - he took the rap for mistakes made in his name. He has never once whinged or done anything but ask that the bloodletting stop with him. </p> <p>The big questions will recur over the next few years. How can government be seen to put clear water between itself and the BBC again? How can the BBC be seen to demonstrate its independence? Above all, what is going to happen in our country to the unhappy, corrosive, even destructive relationship between the modern media and modern democracy? </p> <p>Greg was ready to address that. Once Hutton was out of the way, he intended to turn all his guns on charter renewal and harness the recent growth in the BBC's range, confidence and flair to that end. They'll have to do it without him now. He will be badly missed. </p> <p>Now he's back out in the jungle. What to many people could have seemed a defeat has appeared to be a personal victory for Greg, thanks to the responses inside and outside the BBC. </p> <p>What is he going to do next? I tremble to think.</p>",
      "newspaperPageNumber": "21",
      "wordcount": "1901",
      "commentable": "false",
      "isPremoderated": "false",
      "lastModified": "2004-02-01T01:06:00Z",
      "newspaperEditionDate": "2004-02-01T00:00:00Z",
      "productionOffice": "UK",
      "publication": "theguardian.com",
      "shortUrl": "https://gu.com/p/e46v",
      "shouldHideAdverts": "false",
      "showInRelatedContent": "true",
      "legallySensitive": "false",
      "lang": "en",
      "bodyText": "When Greg Dyke rang me last Wednesday evening, I was shaken by what he had to say. No exaggeration, shaken. 'Hold on. What did they say? What?' Maybe I ought to have been prepared for it. I was not. I was watching the news. 'They want to get rid of me,' Greg told me. He was horribly upset, reining in a justifiable fury and yet, as always, hard-minded enough to know that he had about 30 minutes to make a decision which could not only detonate his BBC career but also (though neither of us then had any inkling of the size of it) set off a reaction which could grievously wound the independent, self-confident and challenging-all-comers BBC which he had done so much to inspire in his four blazing years as its director-general. Of course, I was shaken. While the rest of us in the country were trying to weigh up the bombshell of the Hutton report, it seemed to me that the rudderless BBC governors had panicked. They wanted to make an ill-judged sacrifice of the man by far the best able to get the BBC through its crisis. We talked through the 30 minutes and when the time was up I said, 'What do you want to have done when you look back in six months time?' 'I think it's irreversible,' he said. 'I'll resign.' He offered his resignation immediately. To the shame of these governors, it was accepted. A great number of people wonder why it was not their resignations on the line. Gavyn Davies had been honourable and left. But that was not enough. Nor was Greg enough, as it turned out. The acting chairman of governors, Richard Ryder, went on TV to deliver an apology to the Government so abject and humiliating that some commentators believe it will damage the BBC's reputation worldwide for decades. The world now believes that the BBC has buckled, thanks to what appears to be a terrible mishandling of the Hutton report. The phone calls between Greg and myself went on until the early hours and began again in the morning before I went into the BBC to do a live Radio 4 programme, after which I joined him in his office. The BBC I met in the corridors and studios last Thursday morning was every bit as shaken (same word, no apologies) as I was. You just have to look at the effect it triggered. Three thousand BBC employees taking to the streets across the UK that afternoon in protest at the resignation of a chief executive. Totally unprecedented. BBC employees everywhere chipping in with their own money to take out expensive public advertisements in newspapers to protest. And everywhere, disbelief. We can't lose Greg. He is the BBC now, warts and all, and has made us proud to be part of a BBC that has guts and dynamism and makes mistakes, yes, but apologises and forges on to do the best work it can. Not Greg! What are they thinking about? His office seemed eerily normal. Coffee from the machine, quiet phone calls, a couple of people bringing in statements, which were redrafted, amended, cut, redrafted. Two or three senior executives came to see him. And, yes, there were tears, but not from Greg, who threw an arm around them, and not a word against any of those who had given him the, as he thought, absolutely secure intelligence which he'd taken to the governors with such certainty some months ago, intelligence which had provoked Davies in effect to declare war on the Government, intelligence which had now brought Greg down. Perhaps most remarkably, he was wholly himself: warm, unpompous, clear, abrasive, quick, funny. You could see why 'the whole fleet loved him'. The email machine broke down, perhaps under the pressure of supportive messages from within the organisation. More than 2,000 poured in. Finally, he braced himself and went down on to the street to take it on the chin. His career at the BBC was terminated. The press wanted the meat of it. He gave it to them throughout the day. He will recover. Will the BBC? Greg Dyke resigned from the BBC four years to the day after he joined it. He had become director-general after bitter attempts to block him. His political and financial support for the Labour Party was one weapon. He handed in his party card and made no more donations. In those years, the BBC gave the Government no special favours. They criticised his investments in commercial television. He sold these on the dates dictated to him by the BBC. He took the salary offered without negotiation, claimed no expenses and worked obsessively. His predecessor, John, now Lord, Birt, did not want him to succeed. And, of course, there was the underlying class and accent question, a 'not one of us' matter, which still, amazing as it seems, can surface with effect when all else fails. But all failed save Greg, who wanted to take on the greatest job in British broadcasting, second only to America in its world impact, and, arguably, competing successfully with its main rival on that biggest stage. He took it on because he wanted the toughest job in town. He also, from the first day, declared that the independence of the BBC was what he had to protect most fiercely. The BBC four years ago was widely resented and even, it can be said, hated by its own staff, many of whom were demoralised. Its virtues were still there, but it was widely agreed that the BBC needed to be refocused, re-energised and staked out to meet a whole, new broadcasting world. In his four years, Greg Dyke did that. Time will ravel up his achievements. The commentators now rightly concentrate on Hutton. But as a programme maker, a BBC contributor and, like millions of people in this country, a listener and viewer happy to be marked by the BBC brand of programming, here is some of what I think Greg achieved in four Olympic years. He gave the BBC a buoyant range, a fresh presence in Britain, a sense of fun, a 'let's take on the world' which galvanised the institution. He appeared to be the only broadcaster on the planet unafraid of Rupert Murdoch and ready to climb into the ring with him, as he did on several occasions, to defend or extend BBC interests. The Government was not given an inch. Overheads were slashed and the savings put into programmes. There were omissions and failings and, as we have seen in the Hutton process, mistakes, but this was now an organisation swept up to the full stretch of its unique potential. At LWT, where I worked with him first, he had turned a classic middle-sized TV company of about 1,000 people into a clan. Somehow, he transferred that to the diversely tribalised 25,000 employees of the BBC. He was their champion and, as we saw from that unique wake at his departure, they saw him as their chief. He has emerged as the most powerful creative executive broadcaster we've known in this country for decades. When ITV dumped the 10pm slot for news, Greg instantly grabbed it for the BBC. His hunch - against much evidence and criticism - was that the audience for his main evening bulletin on BBC1 would grow. It did. The speed with which he made the change was deliberate. He wanted to show the BBC and the public that this institution need no longer have the pace of an oil tanker entombed in memos. It could float like a butterfly. It has also stung like a bee. With Freeview, for instance. Digital terrestrial television had collapsed. Greg picked it up, turned it round and now Freeview is the fastest-growing consumer product in Britain. Again, it was his hunch, his intelligence, that if you offered viewers 25 channels free, they would go out and buy the equipment, especially if you could drive the price down. The bonuses for the BBC could be momentous. When Britain goes digital, all the BBC's radio and TV services will be carried on the one box. Already people with Freeview watch more BBC than those with Sky. Sky, of course, was furious with Greg. So he took it on again and broke Sky's monopoly on satellite. The BBC has forced through a level playing field there. And he went around the country, strengthening production from the regions, attempting to bring the whole of the BBC staff into a single corporate conversation, which seemed a bit mad to outsiders - 'making it happen'. In some ways, he was seen as too successful. When, for the first time, BBC1 overtook ITV in the ratings (even though the root cause was that ITV's audience had fallen more steeply than that of BBC1, which was also falling), concerns were raised. Was the BBC dumbing down? And when he planted the BBC flag over more channels and colonised new enterprises - more questions came. Was the BBC too commercial, too unfairly commercial? Greg was the first DG to understand fully the commercial world of the media - which is essential in today's spectrum. And was the BBC in its programme-making neglecting constituencies it ought to have nourished? There was purchase in all of these criticisms and I was one of those who expressed my anxieties overprogramming. It seemed that, in certain areas, there was not a fierce enough attempt to grasp the spirit of the charter. But the BBC is the sum of its programmes and looking at the size of the BBC and the range of its TV and radio programmes in the past week or two of Radio Times, tasting the quality and feeling the width, the overall reaction has to be that the BBC is in robust health. The speed of Greg's advances was like that of an army which simply bypasses some tough castles and needs to go back and sort them out later. But the wide front advance is there to be seen. Of course, there have been mistakes. As editor-in-chief - not a particularly meaningful job description nowadays, since he is completely in the hands of the intelligence that comes up to him - he took the rap for mistakes made in his name. He has never once whinged or done anything but ask that the bloodletting stop with him. The big questions will recur over the next few years. How can government be seen to put clear water between itself and the BBC again? How can the BBC be seen to demonstrate its independence? Above all, what is going to happen in our country to the unhappy, corrosive, even destructive relationship between the modern media and modern democracy? Greg was ready to address that. Once Hutton was out of the way, he intended to turn all his guns on charter renewal and harness the recent growth in the BBC's range, confidence and flair to that end. They'll have to do it without him now. He will be badly missed. Now he's back out in the jungle. What to many people could have seemed a defeat has appeared to be a personal victory for Greg, thanks to the responses inside and outside the BBC. What is he going to do next? I tremble to think.",
      "charCount": "10572"
    },
    "isHosted": false,
    "pillarId": "pillar/news",
    "pillarName": "News"
  },
  {
    "id": "theobserver/2004/feb/01/features.review17",
    "type": "article",
    "sectionId": "theobserver",
    "sectionName": "From the Observer",
    "webPublicationDate": "2004-02-01T00:50:42Z",
    "webTitle": "Polly Vernon: I'm cheap but a cultural pioneer",
    "webUrl": "https://www.theguardian.com/theobserver/2004/feb/01/features.review17",
    "apiUrl": "https://content.guardianapis.com/theobserver/2004/feb/01/features.review17",
    "fields": {
      "headline": "I might be cheap but at least I'm a cultural pioneer",
      "trailText": "<p><strong>Polly Vernon: </strong>Give me any wine list and I'll pick the second cheapest dry white. Every time. Guaranteed. </p>",
      "byline": "Polly Vernon",
      "main": "",
      "body": "<p>Give me any wine list and I'll pick the second cheapest dry white. Every time. Guaranteed. Regardless of how hard I try to resist. I suffer from wine-list selective-blindness. I physically can't see anything but that second-cheapest bottle. So I'll sit, generally in the cosy-yet-smartly-styled environs of a gastro pub, with sun-dried tomato bread and olive oil to my left, and the menu to my right, and sweat, gently, in my efforts to avoid the inevitable. </p> <p>My waiter, who will undoubtedly have been waiting a touch too long by this point, will get increasingly impatient. He could spot me a mile off, knew it the moment I took my seat. Look at her, Mrs One Up From House over there, with all her One Up From Housey mates. </p> <p>One Up From House is me all over. I order it because I don't want to seem cheap, but, equally, don't want to seem ostentatious; because I know nothing about wine but I'd like people to know at least that I know it's important and not merely a highway to drunken oblivion; and because it is a manageable, gentle extravagance. </p> <p>I know I'm not alone. Ordering One Up From House is the defining activity of an entire social subculture. An entire class. My class. We're all about what we buy, what we're prepared to pay for. We understand the high life, but are slightly too broke, or too high-minded and guilty, or too lower middle class and tight-fisted, or too terrified of being perceived as footballer's wife-flash to dare embrace it properly. </p> <p>So we opt for little, superficial, regular hits of consumer decadence and leave it at that. We are luxury-lite. We also like premium vodkas, but save them for 'best'. We insist that Cava tastes much better than champagne, then enjoy feeling superior around those who think it's just a cheaper option, when, in fact, that's precisely what it is. Or that's precisely why we buy it, at least. </p> <p>But One Up From House is not only about the booze we consume. Consider my Weekend First habit, the 10-quid upgrade I regularly get on the Apex supersaver ticket I buy two weeks in advance of my travel date. The pre-packaged Finest Food ranges I buy most evenings, with a little frisson at the decadence of it all, from my nearest Tesco Metro store (a supermarket concept which, incidentally, was tailor-developed for the OUFH market - a little bit hipper than, and not quite as pricey as, M&amp;S or Waitrose.) </p> <p>The shaky, low-rent easyJet flights I take to European destinations, so that I can spend long weekends in fancy hotels (providing I eat exclusively at local tapas bars, because they're both the authentic and the frugal alternative to room service). The award-winning hardback books I'll only ever buy three-for-two from Waterstone's. The way I get the hairdresser one 'down' from the topmost style director at my nearest Toni &amp; Guy. The \u00a310 tickets I buy for the National Theatre, the \u00a315 menus I take advantage of in Conran restaurants. Oh, and if I hadn't already got cut-price corporate membership to one of Holmes Place's flagship gyms, I'd be time-sharing a personal trainer with two of my best friends. </p> <p>Unsurprisingly, we are aggressively marketed to, us One Up From Housers. Pr\u00eat \u00e0 Manger, Paperchase, French Connection cashmere, takeaway sushi. Boutique B&amp;Bs (so hip and individual and independent and, well, cheap when you compare them to luxury corporate joints), eggs Benedicty brunches at fashionable gastro pubs rather than dinner at the Ivy, the whole notion of designer diffusion, of Dolce &amp; Gabbana's D&amp;G, Marc Jacobs's Marc by Marc Jacobs, and of associated heavily branded handbag and footwear ranges, with entry level price points. </p> <p>I'm not proud to be One Up From House, not exactly a noble or grittily 'real' social categorisation. It doesn't even have the virtue of being mindlessly, offensively posh. On a recent foray to New York (blagged upgrade to Virgin's Premium Economy, good deal on a Schrager hotel via expedia.com, brilliant exchange rate), I watched jealously while the poshest person I know unapologetically ordered a bottle of wine called, simply, Cheap in a very hip bar. How original and devil-may-care! I could never do that. </p> <p>But I also believe that One Up From House is the future. Anything that driven by a heady combination of economic potential and unadulterated pretension has to have legs. Which makes me a cultural pioneer, of sorts. Anyone care to join me in a glass of mediocre vintage Sauvignon Blanc?</p>",
      "newspaperPageNumber": "4",
      "wordcount": "761",
      "commentable": "false",
      "isPremoderated": "false",
      "lastModified": "2004-02-01T00:50:42Z",
      "newspaperEditionDate": "2004-02-01T00:00:00Z",
      "productionOffice": "UK",
      "publication": "The Observer",
      "shortUrl": "https://gu.com/p/xdjjf",
      "shouldHideAdverts": "false",
      "showInRelatedContent": "true",
      "legallySensitive": "false",
      "lang": "en",
      "bodyText": "Give me any wine list and I'll pick the second cheapest dry white. Every time. Guaranteed. Regardless of how hard I try to resist. I suffer from wine-list selective-blindness. I physically can't see anything but that second-cheapest bottle. So I'll sit, generally in the cosy-yet-smartly-styled environs of a gastro pub, with sun-dried tomato bread and olive oil to my left, and the menu to my right, and sweat, gently, in my efforts to avoid the inevitable. My waiter, who will undoubtedly have been waiting a touch too long by this point, will get increasingly impatient. He could spot me a mile off, knew it the moment I took my seat. Look at her, Mrs One Up From House over there, with all her One Up From Housey mates. One Up From House is me all over. I order it because I don't want to seem cheap, but, equally, don't want to seem ostentatious; because I know nothing about wine but I'd like people to know at least that I know it's important and not merely a highway to drunken oblivion; and because it is a manageable, gentle extravagance. I know I'm not alone. Ordering One Up From House is the defining activity of an entire social subculture. An entire class. My class. We're all about what we buy, what we're prepared to pay for. We understand the high life, but are slightly too broke, or too high-minded and guilty, or too lower middle class and tight-fisted, or too terrified of being perceived as footballer's wife-flash to dare embrace it properly. So we opt for little, superficial, regular hits of consumer decadence and leave it at that. We are luxury-lite. We also like premium vodkas, but save them for 'best'. We insist that Cava tastes much better than champagne, then enjoy feeling superior around those who think it's just a cheaper option, when, in fact, that's precisely what it is. Or that's precisely why we buy it, at least. But One Up From House is not only about the booze we consume. Consider my Weekend First habit, the 10-quid upgrade I regularly get on the Apex supersaver ticket I buy two weeks in advance of my travel date. The pre-packaged Finest Food ranges I buy most evenings, with a little frisson at the decadence of it all, from my nearest Tesco Metro store (a supermarket concept which, incidentally, was tailor-developed for the OUFH market - a little bit hipper than, and not quite as pricey as, M&amp;S or Waitrose.) The shaky, low-rent easyJet flights I take to European destinations, so that I can spend long weekends in fancy hotels (providing I eat exclusively at local tapas bars, because they're both the authentic and the frugal alternative to room service). The award-winning hardback books I'll only ever buy three-for-two from Waterstone's. The way I get the hairdresser one 'down' from the topmost style director at my nearest Toni &amp; Guy. The \u00a310 tickets I buy for the National Theatre, the \u00a315 menus I take advantage of in Conran restaurants. Oh, and if I hadn't already got cut-price corporate membership to one of Holmes Place's flagship gyms, I'd be time-sharing a personal trainer with two of my best friends. Unsurprisingly, we are aggressively marketed to, us One Up From Housers. Pr\u00eat \u00e0 Manger, Paperchase, French Connection cashmere, takeaway sushi. Boutique B&amp;Bs (so hip and individual and independent and, well, cheap when you compare them to luxury corporate joints), eggs Benedicty brunches at fashionable gastro pubs rather than dinner at the Ivy, the whole notion of designer diffusion, of Dolce &amp; Gabbana's D&amp;G, Marc Jacobs's Marc by Marc Jacobs, and of associated heavily branded handbag and footwear ranges, with entry level price points. I'm not proud to be One Up From House, not exactly a noble or grittily 'real' social categorisation. It doesn't even have the virtue of being mindlessly, offensively posh. On a recent foray to New York (blagged upgrade to Virgin's Premium Economy, good deal on a Schrager hotel via expedia.com, brilliant exchange rate), I watched jealously while the poshest person I know unapologetically ordered a bottle of wine called, simply, Cheap in a very hip bar. How original and devil-may-care! I could never do that. But I also believe that One Up From House is the future. Anything that driven by a heady combination of economic potential and unadulterated pretension has to have legs. Which makes me a cultural pioneer, of sorts. Anyone care to join me in a glass of mediocre vintage Sauvignon Blanc?",
      "charCount": "4432"
    },
    "isHosted": false,
    "pillarId": "pillar/news",
    "pillarName": "News"
  },
  {
    "id": "business/2004/feb/01/oilandpetrol.russia",
    "type": "article",
    "sectionId": "business",
    "sectionName": "Business",
    "webPublicationDate": "2004-02-01T00:49:40Z",
    "webTitle": "Abramovich faces legal threat from Yukos over broken deal",
    "webUrl": "https://www.theguardian.com/business/2004/feb/01/oilandpetrol.russia",
    "apiUrl": "https://content.guardianapis.com/business/2004/feb/01/oilandpetrol.russia",
    "fields": {
      "headline": "Abramovich faces legal threat from Yukos over broken deal",
      "trailText": "<p>Yukos, the beleaguered Russian oil company, is contemplating legal action against Roman Abramovich after the Chelsea football club owner allegedly blocked its merger with rival Sibneft. </p>",
      "byline": "Conal Walsh",
      "main": "",
      "body": "<p>Yukos, the beleaguered Russian oil company, is contemplating legal action against Roman Abramovich after the Chelsea football club owner allegedly blocked its merger with rival Sibneft. </p> <p>Abramovich, who is Sibneft's biggest shareholder, could be liable for millions of dollars in compensation for reversing the half-completed deal at the eleventh hour, claim sources close to Yukos. </p> <p>The company says Sibneft's withdrawal in December is unlawful and is pressing for the merger to be implemented. One source said: 'Abramovich is interfering with the management of Sibneft, a company that, as far as we are concerned, is now a subsidiary of Yukos. </p> <p>'His actions have also damaged confidence in the Yukos brand and affected its share price. Yukos will take every step to resolve this through negotiation, but if that fails, judicial steps will be taken against Abramovich and Sibneft.' </p> <p>The planned merger was blocked after Mikhail Khodorkovsky, Yukos's former chief executive, was dramatically arrested on fraud charges, sending the company's shares into a tailspin. </p> <p>Yesterday, a spokesman for Abramovich declined to comment on the threat of legal action, but said: 'The core shareholders of Yukos and Sibneft agreed to undo the merger. Whatever the Yukos managers say, it is what the core shareholders want that is important.' </p> <p>The Chelsea tycoon is facing an official probe into his governorship of Russia's Chukotka province, although he has not been accused of wrongdoing.</p>",
      "newspaperPageNumber": "2",
      "wordcount": "230",
      "commentable": "false",
      "isPremoderated": "false",
      "lastModified": "2017-04-12T15:12:16Z",
      "newspaperEditionDate": "2004-02-01T00:00:00Z",
      "productionOffice": "UK",
      "publication": "The Observer",
      "shortUrl": "https://gu.com/p/7c6g",
      "shouldHideAdverts": "false",
      "showInRelatedContent": "true",
      "legallySensitive": "false",
      "lang": "en",
      "bodyText": "Yukos, the beleaguered Russian oil company, is contemplating legal action against Roman Abramovich after the Chelsea football club owner allegedly blocked its merger with rival Sibneft. Abramovich, who is Sibneft's biggest shareholder, could be liable for millions of dollars in compensation for reversing the half-completed deal at the eleventh hour, claim sources close to Yukos. The company says Sibneft's withdrawal in December is unlawful and is pressing for the merger to be implemented. One source said: 'Abramovich is interfering with the management of Sibneft, a company that, as far as we are concerned, is now a subsidiary of Yukos. 'His actions have also damaged confidence in the Yukos brand and affected its share price. Yukos will take every step to resolve this through negotiation, but if that fails, judicial steps will be taken against Abramovich and Sibneft.' The planned merger was blocked after Mikhail Khodorkovsky, Yukos's former chief executive, was dramatically arrested on fraud charges, sending the company's shares into a tailspin. Yesterday, a spokesman for Abramovich declined to comment on the threat of legal action, but said: 'The core shareholders of Yukos and Sibneft agreed to undo the merger. Whatever the Yukos managers say, it is what the core shareholders want that is important.' The Chelsea tycoon is facing an official probe into his governorship of Russia's Chukotka province, although he has not been accused of wrongdoing.",
      "charCount": "1469"
    },
    "isHosted": false,
    "pillarId": "pillar/news",
    "pillarName": "News"
  }
]