[
  {
    "id": "business/2004/jul/10/media",
    "type": "article",
    "sectionId": "business",
    "sectionName": "Business",
    "webPublicationDate": "2004-07-09T23:03:51Z",
    "webTitle": "Turbulent start for M&C Saatchi float",
    "webUrl": "https://www.theguardian.com/business/2004/jul/10/media",
    "apiUrl": "https://content.guardianapis.com/business/2004/jul/10/media",
    "fields": {
      "headline": "Turbulent start for M&C Saatchi float",
      "trailText": "<p>The Saatchi brothers' advertising agency was forced to reduce the price of its stock market flotation yesterday after a morning which saw the share offering postponed then go ahead hours later. </p>",
      "byline": "Dan Milmo, media business correspondent",
      "main": "",
      "body": "<p>The Saatchi brothers' advertising agency was forced to reduce the price of its stock market flotation yesterday after a morning which saw the share offering postponed then go ahead hours later. </p> <p>Shares in M&amp;C Saatchi, co-founded by Lord (Maurice) and Charles Saatchi, were due to start trading yesterday morning but the London Stock Exchange said in a statement that dealing had been \"postponed until further notice\". </p> <p>\"The issuer's advisers have notified the London Stock Exchange that M&amp;C Saatchi has postponed its proposed offering of ordinary shares,\" the LSE said. </p> <p>The agency appeared to pull the float after a mystery businessman issued a legal threat against the firm. It is understood that the dispute relates to preliminary discussions over merging M&amp;C Saatchi's UK sponsorship arm with another business. Because outstanding legal claims must be in a share prospectus, conditional trading in the shares yesterday morning was delayed while M&amp;C Saatchi's representatives toured City institutions. </p> <p>Hours later the float was back on, but at a reduced price to the one touted to banks and fund managers last week. M&amp;C Saatchi said it would float its shares at 125p each, a sharp reduction from the 143p to 164p it offered investors last week. </p> <p>One analyst, who declined to be named, said institutions were struggling to digest a glut of initial public offerings this year, particularly on AIM, where M&amp;C Saatchi is floating. </p> <p>\"There are a lot of IPOs every day at the moment so you have to be pretty special to get it away at a decent price. Saatchi was interesting but it was nothing more than that,\" said the analyst. </p> <p>M&amp;C Saatchi declined to comment on the price cut but sources close to the firm said shares in advertising group WPP, the benchmark for the sector, had fallen 9% since last week and the new Saatchi price was in line with that slip. It means the agency will have a stock market capitalisation of \u00a368m, compared with the \u00a376m-\u00a386m under the previous price range. </p> <p>Institutions holding M&amp;C Saatchi shares started trading the stock yesterday but public trading will start on Wednesday as planned. Yesterday the shares closed at 128.5p. </p> <p>The drop in the float price also cut the windfall that the Saatchi brothers were expecting. Five founding directors of the firm, who include Charles and Lord Saatchi, will net about \u00a33m each after selling down 40% of their 80% holding. The brothers would have made more than \u00a34m each if the float had gone ahead at the higher price band. </p> <p>M&amp;C Saatchi was founded in 1995 after shareholders forced the brothers out of their original firm, Saatchi &amp; Saatchi. </p> <p>The company, whose clients include British Airways and Dixons, will use the estimated \u00a37m from the sale to expand the business in mainland Europe and Asia. Target countries include France, Germany, Italy, China and South Korea.</p>",
      "newspaperPageNumber": "31",
      "wordcount": "493",
      "commentable": "false",
      "isPremoderated": "false",
      "lastModified": "2016-08-11T20:44:50Z",
      "newspaperEditionDate": "2004-07-10T00:00:00Z",
      "productionOffice": "UK",
      "publication": "theguardian.com",
      "shortUrl": "https://gu.com/p/7qht",
      "shouldHideAdverts": "false",
      "showInRelatedContent": "true",
      "legallySensitive": "false",
      "lang": "en",
      "bodyText": "The Saatchi brothers' advertising agency was forced to reduce the price of its stock market flotation yesterday after a morning which saw the share offering postponed then go ahead hours later. Shares in M&amp;C Saatchi, co-founded by Lord (Maurice) and Charles Saatchi, were due to start trading yesterday morning but the London Stock Exchange said in a statement that dealing had been \"postponed until further notice\". \"The issuer's advisers have notified the London Stock Exchange that M&amp;C Saatchi has postponed its proposed offering of ordinary shares,\" the LSE said. The agency appeared to pull the float after a mystery businessman issued a legal threat against the firm. It is understood that the dispute relates to preliminary discussions over merging M&amp;C Saatchi's UK sponsorship arm with another business. Because outstanding legal claims must be in a share prospectus, conditional trading in the shares yesterday morning was delayed while M&amp;C Saatchi's representatives toured City institutions. Hours later the float was back on, but at a reduced price to the one touted to banks and fund managers last week. M&amp;C Saatchi said it would float its shares at 125p each, a sharp reduction from the 143p to 164p it offered investors last week. One analyst, who declined to be named, said institutions were struggling to digest a glut of initial public offerings this year, particularly on AIM, where M&amp;C Saatchi is floating. \"There are a lot of IPOs every day at the moment so you have to be pretty special to get it away at a decent price. Saatchi was interesting but it was nothing more than that,\" said the analyst. M&amp;C Saatchi declined to comment on the price cut but sources close to the firm said shares in advertising group WPP, the benchmark for the sector, had fallen 9% since last week and the new Saatchi price was in line with that slip. It means the agency will have a stock market capitalisation of \u00a368m, compared with the \u00a376m-\u00a386m under the previous price range. Institutions holding M&amp;C Saatchi shares started trading the stock yesterday but public trading will start on Wednesday as planned. Yesterday the shares closed at 128.5p. The drop in the float price also cut the windfall that the Saatchi brothers were expecting. Five founding directors of the firm, who include Charles and Lord Saatchi, will net about \u00a33m each after selling down 40% of their 80% holding. The brothers would have made more than \u00a34m each if the float had gone ahead at the higher price band. M&amp;C Saatchi was founded in 1995 after shareholders forced the brothers out of their original firm, Saatchi &amp; Saatchi. The company, whose clients include British Airways and Dixons, will use the estimated \u00a37m from the sale to expand the business in mainland Europe and Asia. Target countries include France, Germany, Italy, China and South Korea.",
      "charCount": "2873"
    },
    "isHosted": false,
    "pillarId": "pillar/news",
    "pillarName": "News"
  },
  {
    "id": "business/2004/jul/10/2",
    "type": "article",
    "sectionId": "business",
    "sectionName": "Business",
    "webPublicationDate": "2004-07-09T23:02:54Z",
    "webTitle": "Market forces",
    "webUrl": "https://www.theguardian.com/business/2004/jul/10/2",
    "apiUrl": "https://content.guardianapis.com/business/2004/jul/10/2",
    "fields": {
      "headline": "Slack demand puts skids under Tomkins",
      "trailText": "<p><strong>Market forces: </strong>Motor parts specialist Tomkins sank to a six-week low yesterday on fears that US carmakers will start to cut back production during the third quarter in response to slowing demand.</p>",
      "byline": "Neil Hume",
      "main": "",
      "body": "<p>Motor parts specialist <strong>Tomkins</strong> sank to a six-week low yesterday on fears that US carmakers will start to cut back production during the third quarter in response to slowing demand. </p> <p>According to German bank Dresdner Kleinwort Wasserstein, inventories in the car industry are rising fast. Analyst Nick Wilson notes that in June US stock levels stood at 90 days - 15% above the industry average - and that the big motor manufacturers are resorting to cash and financing incentives to shift units. </p> <p>\"Volkswagen for the first time is offering 0% financing in the US, matching the ongoing offer from the big three domestic producers,\" Mr Wilson said. The Dresdner analyst has lowered his rating on Tomkins to \"reduce\" from \"hold\" and has dropped his target price on rival parts maker <strong> GKN </strong> from 240p to 215p. </p> <p>Tomkins, which generates 70% of its sales in the US, fell 5p to 255p, while GKN lost 3.25p to 234p. </p> <p>In the wider market, leading shares edged higher. Lifted by a bright opening on Wall Street, after General Electric posted forecast-beating second-quarter figures, and strength in the oil sector as the crude price remained above $40 a barrel, the <strong> FTSE 100</strong> closed the session 12.1 points higher at 4,393.3. However, over the week the benchmark index lost 14 points. </p> <p>Elsewhere, the <strong>FTSE 250</strong> was restricted to a gain of just 2.4 points to 6,090.6 after the telecoms sector was marked lower in the wake of a profits warning from <strong> Thus </strong>, down 4.25p to 18.5p. The <strong>FTSE Small Cap</strong> index gained 0.3 points to 2,534. </p> <p>In the bond market, gilts closed lower, unsettled by stronger than expected US wholesale inventory figures. The benchmark 10-year gilt closed around 99.660, yielding 5.042%. </p> <p><strong>Alliance Unichem</strong>, the pharmacies operator and drug wholesaler, was the day's top performer. Its shares gained 35p, or 5.3%, to 690p - an all-time high - lifted by institutional buying. \"In this kind of market fund managers are looking for companies like Unichem which are defensive and have pricing power,\" one senior market man said. </p> <p>Such thinking was said to be behind buying of <strong> Centrica </strong>, up 5.25p at 241.25p, and <strong> Imperial Tobacco </strong>, 21p stronger at \u00a312.04. </p> <p>Another high flyer was <strong> GUS </strong>, the owner of Argos and Homebase. It rose 16p to 832p after heavyweight broker Merrill Lynch advised clients to take advantage of recent weakness to pick up stock. </p> <p>The US broker reckons there have been some feeble excuses for taking profits in GUS over the past couple of weeks and believes the company will start buying back shares once it has reported first quarter figures on July 21. </p> <p>On the downside, publishing group <strong> Pearson</strong> fell 12p to 628p, unsettled by the weak dollar and news that broker <strong> Collins Stewart </strong>, off 1.5p at 376p, is claiming up to \u00a3240m in its libel case with the company's Financial Times newspaper. </p> <p> <strong> Shire Pharmaceuticals </strong> dipped 6.5p to 467.5p after WestLB restarted coverage on the stock with an \"underperform\" recommendation. \"Shire faces the difficult task of proving its business model can still work and create value under the threat of Adderall XR sales being lost in 2006,\" the German broker argued. </p> <p>Elsewhere in the sector, <strong> AstraZeneca </strong>, Europe's second biggest drugs maker, ended the week on a miserable note with its shares slipping a further 49p to \u00a323.66 - a 52-week low. </p> <p>On Wednesday, ABN Amro downgraded its rating on AZ, citing fears that Exanta, its anti-blood clot treatment, will not be approved by US regulators until the middle of next year. </p> <p>Lower down the market, East Anglian brewer <strong> Greene King</strong> was the FTSE 250's top dog, rising 61.5p to \u00a311.22 as its \u00a3654m acquisition of 432 neighbourhood pubs from privately owned Laurel received a rapturous welcome from City analysts. </p> <p>Interdealer broker <strong> Icap</strong> was also in demand after Merrill Lynch claimed concerns over slowing revenue growth, which has weighed on the company's share price over the past few weeks, had been overdone. Its shares, 270p at the end of last month, finished 3.25p higher at 250.25p. </p> <p> <strong> TBI </strong>, the operator of Luton and Cardiff airports, eased 0.5p to 64.5p despite talk that its biggest shareholder, Vinci, is poised to sell more stock to activist investor JO Hambro Capital Management. On Thursday, Vinci offloaded 22m shares to JO Hambro. </p> <p>Among the small caps, <strong> 4Imprint </strong>, the direct marketing specialist, jumped 15.5p, or 12%, to 144p, after announcing that all of its US businesses had made a profit in the first half of the year. However, that news did not prevent outgoing chairman Edward Bramson from disposing of 250,000 shares at 140p each. </p> <p>Discount clothing retailer <strong> Peacock</strong> eased 4.5p to 249p amid talk that next week's trading update will not trigger any earnings upgrades. Vague bid speculation helped gambling group <strong> Wembley </strong> gain 46p to 610p. </p> <p> <strong> Jarvis </strong> rose 5.75p to 34p. After the market closed US hedge fund K Capital Partners announced it had increased its stake to 25.15%, following the purchase of 4m shares. </p> <p>On AIM, <strong> Avanti Screen Media </strong>, the provider of in-store television services to retailers, made a solid market debut. Placed at 130p following a \u00a33m fundraising, its shares closed at 133.5p.</p>",
      "newspaperPageNumber": "33",
      "wordcount": "882",
      "commentable": "false",
      "isPremoderated": "false",
      "lastModified": "2004-07-09T23:02:54Z",
      "newspaperEditionDate": "2004-07-10T00:00:00Z",
      "productionOffice": "UK",
      "publication": "theguardian.com",
      "shortUrl": "https://gu.com/p/7qhk",
      "shouldHideAdverts": "false",
      "showInRelatedContent": "true",
      "legallySensitive": "false",
      "lang": "en",
      "bodyText": "Motor parts specialist Tomkins sank to a six-week low yesterday on fears that US carmakers will start to cut back production during the third quarter in response to slowing demand. According to German bank Dresdner Kleinwort Wasserstein, inventories in the car industry are rising fast. Analyst Nick Wilson notes that in June US stock levels stood at 90 days - 15% above the industry average - and that the big motor manufacturers are resorting to cash and financing incentives to shift units. \"Volkswagen for the first time is offering 0% financing in the US, matching the ongoing offer from the big three domestic producers,\" Mr Wilson said. The Dresdner analyst has lowered his rating on Tomkins to \"reduce\" from \"hold\" and has dropped his target price on rival parts maker GKN from 240p to 215p. Tomkins, which generates 70% of its sales in the US, fell 5p to 255p, while GKN lost 3.25p to 234p. In the wider market, leading shares edged higher. Lifted by a bright opening on Wall Street, after General Electric posted forecast-beating second-quarter figures, and strength in the oil sector as the crude price remained above $40 a barrel, the FTSE 100 closed the session 12.1 points higher at 4,393.3. However, over the week the benchmark index lost 14 points. Elsewhere, the FTSE 250 was restricted to a gain of just 2.4 points to 6,090.6 after the telecoms sector was marked lower in the wake of a profits warning from Thus , down 4.25p to 18.5p. The FTSE Small Cap index gained 0.3 points to 2,534. In the bond market, gilts closed lower, unsettled by stronger than expected US wholesale inventory figures. The benchmark 10-year gilt closed around 99.660, yielding 5.042%. Alliance Unichem, the pharmacies operator and drug wholesaler, was the day's top performer. Its shares gained 35p, or 5.3%, to 690p - an all-time high - lifted by institutional buying. \"In this kind of market fund managers are looking for companies like Unichem which are defensive and have pricing power,\" one senior market man said. Such thinking was said to be behind buying of Centrica , up 5.25p at 241.25p, and Imperial Tobacco , 21p stronger at \u00a312.04. Another high flyer was GUS , the owner of Argos and Homebase. It rose 16p to 832p after heavyweight broker Merrill Lynch advised clients to take advantage of recent weakness to pick up stock. The US broker reckons there have been some feeble excuses for taking profits in GUS over the past couple of weeks and believes the company will start buying back shares once it has reported first quarter figures on July 21. On the downside, publishing group Pearson fell 12p to 628p, unsettled by the weak dollar and news that broker Collins Stewart , off 1.5p at 376p, is claiming up to \u00a3240m in its libel case with the company's Financial Times newspaper. Shire Pharmaceuticals dipped 6.5p to 467.5p after WestLB restarted coverage on the stock with an \"underperform\" recommendation. \"Shire faces the difficult task of proving its business model can still work and create value under the threat of Adderall XR sales being lost in 2006,\" the German broker argued. Elsewhere in the sector, AstraZeneca , Europe's second biggest drugs maker, ended the week on a miserable note with its shares slipping a further 49p to \u00a323.66 - a 52-week low. On Wednesday, ABN Amro downgraded its rating on AZ, citing fears that Exanta, its anti-blood clot treatment, will not be approved by US regulators until the middle of next year. Lower down the market, East Anglian brewer Greene King was the FTSE 250's top dog, rising 61.5p to \u00a311.22 as its \u00a3654m acquisition of 432 neighbourhood pubs from privately owned Laurel received a rapturous welcome from City analysts. Interdealer broker Icap was also in demand after Merrill Lynch claimed concerns over slowing revenue growth, which has weighed on the company's share price over the past few weeks, had been overdone. Its shares, 270p at the end of last month, finished 3.25p higher at 250.25p. TBI , the operator of Luton and Cardiff airports, eased 0.5p to 64.5p despite talk that its biggest shareholder, Vinci, is poised to sell more stock to activist investor JO Hambro Capital Management. On Thursday, Vinci offloaded 22m shares to JO Hambro. Among the small caps, 4Imprint , the direct marketing specialist, jumped 15.5p, or 12%, to 144p, after announcing that all of its US businesses had made a profit in the first half of the year. However, that news did not prevent outgoing chairman Edward Bramson from disposing of 250,000 shares at 140p each. Discount clothing retailer Peacock eased 4.5p to 249p amid talk that next week's trading update will not trigger any earnings upgrades. Vague bid speculation helped gambling group Wembley gain 46p to 610p. Jarvis rose 5.75p to 34p. After the market closed US hedge fund K Capital Partners announced it had increased its stake to 25.15%, following the purchase of 4m shares. On AIM, Avanti Screen Media , the provider of in-store television services to retailers, made a solid market debut. Placed at 130p following a \u00a33m fundraising, its shares closed at 133.5p.",
      "charCount": "5087"
    },
    "isHosted": false,
    "pillarId": "pillar/news",
    "pillarName": "News"
  },
  {
    "id": "business/2004/jul/09/houseprices.money",
    "type": "article",
    "sectionId": "business",
    "sectionName": "Business",
    "webPublicationDate": "2004-07-09T11:05:26Z",
    "webTitle": "Welsh house price inflation levels",
    "webUrl": "https://www.theguardian.com/business/2004/jul/09/houseprices.money",
    "apiUrl": "https://content.guardianapis.com/business/2004/jul/09/houseprices.money",
    "fields": {
      "headline": "Welsh house price inflation levels",
      "trailText": "<p>Soaring house price inflation in Wales has begun to level, figures published today suggest. </p>",
      "byline": "Sandra Haurant",
      "main": "",
      "body": "<p>Soaring house price inflation in Wales has begun to level, figures published today suggest. </p> <p>According to the Welsh building society Principality, property prices in Wales rose by 32% over the year leading to June, slightly slower than the 32.2% increase seen in March. </p> <p>The average house in Wales has increased in value from around \u00a391,119 to \u00a3120,277 over the last twelve years. </p> <p>Prices have increased the most in North Wales, where the price of the average house rose from almost \u00a381,921 to \u00a3109,037. South-east Wales saw the lowest increase, but here prices still rose by 26.4%, from \u00a3102,579 to \u00a3129,659.</p> <p>While the figures suggest inflation is reaching a plateau, certain areas in Wales have experienced rocketing prices. In Bangor and Swansea prices have increased by around 40% over the last year, while in Newport and Wrexham the increase is around 37%.</p>",
      "wordcount": "149",
      "commentable": "false",
      "isPremoderated": "false",
      "lastModified": "2017-09-20T21:46:32Z",
      "newspaperEditionDate": "2004-07-09T00:00:00Z",
      "productionOffice": "UK",
      "publication": "theguardian.com",
      "shortUrl": "https://gu.com/p/7qf6",
      "shouldHideAdverts": "false",
      "showInRelatedContent": "true",
      "legallySensitive": "false",
      "lang": "en",
      "bodyText": "Soaring house price inflation in Wales has begun to level, figures published today suggest. According to the Welsh building society Principality, property prices in Wales rose by 32% over the year leading to June, slightly slower than the 32.2% increase seen in March. The average house in Wales has increased in value from around \u00a391,119 to \u00a3120,277 over the last twelve years. Prices have increased the most in North Wales, where the price of the average house rose from almost \u00a381,921 to \u00a3109,037. South-east Wales saw the lowest increase, but here prices still rose by 26.4%, from \u00a3102,579 to \u00a3129,659. While the figures suggest inflation is reaching a plateau, certain areas in Wales have experienced rocketing prices. In Bangor and Swansea prices have increased by around 40% over the last year, while in Newport and Wrexham the increase is around 37%.",
      "charCount": "858"
    },
    "isHosted": false,
    "pillarId": "pillar/news",
    "pillarName": "News"
  },
  {
    "id": "business/2004/jul/09/russia.politics",
    "type": "article",
    "sectionId": "business",
    "sectionName": "Business",
    "webPublicationDate": "2004-07-09T10:18:15Z",
    "webTitle": "Lord Owen flies to Yukos defence",
    "webUrl": "https://www.theguardian.com/business/2004/jul/09/russia.politics",
    "apiUrl": "https://content.guardianapis.com/business/2004/jul/09/russia.politics",
    "fields": {
      "headline": "Lord Owen flies to Yukos defence",
      "standfirst": "Balkans trouble-shooter says oil group's fate could go either way",
      "trailText": "<p>Balkans trouble-shooter says oil group's fate could go either way.</p>",
      "byline": "Terry Macalister and Carolynne Wheeler in Moscow",
      "main": "",
      "body": "<p>Lord Owen, the former British foreign secretary and Balkans peace negotiator, has been drafted in to give advice to the board of troubled oil group Yukos in its clash with the Russian government. </p> <p>Lord Owen has been chairman of Yukos's international arm in London for two years but is now helping the main board in Moscow as it fights to stave off bankruptcy.</p> <p>Revelations about his involvement surfaced as the deadline for paying $3.4bn (\u00a31.8bn) in back tax for the year 2000 expired on Wednesday night but no action was taken by the justice department.</p> <p>Lord Owen told the Guardian last night that the situation facing Yukos \"could go either way\". Asked whether he had raised the issue directly with Russian president Vladimir Putin he answered: \"I just don't want to say. It's better to rely on private discussions.\"</p> <p>He believed a positive solution to the Yukos problem was not only a matter for the company's employees but for the Russian economy generally.</p> <p>\"He is offering counsel and they [the board] are talking together. This is all being done in a quiet way,\" said a Yukos spokeswoman yesterday.</p> <p>Lord Owen was first appointed to the international arm of Yukos in March 2002 to focus on negotiations with European governments and potential partners to help the group expand outside Russia.</p> <p>Last year Yukos's then chief executive, Mikhail Khodorkovsky, made Lord Owen his special adviser. Mr Khodorkovsky was jailed in October and is now standing trial on charges of fraud and tax evasion.</p> <p>Lord Owen, founder member of the SDP in Britain, then took on a similar advisory role to the new chief executive, Simon Kukes, who recently stepped down. Since then Lord Owen has become increasingly important as an adviser to the whole embattled Yukos board. \"He is acting as a sounding board, giving advice and drawing on his immense experience. He is very knowledgeable about the region,\" added the spokeswoman.</p> <p>The stand-off between Rus sia's largest oil company and its prosecutor general's office continued yesterday but Yukos denied reports from the Interfax news agency that bank accounts at its Tomskneft subsidiary had been frozen. The group, which produces 2% of the world's total oil, faces an additional $3.3bn tax bill for 2001 and the threat of further bills from 2002 and 2003. Fears over the company's future contributed to a rise in the price of oil yesterday. US light crude jumped $1.25 a barrel to $40.33.</p> <p>With most of its accounts frozen, Yukos has said it does not have the cash to meet the bill and let Wednesday's deadline lapse without paying. But the company has not yet declared bankruptcy, following a plea from Mr Khodorkovsky through his lawyer.</p> <p>\"Yukos still hopes that it is possible to reach a settlement and we will do our best to work toward that,\" said director of information Hugo Erikssen yesterday.</p> <p>However, deputy finance minister Sergei Shatalov yesterday backed away from earlier suggestions that debt restructuring could be used to help Yukos deal with its tax bill.</p> <p>Mr Shatalov also said he had not received official notification from Yukos regarding an offer from Mr Khodorkovsky to use his shares, amounting to about 40% of the company, as well as those of other main shareholders, to save Yukos from bankruptcy. If the ministry had been notified, he still could not work out how the shares would help.</p> <p>\"[I don't] really understand how this can be implemented, if this request is received, as under Russian law tax can only be paid in cash,\" he said in a report put out by Interfax.</p> <p>\u0095 A crisis of confidence in Russia's banking market spread to the country's fourth largest bank yesterday, as clients rushed to retrieve their savings only to find that they had to wait in long lines and pay a 10% penalty.</p> <p>Alfa Bank's management has insisted it is secure and flush with cash but it said over the past week some $100m has been pulled out by panicking depositors - 10 times more than normal. To fend off a run on deposits, the bank introduced the 10% penalty.</p>",
      "newspaperPageNumber": "17",
      "wordcount": "687",
      "commentable": "false",
      "isPremoderated": "false",
      "lastModified": "2017-09-20T17:48:14Z",
      "newspaperEditionDate": "2004-07-09T00:00:00Z",
      "productionOffice": "UK",
      "publication": "theguardian.com",
      "shortUrl": "https://gu.com/p/dmk6",
      "shouldHideAdverts": "false",
      "showInRelatedContent": "true",
      "legallySensitive": "false",
      "lang": "en",
      "bodyText": "Lord Owen, the former British foreign secretary and Balkans peace negotiator, has been drafted in to give advice to the board of troubled oil group Yukos in its clash with the Russian government. Lord Owen has been chairman of Yukos's international arm in London for two years but is now helping the main board in Moscow as it fights to stave off bankruptcy. Revelations about his involvement surfaced as the deadline for paying $3.4bn (\u00a31.8bn) in back tax for the year 2000 expired on Wednesday night but no action was taken by the justice department. Lord Owen told the Guardian last night that the situation facing Yukos \"could go either way\". Asked whether he had raised the issue directly with Russian president Vladimir Putin he answered: \"I just don't want to say. It's better to rely on private discussions.\" He believed a positive solution to the Yukos problem was not only a matter for the company's employees but for the Russian economy generally. \"He is offering counsel and they [the board] are talking together. This is all being done in a quiet way,\" said a Yukos spokeswoman yesterday. Lord Owen was first appointed to the international arm of Yukos in March 2002 to focus on negotiations with European governments and potential partners to help the group expand outside Russia. Last year Yukos's then chief executive, Mikhail Khodorkovsky, made Lord Owen his special adviser. Mr Khodorkovsky was jailed in October and is now standing trial on charges of fraud and tax evasion. Lord Owen, founder member of the SDP in Britain, then took on a similar advisory role to the new chief executive, Simon Kukes, who recently stepped down. Since then Lord Owen has become increasingly important as an adviser to the whole embattled Yukos board. \"He is acting as a sounding board, giving advice and drawing on his immense experience. He is very knowledgeable about the region,\" added the spokeswoman. The stand-off between Rus sia's largest oil company and its prosecutor general's office continued yesterday but Yukos denied reports from the Interfax news agency that bank accounts at its Tomskneft subsidiary had been frozen. The group, which produces 2% of the world's total oil, faces an additional $3.3bn tax bill for 2001 and the threat of further bills from 2002 and 2003. Fears over the company's future contributed to a rise in the price of oil yesterday. US light crude jumped $1.25 a barrel to $40.33. With most of its accounts frozen, Yukos has said it does not have the cash to meet the bill and let Wednesday's deadline lapse without paying. But the company has not yet declared bankruptcy, following a plea from Mr Khodorkovsky through his lawyer. \"Yukos still hopes that it is possible to reach a settlement and we will do our best to work toward that,\" said director of information Hugo Erikssen yesterday. However, deputy finance minister Sergei Shatalov yesterday backed away from earlier suggestions that debt restructuring could be used to help Yukos deal with its tax bill. Mr Shatalov also said he had not received official notification from Yukos regarding an offer from Mr Khodorkovsky to use his shares, amounting to about 40% of the company, as well as those of other main shareholders, to save Yukos from bankruptcy. If the ministry had been notified, he still could not work out how the shares would help. \"[I don't] really understand how this can be implemented, if this request is received, as under Russian law tax can only be paid in cash,\" he said in a report put out by Interfax. \u0095 A crisis of confidence in Russia's banking market spread to the country's fourth largest bank yesterday, as clients rushed to retrieve their savings only to find that they had to wait in long lines and pay a 10% penalty. Alfa Bank's management has insisted it is secure and flush with cash but it said over the past week some $100m has been pulled out by panicking depositors - 10 times more than normal. To fend off a run on deposits, the bank introduced the 10% penalty.",
      "charCount": "3996"
    },
    "isHosted": false,
    "pillarId": "pillar/news",
    "pillarName": "News"
  },
  {
    "id": "sport/2004/jul/09/golf.helensmyth1",
    "type": "article",
    "sectionId": "sport",
    "sectionName": "Sport",
    "webPublicationDate": "2004-07-09T00:21:41Z",
    "webTitle": "Price at the fore in battle for cup place",
    "webUrl": "https://www.theguardian.com/sport/2004/jul/09/golf.helensmyth1",
    "apiUrl": "https://content.guardianapis.com/sport/2004/jul/09/golf.helensmyth1",
    "fields": {
      "headline": "Price at the fore in battle for cup place",
      "trailText": "<p><strong>July 9:</strong> Phillip Price, Eduardo Romero and Jos&#233; Manuel Lara shared the lead of the Scottish Open on 65.</p>",
      "byline": "Helen Smyth at Loch Lomond",
      "main": "",
      "body": "<p>Phillip Price, Eduardo Romero and Jos\u00e9 Manuel Lara shared the lead last night on 65, six under par, after the first round of the Scottish Open. The quiet Welshman, the seemingly ageless Argentinian and the sturdy Spaniard were one shot ahead of Emanuele Canonica, a big-hitting Italian. </p> <p>The group on 67 included Tom Lehman, Open champion in 1996, Mark Roe, Open mix-up in 2003, and Ian Poulter, Open hopeful in 2004. Thomas Bjorn, a despairing Dane only days ago, exemplified the game's perversity with a 68. Colin Montgomerie, Scotland's perennial standard bearer is a shot behind and Ernie Els, the defending champion and favourite, finished the day on 70. Phil Mickelson, the Masters champion, had a mixed 72 featuring four birdies and five bogeys. </p> <p>Price and Romero have previous form north of the border, the former finishing second here last year and the latter, who will be 50 next week and will follow the Open with his debut in the Senior British Open, winning two years ago. </p> <p>The Ryder Cup man from Pontypridd, conqueror of Mickelson at The Belfry two years ago, is diffidence personified but his ambitions betray a steely, competitive streak. \"I want to make the Ryder Cup team again, the top 25 in the world, the top six on the order of merit and earn my US Tour card by the end of the year.\" </p> <p>It was this course, where he always seemed to miss the cut, that confirmed to Price that he needed to improve his ball striking. \"It was more glaring here,\" he said. \"It was always wet and always played its full yardage. I seemed to be hitting in too many long clubs, especially at the 10th and 11th, and I remember hitting massive clubs into the 16th.\" </p> <p>The Welshman reckoned that he has added 25 yards in length over the past few years and calculated that a better swing was responsible for 10 of those yards, with better equipment taking care of the rest. He aspires to the consistency of strike of an Els or a Retief Goosen, conceding that he is a mere battler himself. </p> <p>\"I would rather not be that way,\" he said, \"but if that's what I've got to do, that's what I've got to do. I would rather just be good. Like Ernie. Hitting it good every day, like Ernie or Retief. They are exceptional. If you are like them, there is a little less battling needed.\" </p> <p>Nevertheless, Price the battler did not drop a shot and, having started at the 10th, came home in 32, four under par, with three successive birdies from the 6th, where he holed a putt of 30 feet. He also holed from 20 feet for a two at the 8th - Els would have given a lot for such a touch. </p> <p>The South African had 31 putts and was diplomatic about putting surfaces that are a bit like lumpy puddings. \"The greens are not as good as they normally are,\" Els said, \"but that is understandable and given the weather circumstances that they have had, they have done a hell of a job. The whole course is very soft.\" </p> <p>It was ever thus at a place where, if the loch does not get you, the water table will. Montgomerie lived up to his boast that he is ready to contend again with three birdies in his first seven holes and was buoyed by the local support. \"The crowd have been fantastic to me. Every tournament I've played in Britain the support has been superb, and it's kept me going. It's been a real joy and delight over the last month.\" </p> <p>Less joyful and delightful were bogeys at the 5th and 9th, a dinky par four of 340 yards that has birdie written all over it. Montgomerie hit a three-wood off the tee but it finished in the rough, 30 yards left of where he was aiming, his second shot kissed a tree, he chipped to three feet but missed the putt after a tut-tut at Julian Tutt, the BBC's rover of the fairways, who got in his line of sight. \"That was a dis appointing end,\" the Scot said, \"but I've got to think that it was a good round of golf and I'm back in competitive mode. It was nice to see my name on the leaderboard and hopefully it will be there on Sunday.\" </p> <p>In the meantime, he was going in search of a reliable three-wood, having found his current model on the errant side. His old faithful is in a case on the wall at home, veteran of another contract. </p> <p><strong>\u00b7</strong> Tom Watson, five times the Open champion, has withdrawn from next week's event at Royal Troon with a shoulder injury. The 54-year-old American last missed the event in 1996.</p>",
      "newspaperPageNumber": "30",
      "wordcount": "799",
      "commentable": "false",
      "isPremoderated": "false",
      "lastModified": "2016-04-05T06:07:54Z",
      "newspaperEditionDate": "2004-07-09T00:00:00Z",
      "productionOffice": "UK",
      "publication": "theguardian.com",
      "shortUrl": "https://gu.com/p/x7889",
      "shouldHideAdverts": "false",
      "showInRelatedContent": "true",
      "legallySensitive": "false",
      "lang": "en",
      "bodyText": "Phillip Price, Eduardo Romero and Jos\u00e9 Manuel Lara shared the lead last night on 65, six under par, after the first round of the Scottish Open. The quiet Welshman, the seemingly ageless Argentinian and the sturdy Spaniard were one shot ahead of Emanuele Canonica, a big-hitting Italian. The group on 67 included Tom Lehman, Open champion in 1996, Mark Roe, Open mix-up in 2003, and Ian Poulter, Open hopeful in 2004. Thomas Bjorn, a despairing Dane only days ago, exemplified the game's perversity with a 68. Colin Montgomerie, Scotland's perennial standard bearer is a shot behind and Ernie Els, the defending champion and favourite, finished the day on 70. Phil Mickelson, the Masters champion, had a mixed 72 featuring four birdies and five bogeys. Price and Romero have previous form north of the border, the former finishing second here last year and the latter, who will be 50 next week and will follow the Open with his debut in the Senior British Open, winning two years ago. The Ryder Cup man from Pontypridd, conqueror of Mickelson at The Belfry two years ago, is diffidence personified but his ambitions betray a steely, competitive streak. \"I want to make the Ryder Cup team again, the top 25 in the world, the top six on the order of merit and earn my US Tour card by the end of the year.\" It was this course, where he always seemed to miss the cut, that confirmed to Price that he needed to improve his ball striking. \"It was more glaring here,\" he said. \"It was always wet and always played its full yardage. I seemed to be hitting in too many long clubs, especially at the 10th and 11th, and I remember hitting massive clubs into the 16th.\" The Welshman reckoned that he has added 25 yards in length over the past few years and calculated that a better swing was responsible for 10 of those yards, with better equipment taking care of the rest. He aspires to the consistency of strike of an Els or a Retief Goosen, conceding that he is a mere battler himself. \"I would rather not be that way,\" he said, \"but if that's what I've got to do, that's what I've got to do. I would rather just be good. Like Ernie. Hitting it good every day, like Ernie or Retief. They are exceptional. If you are like them, there is a little less battling needed.\" Nevertheless, Price the battler did not drop a shot and, having started at the 10th, came home in 32, four under par, with three successive birdies from the 6th, where he holed a putt of 30 feet. He also holed from 20 feet for a two at the 8th - Els would have given a lot for such a touch. The South African had 31 putts and was diplomatic about putting surfaces that are a bit like lumpy puddings. \"The greens are not as good as they normally are,\" Els said, \"but that is understandable and given the weather circumstances that they have had, they have done a hell of a job. The whole course is very soft.\" It was ever thus at a place where, if the loch does not get you, the water table will. Montgomerie lived up to his boast that he is ready to contend again with three birdies in his first seven holes and was buoyed by the local support. \"The crowd have been fantastic to me. Every tournament I've played in Britain the support has been superb, and it's kept me going. It's been a real joy and delight over the last month.\" Less joyful and delightful were bogeys at the 5th and 9th, a dinky par four of 340 yards that has birdie written all over it. Montgomerie hit a three-wood off the tee but it finished in the rough, 30 yards left of where he was aiming, his second shot kissed a tree, he chipped to three feet but missed the putt after a tut-tut at Julian Tutt, the BBC's rover of the fairways, who got in his line of sight. \"That was a dis appointing end,\" the Scot said, \"but I've got to think that it was a good round of golf and I'm back in competitive mode. It was nice to see my name on the leaderboard and hopefully it will be there on Sunday.\" In the meantime, he was going in search of a reliable three-wood, having found his current model on the errant side. His old faithful is in a case on the wall at home, veteran of another contract. \u00b7 Tom Watson, five times the Open champion, has withdrawn from next week's event at Royal Troon with a shoulder injury. The 54-year-old American last missed the event in 1996.",
      "charCount": "4294"
    },
    "isHosted": false,
    "pillarId": "pillar/sport",
    "pillarName": "Sport"
  }
]