[
  {
    "id": "football/2004/jan/28/newsstory.leedsunited",
    "type": "article",
    "sectionId": "football",
    "sectionName": "Football",
    "webPublicationDate": "2004-01-28T10:07:13Z",
    "webTitle": "Leeds accept cut-price Rio deal",
    "webUrl": "https://www.theguardian.com/football/2004/jan/28/newsstory.leedsunited",
    "apiUrl": "https://content.guardianapis.com/football/2004/jan/28/newsstory.leedsunited",
    "fields": {
      "headline": "Leeds accept cut-price Rio deal",
      "trailText": "<p>Manchester United have agreed to pay Leeds \u00a31.5m as the final instalment of Rio Ferdinand's transfer fee. They owe \u00a33.25m, but then Leeds will probably accept \u00a31.50 in their current circumstances.</p>",
      "byline": "Staff and agencies",
      "main": "<figure class=\"element element-image\" data-media-id=\"gu-image-333439785\"> <img src=\"http://static.guim.co.uk/sys-images/Media/Pix/pictures/2003/10/23/rioferdinandPA2.jpg\" alt=\"Rio Ferdinand\" width=\"128\" height=\"128\" class=\"gu-image\" /> <figcaption> <span class=\"element-image__caption\">Derrrrrrrrrrrrrrrrr</span> </figcaption> </figure>",
      "body": "<p>Manchester United have agreed to pay Leeds \u00a31.5m as the final settlement on Rio Ferdinand's transfer to Old Trafford. </p> <p>The England defender joined United in July 2002 for a fee then agreed as \u00a329.3m. </p> <p>However, crisis club Leeds, who have until 5pm on Friday to raise \u00a35m which would satisfy creditors until the end of the season, have accepted a reduced amount instead of the \u00a33.25m still outstanding on the deal which would have been paid in instalments.</p> <p>It means Leeds chief executive Trevor Birch is a step closer to helping the Elland Road club avoid administration.</p> <p>In a statement to the Stock Exchange, United announced: \"Manchester United has agreed to pay to Leeds United FC, via the FAPL (Premier League), tomorrow \u00a31.5m in full and final settlement of the deferred conditional sums due on the Rio Ferdinand transfer totalling \u00a33.25m. </p> <p>\"A levy of \u00a375,000 is also payable to the FA Premier League.\" </p> <p>Ferdinand is currently appealing against an eight-month ban from the Football Association for missing a drugs test.</p>",
      "wordcount": "176",
      "commentable": "false",
      "isPremoderated": "false",
      "lastModified": "2017-02-20T21:22:33Z",
      "newspaperEditionDate": "2004-01-28T00:00:00Z",
      "productionOffice": "UK",
      "publication": "theguardian.com",
      "shortUrl": "https://gu.com/p/x6zpx",
      "shouldHideAdverts": "false",
      "showInRelatedContent": "true",
      "legallySensitive": "false",
      "lang": "en",
      "bodyText": "Manchester United have agreed to pay Leeds \u00a31.5m as the final settlement on Rio Ferdinand's transfer to Old Trafford. The England defender joined United in July 2002 for a fee then agreed as \u00a329.3m. However, crisis club Leeds, who have until 5pm on Friday to raise \u00a35m which would satisfy creditors until the end of the season, have accepted a reduced amount instead of the \u00a33.25m still outstanding on the deal which would have been paid in instalments. It means Leeds chief executive Trevor Birch is a step closer to helping the Elland Road club avoid administration. In a statement to the Stock Exchange, United announced: \"Manchester United has agreed to pay to Leeds United FC, via the FAPL (Premier League), tomorrow \u00a31.5m in full and final settlement of the deferred conditional sums due on the Rio Ferdinand transfer totalling \u00a33.25m. \"A levy of \u00a375,000 is also payable to the FA Premier League.\" Ferdinand is currently appealing against an eight-month ban from the Football Association for missing a drugs test.",
      "charCount": "1019"
    },
    "isHosted": false,
    "pillarId": "pillar/sport",
    "pillarName": "Sport"
  },
  {
    "id": "politics/2004/jan/28/uk.highereducation1",
    "type": "article",
    "sectionId": "politics",
    "sectionName": "Politics",
    "webPublicationDate": "2004-01-28T08:45:52Z",
    "webTitle": "Profile: Nick Brown",
    "webUrl": "https://www.theguardian.com/politics/2004/jan/28/uk.highereducation1",
    "apiUrl": "https://content.guardianapis.com/politics/2004/jan/28/uk.highereducation1",
    "fields": {
      "headline": "Rebel's switch seen as price worth paying to aid chancellor",
      "standfirst": "Nick Brown shows loyalty",
      "trailText": "<B>Profile:</B> Nick Brown: Labour top-up fees rebel who made a startling conversion on the road to the lobby.",
      "byline": "Kevin Maguire",
      "main": "",
      "body": "If Nick Brown is a rebel with a cause, the cause is the crowning of Gordon Brown as prime minister rather than halting university top-up fees. <p>The backroom fixer, a ruthless political operator, is devoted to his namesake and is widely regarded in Westminster as the chancellor's chief lieutenant. </p> <p>His startling conversion on the road to the lobby owed more to intense pressure applied by the politician he champions than any concessions offered by the government. </p> <p>The former chief whip must calculate, speculated a close friend and admirer yesterday, that his personal embarrassment is a price worth paying if it helps the chancellor to the Labour leadership. </p> <p>First elected to parliament in 1983, the MP for Newcastle upon Tyne East and Wallsend used to be close to Tony Blair as well as the chancellor, heading informal campaigns to secure the election of both to the shadow cabinet in the late 80s. </p> <p>Perhaps it was always inevitable, if only because of his surname, he would end up a Brownite not a Blairite when the schism opened up in 1994 after the death of John Smith. Mr Brown, now 53, urged Gordon Brown to stand against Mr Blair for the leadership, claiming he had \"done the numbers\" and the Scottish MP could win. </p> <p>Allying himself so closely to Gordon Brown made him a hate figure in the eyes of the Blairites and left him dependent on the chancellor. </p> <p>Mr Blair was badgered by his Downing Street neighbour into making Mr Brown chief whip after the 1997 election. </p> <p>A year later the north-east MP was blamed for telling a biographer that the chancellor still felt Mr Blair had stolen the Labour leadership, loyally taking all of the bullets to protect others in Gordon Brown's entourage. </p> <p>Mr Blair promptly demoted the anti-hunting MP from the post he enjoyed and sent him to the agriculture ministry. Uncomfortable in green wellingtons and a Barbour, Mr Brown was in charge during the foot and mouth crisis and faced widespread protests from farmers. </p> <p>Relations with the Blairites were also getting worse and Mr Brown was regularly tipped for the sack. </p> <p>Outed as gay by a former boyfriend who sold his tale to the News of the World, Mr Brown believed Mr Blair's spin doctor Alastair Campbell gave the tabloid a green light to publish. </p> <p>When exposure of Peter Mandelson's secret cut-price home loan triggered the first cabinet resignation by the prime minister's adviser, Blairites blamed Mr Brown. </p> <p>Mr Blair wanted to sack him after the 2001 election but again the chancellor intervened, the prime minister instead demoting him again, this time to a middle-ranking work minister, though Mr Brown was, unusually, allowed to continue attending cabinet meetings. He finally went in last year's reshuffle. </p> <p>His Tyneside base earned him the nickname Newcastle Brown, yet he was born in Kent, the son of an electricity board clerk. </p> <p>Mr Brown acts instinctively on behalf of the chancellor, wrong-footing critics who believe he only follows orders. </p> <p>He is also a party loyalist who has never voted against the Labour leadership, a record he yesterday came within less than nine hours of breaking until his unexpected statement to the Guardian's politics website that he had changed sides.</p>",
      "newspaperPageNumber": "4",
      "wordcount": "535",
      "commentable": "false",
      "isPremoderated": "false",
      "lastModified": "2017-06-20T20:14:17Z",
      "newspaperEditionDate": "2004-01-28T00:00:00Z",
      "productionOffice": "UK",
      "publication": "theguardian.com",
      "shortUrl": "https://gu.com/p/xvy66",
      "shouldHideAdverts": "false",
      "showInRelatedContent": "true",
      "legallySensitive": "false",
      "lang": "en",
      "bodyText": "If Nick Brown is a rebel with a cause, the cause is the crowning of Gordon Brown as prime minister rather than halting university top-up fees. The backroom fixer, a ruthless political operator, is devoted to his namesake and is widely regarded in Westminster as the chancellor's chief lieutenant. His startling conversion on the road to the lobby owed more to intense pressure applied by the politician he champions than any concessions offered by the government. The former chief whip must calculate, speculated a close friend and admirer yesterday, that his personal embarrassment is a price worth paying if it helps the chancellor to the Labour leadership. First elected to parliament in 1983, the MP for Newcastle upon Tyne East and Wallsend used to be close to Tony Blair as well as the chancellor, heading informal campaigns to secure the election of both to the shadow cabinet in the late 80s. Perhaps it was always inevitable, if only because of his surname, he would end up a Brownite not a Blairite when the schism opened up in 1994 after the death of John Smith. Mr Brown, now 53, urged Gordon Brown to stand against Mr Blair for the leadership, claiming he had \"done the numbers\" and the Scottish MP could win. Allying himself so closely to Gordon Brown made him a hate figure in the eyes of the Blairites and left him dependent on the chancellor. Mr Blair was badgered by his Downing Street neighbour into making Mr Brown chief whip after the 1997 election. A year later the north-east MP was blamed for telling a biographer that the chancellor still felt Mr Blair had stolen the Labour leadership, loyally taking all of the bullets to protect others in Gordon Brown's entourage. Mr Blair promptly demoted the anti-hunting MP from the post he enjoyed and sent him to the agriculture ministry. Uncomfortable in green wellingtons and a Barbour, Mr Brown was in charge during the foot and mouth crisis and faced widespread protests from farmers. Relations with the Blairites were also getting worse and Mr Brown was regularly tipped for the sack. Outed as gay by a former boyfriend who sold his tale to the News of the World, Mr Brown believed Mr Blair's spin doctor Alastair Campbell gave the tabloid a green light to publish. When exposure of Peter Mandelson's secret cut-price home loan triggered the first cabinet resignation by the prime minister's adviser, Blairites blamed Mr Brown. Mr Blair wanted to sack him after the 2001 election but again the chancellor intervened, the prime minister instead demoting him again, this time to a middle-ranking work minister, though Mr Brown was, unusually, allowed to continue attending cabinet meetings. He finally went in last year's reshuffle. His Tyneside base earned him the nickname Newcastle Brown, yet he was born in Kent, the son of an electricity board clerk. Mr Brown acts instinctively on behalf of the chancellor, wrong-footing critics who believe he only follows orders. He is also a party loyalist who has never voted against the Labour leadership, a record he yesterday came within less than nine hours of breaking until his unexpected statement to the Guardian's politics website that he had changed sides.",
      "charCount": "3179"
    },
    "isHosted": false,
    "pillarId": "pillar/news",
    "pillarName": "News"
  }
]