[
  {
    "id": "technology/2004/jan/07/newmedia.media",
    "type": "article",
    "sectionId": "technology",
    "sectionName": "Technology",
    "webPublicationDate": "2004-01-07T16:28:59Z",
    "webTitle": "Amazon investigated over cut-price CDs",
    "webUrl": "https://www.theguardian.com/technology/2004/jan/07/newmedia.media",
    "apiUrl": "https://content.guardianapis.com/technology/2004/jan/07/newmedia.media",
    "fields": {
      "headline": "Amazon investigated over cut-price CDs",
      "trailText": "<p><strong>11am:</strong> Amazon.com is being investigated by the UK record industry as part of a bid to stop consumers buying cheap CDs imported from abroad, writes <strong>Owen Gibson</strong>.</p>",
      "byline": "Owen Gibson",
      "main": "",
      "body": "<p>Amazon.com, the biggest online retailer in the world, is being investigated by the UK record industry as part of a bid to stop consumers buying cheap CDs imported from abroad. </p> <p>Record industry trade body the British Phonographic Industry is looking at whether the US website breaks the law by selling American CDs to UK consumers at cheaper prices. It is not investigating Amazon.co.uk, which only sells domestically sourced CDs. </p> <p>The development comes as the BPI is preparing a lawsuit against UK-based retailer CDWow, which buys CDs at low prices overseas and distributes them from Hong Kong, undercutting high street stores by selling them at \u00a38.99 each with free delivery. </p> <p>The site has proved a huge success, with annual turnover in excess of \u00a3100m, but the BPI argues that CDWow breaks the law by importing CDs from outside the European Economic Area and selling them at cheaper prices than UK retailers without the consent of copyright owners. </p> <p>The case will be heard in the high court next month and CDWow is planning a robust defence, arguing that all necessary copyrights are being paid by CDWow's suppliers and that consent to supply worldwide was given by record companies on a global basis when the business was set up. </p> <p>The BPI has also launched proceedings against Play.com, a Jersey-based online retailer of CDs, DVDs and video games, which operates on a similar basis. </p> <p>Amazon.com could be drawn into the row because it sells CDs to UK customers that are not available in this country and undercuts traditional high street retailers. The BPI could argue that they are acting without the consent of UK record companies. </p> <p>The case has echoes of an earlier high profile court showdown between Tesco and Levi's after the supermarket giant began selling cut-price jeans bought from abroad. Levi-Strauss won that action but CDWow insists there are crucial differences between the two cases. </p> <p><strong>\u00b7</strong> To contact the MediaGuardian newsdesk email <a href=\"mailto:editor@mediatheguardian.com\">editor@mediatheguardian.com</a> or phone 020 7239 9857</p> <p><strong><strong>\u00b7</strong></strong> If you are writing a comment for publication, please mark clearly \"for publication\".</p>",
      "wordcount": "346",
      "commentable": "false",
      "isPremoderated": "false",
      "lastModified": "2017-02-21T23:18:07Z",
      "newspaperEditionDate": "2004-01-07T00:00:00Z",
      "productionOffice": "UK",
      "publication": "The Guardian",
      "shortUrl": "https://gu.com/p/26a4",
      "shouldHideAdverts": "false",
      "showInRelatedContent": "true",
      "legallySensitive": "false",
      "lang": "en",
      "bodyText": "Amazon.com, the biggest online retailer in the world, is being investigated by the UK record industry as part of a bid to stop consumers buying cheap CDs imported from abroad. Record industry trade body the British Phonographic Industry is looking at whether the US website breaks the law by selling American CDs to UK consumers at cheaper prices. It is not investigating Amazon.co.uk, which only sells domestically sourced CDs. The development comes as the BPI is preparing a lawsuit against UK-based retailer CDWow, which buys CDs at low prices overseas and distributes them from Hong Kong, undercutting high street stores by selling them at \u00a38.99 each with free delivery. The site has proved a huge success, with annual turnover in excess of \u00a3100m, but the BPI argues that CDWow breaks the law by importing CDs from outside the European Economic Area and selling them at cheaper prices than UK retailers without the consent of copyright owners. The case will be heard in the high court next month and CDWow is planning a robust defence, arguing that all necessary copyrights are being paid by CDWow's suppliers and that consent to supply worldwide was given by record companies on a global basis when the business was set up. The BPI has also launched proceedings against Play.com, a Jersey-based online retailer of CDs, DVDs and video games, which operates on a similar basis. Amazon.com could be drawn into the row because it sells CDs to UK customers that are not available in this country and undercuts traditional high street retailers. The BPI could argue that they are acting without the consent of UK record companies. The case has echoes of an earlier high profile court showdown between Tesco and Levi's after the supermarket giant began selling cut-price jeans bought from abroad. Levi-Strauss won that action but CDWow insists there are crucial differences between the two cases. \u00b7 To contact the MediaGuardian newsdesk email editor@mediatheguardian.com or phone 020 7239 9857 \u00b7 If you are writing a comment for publication, please mark clearly \"for publication\".",
      "charCount": "2078"
    },
    "isHosted": false,
    "pillarId": "pillar/news",
    "pillarName": "News"
  },
  {
    "id": "business/2004/jan/07/iraq.oilandpetrol",
    "type": "article",
    "sectionId": "business",
    "sectionName": "Business",
    "webPublicationDate": "2004-01-07T03:11:35Z",
    "webTitle": "Halliburton cleared in fuel row",
    "webUrl": "https://www.theguardian.com/business/2004/jan/07/iraq.oilandpetrol",
    "apiUrl": "https://content.guardianapis.com/business/2004/jan/07/iraq.oilandpetrol",
    "fields": {
      "headline": "Halliburton cleared in fuel row",
      "trailText": "<p>The division of the US army that has awarded billions of dollars worth of contracts to oil services firm Halliburton has cleared the company of overcharging for fuel in Iraq.</p>",
      "byline": "David Teather",
      "main": "",
      "body": "<p>The division of the US army that has awarded billions of dollars worth of contracts to oil services firm Halliburton has cleared the company of overcharging for fuel in Iraq.</p> <p>The US army corps of engineers ruled on December 19, in an undisclosed judgment, that Halliburton division Kellogg Brown &amp; Root (KBR), which received the contract without a tendering process, was offering fuel at a \"fair and reasonable price\". Pentagon auditors have contended that Halliburton overcharged the US government by more than $100m (\u00a360m). Its audit is continuing. </p> <p>Halliburton, formerly run by US vice-president Dick Cheney, has been embroiled in controversy since it emerged that it would be involved in Iraqi reconstruction. </p> <p>A memo seen by the Guardian from contracting officer Gordon Sumner concluded that Halliburton awarded a subcontract to Kuwaiti firm Altanmia Commercial Marketing after a proper tendering process. The army corps has waived the need for Halliburton to provide more data on its pricing on the advice of the memo.</p>",
      "newspaperPageNumber": "16",
      "wordcount": "162",
      "commentable": "false",
      "isPremoderated": "false",
      "lastModified": "2016-06-15T08:59:14Z",
      "newspaperEditionDate": "2004-01-07T00:00:00Z",
      "productionOffice": "UK",
      "publication": "theguardian.com",
      "shortUrl": "https://gu.com/p/7axz",
      "shouldHideAdverts": "false",
      "showInRelatedContent": "true",
      "legallySensitive": "false",
      "lang": "en",
      "bodyText": "The division of the US army that has awarded billions of dollars worth of contracts to oil services firm Halliburton has cleared the company of overcharging for fuel in Iraq. The US army corps of engineers ruled on December 19, in an undisclosed judgment, that Halliburton division Kellogg Brown &amp; Root (KBR), which received the contract without a tendering process, was offering fuel at a \"fair and reasonable price\". Pentagon auditors have contended that Halliburton overcharged the US government by more than $100m (\u00a360m). Its audit is continuing. Halliburton, formerly run by US vice-president Dick Cheney, has been embroiled in controversy since it emerged that it would be involved in Iraqi reconstruction. A memo seen by the Guardian from contracting officer Gordon Sumner concluded that Halliburton awarded a subcontract to Kuwaiti firm Altanmia Commercial Marketing after a proper tendering process. The army corps has waived the need for Halliburton to provide more data on its pricing on the advice of the memo.",
      "charCount": "1026"
    },
    "isHosted": false,
    "pillarId": "pillar/news",
    "pillarName": "News"
  },
  {
    "id": "science/2004/jan/07/gm.food",
    "type": "article",
    "sectionId": "environment",
    "sectionName": "Environment",
    "webPublicationDate": "2004-01-07T03:11:35Z",
    "webTitle": "Monsanto accused of price-fixing",
    "webUrl": "https://www.theguardian.com/science/2004/jan/07/gm.food",
    "apiUrl": "https://content.guardianapis.com/science/2004/jan/07/gm.food",
    "fields": {
      "headline": "Monsanto accused of price-fixing",
      "trailText": "<p>Monsanto, the corporate driving force behind the development of genetically modified food, reportedly held frequent meetings with competitors and persuaded them to raise the price of GM seeds. </p>",
      "byline": "Julian Borger  in Washington",
      "main": "",
      "body": "<p>Monsanto, the corporate driving force behind the development of genetically modified food, held frequent meetings with its chief competitors and persuaded them to raise the price of GM seeds, it was reported yesterday. </p> <p>Monsanto has admitted that meetings with senior executives of another agri-industrial giant, Pioneer Hi-Bred International Inc, took place in the late 1990s, but insists they were legal discussions about seed licensing agreements, rather than illegal price-fixing. </p> <p>However, legal experts said that distinction was murky and predicted that an investigation would be launched. </p> <p>\"The problem is that you have competitors talking to each other, which makes you uneasy,\" said Lawrence White, an economics professor and antitrust expert at New York University. </p> <p>\"There are lots of legitimate reasons for them to be meeting, but the fact they were talking about prices makes you even more uneasy. You certainly have to worry here and my guess is the [justice department's] antitrust division is going to be looking very closely at this.\" </p> <p>The justice department would not say yesterday whether a formal inquiry hadbegun. It is already investigating Monsanto for anti-competitive practices in the herbicide market. </p> <p>A New York Times investigation found that executives from Monsanto and Pioneer Hi-Bred - the two biggest seed companies in the world, who account for 60% of the US market in maize and soybean seeds - met repeatedly between 1995 and 1999 to discuss licences under which Pioneer sold genetically altered seeds that had originally been developed by Monsanto. </p> <p>The report quotes former executives, court papers and other documents as saying those talks involved the prices at which the seeds should be sold and how to keep those prices high. </p> <p>Executives from two other seed companies, Novartis and Mycogen, said they also came under pressure from Monsanto to coordinate their pricing policies but rejected the approaches as potentially illegal. </p> <p>Monsanto did not return calls seeking comment yesterday, but a spokeswoman, Lori Fisher, told the New York Times: \"Monsanto did offer to expand and revise existing licences with Pioneer. In the context of a potentially new licence for technology, it is absolutely within the law to discuss the price and the means of compensation to the licensing party.\" </p> <p>Monsanto's critics have long accused the company of marketing policies aimed at making farmers around the world dependent on its GM technology and its seeds. </p> <p>In 1999, a group of farmers in the national family farm coalition (NFFC) took the corporation to court, accusing it of forming a cartel aimed at monopolising the market in GM maize and soya seeds. A court rejected the antitrust charges but the NFFC is appealing against the decision. </p> <p>Bill Christison, the former head of the farmers' coalition, said yesterday. \"We are giving away the seeds of the world to a handful of corporations who are going to own all our food production.\"</p>",
      "newspaperPageNumber": "13",
      "wordcount": "470",
      "commentable": "false",
      "isPremoderated": "false",
      "lastModified": "2017-05-08T07:31:56Z",
      "newspaperEditionDate": "2004-01-07T00:00:00Z",
      "productionOffice": "UK",
      "publication": "theguardian.com",
      "shortUrl": "https://gu.com/p/xt7k",
      "shouldHideAdverts": "false",
      "showInRelatedContent": "true",
      "legallySensitive": "false",
      "lang": "en",
      "bodyText": "Monsanto, the corporate driving force behind the development of genetically modified food, held frequent meetings with its chief competitors and persuaded them to raise the price of GM seeds, it was reported yesterday. Monsanto has admitted that meetings with senior executives of another agri-industrial giant, Pioneer Hi-Bred International Inc, took place in the late 1990s, but insists they were legal discussions about seed licensing agreements, rather than illegal price-fixing. However, legal experts said that distinction was murky and predicted that an investigation would be launched. \"The problem is that you have competitors talking to each other, which makes you uneasy,\" said Lawrence White, an economics professor and antitrust expert at New York University. \"There are lots of legitimate reasons for them to be meeting, but the fact they were talking about prices makes you even more uneasy. You certainly have to worry here and my guess is the [justice department's] antitrust division is going to be looking very closely at this.\" The justice department would not say yesterday whether a formal inquiry hadbegun. It is already investigating Monsanto for anti-competitive practices in the herbicide market. A New York Times investigation found that executives from Monsanto and Pioneer Hi-Bred - the two biggest seed companies in the world, who account for 60% of the US market in maize and soybean seeds - met repeatedly between 1995 and 1999 to discuss licences under which Pioneer sold genetically altered seeds that had originally been developed by Monsanto. The report quotes former executives, court papers and other documents as saying those talks involved the prices at which the seeds should be sold and how to keep those prices high. Executives from two other seed companies, Novartis and Mycogen, said they also came under pressure from Monsanto to coordinate their pricing policies but rejected the approaches as potentially illegal. Monsanto did not return calls seeking comment yesterday, but a spokeswoman, Lori Fisher, told the New York Times: \"Monsanto did offer to expand and revise existing licences with Pioneer. In the context of a potentially new licence for technology, it is absolutely within the law to discuss the price and the means of compensation to the licensing party.\" Monsanto's critics have long accused the company of marketing policies aimed at making farmers around the world dependent on its GM technology and its seeds. In 1999, a group of farmers in the national family farm coalition (NFFC) took the corporation to court, accusing it of forming a cartel aimed at monopolising the market in GM maize and soya seeds. A court rejected the antitrust charges but the NFFC is appealing against the decision. Bill Christison, the former head of the farmers' coalition, said yesterday. \"We are giving away the seeds of the world to a handful of corporations who are going to own all our food production.\"",
      "charCount": "2953"
    },
    "isHosted": false,
    "pillarId": "pillar/news",
    "pillarName": "News"
  },
  {
    "id": "business/2004/jan/07/4",
    "type": "article",
    "sectionId": "business",
    "sectionName": "Business",
    "webPublicationDate": "2004-01-07T02:48:31Z",
    "webTitle": "Bayer wins parallel trade appeal",
    "webUrl": "https://www.theguardian.com/business/2004/jan/07/4",
    "apiUrl": "https://content.guardianapis.com/business/2004/jan/07/4",
    "fields": {
      "headline": "Bayer wins parallel trade appeal",
      "trailText": "<p>German pharmaceuticals company Bayer yesterday won a victory against the European commission over the firm's attempts to prevent cut price cross-border sales of its heart drug, Adalat.</p>",
      "byline": "Heather Stewart",
      "main": "",
      "body": "<p>German pharmaceuticals company Bayer yesterday won a victory against the European commission over the firm's attempts to prevent cut price cross-border sales of its heart drug, Adalat.</p> <p>The European Court of Justice upheld Bayer's appeal against a 1996 ruling which alleged it had struck an illegal deal with suppliers to reduce \"parallel trading\", where cheaper, branded drugs from southern European countries are exported elsewhere in the EU at a profit. The court said it had found no evidence of such an agreement and overturned the \u20ac3m (\u00a32.1m) fine levied on Bayer at the time. </p> <p>The Association of the British Pharmaceutical Industry welcomed the ruling, saying parallel trading costs UK firms \u00a31.4bn a year. </p> <p>But Amelia Torres, an EC spokeswoman, said it was looking at ways of forcing firms to permit parallel trading.</p>",
      "newspaperPageNumber": "16",
      "wordcount": "134",
      "commentable": "false",
      "isPremoderated": "false",
      "lastModified": "2004-01-07T02:48:31Z",
      "newspaperEditionDate": "2004-01-07T00:00:00Z",
      "productionOffice": "UK",
      "publication": "theguardian.com",
      "shortUrl": "https://gu.com/p/7axp",
      "shouldHideAdverts": "false",
      "showInRelatedContent": "true",
      "legallySensitive": "false",
      "lang": "en",
      "bodyText": "German pharmaceuticals company Bayer yesterday won a victory against the European commission over the firm's attempts to prevent cut price cross-border sales of its heart drug, Adalat. The European Court of Justice upheld Bayer's appeal against a 1996 ruling which alleged it had struck an illegal deal with suppliers to reduce \"parallel trading\", where cheaper, branded drugs from southern European countries are exported elsewhere in the EU at a profit. The court said it had found no evidence of such an agreement and overturned the \u20ac3m (\u00a32.1m) fine levied on Bayer at the time. The Association of the British Pharmaceutical Industry welcomed the ruling, saying parallel trading costs UK firms \u00a31.4bn a year. But Amelia Torres, an EC spokeswoman, said it was looking at ways of forcing firms to permit parallel trading.",
      "charCount": "822"
    },
    "isHosted": false,
    "pillarId": "pillar/news",
    "pillarName": "News"
  },
  {
    "id": "business/2004/jan/07/housingmarket.houseprices",
    "type": "article",
    "sectionId": "business",
    "sectionName": "Business",
    "webPublicationDate": "2004-01-07T02:48:31Z",
    "webTitle": "UK house prices rise \u00a379 a day",
    "webUrl": "https://www.theguardian.com/business/2004/jan/07/housingmarket.houseprices",
    "apiUrl": "https://content.guardianapis.com/business/2004/jan/07/housingmarket.houseprices",
    "fields": {
      "headline": "UK house prices rise \u00a379 a day",
      "trailText": "<p>The property market ended 2003 on a high with house prices rising by the equivalent of &#163;79 a day last month, the Halifax said yesterday.</p>",
      "byline": "Rupert Jones",
      "main": "",
      "body": "<p>The property market ended 2003 on a high with house prices rising by the equivalent of \u00a379 a day last month, the Halifax said yesterday.</p> <p>An average UK home saw 15.4% added to its value last year and ended 2003 worth \u00a3142,033. But the lender added there were \"clear signs that the market will continue to slow down naturally\". </p> <p>December's 1.8% rise in prices was the biggest since last February and underlines the renewed strength of the market. Every region enjoyed increases during the final three months of the year and only 20% of the 634 towns analysed have average house prices of less than \u00a3100,000. </p> <p>The 15.4% annual rise masked regional differences. In northern England prices surged 33.7% while Wales saw annual growth of 31.8%. Property values in the south-east rose only 5.8% while London properties typically saw 8.6% added to their value. </p> <p>Ever-rising prices mean the number of first-time buyers entering the market has fallen to its lowest level since records began in 1974. </p> <p>Just 330,000 buyers entered the market for the first time in the first 11 months of 2003.</p>",
      "newspaperPageNumber": "16",
      "wordcount": "193",
      "commentable": "false",
      "isPremoderated": "false",
      "lastModified": "2017-09-20T21:47:20Z",
      "newspaperEditionDate": "2004-01-07T00:00:00Z",
      "productionOffice": "UK",
      "publication": "theguardian.com",
      "shortUrl": "https://gu.com/p/7a2v",
      "shouldHideAdverts": "false",
      "showInRelatedContent": "true",
      "legallySensitive": "false",
      "lang": "en",
      "bodyText": "The property market ended 2003 on a high with house prices rising by the equivalent of \u00a379 a day last month, the Halifax said yesterday. An average UK home saw 15.4% added to its value last year and ended 2003 worth \u00a3142,033. But the lender added there were \"clear signs that the market will continue to slow down naturally\". December's 1.8% rise in prices was the biggest since last February and underlines the renewed strength of the market. Every region enjoyed increases during the final three months of the year and only 20% of the 634 towns analysed have average house prices of less than \u00a3100,000. The 15.4% annual rise masked regional differences. In northern England prices surged 33.7% while Wales saw annual growth of 31.8%. Property values in the south-east rose only 5.8% while London properties typically saw 8.6% added to their value. Ever-rising prices mean the number of first-time buyers entering the market has fallen to its lowest level since records began in 1974. Just 330,000 buyers entered the market for the first time in the first 11 months of 2003.",
      "charCount": "1075"
    },
    "isHosted": false,
    "pillarId": "pillar/news",
    "pillarName": "News"
  },
  {
    "id": "lifeandstyle/2004/jan/07/foodanddrink.shopping",
    "type": "article",
    "sectionId": "lifeandstyle",
    "sectionName": "Life and style",
    "webPublicationDate": "2004-01-07T02:06:09Z",
    "webTitle": "A dinner party for under \u00a330",
    "webUrl": "https://www.theguardian.com/lifeandstyle/2004/jan/07/foodanddrink.shopping",
    "apiUrl": "https://content.guardianapis.com/lifeandstyle/2004/jan/07/foodanddrink.shopping",
    "fields": {
      "headline": "Party paupers",
      "standfirst": "A dinner party for under \u00a330",
      "trailText": "<p>A dinner party for under \u00a330.</p>",
      "byline": "Silvena Rowe and Malcolm Gluck",
      "main": "",
      "body": "<p><strong>Twenty quid cuisine by Silvena Rowe</strong></p> <p>All dishes serve four </p> <p><strong>Gratin of cabbage dumplings</strong> </p> <p>The success of the new Wolseley restaurant in London's Piccadilly has inspired me to make a menu of central European cafe cuisines. Cabbage dumplings are the perfect winter starter, smothered in katshkawalj - Bulgarian cheese made from ewes' milk. It is available in deli shops; but you can use mild cheddar if you cannot get hold of the real thing. </p> <p>500g grated Savoy cabbage<br>2 tbsp butter<br>250g plain flour<br>Pinch of salt<br>1 large egg<br>2 tbsp oil<br>1tbsp honey<br>Salt and pepper<br>80g grated Katshkawalj cheese </p> <p>Pre-heat oven to 180C. Place the flour in a bowl and add the butter, the egg and a pinch of salt, mix to soft dough. Add some water to get the right consistency, about 1-2tbsp. The dough should be soft and elasticised. Roll it out to about 1cm thick on floured work surface. Heat the oil in heavy-based pan and add the cabbage, sweat for few minutes until soft, add the honey and stir until slightly brown. Cool completely before spreading it on the dough, season with salt and pepper and roll the dough like you would Swiss roll. Now cut the roll in 3-5cm pieces and roll into balls. Have a large saucepan with boiling salted water ready and drop the dumplings, a few at a time in it. They are ready as soon as they rise to the top. Dry and place all dumplings in a small baking tray. Cover them with grated Katshkawalj and bake in the oven for 10 minutes, finishing with 3-5 minutes under the grill to brown. </p> <p><strong>Price:</strong> \u00a33.10 </p> <p><strong>Hungarian goulash served with spatzle</strong> </p> <p>The origins of this dish date back to the 9th century, when nomadic tribes prepared a meal that was suitable for their way of life. They would stew the meat slowly until all cooking liquid had boiled away, then the meat was dried in the sun, so it could be used at a later time. There are many regional variations, but this is one of the best. </p> <p>Spatzle are small dumplings, made from flour, egg and cream poached in water. The word means \"little sparrow\" and they are typical of German, and Austro-Hungarian cuisines. Veal is the best meat to use in goulash, but pork is good too. Sauerkraut is white cabbage that is finely diced, salted and fermented. The word means, \"bitter herb\". It is a speciality of Alsace and Bavaria but is very common in eastern Europe, where households prepare it homemade for the winter months. It is available in good deli stores </p> <p>1kg sauerkraut<br>4tbsp buttermilk<br>125ml sour cream<br>800g veal fillet cut in 1cm cubes<br>2 small onions, chopped<br>4 tbsp olive oil<br>1tsp salt<br>1 tsp paprika<br>1tsp caraway seeds<br>1 large tomato chopped</p> <p><strong>Spatzle</strong> </p> <p>250g plain flour<br>2 large eggs<br>2 tbsp double cream<br>tsp salt <br>half tsp black pepper<br>tsp nutmeg </p> <p>To make the spatzle: </p> <p>Mix together the flour, eggs and cream to make a dough, season with salt, pepper and nutmeg. Have a large saucepan of boiling salted water ready. Shape the dough, using your hands, into small dumplings. Drop them few at the time in the water. They are ready when they rise to the top. Keep warm. </p> <p>To make the goulash: </p> <p>Squeeze the sauerkraut dry. In a heavy-base casserole saut\u00e9 the onions in oil, take them out and keep aside while you brown the veal. Add onions back as well as salt, paprika, chopped tomato and caraway seeds. Stir well and add the sauerkraut over it </p> <p>Pour enough water to just cover the cabbage and cover with a lid. Simmer until meat and cabbage are tender. Adjust the liquid with more water if needed. When ready add the sour cream and buttermilk. Season to taste and simmer for few more minutes. </p> <p>Serve goulash with spatzle. </p> <p><strong>Price:</strong> \u00a313.80 </p> <p><strong>Widow's kisses</strong> </p> <p>Typical Viennese tea biscuits and very easy to make. </p> <p>4 egg whites, large<br>175g caster sugar<br>225g shelled pecan nuts, coarsely chopped<br>115g candied orange peel, finely chopped </p> <p>Pre-heat the oven to 120C. Whisk the egg whites and sugar in a bowl sitting over hot water until thick and creamy. Remove from the heat and continue to whisk until cool. Fold in the nuts and peel. Spoon small rounds of the mixture on a lined baking sheet and bake in the oven for 15 minutes. Cool and serve with coffee or tea. You will have about 16. </p> <p><strong>Price:</strong> \u00a3 3.05 </p> <p><a href=\"mailto:cuisine20quid@aol.com\">cuisine20quid@aol.com</a></p> <p><strong>Ten quid tipples by Malcolm Gluck</strong></p> <p>To say this menu brought a tear to my eye (nothing to do with the chemical constituents of the pepper, nutmeg and paprika) is an understatement. I ate cabbage dumplings for breakfast every morning until the age of 17 (when I was introduced to cornflakes by a sympathetic older woman in Soho). However, this is the first time I have had to find wines to go with such things and so if my hand shakes as I pour please forgive me. </p> <p>A gratin of cabbage dumplings requires an aromatic white wine, and if money were no object I would specify an Austrian liquid made from the gruner-veltliner grape. However my budget compels me to shop more rationally, in the January sales, and so we shall visit the Co-op for the gently spicy own-label Argentine Torrontes-Chardonnay 2002/3 (reduced to \u00a32.99). Get the later vintage if you can for it is fresher and more biting. </p> <p>Now let us turn to the Hungarian goulash. If I were to eat the dish at home I would serve young Moselle riesling, of spatlese level, but my purse forces restraint and so I recommend the Co-op's Vin de Pays d'Oc cabernet sauvignon 2002 (down to \u00a32.79) which has sufficient fruit. However, you could serve a single white wine throughout this meal and in this case we can take advantage of Marks &amp; Spencer's current wine sale and acquire the gorgeous Domaine Mandeville Viognier 2002 (down to \u00a32.99) from the Midi. </p> <p>As for widow's kisses - I assume the name refers to their makers' habit of using them to seduce widowers (or any likely males for that matter) - we must surely serve tokaji, the great dessert wine of the Austro-Hungarian empire. Tesco has a bottle, of the 1996 vintage, for \u00a39.53. It will push you over the budget but it will keep you, deliciously tangily, within strict geographical bounds. </p> <p><strong>\u00b7 </strong>Malcolm Gluck is open for crits and questions at <a href=\"mailto:supergrub@dva.co.uk\">supergrub@dva.co.uk</a></p>",
      "newspaperPageNumber": "9",
      "wordcount": "1069",
      "commentable": "false",
      "isPremoderated": "false",
      "lastModified": "2017-11-26T04:28:42Z",
      "newspaperEditionDate": "2004-01-07T00:00:00Z",
      "productionOffice": "UK",
      "publication": "The Guardian",
      "shortUrl": "https://gu.com/p/xcqvp",
      "shouldHideAdverts": "false",
      "showInRelatedContent": "true",
      "legallySensitive": "false",
      "lang": "en",
      "bodyText": "Twenty quid cuisine by Silvena Rowe All dishes serve four Gratin of cabbage dumplings The success of the new Wolseley restaurant in London's Piccadilly has inspired me to make a menu of central European cafe cuisines. Cabbage dumplings are the perfect winter starter, smothered in katshkawalj - Bulgarian cheese made from ewes' milk. It is available in deli shops; but you can use mild cheddar if you cannot get hold of the real thing. 500g grated Savoy cabbage 2 tbsp butter 250g plain flour Pinch of salt 1 large egg 2 tbsp oil 1tbsp honey Salt and pepper 80g grated Katshkawalj cheese Pre-heat oven to 180C. Place the flour in a bowl and add the butter, the egg and a pinch of salt, mix to soft dough. Add some water to get the right consistency, about 1-2tbsp. The dough should be soft and elasticised. Roll it out to about 1cm thick on floured work surface. Heat the oil in heavy-based pan and add the cabbage, sweat for few minutes until soft, add the honey and stir until slightly brown. Cool completely before spreading it on the dough, season with salt and pepper and roll the dough like you would Swiss roll. Now cut the roll in 3-5cm pieces and roll into balls. Have a large saucepan with boiling salted water ready and drop the dumplings, a few at a time in it. They are ready as soon as they rise to the top. Dry and place all dumplings in a small baking tray. Cover them with grated Katshkawalj and bake in the oven for 10 minutes, finishing with 3-5 minutes under the grill to brown. Price: \u00a33.10 Hungarian goulash served with spatzle The origins of this dish date back to the 9th century, when nomadic tribes prepared a meal that was suitable for their way of life. They would stew the meat slowly until all cooking liquid had boiled away, then the meat was dried in the sun, so it could be used at a later time. There are many regional variations, but this is one of the best. Spatzle are small dumplings, made from flour, egg and cream poached in water. The word means \"little sparrow\" and they are typical of German, and Austro-Hungarian cuisines. Veal is the best meat to use in goulash, but pork is good too. Sauerkraut is white cabbage that is finely diced, salted and fermented. The word means, \"bitter herb\". It is a speciality of Alsace and Bavaria but is very common in eastern Europe, where households prepare it homemade for the winter months. It is available in good deli stores 1kg sauerkraut 4tbsp buttermilk 125ml sour cream 800g veal fillet cut in 1cm cubes 2 small onions, chopped 4 tbsp olive oil 1tsp salt 1 tsp paprika 1tsp caraway seeds 1 large tomato chopped Spatzle 250g plain flour 2 large eggs 2 tbsp double cream tsp salt half tsp black pepper tsp nutmeg To make the spatzle: Mix together the flour, eggs and cream to make a dough, season with salt, pepper and nutmeg. Have a large saucepan of boiling salted water ready. Shape the dough, using your hands, into small dumplings. Drop them few at the time in the water. They are ready when they rise to the top. Keep warm. To make the goulash: Squeeze the sauerkraut dry. In a heavy-base casserole saut\u00e9 the onions in oil, take them out and keep aside while you brown the veal. Add onions back as well as salt, paprika, chopped tomato and caraway seeds. Stir well and add the sauerkraut over it Pour enough water to just cover the cabbage and cover with a lid. Simmer until meat and cabbage are tender. Adjust the liquid with more water if needed. When ready add the sour cream and buttermilk. Season to taste and simmer for few more minutes. Serve goulash with spatzle. Price: \u00a313.80 Widow's kisses Typical Viennese tea biscuits and very easy to make. 4 egg whites, large 175g caster sugar 225g shelled pecan nuts, coarsely chopped 115g candied orange peel, finely chopped Pre-heat the oven to 120C. Whisk the egg whites and sugar in a bowl sitting over hot water until thick and creamy. Remove from the heat and continue to whisk until cool. Fold in the nuts and peel. Spoon small rounds of the mixture on a lined baking sheet and bake in the oven for 15 minutes. Cool and serve with coffee or tea. You will have about 16. Price: \u00a3 3.05 cuisine20quid@aol.com Ten quid tipples by Malcolm Gluck To say this menu brought a tear to my eye (nothing to do with the chemical constituents of the pepper, nutmeg and paprika) is an understatement. I ate cabbage dumplings for breakfast every morning until the age of 17 (when I was introduced to cornflakes by a sympathetic older woman in Soho). However, this is the first time I have had to find wines to go with such things and so if my hand shakes as I pour please forgive me. A gratin of cabbage dumplings requires an aromatic white wine, and if money were no object I would specify an Austrian liquid made from the gruner-veltliner grape. However my budget compels me to shop more rationally, in the January sales, and so we shall visit the Co-op for the gently spicy own-label Argentine Torrontes-Chardonnay 2002/3 (reduced to \u00a32.99). Get the later vintage if you can for it is fresher and more biting. Now let us turn to the Hungarian goulash. If I were to eat the dish at home I would serve young Moselle riesling, of spatlese level, but my purse forces restraint and so I recommend the Co-op's Vin de Pays d'Oc cabernet sauvignon 2002 (down to \u00a32.79) which has sufficient fruit. However, you could serve a single white wine throughout this meal and in this case we can take advantage of Marks &amp; Spencer's current wine sale and acquire the gorgeous Domaine Mandeville Viognier 2002 (down to \u00a32.99) from the Midi. As for widow's kisses - I assume the name refers to their makers' habit of using them to seduce widowers (or any likely males for that matter) - we must surely serve tokaji, the great dessert wine of the Austro-Hungarian empire. Tesco has a bottle, of the 1996 vintage, for \u00a39.53. It will push you over the budget but it will keep you, deliciously tangily, within strict geographical bounds. \u00b7 Malcolm Gluck is open for crits and questions at supergrub@dva.co.uk",
      "charCount": "6021"
    },
    "isHosted": false,
    "pillarId": "pillar/lifestyle",
    "pillarName": "Lifestyle"
  }
]