[
  {
    "id": "business/2004/oct/25/marksspencer.money1",
    "type": "article",
    "sectionId": "business",
    "sectionName": "Business",
    "webPublicationDate": "2004-10-25T12:09:06Z",
    "webTitle": "Strong response to M&S buyback offer",
    "webUrl": "https://www.theguardian.com/business/2004/oct/25/marksspencer.money1",
    "apiUrl": "https://content.guardianapis.com/business/2004/oct/25/marksspencer.money1",
    "fields": {
      "headline": "Strong response to M&S buyback offer",
      "trailText": "<p>Marks &amp; Spencer today set the price for its record share buyback above market expectations, at 362p per share.</p>",
      "byline": "Adam Jay and agencies",
      "main": "",
      "body": "<p>Marks &amp; Spencer today set the price for its record share buyback above market expectations, at 362p per share.</p> <p>The retailer said demand for the \u00a32.3bn buyback - the largest ever tender offer by a UK company - was oversubscribed, and that allocations at the \"strike price\" would have to be scaled back. </p> <p>The buyback - a fundamental part of chief executive Stuart Rose's defence to July's 400p-a-share takeover bid from retail tycoon Philip Green - was approved by shareholders on Friday. An extraordinary general meeting saw 99.56% of shareholders vote for the scheme.</p> <p>\"I think that this expresses a certain degree of confidence in what Rose is doing,\" said Rebecca McClellan, an analyst at brokers Exane in London. She added that she had been expecting a price closer to the 356p mid-point of the 332-380p range. </p> <p>\"Clearly a lot of private shareholders won't have subscribed but some of the institutions would have put in higher offers, thinking that if they don't get that price the share would trade up there in the short term,\" she said.</p> <p>Shareholders had until Friday to tender a price at which they were prepared to sell. Those offering at or below the strike price will automatically sell their holdings back to the company for cancellation, while those who tendered a price above 362p will hang on to their shares. </p> <p>The price set represented a 5p premium on Friday's closing price of 357p. The shares had eased by 1.25p to 355.75p by noon. </p> <p>The tender offer enables M&amp;S to cut the number of shares in issue by 635.4m shares, or 27.9%, to 1.65bn shares. The move means that investors who choose not to sell will end up with a greater stake in the company.</p> <p>It will also strengthen the position of the \"die hard\" private investors who control more than a quarter of the company and effectively defeated Mr Green's \u00a39.1bn takeover attempt at July's annual meeting.</p> <p>Major institutional shareholders including Brandes Investment Partners - which supported Mr Green's bid - as well as UBS, Deutsche Bank and Cater Allen, will be forced by stock market rules to declare changes in their stakes within the next few days. </p> <p>Some will have successfully tendered and see their holdings decline, while others are likely to have sat tight and consequently see their stakes strengthened. </p> <p>M&amp;S chairman Paul Myners said he was \"pleased that the tender offer has been completed successfully\". The oversubscription meant that while all shareholders who tendered offers below 362p will have them accepted in full, anyone who tendered at the strike price will see only 43.4% of the shares they offered for sale repurchased.</p> <p>Iain McDonald of Numis Securities said that some stock held by hedge fund investors and not successfully tendered could find its way back onto the market in the short term and weaken the share price.</p> <p>But he added that in the longer term there was substantial potential for \"bouncebackability\" in the business.</p> <p>\"Philip Green was prepared to pay 400p per share for this business because he thought he could make a large amount of money by doing so. We suspect that many of the measures being followed by Rose and his team are exactly what Green would have done anyway,\" he said.</p>",
      "wordcount": "555",
      "commentable": "false",
      "isPremoderated": "false",
      "lastModified": "2004-10-25T12:09:06Z",
      "newspaperEditionDate": "2004-10-25T00:00:00Z",
      "productionOffice": "UK",
      "publication": "theguardian.com",
      "shortUrl": "https://gu.com/p/895e",
      "shouldHideAdverts": "false",
      "showInRelatedContent": "true",
      "legallySensitive": "false",
      "lang": "en",
      "bodyText": "Marks &amp; Spencer today set the price for its record share buyback above market expectations, at 362p per share. The retailer said demand for the \u00a32.3bn buyback - the largest ever tender offer by a UK company - was oversubscribed, and that allocations at the \"strike price\" would have to be scaled back. The buyback - a fundamental part of chief executive Stuart Rose's defence to July's 400p-a-share takeover bid from retail tycoon Philip Green - was approved by shareholders on Friday. An extraordinary general meeting saw 99.56% of shareholders vote for the scheme. \"I think that this expresses a certain degree of confidence in what Rose is doing,\" said Rebecca McClellan, an analyst at brokers Exane in London. She added that she had been expecting a price closer to the 356p mid-point of the 332-380p range. \"Clearly a lot of private shareholders won't have subscribed but some of the institutions would have put in higher offers, thinking that if they don't get that price the share would trade up there in the short term,\" she said. Shareholders had until Friday to tender a price at which they were prepared to sell. Those offering at or below the strike price will automatically sell their holdings back to the company for cancellation, while those who tendered a price above 362p will hang on to their shares. The price set represented a 5p premium on Friday's closing price of 357p. The shares had eased by 1.25p to 355.75p by noon. The tender offer enables M&amp;S to cut the number of shares in issue by 635.4m shares, or 27.9%, to 1.65bn shares. The move means that investors who choose not to sell will end up with a greater stake in the company. It will also strengthen the position of the \"die hard\" private investors who control more than a quarter of the company and effectively defeated Mr Green's \u00a39.1bn takeover attempt at July's annual meeting. Major institutional shareholders including Brandes Investment Partners - which supported Mr Green's bid - as well as UBS, Deutsche Bank and Cater Allen, will be forced by stock market rules to declare changes in their stakes within the next few days. Some will have successfully tendered and see their holdings decline, while others are likely to have sat tight and consequently see their stakes strengthened. M&amp;S chairman Paul Myners said he was \"pleased that the tender offer has been completed successfully\". The oversubscription meant that while all shareholders who tendered offers below 362p will have them accepted in full, anyone who tendered at the strike price will see only 43.4% of the shares they offered for sale repurchased. Iain McDonald of Numis Securities said that some stock held by hedge fund investors and not successfully tendered could find its way back onto the market in the short term and weaken the share price. But he added that in the longer term there was substantial potential for \"bouncebackability\" in the business. \"Philip Green was prepared to pay 400p per share for this business because he thought he could make a large amount of money by doing so. We suspect that many of the measures being followed by Rose and his team are exactly what Green would have done anyway,\" he said.",
      "charCount": "3191"
    },
    "isHosted": false,
    "pillarId": "pillar/news",
    "pillarName": "News"
  },
  {
    "id": "business/2004/oct/25/housingmarket.houseprices",
    "type": "article",
    "sectionId": "business",
    "sectionName": "Business",
    "webPublicationDate": "2004-10-25T11:48:04Z",
    "webTitle": "'Stagnation not deflation' in housing market",
    "webUrl": "https://www.theguardian.com/business/2004/oct/25/housingmarket.houseprices",
    "apiUrl": "https://content.guardianapis.com/business/2004/oct/25/housingmarket.houseprices",
    "fields": {
      "headline": "'Stagnation not deflation' in housing market",
      "trailText": "<p>The housing market has peaked but is not heading into the abyss, analysts said today, as figures showed property price falls for the fourth  consecutive month. </p>",
      "byline": "Press Association",
      "main": "",
      "body": "<p>The housing market has peaked but is not heading into the abyss, analysts said today, as figures showed property price falls for the fourth consecutive month. </p> <p>Stagnation rather than deflation was the prediction for the slowing market from experts at property research company Hometrack. No counties reported any price increases, while average house prices fell by 0.6%, its October survey found. </p> <p>The excess supply of properties on the market increased again, with the number of buyers registered with estate agents falling by 3.8% and the number of properties listed increasing by 5.6%. This points to further house price falls in the coming months, Hometrack said. Agreed sales fell by 1%, and although the number is still decreasing, it is at a slower rate than previously. </p> <p>The average time taken to sell rose again to six weeks and five days and the average selling price fell to 93.7% of the asking price, the lowest Hometrack has recorded. The largest price falls occurred in Avon (down 1.6%), north London (down 1.5%), south-west, south-east and east London (all down 1.2%). </p> <p>While the south experienced the highest property price falls, values in the north were also slipping. The average national property price stands at \u00a3165,800, down 1.2% on its peak of \u00a3167,700 in June 2004. </p> <p>John Wriglesworth, Hometrack's housing economist, said: \"While rising interest rates have influenced the recent run of house price falls, the key reason for the stagnating house price environment is that house prices have finally reached their peak in the current cycle. </p> <p>\"House prices are likely to drop further over the next few months due to the current excess supply and the expected seasonal fall off in the number of prospective buyers. Prices should however begin rising again in spring next year. </p> <p>\"Overall, we continue to expect 0% house price inflation for 2005. Stagnation, not deflation, is the most likely future course of house prices over the next 18 months.\"</p>",
      "wordcount": "330",
      "commentable": "false",
      "isPremoderated": "false",
      "lastModified": "2017-09-20T21:45:57Z",
      "newspaperEditionDate": "2004-10-25T00:00:00Z",
      "productionOffice": "UK",
      "publication": "theguardian.com",
      "shortUrl": "https://gu.com/p/895a",
      "shouldHideAdverts": "false",
      "showInRelatedContent": "true",
      "legallySensitive": "false",
      "lang": "en",
      "bodyText": "The housing market has peaked but is not heading into the abyss, analysts said today, as figures showed property price falls for the fourth consecutive month. Stagnation rather than deflation was the prediction for the slowing market from experts at property research company Hometrack. No counties reported any price increases, while average house prices fell by 0.6%, its October survey found. The excess supply of properties on the market increased again, with the number of buyers registered with estate agents falling by 3.8% and the number of properties listed increasing by 5.6%. This points to further house price falls in the coming months, Hometrack said. Agreed sales fell by 1%, and although the number is still decreasing, it is at a slower rate than previously. The average time taken to sell rose again to six weeks and five days and the average selling price fell to 93.7% of the asking price, the lowest Hometrack has recorded. The largest price falls occurred in Avon (down 1.6%), north London (down 1.5%), south-west, south-east and east London (all down 1.2%). While the south experienced the highest property price falls, values in the north were also slipping. The average national property price stands at \u00a3165,800, down 1.2% on its peak of \u00a3167,700 in June 2004. John Wriglesworth, Hometrack's housing economist, said: \"While rising interest rates have influenced the recent run of house price falls, the key reason for the stagnating house price environment is that house prices have finally reached their peak in the current cycle. \"House prices are likely to drop further over the next few months due to the current excess supply and the expected seasonal fall off in the number of prospective buyers. Prices should however begin rising again in spring next year. \"Overall, we continue to expect 0% house price inflation for 2005. Stagnation, not deflation, is the most likely future course of house prices over the next 18 months.\"",
      "charCount": "1959"
    },
    "isHosted": false,
    "pillarId": "pillar/news",
    "pillarName": "News"
  },
  {
    "id": "business/2004/oct/25/football",
    "type": "article",
    "sectionId": "business",
    "sectionName": "Business",
    "webPublicationDate": "2004-10-25T09:15:03Z",
    "webTitle": "United ends Glazer talks",
    "webUrl": "https://www.theguardian.com/business/2004/oct/25/football",
    "apiUrl": "https://content.guardianapis.com/business/2004/oct/25/football",
    "fields": {
      "headline": "United ends Glazer talks",
      "standfirst": "Glazer bid \"not in the best interests of the company\" according to United board",
      "trailText": "<p>Share price crashes after United board report that the American's bid is \"not in the best interest of the company\".</p>",
      "byline": "Adam Jay",
      "main": "",
      "body": "<p>Manchester United fans still celebrating yesterday's victory over Arsenal received what most would regard as even better news today - the club has ended takeover talks with Malcolm Glazer.</p> <p>In a statement to the stock exchange, the United board said it had not received a definitive proposal from the American sports tycoon's company - the Glazer Family Limited Partnership - but had reviewed an \"outline business plan which would be used to support an offer\". But it had concluded that an offer based on the plan would be too heavily reliant on borrowed cash.</p> <p>\"The board has decided to inform all shareholders that it would regard an offer which it believes to be overly leveraged as not being in the best interests of the company,\" the statement read. </p> <p>\"Accordingly the board has determined that it would not support any offer underpinned by the structure which has been outlined in relation to the Glazer Family's potential offer. </p> <p>\"The board has informed the Glazer Family of these views and that it has therefore terminated discussions with respect to the current proposals.\"</p> <p>The club said that financial returns were \"very closely correlated with performance on the pitch\" and that its existing capital structure gave it a \"distinct competitive advantage\" to pursue commercial opportunities and invest in the team.</p> <p>But United said it would continue talks with Mr Glazer \"in order to seek to develop a long-term solution that brings stability to the company's ownership structure\".</p> <p>Mr Glazer - the owner of American football team the Tampa Bay Buccaneers - increased his holding in United to 28.11% last week. His stake leaves him just shy of the 28.89% owned by Irish racehorse owners John Magnier and JP McManus, and little short of the 30% at which shareholders are obliged to launch a formal takeover bid for a company.</p> <p>Discussions between Mr Glazer and Cubic Expression - Mr Magnier and Mr McManus's investment vehicle - broke down earlier this month. United then issued a statement on October 15, saying it had held \"preliminary discussions\" with Mr Glazer and that his company continued \"to consider all its options in relation to its shareholding in Manchester United, including the possibility of making an offer\".</p> <p>Today the club confirmed that its discussions with Mr Glazer had continued past October 15, but that they had now terminated. The news sent United shares crashing 11.75p to 272p by 9.30am.</p> <p>Many United supporters - some of whom protested at the club's Old Trafford ground yesterday - are understood to have thrown their weight behind a rival plan led by Seymour Pierce. The City broker, headed by United fan and former Football League chairman Keith Harris, held talks with Japanese bank Nomura in an effort to increase supporters' holdings and thwart Mr Glazer.</p>",
      "wordcount": "465",
      "commentable": "false",
      "isPremoderated": "false",
      "lastModified": "2017-02-20T21:06:10Z",
      "newspaperEditionDate": "2004-10-25T00:00:00Z",
      "productionOffice": "UK",
      "publication": "theguardian.com",
      "shortUrl": "https://gu.com/p/dmp4",
      "shouldHideAdverts": "false",
      "showInRelatedContent": "true",
      "legallySensitive": "false",
      "lang": "en",
      "bodyText": "Manchester United fans still celebrating yesterday's victory over Arsenal received what most would regard as even better news today - the club has ended takeover talks with Malcolm Glazer. In a statement to the stock exchange, the United board said it had not received a definitive proposal from the American sports tycoon's company - the Glazer Family Limited Partnership - but had reviewed an \"outline business plan which would be used to support an offer\". But it had concluded that an offer based on the plan would be too heavily reliant on borrowed cash. \"The board has decided to inform all shareholders that it would regard an offer which it believes to be overly leveraged as not being in the best interests of the company,\" the statement read. \"Accordingly the board has determined that it would not support any offer underpinned by the structure which has been outlined in relation to the Glazer Family's potential offer. \"The board has informed the Glazer Family of these views and that it has therefore terminated discussions with respect to the current proposals.\" The club said that financial returns were \"very closely correlated with performance on the pitch\" and that its existing capital structure gave it a \"distinct competitive advantage\" to pursue commercial opportunities and invest in the team. But United said it would continue talks with Mr Glazer \"in order to seek to develop a long-term solution that brings stability to the company's ownership structure\". Mr Glazer - the owner of American football team the Tampa Bay Buccaneers - increased his holding in United to 28.11% last week. His stake leaves him just shy of the 28.89% owned by Irish racehorse owners John Magnier and JP McManus, and little short of the 30% at which shareholders are obliged to launch a formal takeover bid for a company. Discussions between Mr Glazer and Cubic Expression - Mr Magnier and Mr McManus's investment vehicle - broke down earlier this month. United then issued a statement on October 15, saying it had held \"preliminary discussions\" with Mr Glazer and that his company continued \"to consider all its options in relation to its shareholding in Manchester United, including the possibility of making an offer\". Today the club confirmed that its discussions with Mr Glazer had continued past October 15, but that they had now terminated. The news sent United shares crashing 11.75p to 272p by 9.30am. Many United supporters - some of whom protested at the club's Old Trafford ground yesterday - are understood to have thrown their weight behind a rival plan led by Seymour Pierce. The City broker, headed by United fan and former Football League chairman Keith Harris, held talks with Japanese bank Nomura in an effort to increase supporters' holdings and thwart Mr Glazer.",
      "charCount": "2787"
    },
    "isHosted": false,
    "pillarId": "pillar/news",
    "pillarName": "News"
  },
  {
    "id": "money/2004/oct/25/business.interestrates",
    "type": "article",
    "sectionId": "money",
    "sectionName": "Money",
    "webPublicationDate": "2004-10-25T08:24:42Z",
    "webTitle": "'Inflation stable until end of year'",
    "webUrl": "https://www.theguardian.com/money/2004/oct/25/business.interestrates",
    "apiUrl": "https://content.guardianapis.com/money/2004/oct/25/business.interestrates",
    "fields": {
      "headline": "'Inflation stable until end of year'",
      "trailText": "<p>Inflation is set to stay low and stable despite some violent swings in the price of goods and services, a senior member of the Bank of  England said today. </p>",
      "byline": "Press Association",
      "main": "",
      "body": "<p>Inflation is set to stay low and stable despite some violent swings in the price of goods and services, a senior member of the Bank of England said today. </p> <p>Consumer Price Index (CPI) inflation appears likely to remain fairly close to its current level of 1.1% for the rest of 2004, Richard Lambert said in a speech in Glasgow. </p> <p>Competition forcing down prices on the high street and the new-found independence of the Bank of England in setting interest rates were among factors contributing to the situation, Mr Lambert said. </p> <p>However, he said the likely path of inflation during the coming year was uncertain. </p> <p>The Bank's monetary policy committee (MPC) would keep an open mind in setting rates and would make its decisions according to how data and business surveys unfolded. </p> <p>\"I think we are in for an interesting few months,\" Mr Lambert said. </p> <p>Mr Lambert told the Institute of Chartered Accountants in Glasgow that inflation in the UK this year had been surprisingly weak. </p> <p>The CPI could start to move ahead sharply in the next year or two if structural changes in the economy had accelerated unexpectedly or temporary or cyclical factors were holding back inflation. </p> <p>One striking feature of the UK in the past six years had been the particular weakness of goods price inflation, which had been showing modest declines through most of the period. </p> <p>This could be explained by prices of consumer goods imports being soft or structural changes in the UK leading to a fall in costs or a squeeze in margins. </p> <p>Increased overseas competition had led to dramatic reductions in clothing prices, forcing domestic producers to cut costs in order to survive, Mr Lambert said. </p> <p>There had also been big changes in the way clothing was sold in the UK, with a squeeze on the wholesaling side and big supermarket chains forcing their way into the clothing business. </p> <p>With further trade liberalisation to come next year, the price of clothing should continue to pull down the cost of the family shopping basket, he predicted. </p> <p>He said: \"Globalisation, changing technology, deregulation, structural change in the labour market - all of these have contributed to an era of low and stable inflation, not just in the UK but across the developed world.\"</p>",
      "wordcount": "377",
      "commentable": "false",
      "isPremoderated": "false",
      "lastModified": "2004-10-26T08:24:42Z",
      "newspaperEditionDate": "2004-10-25T00:00:00Z",
      "productionOffice": "UK",
      "publication": "theguardian.com",
      "shortUrl": "https://gu.com/p/895q",
      "shouldHideAdverts": "false",
      "showInRelatedContent": "true",
      "legallySensitive": "false",
      "lang": "en",
      "bodyText": "Inflation is set to stay low and stable despite some violent swings in the price of goods and services, a senior member of the Bank of England said today. Consumer Price Index (CPI) inflation appears likely to remain fairly close to its current level of 1.1% for the rest of 2004, Richard Lambert said in a speech in Glasgow. Competition forcing down prices on the high street and the new-found independence of the Bank of England in setting interest rates were among factors contributing to the situation, Mr Lambert said. However, he said the likely path of inflation during the coming year was uncertain. The Bank's monetary policy committee (MPC) would keep an open mind in setting rates and would make its decisions according to how data and business surveys unfolded. \"I think we are in for an interesting few months,\" Mr Lambert said. Mr Lambert told the Institute of Chartered Accountants in Glasgow that inflation in the UK this year had been surprisingly weak. The CPI could start to move ahead sharply in the next year or two if structural changes in the economy had accelerated unexpectedly or temporary or cyclical factors were holding back inflation. One striking feature of the UK in the past six years had been the particular weakness of goods price inflation, which had been showing modest declines through most of the period. This could be explained by prices of consumer goods imports being soft or structural changes in the UK leading to a fall in costs or a squeeze in margins. Increased overseas competition had led to dramatic reductions in clothing prices, forcing domestic producers to cut costs in order to survive, Mr Lambert said. There had also been big changes in the way clothing was sold in the UK, with a squeeze on the wholesaling side and big supermarket chains forcing their way into the clothing business. With further trade liberalisation to come next year, the price of clothing should continue to pull down the cost of the family shopping basket, he predicted. He said: \"Globalisation, changing technology, deregulation, structural change in the labour market - all of these have contributed to an era of low and stable inflation, not just in the UK but across the developed world.\"",
      "charCount": "2222"
    },
    "isHosted": false,
    "pillarId": "pillar/lifestyle",
    "pillarName": "Lifestyle"
  },
  {
    "id": "business/2004/oct/25/marksspencer.money",
    "type": "article",
    "sectionId": "business",
    "sectionName": "Business",
    "webPublicationDate": "2004-10-25T00:19:54Z",
    "webTitle": "Strong response to M&S buyback offer",
    "webUrl": "https://www.theguardian.com/business/2004/oct/25/marksspencer.money",
    "apiUrl": "https://content.guardianapis.com/business/2004/oct/25/marksspencer.money",
    "fields": {
      "headline": "Strong response to M&S buyback offer",
      "trailText": "<p>Marks &amp; Spencer today set the price for its record share buyback above market expectations, at 362p per share.</p>",
      "byline": "Adam Jay and agencies",
      "main": "",
      "body": "<p>Marks &amp; Spencer today set the price for its record share buyback above market expectations, at 362p per share.</p> <p>The retailer said demand for the \u00a32.3bn buyback - the largest ever tender offer by a UK company - was oversubscribed, and that allocations at the \"strike price\" would have to be scaled back. </p> <p>The buyback - a fundamental part of chief executive Stuart Rose's defence to July's 400p-a-share takeover bid from retail tycoon Philip Green - was approved by shareholders on Friday. An extraordinary general meeting saw 99.56% of shareholders vote for the scheme.</p> <p>\"I think that this expresses a certain degree of confidence in what Rose is doing,\" said Rebecca McClellan, an analyst at brokers Exane in London. She added that she had been expecting a price closer to the 356p mid-point of the 332-380p range. </p> <p>\"Clearly a lot of private shareholders won't have subscribed but some of the institutions would have put in higher offers, thinking that if they don't get that price the share would trade up there in the short term,\" she said.</p> <p>Shareholders had until Friday to tender a price at which they were prepared to sell. Those offering at or below the strike price will automatically sell their holdings back to the company for cancellation, while those who tendered a price above 362p will hang on to their shares. </p> <p>The price set represented a 5p premium on Friday's closing price of 357p. The shares had eased by 1.25p to 355.75p by noon. </p> <p>The tender offer enables M&amp;S to cut the number of shares in issue by 635.4m shares, or 27.9%, to 1.65bn shares. The move means that investors who choose not to sell will end up with a greater stake in the company.</p> <p>It will also strengthen the position of the \"die hard\" private investors who control more than a quarter of the company and effectively defeated Mr Green's \u00a39.1bn takeover attempt at July's annual meeting.</p> <p>Major institutional shareholders including Brandes Investment Partners - which supported Mr Green's bid - as well as UBS, Deutsche Bank and Cater Allen, will be forced by stock market rules to declare changes in their stakes within the next few days. </p> <p>Some will have successfully tendered and see their holdings decline, while others are likely to have sat tight and consequently see their stakes strengthened. </p> <p>M&amp;S chairman Paul Myners said he was \"pleased that the tender offer has been completed successfully\". The oversubscription meant that while all shareholders who tendered offers below 362p will have them accepted in full, anyone who tendered at the strike price will see only 43.4% of the shares they offered for sale repurchased.</p> <p>Iain McDonald of Numis Securities said that some stock held by hedge fund investors and not successfully tendered could find its way back onto the market in the short term and weaken the share price.</p> <p>But he added that in the longer term there was substantial potential for \"bouncebackability\" in the business.</p> <p>\"Philip Green was prepared to pay 400p per share for this business because he thought he could make a large amount of money by doing so. We suspect that many of the measures being followed by Rose and his team are exactly what Green would have done anyway,\" he said.</p>",
      "wordcount": "555",
      "commentable": "false",
      "isPremoderated": "false",
      "lastModified": "2004-10-26T00:19:54Z",
      "newspaperEditionDate": "2004-10-25T00:00:00Z",
      "productionOffice": "UK",
      "publication": "theguardian.com",
      "shortUrl": "https://gu.com/p/895d",
      "shouldHideAdverts": "false",
      "showInRelatedContent": "true",
      "legallySensitive": "false",
      "lang": "en",
      "bodyText": "Marks &amp; Spencer today set the price for its record share buyback above market expectations, at 362p per share. The retailer said demand for the \u00a32.3bn buyback - the largest ever tender offer by a UK company - was oversubscribed, and that allocations at the \"strike price\" would have to be scaled back. The buyback - a fundamental part of chief executive Stuart Rose's defence to July's 400p-a-share takeover bid from retail tycoon Philip Green - was approved by shareholders on Friday. An extraordinary general meeting saw 99.56% of shareholders vote for the scheme. \"I think that this expresses a certain degree of confidence in what Rose is doing,\" said Rebecca McClellan, an analyst at brokers Exane in London. She added that she had been expecting a price closer to the 356p mid-point of the 332-380p range. \"Clearly a lot of private shareholders won't have subscribed but some of the institutions would have put in higher offers, thinking that if they don't get that price the share would trade up there in the short term,\" she said. Shareholders had until Friday to tender a price at which they were prepared to sell. Those offering at or below the strike price will automatically sell their holdings back to the company for cancellation, while those who tendered a price above 362p will hang on to their shares. The price set represented a 5p premium on Friday's closing price of 357p. The shares had eased by 1.25p to 355.75p by noon. The tender offer enables M&amp;S to cut the number of shares in issue by 635.4m shares, or 27.9%, to 1.65bn shares. The move means that investors who choose not to sell will end up with a greater stake in the company. It will also strengthen the position of the \"die hard\" private investors who control more than a quarter of the company and effectively defeated Mr Green's \u00a39.1bn takeover attempt at July's annual meeting. Major institutional shareholders including Brandes Investment Partners - which supported Mr Green's bid - as well as UBS, Deutsche Bank and Cater Allen, will be forced by stock market rules to declare changes in their stakes within the next few days. Some will have successfully tendered and see their holdings decline, while others are likely to have sat tight and consequently see their stakes strengthened. M&amp;S chairman Paul Myners said he was \"pleased that the tender offer has been completed successfully\". The oversubscription meant that while all shareholders who tendered offers below 362p will have them accepted in full, anyone who tendered at the strike price will see only 43.4% of the shares they offered for sale repurchased. Iain McDonald of Numis Securities said that some stock held by hedge fund investors and not successfully tendered could find its way back onto the market in the short term and weaken the share price. But he added that in the longer term there was substantial potential for \"bouncebackability\" in the business. \"Philip Green was prepared to pay 400p per share for this business because he thought he could make a large amount of money by doing so. We suspect that many of the measures being followed by Rose and his team are exactly what Green would have done anyway,\" he said.",
      "charCount": "3191"
    },
    "isHosted": false,
    "pillarId": "pillar/news",
    "pillarName": "News"
  }
]