[
  {
    "id": "business/2004/oct/21/7",
    "type": "article",
    "sectionId": "business",
    "sectionName": "Business",
    "webPublicationDate": "2004-10-21T22:59:22Z",
    "webTitle": "Notebook",
    "webUrl": "https://www.theguardian.com/business/2004/oct/21/7",
    "apiUrl": "https://content.guardianapis.com/business/2004/oct/21/7",
    "fields": {
      "headline": "FT gets its share of justice",
      "standfirst": "A victory for common sense",
      "trailText": "<p><strong>Notebook: </strong>A victory for common sense.</p>",
      "main": "",
      "body": "<p>We won't pretend the financial pages of a newspaper are wholly disinterested in this legal point, but let us give thanks anyway to Lord Justice Tugendhat for striking out Collins Stewart's \u00a3230m claim for special damages against the Financial Times. Hearing such a case would be a waste of court time, the judge said. </p> <p>The argument was not whether the FT libelled Collins Stewart - that will be decided in a separate trial next year -but whether the broker should be entitled to claim damages for the drop in its stock market value should it win the libel case. The figure Collins Stewart was claiming was a cool \u00a3230m, enough to cause a serious dent at Pearson, the FT's owner, let alone the newspaper itself. </p> <p>Yesterday's ruling is a victory as much for common sense as for press freedom. How, for instance, could one decide to what degree the fall in a share price, and thus a company's value, was the direct result of a newspaper article? </p> <p>Try applying the principle at BP or Shell, which roll around with the oil price. In any case, over what period would you try to judge such a thing - the day after publication, maybe a week, a month or more? </p> <p>And what would happen in a case where the share price rose after a damaging press article? It is easy to imagine: share prices often rise when the market reckons the chances of a takeover have just increased. </p> <p>Then there is the simple point, established in the court of appeal a few years ago, that a company in itself is not damaged by a fall in its share price; it is the shareholders who have suffered from the fall in the value of their investment. That still sounds sensible. </p> <p><strong> Stretch marques </strong><br> </p> <p> These are good days indeed for the private equity industry. Two of the industry's best-known practitioners, Carlyle and Kohlberg Kravis Roberts, are reported to have given a whopping combined total of $15.6bn (\u00a38.6bn) back to investors over the last 18 months. </p> <p>In one sense their success is no great surprise, though it may revive interest in Carlyle's much talked-about political connections. Since the dotcom crash merger and acquisition has been replaced by demerger and buyout, with private equity groups well to the fore. </p> <p>So it has all turned out nice for the hugely rewarded venture capital bosses and their increasingly prosperous investors. But management and investors in the selling firms may well want to ponder on exactly whose expense the chunky gains have been made. One of the corporate buzzwords of recent years has been focus. </p> <p>With share prices on the skids, companies were urged to concentrate on what they did best, to repair ravaged balance sheets by flogging anything from recent, often expensive, acquisitions to long held cash cows. Management time was best occupied with the core bits of the business. </p> <p>For some, no doubt, that was sound advice. For others, however, it recalls the criticism of BMW's decision to build the Mini. </p> <p>Forget it, BMW was told. It won't fit your model range and will never make the same margins as the 7-series. Now come up with a European carmaker that wouldn't want the Mini among its marques on either sales or margin terms. </p> <p>Sadly the corporate community, under pressure from analysts and investors, has sold plenty of potential Minis. Just ask the equity capitalists. </p> <p><strong> Trouble in store </strong><br> </p> <p> Could the first green shoot signifying the revival of J Sainsbury have just poked its head out of the manure? </p> <p>Just 24 hours after Justin King unveiled his ideas for Making Sainsbury's Great Again, new TNS Superpanel data on grocers' market share shows a teensy improvement at the store chain whose unique selling point is empty shelves. </p> <p>In the most recent 12 weeks Sainsbury's share of the market crept ahead to 15.4%, up from 15.3% last month. Could this be the first indication that the price cuts already ordered by Mr King are starting to pay off? Could it be that the new TV ads featuring that nice Mr Oliver and focusing on quality are sending a better message? </p> <p>Let's not get too carried away. Sainsbury's share is still well down on last year's 15.8%, while the unstoppable Tesco machine has also inched up on the month - from 28% to 28.1% and has advanced from 26.6% since last year. And Asda is up 0.2% on last month. So green shoots? No. </p> <p>But if Sainsbury can take anything from the latest figures, it is that Wm Morrison might have equally horrid problems. Some City analysts expected the Bradford boys to swiftly sprint past Sainsbury in a post-Safeway merger glow. </p> <p>But Safeway's sales are now tumbling and their market share is down to 6.3%. That is only to be expected because they are being converted to Morrison's black and yellow livery. But the idea was that under the new livery sales would rocket - so the sum of Safeway and Morrison's shares together should be increasing. Not so. The current 13.4% compares to 14.7% a year ago. Morrison's heads south today to present its interims. Investors are worried. Morrisons has never done City glad-handing, and they reckon the sudden willingness to schmooze can only be a bad sign.</p>",
      "newspaperPageNumber": "21",
      "wordcount": "887",
      "commentable": "false",
      "isPremoderated": "false",
      "lastModified": "2004-10-20T22:59:22Z",
      "newspaperEditionDate": "2004-10-21T00:00:00Z",
      "productionOffice": "UK",
      "publication": "theguardian.com",
      "shortUrl": "https://gu.com/p/88mx",
      "shouldHideAdverts": "false",
      "showInRelatedContent": "true",
      "legallySensitive": "false",
      "lang": "en",
      "bodyText": "We won't pretend the financial pages of a newspaper are wholly disinterested in this legal point, but let us give thanks anyway to Lord Justice Tugendhat for striking out Collins Stewart's \u00a3230m claim for special damages against the Financial Times. Hearing such a case would be a waste of court time, the judge said. The argument was not whether the FT libelled Collins Stewart - that will be decided in a separate trial next year -but whether the broker should be entitled to claim damages for the drop in its stock market value should it win the libel case. The figure Collins Stewart was claiming was a cool \u00a3230m, enough to cause a serious dent at Pearson, the FT's owner, let alone the newspaper itself. Yesterday's ruling is a victory as much for common sense as for press freedom. How, for instance, could one decide to what degree the fall in a share price, and thus a company's value, was the direct result of a newspaper article? Try applying the principle at BP or Shell, which roll around with the oil price. In any case, over what period would you try to judge such a thing - the day after publication, maybe a week, a month or more? And what would happen in a case where the share price rose after a damaging press article? It is easy to imagine: share prices often rise when the market reckons the chances of a takeover have just increased. Then there is the simple point, established in the court of appeal a few years ago, that a company in itself is not damaged by a fall in its share price; it is the shareholders who have suffered from the fall in the value of their investment. That still sounds sensible. Stretch marques These are good days indeed for the private equity industry. Two of the industry's best-known practitioners, Carlyle and Kohlberg Kravis Roberts, are reported to have given a whopping combined total of $15.6bn (\u00a38.6bn) back to investors over the last 18 months. In one sense their success is no great surprise, though it may revive interest in Carlyle's much talked-about political connections. Since the dotcom crash merger and acquisition has been replaced by demerger and buyout, with private equity groups well to the fore. So it has all turned out nice for the hugely rewarded venture capital bosses and their increasingly prosperous investors. But management and investors in the selling firms may well want to ponder on exactly whose expense the chunky gains have been made. One of the corporate buzzwords of recent years has been focus. With share prices on the skids, companies were urged to concentrate on what they did best, to repair ravaged balance sheets by flogging anything from recent, often expensive, acquisitions to long held cash cows. Management time was best occupied with the core bits of the business. For some, no doubt, that was sound advice. For others, however, it recalls the criticism of BMW's decision to build the Mini. Forget it, BMW was told. It won't fit your model range and will never make the same margins as the 7-series. Now come up with a European carmaker that wouldn't want the Mini among its marques on either sales or margin terms. Sadly the corporate community, under pressure from analysts and investors, has sold plenty of potential Minis. Just ask the equity capitalists. Trouble in store Could the first green shoot signifying the revival of J Sainsbury have just poked its head out of the manure? Just 24 hours after Justin King unveiled his ideas for Making Sainsbury's Great Again, new TNS Superpanel data on grocers' market share shows a teensy improvement at the store chain whose unique selling point is empty shelves. In the most recent 12 weeks Sainsbury's share of the market crept ahead to 15.4%, up from 15.3% last month. Could this be the first indication that the price cuts already ordered by Mr King are starting to pay off? Could it be that the new TV ads featuring that nice Mr Oliver and focusing on quality are sending a better message? Let's not get too carried away. Sainsbury's share is still well down on last year's 15.8%, while the unstoppable Tesco machine has also inched up on the month - from 28% to 28.1% and has advanced from 26.6% since last year. And Asda is up 0.2% on last month. So green shoots? No. But if Sainsbury can take anything from the latest figures, it is that Wm Morrison might have equally horrid problems. Some City analysts expected the Bradford boys to swiftly sprint past Sainsbury in a post-Safeway merger glow. But Safeway's sales are now tumbling and their market share is down to 6.3%. That is only to be expected because they are being converted to Morrison's black and yellow livery. But the idea was that under the new livery sales would rocket - so the sum of Safeway and Morrison's shares together should be increasing. Not so. The current 13.4% compares to 14.7% a year ago. Morrison's heads south today to present its interims. Investors are worried. Morrisons has never done City glad-handing, and they reckon the sudden willingness to schmooze can only be a bad sign.",
      "charCount": "5026"
    },
    "isHosted": false,
    "pillarId": "pillar/news",
    "pillarName": "News"
  },
  {
    "id": "business/2004/oct/21/ftse.stockmarkets",
    "type": "article",
    "sectionId": "business",
    "sectionName": "Business",
    "webPublicationDate": "2004-10-21T22:57:43Z",
    "webTitle": "Neil Hume: market forces",
    "webUrl": "https://www.theguardian.com/business/2004/oct/21/ftse.stockmarkets",
    "apiUrl": "https://content.guardianapis.com/business/2004/oct/21/ftse.stockmarkets",
    "fields": {
      "headline": "City expects clean bill for Shire",
      "trailText": "<p><strong>Market forces:</strong> Shire Pharmaceuticals resisted the FTSE 100's strong downward trend yesterday amid talk that its most important drug may finally be given the all-clear by United States regulators next week. </p>",
      "byline": "Neil Hume",
      "main": "",
      "body": "<p><strong>Shire Pharmaceuticals</strong> resisted the FTSE 100's strong downward trend yesterday amid talk that its most important drug may finally be given the all-clear by United States regulators next week. </p> <p>Fosrenol, which helps to remove excess phosphorus from the bodies of patients with kidney failure, has been in front of the US Food and Drug Administration for more than two years. Shire shares suffered a wobble in July after the FDA announced it needed another three months to consider new data involving formulation and dosage. </p> <p>Analysts believe the reason the FDA has taken its time approving the drug is because its active ingredient is a heavy metal, lanthanum, which in other drugs has been linked to brain damage. </p> <p>However, the talk in the Square Mile was that Fosrenol would be given the green light when the FDA meets on Tuesday and that Shire would get a \"clean label\", a critical requirement because it would allow the company to charge more for the drug. Fosrenol is key to Shire's future because its top-selling product, Adderall XR, a treatment for children with hyperactivity disorder, could soon face generic competition. </p> <p>Shire shares closed 2p higher at 524p. </p> <p>In the wider market, the leading shares sank in reaction to a weak overnight performance from Wall Street, which continued yesterday, and a resurgent oil price. </p> <p>The final scores showed the <strong>FTSE 100</strong> adrift 38.8 points at 4,616.4, with the mining sector among the big fallers on concerns that tomorrow's GDP figures will show the Chinese economy is starting to run out of steam. <strong>Rio Tinto</strong> was the worst hit, falling 18p to \u00a314.21. </p> <p>Elsewhere, the<strong> FTSE 250</strong> slumped 45.1 points to 6,244.6, while the <strong>FTSE Small Cap</strong> index eased 11.1 points to 2,577.9. In the bond market, the benchmark 10-year gilt closed at a seven-month low of 102.410, yielding 4.692%. </p> <p><strong>Scottish &amp; Newcastle</strong>, up 14.5p to 397.5p, led a small band of blue chip gainers after the brewing company rubbished recent rumours of poor trading and said it was on course to meet its full-year profit forecast. </p> <p><strong>BAE Systems</strong>, Europe's leading defence contractor, put in a creditable performance. Despite trading without entitlement to a 3.7p dividend, its shares closed just 4.75p lower at 238.25p after Merrill Lynch joined the ranks of brokers who believe the company is close to signing a deal with the government for a second tranche of Eurofighter jets. </p> <p>\"We understand that Eurofighter Tranche 2 (and equally importantly Tranche 1 repricing) goes before the Investment Approval Board on October 25th - we believe it will be approved. This is expected to be sufficient to allow BAE Systems to recognise future profit on Eurofighter Tranche 1 in 2005,\" Merrill said. </p> <p>Lower down the market,<strong>Ryanair</strong> eased 0.11 cents to \u20ac3.65, unsettled by speculation of a big share placing. However, traders said rumours that boss Michael O'Leary was looking to offload 15m shares were likely to prove wide of the mark, given that the company is in a quiet period ahead of half-year results on November 2. </p> <p>Despite news of a delay to its Nasdaq listing, <strong> Bioprogress</strong> gained 5p to 129p. The rise came after US firm AXM Pharma announced it had acquired the Chinese distribution rights for Bioprogress's Soluleaves, a dissolve in the-mouth delivery technology. </p> <p>In the housebuilding sector, takeover target <strong>Countryside Properties</strong> eased 2p to 270p, unsettled by a gloomy trading update from <strong>Taylor Woodrow</strong>, down 8.5p at 235p. However, Woodrow's warning that it would build 6% fewer houses than expected in 2004 did not stop the mysterious Rock Pacific from picking up a further 500,000 shares in Country wide, taking its holding to nearly 10.9%. </p> <p>Indeed, after an early bout of uncertainty the whole housebuilding sector, with the exception of overvalued takeover target <strong>Redrow</strong> - down 12.25p to 331.25p - proved remarkably resilient. Despite trading ex-dividend, <strong> Barratt Developments</strong> fell just 12p to 500.5p, while <strong>Bovis Homes</strong> actually rose 1.5p to 508p and <strong>Crest Nicholson</strong> faded 2p to 344p. Traders attributed these robust performances to the realisation that many housebuilders are trading close to, or below, net asset value, the best measure of their true value. </p> <p>\"Wilson Bowden's share price has been below its annualised NAV only four times since 1987 for a sustained period (ie, three months at most) and the average bounce in the share price post a recovery has been around 40%,\" Bridgewell Securities pointed out in a note to clients. </p> <p><strong>Uniq</strong> eased 1.5p to 171p after the food group said it had rejected two takeover approaches because they were subject to substantial uncertainties and undervalued the company. Dealers believe the approaches were from private equity groups and were below the current share price because they needed to take into account the company's \u00a3100m pension fund deficit. </p> <p>Talk of strong trading helped clothing retailer <strong>Alexon</strong> rise 7p to 345.5p. </p> <p>Finally, look out for construction company <strong>Amec</strong>, off 2.5p to 309.5p. Traders reckon market speculators will try to push the stock higher over the next couple of days by peddling the line that next week's third-quarter figures from American rival Fluor Corporation will be accompanied by a bid for the company. You have been warned.</p>",
      "newspaperPageNumber": "24",
      "wordcount": "884",
      "commentable": "false",
      "isPremoderated": "false",
      "lastModified": "2004-10-20T22:57:43Z",
      "newspaperEditionDate": "2004-10-21T00:00:00Z",
      "productionOffice": "UK",
      "publication": "theguardian.com",
      "shortUrl": "https://gu.com/p/88m6",
      "shouldHideAdverts": "false",
      "showInRelatedContent": "true",
      "legallySensitive": "false",
      "lang": "en",
      "bodyText": "Shire Pharmaceuticals resisted the FTSE 100's strong downward trend yesterday amid talk that its most important drug may finally be given the all-clear by United States regulators next week. Fosrenol, which helps to remove excess phosphorus from the bodies of patients with kidney failure, has been in front of the US Food and Drug Administration for more than two years. Shire shares suffered a wobble in July after the FDA announced it needed another three months to consider new data involving formulation and dosage. Analysts believe the reason the FDA has taken its time approving the drug is because its active ingredient is a heavy metal, lanthanum, which in other drugs has been linked to brain damage. However, the talk in the Square Mile was that Fosrenol would be given the green light when the FDA meets on Tuesday and that Shire would get a \"clean label\", a critical requirement because it would allow the company to charge more for the drug. Fosrenol is key to Shire's future because its top-selling product, Adderall XR, a treatment for children with hyperactivity disorder, could soon face generic competition. Shire shares closed 2p higher at 524p. In the wider market, the leading shares sank in reaction to a weak overnight performance from Wall Street, which continued yesterday, and a resurgent oil price. The final scores showed the FTSE 100 adrift 38.8 points at 4,616.4, with the mining sector among the big fallers on concerns that tomorrow's GDP figures will show the Chinese economy is starting to run out of steam. Rio Tinto was the worst hit, falling 18p to \u00a314.21. Elsewhere, the FTSE 250 slumped 45.1 points to 6,244.6, while the FTSE Small Cap index eased 11.1 points to 2,577.9. In the bond market, the benchmark 10-year gilt closed at a seven-month low of 102.410, yielding 4.692%. Scottish &amp; Newcastle, up 14.5p to 397.5p, led a small band of blue chip gainers after the brewing company rubbished recent rumours of poor trading and said it was on course to meet its full-year profit forecast. BAE Systems, Europe's leading defence contractor, put in a creditable performance. Despite trading without entitlement to a 3.7p dividend, its shares closed just 4.75p lower at 238.25p after Merrill Lynch joined the ranks of brokers who believe the company is close to signing a deal with the government for a second tranche of Eurofighter jets. \"We understand that Eurofighter Tranche 2 (and equally importantly Tranche 1 repricing) goes before the Investment Approval Board on October 25th - we believe it will be approved. This is expected to be sufficient to allow BAE Systems to recognise future profit on Eurofighter Tranche 1 in 2005,\" Merrill said. Lower down the market,Ryanair eased 0.11 cents to \u20ac3.65, unsettled by speculation of a big share placing. However, traders said rumours that boss Michael O'Leary was looking to offload 15m shares were likely to prove wide of the mark, given that the company is in a quiet period ahead of half-year results on November 2. Despite news of a delay to its Nasdaq listing, Bioprogress gained 5p to 129p. The rise came after US firm AXM Pharma announced it had acquired the Chinese distribution rights for Bioprogress's Soluleaves, a dissolve in the-mouth delivery technology. In the housebuilding sector, takeover target Countryside Properties eased 2p to 270p, unsettled by a gloomy trading update from Taylor Woodrow, down 8.5p at 235p. However, Woodrow's warning that it would build 6% fewer houses than expected in 2004 did not stop the mysterious Rock Pacific from picking up a further 500,000 shares in Country wide, taking its holding to nearly 10.9%. Indeed, after an early bout of uncertainty the whole housebuilding sector, with the exception of overvalued takeover target Redrow - down 12.25p to 331.25p - proved remarkably resilient. Despite trading ex-dividend, Barratt Developments fell just 12p to 500.5p, while Bovis Homes actually rose 1.5p to 508p and Crest Nicholson faded 2p to 344p. Traders attributed these robust performances to the realisation that many housebuilders are trading close to, or below, net asset value, the best measure of their true value. \"Wilson Bowden's share price has been below its annualised NAV only four times since 1987 for a sustained period (ie, three months at most) and the average bounce in the share price post a recovery has been around 40%,\" Bridgewell Securities pointed out in a note to clients. Uniq eased 1.5p to 171p after the food group said it had rejected two takeover approaches because they were subject to substantial uncertainties and undervalued the company. Dealers believe the approaches were from private equity groups and were below the current share price because they needed to take into account the company's \u00a3100m pension fund deficit. Talk of strong trading helped clothing retailer Alexon rise 7p to 345.5p. Finally, look out for construction company Amec, off 2.5p to 309.5p. Traders reckon market speculators will try to push the stock higher over the next couple of days by peddling the line that next week's third-quarter figures from American rival Fluor Corporation will be accompanied by a bid for the company. You have been warned.",
      "charCount": "5203"
    },
    "isHosted": false,
    "pillarId": "pillar/news",
    "pillarName": "News"
  },
  {
    "id": "media/2004/oct/21/radio.rajarradioaudiencefigures",
    "type": "article",
    "sectionId": "media",
    "sectionName": "Media",
    "webPublicationDate": "2004-10-21T13:00:15Z",
    "webTitle": "City gives Capital thumbs up",
    "webUrl": "https://www.theguardian.com/media/2004/oct/21/radio.rajarradioaudiencefigures",
    "apiUrl": "https://content.guardianapis.com/media/2004/oct/21/radio.rajarradioaudiencefigures",
    "fields": {
      "headline": "City gives Capital thumbs up",
      "trailText": "<p>Capital Radio's share price rose 11p in early trading today as the City took the decline in Johnny Vaughan's breakfast show figures in its stride. By <strong>Julia Day</strong>.</p>",
      "byline": "Julia Day",
      "main": "",
      "body": "<p>Capital Radio's share price rose 11p in early trading today on the news that its flagship London station has increased its audience and share of listening as the station seeks to shed its \"arrogant\" image and modernise its sound.</p> <p>The City responded positively to the station's latest ratings, taking the drop in Johnny Vaughan's breakfast show figures in its stride.</p> <p>What impressed analysts, however, was the fact that the station's listening share in London had risen from 6.6% last quarter to 7.2% for the period from June 21 to September 12, according to Rajar figures published today.</p> <p>Lorna Tilbian, media analyst at Numis Securities, said the market was relieved Capital had improved its share after a poor set of figures last quarter.</p> <p>\"The dismal results last time have been wholly reversed. Last time the share was 6.6% and it was like 'shock, horror', this was a station which had had a 7.9%.</p> <p>\"But now because there is a number seven in front [of the share figure] people feel more comfortable.\"</p> <p>Ms Tilbian added that Vaughan's show - which has lost more than 144,000 listeners in the last three months - will take time to bed in.</p> <p>Earlier today the Capital chief executive, David Mansfield, confirmed that listeners were sampling other stations since the departure of Chris Tarrant, who had more than 300,000 more listeners than Vaughan.</p> <p>The station overall has widened the share of listening gap between itself and London rival station Chrysalis' Heart.</p> <p>Last quarter Heart was just 0.1% behind Capital, but is now trailing by 1.8% with a total 5.4% share after losing 119,000 listeners.</p> <p>Keith Pringle, the Capital group director of programming, said Vaughan had made people reassess the station and tune in for a younger sound.</p> <p>\"Overall it is a very good quarter for us. With Chris [Tarrant] people grew up and grew old listening to him and we needed a fresher, hipper, more contemporary feel. And Johnny is the key to providing that reason for Londoners to reassess our more modern London feel,\" said Mr Pringle.</p> <p>\"There is more depth to the personality of the station than two or three years ago and we're more relevant and in touch with people.</p> <p>\"And we've got rid of that arrogant, 'we're number one' vibe that we're big and powerful. Now we're more friendly.\"</p> <p>He said the listeners Vaughan is losing are the over-50s but that the station was gaining more of the 15- to 24-year-olds it is targeting, and stressed that Vaughan was at the station for the long-term.</p> <p>\"There is no Plan B [with Vaughan]. We know enough about radio to know that Johnny is the right man for the job.\"</p> <p>As for the rise in popularity of Radio 1's Chris Moyles in London, he was dismissive. \"Chris Moyles is a battle we can win and we are winning by some margin. </p> <p>\"Capital breakfast is still the biggest. Come on fat boy,\" he said, laying down the gauntlet to the Radio 1 breakfast host.</p> <p><strong>\u00b7</strong> To contact the MediaGuardian news desk email <a href=\"mailto:editor@mediatheguardian.com\">editor@mediatheguardian.com</a> or phone 020 7239 9857</p> <p><strong><strong>\u00b7</strong></strong> If you are writing a comment for publication, please mark clearly \"for publication\".</p>",
      "wordcount": "536",
      "commentable": "false",
      "isPremoderated": "false",
      "lastModified": "2016-08-11T20:34:11Z",
      "newspaperEditionDate": "2004-10-21T00:00:00Z",
      "productionOffice": "UK",
      "publication": "theguardian.com",
      "shortUrl": "https://gu.com/p/88n4",
      "shouldHideAdverts": "false",
      "showInRelatedContent": "true",
      "legallySensitive": "false",
      "lang": "en",
      "bodyText": "Capital Radio's share price rose 11p in early trading today on the news that its flagship London station has increased its audience and share of listening as the station seeks to shed its \"arrogant\" image and modernise its sound. The City responded positively to the station's latest ratings, taking the drop in Johnny Vaughan's breakfast show figures in its stride. What impressed analysts, however, was the fact that the station's listening share in London had risen from 6.6% last quarter to 7.2% for the period from June 21 to September 12, according to Rajar figures published today. Lorna Tilbian, media analyst at Numis Securities, said the market was relieved Capital had improved its share after a poor set of figures last quarter. \"The dismal results last time have been wholly reversed. Last time the share was 6.6% and it was like 'shock, horror', this was a station which had had a 7.9%. \"But now because there is a number seven in front [of the share figure] people feel more comfortable.\" Ms Tilbian added that Vaughan's show - which has lost more than 144,000 listeners in the last three months - will take time to bed in. Earlier today the Capital chief executive, David Mansfield, confirmed that listeners were sampling other stations since the departure of Chris Tarrant, who had more than 300,000 more listeners than Vaughan. The station overall has widened the share of listening gap between itself and London rival station Chrysalis' Heart. Last quarter Heart was just 0.1% behind Capital, but is now trailing by 1.8% with a total 5.4% share after losing 119,000 listeners. Keith Pringle, the Capital group director of programming, said Vaughan had made people reassess the station and tune in for a younger sound. \"Overall it is a very good quarter for us. With Chris [Tarrant] people grew up and grew old listening to him and we needed a fresher, hipper, more contemporary feel. And Johnny is the key to providing that reason for Londoners to reassess our more modern London feel,\" said Mr Pringle. \"There is more depth to the personality of the station than two or three years ago and we're more relevant and in touch with people. \"And we've got rid of that arrogant, 'we're number one' vibe that we're big and powerful. Now we're more friendly.\" He said the listeners Vaughan is losing are the over-50s but that the station was gaining more of the 15- to 24-year-olds it is targeting, and stressed that Vaughan was at the station for the long-term. \"There is no Plan B [with Vaughan]. We know enough about radio to know that Johnny is the right man for the job.\" As for the rise in popularity of Radio 1's Chris Moyles in London, he was dismissive. \"Chris Moyles is a battle we can win and we are winning by some margin. \"Capital breakfast is still the biggest. Come on fat boy,\" he said, laying down the gauntlet to the Radio 1 breakfast host. \u00b7 To contact the MediaGuardian news desk email editor@mediatheguardian.com or phone 020 7239 9857 \u00b7 If you are writing a comment for publication, please mark clearly \"for publication\".",
      "charCount": "3055"
    },
    "isHosted": false,
    "pillarId": "pillar/news",
    "pillarName": "News"
  },
  {
    "id": "money/2004/oct/21/cashpoints",
    "type": "article",
    "sectionId": "money",
    "sectionName": "Money",
    "webPublicationDate": "2004-10-21T12:20:29Z",
    "webTitle": "Cashpoints: Minister calls women's pensions a 'national scandal', while house prices continue to fall",
    "webUrl": "https://www.theguardian.com/money/2004/oct/21/cashpoints",
    "apiUrl": "https://content.guardianapis.com/money/2004/oct/21/cashpoints",
    "fields": {
      "headline": "Cashpoints: Minister calls women's pensions a 'national scandal', while house prices continue to fall",
      "trailText": "<p><strong>&#183;</strong> Women hit hardest by pension crisis<br />    <strong>&#183;</strong> Kathleen Hennessy answers your consumer questions <br />    <strong>&#183;</strong> Rppd off by txt msg?</p>",
      "main": "",
      "body": "<p><strong>\u00b7</strong> Women hit hardest by pension crisis<br> <strong>\u00b7</strong> Kathleen Hennessy answers your consumer questions <br> <strong>\u00b7</strong> Rppd off by txt msg?</p> <p><strong>October 21: Women lose in pensions scandal says minister </strong><br> The new secretary of state for work and pensions yesterday described the women's pensions crisis as a \"national scandal\" as he reiterated his support for a more generous basic state pension scheme.  <a href=\"http://money.theguardian.com/news_/story/0,1456,1332157,00.html\">Story in full</a></p> <p><strong>On Guardian Unlimited Money</strong><br> <a href=\"http://money.theguardian.com/pensionsincrisis/0,12199,,00.html\"> Special report: pensions in crisis</a></p> <p><strong>OTHER NEWS</strong></p> <p><strong>October 21: High street rings up shock sales rise</strong><br>An unexpected rise in retail sales last month has contradicted signs that the economy is slowing down. The Office for National Statistics said sales volumes were up 1% in September - the fastest increase since January.  <a href=\"http://money.theguardian.com/businessnews/article/0,11507,1332563,00.html\">Story in full</a></p> <p><strong>On Guardian Unlimited Money</strong><br> <a href=\"http://money.theguardian.com/businessnews/0,1267,,00.html\">More business news</a></p> <p><strong>October 19: Property market faces up to 12 months of stagnation </strong><br> Home buyers and owners were warned yesterday by two separate surveys of the property market that house prices were continuing to fall.  <a href=\"http://money.theguardian.com/houseprices/story/0,1456,1330591,00.html\">Story in full</a></p> <p><strong>On Guardian Unlimited Money</strong><br> <a href=\"http://money.theguardian.com/houseprices/0,1456,,00.html\"> Special report: house prices</a></p> <p><strong>\u00b7</strong> Do you have any feedback on any of these issues that you want get off your chest? Email us at money.editor@guardianunlimited.co.uk</p> <p><strong>ASK THE EXPERTS</strong></p> <p><strong>Question of the week</strong><br> \"I recently bought a pair of jeans for \u00a316, plus \u00a33.50 postage and packing, from eBay. As requested by the seller, I sent payment via Fastpay, which was collected on August 16.</p> <p>As I have written proof of receipt of payment, proof of the seller's address and a written agreement to post the goods to me is there any legal way I can force her to supply me with either a refund or the goods I paid for?\"</p> <p><strong>Our consumer expert, Kathleen Hennessy, says:</strong> \"Generally, you have the same consumer rights when shopping online as you do when shopping on the high street. However, when you buy privately, and online auctions come under the classification of private sales, you generally have fewer rights, though these mostly relate to the quality of the goods.</p> <p>\"Even with restricted consumer rights, if no date is agreed between buyer and seller, delivery of goods must be within 30 days of the order. If no goods arrive you are entitled to a full refund, or to ignore the order if you haven't paid ... \" <br><a href=\"http://money.theguardian.com/experts/consumer/story/0,11106,1330900,00.html\">Read her answer in full here</a></p> <p><strong>\u00b7</strong> Any questions? Email our panel of experts on financial concerns, consumer gripes, legal wrangles, debt worries and career-related problems at money.theguardian.com/experts</p> <p><strong>FEATURE</strong></p> <p><strong>txt msg rippd u off? </strong></p> <p><strong>Despite the best efforts of watchdogs, websites and phone companies, unscrupulous text scammers are still preying on credulous mobile users. Who operates these scams? And what can phone users do to protect themselves? Emma Lunn finds out</strong></p> <p>Most mobile phone owners will at some point have received a rogue text: an SMS message intended to dupe the recipient into calling an expensive premium rate number to claim prizes which often do not exist, or are not what they seem. </p> <p>Frequently, these messages promise some generic object of desire such as a free holiday, a cash reward or a new relationship. People calling the numbers provided (which usually begin with the digits 090) can be charged up to \u00a31.50 a minute, and are often to be left hanging on for some time before either giving up or \"winning\" a prize that is either virtually worthless or requires some sort of hidden outlay. </p> <p>Another common scam is repeatedly to send unwanted ringtones, charged at up to \u00a31.50 a time, and often sent when the owner has not knowingly subscribed to the service ... <br><a href=\"http://money.theguardian.com/scamsandfraud/story/0,13802,1327473,00.html\">Read the article in full here</a></p> <p><strong>ON GUARDIAN UNLIMITED MONEY</strong><br> Sick of winter already? Maybe it's time to head for the sun - for good. Find out how with our cash clinic on buying property abroad.<br>&lt;a href=\"http://money.theguardian.com/buyingpropertyabroad/0,14757,1259249,00.htmlCash clinic: moving overseas\".</p> <p><strong>Paying too much for your gas and electricity?</strong><br> Use our independent service to compare prices from every supplier in the UK and switch online. The service is free and could save you up to 30%.<br> <a href=\"http://products.xelector.com/guardianukmoney/Utilities/\">Find out more here</a>.</p>",
      "wordcount": "690",
      "commentable": "false",
      "isPremoderated": "false",
      "lastModified": "2004-10-21T12:20:29Z",
      "newspaperEditionDate": "2004-10-21T00:00:00Z",
      "productionOffice": "UK",
      "publication": "theguardian.com",
      "shortUrl": "https://gu.com/p/88n6",
      "shouldHideAdverts": "false",
      "showInRelatedContent": "true",
      "legallySensitive": "false",
      "lang": "en",
      "bodyText": "\u00b7 Women hit hardest by pension crisis \u00b7 Kathleen Hennessy answers your consumer questions \u00b7 Rppd off by txt msg? October 21: Women lose in pensions scandal says minister The new secretary of state for work and pensions yesterday described the women's pensions crisis as a \"national scandal\" as he reiterated his support for a more generous basic state pension scheme. Story in full On Guardian Unlimited Money Special report: pensions in crisis OTHER NEWS October 21: High street rings up shock sales rise An unexpected rise in retail sales last month has contradicted signs that the economy is slowing down. The Office for National Statistics said sales volumes were up 1% in September - the fastest increase since January. Story in full On Guardian Unlimited Money More business news October 19: Property market faces up to 12 months of stagnation Home buyers and owners were warned yesterday by two separate surveys of the property market that house prices were continuing to fall. Story in full On Guardian Unlimited Money Special report: house prices \u00b7 Do you have any feedback on any of these issues that you want get off your chest? Email us at money.editor@guardianunlimited.co.uk ASK THE EXPERTS Question of the week \"I recently bought a pair of jeans for \u00a316, plus \u00a33.50 postage and packing, from eBay. As requested by the seller, I sent payment via Fastpay, which was collected on August 16. As I have written proof of receipt of payment, proof of the seller's address and a written agreement to post the goods to me is there any legal way I can force her to supply me with either a refund or the goods I paid for?\" Our consumer expert, Kathleen Hennessy, says: \"Generally, you have the same consumer rights when shopping online as you do when shopping on the high street. However, when you buy privately, and online auctions come under the classification of private sales, you generally have fewer rights, though these mostly relate to the quality of the goods. \"Even with restricted consumer rights, if no date is agreed between buyer and seller, delivery of goods must be within 30 days of the order. If no goods arrive you are entitled to a full refund, or to ignore the order if you haven't paid ... \" Read her answer in full here \u00b7 Any questions? Email our panel of experts on financial concerns, consumer gripes, legal wrangles, debt worries and career-related problems at money.theguardian.com/experts FEATURE txt msg rippd u off? Despite the best efforts of watchdogs, websites and phone companies, unscrupulous text scammers are still preying on credulous mobile users. Who operates these scams? And what can phone users do to protect themselves? Emma Lunn finds out Most mobile phone owners will at some point have received a rogue text: an SMS message intended to dupe the recipient into calling an expensive premium rate number to claim prizes which often do not exist, or are not what they seem. Frequently, these messages promise some generic object of desire such as a free holiday, a cash reward or a new relationship. People calling the numbers provided (which usually begin with the digits 090) can be charged up to \u00a31.50 a minute, and are often to be left hanging on for some time before either giving up or \"winning\" a prize that is either virtually worthless or requires some sort of hidden outlay. Another common scam is repeatedly to send unwanted ringtones, charged at up to \u00a31.50 a time, and often sent when the owner has not knowingly subscribed to the service ... Read the article in full here ON GUARDIAN UNLIMITED MONEY Sick of winter already? Maybe it's time to head for the sun - for good. Find out how with our cash clinic on buying property abroad.",
      "charCount": "3693"
    },
    "isHosted": false,
    "pillarId": "pillar/lifestyle",
    "pillarName": "Lifestyle"
  },
  {
    "id": "society/2004/oct/21/hospitals.medicineandhealth",
    "type": "article",
    "sectionId": "society",
    "sectionName": "Society",
    "webPublicationDate": "2004-10-21T01:16:55Z",
    "webTitle": "Higher drugs bill for hospitals as AZ scraps discounts",
    "webUrl": "https://www.theguardian.com/society/2004/oct/21/hospitals.medicineandhealth",
    "apiUrl": "https://content.guardianapis.com/society/2004/oct/21/hospitals.medicineandhealth",
    "fields": {
      "headline": "Higher drugs bill for hospitals as AZ scraps discounts",
      "trailText": "<p>The UK's second largest drugs company, AstraZeneca, has angered hospitals by scrapping the price discounts on some of its drugs, therefore increasing costs for the institutions. </p>",
      "byline": "Heather Tomlinson",
      "main": "",
      "body": "<p>The UK's second largest drugs company, AstraZeneca, has angered hospitals by scrapping the price discounts on some of its drugs, therefore increasing costs for the institutions. </p> <p>NHS sources identified certain respiratory, cancer, gastric and anaesthetic drugs as having \"bulk purchase\" discounts removed or reduced by AstraZeneca this year. The issue has been raised nationally within the NHS. </p> <p>Breast and prostate cancer drug Zoladex and general anaesthetic Diprivan are two drugs that have had the discounts scrapped by AstraZeneca, sources said. </p> <p>The combined cost is not known but is likely to be in the region of tens of millions of pounds. </p> <p>The increase seems to have worsened relations between the company and some hospitals. \"It will have a significant impact,\" said one drug purchasing executive. \"There is a lot of disquiet. You think twice about committing business on other products when they take this line.\" </p> <p>Not all executives were troubled about the changes but at some hospitals, even a small increase has upset this year's budgets. </p> <p>The scrapping of discounts for bulk buying is being increasingly used by drug firms, with GlaxoSmithKline, Wyeth and Pfizer also believed to have adopted the practice to a lesser extent. </p> <p>\"Following an extensive review of the current environment, including the NHS driven unification of primary and secondary care budgets, AstraZeneca has decided to realign some of its hospital discounts,\" said a spokesman for the firm. \"In taking this decision, AstraZeneca has followed the lead of other major pharmaceutical companies. AstraZeneca is committed to working with our customers that may be affected by this change and will continue to encourage transparent dialogue with the NHS.\" </p> <p>Hospitals are often given discounts by the major companies for buying large amounts of drugs. </p> <p>The benefit to the companies comes because patients are likely to continue with the hospital-prescribed drug when they leave hospital and are under the care of their GP. </p> <p>Pharmaceutical companies have been more careful about their discounting practices since 2001 when Napp Pharmaceuticals was fined \u00a33m for supplying a form of morphine to hospitals much more cheaply than to community pharmacies. The fine was later reduced on appeal. </p> <p>British drug companies are facing an imposed price cut by the government, as a scheme to regulate the amount of profits they make is being renegotiated. Industry executives are expecting a cut in their undiscounted prices of between 5% and 10%. </p> <p>AstraZeneca - which reports third quarter results today - is in the middle of a \"root and branch review\" to increase productivity at the firm via \"streamlining\". However Sir Tom McKillop, the chief executive, has said that there will be no job losses. </p> <p>Before the merger of Swedish firm Astra and Britain's Zeneca in 1999, Astra had a reputation in the British industry of using particularly aggressive sales tactics. This culture is spreading to Zeneca sales staff causing some disquiet for the employees as well as the hospitals. </p> <p>According to Department of Health data, the NHS spent \u00a379m on Zoladex last year when discounts are not taken into account. </p> <p>Yesterday data was released that showed that drug sales around the world have increased by 8% in the year to August, according to research firm IMS Health. </p> <p>Pfizer, the world's largest drugs firm and manufacturer of Viagra, also reported results yesterday and admitted that its sales growth will be hit next year when four drugs lose their patent protection from competitors.</p>",
      "newspaperPageNumber": "20",
      "wordcount": "563",
      "commentable": "false",
      "isPremoderated": "false",
      "lastModified": "2017-09-20T23:13:59Z",
      "newspaperEditionDate": "2004-10-21T00:00:00Z",
      "productionOffice": "UK",
      "publication": "theguardian.com",
      "shortUrl": "https://gu.com/p/88yq",
      "shouldHideAdverts": "false",
      "showInRelatedContent": "true",
      "legallySensitive": "false",
      "lang": "en",
      "bodyText": "The UK's second largest drugs company, AstraZeneca, has angered hospitals by scrapping the price discounts on some of its drugs, therefore increasing costs for the institutions. NHS sources identified certain respiratory, cancer, gastric and anaesthetic drugs as having \"bulk purchase\" discounts removed or reduced by AstraZeneca this year. The issue has been raised nationally within the NHS. Breast and prostate cancer drug Zoladex and general anaesthetic Diprivan are two drugs that have had the discounts scrapped by AstraZeneca, sources said. The combined cost is not known but is likely to be in the region of tens of millions of pounds. The increase seems to have worsened relations between the company and some hospitals. \"It will have a significant impact,\" said one drug purchasing executive. \"There is a lot of disquiet. You think twice about committing business on other products when they take this line.\" Not all executives were troubled about the changes but at some hospitals, even a small increase has upset this year's budgets. The scrapping of discounts for bulk buying is being increasingly used by drug firms, with GlaxoSmithKline, Wyeth and Pfizer also believed to have adopted the practice to a lesser extent. \"Following an extensive review of the current environment, including the NHS driven unification of primary and secondary care budgets, AstraZeneca has decided to realign some of its hospital discounts,\" said a spokesman for the firm. \"In taking this decision, AstraZeneca has followed the lead of other major pharmaceutical companies. AstraZeneca is committed to working with our customers that may be affected by this change and will continue to encourage transparent dialogue with the NHS.\" Hospitals are often given discounts by the major companies for buying large amounts of drugs. The benefit to the companies comes because patients are likely to continue with the hospital-prescribed drug when they leave hospital and are under the care of their GP. Pharmaceutical companies have been more careful about their discounting practices since 2001 when Napp Pharmaceuticals was fined \u00a33m for supplying a form of morphine to hospitals much more cheaply than to community pharmacies. The fine was later reduced on appeal. British drug companies are facing an imposed price cut by the government, as a scheme to regulate the amount of profits they make is being renegotiated. Industry executives are expecting a cut in their undiscounted prices of between 5% and 10%. AstraZeneca - which reports third quarter results today - is in the middle of a \"root and branch review\" to increase productivity at the firm via \"streamlining\". However Sir Tom McKillop, the chief executive, has said that there will be no job losses. Before the merger of Swedish firm Astra and Britain's Zeneca in 1999, Astra had a reputation in the British industry of using particularly aggressive sales tactics. This culture is spreading to Zeneca sales staff causing some disquiet for the employees as well as the hospitals. According to Department of Health data, the NHS spent \u00a379m on Zoladex last year when discounts are not taken into account. Yesterday data was released that showed that drug sales around the world have increased by 8% in the year to August, according to research firm IMS Health. Pfizer, the world's largest drugs firm and manufacturer of Viagra, also reported results yesterday and admitted that its sales growth will be hit next year when four drugs lose their patent protection from competitors.",
      "charCount": "3528"
    },
    "isHosted": false,
    "pillarId": "pillar/news",
    "pillarName": "News"
  },
  {
    "id": "money/2004/oct/21/business.oilandpetrol",
    "type": "article",
    "sectionId": "money",
    "sectionName": "Money",
    "webPublicationDate": "2004-10-21T00:45:22Z",
    "webTitle": "Storm over gas prices and blackouts",
    "webUrl": "https://www.theguardian.com/money/2004/oct/21/business.oilandpetrol",
    "apiUrl": "https://content.guardianapis.com/money/2004/oct/21/business.oilandpetrol",
    "fields": {
      "headline": "Storm over gas prices and blackouts",
      "standfirst": "Consumer watchdog accuses North Sea operators of enjoying \u00a35bn windfall every year",
      "trailText": "<p>Consumer watchdog accuses North Sea operators of enjoying \u00a35bn windfall every year.</p>",
      "byline": "Terry Macalister and Mark Milner",
      "main": "",
      "body": "<p>Recriminations over who is responsible for soaring gas prices and anger over the prospect of electricity blackouts broke out yesterday after North Sea operators denied they were to blame. </p> <p>A report from the UK Offshore Operators Association, a trade body for companies such as Shell and BP, stoked up tension by warning that gas prices would remain linked to oil prices and could stay high until 2010. </p> <p>Energywatch, the consumer watchdog, immediately accused the North Sea operators of \"voting themselves a \u00a35bn windfall every year\" and questioned whether the market was being manipulated. </p> <p>Campaigners at energywatch called for a full investigation of the offshore licensing regime plus the introduction of a new single UK regulator, who could oversee both offshore and onshore markets. </p> <p>Energy regulator Ofgem tried to calm the situation by expressing confidence that power supplies would be kept running this winter even if the UK faced severe weather. </p> <p>UKOOA denied members were holding back supplies to push up prices but argued that gas, which has almost doubled in the past two years, was high because it was linked to record oil prices. \"In our view gas prices in the UK out to 2010 will remain linked to oil prices ... We have not seen any evidence of manipulation of gas prices,\" argued the operators. </p> <p>But one company said yesterday that planned new imports of gas by ship and pipelines meant prices would ease by 2007, while energywatch said the report contradicted Ofgem's position that the liberalisation of mainland European markets would break or dilute the link between oil and gas prices. </p> <p>\"This [UKOOA] report is little more than gas producers voting themselves a \u00a35bn windfall each year at the expense of customers,\" said Allan Asher, chief executive of the consumer watchdog. \"Consumers are paying the price for the lack of transparency in the market. If industry can't provide the information that the market needs to work properly, then it must be imposed,\" he added. </p> <p>Ofgem is investigating certain offshore contracts and has asked for the European commission to speed up deregulation of energy markets in mainland Europe. The regulator said yesterday that the UK had enough energy supplies to see it through the winter without blackouts even in extreme weather conditions. </p> <p>Ofgem argued that updated figures from National Grid Transco showed that the UK had enough electricity generating capacity to provide a safety cushion of 20% above peak demand. Despite declining reserves of gas from the North Sea, gas supplies could still be maintained even in a Siberian-style winter. </p> <p>Ofgem chief executive Alistair Buchanan said that, while the NGT figures showed that supplies could be maintained even under extreme conditions, \"we can't be complacent and the market arrangements continue to evolve to improve the security of supply\". David Porter chief executive of the Association of Energy Producers agreed there was no room for complacency. \"Last winter, the question mark was against generating capacity. This winter it is about gas. Cutting domestic gas is a last resort, so the assumption seems to be that, if we had a severe winter and gas was short, the big industrial gas customers would close down.\" </p> <p>The Ofgem review comes after a warning earlier this week from the trade union Amicus that Britain could face black-outs in future winters because of a decline in nuclear generating capacity as old reactors were taken out of commission. </p> <p>Amicus also called on the Treasury to impose a tax on companies who failed to explore for oil and gas in the North Sea.</p>",
      "newspaperPageNumber": "22",
      "wordcount": "585",
      "commentable": "false",
      "isPremoderated": "false",
      "lastModified": "2004-10-21T00:45:22Z",
      "newspaperEditionDate": "2004-10-21T00:00:00Z",
      "productionOffice": "UK",
      "publication": "theguardian.com",
      "shortUrl": "https://gu.com/p/88y8",
      "shouldHideAdverts": "false",
      "showInRelatedContent": "true",
      "legallySensitive": "false",
      "lang": "en",
      "bodyText": "Recriminations over who is responsible for soaring gas prices and anger over the prospect of electricity blackouts broke out yesterday after North Sea operators denied they were to blame. A report from the UK Offshore Operators Association, a trade body for companies such as Shell and BP, stoked up tension by warning that gas prices would remain linked to oil prices and could stay high until 2010. Energywatch, the consumer watchdog, immediately accused the North Sea operators of \"voting themselves a \u00a35bn windfall every year\" and questioned whether the market was being manipulated. Campaigners at energywatch called for a full investigation of the offshore licensing regime plus the introduction of a new single UK regulator, who could oversee both offshore and onshore markets. Energy regulator Ofgem tried to calm the situation by expressing confidence that power supplies would be kept running this winter even if the UK faced severe weather. UKOOA denied members were holding back supplies to push up prices but argued that gas, which has almost doubled in the past two years, was high because it was linked to record oil prices. \"In our view gas prices in the UK out to 2010 will remain linked to oil prices ... We have not seen any evidence of manipulation of gas prices,\" argued the operators. But one company said yesterday that planned new imports of gas by ship and pipelines meant prices would ease by 2007, while energywatch said the report contradicted Ofgem's position that the liberalisation of mainland European markets would break or dilute the link between oil and gas prices. \"This [UKOOA] report is little more than gas producers voting themselves a \u00a35bn windfall each year at the expense of customers,\" said Allan Asher, chief executive of the consumer watchdog. \"Consumers are paying the price for the lack of transparency in the market. If industry can't provide the information that the market needs to work properly, then it must be imposed,\" he added. Ofgem is investigating certain offshore contracts and has asked for the European commission to speed up deregulation of energy markets in mainland Europe. The regulator said yesterday that the UK had enough energy supplies to see it through the winter without blackouts even in extreme weather conditions. Ofgem argued that updated figures from National Grid Transco showed that the UK had enough electricity generating capacity to provide a safety cushion of 20% above peak demand. Despite declining reserves of gas from the North Sea, gas supplies could still be maintained even in a Siberian-style winter. Ofgem chief executive Alistair Buchanan said that, while the NGT figures showed that supplies could be maintained even under extreme conditions, \"we can't be complacent and the market arrangements continue to evolve to improve the security of supply\". David Porter chief executive of the Association of Energy Producers agreed there was no room for complacency. \"Last winter, the question mark was against generating capacity. This winter it is about gas. Cutting domestic gas is a last resort, so the assumption seems to be that, if we had a severe winter and gas was short, the big industrial gas customers would close down.\" The Ofgem review comes after a warning earlier this week from the trade union Amicus that Britain could face black-outs in future winters because of a decline in nuclear generating capacity as old reactors were taken out of commission. Amicus also called on the Treasury to impose a tax on companies who failed to explore for oil and gas in the North Sea.",
      "charCount": "3576"
    },
    "isHosted": false,
    "pillarId": "pillar/lifestyle",
    "pillarName": "Lifestyle"
  }
]