[
  {
    "id": "society/2004/nov/17/environment.environment2",
    "type": "article",
    "sectionId": "society",
    "sectionName": "Society",
    "webPublicationDate": "2004-11-17T02:48:12Z",
    "webTitle": "The trade in stolen oil in Nigeria",
    "webUrl": "https://www.theguardian.com/society/2004/nov/17/environment.environment2",
    "apiUrl": "https://content.guardianapis.com/society/2004/nov/17/environment.environment2",
    "fields": {
      "headline": "Oiling the wheels of death",
      "standfirst": "Katharine Houreld reports on the trade in stolen oil in Nigeria, where the stakes are high and corruptions is rife",
      "trailText": "<p><strong>Katharine Houreld</strong> reports on the trade in stolen oil in Nigeria, where the stakes are high and corruptions is rife.</p>",
      "byline": "Katharine Houreld",
      "main": "",
      "body": "<p>Drums pulse through the humid air like a heartbeat. A ram is sacrified. The Egebesu boys, one of the gangs that between them steal many millons of dollars' worth of crude oil from Nigeria a year, are performing a religious ritual to their god of war to make themselves bulletproof. </p> <p>The Nigerian government estimates that crude oil worth \u00a35.5m is stolen from the country each week. Even for Africa's largest oil exporter, this accounts for nearly one-sixth of all oil produced. </p> <p>\"The gangs either bore directly into the pipelines or load trucks and barges from unsecured wellheads,\" says Jossy Aiguwurto, a Shell Nigeria security adviser. \"The stolen crude is then towed out to sea in barges, where tankers wait, loaded with cash and weapons.\" </p> <p>The oil - a higher grade than Gulf crude - is usually destined for refineries along the West African coast. One of the power companies in Sierra Leone is rumoured to consume large amounts of stolen crude. </p> <p>\"Sometimes, ships just buy enough to power their engines,\" says the owner of one tanker. \"The crude is often contaminated, but ships' engines are very slow and will burn fuel that would be useless in most other places. A lot of Russians are involved in it [transporting crude] because when the old USSR collapsed, lots of ships were stolen or sold for a song. The Nigerian navy often acts as 'protection'. It's more than just agreeing not to arrest a barge or tanker. They escort it, with radar on, to protect it from all the other freeloaders.\" </p> <p>Although the US has donated five former coastguard vessels to the Nigerian navy, few ships are detained. Impounded vessels often mysteriously vanish from police custody, lending credence to rumours that high-ranking Nigerian officials are involved in oil smuggling. Last August, the MT African Pride, a Russian oil tanker carrying 11,300 tonnes of stolen crude, went missing. A few days later, the tanker MT Jimohalso vanished from police custody. The vessel was recovered almost a month later at an island near Port Harcourt, Nigeria's oil-producing capital, with a new Russian crew and a different name painted on its side. Last week, three high-ranking Nigerian naval officials were charged with facilitating the vessel's disappearance. It is the first time members of the armed forces have faced such charges. </p> <p>Mutiu Sunomu, Shell's production manager, says that up to 60,000 barrels of the company's crude is stolen a day. Although he denies that the company tolerates such theft, which often profits powerful local leaders, he accepts that \"it is strange that the thieves seem so familiar with our asset base [of pipelines and wellheads]\". </p> <p>The oil thieves are not hard to find. In a one-hour helicopter ride over the mangrove swamps around Port Harcourt, 17 were sighted. The squat, square vessels usually huddle under overhanging trees to hide from the surveillance flights, but they are getting bolder. One creek sheltered 13 barges and a tug. An oil slick trailed for at least a kilometre behind them. No effort was made at concealment. </p> <p>\"Many of the gangs were originally armed by politicians,\" says one oil executive, speaking on condition of anonymity. \"As we near elections, oil theft always rises, because they need to buy votes and weapons for their enforcers. After the elections, the politicians disown the gangs, which have now become so powerful that they actually pose a threat to the politicians they once supported. Transparency really works here - you know exactly who the criminals are.\" </p> <p>Shell confirmed that around the time of last year's elections, theft from its pipelines in the eastern division peaked at around 100,000 barrels a day - nearly double the normal rate. The sudden influx of cash and guns into poverty stricken communities has also taken its toll. Amnesty International estimates that 500 people were killed in Port Harcourt in September. </p> <p>Apart from the gang wars, bunkering itself is a dangerous business. The Egebesu boys say they lost three men in a fire recently, and three more were badly burnt when a spark from a boat's engine blew up the oil it was carrying. </p> <p>However, it is not the thieves who suffer the worst accidents. Poor villagers often collect refined petroleum from leaking or vandalised pipelines. On September 16, a fire in Lagos left 50 people dead. Six more died in Port Harcourt at the end of October. </p> <p>In 1998, an explosion in the town of Jesse killed more than 1,000 people. \"Whole families died,\" says Sharif Bagnulo, who works for the NGO Family Care Association and was one of the first on the scene. \"The price of petrol had risen and people were desperate for some free fuel. I've seen people carrying plastic bags full of fuel on the backs of motorbikes.\" </p> <p>Each week, Nigerian newspapers report more deaths from explosions but, despite the high death toll, the amount of fuel taken by villagers is tiny compared with that taken by the professional thieves. </p> <p>\"The gangs are growing in size, becoming more territorial and more organised,\" says one Port Harcourt resident. \"They don't need their political patrons any more. They are stealing oil and buying weapons themselves, becoming militias. Once they start selling offshore, that is very big money - and very dangerous. If this trend continues, the Niger delta will be a war zone during the next elections.\"</p>",
      "newspaperPageNumber": "13",
      "wordcount": "895",
      "commentable": "false",
      "isPremoderated": "false",
      "lastModified": "2004-11-17T02:48:12Z",
      "newspaperEditionDate": "2004-11-17T00:00:00Z",
      "productionOffice": "UK",
      "publication": "The Guardian",
      "shortUrl": "https://gu.com/p/8b7d",
      "shouldHideAdverts": "false",
      "showInRelatedContent": "true",
      "legallySensitive": "false",
      "lang": "en",
      "bodyText": "Drums pulse through the humid air like a heartbeat. A ram is sacrified. The Egebesu boys, one of the gangs that between them steal many millons of dollars' worth of crude oil from Nigeria a year, are performing a religious ritual to their god of war to make themselves bulletproof. The Nigerian government estimates that crude oil worth \u00a35.5m is stolen from the country each week. Even for Africa's largest oil exporter, this accounts for nearly one-sixth of all oil produced. \"The gangs either bore directly into the pipelines or load trucks and barges from unsecured wellheads,\" says Jossy Aiguwurto, a Shell Nigeria security adviser. \"The stolen crude is then towed out to sea in barges, where tankers wait, loaded with cash and weapons.\" The oil - a higher grade than Gulf crude - is usually destined for refineries along the West African coast. One of the power companies in Sierra Leone is rumoured to consume large amounts of stolen crude. \"Sometimes, ships just buy enough to power their engines,\" says the owner of one tanker. \"The crude is often contaminated, but ships' engines are very slow and will burn fuel that would be useless in most other places. A lot of Russians are involved in it [transporting crude] because when the old USSR collapsed, lots of ships were stolen or sold for a song. The Nigerian navy often acts as 'protection'. It's more than just agreeing not to arrest a barge or tanker. They escort it, with radar on, to protect it from all the other freeloaders.\" Although the US has donated five former coastguard vessels to the Nigerian navy, few ships are detained. Impounded vessels often mysteriously vanish from police custody, lending credence to rumours that high-ranking Nigerian officials are involved in oil smuggling. Last August, the MT African Pride, a Russian oil tanker carrying 11,300 tonnes of stolen crude, went missing. A few days later, the tanker MT Jimohalso vanished from police custody. The vessel was recovered almost a month later at an island near Port Harcourt, Nigeria's oil-producing capital, with a new Russian crew and a different name painted on its side. Last week, three high-ranking Nigerian naval officials were charged with facilitating the vessel's disappearance. It is the first time members of the armed forces have faced such charges. Mutiu Sunomu, Shell's production manager, says that up to 60,000 barrels of the company's crude is stolen a day. Although he denies that the company tolerates such theft, which often profits powerful local leaders, he accepts that \"it is strange that the thieves seem so familiar with our asset base [of pipelines and wellheads]\". The oil thieves are not hard to find. In a one-hour helicopter ride over the mangrove swamps around Port Harcourt, 17 were sighted. The squat, square vessels usually huddle under overhanging trees to hide from the surveillance flights, but they are getting bolder. One creek sheltered 13 barges and a tug. An oil slick trailed for at least a kilometre behind them. No effort was made at concealment. \"Many of the gangs were originally armed by politicians,\" says one oil executive, speaking on condition of anonymity. \"As we near elections, oil theft always rises, because they need to buy votes and weapons for their enforcers. After the elections, the politicians disown the gangs, which have now become so powerful that they actually pose a threat to the politicians they once supported. Transparency really works here - you know exactly who the criminals are.\" Shell confirmed that around the time of last year's elections, theft from its pipelines in the eastern division peaked at around 100,000 barrels a day - nearly double the normal rate. The sudden influx of cash and guns into poverty stricken communities has also taken its toll. Amnesty International estimates that 500 people were killed in Port Harcourt in September. Apart from the gang wars, bunkering itself is a dangerous business. The Egebesu boys say they lost three men in a fire recently, and three more were badly burnt when a spark from a boat's engine blew up the oil it was carrying. However, it is not the thieves who suffer the worst accidents. Poor villagers often collect refined petroleum from leaking or vandalised pipelines. On September 16, a fire in Lagos left 50 people dead. Six more died in Port Harcourt at the end of October. In 1998, an explosion in the town of Jesse killed more than 1,000 people. \"Whole families died,\" says Sharif Bagnulo, who works for the NGO Family Care Association and was one of the first on the scene. \"The price of petrol had risen and people were desperate for some free fuel. I've seen people carrying plastic bags full of fuel on the backs of motorbikes.\" Each week, Nigerian newspapers report more deaths from explosions but, despite the high death toll, the amount of fuel taken by villagers is tiny compared with that taken by the professional thieves. \"The gangs are growing in size, becoming more territorial and more organised,\" says one Port Harcourt resident. \"They don't need their political patrons any more. They are stealing oil and buying weapons themselves, becoming militias. Once they start selling offshore, that is very big money - and very dangerous. If this trend continues, the Niger delta will be a war zone during the next elections.\"",
      "charCount": "5318"
    },
    "isHosted": false,
    "pillarId": "pillar/news",
    "pillarName": "News"
  },
  {
    "id": "business/2004/nov/17/oilandpetrol.news",
    "type": "article",
    "sectionId": "business",
    "sectionName": "Business",
    "webPublicationDate": "2004-11-17T00:03:14Z",
    "webTitle": "Petrol price rise prevented inflation falling below 1% last month",
    "webUrl": "https://www.theguardian.com/business/2004/nov/17/oilandpetrol.news",
    "apiUrl": "https://content.guardianapis.com/business/2004/nov/17/oilandpetrol.news",
    "fields": {
      "headline": "Oil rise saves King the cost of a stamp",
      "trailText": "<p>The rise in the cost of petrol prevented inflation falling below 1% last month, saving the governor of the Bank of England from having to write an explanatory letter to the chancellor. \n</p>",
      "byline": "Charlotte Moore",
      "main": "",
      "body": "<p>The rise in the cost of petrol prevented inflation falling below 1% last month, saving the governor of the Bank of England, Mervyn King, from having to write an explanatory letter to the chancellor. </p> <p>The Office for National Statistics said yesterday that inflation ticked up only slightly to 1.2% in October, from 1.1% in September, as falling footwear and clothing prices dampened the impact of higher energy costs. </p> <p>Stripping out the cost of petrol and domestic heating bills, inflation was 0.7% in October, economists said. Petrol prices increased by the fastest pace since March 2003. </p> <p>The Bank of England monetary policy committee's remit is to keep inflation below 2%. If it falls below 1%, the governor has to write a letter of explanation to Gordon Brown. </p> <p>Even though the price of crude oil has increased by 35% since the start of the year, there has been little evidence of an inflationary impact. Ross Walker, of the Royal Bank of Scotland, said: \"Price pressures on the consumer side of the economy look remarkably benign given the near double-digit rates of petrol and utilities price inflation.\" </p> <p>Last week the Bank of England said inflation had been unusually low in recent years. This may be due to improvements in productivity and the structure of the economy, Mr King said, although it was difficult to judge how long this would persist. </p> <p>Although the higher cost of domestic heating will continue to be felt by the consumer in coming months, the price of Brent crude oil has fallen by 12% since the end of October which should reduce the cost of petrol. </p> <p>Clothing and footwear decreased by 5.3% compared with a year ago, a slight easing from the 5.8% decrease in September. Economists said tough retail competitive pressures will keep prices low. </p> <p>If the cost of oil stays lower, cost pressures are expected to fade and retailers' margins may recover. The latest official report on the retail market will be published this week. </p> <p>The ONS said the retail price index, which includes mortgage costs, increased to 3.3% in October from 3.1%, the strongest increase since March 2000. The housing component of RPI increased by 12%, the highest increase since March 1991. This increase is principally due to depreciation, a measure of the amount home owners need to spend to maintain their property.</p>",
      "newspaperPageNumber": "22",
      "wordcount": "394",
      "commentable": "false",
      "isPremoderated": "false",
      "lastModified": "2004-11-17T00:03:14Z",
      "newspaperEditionDate": "2004-11-17T00:00:00Z",
      "productionOffice": "UK",
      "publication": "theguardian.com",
      "shortUrl": "https://gu.com/p/dp6b",
      "shouldHideAdverts": "false",
      "showInRelatedContent": "true",
      "legallySensitive": "false",
      "lang": "en",
      "bodyText": "The rise in the cost of petrol prevented inflation falling below 1% last month, saving the governor of the Bank of England, Mervyn King, from having to write an explanatory letter to the chancellor. The Office for National Statistics said yesterday that inflation ticked up only slightly to 1.2% in October, from 1.1% in September, as falling footwear and clothing prices dampened the impact of higher energy costs. Stripping out the cost of petrol and domestic heating bills, inflation was 0.7% in October, economists said. Petrol prices increased by the fastest pace since March 2003. The Bank of England monetary policy committee's remit is to keep inflation below 2%. If it falls below 1%, the governor has to write a letter of explanation to Gordon Brown. Even though the price of crude oil has increased by 35% since the start of the year, there has been little evidence of an inflationary impact. Ross Walker, of the Royal Bank of Scotland, said: \"Price pressures on the consumer side of the economy look remarkably benign given the near double-digit rates of petrol and utilities price inflation.\" Last week the Bank of England said inflation had been unusually low in recent years. This may be due to improvements in productivity and the structure of the economy, Mr King said, although it was difficult to judge how long this would persist. Although the higher cost of domestic heating will continue to be felt by the consumer in coming months, the price of Brent crude oil has fallen by 12% since the end of October which should reduce the cost of petrol. Clothing and footwear decreased by 5.3% compared with a year ago, a slight easing from the 5.8% decrease in September. Economists said tough retail competitive pressures will keep prices low. If the cost of oil stays lower, cost pressures are expected to fade and retailers' margins may recover. The latest official report on the retail market will be published this week. The ONS said the retail price index, which includes mortgage costs, increased to 3.3% in October from 3.1%, the strongest increase since March 2000. The housing component of RPI increased by 12%, the highest increase since March 1991. This increase is principally due to depreciation, a measure of the amount home owners need to spend to maintain their property.",
      "charCount": "2302"
    },
    "isHosted": false,
    "pillarId": "pillar/news",
    "pillarName": "News"
  },
  {
    "id": "business/2004/nov/17/oilandpetrol.news1",
    "type": "article",
    "sectionId": "business",
    "sectionName": "Business",
    "webPublicationDate": "2004-11-17T00:03:13Z",
    "webTitle": "Cracked joints found in BP's Georgia pipeline",
    "webUrl": "https://www.theguardian.com/business/2004/nov/17/oilandpetrol.news1",
    "apiUrl": "https://content.guardianapis.com/business/2004/nov/17/oilandpetrol.news1",
    "fields": {
      "headline": "Cracked joints found in BP's Georgia pipeline",
      "trailText": "<p>A vital $3bn (\u00a31.6bn) pipeline designed by BP to help meet Britain's oil needs well into the next decade has been riddled with corrosion, it emerged yesterday. </p>",
      "byline": "Terry Macalister",
      "main": "",
      "body": "<p>A vital $3bn (\u00a31.6bn) pipeline designed by BP to help meet Britain's oil needs well into the next decade has been riddled with corrosion, it emerged yesterday. </p> <p>Documents submitted to a Trade and Industry select committee reveal that 1,260 joints in one section alone had been found to be defective, according to a study by WorleyParsons. </p> <p>The US consultancy was asked to investigate the Baku-Tbilisi-Ceyhan (BTC) link by lenders following speculation at the beginning of this year that BP and its partners had run into trouble. </p> <p>The report - made public for the first time yesterday - showed that 26% of pipeline joints in Georgia had problems with cracking due to difficulties with the coatings used. </p> <p>A further 300 joints on the Azerbaijan section of the pipe had similar problems and WorleyParsons criticised the \"inaction\" by the BTC management team, which had \"allowed the problems to become greater than necessary\". </p> <p>An even more damaging note to the committee came from another former consultant to BP, Derek Mortimore, who described decisions taken with regard to pipeline coating technology as \"appalling\". </p> <p>He argued that the UK oil company issued an innovative specification for protecting the 1,760 kilometre pipeline that was inappropriate and underdeveloped. </p> <p>\"The best you can say is that their fundamental decision to use the unproven system was a guess,\" Mr Mortimore claims. </p> <p>The select committee members published the documents as they quizzed senior staff from the Export Credit Guarantee Department about the pipeline, which has received \u00a381m of public money through the organisation. </p> <p>Martin O'Neill, the committee chairman, expressed \"disappointment\" at the ECGD's lack of transparency over the BTC pipeline, which has also attracted criticism from human rights and environmental activists. The arm of the Department of Trade and Industry had only provided some information a day ago, months after it was originally requested. </p> <p>John Weiss, deputy chief executive of the ECGD, insisted that it had been hampered by having to consult so many other parties, some of which had stressed the \"sensitivity\" of the information. </p> <p>BP last night dismissed the criticism, saying that it had investigated all the allegations and had put them all right.</p>",
      "newspaperPageNumber": "19",
      "wordcount": "359",
      "commentable": "false",
      "isPremoderated": "false",
      "lastModified": "2004-11-17T00:03:13Z",
      "newspaperEditionDate": "2004-11-17T00:00:00Z",
      "productionOffice": "UK",
      "publication": "theguardian.com",
      "shortUrl": "https://gu.com/p/eveb",
      "shouldHideAdverts": "false",
      "showInRelatedContent": "true",
      "legallySensitive": "false",
      "lang": "en",
      "bodyText": "A vital $3bn (\u00a31.6bn) pipeline designed by BP to help meet Britain's oil needs well into the next decade has been riddled with corrosion, it emerged yesterday. Documents submitted to a Trade and Industry select committee reveal that 1,260 joints in one section alone had been found to be defective, according to a study by WorleyParsons. The US consultancy was asked to investigate the Baku-Tbilisi-Ceyhan (BTC) link by lenders following speculation at the beginning of this year that BP and its partners had run into trouble. The report - made public for the first time yesterday - showed that 26% of pipeline joints in Georgia had problems with cracking due to difficulties with the coatings used. A further 300 joints on the Azerbaijan section of the pipe had similar problems and WorleyParsons criticised the \"inaction\" by the BTC management team, which had \"allowed the problems to become greater than necessary\". An even more damaging note to the committee came from another former consultant to BP, Derek Mortimore, who described decisions taken with regard to pipeline coating technology as \"appalling\". He argued that the UK oil company issued an innovative specification for protecting the 1,760 kilometre pipeline that was inappropriate and underdeveloped. \"The best you can say is that their fundamental decision to use the unproven system was a guess,\" Mr Mortimore claims. The select committee members published the documents as they quizzed senior staff from the Export Credit Guarantee Department about the pipeline, which has received \u00a381m of public money through the organisation. Martin O'Neill, the committee chairman, expressed \"disappointment\" at the ECGD's lack of transparency over the BTC pipeline, which has also attracted criticism from human rights and environmental activists. The arm of the Department of Trade and Industry had only provided some information a day ago, months after it was originally requested. John Weiss, deputy chief executive of the ECGD, insisted that it had been hampered by having to consult so many other parties, some of which had stressed the \"sensitivity\" of the information. BP last night dismissed the criticism, saying that it had investigated all the allegations and had put them all right.",
      "charCount": "2252"
    },
    "isHosted": false,
    "pillarId": "pillar/news",
    "pillarName": "News"
  },
  {
    "id": "world/2004/nov/17/iraq.rorymccarthy",
    "type": "article",
    "sectionId": "world",
    "sectionName": "World news",
    "webPublicationDate": "2004-11-17T00:03:09Z",
    "webTitle": "Children pay a price for assault on Falluja",
    "webUrl": "https://www.theguardian.com/world/2004/nov/17/iraq.rorymccarthy",
    "apiUrl": "https://content.guardianapis.com/world/2004/nov/17/iraq.rorymccarthy",
    "fields": {
      "headline": "Children pay a price for assault on Falluja",
      "trailText": "Evidence began to emerge yesterday of civilians, including children, who were seriously injured in the US assault on the Iraqi city of Falluja.",
      "byline": "Rory McCarthy and Osama Mansour  in Baghdad",
      "main": "",
      "body": "Evidence began to emerge yesterday of civilians, including children, who were seriously injured in the US assault on the Iraqi city of Falluja. <p>As American troops sought to consolidate their control over the city, patients in a hospital in Baghdad described how they had been hurt during US bombing raids before the ground assault began last week.</p> <p>There has been limited independent information from inside Falluja because of the intense fighting and the security cordon around the city. Tens of thousands of residents fled before the fight began, but others stayed behind.</p> <p>The Iraqi government insisted last night that there was no humanitarian crisis in the city and no civilians had been killed.</p> <p>But there is evidence to suggest that there have been civilian casualties and shortages of medical care.</p> <p>Lying next to each other in the al-Nouman hospital in Baghdad's Adhamiya district yesterday were Ala'a Farhan, 11, and his brother Nafar, seven. The elder boy was injured on his left shoulder, the younger child was missing the lower part of his left leg. He lay on a hospital bed still dressed in a jumper and trousers, watching as blood seeped through the dressing on his leg.</p> <p>The boys' father, Farhan Khalaf, said his sons had been injured in an air or artillery strike on the city in the days before the ground assault began last Monday. It came just as the family was preparing to flee to the nearby village of Saklawiya, where many other refugees are sheltering.</p> <p>\"We were collecting our things to go out of Falluja to a place called Saklawiya where there are other members of our tribe,\" Mr Khalaf said.</p> <p>\"That's when we got hit by the Americans. My cousin was with me and we took the children to Falluja hospital.\"</p> <p>On the Sunday night, before the assault began, US marines and Iraqi forces seized control of Falluja hospital.</p> <p>Mr Khalaf took his injured children, left the hospital, and tried to take them 40 miles to Baghdad with other relatives.</p> <p>But as they moved they came under attack a second time, from what they believe was an American tank round.</p> <p>His cousin Falah Hassan, 38, was killed and his two children were badly injured. Both are also recovering in the al-Nouman hospital.</p> <p>The younger boy, Ahmed Falah, aged two, was in the arms of a veiled female relative. He had bandages around wounds to his chest, his right hand and above his right eye. On a bed to the side was his brother, Salah, seven, who had his left leg wrapped in plaster and many bandages protecting a serious wound to his stomach.</p> <p>\"When my cousin was hit and killed his two children were hit as well,\" said Mr Khalaf. \"We pray that the government will see all this and do something about it. These children are not terrorists, they are not al-Qaida.\"</p> <p>They shared the quiet ward with another family wrapped in their own suffering. None of the children cried, the relatives spoke quietly to themselves.</p> <p>On one bed lay a young mother, Nasreen Aswad, 19, with a wound to her hand. Next to her was her seriously injured son, Mustafa, two.</p> <p>The boy's head lay on a neatly folded yellow towel, with a book of prayers in Arabic by his side and a small patch of green cloth pinned on his shirt, a form of blessing. His left leg was missing and heavily bandaged at the stump. By his side on the bed was a toy mobile phone, a gift from the doctors.</p> <p>His father, Ahmed Aswad, said the family had been leaving Falluja for a village on the outskirts of the city just before the ground assault.</p> <p>\"My wife wanted us to go to the hospital for the doctor to check on our child and as we were walking, about 30 metres from the house, we were hit by a shell,\" he said. \"My wife was hit in the hand and my son lost his leg.\"</p> <p>The Iraqi Red Crescent has sent convoys of food, medical aid and blankets to Falluja, although so far they have been prevented from entering the city. US officers said the city was not yet secure enough to allow the convoys in, and said they had enough food and medical supplies available to treat the injured.</p> <p>Although it is thought that most of the city's 300,000 residents fled before the assault, there have been other reports of civilian injuries. One account from doctors suggests that up to 20 Iraqi medical staff and patients were killed when a missile destroyed a health clinic in the centre of town. Other reports said a boy aged nine died from a shrapnel wound to his stomach and had to be buried by his parents in the garden because it was too dangerous for them to leave their home.</p>",
      "newspaperPageNumber": "17",
      "wordcount": "808",
      "commentable": "false",
      "isPremoderated": "false",
      "lastModified": "2016-06-15T08:46:58Z",
      "newspaperEditionDate": "2004-11-17T00:00:00Z",
      "productionOffice": "UK",
      "publication": "theguardian.com",
      "shortUrl": "https://gu.com/p/t5d9",
      "shouldHideAdverts": "false",
      "showInRelatedContent": "true",
      "legallySensitive": "false",
      "lang": "en",
      "bodyText": "Evidence began to emerge yesterday of civilians, including children, who were seriously injured in the US assault on the Iraqi city of Falluja. As American troops sought to consolidate their control over the city, patients in a hospital in Baghdad described how they had been hurt during US bombing raids before the ground assault began last week. There has been limited independent information from inside Falluja because of the intense fighting and the security cordon around the city. Tens of thousands of residents fled before the fight began, but others stayed behind. The Iraqi government insisted last night that there was no humanitarian crisis in the city and no civilians had been killed. But there is evidence to suggest that there have been civilian casualties and shortages of medical care. Lying next to each other in the al-Nouman hospital in Baghdad's Adhamiya district yesterday were Ala'a Farhan, 11, and his brother Nafar, seven. The elder boy was injured on his left shoulder, the younger child was missing the lower part of his left leg. He lay on a hospital bed still dressed in a jumper and trousers, watching as blood seeped through the dressing on his leg. The boys' father, Farhan Khalaf, said his sons had been injured in an air or artillery strike on the city in the days before the ground assault began last Monday. It came just as the family was preparing to flee to the nearby village of Saklawiya, where many other refugees are sheltering. \"We were collecting our things to go out of Falluja to a place called Saklawiya where there are other members of our tribe,\" Mr Khalaf said. \"That's when we got hit by the Americans. My cousin was with me and we took the children to Falluja hospital.\" On the Sunday night, before the assault began, US marines and Iraqi forces seized control of Falluja hospital. Mr Khalaf took his injured children, left the hospital, and tried to take them 40 miles to Baghdad with other relatives. But as they moved they came under attack a second time, from what they believe was an American tank round. His cousin Falah Hassan, 38, was killed and his two children were badly injured. Both are also recovering in the al-Nouman hospital. The younger boy, Ahmed Falah, aged two, was in the arms of a veiled female relative. He had bandages around wounds to his chest, his right hand and above his right eye. On a bed to the side was his brother, Salah, seven, who had his left leg wrapped in plaster and many bandages protecting a serious wound to his stomach. \"When my cousin was hit and killed his two children were hit as well,\" said Mr Khalaf. \"We pray that the government will see all this and do something about it. These children are not terrorists, they are not al-Qaida.\" They shared the quiet ward with another family wrapped in their own suffering. None of the children cried, the relatives spoke quietly to themselves. On one bed lay a young mother, Nasreen Aswad, 19, with a wound to her hand. Next to her was her seriously injured son, Mustafa, two. The boy's head lay on a neatly folded yellow towel, with a book of prayers in Arabic by his side and a small patch of green cloth pinned on his shirt, a form of blessing. His left leg was missing and heavily bandaged at the stump. By his side on the bed was a toy mobile phone, a gift from the doctors. His father, Ahmed Aswad, said the family had been leaving Falluja for a village on the outskirts of the city just before the ground assault. \"My wife wanted us to go to the hospital for the doctor to check on our child and as we were walking, about 30 metres from the house, we were hit by a shell,\" he said. \"My wife was hit in the hand and my son lost his leg.\" The Iraqi Red Crescent has sent convoys of food, medical aid and blankets to Falluja, although so far they have been prevented from entering the city. US officers said the city was not yet secure enough to allow the convoys in, and said they had enough food and medical supplies available to treat the injured. Although it is thought that most of the city's 300,000 residents fled before the assault, there have been other reports of civilian injuries. One account from doctors suggests that up to 20 Iraqi medical staff and patients were killed when a missile destroyed a health clinic in the centre of town. Other reports said a boy aged nine died from a shrapnel wound to his stomach and had to be buried by his parents in the garden because it was too dangerous for them to leave their home.",
      "charCount": "4483"
    },
    "isHosted": false,
    "pillarId": "pillar/news",
    "pillarName": "News"
  },
  {
    "id": "business/2004/nov/17/theeditorpressreview",
    "type": "article",
    "sectionId": "business",
    "sectionName": "Business",
    "webPublicationDate": "2004-11-17T00:02:48Z",
    "webTitle": "Press review: From the business magazines",
    "webUrl": "https://www.theguardian.com/business/2004/nov/17/theeditorpressreview",
    "apiUrl": "https://content.guardianapis.com/business/2004/nov/17/theeditorpressreview",
    "fields": {
      "headline": "Russia is sitting on a black gold mine",
      "trailText": "<p><strong>Press review: </strong> BusinessWeek | Business Life | Management Today | Forbes</p>",
      "byline": "William Cederwell",
      "main": "",
      "body": "<p>With the price of oil hovering around $50 a barrel and concern growing that certain oil companies have overstated their oil reserves, it is some consolation that \"there's one place - Russia - where reserve estimates just seem to go up and up,\" wrote Jason Bush in <strong>BusinessWeek</strong> (November 22).</p> <p>Both Lukoil and Yukos, Russia's two largest oil companies, say they have more \"proven\" reserves this year than last. And one recent study found that Russia's major oil outfits are sitting on \"a vast oil pool\" almost double the size originally thought. But this increase is not due to \"dramatic discoveries of oil\". Rather, it is because new technology is \"making it possible to obtain oil even from apparently depleted fields\", especially in western Siberia.</p> <p>This \"increasing recoverability\", though, is offset by woeful under-investment in the sector. \"Billions in investment\" are needed, especially in export pipelines and infrastructure, if more of Russia's \"lovely oil\" is to find its way to international consumers, Bush warned. Until then, Russia just won't cut it as a \"global energy powerhouse\", higher oil estimates or not.</p> <p>The City of London is mourning the death of \"gentlemanly capitalism\", said Frank Kane in the British Airways magazine <strong>Business Life</strong> (November). Cazenove and Lazard - the last remnants of \"a financial aristocracy that gave British capitalism its own distinct traditions and style\" - are being sold or floated.</p> <p>The City's independent financial houses, most of which were founded centuries ago by Jewish immigrants, came to symbolise the \"old boy\" network - the keystone for \"the British system of funding industry\". Brokers and bankers did business with industry chiefs \"because they had been to school with them, or spent weekends in the country with them\", said Kane, the business editor of the Observer. The financial reforms of the Thatcher era killed off many of these \"cosy old practices\". Now \"it is the end of an era ... The merchant banks are dead - long live the giant global ... investment banking conglomerations.\"</p> <p>Increasing numbers of business managers are being recruited for volunteer work in the developing world, observed Rebecca Hoar in <strong>Management Today</strong> (November). \"They are vital in making organisations run more smoothly, setting standards for measuring performance, and ensuring that money donated from NGOs ... is channelled into well-managed projects.\" But although charities such as Voluntary Service Overseas (VSO) hope to attract more business high-flyers, only a few enlightened employers allow staff time off for volunteer work. \"Faced with this attitude, would-be volunteers may have just one option - to resign and hope they'll find a good job on their return.\"</p> <p>The Swedish company LM Ericsson was founded 128 years ago and prospered by bringing telecommunications \"to the world's farthest reaches\", including Shanghai, Mexico City and Tsarist Russia, wrote Michael Freedman in <strong>Forbes</strong> (November 15). The company survived \"wars, coups d'etat and natural disasters\", only to be brought to its knees when the telecoms bubble burst in the late 1990s.</p> <p>A recent turnaround in sales and profits, however, has partly come by again chasing customers in the world's far-flung spots. This time it is the demand for mobile telephones among \"some of the poorest people in the world\" that is making LM Ericsson rich.</p> <p>Consumers in the developing world spend \"twice that of the average westerner\" on mobile phone communication, Freedman noted. Fishermen in remote villages use mobiles \"to know which market to head to\"; taxi drivers in poor cities can double their income when customers phone them directly; and in Bangladesh \"women with phones become entrepreneurs - like walking phone booths, they sell phone time for pennies.\"</p>",
      "newspaperPageNumber": "28",
      "wordcount": "597",
      "commentable": "false",
      "isPremoderated": "false",
      "lastModified": "2004-11-17T00:02:48Z",
      "newspaperEditionDate": "2004-11-17T00:00:00Z",
      "productionOffice": "UK",
      "publication": "theguardian.com",
      "shortUrl": "https://gu.com/p/8b9v",
      "shouldHideAdverts": "false",
      "showInRelatedContent": "true",
      "legallySensitive": "false",
      "lang": "en",
      "bodyText": "With the price of oil hovering around $50 a barrel and concern growing that certain oil companies have overstated their oil reserves, it is some consolation that \"there's one place - Russia - where reserve estimates just seem to go up and up,\" wrote Jason Bush in BusinessWeek (November 22). Both Lukoil and Yukos, Russia's two largest oil companies, say they have more \"proven\" reserves this year than last. And one recent study found that Russia's major oil outfits are sitting on \"a vast oil pool\" almost double the size originally thought. But this increase is not due to \"dramatic discoveries of oil\". Rather, it is because new technology is \"making it possible to obtain oil even from apparently depleted fields\", especially in western Siberia. This \"increasing recoverability\", though, is offset by woeful under-investment in the sector. \"Billions in investment\" are needed, especially in export pipelines and infrastructure, if more of Russia's \"lovely oil\" is to find its way to international consumers, Bush warned. Until then, Russia just won't cut it as a \"global energy powerhouse\", higher oil estimates or not. The City of London is mourning the death of \"gentlemanly capitalism\", said Frank Kane in the British Airways magazine Business Life (November). Cazenove and Lazard - the last remnants of \"a financial aristocracy that gave British capitalism its own distinct traditions and style\" - are being sold or floated. The City's independent financial houses, most of which were founded centuries ago by Jewish immigrants, came to symbolise the \"old boy\" network - the keystone for \"the British system of funding industry\". Brokers and bankers did business with industry chiefs \"because they had been to school with them, or spent weekends in the country with them\", said Kane, the business editor of the Observer. The financial reforms of the Thatcher era killed off many of these \"cosy old practices\". Now \"it is the end of an era ... The merchant banks are dead - long live the giant global ... investment banking conglomerations.\" Increasing numbers of business managers are being recruited for volunteer work in the developing world, observed Rebecca Hoar in Management Today (November). \"They are vital in making organisations run more smoothly, setting standards for measuring performance, and ensuring that money donated from NGOs ... is channelled into well-managed projects.\" But although charities such as Voluntary Service Overseas (VSO) hope to attract more business high-flyers, only a few enlightened employers allow staff time off for volunteer work. \"Faced with this attitude, would-be volunteers may have just one option - to resign and hope they'll find a good job on their return.\" The Swedish company LM Ericsson was founded 128 years ago and prospered by bringing telecommunications \"to the world's farthest reaches\", including Shanghai, Mexico City and Tsarist Russia, wrote Michael Freedman in Forbes (November 15). The company survived \"wars, coups d'etat and natural disasters\", only to be brought to its knees when the telecoms bubble burst in the late 1990s. A recent turnaround in sales and profits, however, has partly come by again chasing customers in the world's far-flung spots. This time it is the demand for mobile telephones among \"some of the poorest people in the world\" that is making LM Ericsson rich. Consumers in the developing world spend \"twice that of the average westerner\" on mobile phone communication, Freedman noted. Fishermen in remote villages use mobiles \"to know which market to head to\"; taxi drivers in poor cities can double their income when customers phone them directly; and in Bangladesh \"women with phones become entrepreneurs - like walking phone booths, they sell phone time for pennies.\"",
      "charCount": "3768"
    },
    "isHosted": false,
    "pillarId": "pillar/news",
    "pillarName": "News"
  }
]