[
  {
    "id": "technology/2004/jul/01/money.business",
    "type": "article",
    "sectionId": "money",
    "sectionName": "Money",
    "webPublicationDate": "2004-07-01T10:29:24Z",
    "webTitle": "BT cuts its broadband prices",
    "webUrl": "https://www.theguardian.com/technology/2004/jul/01/money.business",
    "apiUrl": "https://content.guardianapis.com/technology/2004/jul/01/money.business",
    "fields": {
      "headline": "BT cuts its broadband prices",
      "trailText": "<p>BT yesterday turned up the heat on its rivals as it reduced the price of its broadband internet access and announced that all but 100,000 households should be connected by next August to telephone exchanges that can deliver broadband. </p>",
      "byline": "Richard Wray",
      "main": "",
      "body": "<p>BT yesterday turned up the heat on its rivals as it reduced the price of its broadband internet access and announced that all but 100,000 households should be connected by next August to telephone exchanges that can deliver broadband. </p> <p>In order to make the price reductions the company has introduced limits on the amount of information that customers can download. Extremely heavy internet users will have to pay a premium to stay online all day long. </p> <p>\"What we have is a tiny minority of users who are using a disproportionate amount of our capacity,\" said Duncan Ingram, head of BTOpenworld, the telecoms group's internet service provider (ISP). BT is introducing its price cuts from today, but its new monthly capacity limits will not apply until the start of next year. </p> <p>Customers who breach those limits will be able to purchase an extra gigabyte of download capacity - roughly equivalent to 250 CD tracks - for about \u00a31. </p> <p>Mr Ingram said BT's new prices are designed to help meet its goal of having five million broadband customers by 2006. </p> <p>The company has more than one million customers using its ISP and a further 1.45m using its lines but accessing the internet through another ISP. </p> <p>Effective from today BT has cut its standard broadband package from \u00a327 to \u00a324.99 a month, while BT Yahoo! Broadband - which comes with applications including email - has dropped in price to \u00a326.99 from \u00a329.99. </p> <p>Up until now customers on either package have been able to download almost without limit, but from January they will be restricted to 15GB a month. </p> <p>BT's basic broadband package - which already has a monthly usage limit of 1GB - remains \u00a319.99 a month but the company has introduced additional features. </p> <p>The company reduced the price of its high-end broadband service, which allows customers to download up to 30GB of data a month, to \u00a329.99 from \u00a340.99.</p>",
      "newspaperPageNumber": "20",
      "wordcount": "325",
      "commentable": "false",
      "isPremoderated": "false",
      "lastModified": "2017-02-21T23:13:23Z",
      "newspaperEditionDate": "2004-07-01T00:00:00Z",
      "productionOffice": "UK",
      "publication": "The Guardian",
      "shortUrl": "https://gu.com/p/277b",
      "shouldHideAdverts": "false",
      "showInRelatedContent": "true",
      "legallySensitive": "false",
      "lang": "en",
      "bodyText": "BT yesterday turned up the heat on its rivals as it reduced the price of its broadband internet access and announced that all but 100,000 households should be connected by next August to telephone exchanges that can deliver broadband. In order to make the price reductions the company has introduced limits on the amount of information that customers can download. Extremely heavy internet users will have to pay a premium to stay online all day long. \"What we have is a tiny minority of users who are using a disproportionate amount of our capacity,\" said Duncan Ingram, head of BTOpenworld, the telecoms group's internet service provider (ISP). BT is introducing its price cuts from today, but its new monthly capacity limits will not apply until the start of next year. Customers who breach those limits will be able to purchase an extra gigabyte of download capacity - roughly equivalent to 250 CD tracks - for about \u00a31. Mr Ingram said BT's new prices are designed to help meet its goal of having five million broadband customers by 2006. The company has more than one million customers using its ISP and a further 1.45m using its lines but accessing the internet through another ISP. Effective from today BT has cut its standard broadband package from \u00a327 to \u00a324.99 a month, while BT Yahoo! Broadband - which comes with applications including email - has dropped in price to \u00a326.99 from \u00a329.99. Up until now customers on either package have been able to download almost without limit, but from January they will be restricted to 15GB a month. BT's basic broadband package - which already has a monthly usage limit of 1GB - remains \u00a319.99 a month but the company has introduced additional features. The company reduced the price of its high-end broadband service, which allows customers to download up to 30GB of data a month, to \u00a329.99 from \u00a340.99.",
      "charCount": "1853"
    },
    "isHosted": false,
    "pillarId": "pillar/lifestyle",
    "pillarName": "Lifestyle"
  },
  {
    "id": "business/2004/jul/01/2",
    "type": "article",
    "sectionId": "business",
    "sectionName": "Business",
    "webPublicationDate": "2004-07-01T01:52:34Z",
    "webTitle": "Market forces: Man Group grapples with falling funds",
    "webUrl": "https://www.theguardian.com/business/2004/jul/01/2",
    "apiUrl": "https://content.guardianapis.com/business/2004/jul/01/2",
    "fields": {
      "headline": "Man Group grapples with falling funds",
      "trailText": "<p><strong>Market forces:</strong> The recent grim performance of hedge fund manager <strong>Man Group</strong> continued yesterday as analysts drew attention to weakness in its leading fund and the development of a bearish technical picture. </p>",
      "byline": "Neil Hume",
      "main": "",
      "body": "<p>The recent grim performance of hedge fund manager <strong>Man Group</strong> continued yesterday as analysts drew attention to weakness in its leading fund and the development of a bearish technical picture. </p> <p>With the first quarter of Man's fiscal year now complete, close followers of the company have been busy updating their forecasts and it does not make for pleasant reading for shareholders. </p> <p>It seems Man's AHL fund has fallen 10% between March and June, something which has serious implications for performance and management fees. Swiss investment bank UBS said it had been forced to cut its fee forecast for the first half of the year ending March 2005 to \u00a3184m from \u00a3205m to take account of the fall. </p> <p>According to analyst Jason Streets, the poor performance of the AHL fund can be traced to the fact that markets have been volatile. </p> <p>\"AHL does well when there are strongly trending markets. We have not seen trending markets since March and that has shown in the recent poor performance,\" he said. </p> <p>That weakness has also been reflected in Man's share price. As the chart opposite shows its shares have fallen 10% over the past three weeks. </p> <p>According to Richard Crossley, technical analyst at stockbroker Teather &amp; Greenwood, all the long-term trends in place over the past two years have now been comprehensively broken, leaving Man vulnerable to further falls. </p> <p>Its shares closed 31p lower at \u00a314.28. </p> <p>In the wider market, leading shares registered their biggest fall in two weeks, dragged down by weakness in the heavyweight oil and drug sectors. </p> <p><strong>GlaxoSmithKline</strong> did most of the damage. Its shares fell 26p to \u00a311.16 after Commerzbank Securities claimed the company's new cancer drug might not live up to its billing as a billion-dollar product. </p> <p>With nerves ahead of the interest rate decision from the US Federal Reserve adding further pressure, the <strong>FTSE 100</strong> index came to rest 48.3 points lower at 4,464.1. </p> <p>Elsewhere the picture was not as bleak. The <strong>FTSE 250</strong> index rose 20.2 points to 6,277.9 helped by strength in <strong>Somerfield</strong>, up 8.25p at 155.25p, on the back of strong full-year figures, and fund manager <strong>HHG</strong>, which rose 2.75p to 47p after Bridgewell Securities issued a bullish research note. Meanwhile, the <strong>FTSE Small Cap</strong> index added five points to 2,582.8. Market turnover was reasonable with about 3bn shares changing hands. </p> <p>In the bond market, gilts closed higher as investors took heart from signs that consumer spending has finally started to cool. The benchmark 10-year gilt ended at 99.24, yielding 5.096%. </p> <p>Logistics group <strong>Exel</strong> managed to buck the weak market trend, rising 9.5p to 767p, after JP Morgan increased its earnings forecasts and Morgan Stanley said there was still value in the shares. </p> <p>Among the mid caps, <strong>Burren Energy</strong>, the oil explorer focused on west Africa and the Caspian, bounced back from Tuesday's drubbing to close 21p higher at 325p. </p> <p>The rise came after the company said it had found oil in the Congo. </p> <p>Elsewhere in the oil sector there was also a good performance from <strong>Tullow Oil</strong>, which rose 5.5p to 123p on rumours that it has also made a big discovery in the Congo. </p> <p>Rumours of a bid approach from UTC continued to excite <strong>Enodis</strong>, the catering equipment maker. Its shares rose 6.5p to 102p. </p> <p><strong>Ulster TV</strong>, up 0.5p at 421p, was the standout feature in the smaller companies' world after Canadian media group Canwest decided to unload its entire 29.9% holding. </p> <p>UBS handled the business, placing the 16m shares with a number of British institutions. </p> <p><strong>Xenova</strong>, the biotech firm looking to develop a cure for heroin addiction, was another talking point. Its shares gained 1.62p to 11.25p, lifted by positive feedback from Tuesday's investor day in New York. Xenova will host another investor day in London tomorrow. </p> <p>Hedge fund group <strong>RAB Capital</strong> gained 1.5p to 36.5p after house broker KBC Peel Hunt cleared an overhang of 3.25m shares - about 1% of the company. Tool hire company <strong>Brandon Hire</strong> rose 3.5p to 126p as news of \u00a33.5m equity fundraising at 120p was offset by the revelation that trading in the first six months of the year had been very strong. </p> <p><strong>Headlam Group</strong>, the distributor of floor coverings, firmed 11p to 415p after UBS repeated its buy recommendation and 470p target price in the wake of a half-year roundup meeting with the company. </p> <p>\"We estimate like-for-like sales are running at around 13% in the UK, compared with our full-year estimate of 7.5%, and at 4% in Europe, compared with our full-year estimate of 3%,\" analyst Chloe Allport said in a note. </p> <p><strong>Osmetech</strong> was marked 0.2p higher at 4.25p on the back of speculation that the diagnostics company could announce two deals at its upcoming annual shareholders meeting. </p> <p><strong>Earthport</strong>, the payments specialist, firmed 1% to 2.375p on word that its deal with internet company Wanadoo to develop an electronic wallet is about to go live. </p> <p>Traders believe the tie-up with Wanadoo will pave the way for more deals, possibly with a credit card company. </p> <p>On the new issue front <strong>Norwood Immunology</strong> made a solid debut. Placed at 38p the shares ended at 40.5p. </p> <p><strong>Ramsden returns</strong><br></p> <p>Terry Ramsden, the financier who made a fortune trading Japanese warrants and then went bankrupt owing \u00a325m in the 90s, returned to the City with a bang yesterday. </p> <p>Mr Ramsden was unmasked as the driving force behind the radical restructuring of AIM-listed Leisureplay, a company formed to buy distressed leisure assets. </p> <p>He is heading a consortium that will sink \u00a32.4m in the company via an issue of 80m new shares at 3p each. He will end up with an 11% stake in the company, which will then change its name to Caplay and concentrate on making specialist financial investments. </p> <p>The first deal will involve the purchase of a stake in a Canadian mutual fund. </p> <p>Leisureplay closed 2.25p, or 72% higher, at 5.37p. Traders expect further gains this morning as the market speculates about the company's likely relationship with the Private Treaty Market (Pets), a trading system Mr Ramsden claims will revolutionise the process of settlement.</p>",
      "newspaperPageNumber": "23",
      "wordcount": "1042",
      "commentable": "false",
      "isPremoderated": "false",
      "lastModified": "2004-07-01T01:52:34Z",
      "newspaperEditionDate": "2004-07-01T00:00:00Z",
      "productionOffice": "UK",
      "publication": "theguardian.com",
      "shortUrl": "https://gu.com/p/7pmh",
      "shouldHideAdverts": "false",
      "showInRelatedContent": "true",
      "legallySensitive": "false",
      "lang": "en",
      "bodyText": "The recent grim performance of hedge fund manager Man Group continued yesterday as analysts drew attention to weakness in its leading fund and the development of a bearish technical picture. With the first quarter of Man's fiscal year now complete, close followers of the company have been busy updating their forecasts and it does not make for pleasant reading for shareholders. It seems Man's AHL fund has fallen 10% between March and June, something which has serious implications for performance and management fees. Swiss investment bank UBS said it had been forced to cut its fee forecast for the first half of the year ending March 2005 to \u00a3184m from \u00a3205m to take account of the fall. According to analyst Jason Streets, the poor performance of the AHL fund can be traced to the fact that markets have been volatile. \"AHL does well when there are strongly trending markets. We have not seen trending markets since March and that has shown in the recent poor performance,\" he said. That weakness has also been reflected in Man's share price. As the chart opposite shows its shares have fallen 10% over the past three weeks. According to Richard Crossley, technical analyst at stockbroker Teather &amp; Greenwood, all the long-term trends in place over the past two years have now been comprehensively broken, leaving Man vulnerable to further falls. Its shares closed 31p lower at \u00a314.28. In the wider market, leading shares registered their biggest fall in two weeks, dragged down by weakness in the heavyweight oil and drug sectors. GlaxoSmithKline did most of the damage. Its shares fell 26p to \u00a311.16 after Commerzbank Securities claimed the company's new cancer drug might not live up to its billing as a billion-dollar product. With nerves ahead of the interest rate decision from the US Federal Reserve adding further pressure, the FTSE 100 index came to rest 48.3 points lower at 4,464.1. Elsewhere the picture was not as bleak. The FTSE 250 index rose 20.2 points to 6,277.9 helped by strength in Somerfield, up 8.25p at 155.25p, on the back of strong full-year figures, and fund manager HHG, which rose 2.75p to 47p after Bridgewell Securities issued a bullish research note. Meanwhile, the FTSE Small Cap index added five points to 2,582.8. Market turnover was reasonable with about 3bn shares changing hands. In the bond market, gilts closed higher as investors took heart from signs that consumer spending has finally started to cool. The benchmark 10-year gilt ended at 99.24, yielding 5.096%. Logistics group Exel managed to buck the weak market trend, rising 9.5p to 767p, after JP Morgan increased its earnings forecasts and Morgan Stanley said there was still value in the shares. Among the mid caps, Burren Energy, the oil explorer focused on west Africa and the Caspian, bounced back from Tuesday's drubbing to close 21p higher at 325p. The rise came after the company said it had found oil in the Congo. Elsewhere in the oil sector there was also a good performance from Tullow Oil, which rose 5.5p to 123p on rumours that it has also made a big discovery in the Congo. Rumours of a bid approach from UTC continued to excite Enodis, the catering equipment maker. Its shares rose 6.5p to 102p. Ulster TV, up 0.5p at 421p, was the standout feature in the smaller companies' world after Canadian media group Canwest decided to unload its entire 29.9% holding. UBS handled the business, placing the 16m shares with a number of British institutions. Xenova, the biotech firm looking to develop a cure for heroin addiction, was another talking point. Its shares gained 1.62p to 11.25p, lifted by positive feedback from Tuesday's investor day in New York. Xenova will host another investor day in London tomorrow. Hedge fund group RAB Capital gained 1.5p to 36.5p after house broker KBC Peel Hunt cleared an overhang of 3.25m shares - about 1% of the company. Tool hire company Brandon Hire rose 3.5p to 126p as news of \u00a33.5m equity fundraising at 120p was offset by the revelation that trading in the first six months of the year had been very strong. Headlam Group, the distributor of floor coverings, firmed 11p to 415p after UBS repeated its buy recommendation and 470p target price in the wake of a half-year roundup meeting with the company. \"We estimate like-for-like sales are running at around 13% in the UK, compared with our full-year estimate of 7.5%, and at 4% in Europe, compared with our full-year estimate of 3%,\" analyst Chloe Allport said in a note. Osmetech was marked 0.2p higher at 4.25p on the back of speculation that the diagnostics company could announce two deals at its upcoming annual shareholders meeting. Earthport, the payments specialist, firmed 1% to 2.375p on word that its deal with internet company Wanadoo to develop an electronic wallet is about to go live. Traders believe the tie-up with Wanadoo will pave the way for more deals, possibly with a credit card company. On the new issue front Norwood Immunology made a solid debut. Placed at 38p the shares ended at 40.5p. Ramsden returns Terry Ramsden, the financier who made a fortune trading Japanese warrants and then went bankrupt owing \u00a325m in the 90s, returned to the City with a bang yesterday. Mr Ramsden was unmasked as the driving force behind the radical restructuring of AIM-listed Leisureplay, a company formed to buy distressed leisure assets. He is heading a consortium that will sink \u00a32.4m in the company via an issue of 80m new shares at 3p each. He will end up with an 11% stake in the company, which will then change its name to Caplay and concentrate on making specialist financial investments. The first deal will involve the purchase of a stake in a Canadian mutual fund. Leisureplay closed 2.25p, or 72% higher, at 5.37p. Traders expect further gains this morning as the market speculates about the company's likely relationship with the Private Treaty Market (Pets), a trading system Mr Ramsden claims will revolutionise the process of settlement.",
      "charCount": "5980"
    },
    "isHosted": false,
    "pillarId": "pillar/news",
    "pillarName": "News"
  },
  {
    "id": "business/2004/jul/01/6",
    "type": "article",
    "sectionId": "business",
    "sectionName": "Business",
    "webPublicationDate": "2004-07-01T01:52:34Z",
    "webTitle": "Cazenove considers offers as profits treble",
    "webUrl": "https://www.theguardian.com/business/2004/jul/01/6",
    "apiUrl": "https://content.guardianapis.com/business/2004/jul/01/6",
    "fields": {
      "headline": "Cazenove considers offers as profits treble",
      "trailText": "<p>Cazenove, one of the City's best known firms, yesterday reported a three-fold rise in profits which could help it secure a higher price from potential bidders. </p>",
      "byline": "Jill Treanor",
      "main": "",
      "body": "<p>Cazenove, one of the City's best known firms, yesterday reported a three-fold rise in profits which could help it secure a higher price from potential bidders. </p> <p>The firm, which provides advice to many of the country's biggest companies including Marks &amp; Spencer, produced pre-tax profits, before exceptionals, of \u00a341.7m. Staff bonuses doubled, reflecting the higher profits achieved on the back of improving conditions in the stock market as well as cost-cutting measures. </p> <p>The pre-tax profits jumped from \u00a314.3m, before a \u00a325m payment into its pension scheme and a \u00a39m saving from its buildings costs. </p> <p>Robert Pickering, Cazenove's chief executive, admitted the board was still considering a number of takeover proposals from rivals, thought to include Lehman Brothers, but gave no guarantee the business would be independent a year from now. Barclays has also been linked as a potential suitor. </p> <p>Mr Pickering said Cazenove was \"perfectly comfortable\" about remaining independent but could do a deal if it gave the business \"more capability\", such as in the bond market. </p> <p>\"We're not going to do it for the sake of it,\" Mr Pickering said. </p> <p>Cazenove is renowned in the City for a culture emanating from its workforce that has traditionally been hired from top public schools and Oxbridge. </p> <p>Any takeover should not deflect Cazenove from \"making us what we are\", Mr Pickering said. </p> <p>\"What we are is different to different people. We have literally hundreds of clients who hire us to do different things ... We do try to give the client the best advice. We get hired by people because we are good at what we do.\" </p> <p>Until three years ago, Cazenove was run as a secretive partnership. However, its decision to incorporate - ahead of a stock market flotation which has since been aborted - has forced it to open up its books and made it more accessible to potential bidders. </p> <p>In May, Cazenove conceded it had received a number of takeover offers but it insisted it was not in \"formal discus sions\" and would prefer to remain independent. </p> <p>As it published its results for the year to end April yesterday, the firm said the offers were being \"benchmarked against our existing strategy of remaining independent\". </p> <p>It reported a sharp rise in its dividend to 15p from 6p which will benefit employees as 90% of the shares are owned by current and former Cazenove bankers. </p> <p>The remaining 10% are owned by institutional investors, such as Prudential, who are likely to prove crucial in any takeover talks.</p>",
      "newspaperPageNumber": "20",
      "wordcount": "416",
      "commentable": "false",
      "isPremoderated": "false",
      "lastModified": "2004-07-01T01:52:34Z",
      "newspaperEditionDate": "2004-07-01T00:00:00Z",
      "productionOffice": "UK",
      "publication": "theguardian.com",
      "shortUrl": "https://gu.com/p/7pm6",
      "shouldHideAdverts": "false",
      "showInRelatedContent": "true",
      "legallySensitive": "false",
      "lang": "en",
      "bodyText": "Cazenove, one of the City's best known firms, yesterday reported a three-fold rise in profits which could help it secure a higher price from potential bidders. The firm, which provides advice to many of the country's biggest companies including Marks &amp; Spencer, produced pre-tax profits, before exceptionals, of \u00a341.7m. Staff bonuses doubled, reflecting the higher profits achieved on the back of improving conditions in the stock market as well as cost-cutting measures. The pre-tax profits jumped from \u00a314.3m, before a \u00a325m payment into its pension scheme and a \u00a39m saving from its buildings costs. Robert Pickering, Cazenove's chief executive, admitted the board was still considering a number of takeover proposals from rivals, thought to include Lehman Brothers, but gave no guarantee the business would be independent a year from now. Barclays has also been linked as a potential suitor. Mr Pickering said Cazenove was \"perfectly comfortable\" about remaining independent but could do a deal if it gave the business \"more capability\", such as in the bond market. \"We're not going to do it for the sake of it,\" Mr Pickering said. Cazenove is renowned in the City for a culture emanating from its workforce that has traditionally been hired from top public schools and Oxbridge. Any takeover should not deflect Cazenove from \"making us what we are\", Mr Pickering said. \"What we are is different to different people. We have literally hundreds of clients who hire us to do different things ... We do try to give the client the best advice. We get hired by people because we are good at what we do.\" Until three years ago, Cazenove was run as a secretive partnership. However, its decision to incorporate - ahead of a stock market flotation which has since been aborted - has forced it to open up its books and made it more accessible to potential bidders. In May, Cazenove conceded it had received a number of takeover offers but it insisted it was not in \"formal discus sions\" and would prefer to remain independent. As it published its results for the year to end April yesterday, the firm said the offers were being \"benchmarked against our existing strategy of remaining independent\". It reported a sharp rise in its dividend to 15p from 6p which will benefit employees as 90% of the shares are owned by current and former Cazenove bankers. The remaining 10% are owned by institutional investors, such as Prudential, who are likely to prove crucial in any takeover talks.",
      "charCount": "2481"
    },
    "isHosted": false,
    "pillarId": "pillar/news",
    "pillarName": "News"
  },
  {
    "id": "business/2004/jul/01/useconomy.interestrates",
    "type": "article",
    "sectionId": "business",
    "sectionName": "Business",
    "webPublicationDate": "2004-07-01T01:52:33Z",
    "webTitle": "Fed turns tide on US interest rates",
    "webUrl": "https://www.theguardian.com/business/2004/jul/01/useconomy.interestrates",
    "apiUrl": "https://content.guardianapis.com/business/2004/jul/01/useconomy.interestrates",
    "fields": {
      "headline": "Fed turns tide on US interest rates",
      "trailText": "<p>America's central bank, the Federal Reserve, served notice last night that rock-bottom interest rates in the world's biggest economy were a thing of the past when it raised the cost of borrowing for the first time in four years. </p>",
      "byline": "Larry Elliott",
      "main": "",
      "body": "<p>America's central bank, the Federal Reserve, served notice last night that rock-bottom interest rates in the world's biggest economy were a thing of the past when it raised the cost of borrowing for the first time in four years. </p> <p>In a unanimous decision, the Fed's open market committee pushed up its federal funds rate by a quarter point to 1.25% and hinted that it would adopt a measured approach to any future increases. </p> <p>The widely anticipated move followed a year in which the fed funds rate had been left at a 40-year-low of 1% in order to guarantee that the US economy would enjoy a sustained recovery from the slowdown that followed the collapse of the dotcom bubble and the terrorist attacks on September 11 2001. </p> <p>Despite the political sensitivity of tighter monetary policy with a presidential election looming, the Fed, led by chairman Alan Greenspan, acted in response to evidence that economic growth was at last starting to lead to more jobs, and made it clear that further rate increases were in the pipeline. </p> <p>The central bank announced that even after last night's modest move, interest rates were still at a low enough level to stimulate the economy. \"The evidence accumulated [since the open market committee last met] indicates that output is continuing to expand at a solid pace and labour market conditions have improved,\" it said. </p> <p>With oil prices lower than they were at their peak in May, the Fed shrugged off signs of mounting inflationary pressure. The data were \"somewhat elevated\" but part of the increase was due to \"transitory factors\". </p> <p>It added that the open market committee believed \"the upside and downside risks to the attainment of both sus tainable growth and price stability for the next few quarters are roughly equal. With underlying inflation still expected to be relatively low, the committee believes that policy accommodation can be removed at a pace that is likely to be measured. Nonetheless, the committee will respond to changes in economic prospects as needed to fulfil its obligation to maintain price stability.\" </p> <p>Wall Street had been braced for a quarter-point increase and was more interested in the statement accompanying the move. In the aftermath of the announcement, there was virtually no change in either the Dow Jones average of blue-chip stocks or the technology-rich Nasdaq index. </p> <p>Kurt Karl, head of economic research at Swiss Re in New York, said: \"This is very much as expected. The reference to inflation data being 'somewhat elevated' is something that Greenspan and other Federal Reserve officials have said repeatedly. They don't view the current rapid rise in inflation as going up and up and up. They believe things will alleviate themselves with time. Nevertheless, they need to start getting away from a very accommodative stance. </p> <p>\"They are taking a measured pace and will get substantially above inflation and slow down economic activity.\" </p> <p>Kevin Logan, senior economist at Dresdner Kleinwort Wasserstein in New York, said: \"The Fed did exactly what they wanted to do, which was not to move the markets today. They telegraphed this move well in advance. </p> <p>\"They do intend to raise the funds rate at a measured pace, which I infer to mean 25 basis points per meeting, taking the federal funds rate to 2.0% at the end of the year and then they'll pause. The Fed doesn't believe the recent increase in inflation is permanent.\"</p>",
      "newspaperPageNumber": "19",
      "wordcount": "567",
      "commentable": "false",
      "isPremoderated": "false",
      "lastModified": "2017-07-15T03:31:10Z",
      "newspaperEditionDate": "2004-07-01T00:00:00Z",
      "productionOffice": "UK",
      "publication": "theguardian.com",
      "shortUrl": "https://gu.com/p/7pm3",
      "shouldHideAdverts": "false",
      "showInRelatedContent": "true",
      "legallySensitive": "false",
      "lang": "en",
      "bodyText": "America's central bank, the Federal Reserve, served notice last night that rock-bottom interest rates in the world's biggest economy were a thing of the past when it raised the cost of borrowing for the first time in four years. In a unanimous decision, the Fed's open market committee pushed up its federal funds rate by a quarter point to 1.25% and hinted that it would adopt a measured approach to any future increases. The widely anticipated move followed a year in which the fed funds rate had been left at a 40-year-low of 1% in order to guarantee that the US economy would enjoy a sustained recovery from the slowdown that followed the collapse of the dotcom bubble and the terrorist attacks on September 11 2001. Despite the political sensitivity of tighter monetary policy with a presidential election looming, the Fed, led by chairman Alan Greenspan, acted in response to evidence that economic growth was at last starting to lead to more jobs, and made it clear that further rate increases were in the pipeline. The central bank announced that even after last night's modest move, interest rates were still at a low enough level to stimulate the economy. \"The evidence accumulated [since the open market committee last met] indicates that output is continuing to expand at a solid pace and labour market conditions have improved,\" it said. With oil prices lower than they were at their peak in May, the Fed shrugged off signs of mounting inflationary pressure. The data were \"somewhat elevated\" but part of the increase was due to \"transitory factors\". It added that the open market committee believed \"the upside and downside risks to the attainment of both sus tainable growth and price stability for the next few quarters are roughly equal. With underlying inflation still expected to be relatively low, the committee believes that policy accommodation can be removed at a pace that is likely to be measured. Nonetheless, the committee will respond to changes in economic prospects as needed to fulfil its obligation to maintain price stability.\" Wall Street had been braced for a quarter-point increase and was more interested in the statement accompanying the move. In the aftermath of the announcement, there was virtually no change in either the Dow Jones average of blue-chip stocks or the technology-rich Nasdaq index. Kurt Karl, head of economic research at Swiss Re in New York, said: \"This is very much as expected. The reference to inflation data being 'somewhat elevated' is something that Greenspan and other Federal Reserve officials have said repeatedly. They don't view the current rapid rise in inflation as going up and up and up. They believe things will alleviate themselves with time. Nevertheless, they need to start getting away from a very accommodative stance. \"They are taking a measured pace and will get substantially above inflation and slow down economic activity.\" Kevin Logan, senior economist at Dresdner Kleinwort Wasserstein in New York, said: \"The Fed did exactly what they wanted to do, which was not to move the markets today. They telegraphed this move well in advance. \"They do intend to raise the funds rate at a measured pace, which I infer to mean 25 basis points per meeting, taking the federal funds rate to 2.0% at the end of the year and then they'll pause. The Fed doesn't believe the recent increase in inflation is permanent.\"",
      "charCount": "3389"
    },
    "isHosted": false,
    "pillarId": "pillar/news",
    "pillarName": "News"
  },
  {
    "id": "technology/2004/jul/01/arts.glastonbury2004",
    "type": "article",
    "sectionId": "technology",
    "sectionName": "Technology",
    "webPublicationDate": "2004-07-01T01:52:21Z",
    "webTitle": "Glastonbury mud for sale on eBay",
    "webUrl": "https://www.theguardian.com/technology/2004/jul/01/arts.glastonbury2004",
    "apiUrl": "https://content.guardianapis.com/technology/2004/jul/01/arts.glastonbury2004",
    "fields": {
      "headline": "Glastonbury mud for sale on eBay",
      "trailText": "<p>What price mud? As if the commercialisation of the Glastonbury festival had not gone far enough, yesterday the very goo through which the audience waded was put up for auction. </p>",
      "byline": "Sandra Laville",
      "main": "<figure class=\"element element-image\" data-media-id=\"gu-image-330257343\"> <img src=\"http://static.guim.co.uk/sys-images/Guardian/Pix/arts/2004/07/01/PAandybutterton_mud3.jpg\" alt=\"Glastonbury festivalgoer revels in the mud, 2004\" width=\"372\" height=\"192\" class=\"gu-image\" /> <figcaption> <span class=\"element-image__caption\">Where there's muck: the authentic Glastonbury experience. Photograph: Andy Butterton/PA</span> </figcaption> </figure>",
      "body": "<p>What price mud? As if the commercialisation of the Glastonbury festival had not gone far enough, yesterday the very goo through which the audience waded was put up for auction. </p> <p>At a starting price of 99p, a dollop of mud freshly scraped from the boots of a visitor to the three-day festival was on the internet for sale, complete with picture. For enticement, the seller specified where on Michael Eavis's farm in Somerset the earth was sourced - the front two rows of the Pyramid stage where Oasis, Morrissey and Muse had played. </p> <p>Just before noon yesterday, bids reached \u00a374 - which led the mud's owner to add a postscript: \"Due to the huge amount of interest in this I have decided to donate 50% of the final auction price to the WaterAid charity.\" </p> <p>Whether driven by altruism, or by a need to present his credentials to the Glastonbury elite, the offer worked. Within minutes bids hit \u00a3360. By 11pm the highest was \u00a3510, with 16 hours left until the sale closed. WaterAid, which also provides sanitation to the developing world, said it never ceased to be amazed at the excitement that anything and every thing to do with Glastonbury created, adding: \"We are delighed to be the charity chosen to benefit.\" </p> <p>But, as every follower of today's profit-driven Glastonbury festival knows, where there is a market someone will undercut it. Within hours, wags were offering their own muck for brass for as little as a one penny a litre. </p> <p>However there was little interest shown. Other canny sellers offered incentives - wellington boots, trainers and shorts - but still to no avail. Some even offered the rarest of Glastonbury commodities following such a weekend - mud with green grass.</p> <p><strong>\u00b7</strong> The Guardian sponsors the Glastonbury festival.</p>",
      "newspaperPageNumber": "9",
      "wordcount": "296",
      "commentable": "false",
      "isPremoderated": "false",
      "lastModified": "2018-02-22T10:20:55Z",
      "newspaperEditionDate": "2004-07-01T00:00:00Z",
      "productionOffice": "UK",
      "publication": "The Guardian",
      "shortUrl": "https://gu.com/p/277a",
      "shouldHideAdverts": "false",
      "showInRelatedContent": "true",
      "legallySensitive": "false",
      "lang": "en",
      "bodyText": "What price mud? As if the commercialisation of the Glastonbury festival had not gone far enough, yesterday the very goo through which the audience waded was put up for auction. At a starting price of 99p, a dollop of mud freshly scraped from the boots of a visitor to the three-day festival was on the internet for sale, complete with picture. For enticement, the seller specified where on Michael Eavis's farm in Somerset the earth was sourced - the front two rows of the Pyramid stage where Oasis, Morrissey and Muse had played. Just before noon yesterday, bids reached \u00a374 - which led the mud's owner to add a postscript: \"Due to the huge amount of interest in this I have decided to donate 50% of the final auction price to the WaterAid charity.\" Whether driven by altruism, or by a need to present his credentials to the Glastonbury elite, the offer worked. Within minutes bids hit \u00a3360. By 11pm the highest was \u00a3510, with 16 hours left until the sale closed. WaterAid, which also provides sanitation to the developing world, said it never ceased to be amazed at the excitement that anything and every thing to do with Glastonbury created, adding: \"We are delighed to be the charity chosen to benefit.\" But, as every follower of today's profit-driven Glastonbury festival knows, where there is a market someone will undercut it. Within hours, wags were offering their own muck for brass for as little as a one penny a litre. However there was little interest shown. Other canny sellers offered incentives - wellington boots, trainers and shorts - but still to no avail. Some even offered the rarest of Glastonbury commodities following such a weekend - mud with green grass. \u00b7 The Guardian sponsors the Glastonbury festival.",
      "charCount": "1729"
    },
    "isHosted": false,
    "pillarId": "pillar/news",
    "pillarName": "News"
  },
  {
    "id": "world/2004/jul/01/religion.britishidentity",
    "type": "article",
    "sectionId": "world",
    "sectionName": "World news",
    "webPublicationDate": "2004-07-01T01:51:48Z",
    "webTitle": "My \u00a31.40 ride through Muslim Britain",
    "webUrl": "https://www.theguardian.com/world/2004/jul/01/religion.britishidentity",
    "apiUrl": "https://content.guardianapis.com/world/2004/jul/01/religion.britishidentity",
    "fields": {
      "headline": "My \u00a31.40 ride through Muslim Britain",
      "standfirst": "Fifteen years ago Zaiba Malik would ride the 617 bus from Bradford's poor inner city to the affluent white suburbs. At the end of the journey she used to be the only Asian left on board. Now, to gauge how the lives of British Asians have changed, she boards the bus again",
      "trailText": "Fifteen years ago <B>Zaiba Malik</B> would ride the 617 bus from Bradford's poor inner city to the affluent white suburbs. At the end of the journey she used to be the only Asian left on board. Now, to gauge how the lives of British Asians have changed, she boards the bus again.",
      "byline": "Zaiba Malik",
      "main": "",
      "body": "In the space of 30 minutes, the 617 bus transports you from the centre of Bradford, with its clumsy mix of Victoriana and discount shops, to the placid suburbs of Allerton, four miles away. It's a journey I've taken hundreds of times - as a child, a student and now as an adult when I head back to the city to see my family. <p>For me, this route is an unscientific but effective way to gauge racial integration in the city. Fifteen years ago I would sit and watch as both white and Pakistani passengers got on. Then I'd monitor the ethnic disembarkation. Almost without fail, I knew that by the time we had left the Asian enclave around Manningham, I would be the only non-white passenger. I sat there with a juvenile smugness - after years of living in \"Bradistan\" - inner-city Bradford with a high concentration of Pakistanis - I was finally fitting into British society. My father's hard work had paid for our promotion to the middle classes and that meant living in a white area, brimming with cul-de-sacs and Labradors. </p> <p>It's a monopoly I can no longer lay claim to. Other Pakistanis have joined the ranks of the suburban classes and moved away from the claustrophobic city centre. This is perhaps the most visible sign of integration, but is it enough to please Trevor Phillips? </p> <p>Remarks earlier this year by the chair of the Commission for Racial Equality about the need to bury multiculturalism, coupled with mounting suspicion of young British \"Islamicists\" since 9/11 have sparked a debate about the very essence of British Muslim identity. Suddenly we've all been dumped into a generic pit, labelled: \"Treat with caution\". Hollow buzzwords such as alienation, identity crisis and assimilation are bandied around. But how do the lives of real British Muslims match up to the rhetoric? For \u00a31.40, the price of a bus ticket, I went in search of some answers. </p> <p>The bus station in Bradford doubles as a youth centre. In the ladies' toilet you have to jostle for access to the mirrors, competing with schoolgirls finessing their warpaint. Posters promoting Bradford as a tourist destination point out the highlights of the city - David Hockney, the Black Dyke Band and Saltaire village. </p> <p>I pay my fare along with 11 others. My first stop is the car park behind two rival snooker halls, a regular haunt for kids taking an unauthorised break from school and young men with time to kill. Amid the flotilla of cars is a Japanese import with blacked-out windows, vibrating under a heavy bass. Standing around it are two boys, aged no more than 20, admiring their mobile ghetto blaster. </p> <p>\"There's bugger all for us to do. I can't get a job anywhere. There's a lot of racism in this city and no one wants to employ Pakistanis,\" says Ahmed. I was expecting this - the unemployment rate among people of Pakistani origin is four times that of the white population. \"I want to work. All of our parents went through shit when they came here. But it's still going on. I'm not accepted by the whites, so what can I do?\" </p> <p>Nazir chips in: \"Our parents don't understand us either. I go to the mosque every Friday but it's just to please my dad. I don't even know how to pray so I just follow what everyone else does.\" What Nazir says strikes a chord - when I was a child I read the Koran in Arabic, not understanding a single word, and the only way I could remember what denomination I belonged to was by reciting the mantra: \"I walk on the Sunni side of the street.\" </p> <p>Ahmed adds: \"Religion doesn't mean that much to me.\" Worried that he has said too much, he shuts up so, in exchange for his honesty, I promise him anonymity. It's a deal that loosens his tongue. \"Look at that - they've spent a fortune on that.\" He points to the Central Mosque across the road with its Ottoman-style lead dome and solid Yorkshire stone walls. \"What use is spending millions on that when we don't have any work? The Council of Mosques has got it all wrong. You can't live off religion.\" </p> <p>The Bradford Council of Mosques has become the mouthpiece for Muslims in the city but for the younger generation it has all the faults of the House of Lords - it's unelected, unrepresentative and out of touch. \"There's a lost generation here. No one's speaking for us - the riots showed that,\" says Nazir. </p> <p>The 617 bus struggles up the steep incline of White Abbey Road, past the Islamic Book Centre, the Pakistan Community Centre and the halal fish and chip shops (no dripping, just vegetable oil). I see more Nizars and Ahmeds in their customised cars, dodging the painfully slow and now overcrowded bus. </p> <p>This was the epicentre of the 2001 riots. The scars are still visible, rubble marks the site where the Labour club was burned down. There are few white-owned businesses, the Lower Globe pub is boarded up and the BMW garage has relocated. The riots came as no surprise to me - something had to give. For many years it seemed that people were rubbing along. But in reality they were more like tectonic plates rubbing against each other. At the top of White Abbey Road huge Victorian houses line a dual carriageway. A century ago these were home to the white upper-middle classes running the now defunct textile industry. The whites and the money have disappeared and many of the lofty properties have been converted into bedsits and flats. </p> <p>\"I had a heart attack yesterday. I've just come out of hospital,\" says Iqbal who is in his early 30s - a heroin and crack addict since his late teens. Medication has helped to control his heroin habit but the crack-cocaine has taken its toll on his health. He is gaunt and underweight. </p> <p>\"My ex-girlfriend introduced me to smack. I started dealing to pay for my habit - I was making a grand a day.\" </p> <p>Even in the chaotic world of drug addiction Iqbal has rules, his own system of apartheid.\" I'd only buy from other Asians or blacks, never from whites. But I made money from the whites, I'd sell to them, like to the bouncers in the nightclubs. I'd never share needles with English people - I was too scared of catching something.\" </p> <p>I ask Iqbal what his family's reaction had been to his addiction, fully expecting to hear that they had disowned him. </p> <p>\"I've upset them but my mum and brothers have looked after me. I got a five-year sentence for dealing and it was my mum who looked after my son. Muslim families are tight, no matter what. If I was in an English family they'd have thrown me out.\" </p> <p>Iqbal's flat would have been a vantage point to watch Bradford burning in the riots, but he was in prison at the time. \"The lads got a heavy sentence in the riots. I met a lot of them inside. I kept asking them, 'What were you doing, damaging your own property and giving Muslims a bad reputation?' It was good that they got sent down. I was in prison when 9/11 happened as well. There was a lot of tension then. White inmates looked at me and said, 'Your people have done that'. We've got to stop giving ourselves a bad reputation.\" </p> <p>Within walking distance of Iqbal's flat, two imposing buildings compete for attention. The towering hulk of Lister Mills has been empty for as long as I can remember. Long-term plans to convert it into fashionable apartments are finally under way. Will this gentrification go against the Bradford trend and persuade whites to move into an Asian area? Somehow I doubt it. </p> <p>Opposite is the fortressed police station, Lawcroft House. A sign welcomes you in English, Urdu, Hindi and other tongues. PC Imran Mirza is one of 12 Muslim officers based here. He's 25, polite and sports a trimmed goatee. </p> <p>\"I come to this area sometimes when I'm out of uniform and it's easier then. I've had Muslim lads coming up to me saying I've betrayed my religion and community. But it doesn't bother me.\" </p> <p>Why did he join the police force, knowing he had be criticised for doing so? \"It's a good career. I come from a religious background with strong family values. I was taught the difference between right and wrong - the police force seemed a natural place.\" </p> <p>PC Mirza's words would please Trevor Phillips. \"I strongly believe that the problem is that many parents have their own values and beliefs and they haven't adapted to the needs of the United Kingdom. There's a communication gap between parents and their kids - where is the culture and identity?\" </p> <p>The penultimate leg of my bus journey takes me back 20 years. A supportive teacher and a bursary ensured that I had the best education Bradford could offer. But academia was the easy part - fitting in wasn't so easy. I was the only Muslim in my year and my father's adherence to Islam singled me out in a way that was excruciatingly painful for a teenager. As the school congregated for assembly, I sat reading Iris Murdoch and Agatha Christie in the library. </p> <p>Every morning I had to undergo a bizarre covert exercise, trying to find somewhere, normally a leafy bush or a thick-trunked tree where I could take off the pair of trousers I had to wear under my knee-length skirt - an addition to my uniform that was meant to hide my modesty. At 4pm, the trousers would go back on. With hindsight this was all character-building but at the time I felt as if I just didn't belong. </p> <p>Stand outside the school grounds today and you can see middle-class Muslim girls who are confident, articulate and trouserless. \"My mum grew up in Bradford so she knows what it's like and she wants me to do well at school,\" says Saima, who has just finished her GCSEs and has plans to study law at university. \"I've got Muslim and English friends. It's not a problem getting a balance between the two cultures but I know what my limits are. I don't go clubbing for instance.\" Her mother encourages her to take part in extracurricular activities and to socialise with her white friends. \"Some of my Asian friends from state schools have turned to bad things because they've had a restricted childhood. The more your parents tell you you can't do something, the more you want to do it.\" </p> <p>I wondered if Saima's aplomb and her ability to sit comfortably in both the British and the Muslim camps had anything to do with where she lived and went to school, out in the suburbs among the middle classes. But as I get off the bus for the final time, I realise that living in suburbia is no guarantee of \"being British\". Fahmeeda Khan, like my mother, came to Bradford in the late 1960s. Unlike my mother she spoke English, wore western clothes and took up a job, as a teacher. \"I knew we were here for good so we had to fit in. I made sure my kids went to good schools. Being a Muslim is difficult in this country.\" </p> <p>\"Yes, it's a struggle,\" says Fozia, Fahmeeda's daughter. \"But I don't want to compromise. I'm prepared to take the hard road.\" The hard road for Fozia and her sister, Nabila, means enduring criticism from within their own family and from outsiders. For, while Fahmeeda sits with her hair uncovered, both Fozia and Nabila have decided to wear the hijab. The girls are adamant that they want to stand out, not blend in. </p> <p>\"If people notice me more now, stare at me then that's good. It gives me a chance to explain my religion,\" says Nabila. </p> <p>Unlike the schoolgirl, Saima, both girls have their feet firmly entrenched on the Muslim side of the fence. \"Once we started to wear the hijab we became solely Muslim. Islam has an impact on every aspect of our lives. Being British, well, you just need a passport for that.\" </p> <p>Fahmeeda is quiet. Though she may not be ecstatic about her daughters' dress code, it's her son's recent marriage to a white girl that has caused her heartache. She starts to cry: \"I felt betrayed and I wanted to kick him out.\" For her this ultimate form of integration is a step too far. It's her daughters who are now the source of reason. \"We had to support him. And we haven't put pressure on his wife to convert, otherwise she'll become resentful.\" </p> <p>I head back to my mum's house. So what if Fozia and Nabila give priority to their Islamic rather than their British identity? They have an aura of serenity that I have encountered in few others I've met on my bus journey. Many of those, including myself, are coping with an internal battle where one side is armed with faith, culture and heritage and the other with integration, assimilation and homogeneity. The front line shifts frequently but this is a personal war that cannot be won while we are judged on our every move. </p> <p>Show me an identikit of a British Muslim - the one who walks the tightrope perfectly, and I will show you a fantasy. The question of what we are and what we should be fails to take into consideration individuality, personality, our quirks and our own interpretations of what Islam is and what it means to be British. We're doctors, we're in rehab; we're multimillionaires, we're in the dole queues; we're undergraduates, we're under-achievers; we uphold the law, we practise the law and we break the law. Isn't this enough integration?</p>",
      "newspaperPageNumber": "1",
      "wordcount": "2317",
      "commentable": "false",
      "isPremoderated": "false",
      "lastModified": "2017-11-26T04:08:57Z",
      "newspaperEditionDate": "2004-07-01T00:00:00Z",
      "productionOffice": "UK",
      "publication": "The Guardian",
      "shortUrl": "https://gu.com/p/njkd",
      "shouldHideAdverts": "false",
      "showInRelatedContent": "true",
      "legallySensitive": "false",
      "lang": "en",
      "bodyText": "In the space of 30 minutes, the 617 bus transports you from the centre of Bradford, with its clumsy mix of Victoriana and discount shops, to the placid suburbs of Allerton, four miles away. It's a journey I've taken hundreds of times - as a child, a student and now as an adult when I head back to the city to see my family. For me, this route is an unscientific but effective way to gauge racial integration in the city. Fifteen years ago I would sit and watch as both white and Pakistani passengers got on. Then I'd monitor the ethnic disembarkation. Almost without fail, I knew that by the time we had left the Asian enclave around Manningham, I would be the only non-white passenger. I sat there with a juvenile smugness - after years of living in \"Bradistan\" - inner-city Bradford with a high concentration of Pakistanis - I was finally fitting into British society. My father's hard work had paid for our promotion to the middle classes and that meant living in a white area, brimming with cul-de-sacs and Labradors. It's a monopoly I can no longer lay claim to. Other Pakistanis have joined the ranks of the suburban classes and moved away from the claustrophobic city centre. This is perhaps the most visible sign of integration, but is it enough to please Trevor Phillips? Remarks earlier this year by the chair of the Commission for Racial Equality about the need to bury multiculturalism, coupled with mounting suspicion of young British \"Islamicists\" since 9/11 have sparked a debate about the very essence of British Muslim identity. Suddenly we've all been dumped into a generic pit, labelled: \"Treat with caution\". Hollow buzzwords such as alienation, identity crisis and assimilation are bandied around. But how do the lives of real British Muslims match up to the rhetoric? For \u00a31.40, the price of a bus ticket, I went in search of some answers. The bus station in Bradford doubles as a youth centre. In the ladies' toilet you have to jostle for access to the mirrors, competing with schoolgirls finessing their warpaint. Posters promoting Bradford as a tourist destination point out the highlights of the city - David Hockney, the Black Dyke Band and Saltaire village. I pay my fare along with 11 others. My first stop is the car park behind two rival snooker halls, a regular haunt for kids taking an unauthorised break from school and young men with time to kill. Amid the flotilla of cars is a Japanese import with blacked-out windows, vibrating under a heavy bass. Standing around it are two boys, aged no more than 20, admiring their mobile ghetto blaster. \"There's bugger all for us to do. I can't get a job anywhere. There's a lot of racism in this city and no one wants to employ Pakistanis,\" says Ahmed. I was expecting this - the unemployment rate among people of Pakistani origin is four times that of the white population. \"I want to work. All of our parents went through shit when they came here. But it's still going on. I'm not accepted by the whites, so what can I do?\" Nazir chips in: \"Our parents don't understand us either. I go to the mosque every Friday but it's just to please my dad. I don't even know how to pray so I just follow what everyone else does.\" What Nazir says strikes a chord - when I was a child I read the Koran in Arabic, not understanding a single word, and the only way I could remember what denomination I belonged to was by reciting the mantra: \"I walk on the Sunni side of the street.\" Ahmed adds: \"Religion doesn't mean that much to me.\" Worried that he has said too much, he shuts up so, in exchange for his honesty, I promise him anonymity. It's a deal that loosens his tongue. \"Look at that - they've spent a fortune on that.\" He points to the Central Mosque across the road with its Ottoman-style lead dome and solid Yorkshire stone walls. \"What use is spending millions on that when we don't have any work? The Council of Mosques has got it all wrong. You can't live off religion.\" The Bradford Council of Mosques has become the mouthpiece for Muslims in the city but for the younger generation it has all the faults of the House of Lords - it's unelected, unrepresentative and out of touch. \"There's a lost generation here. No one's speaking for us - the riots showed that,\" says Nazir. The 617 bus struggles up the steep incline of White Abbey Road, past the Islamic Book Centre, the Pakistan Community Centre and the halal fish and chip shops (no dripping, just vegetable oil). I see more Nizars and Ahmeds in their customised cars, dodging the painfully slow and now overcrowded bus. This was the epicentre of the 2001 riots. The scars are still visible, rubble marks the site where the Labour club was burned down. There are few white-owned businesses, the Lower Globe pub is boarded up and the BMW garage has relocated. The riots came as no surprise to me - something had to give. For many years it seemed that people were rubbing along. But in reality they were more like tectonic plates rubbing against each other. At the top of White Abbey Road huge Victorian houses line a dual carriageway. A century ago these were home to the white upper-middle classes running the now defunct textile industry. The whites and the money have disappeared and many of the lofty properties have been converted into bedsits and flats. \"I had a heart attack yesterday. I've just come out of hospital,\" says Iqbal who is in his early 30s - a heroin and crack addict since his late teens. Medication has helped to control his heroin habit but the crack-cocaine has taken its toll on his health. He is gaunt and underweight. \"My ex-girlfriend introduced me to smack. I started dealing to pay for my habit - I was making a grand a day.\" Even in the chaotic world of drug addiction Iqbal has rules, his own system of apartheid.\" I'd only buy from other Asians or blacks, never from whites. But I made money from the whites, I'd sell to them, like to the bouncers in the nightclubs. I'd never share needles with English people - I was too scared of catching something.\" I ask Iqbal what his family's reaction had been to his addiction, fully expecting to hear that they had disowned him. \"I've upset them but my mum and brothers have looked after me. I got a five-year sentence for dealing and it was my mum who looked after my son. Muslim families are tight, no matter what. If I was in an English family they'd have thrown me out.\" Iqbal's flat would have been a vantage point to watch Bradford burning in the riots, but he was in prison at the time. \"The lads got a heavy sentence in the riots. I met a lot of them inside. I kept asking them, 'What were you doing, damaging your own property and giving Muslims a bad reputation?' It was good that they got sent down. I was in prison when 9/11 happened as well. There was a lot of tension then. White inmates looked at me and said, 'Your people have done that'. We've got to stop giving ourselves a bad reputation.\" Within walking distance of Iqbal's flat, two imposing buildings compete for attention. The towering hulk of Lister Mills has been empty for as long as I can remember. Long-term plans to convert it into fashionable apartments are finally under way. Will this gentrification go against the Bradford trend and persuade whites to move into an Asian area? Somehow I doubt it. Opposite is the fortressed police station, Lawcroft House. A sign welcomes you in English, Urdu, Hindi and other tongues. PC Imran Mirza is one of 12 Muslim officers based here. He's 25, polite and sports a trimmed goatee. \"I come to this area sometimes when I'm out of uniform and it's easier then. I've had Muslim lads coming up to me saying I've betrayed my religion and community. But it doesn't bother me.\" Why did he join the police force, knowing he had be criticised for doing so? \"It's a good career. I come from a religious background with strong family values. I was taught the difference between right and wrong - the police force seemed a natural place.\" PC Mirza's words would please Trevor Phillips. \"I strongly believe that the problem is that many parents have their own values and beliefs and they haven't adapted to the needs of the United Kingdom. There's a communication gap between parents and their kids - where is the culture and identity?\" The penultimate leg of my bus journey takes me back 20 years. A supportive teacher and a bursary ensured that I had the best education Bradford could offer. But academia was the easy part - fitting in wasn't so easy. I was the only Muslim in my year and my father's adherence to Islam singled me out in a way that was excruciatingly painful for a teenager. As the school congregated for assembly, I sat reading Iris Murdoch and Agatha Christie in the library. Every morning I had to undergo a bizarre covert exercise, trying to find somewhere, normally a leafy bush or a thick-trunked tree where I could take off the pair of trousers I had to wear under my knee-length skirt - an addition to my uniform that was meant to hide my modesty. At 4pm, the trousers would go back on. With hindsight this was all character-building but at the time I felt as if I just didn't belong. Stand outside the school grounds today and you can see middle-class Muslim girls who are confident, articulate and trouserless. \"My mum grew up in Bradford so she knows what it's like and she wants me to do well at school,\" says Saima, who has just finished her GCSEs and has plans to study law at university. \"I've got Muslim and English friends. It's not a problem getting a balance between the two cultures but I know what my limits are. I don't go clubbing for instance.\" Her mother encourages her to take part in extracurricular activities and to socialise with her white friends. \"Some of my Asian friends from state schools have turned to bad things because they've had a restricted childhood. The more your parents tell you you can't do something, the more you want to do it.\" I wondered if Saima's aplomb and her ability to sit comfortably in both the British and the Muslim camps had anything to do with where she lived and went to school, out in the suburbs among the middle classes. But as I get off the bus for the final time, I realise that living in suburbia is no guarantee of \"being British\". Fahmeeda Khan, like my mother, came to Bradford in the late 1960s. Unlike my mother she spoke English, wore western clothes and took up a job, as a teacher. \"I knew we were here for good so we had to fit in. I made sure my kids went to good schools. Being a Muslim is difficult in this country.\" \"Yes, it's a struggle,\" says Fozia, Fahmeeda's daughter. \"But I don't want to compromise. I'm prepared to take the hard road.\" The hard road for Fozia and her sister, Nabila, means enduring criticism from within their own family and from outsiders. For, while Fahmeeda sits with her hair uncovered, both Fozia and Nabila have decided to wear the hijab. The girls are adamant that they want to stand out, not blend in. \"If people notice me more now, stare at me then that's good. It gives me a chance to explain my religion,\" says Nabila. Unlike the schoolgirl, Saima, both girls have their feet firmly entrenched on the Muslim side of the fence. \"Once we started to wear the hijab we became solely Muslim. Islam has an impact on every aspect of our lives. Being British, well, you just need a passport for that.\" Fahmeeda is quiet. Though she may not be ecstatic about her daughters' dress code, it's her son's recent marriage to a white girl that has caused her heartache. She starts to cry: \"I felt betrayed and I wanted to kick him out.\" For her this ultimate form of integration is a step too far. It's her daughters who are now the source of reason. \"We had to support him. And we haven't put pressure on his wife to convert, otherwise she'll become resentful.\" I head back to my mum's house. So what if Fozia and Nabila give priority to their Islamic rather than their British identity? They have an aura of serenity that I have encountered in few others I've met on my bus journey. Many of those, including myself, are coping with an internal battle where one side is armed with faith, culture and heritage and the other with integration, assimilation and homogeneity. The front line shifts frequently but this is a personal war that cannot be won while we are judged on our every move. Show me an identikit of a British Muslim - the one who walks the tightrope perfectly, and I will show you a fantasy. The question of what we are and what we should be fails to take into consideration individuality, personality, our quirks and our own interpretations of what Islam is and what it means to be British. We're doctors, we're in rehab; we're multimillionaires, we're in the dole queues; we're undergraduates, we're under-achievers; we uphold the law, we practise the law and we break the law. Isn't this enough integration?",
      "charCount": "12866"
    },
    "isHosted": false,
    "pillarId": "pillar/news",
    "pillarName": "News"
  }
]