[
  {
    "id": "business/2004/oct/14/8",
    "type": "article",
    "sectionId": "business",
    "sectionName": "Business",
    "webPublicationDate": "2004-10-13T23:01:46Z",
    "webTitle": "Neil Hume: market forces",
    "webUrl": "https://www.theguardian.com/business/2004/oct/14/8",
    "apiUrl": "https://content.guardianapis.com/business/2004/oct/14/8",
    "fields": {
      "headline": "Whitbread proves insufficiently liquid",
      "trailText": "<p><strong>Market forces: </strong>In a weak London market yesterday the share price of leisure conglomerate <strong> Whitbread</strong> drifted on concerns that this month's asset review will not prove sufficiently radical to attract new buyers. \n</p>",
      "byline": "Neil Hume",
      "main": "",
      "body": "<p>In a weak London market yesterday the share price of leisure conglomerate <strong> Whitbread</strong> drifted on concerns that this month's asset review will not prove sufficiently radical to attract new buyers. </p> <p>Alan Parker, the new chief executive of the Travel Inn and Beefeater pubs group, is due to announce the findings of the review on October 28. </p> <p>With the Whitbread share price close to a five-year high, analysts believe substantial asset sales and return of capital to shareholders are required in order to push the stock further. </p> <p>In a note titled Evolution or Revolution, Swiss investment bank UBS warned yesterday that if Mr Parker fails to reduce the number of businesses in the group the shares could fall back to 750p-800p. </p> <p>\"We believe a minor disposal programme would leave the share price vulnerable, especially in an environment of slowing UK consumer demand,\" said analyst Julian Easthope in the note. </p> <p>However, if the result of the asset review includes a disposal of Britvic, the sale of Marriott hotel business and Whitbread's restaurant division, coupled with a significant return of cash to shareholders, Mr Easthope reckons the share price could move above \u00a310. Yesterday Whitbread's share price ended 5.5p weaker at 827.5p. </p> <p>In the wider market, leading shares closed in negative territory. The <strong> FTSE 100</strong> finished 13.1 points lower at 4,634.8, with the mining sector doing most of the damage. </p> <p> <strong> Antofagasta</strong> fell 74p to \u00a310.66, while <strong> Xstrata</strong> shed 41.5p to 858p, <strong> BHP Billiton</strong> lost 26.5p to 573p and <strong> Rio Tinto</strong> fell back 51p to \u00a314.52 as metal prices were hit by a wave of selling. Copper fell $278 to $2,815 a tonne, while nickel tumbled to $13,3000 from $15,9000 and zinc ended at $1,075, having started at $1,157. Dealers blamed the selloff on profit-taking and rumours that China is considering revaluing its currency. </p> <p>Traders noted that this rumour has been around several times before and if it proved false, then investors will quickly be back into the market buying copper, zinc and mining stocks. </p> <p>The <strong> FTSE 250</strong> fell 41.6 points to 6,271.3, while the <strong> FTSE Small Cap</strong> index eased 0.9 points to 2,592.6. In the bond market, gilts closed lower. The benchmark 10-year gilt settled at 102.00, yielding 4.7744 - unsettled by comments from Mervyn King, the governor of the Bank of England, who reminded the City that he had to weigh signs of a slowing economy against significantly weaker sterling when setting interest rates. </p> <p> <strong> Gallaher</strong>, the Benson &amp; Hedges cigarette-maker, was in demand again as rumours of a bid approach proved difficult to ignore. Its shares, which were at 647p at the start of the month, rose a further 9.5p to 673p, with market professionals absolutely convinced the company has been in talks with Japan Tobacco. </p> <p>All told, it was a good day for defensive stocks, as investors banked profits in the mining sector and looked for safe places to park their cash. </p> <p>Brewer <strong> Scottish &amp; Newcastle</strong> was one of the biggest beneficiaries of that trend, rising 8.75p to 399.75p, as was <strong> Diageo</strong> - up 18p to 738p - and <strong> Allied Domecq</strong>, 9.5p stronger at 492p. </p> <p>However,<strong> British Airways</strong>, up 9.5p to 209p, was the day's top-performing blue chip stock as oil prices eased. </p> <p>In the FTSE 250 <strong> Countrywide</strong>, Europe's biggest estate agent, fell 10.5p to 283p, unsettled by rumours that it may require a \u00a350m fundraising to finance the acquisition of <strong> Bradford &amp; Bingley's</strong> property chain and surveying business. </p> <p>Speaking at a housebuilding conference organised by Bridgewell Securities at the London Stock Exchange yesterday, Harry Hill, the chief executive of Countrywide, said he was hopeful of sealing a deal with Bradford &amp; Bingley. </p> <p>On a different tack, stockbroker <strong> Evolution Group</strong> rose 1.25p to 150p after Altium Securities upgraded to buy in the wake of news that Aim-listed rival <strong> Numis Securities</strong> - 55p higher at 610p - had received and rejected a takeover approach from Iceland bank Landsbanki. </p> <p>\"We think the prospects for Evolution's revenue growth and strategic positioning may make a takeout price of 200p achievable,\" Altium analyst Jeremy Grime said. </p> <p>Among the small caps, the building materials group <strong> Cape</strong> continued its recent good run. However, yesterday's rise had little to do with bid speculation. Traders attributed the rise to the realisation that Cape is one of the few companies capable of providing industrial scaffolding for large liquefied natural gas projects. The shares rose 3.5p to 130.5p, a six-year high. </p> <p>Elsewhere, online travel group <strong> Ebookers</strong> fell 31.5p 179p as jitters set in ahead of today's analyst briefing. Traders expect the company to provide an update on takeover talks. Last week American travel group Expedia announced it was not interested in bidding for the company. </p> <p>On Aim, <strong> Bits Corp</strong> - the tiny computer games developer - shot up 1.25p, or 44%, to 4.12p on talk that it has struck a major American distribution deal for a game based on Constantine, the new film staring Keanu Reeves. All of which should provide a fillip for the share price of <strong> SCi Entertainments</strong>, which has agreed to publish the game for Bits. SCi shares rose 4p to 137p. </p> <p>Still in the gaming world, <strong> Warthog</strong> gained 80% to 0.95p on rumours that Gizmondo Europe, which declared an 8% holding on Tuesday, is keen to buy more stock. </p> <p><strong>\u00b7</strong> There were a number of errors in the share prices cited in Market Forces yesterday. This was due to technical problems at our information supplier. Apologies for any confusion.</p>",
      "newspaperPageNumber": "26",
      "wordcount": "935",
      "commentable": "false",
      "isPremoderated": "false",
      "lastModified": "2004-10-13T23:01:46Z",
      "newspaperEditionDate": "2004-10-14T00:00:00Z",
      "productionOffice": "UK",
      "publication": "theguardian.com",
      "shortUrl": "https://gu.com/p/883d",
      "shouldHideAdverts": "false",
      "showInRelatedContent": "true",
      "legallySensitive": "false",
      "lang": "en",
      "bodyText": "In a weak London market yesterday the share price of leisure conglomerate Whitbread drifted on concerns that this month's asset review will not prove sufficiently radical to attract new buyers. Alan Parker, the new chief executive of the Travel Inn and Beefeater pubs group, is due to announce the findings of the review on October 28. With the Whitbread share price close to a five-year high, analysts believe substantial asset sales and return of capital to shareholders are required in order to push the stock further. In a note titled Evolution or Revolution, Swiss investment bank UBS warned yesterday that if Mr Parker fails to reduce the number of businesses in the group the shares could fall back to 750p-800p. \"We believe a minor disposal programme would leave the share price vulnerable, especially in an environment of slowing UK consumer demand,\" said analyst Julian Easthope in the note. However, if the result of the asset review includes a disposal of Britvic, the sale of Marriott hotel business and Whitbread's restaurant division, coupled with a significant return of cash to shareholders, Mr Easthope reckons the share price could move above \u00a310. Yesterday Whitbread's share price ended 5.5p weaker at 827.5p. In the wider market, leading shares closed in negative territory. The FTSE 100 finished 13.1 points lower at 4,634.8, with the mining sector doing most of the damage. Antofagasta fell 74p to \u00a310.66, while Xstrata shed 41.5p to 858p, BHP Billiton lost 26.5p to 573p and Rio Tinto fell back 51p to \u00a314.52 as metal prices were hit by a wave of selling. Copper fell $278 to $2,815 a tonne, while nickel tumbled to $13,3000 from $15,9000 and zinc ended at $1,075, having started at $1,157. Dealers blamed the selloff on profit-taking and rumours that China is considering revaluing its currency. Traders noted that this rumour has been around several times before and if it proved false, then investors will quickly be back into the market buying copper, zinc and mining stocks. The FTSE 250 fell 41.6 points to 6,271.3, while the FTSE Small Cap index eased 0.9 points to 2,592.6. In the bond market, gilts closed lower. The benchmark 10-year gilt settled at 102.00, yielding 4.7744 - unsettled by comments from Mervyn King, the governor of the Bank of England, who reminded the City that he had to weigh signs of a slowing economy against significantly weaker sterling when setting interest rates. Gallaher, the Benson &amp; Hedges cigarette-maker, was in demand again as rumours of a bid approach proved difficult to ignore. Its shares, which were at 647p at the start of the month, rose a further 9.5p to 673p, with market professionals absolutely convinced the company has been in talks with Japan Tobacco. All told, it was a good day for defensive stocks, as investors banked profits in the mining sector and looked for safe places to park their cash. Brewer Scottish &amp; Newcastle was one of the biggest beneficiaries of that trend, rising 8.75p to 399.75p, as was Diageo - up 18p to 738p - and Allied Domecq, 9.5p stronger at 492p. However, British Airways, up 9.5p to 209p, was the day's top-performing blue chip stock as oil prices eased. In the FTSE 250 Countrywide, Europe's biggest estate agent, fell 10.5p to 283p, unsettled by rumours that it may require a \u00a350m fundraising to finance the acquisition of Bradford &amp; Bingley's property chain and surveying business. Speaking at a housebuilding conference organised by Bridgewell Securities at the London Stock Exchange yesterday, Harry Hill, the chief executive of Countrywide, said he was hopeful of sealing a deal with Bradford &amp; Bingley. On a different tack, stockbroker Evolution Group rose 1.25p to 150p after Altium Securities upgraded to buy in the wake of news that Aim-listed rival Numis Securities - 55p higher at 610p - had received and rejected a takeover approach from Iceland bank Landsbanki. \"We think the prospects for Evolution's revenue growth and strategic positioning may make a takeout price of 200p achievable,\" Altium analyst Jeremy Grime said. Among the small caps, the building materials group Cape continued its recent good run. However, yesterday's rise had little to do with bid speculation. Traders attributed the rise to the realisation that Cape is one of the few companies capable of providing industrial scaffolding for large liquefied natural gas projects. The shares rose 3.5p to 130.5p, a six-year high. Elsewhere, online travel group Ebookers fell 31.5p 179p as jitters set in ahead of today's analyst briefing. Traders expect the company to provide an update on takeover talks. Last week American travel group Expedia announced it was not interested in bidding for the company. On Aim, Bits Corp - the tiny computer games developer - shot up 1.25p, or 44%, to 4.12p on talk that it has struck a major American distribution deal for a game based on Constantine, the new film staring Keanu Reeves. All of which should provide a fillip for the share price of SCi Entertainments, which has agreed to publish the game for Bits. SCi shares rose 4p to 137p. Still in the gaming world, Warthog gained 80% to 0.95p on rumours that Gizmondo Europe, which declared an 8% holding on Tuesday, is keen to buy more stock. \u00b7 There were a number of errors in the share prices cited in Market Forces yesterday. This was due to technical problems at our information supplier. Apologies for any confusion.",
      "charCount": "5420"
    },
    "isHosted": false,
    "pillarId": "pillar/news",
    "pillarName": "News"
  },
  {
    "id": "business/2004/oct/13/2",
    "type": "article",
    "sectionId": "business",
    "sectionName": "Business",
    "webPublicationDate": "2004-10-13T22:58:47Z",
    "webTitle": "Neil Hume: Market forces",
    "webUrl": "https://www.theguardian.com/business/2004/oct/13/2",
    "apiUrl": "https://content.guardianapis.com/business/2004/oct/13/2",
    "fields": {
      "headline": "Rumour mill puts Ramco in limbo",
      "trailText": "<p><strong>Neil Hume:</strong> Market forces.</p>",
      "byline": "Neil Hume",
      "main": "",
      "body": "<p><strong>Ramco Energy</strong> surrendered early gains to finish unchanged yesterday as market professionals latched on to rumours that the main lender to the troubled gas producer - which operates in the Celtic Sea off Cork - is poised to call in a \u00a357m project loan. </p> <p>Having hit 35p, Ramco shares fell back to finish at 30.5p as rumours circulated that the Bank of Scotland had run out of patience after studying the technical review of the Seven Heads gasfield, 35 miles off the Irish coast. </p> <p>At the time of last month's interim figures Ramco claimed the review had identified a number of ways to improve production, which was supposed to supply 10% of Ireland's gas needs but started producing water earlier this year. </p> <p>A spokesman for Ramco refused to comment on yesterday's speculation but said as far as the company was concerned discussions with its lenders continued. </p> <p>At the half-year, Ramco's debts stood at \u00a368.6m, of which \u00a356.6m was secured against the Seven Heads field. </p> <p>If the Bank of Scotland does call in the loan and Ramco cannot pay then the bank will take control of the Seven Heads field. That will leave Ramco with a small oil service business, which City traders reckon is worth about 3p a share. </p> <p>In the wider market, leading shares closed lower as investors suddenly started to worry about the impact of the rising oil price on economic growth. With US crude futures touching a record high, the <strong>FTSE 100</strong> came to rest 35.7 points lower at 4,649.8 with gas-guzzling <strong>British Airways</strong>, off 5p at 199.75p, among the biggest fallers. </p> <p>Elsewhere, the <strong>FTSE 250</strong> index shed 69.3 points to 6,302.7 as the housebuilding sector came under pressure after <strong>George Wimpey</strong>, 10.75p cheaper at 377.25, warned that customers were taking longer to decide whether to buy a house and were increasingly demanding incentives to sign on the dotted line. </p> <p>Meanwhile the <strong>FTSE Small Cap</strong> index eased 12.9 points to 2,593. In the bond market, the benchmark 10-year gilt closed at 101.980, yielding 4.746%. </p> <p>Back among the blue chips, there was no respite for <strong>J Sainsbury</strong> as its shares fell a further 4.75p to 245.5p - their lowest level since July 2003. Morgan Stanley, the US investment bank, caused yesterday's damage by cutting its target price to 200p. </p> <p><strong>Barclays</strong> fell 12p to 560p as investors banked profits. However, market professionals noted that Merrill Lynch had increased its earnings forecasts for 2005 and 2006 by 4.7% and 8.4% respectively and set a 665p target price ahead of the company's upcoming investor day. </p> <p>Lower down the market, takeover speculation was again swirling round merchant bank <strong>Singer &amp; Friedlander</strong>. Its shares climbed 10.75p to 307.25p - the best performer in the FTSE 250 - after the company's biggest shareholder, Iceland's Kaupthing Bank, announced plans to raise \u20ac460m-570m (\u00a3317m-\u00a3393m) via a rights issue. </p> <p>Kaupthing, which has built a 20% holding in S&amp;F, said the proceeds of the fundraising would be \"used to provide additional free capital with which to finance possible acquisitions that strengthen its investment banking and asset management operations in Scandinavia and the UK\". </p> <p>Much like Ramco, <strong>Big Food Group</strong> surrendered early gains to close just 0.5p higher at 93p amid fears that today's second-quarter trading update could disappoint and prompt bidder Baugur to lower its proposed takeover offer of 110p a share. </p> <p>In the small cap world, computer games developer <strong>Eidos</strong> improved a penny to 91p after Dresdner Kleinwort Wasserstein analyst Andrew Lee called on the shareholders to put pressure on the company to accept a bid, even if it is made at yesterday's closing price. </p> <p>Mr Lee is concerned that Eidos, which admitted to takeover talks at the start of August, may be seeking too high a price for the business and fears shareholders may lose out as a result. He points out that Eidos is a small company with virtually no \"must-have\" titles. </p> <p>Elsewhere, in the games sector, Aim-listed minnow <strong>Warthog</strong> jumped 20% to 0.54p after Gizmondo Europe revealed it had acquired an 8.6% stake in the company. Gizmondo Europe is a subsidiary of US company Tiger Telematics, which claims to have de veloped the world's most sophisticated gaming device. Warthog games will be available on the device. </p> <p>On a different tack, <strong>Minorplanet Systems</strong>, the vehicle-tracking specialist which halved on Monday after warning of increased full-year losses, regained its poise. After hitting 3.25p early in the session, its shares rallied to close unchanged at 4.75p after Investec Securities, the com pany's joint broker, said it was now vulnerable to a bid. </p> <p>Building materials group <strong>Cape</strong> improved 0.5p to 127.5p amid talk of a bid approach of 160p a share, while jitters ahead of tomorrow's full-year results saw alternative telecoms company <strong>Fibernet</strong> marked 6.5p lower at 92.5p. </p> <p>Is there something going on at <strong> Redrow</strong>? That was the question traders were asking themselves yesterday after the Flintshire-based housebuilder put in a strong performance. </p> <p>While the rest of the sector was down in the doldrums after the gloomy trading update from George Wimpey, Redrow closed 3p higher at 358p. City traders said rumours of a board meeting and talk of a nil-premium merger had supported the Redrow price. </p> <p>Analysts reckoned there could be something to the speculation. Redrow is one of a number of housebuilders that have a market capitalisation of around \u00a3500m and is in danger of being left behind by the industry's big three - <strong> Persimmon</strong>, down 12p to 636p, <strong> Taylor Woodrow</strong>, off 8.75p at 252.25p, and Wimpey. </p> <p>A deal with a rival such as <strong> Westbury</strong>, 11.25p cheaper at 386.75p, or <strong> Bovis Homes</strong>, 15p weaker at 519p, would be one way of bulking up and generating some useful cost-savings, especially if the industry is headed for tough times.</p>",
      "newspaperPageNumber": "22",
      "wordcount": "989",
      "commentable": "false",
      "isPremoderated": "false",
      "lastModified": "2004-10-12T22:58:47Z",
      "newspaperEditionDate": "2004-10-13T00:00:00Z",
      "productionOffice": "UK",
      "publication": "theguardian.com",
      "shortUrl": "https://gu.com/p/88ve",
      "shouldHideAdverts": "false",
      "showInRelatedContent": "true",
      "legallySensitive": "false",
      "lang": "en",
      "bodyText": "Ramco Energy surrendered early gains to finish unchanged yesterday as market professionals latched on to rumours that the main lender to the troubled gas producer - which operates in the Celtic Sea off Cork - is poised to call in a \u00a357m project loan. Having hit 35p, Ramco shares fell back to finish at 30.5p as rumours circulated that the Bank of Scotland had run out of patience after studying the technical review of the Seven Heads gasfield, 35 miles off the Irish coast. At the time of last month's interim figures Ramco claimed the review had identified a number of ways to improve production, which was supposed to supply 10% of Ireland's gas needs but started producing water earlier this year. A spokesman for Ramco refused to comment on yesterday's speculation but said as far as the company was concerned discussions with its lenders continued. At the half-year, Ramco's debts stood at \u00a368.6m, of which \u00a356.6m was secured against the Seven Heads field. If the Bank of Scotland does call in the loan and Ramco cannot pay then the bank will take control of the Seven Heads field. That will leave Ramco with a small oil service business, which City traders reckon is worth about 3p a share. In the wider market, leading shares closed lower as investors suddenly started to worry about the impact of the rising oil price on economic growth. With US crude futures touching a record high, the FTSE 100 came to rest 35.7 points lower at 4,649.8 with gas-guzzling British Airways, off 5p at 199.75p, among the biggest fallers. Elsewhere, the FTSE 250 index shed 69.3 points to 6,302.7 as the housebuilding sector came under pressure after George Wimpey, 10.75p cheaper at 377.25, warned that customers were taking longer to decide whether to buy a house and were increasingly demanding incentives to sign on the dotted line. Meanwhile the FTSE Small Cap index eased 12.9 points to 2,593. In the bond market, the benchmark 10-year gilt closed at 101.980, yielding 4.746%. Back among the blue chips, there was no respite for J Sainsbury as its shares fell a further 4.75p to 245.5p - their lowest level since July 2003. Morgan Stanley, the US investment bank, caused yesterday's damage by cutting its target price to 200p. Barclays fell 12p to 560p as investors banked profits. However, market professionals noted that Merrill Lynch had increased its earnings forecasts for 2005 and 2006 by 4.7% and 8.4% respectively and set a 665p target price ahead of the company's upcoming investor day. Lower down the market, takeover speculation was again swirling round merchant bank Singer &amp; Friedlander. Its shares climbed 10.75p to 307.25p - the best performer in the FTSE 250 - after the company's biggest shareholder, Iceland's Kaupthing Bank, announced plans to raise \u20ac460m-570m (\u00a3317m-\u00a3393m) via a rights issue. Kaupthing, which has built a 20% holding in S&amp;F, said the proceeds of the fundraising would be \"used to provide additional free capital with which to finance possible acquisitions that strengthen its investment banking and asset management operations in Scandinavia and the UK\". Much like Ramco, Big Food Group surrendered early gains to close just 0.5p higher at 93p amid fears that today's second-quarter trading update could disappoint and prompt bidder Baugur to lower its proposed takeover offer of 110p a share. In the small cap world, computer games developer Eidos improved a penny to 91p after Dresdner Kleinwort Wasserstein analyst Andrew Lee called on the shareholders to put pressure on the company to accept a bid, even if it is made at yesterday's closing price. Mr Lee is concerned that Eidos, which admitted to takeover talks at the start of August, may be seeking too high a price for the business and fears shareholders may lose out as a result. He points out that Eidos is a small company with virtually no \"must-have\" titles. Elsewhere, in the games sector, Aim-listed minnow Warthog jumped 20% to 0.54p after Gizmondo Europe revealed it had acquired an 8.6% stake in the company. Gizmondo Europe is a subsidiary of US company Tiger Telematics, which claims to have de veloped the world's most sophisticated gaming device. Warthog games will be available on the device. On a different tack, Minorplanet Systems, the vehicle-tracking specialist which halved on Monday after warning of increased full-year losses, regained its poise. After hitting 3.25p early in the session, its shares rallied to close unchanged at 4.75p after Investec Securities, the com pany's joint broker, said it was now vulnerable to a bid. Building materials group Cape improved 0.5p to 127.5p amid talk of a bid approach of 160p a share, while jitters ahead of tomorrow's full-year results saw alternative telecoms company Fibernet marked 6.5p lower at 92.5p. Is there something going on at Redrow? That was the question traders were asking themselves yesterday after the Flintshire-based housebuilder put in a strong performance. While the rest of the sector was down in the doldrums after the gloomy trading update from George Wimpey, Redrow closed 3p higher at 358p. City traders said rumours of a board meeting and talk of a nil-premium merger had supported the Redrow price. Analysts reckoned there could be something to the speculation. Redrow is one of a number of housebuilders that have a market capitalisation of around \u00a3500m and is in danger of being left behind by the industry's big three - Persimmon, down 12p to 636p, Taylor Woodrow, off 8.75p at 252.25p, and Wimpey. A deal with a rival such as Westbury, 11.25p cheaper at 386.75p, or Bovis Homes, 15p weaker at 519p, would be one way of bulking up and generating some useful cost-savings, especially if the industry is headed for tough times.",
      "charCount": "5723"
    },
    "isHosted": false,
    "pillarId": "pillar/news",
    "pillarName": "News"
  },
  {
    "id": "world/2004/oct/13/business.russia",
    "type": "article",
    "sectionId": "world",
    "sectionName": "World news",
    "webPublicationDate": "2004-10-13T14:55:08Z",
    "webTitle": "Yukos shares slide amid subsidiary sale fears",
    "webUrl": "https://www.theguardian.com/world/2004/oct/13/business.russia",
    "apiUrl": "https://content.guardianapis.com/world/2004/oct/13/business.russia",
    "fields": {
      "headline": "Yukos shares slide amid subsidiary sale fears",
      "trailText": "Shares in the oil giant Yukos today continued to slide amid concerns that the Russian government would sell part of a key subsidiary cheaply in order to finance the company's huge tax debt.",
      "byline": "Adam Jay and agencies",
      "main": "",
      "body": "Shares in the oil giant Yukos today continued to slide amid concerns that the Russian government would sell part of a key subsidiary cheaply in order to finance the company's huge tax debt. <p>The Russian justice ministry yesterday announced a possible sale of Yukos's Siberian unit, Yugansk, prompting analysts to speculate that it would go - at a vastly undervalued price - to a state-backed company such as the gas monopoly Gazprom.</p> <p>The government has been pursuing Yukos - which produces around 2% of the world's oil - over alleged tax avoidance for almost a year. </p> <p>Mikhail Khordorkovsky, the former Yukos chief executive who has backed political opposition groups in Russia, has been in prison since last October, charged with fraud and tax evasion. He faces up to 10 years in jail.</p> <p>The action against Yukos is seen by many as revenge by the Kremlin for the billionaire Mr Khordokovsky's growing political clout ahead of last year's presidential elections. However, the government claims it is merely clamping down on shady business practices and tax avoidance schemes.</p> <p>Tax officials claim the company owes $8.35bn (\u00a34.7bn), of which it has so far paid around $3bn. With its bank accounts frozen by court order, Yukos's hands are somewhat tied, but the Russian justice ministry has said the bill is not being paid quickly enough.</p> <p>The ministry has now said assets must be sold through the Russian Federal Property Fund, and believes Yugansk to be worth $10.4bn. The fund said it thought a sale could be completed by the end of November.</p> <p>Government officials hired Dresdner Kleinwort Wasserstein to value Yugansk - which accounts for around 60% of Yukos output - during the summer. The investment bank is thought to have valued the business at between $15.7bn and $18.3bn. </p> <p>Dresdner's report also apparently included the $10.4bn valuation, although it said it considered that to be overly conservative. Nevertheless, the figure was seized upon by justice ministry official Alexander Buksman, who was quoted by local news agencies as saying that Dresdner had \"applied a 60% discount given high risks for potential buyers\".</p> <p>The news sent Yukos dollar shares, which have already fallen by 70% since Mr Khordokovsky's arrest, down 5% yesterday and a further 10% today.</p> <p>Some analysts now expect Yukos to sue both Dresdner and the Russian government in international courts over the valuation figure.</p> <p>Vladimir Ryzhkov, an independent member of the Duma - Russia's lower house of parliament - today called for a debate on the matter.</p> <p>\"The government hasn't given the company a chance to pay, but it accuses it of not paying,\" he told Ekho Moscow radio. \"The state is behaving like a bandit. This is a blatant violation of the law - it is time for parliament to discuss the question.\"</p> <p>He added, however, that he expected the request to be turned down by the Kremlin-controlled United Russia party, which dominates the Duma.</p>",
      "wordcount": "489",
      "commentable": "false",
      "isPremoderated": "false",
      "lastModified": "2017-04-12T15:10:40Z",
      "newspaperEditionDate": "2004-10-13T00:00:00Z",
      "productionOffice": "UK",
      "publication": "theguardian.com",
      "shortUrl": "https://gu.com/p/k3h4",
      "shouldHideAdverts": "false",
      "showInRelatedContent": "true",
      "legallySensitive": "false",
      "lang": "en",
      "bodyText": "Shares in the oil giant Yukos today continued to slide amid concerns that the Russian government would sell part of a key subsidiary cheaply in order to finance the company's huge tax debt. The Russian justice ministry yesterday announced a possible sale of Yukos's Siberian unit, Yugansk, prompting analysts to speculate that it would go - at a vastly undervalued price - to a state-backed company such as the gas monopoly Gazprom. The government has been pursuing Yukos - which produces around 2% of the world's oil - over alleged tax avoidance for almost a year. Mikhail Khordorkovsky, the former Yukos chief executive who has backed political opposition groups in Russia, has been in prison since last October, charged with fraud and tax evasion. He faces up to 10 years in jail. The action against Yukos is seen by many as revenge by the Kremlin for the billionaire Mr Khordokovsky's growing political clout ahead of last year's presidential elections. However, the government claims it is merely clamping down on shady business practices and tax avoidance schemes. Tax officials claim the company owes $8.35bn (\u00a34.7bn), of which it has so far paid around $3bn. With its bank accounts frozen by court order, Yukos's hands are somewhat tied, but the Russian justice ministry has said the bill is not being paid quickly enough. The ministry has now said assets must be sold through the Russian Federal Property Fund, and believes Yugansk to be worth $10.4bn. The fund said it thought a sale could be completed by the end of November. Government officials hired Dresdner Kleinwort Wasserstein to value Yugansk - which accounts for around 60% of Yukos output - during the summer. The investment bank is thought to have valued the business at between $15.7bn and $18.3bn. Dresdner's report also apparently included the $10.4bn valuation, although it said it considered that to be overly conservative. Nevertheless, the figure was seized upon by justice ministry official Alexander Buksman, who was quoted by local news agencies as saying that Dresdner had \"applied a 60% discount given high risks for potential buyers\". The news sent Yukos dollar shares, which have already fallen by 70% since Mr Khordokovsky's arrest, down 5% yesterday and a further 10% today. Some analysts now expect Yukos to sue both Dresdner and the Russian government in international courts over the valuation figure. Vladimir Ryzhkov, an independent member of the Duma - Russia's lower house of parliament - today called for a debate on the matter. \"The government hasn't given the company a chance to pay, but it accuses it of not paying,\" he told Ekho Moscow radio. \"The state is behaving like a bandit. This is a blatant violation of the law - it is time for parliament to discuss the question.\" He added, however, that he expected the request to be turned down by the Kremlin-controlled United Russia party, which dominates the Duma.",
      "charCount": "2913"
    },
    "isHosted": false,
    "pillarId": "pillar/news",
    "pillarName": "News"
  },
  {
    "id": "business/2004/oct/13/oilandpetrol.news",
    "type": "article",
    "sectionId": "business",
    "sectionName": "Business",
    "webPublicationDate": "2004-10-13T01:37:47Z",
    "webTitle": "North Sea oil crisis",
    "webUrl": "https://www.theguardian.com/business/2004/oct/13/oilandpetrol.news",
    "apiUrl": "https://content.guardianapis.com/business/2004/oct/13/oilandpetrol.news",
    "fields": {
      "headline": "Forties, Cromarty ... where next?",
      "standfirst": "The second part of a series on Britain's shrinking domestic oil and gas supplies",
      "trailText": "<p>The second part of a series on Britain's shrinking domestic oil and gas supplies.</p>",
      "byline": "Terry Macalister",
      "main": "",
      "body": "<p>Regular walkers along the banks of the Cromarty Firth in Ross-shire, Scotland, will soon gaze out on a changed seascape. Redundant North Sea oil rigs that have used the dark waters off Invergordon as a parking lot are being readied for action. </p> <p>Local Brent crude prices hit a record $51.50 per barrel yesterday, helping to trigger a rush in local demand for semi-submersibles. But the mini-boom in exploration and development will do little to allay fears about the rapid rundown in Britain's domestic oil and gas supplies. </p> <p>Oil firms such as BP and Shell have been retreating from the North Sea and plunging their billions into places such as Angola and Azerbaijan. The cost of hiring North Sea rigs has now soared from $50,000 (\u00a328,000) a day to $100,000. </p> <p>Houston-based Transocean - the biggest rig owner in the world - is busy reactivating two \"stacked\" drilling units from Cromarty and is bringing a third over from Angola. Rival Diamond Off shore is also transferring equipment from west Africa so it can begin work next year off Britain for Talisman Energy. </p> <p>The UK Offshore Oil Association, UKOOA, which represents the major North Sea players, says its members are increasing their spending by 10% from \u00a38.6bn in 2003. </p> <p>Meanwhile 21 offshore development schemes have received government approval so far in 2004, compared with 14 last year. But the UK saw its oil output peak in 1999 and in gas some time later - and this summer, Britain becomes a net importer of oil for the first time in decades. </p> <p>Nobody will put an exact date on when Britain will run dry of oil but energy consultancy Wood Mackenzie believes the country will be producing as little as 23,000 barrels of oil a day by 2025. </p> <p>That figure compares with just under 2m barrels today, although the estimate does not include new discoveries that could boost supplies further into the future. </p> <p>UKOOA will only say that Britain will produce 2.4m of oil and gas by 2010, a figure that is still almost half today's combined total. </p> <p>Britain has witnessed the rapid withdrawal of the oil majors who really built the North Sea; typical of this retreat was BP's decision last year to sell the Forties field. The group is spending \u00a3680m on the Clair field development but this is exceptional. In 1997, the six biggest firms in the world focused 18% of their investment on the North Sea but this year it has fallen to 6%. </p> <p>The large players have lost interest in an area where new fields are likely to be counted in tens of millions of barrels of recoverable oil rather than the hundreds of millions to be found off Angola, Kazakstan or the Gulf of Mexico. </p> <p>While the public may be unaware of the rapid rundown in Britain's oil and gas, the government is not. Gordon Brown did the sector no favours by imposing a windfall tax on it in 2002, but since then attempts have been made to ensure the North Sea fiscal regime is more attractive. </p> <p>The Department of Trade and Industry has been engaged in schemes alongside UKOOA aimed at prolonging an element of self-sufficiency. The DTI has eased the codes of practice for holders of licences to make it easier for smaller firms to come in, and started a \"Brownfields\" project to maximise recovery from existing schemes. </p> <p>Last month the DTI also issued a code of practice on access to infrastructure, designed to ensure traditional owners do not sit on old acreage without investing in it and do not block newcomers' ability to use pipelines and platforms. </p> <p>The industry is pleased with the outcome of such moves but there are still concerns. Mr Blakeley worries that the majors are being encouraged by $50 a barrel prices to hang on to fields in which they are no longer investing. </p> <p>Rhodri Thomas, an analyst with Wood Mackenzie, believes the region can still be vibrant for years to come. </p> <p>\"It's a changing environment, with new types of company coming in, but it is just following a pattern we saw in the shallow water [exploitation of the] Gulf of Mexico and Canada,\" he says. </p> <p><strong>When Britain's oilfields run dry</strong><br> The kind of turbulence that Britain faces when it is no longer a major oil producer was on display yesterday as US crude prices reached a record high of $54 per barrel and shares in Russia's Yukos were suspended.</p> <p>The value of oil soared on the back of hurricanes in the Gulf of Mexico, worries about supplies from Nigeria and more announcements from the Russian government that it would sell part of a Yukos subsidiary to pay for taxes owed. </p> <p>Higher oil prices mean more cash to British-based oil companies and extra tax for the exchequer. But as domestic supplies run dry the future will bring increased import bills for crude, petroleum products and gas, which is also running out. </p> <p>Oil globally will not run out for 40 years, after which Britain and everyone else must look to a hydrogen economy based upon renewables and nuclear power. But meanwhile oil and gas for Britain will come increasingly from developing, and often politically unstable, countries such as Azerbaijan, Iraq and Russia.</p>",
      "newspaperPageNumber": "18",
      "wordcount": "876",
      "commentable": "false",
      "isPremoderated": "false",
      "lastModified": "2004-10-13T01:37:47Z",
      "newspaperEditionDate": "2004-10-13T00:00:00Z",
      "productionOffice": "UK",
      "publication": "theguardian.com",
      "shortUrl": "https://gu.com/p/evd2",
      "shouldHideAdverts": "false",
      "showInRelatedContent": "true",
      "legallySensitive": "false",
      "lang": "en",
      "bodyText": "Regular walkers along the banks of the Cromarty Firth in Ross-shire, Scotland, will soon gaze out on a changed seascape. Redundant North Sea oil rigs that have used the dark waters off Invergordon as a parking lot are being readied for action. Local Brent crude prices hit a record $51.50 per barrel yesterday, helping to trigger a rush in local demand for semi-submersibles. But the mini-boom in exploration and development will do little to allay fears about the rapid rundown in Britain's domestic oil and gas supplies. Oil firms such as BP and Shell have been retreating from the North Sea and plunging their billions into places such as Angola and Azerbaijan. The cost of hiring North Sea rigs has now soared from $50,000 (\u00a328,000) a day to $100,000. Houston-based Transocean - the biggest rig owner in the world - is busy reactivating two \"stacked\" drilling units from Cromarty and is bringing a third over from Angola. Rival Diamond Off shore is also transferring equipment from west Africa so it can begin work next year off Britain for Talisman Energy. The UK Offshore Oil Association, UKOOA, which represents the major North Sea players, says its members are increasing their spending by 10% from \u00a38.6bn in 2003. Meanwhile 21 offshore development schemes have received government approval so far in 2004, compared with 14 last year. But the UK saw its oil output peak in 1999 and in gas some time later - and this summer, Britain becomes a net importer of oil for the first time in decades. Nobody will put an exact date on when Britain will run dry of oil but energy consultancy Wood Mackenzie believes the country will be producing as little as 23,000 barrels of oil a day by 2025. That figure compares with just under 2m barrels today, although the estimate does not include new discoveries that could boost supplies further into the future. UKOOA will only say that Britain will produce 2.4m of oil and gas by 2010, a figure that is still almost half today's combined total. Britain has witnessed the rapid withdrawal of the oil majors who really built the North Sea; typical of this retreat was BP's decision last year to sell the Forties field. The group is spending \u00a3680m on the Clair field development but this is exceptional. In 1997, the six biggest firms in the world focused 18% of their investment on the North Sea but this year it has fallen to 6%. The large players have lost interest in an area where new fields are likely to be counted in tens of millions of barrels of recoverable oil rather than the hundreds of millions to be found off Angola, Kazakstan or the Gulf of Mexico. While the public may be unaware of the rapid rundown in Britain's oil and gas, the government is not. Gordon Brown did the sector no favours by imposing a windfall tax on it in 2002, but since then attempts have been made to ensure the North Sea fiscal regime is more attractive. The Department of Trade and Industry has been engaged in schemes alongside UKOOA aimed at prolonging an element of self-sufficiency. The DTI has eased the codes of practice for holders of licences to make it easier for smaller firms to come in, and started a \"Brownfields\" project to maximise recovery from existing schemes. Last month the DTI also issued a code of practice on access to infrastructure, designed to ensure traditional owners do not sit on old acreage without investing in it and do not block newcomers' ability to use pipelines and platforms. The industry is pleased with the outcome of such moves but there are still concerns. Mr Blakeley worries that the majors are being encouraged by $50 a barrel prices to hang on to fields in which they are no longer investing. Rhodri Thomas, an analyst with Wood Mackenzie, believes the region can still be vibrant for years to come. \"It's a changing environment, with new types of company coming in, but it is just following a pattern we saw in the shallow water [exploitation of the] Gulf of Mexico and Canada,\" he says. When Britain's oilfields run dry The kind of turbulence that Britain faces when it is no longer a major oil producer was on display yesterday as US crude prices reached a record high of $54 per barrel and shares in Russia's Yukos were suspended. The value of oil soared on the back of hurricanes in the Gulf of Mexico, worries about supplies from Nigeria and more announcements from the Russian government that it would sell part of a Yukos subsidiary to pay for taxes owed. Higher oil prices mean more cash to British-based oil companies and extra tax for the exchequer. But as domestic supplies run dry the future will bring increased import bills for crude, petroleum products and gas, which is also running out. Oil globally will not run out for 40 years, after which Britain and everyone else must look to a hydrogen economy based upon renewables and nuclear power. But meanwhile oil and gas for Britain will come increasingly from developing, and often politically unstable, countries such as Azerbaijan, Iraq and Russia.",
      "charCount": "4995"
    },
    "isHosted": false,
    "pillarId": "pillar/news",
    "pillarName": "News"
  },
  {
    "id": "business/2004/oct/13/oilandpetrol.news2",
    "type": "article",
    "sectionId": "business",
    "sectionName": "Business",
    "webPublicationDate": "2004-10-13T01:37:47Z",
    "webTitle": "Oil hits record $54 a barrel",
    "webUrl": "https://www.theguardian.com/business/2004/oct/13/oilandpetrol.news2",
    "apiUrl": "https://content.guardianapis.com/business/2004/oct/13/oilandpetrol.news2",
    "fields": {
      "headline": "Oil hits record $54 a barrel",
      "trailText": "<p>The price of oil hit a new record of $54 a barrel yesterday amid warnings about the devastating impact on the foreign reserves of poorer countries and of rising petrol costs in Britain. </p>",
      "byline": "Terry Macalister",
      "main": "",
      "body": "<p>The price of oil hit a new record of $54 a barrel yesterday amid warnings about the devastating impact on the foreign reserves of poorer countries and of rising petrol costs in Britain. </p> <p>November delivery on the New York Mercantile Exchange peaked at $54.45 before retreating to $52.51. </p> <p>The price of UK North Sea Brent blend hit the $51.50 mark for the first time although it, too, dropped to below $51 in later trading. </p> <p>Supply fears were again blamed for the upward pressure as Nigeria was beset by a national strike and the Russian justice department finally put the axe into Yukos, saying it would sell off part of the oil group's business. </p> <p>The cost of crude is 80% higher than at the start of 2004 and this has wiped out as much as a third of foreign exchange reserves in some developing countries, the World Bank said. </p> <p>\"We have an impact of 2% to 5% of GDP, depending on the oil dependency and dependency on other sources of energy,\" said Fran\u00e7ois Bourguignon, the World Bank's chief economist. \"If prices remain high for the next year then reserves will not be enough.\" </p> <p>Meanwhile the AA said the cost of petrol was rising again in Britain after weeks of stability. The average cost of unleaded has risen to 83.46p a litre after hovering around 82p for a month. </p> <p>The Association of European Airlines also warned yesterday that higher fuel prices would wipe out company profits this year. </p> <p>Production has not yet been hit by the strike in Nigeria but many fear it soon will. </p> <p>The rising cost of fuel comes as Norwegian oil workers increase the scope of their industrial action. </p> <p>Oil firms are using their rising income to search for new supplies. Shell was also reported yesterday to have put its stake in the InterGen power business up for sale to raise cash for more exploration.</p>",
      "newspaperPageNumber": "17",
      "wordcount": "321",
      "commentable": "false",
      "isPremoderated": "false",
      "lastModified": "2004-10-13T01:37:47Z",
      "newspaperEditionDate": "2004-10-13T00:00:00Z",
      "productionOffice": "UK",
      "publication": "theguardian.com",
      "shortUrl": "https://gu.com/p/dced",
      "shouldHideAdverts": "false",
      "showInRelatedContent": "true",
      "legallySensitive": "false",
      "lang": "en",
      "bodyText": "The price of oil hit a new record of $54 a barrel yesterday amid warnings about the devastating impact on the foreign reserves of poorer countries and of rising petrol costs in Britain. November delivery on the New York Mercantile Exchange peaked at $54.45 before retreating to $52.51. The price of UK North Sea Brent blend hit the $51.50 mark for the first time although it, too, dropped to below $51 in later trading. Supply fears were again blamed for the upward pressure as Nigeria was beset by a national strike and the Russian justice department finally put the axe into Yukos, saying it would sell off part of the oil group's business. The cost of crude is 80% higher than at the start of 2004 and this has wiped out as much as a third of foreign exchange reserves in some developing countries, the World Bank said. \"We have an impact of 2% to 5% of GDP, depending on the oil dependency and dependency on other sources of energy,\" said Fran\u00e7ois Bourguignon, the World Bank's chief economist. \"If prices remain high for the next year then reserves will not be enough.\" Meanwhile the AA said the cost of petrol was rising again in Britain after weeks of stability. The average cost of unleaded has risen to 83.46p a litre after hovering around 82p for a month. The Association of European Airlines also warned yesterday that higher fuel prices would wipe out company profits this year. Production has not yet been hit by the strike in Nigeria but many fear it soon will. The rising cost of fuel comes as Norwegian oil workers increase the scope of their industrial action. Oil firms are using their rising income to search for new supplies. Shell was also reported yesterday to have put its stake in the InterGen power business up for sale to raise cash for more exploration.",
      "charCount": "1780"
    },
    "isHosted": false,
    "pillarId": "pillar/news",
    "pillarName": "News"
  },
  {
    "id": "business/2004/oct/13/interestrates.interestrates",
    "type": "article",
    "sectionId": "business",
    "sectionName": "Business",
    "webPublicationDate": "2004-10-13T00:55:16Z",
    "webTitle": "Bank signals pause in rising interest rates",
    "webUrl": "https://www.theguardian.com/business/2004/oct/13/interestrates.interestrates",
    "apiUrl": "https://content.guardianapis.com/business/2004/oct/13/interestrates.interestrates",
    "fields": {
      "headline": "Bank signals pause in rising interest rates",
      "trailText": "<p>The governor of the Bank of England, Mervyn King, last night fuelled City speculation that further interest rate increases are on hold after he responded to a surprise fall in inflation by saying the economy was in a \"softer patch\". </p>",
      "byline": "Larry Elliott, economics editor",
      "main": "",
      "body": "<p>The governor of the Bank of England, Mervyn King, last night fuelled City speculation that further interest rate increases are on hold after he responded to a surprise fall in inflation by saying the economy was in a \"softer patch\". </p> <p>Speaking at the Eden Project in Cornwall, Mr King said the impact of the slowdown on inflation would be offset by the recent weakness of the pound but dropped a strong hint that there would be a pause before the Bank acted again. </p> <p>\"Looking ahead, the monetary policy committee will have to balance the impact on inflation of this evidence of weaker activity against the fall in sterling and other signs of cost pressures. The implications for interest rates will depend on developments in the economy, which the MPC will monitor carefully.\" </p> <p>The governor made his remarks hours after the monthly figures for the cost of living in the UK showed the annual inflation rate on the government's preferred measure - the consumer prices index - falling from 1.3% to 1.1% last month. </p> <p>Competitive pressures in the high street pulled down inflation to its lowest level since the spring and confounded market expectations that higher oil prices would see the annual rate tick up to 1.4%. </p> <p>The Bank's task is to keep inflation at 2%, with a deviation of more than one percentage point from the target requiring the governor to write a letter to Gordon Brown explaining his conduct of monetary policy. Analysts said that had it not been for the sharp increase in global oil prices, Mr King would already have had to put pen to paper. </p> <p>The Office for National Statistics said cheaper air and sea travel, cut-price offers on food from supermarkets and a reduction in the cost of telephone charges were the main reasons for the one-month fall in the CPI. Over the past 12 months, however, bargain offers for clothing and footwear and leisure goods have been the sectors of the economy where price falls have been largest. </p> <p>Yesterday's data showed the price of goods last month was 0.4% lower than a year earlier, while inflation in the service sector stood at 3.2%. Britain had the third lowest inflation in the European Union, with only Denmark and Finland having smaller annual rises. </p> <p>Other measures of inflation also fell in September. The all-items retail prices index showed a 3.1% annual increase, down from 3.2% the previous month, while the RPI excluding mortgage interest payments fell from 2.2% to 1.9%. </p> <p>The September inflation figures are used as the basis for the annual uprating of state benefits. Income-related benefits such as jobseekers' allowance, housing benefit and income support will rise by 1% next year, while the basic state pension, incapacity benefit and disability benefit will increase by 3.1%. Mr King said what he has previously described as the \"nice\" decade - non-inflationary consistent expansion - was coming to an end and would be replaced by the \"not so bad\" decade. </p> <p>\"The combination of low and stable inflation and continuously falling unemployment must come to an end at some point, and may already have done so. Starting, as we do now, with little if any spare capacity, it is unlikely we can expect unemployment to fall indefinitely. </p> <p>\"From time to time shocks will hit our economy, as we have seen with oil prices and world trade, and there will be fluctuations in growth and unemployment, as well as inflation.\"</p>",
      "newspaperPageNumber": "17",
      "wordcount": "581",
      "commentable": "false",
      "isPremoderated": "false",
      "lastModified": "2004-10-13T00:55:16Z",
      "newspaperEditionDate": "2004-10-13T00:00:00Z",
      "productionOffice": "UK",
      "publication": "theguardian.com",
      "shortUrl": "https://gu.com/p/88vc",
      "shouldHideAdverts": "false",
      "showInRelatedContent": "true",
      "legallySensitive": "false",
      "lang": "en",
      "bodyText": "The governor of the Bank of England, Mervyn King, last night fuelled City speculation that further interest rate increases are on hold after he responded to a surprise fall in inflation by saying the economy was in a \"softer patch\". Speaking at the Eden Project in Cornwall, Mr King said the impact of the slowdown on inflation would be offset by the recent weakness of the pound but dropped a strong hint that there would be a pause before the Bank acted again. \"Looking ahead, the monetary policy committee will have to balance the impact on inflation of this evidence of weaker activity against the fall in sterling and other signs of cost pressures. The implications for interest rates will depend on developments in the economy, which the MPC will monitor carefully.\" The governor made his remarks hours after the monthly figures for the cost of living in the UK showed the annual inflation rate on the government's preferred measure - the consumer prices index - falling from 1.3% to 1.1% last month. Competitive pressures in the high street pulled down inflation to its lowest level since the spring and confounded market expectations that higher oil prices would see the annual rate tick up to 1.4%. The Bank's task is to keep inflation at 2%, with a deviation of more than one percentage point from the target requiring the governor to write a letter to Gordon Brown explaining his conduct of monetary policy. Analysts said that had it not been for the sharp increase in global oil prices, Mr King would already have had to put pen to paper. The Office for National Statistics said cheaper air and sea travel, cut-price offers on food from supermarkets and a reduction in the cost of telephone charges were the main reasons for the one-month fall in the CPI. Over the past 12 months, however, bargain offers for clothing and footwear and leisure goods have been the sectors of the economy where price falls have been largest. Yesterday's data showed the price of goods last month was 0.4% lower than a year earlier, while inflation in the service sector stood at 3.2%. Britain had the third lowest inflation in the European Union, with only Denmark and Finland having smaller annual rises. Other measures of inflation also fell in September. The all-items retail prices index showed a 3.1% annual increase, down from 3.2% the previous month, while the RPI excluding mortgage interest payments fell from 2.2% to 1.9%. The September inflation figures are used as the basis for the annual uprating of state benefits. Income-related benefits such as jobseekers' allowance, housing benefit and income support will rise by 1% next year, while the basic state pension, incapacity benefit and disability benefit will increase by 3.1%. Mr King said what he has previously described as the \"nice\" decade - non-inflationary consistent expansion - was coming to an end and would be replaced by the \"not so bad\" decade. \"The combination of low and stable inflation and continuously falling unemployment must come to an end at some point, and may already have done so. Starting, as we do now, with little if any spare capacity, it is unlikely we can expect unemployment to fall indefinitely. \"From time to time shocks will hit our economy, as we have seen with oil prices and world trade, and there will be fluctuations in growth and unemployment, as well as inflation.\"",
      "charCount": "3365"
    },
    "isHosted": false,
    "pillarId": "pillar/news",
    "pillarName": "News"
  }
]