[
  {
    "id": "football/2004/sep/03/sport.comment1",
    "type": "article",
    "sectionId": "football",
    "sectionName": "Football",
    "webPublicationDate": "2004-09-02T23:01:35Z",
    "webTitle": "Chase the dragon",
    "webUrl": "https://www.theguardian.com/football/2004/sep/03/sport.comment1",
    "apiUrl": "https://content.guardianapis.com/football/2004/sep/03/sport.comment1",
    "fields": {
      "headline": "Chase the dragon",
      "standfirst": "Inside Edge's sports editor (season betting record so far: +2.8pts) tells you how to spend your money this weekend",
      "trailText": "<p>International weekends offer little value, as the bookies correctly price up many games as one-sided affairs. But Asian handicaps give you a good betting opportunity in such circumstances, so I've added one to the list this week. </p>",
      "byline": "James Eastham",
      "main": "<figure class=\"element element-image\" data-media-id=\"gu-image-333057952\"> <img src=\"http://static.guim.co.uk/sys-images/Football/Pix/pictures/2004/06/10/inside2222.jpg\" alt=\"Inside Edge\" width=\"128\" height=\"128\" class=\"gu-image\" /> </figure>",
      "body": "<p>International weekends offer little value, as the bookies correctly price up many games as one-sided affairs. But Asian handicaps give you a good betting opportunity in such circumstances, so I've added one to the list this week. </p> <p><strong> 1pt at 2.025 on Israel with a 1.5/2 goal head-start against France in World Cup qualifying group four (Victor Chandler)</strong><br> Following the retirement of key players, including Lilian Thuram and Zinedine Zidane, France have entered a difficult rebuilding period. New manager Raymond Domenech called up a number of new players for the friendly against Bosnia-Herzegovina last month but France struggled to break down their weaker opponents. Israel look capable of limiting the margin of defeat, so a bet on them with a generous head-start looks good value. </p> <p><strong>NB:</strong> This form of betting - where one team is given a head-start - is known as an Asian handicap. It allows you to take a view on a game where the winner, but not the result, is considered a foregone conclusion. </p> <p>Taking the split-ball bet of 1.5/2 offered by Victor Chandler means you'll win if Israel win or draw. You also win if Israel lose by one goal. If Israel lose by two goals, half your stake is returned and half is a winner at the odds taken. In short, France need to beat Israel by three clear goals for your bet to be a loser.</p> <p><em>BEST FIXED ODDS PRICES:</em>France 1/5 (Ladbrokes, Gamebookers), Israel 14/1 (William Hill, Coral, Stanleybet, Bet365, Totesport), Draw 11/2 (William Hill, Pinnacle).</p> <p><strong> 2pts at 20/29 on Wales to win away at Azerbaijan in World Cup qualifying group six (Interwetten)</strong><br> Wales look too good for Azerbaijan: Mark Hughes's side should have too much quality and power in every area. Goals from Gary Speed and John Hartson earned Wales a 2-0 victory in Azerbaijan in the Euro 2004 qualifiers, and Azerbaijan have won just three out of 14 competitive fixtures at home. Back the Welsh to claim all three points.</p> <p><em>BEST FIXED ODDS PRICES:</em> Azerbaijan 7/1 (BlueSq, Capital, Victor Chandler), Wales 20/29 (Interwetten), Draw 10/3 (Victor Chandler).</p> <p><strong>2pts buy Fiorentina on Serie A spread betting index at 3 (IG Sport)</strong><br> There is little downside to this particular spread bet as the maximum you can lose is three times your stake. Fiorentina are dark horses to succeed in Serie A this season. Although newly promoted, the club has spent well over the summer, adding quality in the form of Czech defender Tomas Ujfalusi, Japan midfielder Hidetoshi Nakata, Denmark winger Martin Jorgensen and former Real Madrid striker Javier Portillo.</p> <p>A number of teams accustomed to top-half finishes could struggle this season - including Lazio, Parma and Chievo. You will earn a profit if Fiorentina finish eighth or higher.</p> <p><strong>How does the index work?</strong><br> IG Sport offer a points system based on where teams finish in the league table (1st = 60pts, 2nd = 40pts, 3rd = 30pts, 4th = 25pts, 5th = 20pts, 6th = 15pts, 7th = 10pts, 8th = 5pts). So if Fiorentina finish eighth they would score five points and, having bought them at three points, you would win twice your stake.</p> <p><strong>What is the points value used for each bet?</strong><br> It is a rating of confidence in the bet, ranging from one to 10. One is a speculative bet, 10 an extremely confident bet. So if you bet in \u00a31s, 1pt means we recommend you place a \u00a31 stake, \u00a32 means place a \u00a32 stake, and so on.</p>",
      "wordcount": "582",
      "commentable": "false",
      "isPremoderated": "false",
      "lastModified": "2017-02-20T21:09:18Z",
      "newspaperEditionDate": "2004-09-03T00:00:00Z",
      "productionOffice": "UK",
      "publication": "theguardian.com",
      "shortUrl": "https://gu.com/p/x7cvp",
      "shouldHideAdverts": "false",
      "showInRelatedContent": "true",
      "legallySensitive": "false",
      "lang": "en",
      "bodyText": "International weekends offer little value, as the bookies correctly price up many games as one-sided affairs. But Asian handicaps give you a good betting opportunity in such circumstances, so I've added one to the list this week. 1pt at 2.025 on Israel with a 1.5/2 goal head-start against France in World Cup qualifying group four (Victor Chandler) Following the retirement of key players, including Lilian Thuram and Zinedine Zidane, France have entered a difficult rebuilding period. New manager Raymond Domenech called up a number of new players for the friendly against Bosnia-Herzegovina last month but France struggled to break down their weaker opponents. Israel look capable of limiting the margin of defeat, so a bet on them with a generous head-start looks good value. NB: This form of betting - where one team is given a head-start - is known as an Asian handicap. It allows you to take a view on a game where the winner, but not the result, is considered a foregone conclusion. Taking the split-ball bet of 1.5/2 offered by Victor Chandler means you'll win if Israel win or draw. You also win if Israel lose by one goal. If Israel lose by two goals, half your stake is returned and half is a winner at the odds taken. In short, France need to beat Israel by three clear goals for your bet to be a loser. BEST FIXED ODDS PRICES:France 1/5 (Ladbrokes, Gamebookers), Israel 14/1 (William Hill, Coral, Stanleybet, Bet365, Totesport), Draw 11/2 (William Hill, Pinnacle). 2pts at 20/29 on Wales to win away at Azerbaijan in World Cup qualifying group six (Interwetten) Wales look too good for Azerbaijan: Mark Hughes's side should have too much quality and power in every area. Goals from Gary Speed and John Hartson earned Wales a 2-0 victory in Azerbaijan in the Euro 2004 qualifiers, and Azerbaijan have won just three out of 14 competitive fixtures at home. Back the Welsh to claim all three points. BEST FIXED ODDS PRICES: Azerbaijan 7/1 (BlueSq, Capital, Victor Chandler), Wales 20/29 (Interwetten), Draw 10/3 (Victor Chandler). 2pts buy Fiorentina on Serie A spread betting index at 3 (IG Sport) There is little downside to this particular spread bet as the maximum you can lose is three times your stake. Fiorentina are dark horses to succeed in Serie A this season. Although newly promoted, the club has spent well over the summer, adding quality in the form of Czech defender Tomas Ujfalusi, Japan midfielder Hidetoshi Nakata, Denmark winger Martin Jorgensen and former Real Madrid striker Javier Portillo. A number of teams accustomed to top-half finishes could struggle this season - including Lazio, Parma and Chievo. You will earn a profit if Fiorentina finish eighth or higher. How does the index work? IG Sport offer a points system based on where teams finish in the league table (1st = 60pts, 2nd = 40pts, 3rd = 30pts, 4th = 25pts, 5th = 20pts, 6th = 15pts, 7th = 10pts, 8th = 5pts). So if Fiorentina finish eighth they would score five points and, having bought them at three points, you would win twice your stake. What is the points value used for each bet? It is a rating of confidence in the bet, ranging from one to 10. One is a speculative bet, 10 an extremely confident bet. So if you bet in \u00a31s, 1pt means we recommend you place a \u00a31 stake, \u00a32 means place a \u00a32 stake, and so on.",
      "charCount": "3312"
    },
    "isHosted": false,
    "pillarId": "pillar/sport",
    "pillarName": "Sport"
  },
  {
    "id": "business/2004/sep/02/1",
    "type": "article",
    "sectionId": "business",
    "sectionName": "Business",
    "webPublicationDate": "2004-09-02T22:58:09Z",
    "webTitle": "Heather Tomlinson: market forces",
    "webUrl": "https://www.theguardian.com/business/2004/sep/02/1",
    "apiUrl": "https://content.guardianapis.com/business/2004/sep/02/1",
    "fields": {
      "headline": "Big Food fortunes cooled by Iceland",
      "trailText": "<p><strong>Market forces: </strong>The supermarket industry is fighting for customers, and worries about how mid-sized player <strong>Big Food Group</strong> will hold up helped push the share price down 1.75p to 82.25p yesterday.\n</p>",
      "byline": "Heather Tomlinson",
      "main": "",
      "body": "<p>The supermarket industry is fighting for customers, and worries about how mid-sized player <strong> Big Food Group</strong> will hold up helped push the share price down 1.75p to 82.25p yesterday. The firm owns Iceland, which has shown several years of poor results. </p> <p>Stockbroker Numis Securities voiced the concerns in research yesterday, reducing its profit forecasts, cutting its share price target from 80p to 65p and describing the firm as in a \"perilous financial state\". </p> <p>Wm Morrison has taken over ailing rival Safeway and is slashing prices across the chain, and the bigger groups are responding. In the latest data from research firm Taylor Nelson Sofres, Iceland showed a fall in market share. \"With major market players Tesco and Asda pulling out all the stops on pricing we believe that the ability of [Big Food] to follow suit is highly unlikely,\" said the Numis note. It added that, given the competition and the poor weather this year, like-for-like sales in the second quarter are likely to be worse than the 1.7% fall at Iceland in the first three months of its financial year. </p> <p>\"Profits for the group are going backwards; Ebit [profit] margins are just 1.4% and the group has \u00a3240m-\u00a3250m of net debt,\" Numis continued. </p> <p>A glimmer of hope comes from the potential of a bid from Icelandic retail group Baugur, which owns 22% of Big Food, but Numis reckons it will not be in a rush to get out its cheque book. Since a high of 182p in February, when the company appeared to be reversing its fortunes, the shares have fallen steadily. </p> <p>As City traders continued to return from their holidays the newsflow was meagre yesterday, but the <strong>FTSE 100</strong> bounced from Tuesday's falls and ended up 42.7 points at 4502. The <strong> FTSE 250</strong> rose 21.4 points to 6109. </p> <p>Shares in drinks firm <strong>Diageo</strong> were all over the place yesterday ahead of today's full-year results. Goldman Sachs told clients that there will be little surprise in the results, after the firm's guidance of earnings per share of 48p for the year. However, the investment bank predicts some \"slight disappointments\" when the detail of its brands' performance is examined. It singled out Smirnoff and Cuervo as underperforming in the vodka and tequila markets in the US, while the UK and Ireland are experiencing margin pressure After trading as high as 690.5p and as low as 682p, Diageo shares ended flat at 683.5p. </p> <p>Property groups <strong>Land Securities</strong> and <strong>British Land</strong> rose strongly, helped by positive comment from Cazenove. British Land ended up 17p at 736.5p and Land Securities rose 40p to \u00a311.90, the highest riser in the FTSE 100. </p> <p>A rumour was doing the rounds that <strong><a href=\"http://www.Lastminute.com\">Lastminute.com</a></strong> wants to take over <strong>ebookers </strong>, its UK-quoted rival which has a habit of disappointing investors. </p> <p>The talk was not given much credence by dealers and does not explain yesterday's share price surge of 4.5p to 120.5p in Lastminute, as such a large acquisition would have to use shares as payment and neither firm makes a profit. A takeover should have the opposite effect on the internet firm's shares. Ebookers added 6.75p to 153p yesterday. </p> <p>There was interest in leisure firm <strong>Gowrings</strong> as several small trades pushed the share price up 15p to close at 85p. </p> <p>The firm in effect put itself up for sale in May, but the news failed to get the share price up above 62p. In mid-August the shares started ticking up ahead of yesterday's surge. It has sold off its problematic accident repair centres and is in the process of selling its media training company and is left with its restaurant business consisting of 41 Burger King franchised outlets. Yesterday's surge was put down to hopes of a takeover and was helped by last week's interim results, which showed the firm has assets per share of 103p. </p> <p>Hedge fund <strong>Man Group</strong> rose 12p to \u00a313.35 on the back of positive comments from investment bank Lehman Brothers. The company's shares have been hit due to poor performances at its key AHL fund, but Lehmans reckons the share price falls have been disproportionate to the fund's decline and thinks it has an \"impressive track record\". </p> <p>Housebuilder <strong>Wilson Bowden</strong> reported first-half results yesterday and said there are no signs of a house price crash. However, continuing evidence of a downturn in the housing market pushed the share price down 5p to \u00a311.00. </p> <p>The firm talked of interest rates having a \"calming effect\" on the market and reported underlying pre-tax profits up 29% at \u00a3118m. Rival firms fell in concert, with <strong> Persimmon</strong> down 7.5p to 662.5p and <strong>Bellway</strong> falling 16p to 752.5p. </p> <p><strong>Regal Petroleum</strong>, the Aim-listed oil and gas exploration company, rose 8.5p to 366p. The market is excited about the prospects of its assets in Greece and traders are optimistic there will be an upbeat update soon. </p> <p>First-half results from cancer and neurological disease researcher <strong>Oxford Biomedica</strong> pushed the shares down 0.75p to 16.75p. The cash burn increased to \u00a35.7m from \u00a33.8m the year before, but that is mainly due to a delay in a tax credit from the government. It has \u00a326m of cash left which should last it until 2007, the firm said. </p> <p><strong>Arakis seeks \u00a325m boost</strong></p> <p>Cambridge-based biotech Arakis is understood to be close to raising more than \u00a325m to fund drug research, ahead of a potential flotation. </p> <p>An announcement is expected after it hammers out details with new financial backers. The fundraising should keep it going until the end of 2006, and it hopes to float next year if market conditions improve. </p> <p>The firm has products in mid-stage clinical trials for cancer pain, rheumatoid arthritis and lung diseases. It has a team of former Chiroscience executives, including the well-known financier Peter Keen, commercial director Dr Julian Gilbert and R&amp;D boss Dr Robin Bannister. </p> <p>Current backers include 3i, Nomura, Merlin Biosciences and MB Venture Capital.</p>",
      "newspaperPageNumber": "24",
      "wordcount": "1002",
      "commentable": "false",
      "isPremoderated": "false",
      "lastModified": "2004-09-01T22:58:09Z",
      "newspaperEditionDate": "2004-09-02T00:00:00Z",
      "productionOffice": "UK",
      "publication": "theguardian.com",
      "shortUrl": "https://gu.com/p/8459",
      "shouldHideAdverts": "false",
      "showInRelatedContent": "true",
      "legallySensitive": "false",
      "lang": "en",
      "bodyText": "The supermarket industry is fighting for customers, and worries about how mid-sized player Big Food Group will hold up helped push the share price down 1.75p to 82.25p yesterday. The firm owns Iceland, which has shown several years of poor results. Stockbroker Numis Securities voiced the concerns in research yesterday, reducing its profit forecasts, cutting its share price target from 80p to 65p and describing the firm as in a \"perilous financial state\". Wm Morrison has taken over ailing rival Safeway and is slashing prices across the chain, and the bigger groups are responding. In the latest data from research firm Taylor Nelson Sofres, Iceland showed a fall in market share. \"With major market players Tesco and Asda pulling out all the stops on pricing we believe that the ability of [Big Food] to follow suit is highly unlikely,\" said the Numis note. It added that, given the competition and the poor weather this year, like-for-like sales in the second quarter are likely to be worse than the 1.7% fall at Iceland in the first three months of its financial year. \"Profits for the group are going backwards; Ebit [profit] margins are just 1.4% and the group has \u00a3240m-\u00a3250m of net debt,\" Numis continued. A glimmer of hope comes from the potential of a bid from Icelandic retail group Baugur, which owns 22% of Big Food, but Numis reckons it will not be in a rush to get out its cheque book. Since a high of 182p in February, when the company appeared to be reversing its fortunes, the shares have fallen steadily. As City traders continued to return from their holidays the newsflow was meagre yesterday, but the FTSE 100 bounced from Tuesday's falls and ended up 42.7 points at 4502. The FTSE 250 rose 21.4 points to 6109. Shares in drinks firm Diageo were all over the place yesterday ahead of today's full-year results. Goldman Sachs told clients that there will be little surprise in the results, after the firm's guidance of earnings per share of 48p for the year. However, the investment bank predicts some \"slight disappointments\" when the detail of its brands' performance is examined. It singled out Smirnoff and Cuervo as underperforming in the vodka and tequila markets in the US, while the UK and Ireland are experiencing margin pressure After trading as high as 690.5p and as low as 682p, Diageo shares ended flat at 683.5p. Property groups Land Securities and British Land rose strongly, helped by positive comment from Cazenove. British Land ended up 17p at 736.5p and Land Securities rose 40p to \u00a311.90, the highest riser in the FTSE 100. A rumour was doing the rounds that Lastminute.com wants to take over ebookers , its UK-quoted rival which has a habit of disappointing investors. The talk was not given much credence by dealers and does not explain yesterday's share price surge of 4.5p to 120.5p in Lastminute, as such a large acquisition would have to use shares as payment and neither firm makes a profit. A takeover should have the opposite effect on the internet firm's shares. Ebookers added 6.75p to 153p yesterday. There was interest in leisure firm Gowrings as several small trades pushed the share price up 15p to close at 85p. The firm in effect put itself up for sale in May, but the news failed to get the share price up above 62p. In mid-August the shares started ticking up ahead of yesterday's surge. It has sold off its problematic accident repair centres and is in the process of selling its media training company and is left with its restaurant business consisting of 41 Burger King franchised outlets. Yesterday's surge was put down to hopes of a takeover and was helped by last week's interim results, which showed the firm has assets per share of 103p. Hedge fund Man Group rose 12p to \u00a313.35 on the back of positive comments from investment bank Lehman Brothers. The company's shares have been hit due to poor performances at its key AHL fund, but Lehmans reckons the share price falls have been disproportionate to the fund's decline and thinks it has an \"impressive track record\". Housebuilder Wilson Bowden reported first-half results yesterday and said there are no signs of a house price crash. However, continuing evidence of a downturn in the housing market pushed the share price down 5p to \u00a311.00. The firm talked of interest rates having a \"calming effect\" on the market and reported underlying pre-tax profits up 29% at \u00a3118m. Rival firms fell in concert, with Persimmon down 7.5p to 662.5p and Bellway falling 16p to 752.5p. Regal Petroleum, the Aim-listed oil and gas exploration company, rose 8.5p to 366p. The market is excited about the prospects of its assets in Greece and traders are optimistic there will be an upbeat update soon. First-half results from cancer and neurological disease researcher Oxford Biomedica pushed the shares down 0.75p to 16.75p. The cash burn increased to \u00a35.7m from \u00a33.8m the year before, but that is mainly due to a delay in a tax credit from the government. It has \u00a326m of cash left which should last it until 2007, the firm said. Arakis seeks \u00a325m boost Cambridge-based biotech Arakis is understood to be close to raising more than \u00a325m to fund drug research, ahead of a potential flotation. An announcement is expected after it hammers out details with new financial backers. The fundraising should keep it going until the end of 2006, and it hopes to float next year if market conditions improve. The firm has products in mid-stage clinical trials for cancer pain, rheumatoid arthritis and lung diseases. It has a team of former Chiroscience executives, including the well-known financier Peter Keen, commercial director Dr Julian Gilbert and R&amp;D boss Dr Robin Bannister. Current backers include 3i, Nomura, Merlin Biosciences and MB Venture Capital.",
      "charCount": "5764"
    },
    "isHosted": false,
    "pillarId": "pillar/news",
    "pillarName": "News"
  },
  {
    "id": "money/2004/sep/02/cashpoints",
    "type": "article",
    "sectionId": "money",
    "sectionName": "Money",
    "webPublicationDate": "2004-09-02T11:45:57Z",
    "webTitle": "Cashpoints: Interest rates start to bite as house price growth slows to three-year low",
    "webUrl": "https://www.theguardian.com/money/2004/sep/02/cashpoints",
    "apiUrl": "https://content.guardianapis.com/money/2004/sep/02/cashpoints",
    "fields": {
      "headline": "Cashpoints: Interest rates start to bite as house price growth slows to three-year low",
      "trailText": "<p><strong>&#183;</strong> House price rises hit the buffers<br />    <strong>&#183;</strong> John Edwards answers your finance questions <br />    <strong>&#183;</strong> Trouble at work: our guide to avoiding workplace stress </p>",
      "main": "",
      "body": "<p><strong>\u00b7</strong> House price rises hit the buffers<br> <strong>\u00b7</strong> John Edwards answers your finance questions <br> <strong>\u00b7</strong> Trouble at work: our guide to avoiding workplace stress </p> <p><strong> September 2: Interest rates start to bite as house price growth slows to three-year low</strong> <br> House prices grew by just 0.1% in August, their weakest in almost three years, the Nationwide said yesterday, providing further evidence that the house price boom has hit the buffers. <a href=\" http://money.theguardian.com/houseprices/story/0,1456,1295366,00.html\">Story in full</a></p> <p><strong>On Guardian Unlimited Money</strong><br> <a href=\" http://money.theguardian.com/houseprices/0,1456,594818,00.html\">Special report: house prices</a></p> <p><strong>OTHER NEWS</strong></p> <p><strong> September 1: BT customer figures 'unreliable' </strong> <br> Phone giant BT misled the public about the number of customers returning to its services in its \"back to BT\" campaign, the advertising watchdog ruled. <br><a href=\" http://money.theguardian.com/phones/story/0,13283,1294963,00.html \">Story in full</a></p> <p><strong>On Guardian Unlimited Money</strong><br> <a href=\" http://money.theguardian.com/phones/0,13283,950188,00.html\"> Special report: phones</a></p> <p><strong> September 2: Fear infects flexible workplaces </strong><br>ILO says globalisation has helped to create a world of unhappy employees, with the US scoring high on labour force unease <br> <a href=\" http://money.theguardian.com/work/story/0,1456,1295620,00.html\">Story in full</a></p> <p><strong>On Guardian Unlimited Money</strong><br> <a href=\" http://money.theguardian.com/workplacestress/0,13869,1031887,00.html\">More on workplace stress</a></p> <p><strong>\u00b7</strong> Do you have any feedback on any of these issues that you want get off your chest? Email us at <a href=\"mailto:money.editor@guardianunlimited.co.uk\">money.editor@guardianunlimited.co.uk</a></p> <p><strong>ASK THE EXPERTS</strong></p> <p><strong>Question of the week:</strong><br> \"I own a property worth \u00a3320,000 (I paid \u00a372,000, 10 years ago) and my girlfriend owns a property worth \u00a3120,000 (she paid \u00a360,000, six years ago). We both have small mortgages on them. </p> <p>We plan to marry this year so are buying a third house together with the intention of renting out our own houses. If we sell our own houses in the future (say two to three years down the line) are we then liable for capital gains on them? I am a tax payer at 40%, my girlfriend pays at the lower rate.\" </p> <p><strong>Our finance expert, John Edwards, says:</strong> \"You should be able to avoid any capital gains tax liability if you don't wait longer than three years before selling. If you have lived in the house(s) as your principal private residence, there is normally a three year period allowable after moving out before capital gains tax kicks in. </p> <p>Remember, however, that you will have to pay income tax on any rent received and you will not be allowed to offset the costs of the mortgages against the rent. <br><a href=\" http://money.theguardian.com/experts/finance/0,11103,588271,00.html\"> Read more of John's questions and answers here</a></p> <p><strong>\u00b7</strong> Any questions? Email our panel of experts on financial concerns, consumer gripes, legal wrangles, debt worries and career-related problems at money.theguardian.com/experts</p> <p><strong>FEATURE</strong></p> <p>Dodgy estate agents can rip you off in style. The government has now made a half-step to cleaning up the industry, says <strong>Alan Wilson</strong>, but it's still up to you to know what you're being charged to sell your house <br><a href=\"  http://money.theguardian.com/experts/legal/story/0,11106,1294197,00.html\">Read the entire article here</a></p> <p><strong>ON GUARDIAN UNLIMITED MONEY</strong><br> We spend most of our lives there, so it's hardly surprising that many of our problems stem from work. From stress to injury, discrimination to dismissal, we look at workplace issues and how to resolve them. <br><a href=\" http://money.theguardian.com/troubleatwork/0,14743,1255904,00.html\">Click here to find out more</a></p>",
      "wordcount": "501",
      "commentable": "false",
      "isPremoderated": "false",
      "lastModified": "2004-09-02T11:45:57Z",
      "newspaperEditionDate": "2004-09-02T00:00:00Z",
      "productionOffice": "UK",
      "publication": "theguardian.com",
      "shortUrl": "https://gu.com/p/846g",
      "shouldHideAdverts": "false",
      "showInRelatedContent": "true",
      "legallySensitive": "false",
      "lang": "en",
      "bodyText": "\u00b7 House price rises hit the buffers \u00b7 John Edwards answers your finance questions \u00b7 Trouble at work: our guide to avoiding workplace stress September 2: Interest rates start to bite as house price growth slows to three-year low House prices grew by just 0.1% in August, their weakest in almost three years, the Nationwide said yesterday, providing further evidence that the house price boom has hit the buffers. Story in full On Guardian Unlimited Money Special report: house prices OTHER NEWS September 1: BT customer figures 'unreliable' Phone giant BT misled the public about the number of customers returning to its services in its \"back to BT\" campaign, the advertising watchdog ruled. Story in full On Guardian Unlimited Money Special report: phones September 2: Fear infects flexible workplaces ILO says globalisation has helped to create a world of unhappy employees, with the US scoring high on labour force unease Story in full On Guardian Unlimited Money More on workplace stress \u00b7 Do you have any feedback on any of these issues that you want get off your chest? Email us at money.editor@guardianunlimited.co.uk ASK THE EXPERTS Question of the week: \"I own a property worth \u00a3320,000 (I paid \u00a372,000, 10 years ago) and my girlfriend owns a property worth \u00a3120,000 (she paid \u00a360,000, six years ago). We both have small mortgages on them. We plan to marry this year so are buying a third house together with the intention of renting out our own houses. If we sell our own houses in the future (say two to three years down the line) are we then liable for capital gains on them? I am a tax payer at 40%, my girlfriend pays at the lower rate.\" Our finance expert, John Edwards, says: \"You should be able to avoid any capital gains tax liability if you don't wait longer than three years before selling. If you have lived in the house(s) as your principal private residence, there is normally a three year period allowable after moving out before capital gains tax kicks in. Remember, however, that you will have to pay income tax on any rent received and you will not be allowed to offset the costs of the mortgages against the rent. Read more of John's questions and answers here \u00b7 Any questions? Email our panel of experts on financial concerns, consumer gripes, legal wrangles, debt worries and career-related problems at money.theguardian.com/experts FEATURE Dodgy estate agents can rip you off in style. The government has now made a half-step to cleaning up the industry, says Alan Wilson, but it's still up to you to know what you're being charged to sell your house Read the entire article here ON GUARDIAN UNLIMITED MONEY We spend most of our lives there, so it's hardly surprising that many of our problems stem from work. From stress to injury, discrimination to dismissal, we look at workplace issues and how to resolve them. Click here to find out more",
      "charCount": "2872"
    },
    "isHosted": false,
    "pillarId": "pillar/lifestyle",
    "pillarName": "Lifestyle"
  },
  {
    "id": "money/2004/sep/02/internetphonesbroadband.bt",
    "type": "article",
    "sectionId": "money",
    "sectionName": "Money",
    "webPublicationDate": "2004-09-02T08:02:33Z",
    "webTitle": "Watchdogs maul BT over prices and ad",
    "webUrl": "https://www.theguardian.com/money/2004/sep/02/internetphonesbroadband.bt",
    "apiUrl": "https://content.guardianapis.com/money/2004/sep/02/internetphonesbroadband.bt",
    "fields": {
      "headline": "Watchdogs maul BT over prices and ad",
      "trailText": "<p>BT yesterday suffered a double blow from watchdogs over complaints that it had infringed competition rules and run misleading ads. </p>",
      "byline": "Mark Milner",
      "main": "",
      "body": "<p>BT yesterday suffered a double blow from watchdogs over complaints that it had infringed competition rules and run misleading ads. </p> <p>Industry regulator Ofcom said that it was proposing to rule that BT had fallen foul of competition rules over its pricing of residential high-speed internet services more than two years ago. </p> <p>In a separate ruling, the Advertising Standards Authority ruled against BT over ads claiming 750,000 customers had returned to the company since February last year and another implying other companies charged for customer helplines. </p> <p>BT said it had already received two favourable rulings - from previous industry watchdog Oftel and the competition appeals tribunal - on the question of whether it had used anti-competitive pricing for broadband services. </p> <p>\"We will make oral and written returns and we are confident we will win a third time.\" </p> <p>Ofcom said that it had inherited the case from its predecessor and could make no further comment. </p> <p>In a research note, Paul Howard, co-head of European telecoms research at brokers Cazenove, said that in theory BT could be fined up to 10% of turnover if it lost on the competition issue. He added: \"Whilst [Ofcom's] announcement might counter early signs of an improving regulatory environment, we suspect Ofcom is to a certain extent just going through the motions in this particular investigation.\"</p>",
      "newspaperPageNumber": "20",
      "wordcount": "219",
      "commentable": "false",
      "isPremoderated": "false",
      "lastModified": "2017-06-06T01:42:06Z",
      "newspaperEditionDate": "2004-09-02T00:00:00Z",
      "productionOffice": "UK",
      "publication": "theguardian.com",
      "shortUrl": "https://gu.com/p/845x",
      "shouldHideAdverts": "false",
      "showInRelatedContent": "true",
      "legallySensitive": "false",
      "lang": "en",
      "bodyText": "BT yesterday suffered a double blow from watchdogs over complaints that it had infringed competition rules and run misleading ads. Industry regulator Ofcom said that it was proposing to rule that BT had fallen foul of competition rules over its pricing of residential high-speed internet services more than two years ago. In a separate ruling, the Advertising Standards Authority ruled against BT over ads claiming 750,000 customers had returned to the company since February last year and another implying other companies charged for customer helplines. BT said it had already received two favourable rulings - from previous industry watchdog Oftel and the competition appeals tribunal - on the question of whether it had used anti-competitive pricing for broadband services. \"We will make oral and written returns and we are confident we will win a third time.\" Ofcom said that it had inherited the case from its predecessor and could make no further comment. In a research note, Paul Howard, co-head of European telecoms research at brokers Cazenove, said that in theory BT could be fined up to 10% of turnover if it lost on the competition issue. He added: \"Whilst [Ofcom's] announcement might counter early signs of an improving regulatory environment, we suspect Ofcom is to a certain extent just going through the motions in this particular investigation.\"",
      "charCount": "1363"
    },
    "isHosted": false,
    "pillarId": "pillar/lifestyle",
    "pillarName": "Lifestyle"
  },
  {
    "id": "theguardian/2004/sep/02/theeditorpressreview",
    "type": "article",
    "sectionId": "theguardian",
    "sectionName": "From the Guardian",
    "webPublicationDate": "2004-09-02T01:18:13Z",
    "webTitle": "Press review: Letters of the week",
    "webUrl": "https://www.theguardian.com/theguardian/2004/sep/02/theeditorpressreview",
    "apiUrl": "https://content.guardianapis.com/theguardian/2004/sep/02/theeditorpressreview",
    "fields": {
      "headline": "Letters of the week",
      "trailText": "<b>Press review:</b> It seems rather hard on Sir Mark Thatcher that he should be faced with 15 years in jail if found guilty of supporting an alleged attempt to overthrow the vicious dictator of an oil-rich country who terrorises his people.",
      "main": "",
      "body": "It seems rather hard on Sir Mark Thatcher that he should be faced with 15 years in jail if found guilty of supporting an alleged attempt to overthrow the vicious dictator of an oil-rich country who terrorises his people. Perhaps he should have sought advice from our prime minister on how to proceed. <br> David Russell <b>Times, August 28</b> <p> I thought I would settle down last night and watch some of the ladies' football matches in the Olympics. What a disappointment! The game they played was 20 years out of date. </p> <p>They did not spit every two minutes. They did not dive. They did not fall down whenever they were in the penalty area. They did not feign injury. There was no arguing with the referee. There was no deliberate effort to get an opposing player sent off. There were no amateur-dramatics. There were no really nasty tackles. </p> <p>No, I have to admit that they have a long way to go to catch up with our highly paid professionals. Long may it be so.<br> John Sharkey <b>Independent, August 29</b> </p> <p> President George Bush has been campaigning with the slogan \"Results Matter\". I want to know which results the president is talking about. Osama bin Laden is still at large, terrorism alerts continue on a regular basis (indicating we are no safer than we were before 9/11), our military is stretched thin, our intelligence services remain unreformed, gas prices have reached record highs, and our economy is limping. I can't see any positive results that have come out of the Bush administration since the fall of the Taliban. Results do matter, but the Republicans have failed to produce any good ones.<br> David Michaelson <b>Time, September 6</b> </p> <p> It is time again for the collective breast-beating we indulge in once every four years: \"A billion people, but where, oh where, are their Olympic medals?\" And it is time again to parade the usual suspects: athletes with no commitment to their sport, freeloading officials, politicians masquerading as sports administrators, and the infrastructure that is conspicuously non-existent. </p> <p>These are all valid reasons why a billion Indians contribute little more than ritualistic wailing to the Olympics. But there is yet another, perhaps stronger, reason for our sporting failures - and that is our national disdain for sports other than cricket. As long as Sachin Tendulkar is on the field ... \"God's in His heaven,\" we tell ourselves, \"and all's right with the world.\" </p> <p>As for other sports, well, let them not intrude into this beautiful cricket world, at least not till it is time for us to rediscover them during the Olympics. And by then, if they have reached a stage where even performance-enhancing supplements cannot save them, why, we couldn't care less.<br> L Balagopal <b>Hindu, India, August 31</b> </p> <p>Edvard Munch's painting wouldn't have been stolen if there'd been a Constable either side of it.<br> Chris Walker <b>Daily Mail, August 30</b></p>",
      "newspaperPageNumber": "28",
      "wordcount": "483",
      "commentable": "false",
      "isPremoderated": "false",
      "lastModified": "2004-09-02T01:18:13Z",
      "newspaperEditionDate": "2004-09-02T00:00:00Z",
      "productionOffice": "UK",
      "publication": "theguardian.com",
      "shortUrl": "https://gu.com/p/h2ef",
      "shouldHideAdverts": "false",
      "showInRelatedContent": "true",
      "legallySensitive": "false",
      "lang": "en",
      "bodyText": "It seems rather hard on Sir Mark Thatcher that he should be faced with 15 years in jail if found guilty of supporting an alleged attempt to overthrow the vicious dictator of an oil-rich country who terrorises his people. Perhaps he should have sought advice from our prime minister on how to proceed. David Russell Times, August 28 I thought I would settle down last night and watch some of the ladies' football matches in the Olympics. What a disappointment! The game they played was 20 years out of date. They did not spit every two minutes. They did not dive. They did not fall down whenever they were in the penalty area. They did not feign injury. There was no arguing with the referee. There was no deliberate effort to get an opposing player sent off. There were no amateur-dramatics. There were no really nasty tackles. No, I have to admit that they have a long way to go to catch up with our highly paid professionals. Long may it be so. John Sharkey Independent, August 29 President George Bush has been campaigning with the slogan \"Results Matter\". I want to know which results the president is talking about. Osama bin Laden is still at large, terrorism alerts continue on a regular basis (indicating we are no safer than we were before 9/11), our military is stretched thin, our intelligence services remain unreformed, gas prices have reached record highs, and our economy is limping. I can't see any positive results that have come out of the Bush administration since the fall of the Taliban. Results do matter, but the Republicans have failed to produce any good ones. David Michaelson Time, September 6 It is time again for the collective breast-beating we indulge in once every four years: \"A billion people, but where, oh where, are their Olympic medals?\" And it is time again to parade the usual suspects: athletes with no commitment to their sport, freeloading officials, politicians masquerading as sports administrators, and the infrastructure that is conspicuously non-existent. These are all valid reasons why a billion Indians contribute little more than ritualistic wailing to the Olympics. But there is yet another, perhaps stronger, reason for our sporting failures - and that is our national disdain for sports other than cricket. As long as Sachin Tendulkar is on the field ... \"God's in His heaven,\" we tell ourselves, \"and all's right with the world.\" As for other sports, well, let them not intrude into this beautiful cricket world, at least not till it is time for us to rediscover them during the Olympics. And by then, if they have reached a stage where even performance-enhancing supplements cannot save them, why, we couldn't care less. L Balagopal Hindu, India, August 31 Edvard Munch's painting wouldn't have been stolen if there'd been a Constable either side of it. Chris Walker Daily Mail, August 30",
      "charCount": "2845"
    },
    "isHosted": false,
    "pillarId": "pillar/news",
    "pillarName": "News"
  },
  {
    "id": "business/2004/sep/02/oilandpetrol.news",
    "type": "article",
    "sectionId": "business",
    "sectionName": "Business",
    "webPublicationDate": "2004-09-02T01:18:02Z",
    "webTitle": "Kuwait sells Q8 petrol stations",
    "webUrl": "https://www.theguardian.com/business/2004/sep/02/oilandpetrol.news",
    "apiUrl": "https://content.guardianapis.com/business/2004/sep/02/oilandpetrol.news",
    "fields": {
      "headline": "Kuwait sells Q8 petrol stations",
      "trailText": "<p>The state-run Kuwait Petroleum Corp has sold 75 Q8-branded petrol stations in Britain to a private UK-based company, Malthurst, a senior oil official said yesterday. </p>",
      "byline": "Reuters",
      "main": "",
      "body": "<p>The state-run Kuwait Petroleum Corp has sold 75 Q8-branded petrol stations in Britain to a private UK-based company, Malthurst, a senior oil official said yesterday. </p> <p>Jamal al-Nouri, who heads KPC unit Kuwait Petroleum International, which is also called Q8, told the state news agency Kuna that the deal covers the stations run by its subsidiary Kuwait Petroleum Great Britain. </p> <p>He did not specify the value of the deal. </p> <p>KPGB was established in 1986, when KPC ventured into the British market. It has worked on building its own petrol stations and buying other companies. </p> <p>Mr Nouri, who is also the chairman and managing director of KPC Holdings Europe, said the buyer already owns and operates 110 petrol stations in Britain. </p> <p>\"The deal will help Malthurst... to boost its stake in the British retail market and to raise its affiliated gas stations in the market to 250,\" Mr Nouri said. </p> <p>He added that the deal included assets of his company in the British market, such as the petrol and diesel filling stations as well as wholesale operations. </p> <p>But the transaction does not cover Q8 Aviation jet fuel sales operations, which serve Heathrow, Gatwick, Stansted and Manchester.</p>",
      "newspaperPageNumber": "21",
      "wordcount": "194",
      "commentable": "false",
      "isPremoderated": "false",
      "lastModified": "2004-09-02T01:18:02Z",
      "newspaperEditionDate": "2004-09-02T00:00:00Z",
      "productionOffice": "UK",
      "publication": "theguardian.com",
      "shortUrl": "https://gu.com/p/845e",
      "shouldHideAdverts": "false",
      "showInRelatedContent": "true",
      "legallySensitive": "false",
      "lang": "en",
      "bodyText": "The state-run Kuwait Petroleum Corp has sold 75 Q8-branded petrol stations in Britain to a private UK-based company, Malthurst, a senior oil official said yesterday. Jamal al-Nouri, who heads KPC unit Kuwait Petroleum International, which is also called Q8, told the state news agency Kuna that the deal covers the stations run by its subsidiary Kuwait Petroleum Great Britain. He did not specify the value of the deal. KPGB was established in 1986, when KPC ventured into the British market. It has worked on building its own petrol stations and buying other companies. Mr Nouri, who is also the chairman and managing director of KPC Holdings Europe, said the buyer already owns and operates 110 petrol stations in Britain. \"The deal will help Malthurst... to boost its stake in the British retail market and to raise its affiliated gas stations in the market to 250,\" Mr Nouri said. He added that the deal included assets of his company in the British market, such as the petrol and diesel filling stations as well as wholesale operations. But the transaction does not cover Q8 Aviation jet fuel sales operations, which serve Heathrow, Gatwick, Stansted and Manchester.",
      "charCount": "1171"
    },
    "isHosted": false,
    "pillarId": "pillar/news",
    "pillarName": "News"
  },
  {
    "id": "business/2004/sep/02/housingmarket.interestrates",
    "type": "article",
    "sectionId": "business",
    "sectionName": "Business",
    "webPublicationDate": "2004-09-02T01:18:00Z",
    "webTitle": "Interest rates start to bite as house price growth slows",
    "webUrl": "https://www.theguardian.com/business/2004/sep/02/housingmarket.interestrates",
    "apiUrl": "https://content.guardianapis.com/business/2004/sep/02/housingmarket.interestrates",
    "fields": {
      "headline": "Interest rates start to bite as house price growth slows to three-year low",
      "trailText": "<p>House prices grew by just 0.1% in August, their weakest in almost three years, the Nationwide said yesterday, providing further evidence that the house price boom has hit the buffers.</p>",
      "byline": "Ashley Seager",
      "main": "",
      "body": "<p>House prices grew by just 0.1% in August, their weakest in almost three years, the Nationwide said yesterday, providing further evidence that the house price boom has hit the buffers.</p> <p>The rise was a fraction of the 2.1% increase the building society had reported for July and brings the annual rate of inflation down to 18.9%, the slowest since April, from 20.3%. </p> <p>After Bank of England figures on Tuesday which showed mortgage approvals in July at their lowest level for 16 months, the Nationwide said it felt that five interest rate rises since November, to 4.75%, had slowed the market. Nationwide chief economist Alex Bannister said: \"While we don't expect agreed prices to decline, the trend in price growth is expected to remain on a weaker path for the rest of the year.\" </p> <p>He predicted prices would rise 15% overall this year. With prices up 11.7% so far, that implied average monthly growth of 0.6% over the rest of the year. </p> <p>He said that slowing income growth, a downgrading of buyers' expectations of future price rises and weaker demand for buy-to-let property had all played a role in the change of mood in the market. The recent rise in petrol prices, the Nationwide has calculated, is the equivalent of a quarter-point interest rate rise. </p> <p>Last night, US light crude closed $1.88 higher at $44 a barrel after American oil stocks were shown to be at a five-month low. </p> <p>The Bank of England is expected by the City to add at most one or two more quarter-point rises to interest rates in the coming months, meaning they would peak at a lower level than in previous cycles. </p> <p>House prices have more than doubled over the past seven years in response to rising incomes, falling interest rates and lower unemployment. Experts are agreed that prices are substantially overvalued, but divided as to whether they are in for a long period of sluggishness or a sharp fall. </p> <p>\"Nationwide has finally begun to recognise the steady cooling in the housing market which has been taking place since spring,\" said Russell Jervis of Haart estate agents. </p> <p>\"Data from across our network shows that sellers are now seeing in excess of 5% being knocked off asking prices compared with only a 1% reduction three months ago,\" he added. </p> <p>Separately, a survey of the UK manufacturing sector from the Chartered Institute of Purchasing and Supply came in surprisingly weak. </p> <p>The CIPS purchasing managers' index fell to 53.1 in August from 56.0 in July. While most segments of the report were still showing expansion, export orders declined for the first time in two years. </p> <p>Economists said this might reflect the strength of the pound or a slowdown in export markets, but cautioned that the CIPS survey had been out of line with strong official data for some time and conflicted with a strong CBI survey for August, published last week. </p> <p>The CIPS gloom was echoed by a similar survey for the eurozone, which showed a fall to 53.9 from 54.7 in July and suggesting the 12-nation bloc may be running out of momentum. </p> <p>There was also a drop in the US's Institute of Supply Management's manufacturing index to 59.0 from 62.0. Economists increasingly expect the US Federal Reserve to refrain from raising interest rates again when it meets later this month.</p>",
      "newspaperPageNumber": "20",
      "wordcount": "567",
      "commentable": "false",
      "isPremoderated": "false",
      "lastModified": "2017-09-20T21:46:16Z",
      "newspaperEditionDate": "2004-09-02T00:00:00Z",
      "productionOffice": "UK",
      "publication": "theguardian.com",
      "shortUrl": "https://gu.com/p/8454",
      "shouldHideAdverts": "false",
      "showInRelatedContent": "true",
      "legallySensitive": "false",
      "lang": "en",
      "bodyText": "House prices grew by just 0.1% in August, their weakest in almost three years, the Nationwide said yesterday, providing further evidence that the house price boom has hit the buffers. The rise was a fraction of the 2.1% increase the building society had reported for July and brings the annual rate of inflation down to 18.9%, the slowest since April, from 20.3%. After Bank of England figures on Tuesday which showed mortgage approvals in July at their lowest level for 16 months, the Nationwide said it felt that five interest rate rises since November, to 4.75%, had slowed the market. Nationwide chief economist Alex Bannister said: \"While we don't expect agreed prices to decline, the trend in price growth is expected to remain on a weaker path for the rest of the year.\" He predicted prices would rise 15% overall this year. With prices up 11.7% so far, that implied average monthly growth of 0.6% over the rest of the year. He said that slowing income growth, a downgrading of buyers' expectations of future price rises and weaker demand for buy-to-let property had all played a role in the change of mood in the market. The recent rise in petrol prices, the Nationwide has calculated, is the equivalent of a quarter-point interest rate rise. Last night, US light crude closed $1.88 higher at $44 a barrel after American oil stocks were shown to be at a five-month low. The Bank of England is expected by the City to add at most one or two more quarter-point rises to interest rates in the coming months, meaning they would peak at a lower level than in previous cycles. House prices have more than doubled over the past seven years in response to rising incomes, falling interest rates and lower unemployment. Experts are agreed that prices are substantially overvalued, but divided as to whether they are in for a long period of sluggishness or a sharp fall. \"Nationwide has finally begun to recognise the steady cooling in the housing market which has been taking place since spring,\" said Russell Jervis of Haart estate agents. \"Data from across our network shows that sellers are now seeing in excess of 5% being knocked off asking prices compared with only a 1% reduction three months ago,\" he added. Separately, a survey of the UK manufacturing sector from the Chartered Institute of Purchasing and Supply came in surprisingly weak. The CIPS purchasing managers' index fell to 53.1 in August from 56.0 in July. While most segments of the report were still showing expansion, export orders declined for the first time in two years. Economists said this might reflect the strength of the pound or a slowdown in export markets, but cautioned that the CIPS survey had been out of line with strong official data for some time and conflicted with a strong CBI survey for August, published last week. The CIPS gloom was echoed by a similar survey for the eurozone, which showed a fall to 53.9 from 54.7 in July and suggesting the 12-nation bloc may be running out of momentum. There was also a drop in the US's Institute of Supply Management's manufacturing index to 59.0 from 62.0. Economists increasingly expect the US Federal Reserve to refrain from raising interest rates again when it meets later this month.",
      "charCount": "3221"
    },
    "isHosted": false,
    "pillarId": "pillar/news",
    "pillarName": "News"
  }
]