[
  {
    "id": "business/2004/jan/06/useconomy.usnews",
    "type": "article",
    "sectionId": "business",
    "sectionName": "Business",
    "webPublicationDate": "2004-01-06T14:32:07Z",
    "webTitle": "'The best recovery money can buy'",
    "webUrl": "https://www.theguardian.com/business/2004/jan/06/useconomy.usnews",
    "apiUrl": "https://content.guardianapis.com/business/2004/jan/06/useconomy.usnews",
    "fields": {
      "headline": "'The best recovery money can buy'",
      "standfirst": "The US economy is roaring, but its success is ill-founded and potentially bad news for everyone else, writes William Keegan",
      "trailText": "<p>The US economy is roaring, but its success is ill-founded and potentially bad news for everyone else, writes <strong>William Keegan</strong>.</p>",
      "byline": "William Keegan",
      "main": "",
      "body": "<p>Now you have it. The dollar is in free fall, but it's good for General Motors and it's good for the US - especially for the Bush administration during election year. </p> <p>To borrow a phrase from the Nixon administration of the early 1970s, US policy towards the dollar is one of benign neglect, benign for the US economy but potentially very malign for the eurozone. </p> <p>First, however, let us set the record straight. Back on January 15 1953, Charles Wilson, then-president of General Motors, appeared before the Senate armed services committee to give testimony on his proposed nomination for secretary of defence. </p> <p>His precise words were: \"For years I thought what was good for our country was good for General Motors and vice versa. The difference did not exist. Our company is too big. It goes with the welfare of the country.\"</p> <p>Wilson was president of General Motors from 1941 to 1953, before becoming secretary of defence under President Dwight Eisenhower. The 1950s was the decade when much was made of the \"military industrial complex\" in the US, and how close the ties were between Washington, military spending and big business. Plus \u00e7a change. </p> <p>Let us now move forward 5l years from Charles Wilson to the present chairman, Rick Wagoner. Last month, Mr Wagoner said the drop in the dollar was \"a big plus\" for GM. Earlier this week, he welcomed the further weakness in the US currency as a boost to sales, via increased US competitiveness against Japanese and European rivals.</p> <p>Now, we all know the importance of the price mechanism in the market economy, but some prices are more important than others. The key \"macro\" prices are the rate of interest and the rate of exchange. </p> <p>When the British pound was last at $1.80 - which it hit this week - the exchange rate proved too high for the competitiveness of many British businesses. Yet the Conservative government under John Major briefly raised interest rates to 12% (with a threat to lift them further to 15%) in order to keep sterling within the European exchange rate mechanism. </p> <p>The combination of an overvalued pound and extortionately high interest rates was crippling and the policy collapsed. The British economy then embarked on a long period of expansion, fuelled by a lower exchange rate and much lower interest rates. The current accommodative economic policy in the US makes what we experienced in Britain after sterling's fall look like a vicar's tea party. </p> <p>Interest rates are negligible and the Federal Reserve intends to keep them that way as long as possible. Lax fiscal policy - tax cuts - and extreme monetary stimulus mean that, in the words of retired IMF chief economist, Kenneth Rogoff, the US is enjoying \"the best economic recovery money can buy\". On top of that, the dollar is doing wonders for General Motors. </p> <p>Is it all too good to be true? Presumably the Democrats hope so. One possible cloud on the horizon is that falling inflows of foreign, mainly East Asian funds into the US may force a rise in interest rates in the run-up to the election. Another is that the oil producing exporting countries (Opec) may get fed up with the decline in the value of their dollar earnings and push up the price of oil. That was the trigger point for the first oil shock of the 1970s).</p> <p>But for the moment George Bush is riding high on an economic revival that everyone knows means trouble via the twin budget and trade deficits in the medium term. As for the fiscal stimulus, more and more commentators are noticing that it is not just tax cuts that are boosting the US economy but vast increases in military - or, in the case of lucrative contracts in Iraq, militarily-induced - spending. That 1950s-style military industrial complex is back. </p> <p>Yet it was Eisenhower himself who cautioned back in 1953: \"Every gun that is made, every rocket fired signifies, in the final sense, a theft from those who hunger and are not fed, those who are cold and not clothed.\" Happy new year. </p> <p><strong>\u00b7</strong> William Keegan is the Observer's senior economics commentator</p>",
      "wordcount": "693",
      "commentable": "false",
      "isPremoderated": "false",
      "lastModified": "2017-07-15T03:37:48Z",
      "newspaperEditionDate": "2004-01-06T00:00:00Z",
      "productionOffice": "UK",
      "publication": "theguardian.com",
      "shortUrl": "https://gu.com/p/7ax6",
      "shouldHideAdverts": "false",
      "showInRelatedContent": "true",
      "legallySensitive": "false",
      "lang": "en",
      "bodyText": "Now you have it. The dollar is in free fall, but it's good for General Motors and it's good for the US - especially for the Bush administration during election year. To borrow a phrase from the Nixon administration of the early 1970s, US policy towards the dollar is one of benign neglect, benign for the US economy but potentially very malign for the eurozone. First, however, let us set the record straight. Back on January 15 1953, Charles Wilson, then-president of General Motors, appeared before the Senate armed services committee to give testimony on his proposed nomination for secretary of defence. His precise words were: \"For years I thought what was good for our country was good for General Motors and vice versa. The difference did not exist. Our company is too big. It goes with the welfare of the country.\" Wilson was president of General Motors from 1941 to 1953, before becoming secretary of defence under President Dwight Eisenhower. The 1950s was the decade when much was made of the \"military industrial complex\" in the US, and how close the ties were between Washington, military spending and big business. Plus \u00e7a change. Let us now move forward 5l years from Charles Wilson to the present chairman, Rick Wagoner. Last month, Mr Wagoner said the drop in the dollar was \"a big plus\" for GM. Earlier this week, he welcomed the further weakness in the US currency as a boost to sales, via increased US competitiveness against Japanese and European rivals. Now, we all know the importance of the price mechanism in the market economy, but some prices are more important than others. The key \"macro\" prices are the rate of interest and the rate of exchange. When the British pound was last at $1.80 - which it hit this week - the exchange rate proved too high for the competitiveness of many British businesses. Yet the Conservative government under John Major briefly raised interest rates to 12% (with a threat to lift them further to 15%) in order to keep sterling within the European exchange rate mechanism. The combination of an overvalued pound and extortionately high interest rates was crippling and the policy collapsed. The British economy then embarked on a long period of expansion, fuelled by a lower exchange rate and much lower interest rates. The current accommodative economic policy in the US makes what we experienced in Britain after sterling's fall look like a vicar's tea party. Interest rates are negligible and the Federal Reserve intends to keep them that way as long as possible. Lax fiscal policy - tax cuts - and extreme monetary stimulus mean that, in the words of retired IMF chief economist, Kenneth Rogoff, the US is enjoying \"the best economic recovery money can buy\". On top of that, the dollar is doing wonders for General Motors. Is it all too good to be true? Presumably the Democrats hope so. One possible cloud on the horizon is that falling inflows of foreign, mainly East Asian funds into the US may force a rise in interest rates in the run-up to the election. Another is that the oil producing exporting countries (Opec) may get fed up with the decline in the value of their dollar earnings and push up the price of oil. That was the trigger point for the first oil shock of the 1970s). But for the moment George Bush is riding high on an economic revival that everyone knows means trouble via the twin budget and trade deficits in the medium term. As for the fiscal stimulus, more and more commentators are noticing that it is not just tax cuts that are boosting the US economy but vast increases in military - or, in the case of lucrative contracts in Iraq, militarily-induced - spending. That 1950s-style military industrial complex is back. Yet it was Eisenhower himself who cautioned back in 1953: \"Every gun that is made, every rocket fired signifies, in the final sense, a theft from those who hunger and are not fed, those who are cold and not clothed.\" Happy new year. \u00b7 William Keegan is the Observer's senior economics commentator",
      "charCount": "4003"
    },
    "isHosted": false,
    "pillarId": "pillar/news",
    "pillarName": "News"
  },
  {
    "id": "world/2004/jan/06/eu.politics",
    "type": "article",
    "sectionId": "world",
    "sectionName": "World news",
    "webPublicationDate": "2004-01-06T14:18:10Z",
    "webTitle": "Fury at UKIP letter bomb jibe",
    "webUrl": "https://www.theguardian.com/world/2004/jan/06/eu.politics",
    "apiUrl": "https://content.guardianapis.com/world/2004/jan/06/eu.politics",
    "fields": {
      "headline": "Fury at UKIP letter bomb jibe",
      "trailText": "Anti-EU campaigners today sparked fury by describing a letter bomb campaign as 'the price of forcing a political idea on people'.",
      "byline": "Press Association",
      "main": "",
      "body": "Anti-EU campaigners today sparked fury by describing a letter bomb campaign as \"the price of forcing a political idea on people\". <p>The UK Independence party (UKIP) said it \"deplored\" the attacks on EU officials, but could \"understand the reasons behind them\". </p> <p>The statement was branded \"despicable\" by British MEP Gary Titley, one of those targeted. </p> <p>His wife Charo narrowly escaped injury when she opened the packet at his Greater Manchester office on Monday. </p> <p>Mr Titley, leader of the Labour group in the European parliament, said the UKIP's stance made it unelectable. </p> <p>\"The party that makes excuses for would-be murderers in the middle of a terrorist campaign against the European parliament deserves to be shunned by all democrats,\" he said. </p> <p>The UKIP said on its website: \"The spate of letter bombs sent to leading European Union politicians were the price of forcing a political ideal on people without giving them a choice.\" </p> <p>It quoted UKIP MEP Nigel Farage warning that the attacks would increase unless the EU \"listens\". </p> <p>He said: \"We have spent 10 years warning that the route the European Union has chosen for itself, to swallow up nation states without giving the people of Europe the final say, was destined to end in civil unrest and violence. </p> <p>\"It would appear that that prediction is now coming true. </p> <p>\"We can only hope that the EU comes to its senses and listens to the people. </p> <p>\"If it fails to do so, then there is clearly a very real danger of an accelerating wave of attacks as more and more extremist groups resort to violence as they are denied democracy.\"</p>",
      "wordcount": "268",
      "commentable": "false",
      "isPremoderated": "false",
      "lastModified": "2017-05-08T07:32:00Z",
      "newspaperEditionDate": "2004-01-06T00:00:00Z",
      "productionOffice": "UK",
      "publication": "theguardian.com",
      "shortUrl": "https://gu.com/p/jcx8",
      "shouldHideAdverts": "false",
      "showInRelatedContent": "true",
      "legallySensitive": "false",
      "lang": "en",
      "bodyText": "Anti-EU campaigners today sparked fury by describing a letter bomb campaign as \"the price of forcing a political idea on people\". The UK Independence party (UKIP) said it \"deplored\" the attacks on EU officials, but could \"understand the reasons behind them\". The statement was branded \"despicable\" by British MEP Gary Titley, one of those targeted. His wife Charo narrowly escaped injury when she opened the packet at his Greater Manchester office on Monday. Mr Titley, leader of the Labour group in the European parliament, said the UKIP's stance made it unelectable. \"The party that makes excuses for would-be murderers in the middle of a terrorist campaign against the European parliament deserves to be shunned by all democrats,\" he said. The UKIP said on its website: \"The spate of letter bombs sent to leading European Union politicians were the price of forcing a political ideal on people without giving them a choice.\" It quoted UKIP MEP Nigel Farage warning that the attacks would increase unless the EU \"listens\". He said: \"We have spent 10 years warning that the route the European Union has chosen for itself, to swallow up nation states without giving the people of Europe the final say, was destined to end in civil unrest and violence. \"It would appear that that prediction is now coming true. \"We can only hope that the EU comes to its senses and listens to the people. \"If it fails to do so, then there is clearly a very real danger of an accelerating wave of attacks as more and more extremist groups resort to violence as they are denied democracy.\"",
      "charCount": "1569"
    },
    "isHosted": false,
    "pillarId": "pillar/news",
    "pillarName": "News"
  },
  {
    "id": "business/2004/jan/06/housingmarket.houseprices",
    "type": "article",
    "sectionId": "business",
    "sectionName": "Business",
    "webPublicationDate": "2004-01-06T13:33:38Z",
    "webTitle": "Gains for northern homeowners in 2003",
    "webUrl": "https://www.theguardian.com/business/2004/jan/06/housingmarket.houseprices",
    "apiUrl": "https://content.guardianapis.com/business/2004/jan/06/housingmarket.houseprices",
    "fields": {
      "headline": "Gains for northern homeowners in 2003",
      "trailText": "<p>House prices rose by 33.7% in the north of England during 2003, more than twice the national average increase of 15.4%, according to the Halifax house price index, published today.</p>",
      "byline": "Sandra Haurant and Press Association",
      "main": "",
      "body": "<p>House prices rose by 33.7% in the north of England during 2003, more than twice the national average increase of 15.4%, according to the Halifax house price index, published today.</p> <p>Prices in East Anglia increased by 14.6% on average, compared with 8.6% in London, 6.7% in the south-west and just 5.8% in the south-east. </p> <p>In 80% of the UK towns analysed by Halifax, average house prices now stand at more than \u00a3100,000. </p> <p>Shane O'Riordain, group economics general manager at Halifax, said: \"House prices grew by 1.8% during December and ended 2003 just over 15% higher than the previous year. The housing market is undoubtedly strong, but there are clear signs that it will continue to slow down naturally as the impact of higher interest rates and a reduction in the number of first-time buyers entering the market continues to kick in.\" </p> <p>The number of first-time buyers entering the market is currently at the lowest level seen since 1974. According to the Council of Mortgage Lenders (CML), only 330,540 homebuyers got a foot on the property ladder for the first time in the first 11 months of 2003, compared to 526,300 throughout 2002.</p> <p>Halifax forecasts that house price inflation will continue to increase in 2004, but expects increases to slow to 8%. </p> <p>Nationwide Building Society is forecasting house price inflation of 9% for 2004, although it expects most of the growth to come during the early part of the year, before rising mortgage rates and slow income growth dampen confidence. </p> <p>It expects rises of between 0% and 5% in south-eastern regions, around 10% in the Midlands and 15% in northern areas. </p> <p>John Wriglesworth, economist for property website Hometrack, is predicting much slower growth of just 4%, although he said the market would continue to be supported by a shortage of homes for sale. </p> <p>David Bitner, head of product operations at the MarketPlace at Bradford and Bingley, is expecting price growth of around 6%. He said: \"Property prices will continue to rise but we are looking at a slight reduction in transactions next year as people have second thoughts about buying while values remain at such high levels.\"</p>",
      "wordcount": "366",
      "commentable": "false",
      "isPremoderated": "false",
      "lastModified": "2017-09-20T21:47:20Z",
      "newspaperEditionDate": "2004-01-06T00:00:00Z",
      "productionOffice": "UK",
      "publication": "theguardian.com",
      "shortUrl": "https://gu.com/p/7avk",
      "shouldHideAdverts": "false",
      "showInRelatedContent": "true",
      "legallySensitive": "false",
      "lang": "en",
      "bodyText": "House prices rose by 33.7% in the north of England during 2003, more than twice the national average increase of 15.4%, according to the Halifax house price index, published today. Prices in East Anglia increased by 14.6% on average, compared with 8.6% in London, 6.7% in the south-west and just 5.8% in the south-east. In 80% of the UK towns analysed by Halifax, average house prices now stand at more than \u00a3100,000. Shane O'Riordain, group economics general manager at Halifax, said: \"House prices grew by 1.8% during December and ended 2003 just over 15% higher than the previous year. The housing market is undoubtedly strong, but there are clear signs that it will continue to slow down naturally as the impact of higher interest rates and a reduction in the number of first-time buyers entering the market continues to kick in.\" The number of first-time buyers entering the market is currently at the lowest level seen since 1974. According to the Council of Mortgage Lenders (CML), only 330,540 homebuyers got a foot on the property ladder for the first time in the first 11 months of 2003, compared to 526,300 throughout 2002. Halifax forecasts that house price inflation will continue to increase in 2004, but expects increases to slow to 8%. Nationwide Building Society is forecasting house price inflation of 9% for 2004, although it expects most of the growth to come during the early part of the year, before rising mortgage rates and slow income growth dampen confidence. It expects rises of between 0% and 5% in south-eastern regions, around 10% in the Midlands and 15% in northern areas. John Wriglesworth, economist for property website Hometrack, is predicting much slower growth of just 4%, although he said the market would continue to be supported by a shortage of homes for sale. David Bitner, head of product operations at the MarketPlace at Bradford and Bingley, is expecting price growth of around 6%. He said: \"Property prices will continue to rise but we are looking at a slight reduction in transactions next year as people have second thoughts about buying while values remain at such high levels.\"",
      "charCount": "2127"
    },
    "isHosted": false,
    "pillarId": "pillar/news",
    "pillarName": "News"
  },
  {
    "id": "business/2004/jan/06/unilever",
    "type": "article",
    "sectionId": "business",
    "sectionName": "Business",
    "webPublicationDate": "2004-01-06T02:19:46Z",
    "webTitle": "Business news in brief",
    "webUrl": "https://www.theguardian.com/business/2004/jan/06/unilever",
    "apiUrl": "https://content.guardianapis.com/business/2004/jan/06/unilever",
    "fields": {
      "headline": "In brief",
      "trailText": "<p>500 jobs go as plant sale fails | Amstrad cuts e-m@iler price | Construction upturn | Unilever retirement.</p>",
      "main": "",
      "body": "<p><strong>500 jobs go as plant sale fails</strong><br> </p> <p>About 500 workers producing frozen desserts for food company Sara Lee lost their jobs yesterday after attempts to sell their Yorkshire factory, owned by Hibernia Foods, which went into administration in October, ended in failure. There was better news for 400 workers at Hibernia's Stockton-on-Tees factory which was sold to Country Style Foods.</p> <p><strong>Amstrad cuts e-m@iler price</strong><br> </p> <p>Amstrad has cut the price of its e-m@iler telephone-with-a-screen to attract new subscribers. It now costs \u00a329.99, down from \u00a349.99. </p> <p>Sales of the low-cost telephone-based email system, which was initially viewed with scepticism when it was introduced in 2000, have picked up in recent months and Amstrad said yesterday it expected the product to record its first profit this year.</p> <p><strong>Construction upturn</strong><br> </p> <p>The construction sector expanded further in December despite a slowdown in house price growth in the south-east of England, industry data showed yesterday. The rate of construction in the UK slowed slightly from a two-year high in November but still registered its 59th consecutive month of growth, according to the Chartered Institute of Purchasing and Supply.</p> <p><strong>Unilever retirement</strong><br> </p> <p>Food group Unilever said yesterday that Charles Strauss would be retiring from its management board after the annual meeting on May 12. Mr Strauss, 61, is currently president, home and personal care North America, and chairman of the North American committee.</p>",
      "newspaperPageNumber": "20",
      "wordcount": "229",
      "commentable": "false",
      "isPremoderated": "false",
      "lastModified": "2004-01-06T02:19:46Z",
      "newspaperEditionDate": "2004-01-06T00:00:00Z",
      "productionOffice": "UK",
      "publication": "theguardian.com",
      "shortUrl": "https://gu.com/p/79pk",
      "shouldHideAdverts": "false",
      "showInRelatedContent": "true",
      "legallySensitive": "false",
      "lang": "en",
      "bodyText": "500 jobs go as plant sale fails About 500 workers producing frozen desserts for food company Sara Lee lost their jobs yesterday after attempts to sell their Yorkshire factory, owned by Hibernia Foods, which went into administration in October, ended in failure. There was better news for 400 workers at Hibernia's Stockton-on-Tees factory which was sold to Country Style Foods. Amstrad cuts e-m@iler price Amstrad has cut the price of its e-m@iler telephone-with-a-screen to attract new subscribers. It now costs \u00a329.99, down from \u00a349.99. Sales of the low-cost telephone-based email system, which was initially viewed with scepticism when it was introduced in 2000, have picked up in recent months and Amstrad said yesterday it expected the product to record its first profit this year. Construction upturn The construction sector expanded further in December despite a slowdown in house price growth in the south-east of England, industry data showed yesterday. The rate of construction in the UK slowed slightly from a two-year high in November but still registered its 59th consecutive month of growth, according to the Chartered Institute of Purchasing and Supply. Unilever retirement Food group Unilever said yesterday that Charles Strauss would be retiring from its management board after the annual meeting on May 12. Mr Strauss, 61, is currently president, home and personal care North America, and chairman of the North American committee.",
      "charCount": "1448"
    },
    "isHosted": false,
    "pillarId": "pillar/news",
    "pillarName": "News"
  },
  {
    "id": "education/2004/jan/06/highereducation.careers",
    "type": "article",
    "sectionId": "education",
    "sectionName": "Education",
    "webPublicationDate": "2004-01-06T01:34:17Z",
    "webTitle": "Priced out of the market",
    "webUrl": "https://www.theguardian.com/education/2004/jan/06/highereducation.careers",
    "apiUrl": "https://content.guardianapis.com/education/2004/jan/06/highereducation.careers",
    "fields": {
      "headline": "Priced out of the market",
      "standfirst": "My university department isn't going to charge the full \u00a33,000 top-up fee and I'm worried this makes me look inferior and will damage my prospects. What shall I do?",
      "trailText": "<p>My university department isn't going to charge the full \u00a33,000 top-up fee and I'm worried this makes me look inferior and will damage my prospects. What shall I do?</p>",
      "main": "",
      "body": "<p>There's no soft-soaping this one. Of course you will look inferior and of course your career prospects will be damaged. Things shouldn't get so bad that you lose your job, but you can kiss goodbye to those all-expenses-paid trips to symposia abroad: it's a cup of coffee and a chat at the M4 Travelodge outside Swindon for you from now on. </p> <p>Make no mistake, the introduction of top-up fees means higher education is entering a bold new world of free-market economics. Now, I know and you know there always has been a university pecking order, but while no one had to pay for their education, it was possible to pretend that everyone was equal. But top-up fees will put an end to that: the only reason your department isn't charging the full whack is because it can't. The only way it will get bums on seats is to offer a discount to the punters - and that means your course is at the bargain basement, soiled seconds, end of the market. </p> <p>Let's face it. Your university is selling you off cheap and the students you will end up with are either too poor to afford a better course or too stupid to get on one. And on either count that makes them second-class citizens in Blairtopia. I don't have to point out what that makes you. But I will anyway. </p> <p>So what are your options? I expect you've already applied for jobs in other, more expensive university departments and been turned down. I can't say I'm surprised. Many of the better departments have been inundated with applications, as academics like you see the writing on the wall. </p> <p>Because it's not just your status and esteem that's at stake. Once a proper market has been created, there will be a free-for-all on academic pay, and fraternity and union solidarity will soon be a distant memory. As soon as some academics realise they're in a \u00a33,000 department, they'll be arguing for more money than you. And they will get it. So the best you can look forward to is an indefinite pay freeze while others hotfoot it down to Dixons to snap up a plasma screen TV. </p> <p>If you do decide to continue looking for a job in another university department, be very careful in your choices. Remember: \u00a33,000 is just the thin end of the wedge. You know what Labour promises are worth (we won't introduce top-up fees, Ken Livingstone is a baddy, etc etc)? Exactly. Don't imagine that the freeze on \u00a33,000 will last longer than it takes to shuffle the white paper in parliament. By this time next year it will be \u00a35,000, two years later \u00a38,000 and then the sky's the limit. So you don't want to find yourself in a \u00a33,000 department when the going rate is \u00a310,000. </p> <p>I'm afraid it's time for tough love. Get out of higher education. Sign up for a different degree at an elite university while you still can without being stiffed for fees and find yourself another job. </p> <p><strong>\u00b7 </strong>Send your problem to <a href=\"mailto:education@theguardian.com\">education@theguardian.com</a> marked Career Doctor</p>",
      "newspaperPageNumber": "52",
      "wordcount": "524",
      "commentable": "false",
      "isPremoderated": "false",
      "lastModified": "2004-01-06T01:34:17Z",
      "newspaperEditionDate": "2004-01-06T00:00:00Z",
      "productionOffice": "UK",
      "publication": "theguardian.com",
      "shortUrl": "https://gu.com/p/xg6bc",
      "shouldHideAdverts": "false",
      "showInRelatedContent": "true",
      "legallySensitive": "false",
      "lang": "en",
      "bodyText": "There's no soft-soaping this one. Of course you will look inferior and of course your career prospects will be damaged. Things shouldn't get so bad that you lose your job, but you can kiss goodbye to those all-expenses-paid trips to symposia abroad: it's a cup of coffee and a chat at the M4 Travelodge outside Swindon for you from now on. Make no mistake, the introduction of top-up fees means higher education is entering a bold new world of free-market economics. Now, I know and you know there always has been a university pecking order, but while no one had to pay for their education, it was possible to pretend that everyone was equal. But top-up fees will put an end to that: the only reason your department isn't charging the full whack is because it can't. The only way it will get bums on seats is to offer a discount to the punters - and that means your course is at the bargain basement, soiled seconds, end of the market. Let's face it. Your university is selling you off cheap and the students you will end up with are either too poor to afford a better course or too stupid to get on one. And on either count that makes them second-class citizens in Blairtopia. I don't have to point out what that makes you. But I will anyway. So what are your options? I expect you've already applied for jobs in other, more expensive university departments and been turned down. I can't say I'm surprised. Many of the better departments have been inundated with applications, as academics like you see the writing on the wall. Because it's not just your status and esteem that's at stake. Once a proper market has been created, there will be a free-for-all on academic pay, and fraternity and union solidarity will soon be a distant memory. As soon as some academics realise they're in a \u00a33,000 department, they'll be arguing for more money than you. And they will get it. So the best you can look forward to is an indefinite pay freeze while others hotfoot it down to Dixons to snap up a plasma screen TV. If you do decide to continue looking for a job in another university department, be very careful in your choices. Remember: \u00a33,000 is just the thin end of the wedge. You know what Labour promises are worth (we won't introduce top-up fees, Ken Livingstone is a baddy, etc etc)? Exactly. Don't imagine that the freeze on \u00a33,000 will last longer than it takes to shuffle the white paper in parliament. By this time next year it will be \u00a35,000, two years later \u00a38,000 and then the sky's the limit. So you don't want to find yourself in a \u00a33,000 department when the going rate is \u00a310,000. I'm afraid it's time for tough love. Get out of higher education. Sign up for a different degree at an elite university while you still can without being stiffed for fees and find yourself another job. \u00b7 Send your problem to education@theguardian.com marked Career Doctor",
      "charCount": "2864"
    },
    "isHosted": false,
    "pillarId": "pillar/news",
    "pillarName": "News"
  },
  {
    "id": "education/2004/jan/06/furthereducation.uk2",
    "type": "article",
    "sectionId": "education",
    "sectionName": "Education",
    "webPublicationDate": "2004-01-06T01:33:54Z",
    "webTitle": "Fears over cost of vetting",
    "webUrl": "https://www.theguardian.com/education/2004/jan/06/furthereducation.uk2",
    "apiUrl": "https://content.guardianapis.com/education/2004/jan/06/furthereducation.uk2",
    "fields": {
      "headline": "Fears over cost of vetting",
      "standfirst": "Colleges say price rises by the Criminal Records Bureau could tempt some to cut corners, reports Peter Kingston",
      "trailText": "<p>Colleges say price rises by the Criminal Records Bureau could tempt some to cut corners, reports <strong>Peter Kingston</strong>.</p>",
      "byline": "Peter Kingston",
      "main": "",
      "body": "<p>A steep rise in the cost of vetting job applicants for criminal records is hitting colleges hard and could tempt some to cut corners, the Association of Colleges (AoC) is warning. The average college is now estimated to pay the equivalent of a full-time lecturer's salary annually to the Criminal Records Bureau (CRB) for carrying out checks. </p> <p>Some are paying as much for the vetting of would-be staff as they are for background verifications on students sent out on work placements with children and vulnerable adults in care homes. And they say the increasing numbers of 14- to 16-year-olds they are taking in is adding to this burden. </p> <p>Colleges claim there should be no charge for vetting students going on placements that are compulsory parts of their courses, and they should be treated as volunteers, for whom the CRB doesn't charge. </p> <p>But the CRB, which is run as a public-private partnership between the home office and the company Capita, contends that the students don't qualify as volunteers because the work experience is part of their education. </p> <p>\"The average college is now paying about \u00a324,000 or \u00a325,000 a year on Criminal Records Bureau checks,\" said Judy Bennington, the AoC's employment adviser. \"Is it going to mean that they can only recruit x number of lecturers this year because they don't have enough money to go round? Or - heaven forbid - they're not going to do checks on all of them?\" </p> <p>One head of personnel at a medium-sized college said it had applied for 700 \"disclosures\" about job applicants in the last 20 months. </p> <p>The Home Office says the CRB has had to put up its charges in order for it to become financially self-sufficient by 2005-06. \"This is something we've always said since the CRB was established,\" said a spokesman. \"The CRB was always supposed to become a self-financing agency. At the moment it gets a fairly hefty government subsidy.\" </p> <p>Although the CRB was established in April 2002, after the appointment of Ian Huntley, the school caretaker jailed last month for the Soham murders, it will come under the spotlight now being shone on vetting procedures. </p> <p>Since its rocky start - the launch of the new agency was six months late - and months of teething troubles, the CRB is acknowledged to have become efficient. It was fined \u00a31.8m last year for the fiasco of delayed checks on new teachers the previous autumn, which resulted in thousands of children being sent home from school. In colleges, it is suspected that this fine has contributed to the CRB's hike in prices, which have almost tripled in the 20 months in which it has been operating. </p> <p>When the CRB began, it charged \u00a312 for making \"disclosures\" and offered two types: standard and enhanced. The standard sort is primarily for positions that involve working with children or regular contact with vulnerable adults. It offers \"details of all convictions on record (including 'spent' convictions), plus details of any cautions, reprimands or warnings\" from the Police National Computer (PNC). For staff working with children, the standard disclosure also promises any information contained on the DfES's lists of people considered unsuitable for such positions. </p> <p>The enhanced disclosure involves an extra level of checking with local police force records, in addition to checks with the PNC and the government department lists held by the DfES where appropriate. </p> <p>In June last year the CRB's director, John O'Brien, said the fees would rise from a flat rate of \u00a312 to \u00a324 for the standard checks and \u00a329 for the enhanced checks. Now they are rising again to \u00a328 for standard and \u00a333 for enhanced. Ministers have also proposed that the 10,000 registered organisations that use the service, including companies and charities, pay an annual fee of \u00a3300 to raise a further \u00a32.4m. </p> <p>\"The increases are three times the rate of inflation,\" said Brian Mather, who represents colleges in the north-west of England on the AoC's personnel managers' network. \"Whilst colleges support the reasoning behind and requirement for these checks, we are concerned about pressure on resources.\" </p> <p>The Home Office spokesman said it was \"entirely fair that people who used the service should pay ...the same principle applies in other services\".</p> <p>When the CRB was launched, the Home Office contributed \u00a326.5m, the DfES \u00a34.2m, the Department of Health \u00a36m and the Treasury \u00a33.7m. In the current year the combined subsidy is \u00a318.8m. The intention is to cut that to \u00a38.1m next year, and zero the next.</p>",
      "newspaperPageNumber": "15",
      "wordcount": "756",
      "commentable": "false",
      "isPremoderated": "false",
      "lastModified": "2004-01-06T01:33:54Z",
      "newspaperEditionDate": "2004-01-06T00:00:00Z",
      "productionOffice": "UK",
      "publication": "theguardian.com",
      "shortUrl": "https://gu.com/p/xehmd",
      "shouldHideAdverts": "false",
      "showInRelatedContent": "true",
      "legallySensitive": "false",
      "lang": "en",
      "bodyText": "A steep rise in the cost of vetting job applicants for criminal records is hitting colleges hard and could tempt some to cut corners, the Association of Colleges (AoC) is warning. The average college is now estimated to pay the equivalent of a full-time lecturer's salary annually to the Criminal Records Bureau (CRB) for carrying out checks. Some are paying as much for the vetting of would-be staff as they are for background verifications on students sent out on work placements with children and vulnerable adults in care homes. And they say the increasing numbers of 14- to 16-year-olds they are taking in is adding to this burden. Colleges claim there should be no charge for vetting students going on placements that are compulsory parts of their courses, and they should be treated as volunteers, for whom the CRB doesn't charge. But the CRB, which is run as a public-private partnership between the home office and the company Capita, contends that the students don't qualify as volunteers because the work experience is part of their education. \"The average college is now paying about \u00a324,000 or \u00a325,000 a year on Criminal Records Bureau checks,\" said Judy Bennington, the AoC's employment adviser. \"Is it going to mean that they can only recruit x number of lecturers this year because they don't have enough money to go round? Or - heaven forbid - they're not going to do checks on all of them?\" One head of personnel at a medium-sized college said it had applied for 700 \"disclosures\" about job applicants in the last 20 months. The Home Office says the CRB has had to put up its charges in order for it to become financially self-sufficient by 2005-06. \"This is something we've always said since the CRB was established,\" said a spokesman. \"The CRB was always supposed to become a self-financing agency. At the moment it gets a fairly hefty government subsidy.\" Although the CRB was established in April 2002, after the appointment of Ian Huntley, the school caretaker jailed last month for the Soham murders, it will come under the spotlight now being shone on vetting procedures. Since its rocky start - the launch of the new agency was six months late - and months of teething troubles, the CRB is acknowledged to have become efficient. It was fined \u00a31.8m last year for the fiasco of delayed checks on new teachers the previous autumn, which resulted in thousands of children being sent home from school. In colleges, it is suspected that this fine has contributed to the CRB's hike in prices, which have almost tripled in the 20 months in which it has been operating. When the CRB began, it charged \u00a312 for making \"disclosures\" and offered two types: standard and enhanced. The standard sort is primarily for positions that involve working with children or regular contact with vulnerable adults. It offers \"details of all convictions on record (including 'spent' convictions), plus details of any cautions, reprimands or warnings\" from the Police National Computer (PNC). For staff working with children, the standard disclosure also promises any information contained on the DfES's lists of people considered unsuitable for such positions. The enhanced disclosure involves an extra level of checking with local police force records, in addition to checks with the PNC and the government department lists held by the DfES where appropriate. In June last year the CRB's director, John O'Brien, said the fees would rise from a flat rate of \u00a312 to \u00a324 for the standard checks and \u00a329 for the enhanced checks. Now they are rising again to \u00a328 for standard and \u00a333 for enhanced. Ministers have also proposed that the 10,000 registered organisations that use the service, including companies and charities, pay an annual fee of \u00a3300 to raise a further \u00a32.4m. \"The increases are three times the rate of inflation,\" said Brian Mather, who represents colleges in the north-west of England on the AoC's personnel managers' network. \"Whilst colleges support the reasoning behind and requirement for these checks, we are concerned about pressure on resources.\" The Home Office spokesman said it was \"entirely fair that people who used the service should pay ...the same principle applies in other services\". When the CRB was launched, the Home Office contributed \u00a326.5m, the DfES \u00a34.2m, the Department of Health \u00a36m and the Treasury \u00a33.7m. In the current year the combined subsidy is \u00a318.8m. The intention is to cut that to \u00a38.1m next year, and zero the next.",
      "charCount": "4467"
    },
    "isHosted": false,
    "pillarId": "pillar/news",
    "pillarName": "News"
  }
]