[
  {
    "id": "world/2004/jul/09/usa.iraq3",
    "type": "article",
    "sectionId": "us-news",
    "sectionName": "US news",
    "webPublicationDate": "2004-07-08T23:05:49Z",
    "webTitle": "Jonathan Steele: Kerry would keep US troops in Iraq far longer than Bush",
    "webUrl": "https://www.theguardian.com/world/2004/jul/09/usa.iraq3",
    "apiUrl": "https://content.guardianapis.com/world/2004/jul/09/usa.iraq3",
    "fields": {
      "headline": "Kerry would keep US troops in Iraq far longer than Bush",
      "standfirst": "The Democrat looks like the one with the long-term imperial agenda",
      "trailText": "<B>Jonathan Steele: </B>The Democrat looks like the one with the long-term imperial agenda.",
      "byline": "Jonathan Steele",
      "main": "",
      "body": "Here's a dinner-party talking point that can run and run, certainly until November and, if the Democrats win the US presidency, for several months beyond. Would John Kerry, far from quickly bringing US troops home, keep them in Iraq even longer than George Bush? <p>My answer, regrettably, is yes - which means that the Democratic convention in Boston later this month will be a sad affair for the people of Iraq, where polls consistently show a majority in favour of early withdrawal. </p> <p>Kerry agrees with most Iraqis on one thing. Until April 10 last year the US invasion was a success. Saddam Hussein's regime was toppled in three weeks with relatively low casualties. The definition of \"low\" can be challenged, but, setting the war's illegality aside, the toll was less than Iraqis feared. </p> <p>Since then, however, the failures outweigh the successes, starting with the occupation troops' unreadiness to curb the predicted waves of looting, leading to the massive increase in insecurity. Since Bush declared an end to major combat, 735 US troops have died. Six thousand Iraqis have lost their lives. Tens of thousands have been detained without trial for months. </p> <p>With the exception of the Kurds, even those Iraqis who were grateful for the invasion have largely changed their minds. They resent the occupation, though it has officially ended. And the sight of foreign troops on the streets maintains that anger. </p> <p>Whether led by secular nationalists or Iraqi Islamists, the insurgency ebbs and flows. There is no evidence to suggest it is on a clear downward trend. Foreign Islamists using terrorist methods are operating in Iraq in a way that never occurred under Saddam Hussein. The US occupation has been a magnet rather than a deterrent. </p> <p>The US has had some success in making pluralistic politics possible in Iraq and preparing the ground for genuinely contested elections in January. Public debate in the pages of Iraq's many newspapers and on its radio call-in programmes is unprecedented. It is too early to tell how free the election campaign will be, and whether violence, intimidation and tribal loyalties will be strong factors in controlling people's choices. It is certainly premature to predict the results, even on a crude scale of whether broadly secular or broadly religious groups will do best. </p> <p>Whichever parties or personalities come out on top, they are likely to want US troops to withdraw, as soon as - and this is the crucial variable - Iraqi forces have been built up. But since the US military presence provokes resistance as well as suppresses some of it, there is infinite elasticity here for any US president to play with. He can argue that Iraqi forces are not ready to handle things and, by declining to start a phased pull-out of US troops, maintain the environment of insecurity that makes timid Iraqi politicians cling to the US presence. </p> <p>Given this analysis, what would Bush do if he won a second term? The conventional view is that he is one of the most ideologically, even religiously driven, presidents of modern times. He would pursue his pre-emptive war on terror in Iraq and beyond. </p> <p>But there is another possibility. Iraq has been a millstone for the past year and a half, and he might well choose to declare victory and withdraw. Iraq's January election provides the perfect escape hatch. We have brought Iraq to the first democratic poll in its history and now we move out, he could announce, as he sets a timetable for a three-month withdrawal. Whatever mess follows, he would argue that it was no longer his responsibility. The US gave Iraq its freedom, and that means the freedom to make mistakes. </p> <p>Kerry, by contrast, looks increasingly like the candidate with the long-term imperial agenda. It would not be as raw as the one pushed by Bush's neoconservative apostles of privatisation, but it would be imperial none the less, dressed in the classic garb of Democratic party multilateral interventionism. </p> <p>In speech after speech Kerry has laid the ground work for expanding and prolonging the US presence in Iraq. It starts with macho bluster. \"Extremists appear to be gaining confidence and have vowed to drive our troops from the country. We cannot - and will not - let that happen,\" he thundered in a radio address on April 17. Then comes the mission statement: \"It would be unthinkable for us to retreat in disarray and leave behind a society deep in strife and dominated by radicals\" (from the same broadcast). What happens if Iraqis elect radicals in January? Will they not be allowed to take power? </p> <p>At Fulton in Missouri, the site of Churchill's Iron Curtain speech, Kerry laid out his vision for extra troops. \"If our commanders believe they need more American troops, they should say so and they should get them ... But more and more American soldiers cannot be the only solution ... The coalition should organise an expanded international security forces, preferably with Nato, but clearly under US command,\" he said on April 30. </p> <p>In a Washington Post article on Sunday, he attacked Bush for not having \"a realistic plan to win the peace and bring our troops home\". Did he produce one of his own? No, he made it clear the expanded foreign force would stay for years. \"Our goal should be an alliance commitment to deploy a major portion of the peacekeeping force that will be needed in Iraq for a long time to come,\" he said. </p> <p>Nato could be mobilised to help stabilise Iraq \"and the region\", he went on. Does he have his eye on Iran and Syria too? The price of inaction would be heavy, he warned at Fulton. Trying to frighten his allies, he raised the stakes higher than Bush has, saying: \"For the Europeans, Iraq's failure could endanger the security of their oil supplies, further radicalise their large Muslim populations, threaten destabilising refugee flows, and seed a huge new source of terrorism.\" </p> <p>The notion of Bush as an ideologue and Kerry as a realist is too simple. Each has elements of both, and it may well be that a second-term Bush would recognise the cost of his first term's mistakes. Flushed by victory, Kerry might be less clear-sighted. </p> <p>One leading Democratic expert, Zbigniew Brzezinski, takes the line that the US should withdraw from Iraq by mid-2005. But most advisers now gathering round Kerry are missionaries who believe not so much in a war on terror as in a war on state failure. Failed states produce terrorism, they argue, so you have to go to the source. </p> <p>The notion is more dangerous, since the number of target-countries for uninvited nation-building is bigger. The issue is not whether military intervention is unilateral, as with Bush, or multilateral, as with Kerry, but why neither sees that it nearly always makes things worse. </p> <p><a href=\"mailto:j.steele@theguardian.com\">j.steele@theguardian.com</a></p>",
      "newspaperPageNumber": "24",
      "wordcount": "1142",
      "commentable": "false",
      "isPremoderated": "false",
      "lastModified": "2017-07-15T03:30:56Z",
      "newspaperEditionDate": "2004-07-09T00:00:00Z",
      "productionOffice": "UK",
      "publication": "theguardian.com",
      "shortUrl": "https://gu.com/p/x2x4y",
      "shouldHideAdverts": "false",
      "showInRelatedContent": "true",
      "legallySensitive": "false",
      "lang": "en",
      "bodyText": "Here's a dinner-party talking point that can run and run, certainly until November and, if the Democrats win the US presidency, for several months beyond. Would John Kerry, far from quickly bringing US troops home, keep them in Iraq even longer than George Bush? My answer, regrettably, is yes - which means that the Democratic convention in Boston later this month will be a sad affair for the people of Iraq, where polls consistently show a majority in favour of early withdrawal. Kerry agrees with most Iraqis on one thing. Until April 10 last year the US invasion was a success. Saddam Hussein's regime was toppled in three weeks with relatively low casualties. The definition of \"low\" can be challenged, but, setting the war's illegality aside, the toll was less than Iraqis feared. Since then, however, the failures outweigh the successes, starting with the occupation troops' unreadiness to curb the predicted waves of looting, leading to the massive increase in insecurity. Since Bush declared an end to major combat, 735 US troops have died. Six thousand Iraqis have lost their lives. Tens of thousands have been detained without trial for months. With the exception of the Kurds, even those Iraqis who were grateful for the invasion have largely changed their minds. They resent the occupation, though it has officially ended. And the sight of foreign troops on the streets maintains that anger. Whether led by secular nationalists or Iraqi Islamists, the insurgency ebbs and flows. There is no evidence to suggest it is on a clear downward trend. Foreign Islamists using terrorist methods are operating in Iraq in a way that never occurred under Saddam Hussein. The US occupation has been a magnet rather than a deterrent. The US has had some success in making pluralistic politics possible in Iraq and preparing the ground for genuinely contested elections in January. Public debate in the pages of Iraq's many newspapers and on its radio call-in programmes is unprecedented. It is too early to tell how free the election campaign will be, and whether violence, intimidation and tribal loyalties will be strong factors in controlling people's choices. It is certainly premature to predict the results, even on a crude scale of whether broadly secular or broadly religious groups will do best. Whichever parties or personalities come out on top, they are likely to want US troops to withdraw, as soon as - and this is the crucial variable - Iraqi forces have been built up. But since the US military presence provokes resistance as well as suppresses some of it, there is infinite elasticity here for any US president to play with. He can argue that Iraqi forces are not ready to handle things and, by declining to start a phased pull-out of US troops, maintain the environment of insecurity that makes timid Iraqi politicians cling to the US presence. Given this analysis, what would Bush do if he won a second term? The conventional view is that he is one of the most ideologically, even religiously driven, presidents of modern times. He would pursue his pre-emptive war on terror in Iraq and beyond. But there is another possibility. Iraq has been a millstone for the past year and a half, and he might well choose to declare victory and withdraw. Iraq's January election provides the perfect escape hatch. We have brought Iraq to the first democratic poll in its history and now we move out, he could announce, as he sets a timetable for a three-month withdrawal. Whatever mess follows, he would argue that it was no longer his responsibility. The US gave Iraq its freedom, and that means the freedom to make mistakes. Kerry, by contrast, looks increasingly like the candidate with the long-term imperial agenda. It would not be as raw as the one pushed by Bush's neoconservative apostles of privatisation, but it would be imperial none the less, dressed in the classic garb of Democratic party multilateral interventionism. In speech after speech Kerry has laid the ground work for expanding and prolonging the US presence in Iraq. It starts with macho bluster. \"Extremists appear to be gaining confidence and have vowed to drive our troops from the country. We cannot - and will not - let that happen,\" he thundered in a radio address on April 17. Then comes the mission statement: \"It would be unthinkable for us to retreat in disarray and leave behind a society deep in strife and dominated by radicals\" (from the same broadcast). What happens if Iraqis elect radicals in January? Will they not be allowed to take power? At Fulton in Missouri, the site of Churchill's Iron Curtain speech, Kerry laid out his vision for extra troops. \"If our commanders believe they need more American troops, they should say so and they should get them ... But more and more American soldiers cannot be the only solution ... The coalition should organise an expanded international security forces, preferably with Nato, but clearly under US command,\" he said on April 30. In a Washington Post article on Sunday, he attacked Bush for not having \"a realistic plan to win the peace and bring our troops home\". Did he produce one of his own? No, he made it clear the expanded foreign force would stay for years. \"Our goal should be an alliance commitment to deploy a major portion of the peacekeeping force that will be needed in Iraq for a long time to come,\" he said. Nato could be mobilised to help stabilise Iraq \"and the region\", he went on. Does he have his eye on Iran and Syria too? The price of inaction would be heavy, he warned at Fulton. Trying to frighten his allies, he raised the stakes higher than Bush has, saying: \"For the Europeans, Iraq's failure could endanger the security of their oil supplies, further radicalise their large Muslim populations, threaten destabilising refugee flows, and seed a huge new source of terrorism.\" The notion of Bush as an ideologue and Kerry as a realist is too simple. Each has elements of both, and it may well be that a second-term Bush would recognise the cost of his first term's mistakes. Flushed by victory, Kerry might be less clear-sighted. One leading Democratic expert, Zbigniew Brzezinski, takes the line that the US should withdraw from Iraq by mid-2005. But most advisers now gathering round Kerry are missionaries who believe not so much in a war on terror as in a war on state failure. Failed states produce terrorism, they argue, so you have to go to the source. The notion is more dangerous, since the number of target-countries for uninvited nation-building is bigger. The issue is not whether military intervention is unilateral, as with Bush, or multilateral, as with Kerry, but why neither sees that it nearly always makes things worse. j.steele@theguardian.com",
      "charCount": "6734"
    },
    "isHosted": false,
    "pillarId": "pillar/news",
    "pillarName": "News"
  },
  {
    "id": "business/2004/jul/09/highstreetretailers",
    "type": "article",
    "sectionId": "business",
    "sectionName": "Business",
    "webPublicationDate": "2004-07-08T23:04:47Z",
    "webTitle": "Matalan takes the beachhead",
    "webUrl": "https://www.theguardian.com/business/2004/jul/09/highstreetretailers",
    "apiUrl": "https://content.guardianapis.com/business/2004/jul/09/highstreetretailers",
    "fields": {
      "headline": "Matalan takes the beachhead",
      "trailText": "<p>Matalan shifted more women's swimwear than any other chain this season as shoppers abandoned the high street in search of bargains, the cut-price retailer announced in a trading update yesterday. </p>",
      "byline": "Heather Stewart",
      "main": "",
      "body": "<p>Matalan shifted more women's swimwear than any other chain this season as shoppers abandoned the high street in search of bargains, the cut-price retailer announced in a trading update yesterday. </p> <p>Speaking before its annual meeting in Skelmersdale, Lancashire, chief executive John King said that overtaking Marks &amp; Spencer in the market for bikinis and swimsuits had proved the success of Matalan's pile-it-high, sell-it-cheap business model. </p> <p>\"The trend over the last four years has been for out-of-town retailers to take market share away from high street chains like Bhs and Marks &amp; Spencer,\" Mr King said. </p> <p>Like-for-like sales in the 18 weeks ended July 3 were up a healthy 4% year on year at the 153-store chain. \"Ladieswear, kidswear and home have all progressed well,\" the trading statement said. </p> <p>However, Mr King admitted that menswear had been less successful - and margins had slipped as prices were cut to sell off unpopular lines. Average selling prices over the 18 week period were down by more than 8%. </p> <p>\"Menswear was disappointing: our product wasn't right,\" he said. \"We've taken action - made a couple of changes.\" He said it could be 2005 before there was a significant improvement in the menswear range, although sales should start to pick up later in the year. Matalan's share price closed down 6p at 205.25p after news of the decline in margins. </p> <p>The company plans to continue with store refurbishments, altering 30 outlets by the Christmas season at a cost of \u00a3150,000-\u00a3200,000 each. So far, three trial stores have already been refurbished.</p>",
      "newspaperPageNumber": "18",
      "wordcount": "260",
      "commentable": "false",
      "isPremoderated": "false",
      "lastModified": "2017-12-02T18:44:01Z",
      "newspaperEditionDate": "2004-07-09T00:00:00Z",
      "productionOffice": "UK",
      "publication": "theguardian.com",
      "shortUrl": "https://gu.com/p/7qdq",
      "shouldHideAdverts": "false",
      "showInRelatedContent": "true",
      "legallySensitive": "false",
      "lang": "en",
      "bodyText": "Matalan shifted more women's swimwear than any other chain this season as shoppers abandoned the high street in search of bargains, the cut-price retailer announced in a trading update yesterday. Speaking before its annual meeting in Skelmersdale, Lancashire, chief executive John King said that overtaking Marks &amp; Spencer in the market for bikinis and swimsuits had proved the success of Matalan's pile-it-high, sell-it-cheap business model. \"The trend over the last four years has been for out-of-town retailers to take market share away from high street chains like Bhs and Marks &amp; Spencer,\" Mr King said. Like-for-like sales in the 18 weeks ended July 3 were up a healthy 4% year on year at the 153-store chain. \"Ladieswear, kidswear and home have all progressed well,\" the trading statement said. However, Mr King admitted that menswear had been less successful - and margins had slipped as prices were cut to sell off unpopular lines. Average selling prices over the 18 week period were down by more than 8%. \"Menswear was disappointing: our product wasn't right,\" he said. \"We've taken action - made a couple of changes.\" He said it could be 2005 before there was a significant improvement in the menswear range, although sales should start to pick up later in the year. Matalan's share price closed down 6p at 205.25p after news of the decline in margins. The company plans to continue with store refurbishments, altering 30 outlets by the Christmas season at a cost of \u00a3150,000-\u00a3200,000 each. So far, three trial stores have already been refurbished.",
      "charCount": "1567"
    },
    "isHosted": false,
    "pillarId": "pillar/news",
    "pillarName": "News"
  },
  {
    "id": "world/2004/jul/08/iraq.jonathansteele1",
    "type": "article",
    "sectionId": "world",
    "sectionName": "World news",
    "webPublicationDate": "2004-07-08T18:39:48Z",
    "webTitle": "Oil town looks to property tribunal for justice",
    "webUrl": "https://www.theguardian.com/world/2004/jul/08/iraq.jonathansteele1",
    "apiUrl": "https://content.guardianapis.com/world/2004/jul/08/iraq.jonathansteele1",
    "fields": {
      "headline": "Oil town looks to property tribunal for justice",
      "standfirst": "Commission tackles legacy of Saddam's Arabisation",
      "trailText": "Commission tackles legacy of Saddam's Arabisation.",
      "byline": "Jonathan Steele in Kirkuk",
      "main": "",
      "body": "In a contest over who has Iraq's toughest job, Tahsin Hamid Yassin would be up there with the prime minister, the judge handling the Saddam Hussein trial, and the American commander of the 160,000 foreign troops based in Iraq. <p>Mr Yassin heads the property claims commission in Kirkuk, arguably Iraq's most volatile town, a place where there is ethnic tension and the threat of clashes. </p> <p>Already the recipient of two death threats in the six weeks he has been in office, he has the delicate task of settling disputes which go to the heart of who has control of this oil-rich town, Arabs, Kurds or Turkomans. </p> <p>\"It's a heavy burden but I don't care about the threats,\" says Mr Yassin, who has several bodyguards outside his office on a street blocked against car bombers by concrete barriers. </p> <p>Under Saddam Hussein tens of thousands of Kurds were driven out of the villages surrounding Kirkuk. The ruined foundations of their homes can be seen on the hills from the road which straddles the oil pipeline going north-east, symbols of thecordon sanitaire Saddam created between his territory and the autonomous Kurdish areas of northern Iraq. </p> <p>To change Kirkuk's ethnic balance, he brought in an estimated 300,000 Arabs, mainly Shia Muslims from the south. \"Some were given money to settle here, some who were in the Ba'ath party were ordered in, and others were part of the massive security apparatus,\" Mr Yassin says. </p> <p>Himself a Kurd, Mr Yassin is a lawyer and technocrat, who remained in Iraq under Saddam working as a personnel officer and manager at the Iraq Petroleum Company. </p> <p>The need to \"remedy the injustice\" of the Arabisation policy was spelt out in the interim constitution, which the US occupation authorities drew up with Iraq's governing council this spring. But Paul Bremer, the former US overlord, kicked the issue into touch by delaying a budget for the property commission. </p> <p>Kurdish politicians on Kirkuk's council rounded on Mr Bremer when he visited the city last month on a farewell trip with Iraq's president, Ghazi al-Yawer. They warned they could not control the anger of displaced people much longer. </p> <p>Several thousand displaced Kurds have set up a tented camp in Kirkuk's Shorja district. Others are in what was a sports stadium. They have built shacks on the edge of the pitch and under the terraces, with small brick walls to create privacy, fetid open sewers and metres of dangerous wiring leading illegally from lamp-posts along the main road. </p> <p>As head of the property claims commission, Mr Yassin's initial task is to register claims. About 4,000 people have come in so far and he expects the number to increase dramatically as word spreads. </p> <p>With 28 lawyers and 14 assistants he hopes to solve disputes by mediation or, if that fails, arbitration. </p> <p>Occupants will be compensated from government funds if they can prove they spent money improving the properties Saddam's regime gave them. </p> <p>Mr Yassin hopes Arabs with government jobs will be helped to get similar positions in the south so they can go home. But he recognises mediation may not work. </p> <p>\"Former Ba'athists have escaped from Kirkuk. They're afraid, so it's unlikely they'll come for mediation\", he says. \"If they don't, we'll announce it in the newspapers and after a set time, the case will go to a special court.\" </p> <p>The court's main judge, a Kurd, sits with an Arab and a Turkoman. They can decide cases by a two-to-one majority. While the property claims mainly pit Arabs against Kurds, the Turkomans say they are being sidelined. </p> <p>Each of the three communities claims it is the city's largest as well as oldest, and that the others settled in Kirkuk later. Arabs and Turkomans also say the Kurds in Shorja are not returning refugees but squatters sent from the north to inflate the census due next year. </p> <p>\"Kurdish militias entered Kirkuk with coalition forces last year and looted buildings and occupied offices,\" says Khuder Ghalib Karim, who heads the Turkoman caucus on the council. </p> <p>He says the coalition-approved Kurdish police chief has put 2, 700 members of the peshmerga, the Kurdish militia, into Iraqi police uniforms, who discriminate against other groups. Thousands of Turkoman villagers were also displaced under Saddam, he says, and have rebuilt their old homes since he was toppled. \"Ninety per cent of the displaced Kurds were not from the city. They had mud houses outside, so why can't they rebuild them too? We don't want them in the city.\" </p> <p>However fast the commission and the special court move, their case-by-case approach will inevitably take time. Kirkuk's politicians of all ethnicities want a quicker solution, even though they seem unable to break away from ethnic politics and stage constant walkouts from the council. </p> <p>In an attempt to force consensus, the Americans have kept control of Kirkuk's purse strings. Shortly before leaving Iraq Mr Bremer set up the Kirkuk Foundation, a nominally private body, whose $100m (\u00a353.8m) budget will come from the US. It's stated goal is \"to lay down the foundations for ensuring long-term peace and prosperity in the province\". </p> <p>But all sides are impatient. \"The situation in Kirkuk is unstable,\" Mr Karim says. \"The peshmerga are unqualified and untrained, and this creates irritation. If there are clashes, this is the reason.\" </p> <p>Hassib Rozbayani, a Kurdish council member, says: \"We hope violence doesn't happen. It's very important that the displaced get a quick solution and the reversal of Arabisation happens soon.\" </p> <p>And a western diplomat based in Kirkuk says: \"Now that sovereignty has arrived, the key question is whether the Kurds make a major push. It's unlikely as long as the US military is here.\"</p>",
      "newspaperPageNumber": "15",
      "wordcount": "946",
      "commentable": "false",
      "isPremoderated": "false",
      "lastModified": "2016-06-15T08:51:41Z",
      "newspaperEditionDate": "2004-07-08T00:00:00Z",
      "productionOffice": "UK",
      "publication": "theguardian.com",
      "shortUrl": "https://gu.com/p/y2td",
      "shouldHideAdverts": "false",
      "showInRelatedContent": "true",
      "legallySensitive": "false",
      "lang": "en",
      "bodyText": "In a contest over who has Iraq's toughest job, Tahsin Hamid Yassin would be up there with the prime minister, the judge handling the Saddam Hussein trial, and the American commander of the 160,000 foreign troops based in Iraq. Mr Yassin heads the property claims commission in Kirkuk, arguably Iraq's most volatile town, a place where there is ethnic tension and the threat of clashes. Already the recipient of two death threats in the six weeks he has been in office, he has the delicate task of settling disputes which go to the heart of who has control of this oil-rich town, Arabs, Kurds or Turkomans. \"It's a heavy burden but I don't care about the threats,\" says Mr Yassin, who has several bodyguards outside his office on a street blocked against car bombers by concrete barriers. Under Saddam Hussein tens of thousands of Kurds were driven out of the villages surrounding Kirkuk. The ruined foundations of their homes can be seen on the hills from the road which straddles the oil pipeline going north-east, symbols of thecordon sanitaire Saddam created between his territory and the autonomous Kurdish areas of northern Iraq. To change Kirkuk's ethnic balance, he brought in an estimated 300,000 Arabs, mainly Shia Muslims from the south. \"Some were given money to settle here, some who were in the Ba'ath party were ordered in, and others were part of the massive security apparatus,\" Mr Yassin says. Himself a Kurd, Mr Yassin is a lawyer and technocrat, who remained in Iraq under Saddam working as a personnel officer and manager at the Iraq Petroleum Company. The need to \"remedy the injustice\" of the Arabisation policy was spelt out in the interim constitution, which the US occupation authorities drew up with Iraq's governing council this spring. But Paul Bremer, the former US overlord, kicked the issue into touch by delaying a budget for the property commission. Kurdish politicians on Kirkuk's council rounded on Mr Bremer when he visited the city last month on a farewell trip with Iraq's president, Ghazi al-Yawer. They warned they could not control the anger of displaced people much longer. Several thousand displaced Kurds have set up a tented camp in Kirkuk's Shorja district. Others are in what was a sports stadium. They have built shacks on the edge of the pitch and under the terraces, with small brick walls to create privacy, fetid open sewers and metres of dangerous wiring leading illegally from lamp-posts along the main road. As head of the property claims commission, Mr Yassin's initial task is to register claims. About 4,000 people have come in so far and he expects the number to increase dramatically as word spreads. With 28 lawyers and 14 assistants he hopes to solve disputes by mediation or, if that fails, arbitration. Occupants will be compensated from government funds if they can prove they spent money improving the properties Saddam's regime gave them. Mr Yassin hopes Arabs with government jobs will be helped to get similar positions in the south so they can go home. But he recognises mediation may not work. \"Former Ba'athists have escaped from Kirkuk. They're afraid, so it's unlikely they'll come for mediation\", he says. \"If they don't, we'll announce it in the newspapers and after a set time, the case will go to a special court.\" The court's main judge, a Kurd, sits with an Arab and a Turkoman. They can decide cases by a two-to-one majority. While the property claims mainly pit Arabs against Kurds, the Turkomans say they are being sidelined. Each of the three communities claims it is the city's largest as well as oldest, and that the others settled in Kirkuk later. Arabs and Turkomans also say the Kurds in Shorja are not returning refugees but squatters sent from the north to inflate the census due next year. \"Kurdish militias entered Kirkuk with coalition forces last year and looted buildings and occupied offices,\" says Khuder Ghalib Karim, who heads the Turkoman caucus on the council. He says the coalition-approved Kurdish police chief has put 2, 700 members of the peshmerga, the Kurdish militia, into Iraqi police uniforms, who discriminate against other groups. Thousands of Turkoman villagers were also displaced under Saddam, he says, and have rebuilt their old homes since he was toppled. \"Ninety per cent of the displaced Kurds were not from the city. They had mud houses outside, so why can't they rebuild them too? We don't want them in the city.\" However fast the commission and the special court move, their case-by-case approach will inevitably take time. Kirkuk's politicians of all ethnicities want a quicker solution, even though they seem unable to break away from ethnic politics and stage constant walkouts from the council. In an attempt to force consensus, the Americans have kept control of Kirkuk's purse strings. Shortly before leaving Iraq Mr Bremer set up the Kirkuk Foundation, a nominally private body, whose $100m (\u00a353.8m) budget will come from the US. It's stated goal is \"to lay down the foundations for ensuring long-term peace and prosperity in the province\". But all sides are impatient. \"The situation in Kirkuk is unstable,\" Mr Karim says. \"The peshmerga are unqualified and untrained, and this creates irritation. If there are clashes, this is the reason.\" Hassib Rozbayani, a Kurdish council member, says: \"We hope violence doesn't happen. It's very important that the displaced get a quick solution and the reversal of Arabisation happens soon.\" And a western diplomat based in Kirkuk says: \"Now that sovereignty has arrived, the key question is whether the Kurds make a major push. It's unlikely as long as the US military is here.\"",
      "charCount": "5650"
    },
    "isHosted": false,
    "pillarId": "pillar/news",
    "pillarName": "News"
  },
  {
    "id": "media/2004/jul/08/citynews.radio",
    "type": "article",
    "sectionId": "media",
    "sectionName": "Media",
    "webPublicationDate": "2004-07-08T15:13:25Z",
    "webTitle": "TalkSport scores with Euro 2004",
    "webUrl": "https://www.theguardian.com/media/2004/jul/08/citynews.radio",
    "apiUrl": "https://content.guardianapis.com/media/2004/jul/08/citynews.radio",
    "fields": {
      "headline": "TalkSport scores with Euro 2004",
      "trailText": "<p><strong>4pm: </strong>National sports radio station TalkSport saw revenues nearly double last month as the Euro 2004 football championships boosted advertising. By <strong>Chris Tryhorn</strong>.</p>",
      "byline": "Chris Tryhorn, City correspondent",
      "main": "<figure class=\"element element-image\" data-media-id=\"gu-image-330479187\"> <img src=\"http://static.guim.co.uk/sys-images/Media/Pix/pictures/2003/11/24/MacChungB2.jpg\" alt=\"Kelvin MacKenzie\" width=\"128\" height=\"128\" class=\"gu-image\" /> <figcaption> <span class=\"element-image__caption\">MacKenzie: 'Forever was a tremendous deal'</span> </figcaption> </figure>",
      "body": "<p>National sports radio station TalkSport saw revenues nearly double last month as the Euro 2004 football championships boosted advertising spend.</p> <p>Over the three months between April and June, revenues at the station - one of only three national commercial analogue channels - rose by 40%.</p> <p>\"We have made a strong start to the first half of 2004,\" said Kelvin MacKenzie, the chairman of TalkSport's owner The Wireless Group. \"The second quarter to June has been particularly fantastic.\"</p> <p>Mr MacKenzie said revenues at its local stations had gone up 13%, excluding the effect of the \u00a38.1m acquisition of Forever Broadcasting in January, which brought new stations in Chesterfield, Wolverhampton and Bolton under the Wireless umbrella.</p> <p>Speaking at the group's annual general meeting today, Mr MacKenzie said the group was seeking further deals.</p> <p>\"Forever was a tremendous deal and if we could find others, we would be interested,\" he said.</p> <p>In the long run, Wireless may find it hard to fend off the interest of bigger groups, who are equally hungry for deals following the relaxation of radio ownership rules under last year's Communications Act.</p> <p>But Mr MacKenzie said he was not afraid of the company being gobbled up by a bigger group.</p> <p>\"I don't fear anything. I concentrate on running the business and my shareholders like it like that. </p> <p>\"Consolidation can't be massive where there are two or three deals and the whole joint is consolidated. But there will be comings together.\" </p> <p>With debt standing at just under \u00a37m, the company is confident it has the firepower to fund future deals.</p> <p>Mr MacKenzie also said today the company was likely to face a \u00a31.3m legal bill for its battle with audience measurement body Rajar if its fight over how radio listeners are counted goes all the way to a three-week trial next summer.</p> <p>Wireless wants Rajar to adopt an electronic system for measuring audiences rather than its existing diary method, and claims it has lost out on advertising revenues because its audience has been underestimated.</p> <p>Describing Rajar as \"the snake oil salesmen of the research business\", Mr MacKenzie outlined his stance: \"Technology says we have an audience of 5.8 million. Go figure. Samuel Pepys or Bill Gates. You choose.\"</p> <p>The Wireless chairman also lashed out today at the decision by the FA Premier League to award a three-year contract for exclusive live radio rights to the BBC as \"utterly disgraceful\", claiming TalkSport had been priced out of the auction. </p> <p>\"It's utterly disgraceful that a league which in any other business would be called a cartel is able to extract from the market by operating collectively rather more than it would get individually.</p> <p>\"[Radio] Five has paid \u00a339m for a three-year contract - that's \u00a339m of taxpayers' money... every single football game is put at a price which The Wireless Group cannot afford and it's a taxpayer-funded monopoly.\"</p> <p> <strong>\u00b7</strong> To contact the MediaGuardian news desk email <a href=\"mailto:editor@mediatheguardian.com\">editor@mediatheguardian.com</a> or phone 020 7239 9857</p> <p><strong><strong>\u00b7</strong></strong> If you are writing a comment for publication, please mark clearly \"for publication\".</p>",
      "wordcount": "507",
      "commentable": "false",
      "isPremoderated": "false",
      "lastModified": "2016-08-11T20:44:56Z",
      "newspaperEditionDate": "2004-07-08T00:00:00Z",
      "productionOffice": "UK",
      "publication": "theguardian.com",
      "shortUrl": "https://gu.com/p/7qdh",
      "shouldHideAdverts": "false",
      "showInRelatedContent": "true",
      "legallySensitive": "false",
      "lang": "en",
      "bodyText": "National sports radio station TalkSport saw revenues nearly double last month as the Euro 2004 football championships boosted advertising spend. Over the three months between April and June, revenues at the station - one of only three national commercial analogue channels - rose by 40%. \"We have made a strong start to the first half of 2004,\" said Kelvin MacKenzie, the chairman of TalkSport's owner The Wireless Group. \"The second quarter to June has been particularly fantastic.\" Mr MacKenzie said revenues at its local stations had gone up 13%, excluding the effect of the \u00a38.1m acquisition of Forever Broadcasting in January, which brought new stations in Chesterfield, Wolverhampton and Bolton under the Wireless umbrella. Speaking at the group's annual general meeting today, Mr MacKenzie said the group was seeking further deals. \"Forever was a tremendous deal and if we could find others, we would be interested,\" he said. In the long run, Wireless may find it hard to fend off the interest of bigger groups, who are equally hungry for deals following the relaxation of radio ownership rules under last year's Communications Act. But Mr MacKenzie said he was not afraid of the company being gobbled up by a bigger group. \"I don't fear anything. I concentrate on running the business and my shareholders like it like that. \"Consolidation can't be massive where there are two or three deals and the whole joint is consolidated. But there will be comings together.\" With debt standing at just under \u00a37m, the company is confident it has the firepower to fund future deals. Mr MacKenzie also said today the company was likely to face a \u00a31.3m legal bill for its battle with audience measurement body Rajar if its fight over how radio listeners are counted goes all the way to a three-week trial next summer. Wireless wants Rajar to adopt an electronic system for measuring audiences rather than its existing diary method, and claims it has lost out on advertising revenues because its audience has been underestimated. Describing Rajar as \"the snake oil salesmen of the research business\", Mr MacKenzie outlined his stance: \"Technology says we have an audience of 5.8 million. Go figure. Samuel Pepys or Bill Gates. You choose.\" The Wireless chairman also lashed out today at the decision by the FA Premier League to award a three-year contract for exclusive live radio rights to the BBC as \"utterly disgraceful\", claiming TalkSport had been priced out of the auction. \"It's utterly disgraceful that a league which in any other business would be called a cartel is able to extract from the market by operating collectively rather more than it would get individually. \"[Radio] Five has paid \u00a339m for a three-year contract - that's \u00a339m of taxpayers' money... every single football game is put at a price which The Wireless Group cannot afford and it's a taxpayer-funded monopoly.\" \u00b7 To contact the MediaGuardian news desk email editor@mediatheguardian.com or phone 020 7239 9857 \u00b7 If you are writing a comment for publication, please mark clearly \"for publication\".",
      "charCount": "3068"
    },
    "isHosted": false,
    "pillarId": "pillar/news",
    "pillarName": "News"
  },
  {
    "id": "business/2004/jul/08/money.interestrates",
    "type": "article",
    "sectionId": "business",
    "sectionName": "Business",
    "webPublicationDate": "2004-07-08T13:39:41Z",
    "webTitle": "Bank holds interest rates steady at 4.5%",
    "webUrl": "https://www.theguardian.com/business/2004/jul/08/money.interestrates",
    "apiUrl": "https://content.guardianapis.com/business/2004/jul/08/money.interestrates",
    "fields": {
      "headline": "Bank holds interest rates steady at 4.5%",
      "trailText": "<p>The Bank of England held interest rates at 4.5% today after back-to-back rises in the two previous months.</p>",
      "byline": "Mark Tran",
      "main": "",
      "body": "<p>The Bank of England held interest rates at 4.5% today after back-to-back rises in the two previous months.</p> <p>The decision - made without Bank comment - was widely expected. It would have been highly unusual for the Bank's monetary policy committee (MPC) to hit homeowners with higher borrowing costs three months in a row. </p> <p>\"There are signs of the housing market slowing down. Mortgage equity withdrawal has ebbed for the first time since late 2003 and with oil prices falling, inflationary pressures have eased a little. A strong performance of the production industries was not enough to warrant a third interest rate rise in a row,\" said Andrij Halushka, an economist with the Centre for Economics and Business Research.</p> <p> But the reprieve is likely to be short-lived, with most analysts expecting the MPC to continue with its gradualist policy towards rates rises next month.</p> <p>\"This marks only a pause in the raising of interest rates. The economy is still growing at an above trend rate... and it is premature to conclude that the persistently buoyant housing market is now losing momentum on a sutainable basis. A 25 basis point interest rate hike to 4.75% in August is highly probable. Furthermore, we forecast interest rates to be up to 5.25% by the end of 2004,\" said Howard Archer of Global Insight.</p> <p>Bank officials have been preparing the public for a steady increase in borrowing costs in the coming months.</p> <p>In an interview last month, Richard Lambert, one of the MPC's nine members told the Guardian that the period of rock-bottom interest rates was passing. </p> <p>\"The financial markets are expecting further reasonably modest rate increases over the coming months and unless the world changes, that does not seem to be an unreasonable thing to be expecting,\" he said.</p> <p>The Bank has raised interest rates four times since last November in quarter point increments, and the steady upward march in borrowing costs appears to be finally taking effect. </p> <p>House price growth slowed sharply in June, the Halifax bank reported last week - a sign the market may be coming off the boil in response to the Bank's policy. </p> <p>The country's largest mortgage lender said the price of the average property rose 1.2% in June, down from a 2.2% increase the month before and the slowest rise since last November. </p> <p>Its figures chimed with those of the Nationwide the week before, when it reported a 0.9% increase in May after a 1.7% rise the month before. House prices have more than doubled in the past five years due to low interest rates, low unemployment and robust economic growth, and their relentless rise has been a source of concern at the Bank.</p> <p>Earlier this month, the Bank's deputy governor, Rachel Lomax, said the MPC could not ignore the influence of soaring house prices on consumer spending and on the overall pressure of demand.</p>",
      "wordcount": "485",
      "commentable": "false",
      "isPremoderated": "false",
      "lastModified": "2017-05-08T07:03:34Z",
      "newspaperEditionDate": "2004-07-08T00:00:00Z",
      "productionOffice": "UK",
      "publication": "theguardian.com",
      "shortUrl": "https://gu.com/p/d4jx",
      "shouldHideAdverts": "false",
      "showInRelatedContent": "true",
      "legallySensitive": "false",
      "lang": "en",
      "bodyText": "The Bank of England held interest rates at 4.5% today after back-to-back rises in the two previous months. The decision - made without Bank comment - was widely expected. It would have been highly unusual for the Bank's monetary policy committee (MPC) to hit homeowners with higher borrowing costs three months in a row. \"There are signs of the housing market slowing down. Mortgage equity withdrawal has ebbed for the first time since late 2003 and with oil prices falling, inflationary pressures have eased a little. A strong performance of the production industries was not enough to warrant a third interest rate rise in a row,\" said Andrij Halushka, an economist with the Centre for Economics and Business Research. But the reprieve is likely to be short-lived, with most analysts expecting the MPC to continue with its gradualist policy towards rates rises next month. \"This marks only a pause in the raising of interest rates. The economy is still growing at an above trend rate... and it is premature to conclude that the persistently buoyant housing market is now losing momentum on a sutainable basis. A 25 basis point interest rate hike to 4.75% in August is highly probable. Furthermore, we forecast interest rates to be up to 5.25% by the end of 2004,\" said Howard Archer of Global Insight. Bank officials have been preparing the public for a steady increase in borrowing costs in the coming months. In an interview last month, Richard Lambert, one of the MPC's nine members told the Guardian that the period of rock-bottom interest rates was passing. \"The financial markets are expecting further reasonably modest rate increases over the coming months and unless the world changes, that does not seem to be an unreasonable thing to be expecting,\" he said. The Bank has raised interest rates four times since last November in quarter point increments, and the steady upward march in borrowing costs appears to be finally taking effect. House price growth slowed sharply in June, the Halifax bank reported last week - a sign the market may be coming off the boil in response to the Bank's policy. The country's largest mortgage lender said the price of the average property rose 1.2% in June, down from a 2.2% increase the month before and the slowest rise since last November. Its figures chimed with those of the Nationwide the week before, when it reported a 0.9% increase in May after a 1.7% rise the month before. House prices have more than doubled in the past five years due to low interest rates, low unemployment and robust economic growth, and their relentless rise has been a source of concern at the Bank. Earlier this month, the Bank's deputy governor, Rachel Lomax, said the MPC could not ignore the influence of soaring house prices on consumer spending and on the overall pressure of demand.",
      "charCount": "2819"
    },
    "isHosted": false,
    "pillarId": "pillar/news",
    "pillarName": "News"
  },
  {
    "id": "uk/2004/jul/08/arts.artsnews",
    "type": "article",
    "sectionId": "uk-news",
    "sectionName": "UK news",
    "webPublicationDate": "2004-07-08T11:46:06Z",
    "webTitle": "Vermeer fetches \u00a316.2m",
    "webUrl": "https://www.theguardian.com/uk/2004/jul/08/arts.artsnews",
    "apiUrl": "https://content.guardianapis.com/uk/2004/jul/08/arts.artsnews",
    "fields": {
      "headline": "Vermeer fetches \u00a316.2m",
      "trailText": "A small picture of a pudgy-fingered young woman in a lumpily-painted yellow shawl has sold at auction for \u00a316.2m, a record price for the artist - although since the last Vermeer auction was 81 years ago, a record was no surprise.",
      "byline": "Maev Kennedy",
      "main": "<figure class=\"element element-image\" data-media-id=\"gu-image-331627695\"> <img src=\"http://static.guim.co.uk/sys-images/Guardian/Pix/arts/2004/07/08/PAmattWrittle_vermeer1.jpg\" alt=\"Young Woman seated at the Virginal by Vermeer\" width=\"128\" height=\"128\" class=\"gu-image\" /> <figcaption> <span class=\"element-image__caption\">Good but not great: Young Woman seated at the Virginal is generally accepted as only the 36th known painting by Vermeer. Photo: PA</span> </figcaption> </figure>",
      "body": "A small picture of a pudgy-fingered young woman in a lumpily-painted yellow shawl sold for \u00a316.2m at a Sotheby's auction last night, a record price for the artist - although since the last Vermeer to be auctioned was more than 80 years ago, and there is never likely to be another, a record was no surprise. <p>The price, paid by an anonymous buyer, shot in minutes past the notably conservative estimate of \u00a33m. </p> <p>Art experts have been arguing about the painting for a century, but recent cleaning and scientific analysis transformed the young woman's reputation: she is now generally accepted as only the 36th known painting by the 17th century Dutch painter, whose works are among the most coveted in the world. </p> <p>Although any Vermeer is a great discovery, the critical consensus is that this is a good but not a great Vermeer. </p> <p>The price was dwarfed by the world record for an old master painting, just under \u00a350m paid at a London auction for Rubens's Massacre of the Innocents two years ago, and the \u00a322m paid this year by the National Gallery for Raphael's Madonna of the Pinks, for which the Getty Museum in California originally offered over \u00a330m. </p> <p>The last private sale of a Vermeer was 49 years ago, and the last auction 81 years ago when The Little Street failed to sell; it was later presented to the Rijksmuseum in Amsterdam, where it is one of the museum's most treasured possessions. </p> <p>Barring this painting resurfacing for sale there is never likely to be another Vermeer auction: all the rest are now in museum collections.</p>",
      "newspaperPageNumber": "9",
      "wordcount": "268",
      "commentable": "false",
      "isPremoderated": "false",
      "lastModified": "2004-07-08T11:46:06Z",
      "newspaperEditionDate": "2004-07-08T00:00:00Z",
      "productionOffice": "UK",
      "publication": "theguardian.com",
      "shortUrl": "https://gu.com/p/hkv4",
      "shouldHideAdverts": "false",
      "showInRelatedContent": "true",
      "legallySensitive": "false",
      "lang": "en",
      "bodyText": "A small picture of a pudgy-fingered young woman in a lumpily-painted yellow shawl sold for \u00a316.2m at a Sotheby's auction last night, a record price for the artist - although since the last Vermeer to be auctioned was more than 80 years ago, and there is never likely to be another, a record was no surprise. The price, paid by an anonymous buyer, shot in minutes past the notably conservative estimate of \u00a33m. Art experts have been arguing about the painting for a century, but recent cleaning and scientific analysis transformed the young woman's reputation: she is now generally accepted as only the 36th known painting by the 17th century Dutch painter, whose works are among the most coveted in the world. Although any Vermeer is a great discovery, the critical consensus is that this is a good but not a great Vermeer. The price was dwarfed by the world record for an old master painting, just under \u00a350m paid at a London auction for Rubens's Massacre of the Innocents two years ago, and the \u00a322m paid this year by the National Gallery for Raphael's Madonna of the Pinks, for which the Getty Museum in California originally offered over \u00a330m. The last private sale of a Vermeer was 49 years ago, and the last auction 81 years ago when The Little Street failed to sell; it was later presented to the Rijksmuseum in Amsterdam, where it is one of the museum's most treasured possessions. Barring this painting resurfacing for sale there is never likely to be another Vermeer auction: all the rest are now in museum collections.",
      "charCount": "1529"
    },
    "isHosted": false,
    "pillarId": "pillar/news",
    "pillarName": "News"
  },
  {
    "id": "politics/2004/jul/08/houseofcommons",
    "type": "article",
    "sectionId": "politics",
    "sectionName": "Politics",
    "webPublicationDate": "2004-07-08T09:37:55Z",
    "webTitle": "Yesterday in parliament",
    "webUrl": "https://www.theguardian.com/politics/2004/jul/08/houseofcommons",
    "apiUrl": "https://content.guardianapis.com/politics/2004/jul/08/houseofcommons",
    "fields": {
      "headline": "Yesterday in parliament",
      "trailText": "<B>July 7 session:</B> Tory leader Michael Howard called for controversial Muslim cleric Dr Yusuf al-Qaradawi to be banned from Britain.",
      "byline": "Press Association",
      "main": "",
      "body": "<b>Education standards</b> <br>The prime minister acknowledged it was a \"scandal\" that children left primary school without the necessary skills in reading and writing. But he insisted at Commons question time: \"It's a scandal that we are putting right.\" <p>Mr Blair was responding to renewed pressure from Tory leader, Michael Howard, over education standards. Mr Howard said just four out of the country's 21,000 schools had been granted freedom under the government's \"power to innovate\" policy since its launch two years ago. </p> <p>Mr Blair insisted all schools had greater freedom than when Labour came to power and vowed there would be no return to the 11-plus system of selection or subsidies to private schools. </p> <p><b>Usuf al-Qaradawih visit</b><br>Mr Howard called for controversial Muslim cleric Dr Yusuf al-Qaradawi to be banned from Britain. He asked Mr Blair why the home secretary had not acted to stop the Egyptian from entering Britain because of his provocative views, including alleged support of suicide bombers and the beating of women. Mr Howard pressed Mr Blair: \"Do you agree with me that someone who backs child suicide bombings and is banned from the US because of his alleged terrorist links should not be allowed into this country?\" </p> <p>Mr Blair said David Blunkett \"has already indicated we will keep this under very strict review. There are rules that have to be applied. Those rules will be applied to this particular individual.\" </p> <p><b>Justification for Iraq war</b><br> The prime minister defended his decision to go to war with Iraq - despite failure to find weapons of mass destruction - and pleaded with MPs to wait for the outcome of the Iraq Survey Group. He insisted that, although no WMD had been found, he was certain Saddam had them and that the ISG had found \"plenty of evidence of intention, capability and intent\". </p> <p><b>Guant\u00e1namo Bay detainees</b><br> Britain must be sure UK Guant\u00e1namo detainees would not be a threat to national security before any moves were made to bring them home, Mr Blair said. \"The issue at the moment is to make sure that if these remaining detainees - five are back already - are returned to this country that we have proper mechanisms in place so that we can be sure of our own security ... because that also is an obligation of government.\" </p> <p><b>Abortion law</b><br> The legal time limit for abortions could be re-examined by MPs in the light of new scientific evidence, the prime minister said, after being asked to comment on calls for terminations carried out for social reasons to be banned after 12 weeks instead of the present 24. </p> <p>Mr Blair said: \"I have not had an opportunity myself to study in detail the evidence that has been provided. But I am sure that if the situation does change then it would be advisable for us to have another look at the whole question. If the scientific evidence has shifted then it is obviously sensible for us to take that into account. If we have proposals to put before the house we will put them.\" </p> <p><b>Sudan crisis</b><br>The Sudanese government was warned by Mr Blair to expect tougher international action if it fails to help aid get through to starving people in Darfur. Mr Blair said food needed to ease the humanitarian crisis was in place and plans had been agreed on ways to tackle militia activity. \"We expect the government of Sudan to cooperate in this and if they do not so operate we will have to consider what further measures we take. But it is not acceptable if the aid is there that it does not get through to the displaced people\". </p> <p><b>Smacking debate</b><br> The prime minister called for \"common sense\" to be applied to the controversy over whether parents should be banned from smacking their children. He said there was a clear difference between child abuse and \"administering parental discipline in a sensible way\". </p> <p><b>Fuel duty rise</b><br>Tories pressed the government to scrap the rise in fuel duty planned for September if the oil price increases. Andrew Tyrie, for Tories, urged scrapping the hike if the price of Brent crude reaches $37.75 (\u00a320.39) a barrel. </p> <p>The Treasury economic secretary, John Healey, accused Tories of announcing a new policy by calling for the abandonment of the annual duty rise if the price of oil rose above a certain level. \"This is an extraordinary declaration of new policy from the shadow chancellor and his team.\" </p> <p><b>Finance bill clears Commons</b><br>The finance bill, implementing the budget package, cleared the Commons, gaining its third reading by 249 to 136. </p> <p><b>River Dee dredging</b><br>Environmental concerns over dredging the River Dee Estuary cannot be allowed to jeopardise an \u00a311bn Airbus deal and 6,000 jobs in Wales, the government was warned by Labour's Martyn Jones. Airbus wants to dredge the docks so its barges can get in and out of the estuary at all times of the day to transport wings for the A380 superjumbo from its plant in Broughton, north Wales. The Environment Agency has refused because it fears dredging will have an adverse effect on the ecosystem. </p> <p>Junior Welsh minister Don Touhig said all factors would be taken into account as an assessment was made. \"British Aerospace employs 6,000 people. It's a crucial player in the economy of north-east Wales and indeed of Wales as a whole,\" he added. </p> <p><b>Animal rights extremists</b><br> The government was urged by Tory Jacqui Lait to introduce new laws to tackle animal rights extremists who terrorise scientists and their families. She warned of campaigns of abuse, intimidation and vandalism on those doing vital medical research. </p> <p>Junior Home Office minister Caroline Flint spoke of late night visits to researchers' homes, threatening phone calls, smashed windows, graffiti on cars and homes and posters claiming individuals were paedophiles. She said: \"We are open to more legislation.\" But the government favoured wider legislation that could be applied to other extremists such as US-style anti-abortion activists who attack clinics, rather than just animal rights' extremists. </p> <p><b>Global warming</b><br> A bid to fight global warming by giving all citizens a equal, tradable greenhouse gas allowance was launched by Labour's Colin Challen. He said his proposals would combat climate change in an \"equitable, fair and efficient\" way by involving the whole population. His domestic tradable quotas (carbon emissions) bill received its first reading but has little chance of becoming law. </p> <p><b>Defence</b><br> It would be \"absolute madness\" to cut the number of infantrymen and units available for sustained deployment by Britain, former chief of the defence staff, Field Marshal Lord Bramall said. The defence procurement minister, Lord Bach, said he took \"great note\" of Lord Bramall's words. </p> <p> <b>New Labour peers</b><br> Baroness Prosser -chairwoman of the Women's National Commission and as Margaret Prosser former Transport and General Workers' Union deputy general secretary - and Lord Maxton, ex-Glasgow Cathcart MP John Maxton, took their Lords seats on the Labour benches. </p> <p><b>Sale of homemade foods</b><br> The government sought to smooth over peers' worries about health restrictions hitting traditional sale of home-made cakes and jams at events like church fetes. Lady Andrews, for ministers, said sale of these foods was not restricted, although the Food Safety Act required that they should not be unfit or unsafe for human consumption. </p> <p><b>In parliament today</b><br>The trade and industry secretary and minister for women, Patricia Hewitt, and her ministers face the Commons at question time. The home secretary, David Blunkett, opens a debate on the Intelligence and Security Committee's annual report. The Lords debates the employment relations bill's report stage and the traffic management bill's third reading.</p>",
      "wordcount": "1258",
      "commentable": "false",
      "isPremoderated": "false",
      "lastModified": "2017-05-08T07:03:39Z",
      "newspaperEditionDate": "2004-07-08T00:00:00Z",
      "productionOffice": "UK",
      "publication": "theguardian.com",
      "shortUrl": "https://gu.com/p/nmq4",
      "shouldHideAdverts": "false",
      "showInRelatedContent": "true",
      "legallySensitive": "false",
      "lang": "en",
      "bodyText": "Education standards The prime minister acknowledged it was a \"scandal\" that children left primary school without the necessary skills in reading and writing. But he insisted at Commons question time: \"It's a scandal that we are putting right.\" Mr Blair was responding to renewed pressure from Tory leader, Michael Howard, over education standards. Mr Howard said just four out of the country's 21,000 schools had been granted freedom under the government's \"power to innovate\" policy since its launch two years ago. Mr Blair insisted all schools had greater freedom than when Labour came to power and vowed there would be no return to the 11-plus system of selection or subsidies to private schools. Usuf al-Qaradawih visit Mr Howard called for controversial Muslim cleric Dr Yusuf al-Qaradawi to be banned from Britain. He asked Mr Blair why the home secretary had not acted to stop the Egyptian from entering Britain because of his provocative views, including alleged support of suicide bombers and the beating of women. Mr Howard pressed Mr Blair: \"Do you agree with me that someone who backs child suicide bombings and is banned from the US because of his alleged terrorist links should not be allowed into this country?\" Mr Blair said David Blunkett \"has already indicated we will keep this under very strict review. There are rules that have to be applied. Those rules will be applied to this particular individual.\" Justification for Iraq war The prime minister defended his decision to go to war with Iraq - despite failure to find weapons of mass destruction - and pleaded with MPs to wait for the outcome of the Iraq Survey Group. He insisted that, although no WMD had been found, he was certain Saddam had them and that the ISG had found \"plenty of evidence of intention, capability and intent\". Guant\u00e1namo Bay detainees Britain must be sure UK Guant\u00e1namo detainees would not be a threat to national security before any moves were made to bring them home, Mr Blair said. \"The issue at the moment is to make sure that if these remaining detainees - five are back already - are returned to this country that we have proper mechanisms in place so that we can be sure of our own security ... because that also is an obligation of government.\" Abortion law The legal time limit for abortions could be re-examined by MPs in the light of new scientific evidence, the prime minister said, after being asked to comment on calls for terminations carried out for social reasons to be banned after 12 weeks instead of the present 24. Mr Blair said: \"I have not had an opportunity myself to study in detail the evidence that has been provided. But I am sure that if the situation does change then it would be advisable for us to have another look at the whole question. If the scientific evidence has shifted then it is obviously sensible for us to take that into account. If we have proposals to put before the house we will put them.\" Sudan crisis The Sudanese government was warned by Mr Blair to expect tougher international action if it fails to help aid get through to starving people in Darfur. Mr Blair said food needed to ease the humanitarian crisis was in place and plans had been agreed on ways to tackle militia activity. \"We expect the government of Sudan to cooperate in this and if they do not so operate we will have to consider what further measures we take. But it is not acceptable if the aid is there that it does not get through to the displaced people\". Smacking debate The prime minister called for \"common sense\" to be applied to the controversy over whether parents should be banned from smacking their children. He said there was a clear difference between child abuse and \"administering parental discipline in a sensible way\". Fuel duty rise Tories pressed the government to scrap the rise in fuel duty planned for September if the oil price increases. Andrew Tyrie, for Tories, urged scrapping the hike if the price of Brent crude reaches $37.75 (\u00a320.39) a barrel. The Treasury economic secretary, John Healey, accused Tories of announcing a new policy by calling for the abandonment of the annual duty rise if the price of oil rose above a certain level. \"This is an extraordinary declaration of new policy from the shadow chancellor and his team.\" Finance bill clears Commons The finance bill, implementing the budget package, cleared the Commons, gaining its third reading by 249 to 136. River Dee dredging Environmental concerns over dredging the River Dee Estuary cannot be allowed to jeopardise an \u00a311bn Airbus deal and 6,000 jobs in Wales, the government was warned by Labour's Martyn Jones. Airbus wants to dredge the docks so its barges can get in and out of the estuary at all times of the day to transport wings for the A380 superjumbo from its plant in Broughton, north Wales. The Environment Agency has refused because it fears dredging will have an adverse effect on the ecosystem. Junior Welsh minister Don Touhig said all factors would be taken into account as an assessment was made. \"British Aerospace employs 6,000 people. It's a crucial player in the economy of north-east Wales and indeed of Wales as a whole,\" he added. Animal rights extremists The government was urged by Tory Jacqui Lait to introduce new laws to tackle animal rights extremists who terrorise scientists and their families. She warned of campaigns of abuse, intimidation and vandalism on those doing vital medical research. Junior Home Office minister Caroline Flint spoke of late night visits to researchers' homes, threatening phone calls, smashed windows, graffiti on cars and homes and posters claiming individuals were paedophiles. She said: \"We are open to more legislation.\" But the government favoured wider legislation that could be applied to other extremists such as US-style anti-abortion activists who attack clinics, rather than just animal rights' extremists. Global warming A bid to fight global warming by giving all citizens a equal, tradable greenhouse gas allowance was launched by Labour's Colin Challen. He said his proposals would combat climate change in an \"equitable, fair and efficient\" way by involving the whole population. His domestic tradable quotas (carbon emissions) bill received its first reading but has little chance of becoming law. Defence It would be \"absolute madness\" to cut the number of infantrymen and units available for sustained deployment by Britain, former chief of the defence staff, Field Marshal Lord Bramall said. The defence procurement minister, Lord Bach, said he took \"great note\" of Lord Bramall's words. New Labour peers Baroness Prosser -chairwoman of the Women's National Commission and as Margaret Prosser former Transport and General Workers' Union deputy general secretary - and Lord Maxton, ex-Glasgow Cathcart MP John Maxton, took their Lords seats on the Labour benches. Sale of homemade foods The government sought to smooth over peers' worries about health restrictions hitting traditional sale of home-made cakes and jams at events like church fetes. Lady Andrews, for ministers, said sale of these foods was not restricted, although the Food Safety Act required that they should not be unfit or unsafe for human consumption. In parliament today The trade and industry secretary and minister for women, Patricia Hewitt, and her ministers face the Commons at question time. The home secretary, David Blunkett, opens a debate on the Intelligence and Security Committee's annual report. The Lords debates the employment relations bill's report stage and the traffic management bill's third reading.",
      "charCount": "7585"
    },
    "isHosted": false,
    "pillarId": "pillar/news",
    "pillarName": "News"
  },
  {
    "id": "sport/2004/jul/08/chess",
    "type": "article",
    "sectionId": "sport",
    "sectionName": "Sport",
    "webPublicationDate": "2004-07-08T01:01:00Z",
    "webTitle": "British chess master struggles against Uzbek in world final",
    "webUrl": "https://www.theguardian.com/sport/2004/jul/08/chess",
    "apiUrl": "https://content.guardianapis.com/sport/2004/jul/08/chess",
    "fields": {
      "headline": "Adams pays high price for caution",
      "trailText": "<p><strong>July 8:</strong>Britain's world championship hopeful has lost the second of the final set of games. Somehow.</p>",
      "byline": "Leonard Barden",
      "main": "",
      "body": "<p>Michael Adams' hopes of becoming Britain's first world champion took a blow yesterday when he had to resign game two of his six-game final against Rustam Kasimdzhanov. </p> <p>After 4 hours and 55 moves the Uzbek broke through to force the win of a rook, with checkmate soon to follow. He leads 1-. Adams has the white pieces in today's game. </p> <p>It was Adams' first defeat in 16 games at the International Chess Federation contest in Tripoli. The result confirmed that Kasimdzhanov, 24, who has eliminated three seeds, is much underrated at No54 in the international rankings. He won in polished style, conceding only a single chance for Adams to escape from his shell. It was move 40, the last before the time control, and the Englishman failed to spot it. </p> <p>Adams will need to change tactics. Over-cautious opening strategy has been the source of his problems. He chose the Petroff 1 e4 e5 2 Nf3 Nc6 yesterday, a defence the grandmaster elite regard as a solid play when aiming for only half a point. But his defensive formation became too static as his Uzbek opponent's pieces controlled a key central route.</p>",
      "newspaperPageNumber": "29",
      "wordcount": "191",
      "commentable": "false",
      "isPremoderated": "false",
      "lastModified": "2016-04-05T06:07:59Z",
      "newspaperEditionDate": "2004-07-08T00:00:00Z",
      "productionOffice": "UK",
      "publication": "theguardian.com",
      "shortUrl": "https://gu.com/p/x786d",
      "shouldHideAdverts": "false",
      "showInRelatedContent": "true",
      "legallySensitive": "false",
      "lang": "en",
      "bodyText": "Michael Adams' hopes of becoming Britain's first world champion took a blow yesterday when he had to resign game two of his six-game final against Rustam Kasimdzhanov. After 4 hours and 55 moves the Uzbek broke through to force the win of a rook, with checkmate soon to follow. He leads 1-. Adams has the white pieces in today's game. It was Adams' first defeat in 16 games at the International Chess Federation contest in Tripoli. The result confirmed that Kasimdzhanov, 24, who has eliminated three seeds, is much underrated at No54 in the international rankings. He won in polished style, conceding only a single chance for Adams to escape from his shell. It was move 40, the last before the time control, and the Englishman failed to spot it. Adams will need to change tactics. Over-cautious opening strategy has been the source of his problems. He chose the Petroff 1 e4 e5 2 Nf3 Nc6 yesterday, a defence the grandmaster elite regard as a solid play when aiming for only half a point. But his defensive formation became too static as his Uzbek opponent's pieces controlled a key central route.",
      "charCount": "1098"
    },
    "isHosted": false,
    "pillarId": "pillar/sport",
    "pillarName": "Sport"
  }
]