[
  {
    "id": "business/2004/jan/18/oilandpetrol.news2",
    "type": "article",
    "sectionId": "business",
    "sectionName": "Business",
    "webPublicationDate": "2004-01-18T13:43:03Z",
    "webTitle": "So, when do we all run out of oil?",
    "webUrl": "https://www.theguardian.com/business/2004/jan/18/oilandpetrol.news2",
    "apiUrl": "https://content.guardianapis.com/business/2004/jan/18/oilandpetrol.news2",
    "fields": {
      "headline": "So, when do we all run out of oil?",
      "trailText": "<p>According to the United States Geological Survey's latest report, published in 2000, the planet had 3 trillion barrels of oil and gas before we started using it up.</p>",
      "byline": "Oliver Morgan",
      "main": "",
      "body": "<p>How much oil do we have left? According to the United States Geological Survey's latest report, published in 2000, the planet had 3 trillion barrels of oil and gas before we started using it up. It calculates we have used some 700 billion, leaving 2.3 trillion barrels underground. </p> <p>A simple calculation using data from the Centre for Global Energy Studies shows that with 28.8 billion barrels currently being used a year (79 million a day), there is some 80 years of supply left in the ground. </p> <p>However, the 2.3 trillion barrels left includes 1.4 trillion which, according to USGS analysis of global geology, exist but have yet to be discovered. That leaves roughly 890 billion barrels of oil and gas that have been discovered and are booked as proven reserves - roughly 31 years' supply. </p> <p>This estimate is lower than the industry's. BP's oil statistics - the industry bible - indicate some 1047 billion barrels of proved reserves - 36 years supply on current usage. </p> <p>But analysts don't worry about this too much. Derek Butter of consultancy Wood Mackenzie says: 'It is not something we get hung up about. We think in the medium term there is enough oil in reserve.' </p> <p>The BP statistics show that over the past decade, reserves have been roughly constant - in 1992 there were 1006 billion barrels - indicating that through the 1990s the industry has been effective at finding reserves to replace the resources we use. It has done well - in 1982, the figure was only 676 billion. </p> <p>Manouchehr Takin of the CGES says: 'Forty years ago, economists and geologists said there were 40 years of oil and gas left. Now they are saying the same.' </p> <p>He adds: 'The techniques for finding oil and extracting it are advancing rapidly. It shows that at any one time what is left, and the time it will take to use this up is only a snapshot dictated by the current state of knowledge. And, of course, there is the impact of economic development, and the efficiency with which we use energy.' </p> <p>Efficient energy use, he argues, has offset the growth of formerly non-industrialised countries, such as India and China, which have anyway not grown as rapidly as was expected in the Sixties and Seventies. Similar dynamics are likely to continue. </p> <p>Nevertheless, demand for oil is likely to increase, as, over time, is the price. Former Environment Minister Michael Meacher recently pointed to a crunch by 2015, when he says demand is likely to total some 60 million barrels a day more than the current 79 million, while supplies will only be some 90 million. </p> <p>CGES argues that Meacher has overstated the increase in demand. It argues that taking reserves into account, his estimates imply 4 per cent growth a year, whereas, depending on price, CGES forecasts between 1 per cent and 1.3 per cent, while Opec has 1.7 per cent. </p> <p>At the top end of its range, CGES believes demand will be 87.7 million barrels a day, within its expected production level. </p> <p>Nevertheless, as Wood Mackenzie points out, nothing can be taken for granted. In a note last week it said: 'There is no escaping the fact that oil and gas are finite resources: the more that has been found, the less that remains to be found.' </p> <p>The crux is: will exploring and finding new reserves be worth it for companies? Theory suggests that as easy resources are depleted extraction becomes more difficult, but that reduction in supply increases price, underpinning the eventual return for companies. </p> <p>Wood Mackenzie is sceptical. It points out that between them major western countries need to find reserves equivalent to Angola's every 15 months just to stand still. </p> <p>It shows that new areas such as Alaska face difficulties because of extreme environmental sensitivities and regulatory concerns. Other areas, such as Nigeria, and newer ones, such as Benin, are uncertain. Companies must take greater risks - such as exploration in ever deeper water, and expensive investment in extraction from shale beds. </p> <p>And it points out that reserve replacement has often been achieved by shuffling finds into the proved category rather than actually finding more oil (which underlines the importance of Shell's declassification of reserves). </p> <p>Eventually, it will be down to consumers to decide when the price of oil and gas makes it no longer worthwhile investing in things that are powered by them. It is likely, concedes Takin, to be well before our notional 2.3 trillion barrels are used up ... whenever that may be.</p>",
      "newspaperPageNumber": "5",
      "wordcount": "765",
      "commentable": "false",
      "isPremoderated": "false",
      "lastModified": "2004-01-28T13:43:03Z",
      "newspaperEditionDate": "2004-01-18T00:00:00Z",
      "productionOffice": "UK",
      "publication": "The Observer",
      "shortUrl": "https://gu.com/p/7bxb",
      "shouldHideAdverts": "false",
      "showInRelatedContent": "true",
      "legallySensitive": "false",
      "lang": "en",
      "bodyText": "How much oil do we have left? According to the United States Geological Survey's latest report, published in 2000, the planet had 3 trillion barrels of oil and gas before we started using it up. It calculates we have used some 700 billion, leaving 2.3 trillion barrels underground. A simple calculation using data from the Centre for Global Energy Studies shows that with 28.8 billion barrels currently being used a year (79 million a day), there is some 80 years of supply left in the ground. However, the 2.3 trillion barrels left includes 1.4 trillion which, according to USGS analysis of global geology, exist but have yet to be discovered. That leaves roughly 890 billion barrels of oil and gas that have been discovered and are booked as proven reserves - roughly 31 years' supply. This estimate is lower than the industry's. BP's oil statistics - the industry bible - indicate some 1047 billion barrels of proved reserves - 36 years supply on current usage. But analysts don't worry about this too much. Derek Butter of consultancy Wood Mackenzie says: 'It is not something we get hung up about. We think in the medium term there is enough oil in reserve.' The BP statistics show that over the past decade, reserves have been roughly constant - in 1992 there were 1006 billion barrels - indicating that through the 1990s the industry has been effective at finding reserves to replace the resources we use. It has done well - in 1982, the figure was only 676 billion. Manouchehr Takin of the CGES says: 'Forty years ago, economists and geologists said there were 40 years of oil and gas left. Now they are saying the same.' He adds: 'The techniques for finding oil and extracting it are advancing rapidly. It shows that at any one time what is left, and the time it will take to use this up is only a snapshot dictated by the current state of knowledge. And, of course, there is the impact of economic development, and the efficiency with which we use energy.' Efficient energy use, he argues, has offset the growth of formerly non-industrialised countries, such as India and China, which have anyway not grown as rapidly as was expected in the Sixties and Seventies. Similar dynamics are likely to continue. Nevertheless, demand for oil is likely to increase, as, over time, is the price. Former Environment Minister Michael Meacher recently pointed to a crunch by 2015, when he says demand is likely to total some 60 million barrels a day more than the current 79 million, while supplies will only be some 90 million. CGES argues that Meacher has overstated the increase in demand. It argues that taking reserves into account, his estimates imply 4 per cent growth a year, whereas, depending on price, CGES forecasts between 1 per cent and 1.3 per cent, while Opec has 1.7 per cent. At the top end of its range, CGES believes demand will be 87.7 million barrels a day, within its expected production level. Nevertheless, as Wood Mackenzie points out, nothing can be taken for granted. In a note last week it said: 'There is no escaping the fact that oil and gas are finite resources: the more that has been found, the less that remains to be found.' The crux is: will exploring and finding new reserves be worth it for companies? Theory suggests that as easy resources are depleted extraction becomes more difficult, but that reduction in supply increases price, underpinning the eventual return for companies. Wood Mackenzie is sceptical. It points out that between them major western countries need to find reserves equivalent to Angola's every 15 months just to stand still. It shows that new areas such as Alaska face difficulties because of extreme environmental sensitivities and regulatory concerns. Other areas, such as Nigeria, and newer ones, such as Benin, are uncertain. Companies must take greater risks - such as exploration in ever deeper water, and expensive investment in extraction from shale beds. And it points out that reserve replacement has often been achieved by shuffling finds into the proved category rather than actually finding more oil (which underlines the importance of Shell's declassification of reserves). Eventually, it will be down to consumers to decide when the price of oil and gas makes it no longer worthwhile investing in things that are powered by them. It is likely, concedes Takin, to be well before our notional 2.3 trillion barrels are used up ... whenever that may be.",
      "charCount": "4425"
    },
    "isHosted": false,
    "pillarId": "pillar/news",
    "pillarName": "News"
  },
  {
    "id": "business/2004/jan/18/oilandpetrol.news1",
    "type": "article",
    "sectionId": "business",
    "sectionName": "Business",
    "webPublicationDate": "2004-01-18T12:58:32Z",
    "webTitle": "Shareholders want to know where Shell's reserves went",
    "webUrl": "https://www.theguardian.com/business/2004/jan/18/oilandpetrol.news1",
    "apiUrl": "https://content.guardianapis.com/business/2004/jan/18/oilandpetrol.news1",
    "fields": {
      "headline": "Shareholders want to know where Shell's reserves went",
      "standfirst": "A week later and even the most basic questions remain unanswered after the shock confession by the Anglo-Dutch giant that its oil and gas reserves are not as plentiful as they seemed. Oliver Morgan reports",
      "trailText": "<p>A week later and even the most basic questions remain unanswered after the shock confession by the Anglo-Dutch giant that its oil and gas reserves are not as plentiful as they seemed. <strong>Oliver Morgan</strong> reports.</p>",
      "byline": "Oliver Morgan",
      "main": "",
      "body": "<p>Shell is living in the Twilight Zone. Some would say that is the natural habitat of the oil giant, whose history of cumbersome bureaucracy, opaque governance, lacklustre financial performance and prickliness to outsiders has suggested it occupies a world of its own. </p> <p>Its investors had hoped attempts in the decade since the Brent Spar debacle to transform this aloof, quasi-imperial Anglo-Dutch behemoth into a more open, entrepreneurial (yet prudent) oil and gas major were succeeding. Now the investors are in limbo, too. </p> <p>Following the announcement a week ago that 3.9 billion barrels of oil and gas, or 20 per cent of its reserves, were no longer 'proved' - meaning they would not be retrieved as quickly as thought - they must wait until a results presentation on 5 February for an explanation by chairman Sir Philip Watts. </p> <p>They are furious, and feel fobbed off by the one-page press release and conference call, in which neither Watts nor finance director Judy Boynton, the other executive director on the board of the UK side of the company, took part. In the resulting information vacuum, the shares have gyrated from 401p to 359p. </p> <p>Investors are still asking the basic questions. What has happened? How did it happen? Why? What will it mean for returns on our investments? </p> <p>As one fund manager said last week: 'Have circumstances changed vis \u00e0 vis the oil price? It doesn't appear so. Have they simply taken a different view on the probability of these reserves being commercial? If so, why? And why, on an issue of this importance, don't the most important people turn out? </p> <p>'We don't know any of the answers, but our corporate governance people are looking at it all very carefully. The National Association of Pension Funds is now involved. If they don't get satisfactory answers, we will be forced to write demanding explanations.' </p> <p>So, what happened? Shell's announcement moved the 3.9 billion barrels from the 'proved' category - which indicates commitment to extracting oil and gas commercially - to 'scope for recovery', a lower category in which the commitment is weaker and extraction further away. </p> <p>Critically, it means that regulators, particularly the US Securities and Exchange Commission (SEC), do not recognise the barrels as reserves. Shell does not book the reserves as financial assets, but they are an indication of future growth prospects, and so the numbers are crucial. </p> <p>It was a disaster for Shell, and for Watts, who is already at the bottom of the FTSE 100 chief executive popularity league thanks to his waspish manner and a couple of hiccups since his appointment in 2001, including allegedly overpaying for Enterprise oil and missing production targets. </p> <p>How did it happen? Robert Plummer of consultancy Wood Mackenzie identifies five stages from discovering oil, through appraisal of the find, engineering work, making commercial arrangements such as project finance and negotiating contracts for output to the final investment decision (FID), when a company commits to recovering the oil and/or gas. </p> <p>Plummer says: 'What appears to have happened is that the 3.9 billion barrels was booked before FID.' This is 'surprising', particularly in the case of the biggest examples, the Gorgon liquified natural gas project in Australia and Shell's Nigerian operations, which together account for 50 per cent of the total. </p> <p>With Gorgon, Shell had letters of intent from Korean and Japanese customers to buy the output when it booked the project in 1997. But, Plummer says, there is a long way between these and commitment. Nigeria has vast potential reserves. But development is dependent on Shell gaining a larger proportion of Nigeria's Opec quota. </p> <p>The Gorgon case is difficult for Shell because its partners, Exxon Mobil and Chevron Texaco, did not book reserves as proved. Both are difficult for Watts, who was head of exploration and production from 1997 to 2001. </p> <p>Despite refusing to put up senior executives, Shell was last week desperate to limit the damage. It claims that the oil hasn't gone away, the reserves are still there, and it expects to get them out, re-listing them proven 'over time'. There is little disagreement among experts over this, just concern about what 'over time' means. </p> <p>Second, Shell says the classification of reserves is a 'very grey area'. Last year, because of concerns over lack of consistency in booking standards, the SEC issued guidance, underlining that, to be proved, there must be 'reasonable certainty' of recovery, and urging conservatism. </p> <p>Even this is not clear. Deutsche Bank analyst JJ Traynor points out that booking is still governed by guidelines, not rules. Most companies only book as proved those reserves with a 90 per cent or more chance of recovery on current capital spending plans. Most only ink them in after FID. Shell (and in some circumstances BP) are less conservative. </p> <p>And the SEC demands that only reserves retrievable during the license period allowed by local authorities be booked, while UK companies have traditionally booked those over the life of the field. BP (currently enjoying Shell's discomfort) faced concerns over this in Russia last year, although they came to nothing. </p> <p>Apart from the SEC's guidelines, the Society of Petroleum Engineers has produced definition of reserves, with nine categories. The SEC is interested only in the first. Shell says it has moved the relevant reserves only from the first to the second of these categories. </p> <p>Then there are the companies. Ultimately it is subjective - Traynor points out that the rules 'leave it to the companies to exercise proper judgment about when a reserve becomes commercial and is thus likely enough to be developed that it should be considered so certain as to be classified as proven'. Therefore, technically, Shell was not breaking rules. </p> <p>Third, Shell argues that its review was discovered during a routine review of reserves started a year ago, so it is virtuously 'fessing up. Fourth, it argues its immediate financial performance has not been harmed. </p> <p>Investors are taking all this with a pinch of salt. That the reserves are still in the ground is not the point. When will they come out? As Commerzbank analyst Clay Smith says: 'The issue for investors is: how much more will it cost Shell to bring these reserves back?' </p> <p>In the data vacuum since 9 January, analysts are finding that tough to work out. The company points to a 10 per cent reduction in future cashflow from the affected reserves. Without detailed knowledge of planned investment, analysts are guesstimating; one back-of-the-envelope sum indicated Shell's value had slumped by $2.4bn. </p> <p>In the absence of harder data, the City has looked at how Shell compares with its rivals in terms of booked reserves before and after 9 January. </p> <p>Wood Mackenzie calculates that before the revision Shell was replacing the oil it was extracting at a rate of 105 per cent - its future stocks were increasing. But even then it was behind ExxonMobil (116 per cent) and BP (152 per cent). After 9 January Shell's figure fell to 57 per cent - its reserves are contracting. </p> <p>Before, it had 13.6 years of proved reserves. After, it had 10.9. BP has 12.9, Exxon 13.3. And as economies of scale evaporate, its finding and development costs rise from $4.27 to $7.9 per barrel, or around 25 per cent of sale price, compared with BP's $3.73 and Exxon's $3.93. </p> <p>It is these benchmarks on which oil majors are valued against each other. That is why Shell is being hit. </p> <p>BP and Exxon have ruled out similar downgrades and are enjoying Shell's problems. BP says it books reserves after FID, except in cases where it is certain FID is imminent. Exxon gloats that it has a high threshold for reserves to be proved. 'Shell... had booked Gorgon reserves while Exxon had not.' </p> <p>Plummer says: 'Reserves are the future of a company. The data shows that Shell is less efficient at replacing its reserves than competitors. While there may be no impact on immediate earnings, it is the sustainability of production you have to ask about.' </p> <p>It is a disaster. So why did it happen? </p> <p>Analysts point back 10 years. Shell's then chairman, Cornelius Herkstroter, resolved to bridge the gap between Shell's return on capital - 7.9 per cent - and the industry average of 9.3 per cent. Efforts were re-doubled under Mark Moody Stuart. Smith says: 'I remember him sitting on the edge of a desk in 1997 and vowing to us that Shell would never again sacrifice return on capital for growth.' </p> <p>As the company became obsessed with returns it attempted to break up the Byzantine 'matrix' management structure recommended by McKinsey in 1959, subordinating more than 100 regional chief executives to a central committee of managing directors composed from the UK's Shell Transport and Trading Company (which owns 40 per cent of the group) and Royal Dutch, the Netherlands part, which has 60 per cent. </p> <p>One Shell watcher says: 'The old set-up created regional fiefdoms, which bid for budgets from the centre, and had an incentive to bump up reserves, and to talk up their own province at the expense of others. Australia and Nigeria were traditionally key \"baronies\".' </p> <p>Plummer says: 'There are two things. First, as it has modernised, Shell has moved bookings, along with many other things, from being devolved to being much more centralised, and that may have prompted this. At the same time, whatever Shell says, the SEC has been asking some probing questions of the companies.' </p> <p>For example, in last year's guidance, the SEC indicated that: 'An inordinately long delay in the schedule of development may introduce doubt sufficient to preclude the attribution of proved reserves.' </p> <p>This meant, in the case of Gorgon, that the fact that letters of intent had not been converted into firm commitments - thanks to the 1998 Asian crisis and the slump in regional demand for natural gas - meant there were questions. </p> <p>Shell argues it booked the reserves in good faith. 'They were booked according to our best interpretations of reasonable certainty,' said a spokesman last week. </p> <p>Good faith may not be enough. Many Investors want explanations; some want Watts' head. But non-executives are said to be on his side, and, thanks to the arcane board structure, some investors are unsure of how to unseat him. Perhaps it is another example of the different worlds occupied by those who run the company and those who own it. </p> <p>We will know what Watts thinks of the prospects of the company, and of himself, only when they return from the Twilight Zone in February. </p> <p>Only then will investors get an idea if the company wants to re-join the real world.</p>",
      "newspaperPageNumber": "5",
      "wordcount": "1791",
      "commentable": "false",
      "isPremoderated": "false",
      "lastModified": "2004-01-18T01:12:36Z",
      "newspaperEditionDate": "2004-01-18T00:00:00Z",
      "productionOffice": "UK",
      "publication": "The Observer",
      "shortUrl": "https://gu.com/p/7bxa",
      "shouldHideAdverts": "false",
      "showInRelatedContent": "true",
      "legallySensitive": "false",
      "lang": "en",
      "bodyText": "Shell is living in the Twilight Zone. Some would say that is the natural habitat of the oil giant, whose history of cumbersome bureaucracy, opaque governance, lacklustre financial performance and prickliness to outsiders has suggested it occupies a world of its own. Its investors had hoped attempts in the decade since the Brent Spar debacle to transform this aloof, quasi-imperial Anglo-Dutch behemoth into a more open, entrepreneurial (yet prudent) oil and gas major were succeeding. Now the investors are in limbo, too. Following the announcement a week ago that 3.9 billion barrels of oil and gas, or 20 per cent of its reserves, were no longer 'proved' - meaning they would not be retrieved as quickly as thought - they must wait until a results presentation on 5 February for an explanation by chairman Sir Philip Watts. They are furious, and feel fobbed off by the one-page press release and conference call, in which neither Watts nor finance director Judy Boynton, the other executive director on the board of the UK side of the company, took part. In the resulting information vacuum, the shares have gyrated from 401p to 359p. Investors are still asking the basic questions. What has happened? How did it happen? Why? What will it mean for returns on our investments? As one fund manager said last week: 'Have circumstances changed vis \u00e0 vis the oil price? It doesn't appear so. Have they simply taken a different view on the probability of these reserves being commercial? If so, why? And why, on an issue of this importance, don't the most important people turn out? 'We don't know any of the answers, but our corporate governance people are looking at it all very carefully. The National Association of Pension Funds is now involved. If they don't get satisfactory answers, we will be forced to write demanding explanations.' So, what happened? Shell's announcement moved the 3.9 billion barrels from the 'proved' category - which indicates commitment to extracting oil and gas commercially - to 'scope for recovery', a lower category in which the commitment is weaker and extraction further away. Critically, it means that regulators, particularly the US Securities and Exchange Commission (SEC), do not recognise the barrels as reserves. Shell does not book the reserves as financial assets, but they are an indication of future growth prospects, and so the numbers are crucial. It was a disaster for Shell, and for Watts, who is already at the bottom of the FTSE 100 chief executive popularity league thanks to his waspish manner and a couple of hiccups since his appointment in 2001, including allegedly overpaying for Enterprise oil and missing production targets. How did it happen? Robert Plummer of consultancy Wood Mackenzie identifies five stages from discovering oil, through appraisal of the find, engineering work, making commercial arrangements such as project finance and negotiating contracts for output to the final investment decision (FID), when a company commits to recovering the oil and/or gas. Plummer says: 'What appears to have happened is that the 3.9 billion barrels was booked before FID.' This is 'surprising', particularly in the case of the biggest examples, the Gorgon liquified natural gas project in Australia and Shell's Nigerian operations, which together account for 50 per cent of the total. With Gorgon, Shell had letters of intent from Korean and Japanese customers to buy the output when it booked the project in 1997. But, Plummer says, there is a long way between these and commitment. Nigeria has vast potential reserves. But development is dependent on Shell gaining a larger proportion of Nigeria's Opec quota. The Gorgon case is difficult for Shell because its partners, Exxon Mobil and Chevron Texaco, did not book reserves as proved. Both are difficult for Watts, who was head of exploration and production from 1997 to 2001. Despite refusing to put up senior executives, Shell was last week desperate to limit the damage. It claims that the oil hasn't gone away, the reserves are still there, and it expects to get them out, re-listing them proven 'over time'. There is little disagreement among experts over this, just concern about what 'over time' means. Second, Shell says the classification of reserves is a 'very grey area'. Last year, because of concerns over lack of consistency in booking standards, the SEC issued guidance, underlining that, to be proved, there must be 'reasonable certainty' of recovery, and urging conservatism. Even this is not clear. Deutsche Bank analyst JJ Traynor points out that booking is still governed by guidelines, not rules. Most companies only book as proved those reserves with a 90 per cent or more chance of recovery on current capital spending plans. Most only ink them in after FID. Shell (and in some circumstances BP) are less conservative. And the SEC demands that only reserves retrievable during the license period allowed by local authorities be booked, while UK companies have traditionally booked those over the life of the field. BP (currently enjoying Shell's discomfort) faced concerns over this in Russia last year, although they came to nothing. Apart from the SEC's guidelines, the Society of Petroleum Engineers has produced definition of reserves, with nine categories. The SEC is interested only in the first. Shell says it has moved the relevant reserves only from the first to the second of these categories. Then there are the companies. Ultimately it is subjective - Traynor points out that the rules 'leave it to the companies to exercise proper judgment about when a reserve becomes commercial and is thus likely enough to be developed that it should be considered so certain as to be classified as proven'. Therefore, technically, Shell was not breaking rules. Third, Shell argues that its review was discovered during a routine review of reserves started a year ago, so it is virtuously 'fessing up. Fourth, it argues its immediate financial performance has not been harmed. Investors are taking all this with a pinch of salt. That the reserves are still in the ground is not the point. When will they come out? As Commerzbank analyst Clay Smith says: 'The issue for investors is: how much more will it cost Shell to bring these reserves back?' In the data vacuum since 9 January, analysts are finding that tough to work out. The company points to a 10 per cent reduction in future cashflow from the affected reserves. Without detailed knowledge of planned investment, analysts are guesstimating; one back-of-the-envelope sum indicated Shell's value had slumped by $2.4bn. In the absence of harder data, the City has looked at how Shell compares with its rivals in terms of booked reserves before and after 9 January. Wood Mackenzie calculates that before the revision Shell was replacing the oil it was extracting at a rate of 105 per cent - its future stocks were increasing. But even then it was behind ExxonMobil (116 per cent) and BP (152 per cent). After 9 January Shell's figure fell to 57 per cent - its reserves are contracting. Before, it had 13.6 years of proved reserves. After, it had 10.9. BP has 12.9, Exxon 13.3. And as economies of scale evaporate, its finding and development costs rise from $4.27 to $7.9 per barrel, or around 25 per cent of sale price, compared with BP's $3.73 and Exxon's $3.93. It is these benchmarks on which oil majors are valued against each other. That is why Shell is being hit. BP and Exxon have ruled out similar downgrades and are enjoying Shell's problems. BP says it books reserves after FID, except in cases where it is certain FID is imminent. Exxon gloats that it has a high threshold for reserves to be proved. 'Shell... had booked Gorgon reserves while Exxon had not.' Plummer says: 'Reserves are the future of a company. The data shows that Shell is less efficient at replacing its reserves than competitors. While there may be no impact on immediate earnings, it is the sustainability of production you have to ask about.' It is a disaster. So why did it happen? Analysts point back 10 years. Shell's then chairman, Cornelius Herkstroter, resolved to bridge the gap between Shell's return on capital - 7.9 per cent - and the industry average of 9.3 per cent. Efforts were re-doubled under Mark Moody Stuart. Smith says: 'I remember him sitting on the edge of a desk in 1997 and vowing to us that Shell would never again sacrifice return on capital for growth.' As the company became obsessed with returns it attempted to break up the Byzantine 'matrix' management structure recommended by McKinsey in 1959, subordinating more than 100 regional chief executives to a central committee of managing directors composed from the UK's Shell Transport and Trading Company (which owns 40 per cent of the group) and Royal Dutch, the Netherlands part, which has 60 per cent. One Shell watcher says: 'The old set-up created regional fiefdoms, which bid for budgets from the centre, and had an incentive to bump up reserves, and to talk up their own province at the expense of others. Australia and Nigeria were traditionally key \"baronies\".' Plummer says: 'There are two things. First, as it has modernised, Shell has moved bookings, along with many other things, from being devolved to being much more centralised, and that may have prompted this. At the same time, whatever Shell says, the SEC has been asking some probing questions of the companies.' For example, in last year's guidance, the SEC indicated that: 'An inordinately long delay in the schedule of development may introduce doubt sufficient to preclude the attribution of proved reserves.' This meant, in the case of Gorgon, that the fact that letters of intent had not been converted into firm commitments - thanks to the 1998 Asian crisis and the slump in regional demand for natural gas - meant there were questions. Shell argues it booked the reserves in good faith. 'They were booked according to our best interpretations of reasonable certainty,' said a spokesman last week. Good faith may not be enough. Many Investors want explanations; some want Watts' head. But non-executives are said to be on his side, and, thanks to the arcane board structure, some investors are unsure of how to unseat him. Perhaps it is another example of the different worlds occupied by those who run the company and those who own it. We will know what Watts thinks of the prospects of the company, and of himself, only when they return from the Twilight Zone in February. Only then will investors get an idea if the company wants to re-join the real world.",
      "charCount": "10589"
    },
    "isHosted": false,
    "pillarId": "pillar/news",
    "pillarName": "News"
  },
  {
    "id": "business/2004/jan/18/oilandpetrol.news",
    "type": "article",
    "sectionId": "business",
    "sectionName": "Business",
    "webPublicationDate": "2004-01-18T12:58:31Z",
    "webTitle": "First get rid of Watts, say Shell investors",
    "webUrl": "https://www.theguardian.com/business/2004/jan/18/oilandpetrol.news",
    "apiUrl": "https://content.guardianapis.com/business/2004/jan/18/oilandpetrol.news",
    "fields": {
      "headline": "First get rid of Watts, say Shell investors",
      "trailText": "<p>Shell investors are demanding a showdown meeting with chairman Sir Philip Watts to press for his resignation. </p>",
      "byline": "Oliver Morgan, industrial editor",
      "main": "",
      "body": "<p>Shell investors are demanding a showdown meeting with chairman Sir Philip Watts to press for his resignation. </p> <p>A group of shareholders are 'actively engaged' with the Shell board and have said they want the crunch meeting before Watts presents the company's fourth-quarter results on 5 February. </p> <p>Investors believe the 'Watts issue' must be dealt with before other concerns about the dual structure of the company and its governance are addressed. One leading share holder said: 'We need change, and it has to start at the top.' </p> <p>Investors are furious with Watts for his absence from a crucial conference call on 9 January at which Shell announced it was no longer counting 20 per cent of its oil and gas reserves as 'proved'. Shares have since plummeted. </p> <p>Following reports last week that some Shell directors were supporting Watts, investors are stepping up the pressure for him to stand down. </p> <p>A leading shareholder said: 'At the moment it looks as if executives have closed ranks. We are actively engaged, and we are being robust. They have got to have very good reasons for keeping Watts if we are to accept them.' He added that the company was lame while the stand-off with investors continued because it could not get shareholder support for any strategic changes needed to close the 20 per cent gap in share price that now separates it from rivals BP and ExxonMobil. </p> <p>Other investors are also keen to ensure that Shell's management structure, in which the chairman is 'first among equals' on a committee of managing directors, is overhauled.</p>",
      "newspaperPageNumber": "1",
      "wordcount": "262",
      "commentable": "false",
      "isPremoderated": "false",
      "lastModified": "2004-01-18T01:12:35Z",
      "newspaperEditionDate": "2004-01-18T00:00:00Z",
      "productionOffice": "UK",
      "publication": "The Observer",
      "shortUrl": "https://gu.com/p/7bxx",
      "shouldHideAdverts": "false",
      "showInRelatedContent": "true",
      "legallySensitive": "false",
      "lang": "en",
      "bodyText": "Shell investors are demanding a showdown meeting with chairman Sir Philip Watts to press for his resignation. A group of shareholders are 'actively engaged' with the Shell board and have said they want the crunch meeting before Watts presents the company's fourth-quarter results on 5 February. Investors believe the 'Watts issue' must be dealt with before other concerns about the dual structure of the company and its governance are addressed. One leading share holder said: 'We need change, and it has to start at the top.' Investors are furious with Watts for his absence from a crucial conference call on 9 January at which Shell announced it was no longer counting 20 per cent of its oil and gas reserves as 'proved'. Shares have since plummeted. Following reports last week that some Shell directors were supporting Watts, investors are stepping up the pressure for him to stand down. A leading shareholder said: 'At the moment it looks as if executives have closed ranks. We are actively engaged, and we are being robust. They have got to have very good reasons for keeping Watts if we are to accept them.' He added that the company was lame while the stand-off with investors continued because it could not get shareholder support for any strategic changes needed to close the 20 per cent gap in share price that now separates it from rivals BP and ExxonMobil. Other investors are also keen to ensure that Shell's management structure, in which the chairman is 'first among equals' on a committee of managing directors, is overhauled.",
      "charCount": "1543"
    },
    "isHosted": false,
    "pillarId": "pillar/news",
    "pillarName": "News"
  },
  {
    "id": "business/2004/jan/18/iraq",
    "type": "article",
    "sectionId": "business",
    "sectionName": "Business",
    "webPublicationDate": "2004-01-18T01:12:37Z",
    "webTitle": "Amec loses out to US in Iraq deal",
    "webUrl": "https://www.theguardian.com/business/2004/jan/18/iraq",
    "apiUrl": "https://content.guardianapis.com/business/2004/jan/18/iraq",
    "fields": {
      "headline": "Amec loses out to US in Iraq deal",
      "trailText": "<p>UK construction giant Amec has missed out on $2 billion worth of contracts to rebuild damaged oil infrastructure in Iraq. </p>",
      "byline": "Oliver Morgan and Nick Mathiason",
      "main": "",
      "body": "<p>UK construction giant Amec has missed out on $2 billion worth of contracts to rebuild damaged oil infrastructure in Iraq. </p> <p>The news will be a blow for the company which, along with US partner Fluor, has lobbied hard to win one of the two contracts on offer from the US Army Corps of Engineers. The work has instead been split between KBR, a subsidiary of Houston-based Halliburton, which will operate in the south of Iraq, and a partnership between California-based Parsons and Worley Group of Australia, which will work in the north. </p> <p>Halliburton has scooped the more valuable deal - worth up to $1.2bn. Its success will be highly controversial: Halliburton was formerly headed by US Vice-President Dick Cheney and was handed an initial contract to work on the field in the spring without competition, prompting accusations of cronyism. The two new deals supersede the initial contract, from which Halliburton has already made more than $2.3bn. </p> <p>This weekend Pentagon criminal investigators are looking into whether Halliburton profited unduly from trucking fuel into Iraq. The contract was given to KBR by the US without the firm having to bid. The investigation was referred to the Pentagon by the Defense Contract Audit Agency. </p> <p>A draft DCAA audit last month found evidence that KBR might have overcharged by $61 million.</p>",
      "newspaperPageNumber": "1",
      "wordcount": "219",
      "commentable": "false",
      "isPremoderated": "false",
      "lastModified": "2016-06-15T08:59:00Z",
      "newspaperEditionDate": "2004-01-18T00:00:00Z",
      "productionOffice": "UK",
      "publication": "The Observer",
      "shortUrl": "https://gu.com/p/deky",
      "shouldHideAdverts": "false",
      "showInRelatedContent": "true",
      "legallySensitive": "false",
      "lang": "en",
      "bodyText": "UK construction giant Amec has missed out on $2 billion worth of contracts to rebuild damaged oil infrastructure in Iraq. The news will be a blow for the company which, along with US partner Fluor, has lobbied hard to win one of the two contracts on offer from the US Army Corps of Engineers. The work has instead been split between KBR, a subsidiary of Houston-based Halliburton, which will operate in the south of Iraq, and a partnership between California-based Parsons and Worley Group of Australia, which will work in the north. Halliburton has scooped the more valuable deal - worth up to $1.2bn. Its success will be highly controversial: Halliburton was formerly headed by US Vice-President Dick Cheney and was handed an initial contract to work on the field in the spring without competition, prompting accusations of cronyism. The two new deals supersede the initial contract, from which Halliburton has already made more than $2.3bn. This weekend Pentagon criminal investigators are looking into whether Halliburton profited unduly from trucking fuel into Iraq. The contract was given to KBR by the US without the firm having to bid. The investigation was referred to the Pentagon by the Defense Contract Audit Agency. A draft DCAA audit last month found evidence that KBR might have overcharged by $61 million.",
      "charCount": "1321"
    },
    "isHosted": false,
    "pillarId": "pillar/news",
    "pillarName": "News"
  },
  {
    "id": "business/2004/jan/18/politics.economicpolicy1",
    "type": "article",
    "sectionId": "business",
    "sectionName": "Business",
    "webPublicationDate": "2004-01-18T00:23:36Z",
    "webTitle": "IMF: from rates to ratings",
    "webUrl": "https://www.theguardian.com/business/2004/jan/18/politics.economicpolicy1",
    "apiUrl": "https://content.guardianapis.com/business/2004/jan/18/politics.economicpolicy1",
    "fields": {
      "headline": "IMF: from rates to ratings",
      "standfirst": "Six decades on from Bretton Woods, William Keegan concludes his assessment of its legacy",
      "trailText": "<p>Six decades on from Bretton Woods, <strong>William Keegan</strong> concludes his assessment of its legacy.</p>",
      "byline": "William Keegan",
      "main": "",
      "body": "<p>Last week we saw how the Bretton Woods system of 'fixed rate but adjustable' exchange rates collapsed in the early 1970s. But this did not mean that the famous institution set up to operate the old system fell into desuetude with it. Institutions adapt with the times. Just as the Bank for International Settlements, formed during the inter-war years to handle the task of German reparations, lived on in Basle as 'the central banker's bank', so the International Monetary Fund went marching on, adapting itself to the new world of floating exchange rates, higher inflation and the enormous problems arising from the two oil crises of the 1970s. </p> <p>It seems astonishing to look back on it, but, from the inauguration of the Bretton Woods system shortly after the Second World War to the Smithsonian Agreement of December 1971, exchange rates, except when officially devalued or revalued (ie revalued upwards) by international agreement, were kept within a range of 1 per cent either side of their agreed 'central rates'. </p> <p>By February 1973 it was clear that the 10 per cent devaluation of the dollar in 1971 was not enough to restore balance to the international economy: the Japanese yen floated upwards, the US Treasury Secretary George Shultz declared that the US 'undertakes no obligations to intervene in foreign exchange markets', and abolished capital controls. The President of the Bundesbank, Otmar Emminger, announced that the financial markets, by putting unbearable strain on the 'system', had sounded 'the death knell for the Bretton Woods parity system'. The currencies of the European Community also floated against the dollar. Just to ram it home, Shultz added: 'Santa Claus is dead.' In the words of the IMF historian Harold James, 'the US would not act as a global monetary saviour if this meant altering the chances for a re-election of President Nixon' (International Monetary Cooperation Since Bretton Woods, Oxford, 1996). </p> <p>The Europeans, and the French in particular, hankered for as much stability as they could achieve in the face of a changing world and US 'benign neglect'. From March 1972 they formed a 'currency snake' under which EEC currencies could only move against one another within a margin of 2.25 per cent, as against the 4.5 per cent (2.25 per cent either side of centre) allowed by the Smithsonian agreement. This became known as 'the snake in the Smithsonian tunnel'. </p> <p>The pound spent six weeks in the snake in summer 1972, but could not stand the strain and left. The French franc left the snake twice, but the desire to achieve a 'zone of monetary stability' in Europe led to the creation of the European exchange rate mechanism in 1979. </p> <p>Efforts to revive the Bretton Woods system during the 1970s proved futile. From September 1972 to January 1974 the Committee of 20 (C20), under Britain's Jeremy Morse, examined options, but he concluded: 'High levels of inflation make it hard to maintain values or, more generally, a full structured international system.' </p> <p>Positions had reversed from the immediate post-war years. The Europeans wanted convertibility of dollars into gold and foreign exchange; the US favoured limits on convertibility. The US urged an automatic mechanism for forcing surplus countries to reduce their surpluses of foreign exchange, but the Europeans, especially the Germans, opposed proposals for expansionary measures by large creditor countries. </p> <p>Shultz insisted: 'Disproportionate gains or losses in reserves may be the most equitable and effective single indicator we have to guide the adjustment process.' The IMF might play an even more important role in supervising exchange-rate policies under the new 'non-system'. The C20 agreed in March 1973 that there was 'a need for exchange market stability... and Fund (ie IMF) surveillance of exchange rate policies'. </p> <p>But Opec - the organisation of petroleum exporting countries - did not like the way its earnings (oil was priced in dollars) had been devalued with the dollar. They resorted to 'the oil weapon'. The price of oil quintupled between autumn 1973 and 1974. This aggravated an already dangerous acceleration in inflation among the industrial countries. </p> <p>By January 1974 Johannes Witteveen, managing director of the IMF, was saying, as the C20 threw in the towel, 'in the present situation a large measure of floating is unavoidable and indeed desirable'. For Paul Volcker, then a senior US Treasury official, the IMF might become more important under a non-Bretton Woods system than otherwise. </p> <p>The C20 became 'the Interim Committee' - interim but permanent. It has been the IMF's key political decision-making body to this day and for some years now chaired by our own Gordon Brown. </p> <p>An earlier chairman was Denis Healey in the late 70s - but not before the UK, under Healey's chancellorship, had suffered ignominious recourse to the IMF in 1976. </p> <p>We had been in the hands of the IMF under Roy Jenkins in 1967-68, after the devaluation that year that prompted the resignation of Jim Callaghan from the Treasury. But this time the embarrassment was all the greater, because the resolution of the UK's balance of payments and inflation crisis had been postponed by the oil price shock, although equally our own crisis had been aggravated by the oil shock. </p> <p>Between 1973 and 1974 the export earnings of the Opec group rose from $33 billion to $108bn. Many of these producers, most notably Nigeria, had been members of the 'sterling area' and held their funds in London. This practice kept the pound artificially high in 1974 and 1975, but the sterling crisis arose when Nigeria and others diversified their funds in 1976. </p> <p>Britain was the last major industrial country to borrow from the IMF. After that the IMF became increasingly involved with developing countries and a series of debt crises affecting Mexico, Brazil and others in the 1980s. One of the main reasons for these crises was that, with official encouragement, banks 'recycled' surplus Opec funds to developing countries, often regardless of the risk or of the quality of economic and financial policy in the borrowing countries. </p> <p>The recycling process had been given added impetus in 1979 when Opec announced another large increase in the oil price. As IMF historian Harold James points out, the debt crisis brought the IMF back to the centre of the international financial system 'first as a coordinator [of loans and rescue packages] and then as a source of information, advice and warning on the mutual consistency of national economic policies'. </p> <p>Beneath that simple sentence lie several decades of controversy about the IMF, the impact of IMF policies and the sensitivity (or otherwise) of its approach. Among the most notable critics is Joseph Stiglitz, the American former Chief Economist of the World Bank, who states in his best-selling The Roaring Nineties: 'We fought against privatisation of Social Security at home, while we pushed it abroad. At home we fought against the balanced budget amendment, which would have constrained our ability to use expansionary fiscal policy in the event of a downturn; but abroad, we imposed contractionary fiscal policies on countries going into recessions.' Again: 'While we did not believe in market fundamentalism, the view that markets by themselves would solve the economy's [and society's] problems, we pushed market fundamentalism on the rest of the world, both directly and through the IMF.' </p> <p>The IMF's post-Bretton Woods role evolved into 'crisis management and crisis prevention'. Its record, both in Latin America and east Asia, for instance, is mixed. Many a developing economy has been desperate for its help, yet Malaysia managed without the IMF/US Treasury prescription after the 1997 Asian crisis and the rescue of the South Korean economy that year depended more directly on US Treasury negotiations with commercial banks. </p> <p>In the words of leading US economist Paul Krugman, the IMF, in the world of floating rates, has become 'almost like a bond-rating agency'. It gives 'a good housekeeping seal of approval on a country's [economic] programme'. </p> <p>The big interventions in the exchange rate markets during the 1980s - the Plaza agreement on a dollar devaluation in September 1995 and the plan to stabilise rates in February 1997 (the Louvre accord) - were Group of Five (later G7) operations. </p> <p>Now, once more, there is great tension in the exchange markets, with the dollar undergoing a serious devaluation, and the euro rising too high for the comfort of Eurozone exporters. The market has produced its own Plaza agreement, but there is no sign of any Louvre accord to stabilise the markets.</p>",
      "newspaperPageNumber": "8",
      "wordcount": "1411",
      "commentable": "false",
      "isPremoderated": "false",
      "lastModified": "2017-05-08T07:30:16Z",
      "newspaperEditionDate": "2004-01-18T00:00:00Z",
      "productionOffice": "UK",
      "publication": "The Observer",
      "shortUrl": "https://gu.com/p/dd77",
      "shouldHideAdverts": "false",
      "showInRelatedContent": "true",
      "legallySensitive": "false",
      "lang": "en",
      "bodyText": "Last week we saw how the Bretton Woods system of 'fixed rate but adjustable' exchange rates collapsed in the early 1970s. But this did not mean that the famous institution set up to operate the old system fell into desuetude with it. Institutions adapt with the times. Just as the Bank for International Settlements, formed during the inter-war years to handle the task of German reparations, lived on in Basle as 'the central banker's bank', so the International Monetary Fund went marching on, adapting itself to the new world of floating exchange rates, higher inflation and the enormous problems arising from the two oil crises of the 1970s. It seems astonishing to look back on it, but, from the inauguration of the Bretton Woods system shortly after the Second World War to the Smithsonian Agreement of December 1971, exchange rates, except when officially devalued or revalued (ie revalued upwards) by international agreement, were kept within a range of 1 per cent either side of their agreed 'central rates'. By February 1973 it was clear that the 10 per cent devaluation of the dollar in 1971 was not enough to restore balance to the international economy: the Japanese yen floated upwards, the US Treasury Secretary George Shultz declared that the US 'undertakes no obligations to intervene in foreign exchange markets', and abolished capital controls. The President of the Bundesbank, Otmar Emminger, announced that the financial markets, by putting unbearable strain on the 'system', had sounded 'the death knell for the Bretton Woods parity system'. The currencies of the European Community also floated against the dollar. Just to ram it home, Shultz added: 'Santa Claus is dead.' In the words of the IMF historian Harold James, 'the US would not act as a global monetary saviour if this meant altering the chances for a re-election of President Nixon' (International Monetary Cooperation Since Bretton Woods, Oxford, 1996). The Europeans, and the French in particular, hankered for as much stability as they could achieve in the face of a changing world and US 'benign neglect'. From March 1972 they formed a 'currency snake' under which EEC currencies could only move against one another within a margin of 2.25 per cent, as against the 4.5 per cent (2.25 per cent either side of centre) allowed by the Smithsonian agreement. This became known as 'the snake in the Smithsonian tunnel'. The pound spent six weeks in the snake in summer 1972, but could not stand the strain and left. The French franc left the snake twice, but the desire to achieve a 'zone of monetary stability' in Europe led to the creation of the European exchange rate mechanism in 1979. Efforts to revive the Bretton Woods system during the 1970s proved futile. From September 1972 to January 1974 the Committee of 20 (C20), under Britain's Jeremy Morse, examined options, but he concluded: 'High levels of inflation make it hard to maintain values or, more generally, a full structured international system.' Positions had reversed from the immediate post-war years. The Europeans wanted convertibility of dollars into gold and foreign exchange; the US favoured limits on convertibility. The US urged an automatic mechanism for forcing surplus countries to reduce their surpluses of foreign exchange, but the Europeans, especially the Germans, opposed proposals for expansionary measures by large creditor countries. Shultz insisted: 'Disproportionate gains or losses in reserves may be the most equitable and effective single indicator we have to guide the adjustment process.' The IMF might play an even more important role in supervising exchange-rate policies under the new 'non-system'. The C20 agreed in March 1973 that there was 'a need for exchange market stability... and Fund (ie IMF) surveillance of exchange rate policies'. But Opec - the organisation of petroleum exporting countries - did not like the way its earnings (oil was priced in dollars) had been devalued with the dollar. They resorted to 'the oil weapon'. The price of oil quintupled between autumn 1973 and 1974. This aggravated an already dangerous acceleration in inflation among the industrial countries. By January 1974 Johannes Witteveen, managing director of the IMF, was saying, as the C20 threw in the towel, 'in the present situation a large measure of floating is unavoidable and indeed desirable'. For Paul Volcker, then a senior US Treasury official, the IMF might become more important under a non-Bretton Woods system than otherwise. The C20 became 'the Interim Committee' - interim but permanent. It has been the IMF's key political decision-making body to this day and for some years now chaired by our own Gordon Brown. An earlier chairman was Denis Healey in the late 70s - but not before the UK, under Healey's chancellorship, had suffered ignominious recourse to the IMF in 1976. We had been in the hands of the IMF under Roy Jenkins in 1967-68, after the devaluation that year that prompted the resignation of Jim Callaghan from the Treasury. But this time the embarrassment was all the greater, because the resolution of the UK's balance of payments and inflation crisis had been postponed by the oil price shock, although equally our own crisis had been aggravated by the oil shock. Between 1973 and 1974 the export earnings of the Opec group rose from $33 billion to $108bn. Many of these producers, most notably Nigeria, had been members of the 'sterling area' and held their funds in London. This practice kept the pound artificially high in 1974 and 1975, but the sterling crisis arose when Nigeria and others diversified their funds in 1976. Britain was the last major industrial country to borrow from the IMF. After that the IMF became increasingly involved with developing countries and a series of debt crises affecting Mexico, Brazil and others in the 1980s. One of the main reasons for these crises was that, with official encouragement, banks 'recycled' surplus Opec funds to developing countries, often regardless of the risk or of the quality of economic and financial policy in the borrowing countries. The recycling process had been given added impetus in 1979 when Opec announced another large increase in the oil price. As IMF historian Harold James points out, the debt crisis brought the IMF back to the centre of the international financial system 'first as a coordinator [of loans and rescue packages] and then as a source of information, advice and warning on the mutual consistency of national economic policies'. Beneath that simple sentence lie several decades of controversy about the IMF, the impact of IMF policies and the sensitivity (or otherwise) of its approach. Among the most notable critics is Joseph Stiglitz, the American former Chief Economist of the World Bank, who states in his best-selling The Roaring Nineties: 'We fought against privatisation of Social Security at home, while we pushed it abroad. At home we fought against the balanced budget amendment, which would have constrained our ability to use expansionary fiscal policy in the event of a downturn; but abroad, we imposed contractionary fiscal policies on countries going into recessions.' Again: 'While we did not believe in market fundamentalism, the view that markets by themselves would solve the economy's [and society's] problems, we pushed market fundamentalism on the rest of the world, both directly and through the IMF.' The IMF's post-Bretton Woods role evolved into 'crisis management and crisis prevention'. Its record, both in Latin America and east Asia, for instance, is mixed. Many a developing economy has been desperate for its help, yet Malaysia managed without the IMF/US Treasury prescription after the 1997 Asian crisis and the rescue of the South Korean economy that year depended more directly on US Treasury negotiations with commercial banks. In the words of leading US economist Paul Krugman, the IMF, in the world of floating rates, has become 'almost like a bond-rating agency'. It gives 'a good housekeeping seal of approval on a country's [economic] programme'. The big interventions in the exchange rate markets during the 1980s - the Plaza agreement on a dollar devaluation in September 1995 and the plan to stabilise rates in February 1997 (the Louvre accord) - were Group of Five (later G7) operations. Now, once more, there is great tension in the exchange markets, with the dollar undergoing a serious devaluation, and the euro rising too high for the comfort of Eurozone exporters. The market has produced its own Plaza agreement, but there is no sign of any Louvre accord to stabilise the markets.",
      "charCount": "8628"
    },
    "isHosted": false,
    "pillarId": "pillar/news",
    "pillarName": "News"
  },
  {
    "id": "theobserver/2004/jan/18/features.magazine57",
    "type": "article",
    "sectionId": "theobserver",
    "sectionName": "From the Observer",
    "webPublicationDate": "2004-01-18T00:23:12Z",
    "webTitle": "What happened next?",
    "webUrl": "https://www.theguardian.com/theobserver/2004/jan/18/features.magazine57",
    "apiUrl": "https://content.guardianapis.com/theobserver/2004/jan/18/features.magazine57",
    "fields": {
      "headline": "What happened next?",
      "trailText": "<p>Gavin Cleland's son Robert was one of 167 people killed on the Piper Alpha oil rig, 100 miles off the east coast of Scotland in the North Sea.</p>",
      "byline": "Sarah Sims",
      "main": "",
      "body": "<p><strong>Name:</strong> Gavin Cleland<br> <strong>Date: </strong>6 July 1988<br> <strong>Place: </strong>The North Sea<br> <strong>Facts: </strong>Gavin Cleland's son Robert was one of 167 people killed on the Piper Alpha oil rig, 100 miles off the east coast of Scotland in the North Sea, after an escape of flammable gas ignited, causing an explosion and fire. Piper Alpha became the world's worst offshore oil disaster. Gavin has been campaigning ever since to bring the oil rig's owner, Occidental Petroleum, to justice.</p> <p>My youngest son, Robert, was 33, happily married with a wife and two children when he perished on the Piper Alpha platform, where he had worked for seven years. It was the second tragedy to hit our family, as my wife had died many years earlier from lung cancer, aged 34. Since her death I had looked after our three sons, Gavin, Joe and Robert, with the help of my sisters-in-law. I was at work, as a care officer for the elderly, when I heard about an 'explosion' on board the Piper Alpha oil rig. </p> <p>The first few days were totally confused. My other sons and I drove up to Aberdeen, where representatives of the American oil company Occidental Petroleum were telling families there were many survivors. But out of 229 on board, 167 were killed. I broke down when they found Robert 500ft down on the sea bed, four days after the explosion. It was a comfort that they found him - some relatives had to contend with a box of human remains so indistinguishable that their loved ones could not be identified. </p> <p>I grew increasingly angry that Occidental kept issuing media statements which contained allegations of drug taking on the platform by some workers. I believe that the company was trying to blame the workers for their own deaths. Meanwhile, some of the survivors were shielded from talking to the press. Rumours began circulating immediately as to the cause of the fire, which produced flames visible 85 miles away. I became so incensed by the lack of true facts that I found it extremely difficult to concentrate on my work, and life in general. So I gave up my job and helped form the Piper Alpha Committee of Families and Survivors Association to orchestrate a campaign for justice. Life consisted of handing out leaflets - often single-handedly - organising protest marches outside Parliament, raising issues at trade union conferences and writing to MPs, including Margaret Thatcher, then prime minister. Oil was clearly a political dynamo. Since Thatcher's reign began she had refused to allow the Health and Safety Executive to operate in the North Sea area, which had enabled the contractors to run riot. All eyes were on the public inquiry led by Lord Cullen, which began in January 1989. </p> <p>I attended every other week of the 13 month-long inquiry held in Aberdeen, and listened to all the evidence. Many workers were trapped on the platform by huge flames, and they burnt or choked to death in the dense, thick smoke. In the two years preceding the disaster, Occidental kept promising to install a water deluge system with stainless-steel piping in the event of an outbreak of fire, as all the water outlets were blocked up by rust. </p> <p>About 20 minutes after the initial explosion, the heat from the fire ruptured the gas line, resulting in a catastrophic gas explosion. At the fire's peak, the flames reached 300 to 400 feet in the air and could be felt from more than a mile away. Occidental was totally unprepared for a major emergency. </p> <p>When Lord Cullen finally summed up in November 1990, he stated that there was clear and absolute evidence of negligence. I expected Occidental to be prosecuted, but three years after the disaster Lord Fraser announced just a few hours before the summer recess - the quietest time in politics - that he could not find enough evidence for a conviction. As Lord Advocate for Scotland, his analysis could not be questioned. </p> <p>It was a huge blow for the Piper Alpha Families Association, which disbanded soon after. I felt incredibly angry and refused to accept that Occidental was not going to be charged or face imprisonment, so I continued my campaign for the company to be prosecuted for murder and culpable homicide. Meanwhile, Occidental launched a litigation case against its contractors over payments made to relatives, on the basis that contract workers had not been insured. The litigation lasted an astonishing three and a half years and I was continuously refused the transcripts, despite the outcome being in favour of Occidental. </p> <p>The contractors were forced to repay money to them. Since 1999, I've written to all 129 MSPs three times to demand an inquiry into why the Crown Office refuses to prosecute Occidental. I must have demonstrated outside the Scottish Parliament a dozen times. Since Piper Alpha a number of men have died in the British North Sea oilfields, despite Lord Cullen's 106 safety recommendations. All of Robert's family want a prosecution. Despite being 75, I'm going to continue my fight. </p> <p>Now, whenever I read about a government policy or hear about some disaster or accident such as a rail or tube crash it triggers thoughts of Piper Alpha. Every year, on 6 July, I lay flowers for Robert at a memorial in Strathclyde Park, Hamilton. I recently spoke at a conference organised by the Centre of Corporate Accountability and my question remains the same - why wasn't Occidental prosecuted over Piper Alpha? The oil company was found guilty of causing the death of a worker on the same rig just a few months before the disaster. </p> <p><strong>\u00b7</strong> Send your suggestions for What Happened Next? to <a href=\"mailto:what.happened.next@observer.co.uk\">what.happened.next@observer.co.uk</a></p>",
      "wordcount": "951",
      "commentable": "false",
      "isPremoderated": "false",
      "lastModified": "2004-01-18T00:23:12Z",
      "newspaperEditionDate": "2004-01-18T00:00:00Z",
      "productionOffice": "UK",
      "publication": "The Observer",
      "shortUrl": "https://gu.com/p/xg27x",
      "shouldHideAdverts": "false",
      "showInRelatedContent": "true",
      "legallySensitive": "false",
      "lang": "en",
      "bodyText": "Name: Gavin Cleland Date: 6 July 1988 Place: The North Sea Facts: Gavin Cleland's son Robert was one of 167 people killed on the Piper Alpha oil rig, 100 miles off the east coast of Scotland in the North Sea, after an escape of flammable gas ignited, causing an explosion and fire. Piper Alpha became the world's worst offshore oil disaster. Gavin has been campaigning ever since to bring the oil rig's owner, Occidental Petroleum, to justice. My youngest son, Robert, was 33, happily married with a wife and two children when he perished on the Piper Alpha platform, where he had worked for seven years. It was the second tragedy to hit our family, as my wife had died many years earlier from lung cancer, aged 34. Since her death I had looked after our three sons, Gavin, Joe and Robert, with the help of my sisters-in-law. I was at work, as a care officer for the elderly, when I heard about an 'explosion' on board the Piper Alpha oil rig. The first few days were totally confused. My other sons and I drove up to Aberdeen, where representatives of the American oil company Occidental Petroleum were telling families there were many survivors. But out of 229 on board, 167 were killed. I broke down when they found Robert 500ft down on the sea bed, four days after the explosion. It was a comfort that they found him - some relatives had to contend with a box of human remains so indistinguishable that their loved ones could not be identified. I grew increasingly angry that Occidental kept issuing media statements which contained allegations of drug taking on the platform by some workers. I believe that the company was trying to blame the workers for their own deaths. Meanwhile, some of the survivors were shielded from talking to the press. Rumours began circulating immediately as to the cause of the fire, which produced flames visible 85 miles away. I became so incensed by the lack of true facts that I found it extremely difficult to concentrate on my work, and life in general. So I gave up my job and helped form the Piper Alpha Committee of Families and Survivors Association to orchestrate a campaign for justice. Life consisted of handing out leaflets - often single-handedly - organising protest marches outside Parliament, raising issues at trade union conferences and writing to MPs, including Margaret Thatcher, then prime minister. Oil was clearly a political dynamo. Since Thatcher's reign began she had refused to allow the Health and Safety Executive to operate in the North Sea area, which had enabled the contractors to run riot. All eyes were on the public inquiry led by Lord Cullen, which began in January 1989. I attended every other week of the 13 month-long inquiry held in Aberdeen, and listened to all the evidence. Many workers were trapped on the platform by huge flames, and they burnt or choked to death in the dense, thick smoke. In the two years preceding the disaster, Occidental kept promising to install a water deluge system with stainless-steel piping in the event of an outbreak of fire, as all the water outlets were blocked up by rust. About 20 minutes after the initial explosion, the heat from the fire ruptured the gas line, resulting in a catastrophic gas explosion. At the fire's peak, the flames reached 300 to 400 feet in the air and could be felt from more than a mile away. Occidental was totally unprepared for a major emergency. When Lord Cullen finally summed up in November 1990, he stated that there was clear and absolute evidence of negligence. I expected Occidental to be prosecuted, but three years after the disaster Lord Fraser announced just a few hours before the summer recess - the quietest time in politics - that he could not find enough evidence for a conviction. As Lord Advocate for Scotland, his analysis could not be questioned. It was a huge blow for the Piper Alpha Families Association, which disbanded soon after. I felt incredibly angry and refused to accept that Occidental was not going to be charged or face imprisonment, so I continued my campaign for the company to be prosecuted for murder and culpable homicide. Meanwhile, Occidental launched a litigation case against its contractors over payments made to relatives, on the basis that contract workers had not been insured. The litigation lasted an astonishing three and a half years and I was continuously refused the transcripts, despite the outcome being in favour of Occidental. The contractors were forced to repay money to them. Since 1999, I've written to all 129 MSPs three times to demand an inquiry into why the Crown Office refuses to prosecute Occidental. I must have demonstrated outside the Scottish Parliament a dozen times. Since Piper Alpha a number of men have died in the British North Sea oilfields, despite Lord Cullen's 106 safety recommendations. All of Robert's family want a prosecution. Despite being 75, I'm going to continue my fight. Now, whenever I read about a government policy or hear about some disaster or accident such as a rail or tube crash it triggers thoughts of Piper Alpha. Every year, on 6 July, I lay flowers for Robert at a memorial in Strathclyde Park, Hamilton. I recently spoke at a conference organised by the Centre of Corporate Accountability and my question remains the same - why wasn't Occidental prosecuted over Piper Alpha? The oil company was found guilty of causing the death of a worker on the same rig just a few months before the disaster. \u00b7 Send your suggestions for What Happened Next? to what.happened.next@observer.co.uk",
      "charCount": "5532"
    },
    "isHosted": false,
    "pillarId": "pillar/news",
    "pillarName": "News"
  }
]