[
  {
    "id": "books/2004/may/04/booksonhealth.lifeandhealth",
    "type": "article",
    "sectionId": "books",
    "sectionName": "Books",
    "webPublicationDate": "2004-05-04T15:25:04Z",
    "webTitle": "The eating cure",
    "webUrl": "https://www.theguardian.com/books/2004/may/04/booksonhealth.lifeandhealth",
    "apiUrl": "https://content.guardianapis.com/books/2004/may/04/booksonhealth.lifeandhealth",
    "fields": {
      "headline": "The eating cure",
      "standfirst": "Forget drugs - diet is the way forward in treating mental illness, says  Lucy Mayhew",
      "trailText": "<p>Forget drugs - diet is the way forward in treating mental illness, says <strong>Lucy Mayhew</strong>.</p>",
      "byline": "Lucy Mayhew",
      "main": "<figure class=\"element element-image\" data-media-id=\"gu-image-334816682\"> <img src=\"http://static.guim.co.uk/sys-images/Books/Pix/covers/2004/05/04/prozac.jpg\" alt=\"Healing Without Freud or Prozac\" width=\"128\" height=\"195\" class=\"gu-image\" /> <figcaption> <span class=\"element-image__caption\"><A HREF=\"http://www.amazon.co.uk/exec/obidos/ASIN/1405067187/guardianunlim-21\">Buy Healing Without Freud or Prozac at Amazon.co.uk</A></span> </figcaption> </figure>",
      "body": "<p>Of all the unsolved mysteries of the human body, it is the brain that most rigidly resists our efforts at understanding it; and that lack of understanding is costing us increasingly dear. Mental illness is reaching epidemic levels. The World Health Organisation claims that mental health problems \"are fast becoming the number-one health issue of the 21st century\". Clinical depression is the biggest international health threat after heart disease. At the same time, there is a growing dissatisfaction with the drug treatments available. </p> <p>In the UK, the number of prescriptions for antidepressants has more than doubled in 10 years, with 80% of GPs admitting they overprescribe drugs such as Prozac and Seroxat because of the lack of alternative forms of treatment. But though they might not be available on the NHS just yet, alternatives are starting to emerge - and with some promising results. </p> <p>Later this month Dr David Servan-Schreiber, a clinical professor of psychiatry and founding member of Medecins Sans Fronti\u00e8res in the US, will visit Britain to launch his book, Healing Without Freud or Prozac, which has already received an enthusiastic response in Belgium, Switzerland and Canada, where it has sold half a million copies. After a career in conventional medicine, Servan-Schreiber's theory is that exercise can be as effective in treating depression and stress as antidepressants. \"It is not that I am against antidepressants,\" he says. \"But there are some natural methods of treatment that have been demonstrated to work for milder forms of depression. It doesn't make any sense to ignore them any longer.\" </p> <p>In this country, meanwhile, there is a growing interest in an orthomolecular, or nutritional approach to mental health problems. Food as medicine is not a revelatory proposition - it was the hobbyhorse of Hippocrates, the father of western medicine. </p> <p>But there is a lot more to the science of nutritional therapy than adding the odd grilled fish and dollop of spinach to your shopping list. Differences from those affected by manic depression, schizophrenia, autism or attention deficit and hyperactivity disorder (ADHD) are only achieved by giving patients large amounts of precise nutrients to alter their brain biochemistry. </p> <p>All psychiatric drugs work to rebalance out-of-kilter brain chemistry. But the success rates achieved by providing the brain with the same molecules it uses to build brain cells and neurotransmitters are eye-opening - hence the well-publicised success of the essential fatty acid omega 3. </p> <p>Twenty per cent of the brain is made up of essential fats. These fats are missing from the modern diet, and the body can't manufacture them itself. Each of our 100 billion brain cells links up to 20,000 others, and when essential fats are in short supply, the link-ups become difficult. The potential consequences are manifold: our mood, concentration, memory and intelligence can all suffer. So it is unsurprising that essential fats have been proven to help with numerous brain-based afflictions. </p> <p>While 40% of patients who walk into doctor's surgeries are suffering from a mental health problem, an astonishing two-thirds of GPs have had no mental health training. As a result, most GPs do not even consider their patients' nutritional status. Professor Andr\u00e9 Tylee is chairman of the National Institute for Mental Health and is responsible for educating all British GPs in the treatment of mental health. He is passionate about the benefits of nutritional therapy and describes it as \"the breakthrough we've been waiting for\". He is hoping to ensure that nutritional approaches will become the first step that doctors use to defeat mental illness. </p> <p>Tylee is working with Patrick Holford, founder of the Institute of Optimum Nutrition and author of the bestseller Optimum Nutrition for the Mind. Holford's latest enterprise is The Brain Bio Centre, which is dedicated to helping patients recover from all forms of brain-centred illness, from depression to Alzheimer's, using nutritional therapy. Tylee is anxious to introduce the clinic's approaches to the NHS and to conduct a clinical study that confirms their anecdotal success rate of 80%. The clinic defines success as freedom from symptoms, the ability to socialise with friends and family, and the paying of income tax. </p> <p>According to Holford, a nutritionist and psychologist, nine out 10 people eat less than the recommended daily amounts of our 39 essential nutrients. \"They're not called essential for nothing,\" he says. When this is combined with other factors such as high homocysteine levels, which leave one twice as likely to succumb to depression, blood-sugar and neurotransmitter imbalances, it is hardly startling that people's brain chemistry goes awry. </p> <p>James Maclean, 21, is a typical Brain Bio Centre success story. James developed manic depression in his second year at university. He was given antipsychotics and antidepressants and received guidance from an NHS psychiatric nurse who \"normally just spoke about his own family\". </p> <p>\"I had to leave university,\" says James. \"I hated taking so much medication - it made me put on five stone.\" When he started to believe that the radio was speaking to him, he knew he needed further help. \"Within a space of 10 days I was sectioned, then released, then detained again three times.\" He was eventually hospitalised for two months. He calls the mental hospital the most soulless place on earth. </p> <p>On his release, his sister-in-law suggested he see a nutritionist. After an internet search which yielded only a quack who wanted $10,000 for the first consultation, James eventually tracked down the Brain Bio Centre. After tests he was found to be very low in minerals and to be yeast- and gluten-intolerant; he was also suffering from blood-sugar problems. He changed his diet and took a comprehensive range of supplements, including high doses of niacin and essential fats. \"The difference was startling,\" he says. \"I feel sharper than before and I'm now supermotivated. I have lost three stone in the last two months and I feel whole again.\" James has reapplied to read sports science at university and hopes to play rugby professionally. </p> <p>Holford may be regarded as being outside the mainstream, but increasingly his approach is being fostered in conventional medicine. Many respected scientists and physicians are reporting unprecedented success with the orthomolecular approach, so named by the American chemist Linus Pauling, who died in 1994. In the UK, Malcolm Peet, an NHS psychiatric consultant, recently led separate studies with schizophrenics and depressives who were failing to respond to drugs. Both studies concluded that the essential fat, EPA, is effective. Earlier this year, Dr Basant Puri, a consultant psychiatrist at Imperial College School of Medicine, published an entire book dedicated to explaining why EPA is so good at treating depression. </p> <p>In the US, Dr Mary Megson, a fellow of the American Academy of Paediatrics, has treated over 2,000 children for autism and uses under a teaspoon of cod liver oil every day. The majority of subjects come out of the autistic spectrum within six months - some within weeks, she says. She has seen children making eye contact for the first time in their lives after just three days of treatment. </p> <p>Similarly, Dr Alex Richardson, a senior research fellow at Oxford University, recently published a study showing remarkable turnarounds in concentration, attention and disruptive behaviour after combining the fish oil EPA with omega 6 to treat dyslexics and ADHD sufferers. </p> <p>\"We're not talking about easily labelled disease entities,\" says Richardson. \"We are simply saying there is a frightening epidemic of children falling into categories where extra help and special education is needed. One in four children are now affected by underlying problems that stop them achieving their potential.\" Richardson, director of a new charity, Food and Behaviour Research, is anxious to emphasise that a single nutrient cannot work in isolation. \"You can't carry a single nutritional supplement around as a talisman for superhealth, because usually specific vitamins, minerals or enzymes are necessary to ensure the key nutrient is absorbed.\" </p> <p><strong>\u00b7</strong> Healing Without Freud or Prozac is published by Rodale, price \u00a312.99. For more on the Brain Bio Centre, visit <a href=\"http://www.mentalhealthproject.com\">mentalhealthproject.com</a></p>",
      "newspaperPageNumber": "10",
      "wordcount": "1331",
      "commentable": "false",
      "isPremoderated": "false",
      "lastModified": "2017-11-26T04:16:31Z",
      "newspaperEditionDate": "2004-05-04T00:00:00Z",
      "productionOffice": "UK",
      "publication": "The Guardian",
      "shortUrl": "https://gu.com/p/xdea6",
      "shouldHideAdverts": "false",
      "showInRelatedContent": "true",
      "legallySensitive": "false",
      "lang": "en",
      "bodyText": "Of all the unsolved mysteries of the human body, it is the brain that most rigidly resists our efforts at understanding it; and that lack of understanding is costing us increasingly dear. Mental illness is reaching epidemic levels. The World Health Organisation claims that mental health problems \"are fast becoming the number-one health issue of the 21st century\". Clinical depression is the biggest international health threat after heart disease. At the same time, there is a growing dissatisfaction with the drug treatments available. In the UK, the number of prescriptions for antidepressants has more than doubled in 10 years, with 80% of GPs admitting they overprescribe drugs such as Prozac and Seroxat because of the lack of alternative forms of treatment. But though they might not be available on the NHS just yet, alternatives are starting to emerge - and with some promising results. Later this month Dr David Servan-Schreiber, a clinical professor of psychiatry and founding member of Medecins Sans Fronti\u00e8res in the US, will visit Britain to launch his book, Healing Without Freud or Prozac, which has already received an enthusiastic response in Belgium, Switzerland and Canada, where it has sold half a million copies. After a career in conventional medicine, Servan-Schreiber's theory is that exercise can be as effective in treating depression and stress as antidepressants. \"It is not that I am against antidepressants,\" he says. \"But there are some natural methods of treatment that have been demonstrated to work for milder forms of depression. It doesn't make any sense to ignore them any longer.\" In this country, meanwhile, there is a growing interest in an orthomolecular, or nutritional approach to mental health problems. Food as medicine is not a revelatory proposition - it was the hobbyhorse of Hippocrates, the father of western medicine. But there is a lot more to the science of nutritional therapy than adding the odd grilled fish and dollop of spinach to your shopping list. Differences from those affected by manic depression, schizophrenia, autism or attention deficit and hyperactivity disorder (ADHD) are only achieved by giving patients large amounts of precise nutrients to alter their brain biochemistry. All psychiatric drugs work to rebalance out-of-kilter brain chemistry. But the success rates achieved by providing the brain with the same molecules it uses to build brain cells and neurotransmitters are eye-opening - hence the well-publicised success of the essential fatty acid omega 3. Twenty per cent of the brain is made up of essential fats. These fats are missing from the modern diet, and the body can't manufacture them itself. Each of our 100 billion brain cells links up to 20,000 others, and when essential fats are in short supply, the link-ups become difficult. The potential consequences are manifold: our mood, concentration, memory and intelligence can all suffer. So it is unsurprising that essential fats have been proven to help with numerous brain-based afflictions. While 40% of patients who walk into doctor's surgeries are suffering from a mental health problem, an astonishing two-thirds of GPs have had no mental health training. As a result, most GPs do not even consider their patients' nutritional status. Professor Andr\u00e9 Tylee is chairman of the National Institute for Mental Health and is responsible for educating all British GPs in the treatment of mental health. He is passionate about the benefits of nutritional therapy and describes it as \"the breakthrough we've been waiting for\". He is hoping to ensure that nutritional approaches will become the first step that doctors use to defeat mental illness. Tylee is working with Patrick Holford, founder of the Institute of Optimum Nutrition and author of the bestseller Optimum Nutrition for the Mind. Holford's latest enterprise is The Brain Bio Centre, which is dedicated to helping patients recover from all forms of brain-centred illness, from depression to Alzheimer's, using nutritional therapy. Tylee is anxious to introduce the clinic's approaches to the NHS and to conduct a clinical study that confirms their anecdotal success rate of 80%. The clinic defines success as freedom from symptoms, the ability to socialise with friends and family, and the paying of income tax. According to Holford, a nutritionist and psychologist, nine out 10 people eat less than the recommended daily amounts of our 39 essential nutrients. \"They're not called essential for nothing,\" he says. When this is combined with other factors such as high homocysteine levels, which leave one twice as likely to succumb to depression, blood-sugar and neurotransmitter imbalances, it is hardly startling that people's brain chemistry goes awry. James Maclean, 21, is a typical Brain Bio Centre success story. James developed manic depression in his second year at university. He was given antipsychotics and antidepressants and received guidance from an NHS psychiatric nurse who \"normally just spoke about his own family\". \"I had to leave university,\" says James. \"I hated taking so much medication - it made me put on five stone.\" When he started to believe that the radio was speaking to him, he knew he needed further help. \"Within a space of 10 days I was sectioned, then released, then detained again three times.\" He was eventually hospitalised for two months. He calls the mental hospital the most soulless place on earth. On his release, his sister-in-law suggested he see a nutritionist. After an internet search which yielded only a quack who wanted $10,000 for the first consultation, James eventually tracked down the Brain Bio Centre. After tests he was found to be very low in minerals and to be yeast- and gluten-intolerant; he was also suffering from blood-sugar problems. He changed his diet and took a comprehensive range of supplements, including high doses of niacin and essential fats. \"The difference was startling,\" he says. \"I feel sharper than before and I'm now supermotivated. I have lost three stone in the last two months and I feel whole again.\" James has reapplied to read sports science at university and hopes to play rugby professionally. Holford may be regarded as being outside the mainstream, but increasingly his approach is being fostered in conventional medicine. Many respected scientists and physicians are reporting unprecedented success with the orthomolecular approach, so named by the American chemist Linus Pauling, who died in 1994. In the UK, Malcolm Peet, an NHS psychiatric consultant, recently led separate studies with schizophrenics and depressives who were failing to respond to drugs. Both studies concluded that the essential fat, EPA, is effective. Earlier this year, Dr Basant Puri, a consultant psychiatrist at Imperial College School of Medicine, published an entire book dedicated to explaining why EPA is so good at treating depression. In the US, Dr Mary Megson, a fellow of the American Academy of Paediatrics, has treated over 2,000 children for autism and uses under a teaspoon of cod liver oil every day. The majority of subjects come out of the autistic spectrum within six months - some within weeks, she says. She has seen children making eye contact for the first time in their lives after just three days of treatment. Similarly, Dr Alex Richardson, a senior research fellow at Oxford University, recently published a study showing remarkable turnarounds in concentration, attention and disruptive behaviour after combining the fish oil EPA with omega 6 to treat dyslexics and ADHD sufferers. \"We're not talking about easily labelled disease entities,\" says Richardson. \"We are simply saying there is a frightening epidemic of children falling into categories where extra help and special education is needed. One in four children are now affected by underlying problems that stop them achieving their potential.\" Richardson, director of a new charity, Food and Behaviour Research, is anxious to emphasise that a single nutrient cannot work in isolation. \"You can't carry a single nutritional supplement around as a talisman for superhealth, because usually specific vitamins, minerals or enzymes are necessary to ensure the key nutrient is absorbed.\" \u00b7 Healing Without Freud or Prozac is published by Rodale, price \u00a312.99. For more on the Brain Bio Centre, visit mentalhealthproject.com",
      "charCount": "8375"
    },
    "isHosted": false,
    "pillarId": "pillar/arts",
    "pillarName": "Arts"
  },
  {
    "id": "business/2004/may/04/iraq.oilandpetrol",
    "type": "article",
    "sectionId": "business",
    "sectionName": "Business",
    "webPublicationDate": "2004-05-04T11:47:44Z",
    "webTitle": "Shell hopes Iraq can help to plug oil leak",
    "webUrl": "https://www.theguardian.com/business/2004/may/04/iraq.oilandpetrol",
    "apiUrl": "https://content.guardianapis.com/business/2004/may/04/iraq.oilandpetrol",
    "fields": {
      "headline": "Shell hopes Iraq can help to plug oil leak",
      "trailText": "<p>Troubled oil group Shell intends \"to establish a material and enduring presence in Iraq\" in an attempt to rebuild the firm's depleted reserves and foster the long term future of the country's energy sector. </p>",
      "byline": "Terry Macalister",
      "main": "",
      "body": "<p>Troubled oil group Shell intends \"to establish a material and enduring presence in Iraq\" in an attempt to rebuild the firm's depleted reserves and foster the long term future of the country's energy sector. </p> <p>The vote of confidence from Shell, which is embroiled in controversy over exaggeration of its oil reserves, came after rival BP expressed disillusionment with Iraq's prospects. BP chief executive Lord Browne said last week that private firms might not have a role to play there. </p> <p>The immediate prospects for Shell pressing ahead with reconstruction remain grim. The contractor, Amec, said last night that its staff in Iraq were \"hunkering down\", with its work there halted as the security situation has deteriorated. </p> <p>The continuing attacks have left Tony Blair and George Bush with big political problems at home, while western industrial and service companies are generally downbeat. </p> <p>Shell has suffered from internal difficulties with the exit of its chairman and two other directors but needs to find new oil reserves to replenish its dwindling stocks. </p> <p>\"We would welcome the opportunity to help Iraq build its energy industry, once the security situation allows and an internationally recognised Iraq government is established,\" a Shell spokesman told the Guardian. \" We are interested in building a long term relationship with Iraqis.\" </p> <p>Shell was keen to outline its position after Lord Browne suggested at BP's first quarter results meeting that the presence of western oil companies could destabilise a sensitive situation. </p> <p>\"Its not obvious to me you need foreign oil companies to rebuild the energy sector in Iraq and it might best be left to a local, state-owned group,\" the BP chief said. </p> <p>Yet 18 months ago Lord Browne had expressed fears that American energy firms might carve up the spoils in Iraq and leave European firms such as his out in the cold. </p> <p>Amec was reluctant to comment on the situation in Iraq, where it has built a presence after winning water and power infrastructure deals. </p> <p>A spokesman in London declined to talk about the cost to the company of security and delays but did confirm that all work has been halted. </p> <p>\"Our people are stopped and hunkering down. All but essential movement in Iraq has stopped for security reasons. Security is paramount, and we take advice every day from our security coordination team.\" </p> <p>Amec is the only big winner of the $18.5bn (\u00a311bn) contract bonanza in Iraq from the coalition forces, gaining three prime management contracts in a joint venture with Fluor of the United States. It has set up a coordination team which is still awaiting its task orders. </p> <p>Amec is working on a separate power contract in support of Fluor in an area near Baghdad.</p>",
      "newspaperPageNumber": "17",
      "wordcount": "448",
      "commentable": "false",
      "isPremoderated": "false",
      "lastModified": "2016-06-15T08:55:05Z",
      "newspaperEditionDate": "2004-05-04T00:00:00Z",
      "productionOffice": "UK",
      "publication": "theguardian.com",
      "shortUrl": "https://gu.com/p/7kbf",
      "shouldHideAdverts": "false",
      "showInRelatedContent": "true",
      "legallySensitive": "false",
      "lang": "en",
      "bodyText": "Troubled oil group Shell intends \"to establish a material and enduring presence in Iraq\" in an attempt to rebuild the firm's depleted reserves and foster the long term future of the country's energy sector. The vote of confidence from Shell, which is embroiled in controversy over exaggeration of its oil reserves, came after rival BP expressed disillusionment with Iraq's prospects. BP chief executive Lord Browne said last week that private firms might not have a role to play there. The immediate prospects for Shell pressing ahead with reconstruction remain grim. The contractor, Amec, said last night that its staff in Iraq were \"hunkering down\", with its work there halted as the security situation has deteriorated. The continuing attacks have left Tony Blair and George Bush with big political problems at home, while western industrial and service companies are generally downbeat. Shell has suffered from internal difficulties with the exit of its chairman and two other directors but needs to find new oil reserves to replenish its dwindling stocks. \"We would welcome the opportunity to help Iraq build its energy industry, once the security situation allows and an internationally recognised Iraq government is established,\" a Shell spokesman told the Guardian. \" We are interested in building a long term relationship with Iraqis.\" Shell was keen to outline its position after Lord Browne suggested at BP's first quarter results meeting that the presence of western oil companies could destabilise a sensitive situation. \"Its not obvious to me you need foreign oil companies to rebuild the energy sector in Iraq and it might best be left to a local, state-owned group,\" the BP chief said. Yet 18 months ago Lord Browne had expressed fears that American energy firms might carve up the spoils in Iraq and leave European firms such as his out in the cold. Amec was reluctant to comment on the situation in Iraq, where it has built a presence after winning water and power infrastructure deals. A spokesman in London declined to talk about the cost to the company of security and delays but did confirm that all work has been halted. \"Our people are stopped and hunkering down. All but essential movement in Iraq has stopped for security reasons. Security is paramount, and we take advice every day from our security coordination team.\" Amec is the only big winner of the $18.5bn (\u00a311bn) contract bonanza in Iraq from the coalition forces, gaining three prime management contracts in a joint venture with Fluor of the United States. It has set up a coordination team which is still awaiting its task orders. Amec is working on a separate power contract in support of Fluor in an area near Baghdad.",
      "charCount": "2707"
    },
    "isHosted": false,
    "pillarId": "pillar/news",
    "pillarName": "News"
  },
  {
    "id": "world/2004/may/04/uselections2004.usa1",
    "type": "article",
    "sectionId": "us-news",
    "sectionName": "US news",
    "webPublicationDate": "2004-05-04T10:03:26Z",
    "webTitle": "Why Kerry must target Cheney",
    "webUrl": "https://www.theguardian.com/world/2004/may/04/uselections2004.usa1",
    "apiUrl": "https://content.guardianapis.com/world/2004/may/04/uselections2004.usa1",
    "fields": {
      "headline": "Why Kerry must target Cheney",
      "standfirst": "The vice-president pulls the strings in the Bush White House, but his pernicious influence could soon be exposed, says Philip James",
      "trailText": "The vice-president pulls the strings in the Bush White House, but his pernicious influence could soon be exposed, says<b> Philip James</b>.",
      "byline": "Philip James",
      "main": "",
      "body": "The more that is unearthed about the march to war in Iraq, the more it becomes clear that the vice-president, Dick Cheney, is the puppet master in the Bush White House. <p>Senator John Kerry must make ridding the White House of Dick Cheney as central to his campaign as replacing President George Bush.</p> <p>Bob Woodward's book Plan of Attack, his description of how the administration became hellbent on war, is really an account of just how much Mr Cheney was running things. </p> <p>From the viewpoint of the secretary of state, Colin Powell, the vice-president was fixated to the point of obsession on the need for a military strike to remove Saddam Hussein. </p> <p>Intelligence analysts felt he brought pressure to bear at the CIA to make its assessments of Iraq's weapons programmes and links with al-Qaida fit with the White House's policy objectives.</p> <p>If America is wondering why its young are daily dying in a foreign land for an uncertain goal, Woodward's view is that Mr Cheney willed it from the moment he stepped into the Old Executive Office Building, next door to the White House. </p> <p>Mr Cheney harboured a long-felt sense of unfinished business from his time as defence secretary during the first Gulf war, when his advice that the allied forces should press on to Baghdad was overruled. </p> <p>This time, now he was just a heartbeat away from the presidency, things would be different.</p> <p>There is no other example in history of a vice-president with such influence over the major policy decisions of the White House. </p> <p>Traditionally, vice-presidents have barely any status. Once the election campaign is over, they are supposed to be neither seen nor heard unless it is to attend the funeral of a second-tier leader. </p> <p>Not so Dick Cheney. From Iraq to tax cuts, he has set the agenda. While being careful never to upstage Mr Bush in public, he has steered the political direction of the presidency from day one. </p> <p>He urged Mr Bush not to be cowed into a timid first term, despite being the first president elected without securing the most votes in over a century. </p> <p>And just as America slipped into recession, he advocated forcing a vote on a mammoth tax cut that created the largest budget deficit in history. </p> <p>He insisted on convening an energy task force that met in secret and released no details of its deliberations, made up of Mr Bush's and Mr Cheney's oil and gas buddies, just as corporate scandals unravelled boardrooms across the country. </p> <p>It became clear during this week's supreme court hearings about the legality of the task force's secrecy that one of the people offering his advice to the task force was their old pal Kenneth \"Kenny Boy\" Lay of Enron. </p> <p>Mr Cheney's resistance to the efforts of Congress to open up the minutes of those meetings has continued at the supreme court. </p> <p>The court will decide this summer whether protection of executive privilege outweighs the public's right to know what went on in the meetings, which coincided with California's power meltdown.</p> <p>As California tried to avoid implementing rolling blackouts in spring 2001, Mr Cheney, fresh from his t\u00eate-\u00e0-t\u00eate with the energy barons, decreed that the federal government would not impose energy price caps to ease the pain of the California public.</p> <p>While the energy task force was still lobbying Mr Cheney, Mr Lay told California's then governor, Gray Davis, that the only way out was to let the free market set the price. We can only assume he gave the same self-serving advice to Dick Cheney.</p> <p>After Enron went belly up, in late 2001, internal documents proved the extent to which the company had been gaming California's energy markets, creating bottlenecks to artificially drive up demand and shutting down power plants to shrink supply and inflate their profits. </p> <p>All this went on with the tacit approval of a vice-president who was pushing for deregulated energy markets in all states. Mr Cheney was about to launch a brave new energy policy that would export the California experience nationwide.</p> <p>Only Enron's demise and the subsequent wave of corporate scandals put this lunacy on hold. </p> <p>If the supreme court rules to open up the proceedings of the energy meetings to public scrutiny, it will surely offer a damning illustration of how this White House puts corporate greed above the most basic needs of the ordinary citizen.</p> <p>Halliburton, the company Mr Cheney led until he became vice-president, has just posted $5bn (\u00a32.8bn) in revenues for the last quarter, 80% of which is due to the no-bid contract it \"won\" to rebuild Iraq. </p> <p>Perhaps that uncertain goal for which Americans are dying isn't so uncertain after all.</p> <p><b>\u00b7</b> Philip James is a former senior Democratic party strategist</p>",
      "wordcount": "792",
      "commentable": "false",
      "isPremoderated": "false",
      "lastModified": "2017-07-15T03:33:15Z",
      "newspaperEditionDate": "2004-05-04T00:00:00Z",
      "productionOffice": "UK",
      "publication": "theguardian.com",
      "shortUrl": "https://gu.com/p/tzxg",
      "shouldHideAdverts": "false",
      "showInRelatedContent": "true",
      "legallySensitive": "false",
      "lang": "en",
      "bodyText": "The more that is unearthed about the march to war in Iraq, the more it becomes clear that the vice-president, Dick Cheney, is the puppet master in the Bush White House. Senator John Kerry must make ridding the White House of Dick Cheney as central to his campaign as replacing President George Bush. Bob Woodward's book Plan of Attack, his description of how the administration became hellbent on war, is really an account of just how much Mr Cheney was running things. From the viewpoint of the secretary of state, Colin Powell, the vice-president was fixated to the point of obsession on the need for a military strike to remove Saddam Hussein. Intelligence analysts felt he brought pressure to bear at the CIA to make its assessments of Iraq's weapons programmes and links with al-Qaida fit with the White House's policy objectives. If America is wondering why its young are daily dying in a foreign land for an uncertain goal, Woodward's view is that Mr Cheney willed it from the moment he stepped into the Old Executive Office Building, next door to the White House. Mr Cheney harboured a long-felt sense of unfinished business from his time as defence secretary during the first Gulf war, when his advice that the allied forces should press on to Baghdad was overruled. This time, now he was just a heartbeat away from the presidency, things would be different. There is no other example in history of a vice-president with such influence over the major policy decisions of the White House. Traditionally, vice-presidents have barely any status. Once the election campaign is over, they are supposed to be neither seen nor heard unless it is to attend the funeral of a second-tier leader. Not so Dick Cheney. From Iraq to tax cuts, he has set the agenda. While being careful never to upstage Mr Bush in public, he has steered the political direction of the presidency from day one. He urged Mr Bush not to be cowed into a timid first term, despite being the first president elected without securing the most votes in over a century. And just as America slipped into recession, he advocated forcing a vote on a mammoth tax cut that created the largest budget deficit in history. He insisted on convening an energy task force that met in secret and released no details of its deliberations, made up of Mr Bush's and Mr Cheney's oil and gas buddies, just as corporate scandals unravelled boardrooms across the country. It became clear during this week's supreme court hearings about the legality of the task force's secrecy that one of the people offering his advice to the task force was their old pal Kenneth \"Kenny Boy\" Lay of Enron. Mr Cheney's resistance to the efforts of Congress to open up the minutes of those meetings has continued at the supreme court. The court will decide this summer whether protection of executive privilege outweighs the public's right to know what went on in the meetings, which coincided with California's power meltdown. As California tried to avoid implementing rolling blackouts in spring 2001, Mr Cheney, fresh from his t\u00eate-\u00e0-t\u00eate with the energy barons, decreed that the federal government would not impose energy price caps to ease the pain of the California public. While the energy task force was still lobbying Mr Cheney, Mr Lay told California's then governor, Gray Davis, that the only way out was to let the free market set the price. We can only assume he gave the same self-serving advice to Dick Cheney. After Enron went belly up, in late 2001, internal documents proved the extent to which the company had been gaming California's energy markets, creating bottlenecks to artificially drive up demand and shutting down power plants to shrink supply and inflate their profits. All this went on with the tacit approval of a vice-president who was pushing for deregulated energy markets in all states. Mr Cheney was about to launch a brave new energy policy that would export the California experience nationwide. Only Enron's demise and the subsequent wave of corporate scandals put this lunacy on hold. If the supreme court rules to open up the proceedings of the energy meetings to public scrutiny, it will surely offer a damning illustration of how this White House puts corporate greed above the most basic needs of the ordinary citizen. Halliburton, the company Mr Cheney led until he became vice-president, has just posted $5bn (\u00a32.8bn) in revenues for the last quarter, 80% of which is due to the no-bid contract it \"won\" to rebuild Iraq. Perhaps that uncertain goal for which Americans are dying isn't so uncertain after all. \u00b7 Philip James is a former senior Democratic party strategist",
      "charCount": "4647"
    },
    "isHosted": false,
    "pillarId": "pillar/news",
    "pillarName": "News"
  },
  {
    "id": "world/2004/may/04/georgia.tomparfitt",
    "type": "article",
    "sectionId": "world",
    "sectionName": "World news",
    "webPublicationDate": "2004-05-04T08:42:43Z",
    "webTitle": "Georgia's rebels ready for war",
    "webUrl": "https://www.theguardian.com/world/2004/may/04/georgia.tomparfitt",
    "apiUrl": "https://content.guardianapis.com/world/2004/may/04/georgia.tomparfitt",
    "fields": {
      "headline": "Georgia's rebels ready for war",
      "trailText": "Civil war in Georgia moved a step closer yesterday as rebel leader Aslan Abashidze defied a call from President Mikhail Saakashvili to disband his paramilitary supporters and submit to Tbilisi's will.",
      "byline": "Tom Parfitt in Moscow",
      "main": "",
      "body": "Civil war in Georgia moved a step closer yesterday as rebel leader Aslan Abashidze defied a call from President Mikhail Saakashvili to disband his paramilitary supporters and submit to Tbilisi's will. <p>Armed groups roamed Adzharia - the fiefdom carved out by Mr Abashidze on the country's Black Sea coast - in defiance of the ultimatum. </p> <p>Mr Abashidze accused the Georgian leadership of treating the Adzharian constitution as \"a meaningless scrap of paper\". </p> <p>\"Saakashvili has no levers to implement his ultimatum because Adzharia has its own constitution and its own constitutional order,\" the rebel leader told the Russian television channel Rossiya. </p> <p>Asked by the RIA Novosti news agency how the standoff with Tbilisi might develop, he said: \"We expect war.\" </p> <p>Tension rose at the weekend when Mr Abashidze destroyed bridges linking Adzharia to the rest of the country, in response to Georgian army manoeuvres nearby. He said the army planned to invade, an accusation denied by Tbilisi. </p> <p>Mr Saakashvili retaliated with a demand for the rebel leader to \"return to Georgia's constitutional framework, stop violations of law and human rights, and start to disarm\" within 10 days. </p> <p>Tbilisi accused Mr Abashidze of consorting with \"state criminals and killers\" and threatened to arrest him if he did not give up his weapons. </p> <p>But there was silence from Batumi, the rebel capital, as Mr Abashidze's fighters positioned armoured vehicles on the border. Mr Abashidze was said to be in Batumi, but made no public appearance. </p> <p>One of his gunmen told AFP news agency: \"We have plenty of firepower and if someone comes in here there will be bloodshed. We do not want war, but we are not going to let anyone in with weapons.\" </p> <p>Batumi is a shipping point for Caspian Sea oil. Oil supplies to the port were close to being paralysed because of severed rail links. </p> <p>Zurab Zhvaniya, Georgia's prime minister, said: \"Aslan Abashidze's paranoia may seriously harm Georgia. The people of the autonomous republic may starve if investors lose interest in Georgia.\" </p> <p>The Russian television station NTV said meat and cheese had doubled in price as civilians prepared for an invasion. </p>",
      "newspaperPageNumber": "12",
      "wordcount": "351",
      "commentable": "false",
      "isPremoderated": "false",
      "lastModified": "2004-05-04T08:42:43Z",
      "newspaperEditionDate": "2004-05-04T00:00:00Z",
      "productionOffice": "UK",
      "publication": "theguardian.com",
      "shortUrl": "https://gu.com/p/qab2",
      "shouldHideAdverts": "false",
      "showInRelatedContent": "true",
      "legallySensitive": "false",
      "lang": "en",
      "bodyText": "Civil war in Georgia moved a step closer yesterday as rebel leader Aslan Abashidze defied a call from President Mikhail Saakashvili to disband his paramilitary supporters and submit to Tbilisi's will. Armed groups roamed Adzharia - the fiefdom carved out by Mr Abashidze on the country's Black Sea coast - in defiance of the ultimatum. Mr Abashidze accused the Georgian leadership of treating the Adzharian constitution as \"a meaningless scrap of paper\". \"Saakashvili has no levers to implement his ultimatum because Adzharia has its own constitution and its own constitutional order,\" the rebel leader told the Russian television channel Rossiya. Asked by the RIA Novosti news agency how the standoff with Tbilisi might develop, he said: \"We expect war.\" Tension rose at the weekend when Mr Abashidze destroyed bridges linking Adzharia to the rest of the country, in response to Georgian army manoeuvres nearby. He said the army planned to invade, an accusation denied by Tbilisi. Mr Saakashvili retaliated with a demand for the rebel leader to \"return to Georgia's constitutional framework, stop violations of law and human rights, and start to disarm\" within 10 days. Tbilisi accused Mr Abashidze of consorting with \"state criminals and killers\" and threatened to arrest him if he did not give up his weapons. But there was silence from Batumi, the rebel capital, as Mr Abashidze's fighters positioned armoured vehicles on the border. Mr Abashidze was said to be in Batumi, but made no public appearance. One of his gunmen told AFP news agency: \"We have plenty of firepower and if someone comes in here there will be bloodshed. We do not want war, but we are not going to let anyone in with weapons.\" Batumi is a shipping point for Caspian Sea oil. Oil supplies to the port were close to being paralysed because of severed rail links. Zurab Zhvaniya, Georgia's prime minister, said: \"Aslan Abashidze's paranoia may seriously harm Georgia. The people of the autonomous republic may starve if investors lose interest in Georgia.\" The Russian television station NTV said meat and cheese had doubled in price as civilians prepared for an invasion.",
      "charCount": "2146"
    },
    "isHosted": false,
    "pillarId": "pillar/news",
    "pillarName": "News"
  },
  {
    "id": "world/2004/may/04/israel.guardianletters",
    "type": "article",
    "sectionId": "world",
    "sectionName": "World news",
    "webPublicationDate": "2004-05-04T01:11:52Z",
    "webTitle": "Letters: Israel's unilateral policies are not the way to peace",
    "webUrl": "https://www.theguardian.com/world/2004/may/04/israel.guardianletters",
    "apiUrl": "https://content.guardianapis.com/world/2004/may/04/israel.guardianletters",
    "fields": {
      "headline": "Israel's unilateral policies are not the way to peace",
      "trailText": "<B>Letters:</B> How can Max Hastings believe that any \"settlement\" unilaterally imposed on the Palestinians will be successful (The price for peace that Israel is unwilling to pay, May 3)?",
      "main": "",
      "body": "How can Max Hastings believe that any \"settlement\" unilaterally imposed on the Palestinians will be any more successful than the rest of Israel's unilateral strategies (The price for peace that Israel is unwilling to pay, May 3)? And how can such an astute observer have fallen for the fantasy that the \"horrible security fence\" (his words), which tears Palestinian communities apart, is a legitimate security protection? If he had asked, most Palestinians would have told him that. Though as far as they're concerned, Israel can barricade itself in as much as it likes, provided it stops invading their land and locates the fence firmly within its own pre-1967 boundaries. <p>While contesting its boundaries, most Palestinian leaders - political or paramilitary - have long come to accept Israel's existence. If Israel were to signal its willingness to pay the necessary territorial price for peace, it would find a wide range of Palestinian leaders willing to trade.<br> <b>Naomi Wayne</b><br> Jews for Justice for Palestinians </p> <p>Last year I flew into Tel Aviv to visit my sick mother in Nablus and was refused entry by an Israeli soldier - it never occurred to me that I, a British passport holder, would not be able to enter. So can you imagine how I feel about some of the comments made by Israelis in Max Hastings' article? </p> <p>\"The Palestinians don't possess any historical rights over the land of Israel. No sovereign state held these lands legally before the state of Israel. Jordan occupied them illegally. In 1967, we didn't occupy these territories. We freed them.\" My family has lived in Nablus for hundreds of years. Can anyone convince me that we have no historical right, and cannot even visit? </p> <p>In Russia, \"If terrorists killed a few soldiers, next day the nearest village was levelled to the ground. Afterwards, there was peace. Now here, today, our army only needs to do that once _\" What level of humanity does that portray? What amount of human sacrifice should Palestinians suffer for Israeli settlements? </p> <p>Settlers are not only living on stolen land, but also enjoy a high standard of living, while within 1km Palestinian children do not have food or clean water. Over 75% of Palestinians in the Occupied Territories live on less than $2 a day. Palestinians have no hope for today or tomorrow and that is the biggest threat.<br> <b>Ahlam Amira Akram</b><br> Joint Action for Israeli-Palestinian Peace </p> <p>I would like to compliment the Guardian for its coverage of the murder of a pregnant Israeli mother and her four daughters (Report, May 3). One need hold no brief for the settlers in Gaza to be shocked by this event, and Conal Urquhart's dismay was apparent in his cogent report. </p> <p>His report of this disgusting act, hailed by Islamic Jihad as \"heroic\", was for once unaccompanied by an attempt to mitigate the blame due to the perpetrators - in contrast to the Washington Post, which dismissed the deaths as \"marring the [Likud] vote\".<br> <b>Alan Kolnik</b><br> Bethesda, Maryland, USA</p>",
      "newspaperPageNumber": "21",
      "wordcount": "499",
      "commentable": "false",
      "isPremoderated": "false",
      "lastModified": "2004-05-04T01:11:52Z",
      "newspaperEditionDate": "2004-05-04T00:00:00Z",
      "productionOffice": "UK",
      "publication": "theguardian.com",
      "shortUrl": "https://gu.com/p/mq38",
      "shouldHideAdverts": "false",
      "showInRelatedContent": "true",
      "legallySensitive": "false",
      "lang": "en",
      "bodyText": "How can Max Hastings believe that any \"settlement\" unilaterally imposed on the Palestinians will be any more successful than the rest of Israel's unilateral strategies (The price for peace that Israel is unwilling to pay, May 3)? And how can such an astute observer have fallen for the fantasy that the \"horrible security fence\" (his words), which tears Palestinian communities apart, is a legitimate security protection? If he had asked, most Palestinians would have told him that. Though as far as they're concerned, Israel can barricade itself in as much as it likes, provided it stops invading their land and locates the fence firmly within its own pre-1967 boundaries. While contesting its boundaries, most Palestinian leaders - political or paramilitary - have long come to accept Israel's existence. If Israel were to signal its willingness to pay the necessary territorial price for peace, it would find a wide range of Palestinian leaders willing to trade. Naomi Wayne Jews for Justice for Palestinians Last year I flew into Tel Aviv to visit my sick mother in Nablus and was refused entry by an Israeli soldier - it never occurred to me that I, a British passport holder, would not be able to enter. So can you imagine how I feel about some of the comments made by Israelis in Max Hastings' article? \"The Palestinians don't possess any historical rights over the land of Israel. No sovereign state held these lands legally before the state of Israel. Jordan occupied them illegally. In 1967, we didn't occupy these territories. We freed them.\" My family has lived in Nablus for hundreds of years. Can anyone convince me that we have no historical right, and cannot even visit? In Russia, \"If terrorists killed a few soldiers, next day the nearest village was levelled to the ground. Afterwards, there was peace. Now here, today, our army only needs to do that once _\" What level of humanity does that portray? What amount of human sacrifice should Palestinians suffer for Israeli settlements? Settlers are not only living on stolen land, but also enjoy a high standard of living, while within 1km Palestinian children do not have food or clean water. Over 75% of Palestinians in the Occupied Territories live on less than $2 a day. Palestinians have no hope for today or tomorrow and that is the biggest threat. Ahlam Amira Akram Joint Action for Israeli-Palestinian Peace I would like to compliment the Guardian for its coverage of the murder of a pregnant Israeli mother and her four daughters (Report, May 3). One need hold no brief for the settlers in Gaza to be shocked by this event, and Conal Urquhart's dismay was apparent in his cogent report. His report of this disgusting act, hailed by Islamic Jihad as \"heroic\", was for once unaccompanied by an attempt to mitigate the blame due to the perpetrators - in contrast to the Washington Post, which dismissed the deaths as \"marring the [Likud] vote\". Alan Kolnik Bethesda, Maryland, USA",
      "charCount": "2953"
    },
    "isHosted": false,
    "pillarId": "pillar/news",
    "pillarName": "News"
  },
  {
    "id": "world/2004/may/04/law.features11",
    "type": "article",
    "sectionId": "law",
    "sectionName": "Law",
    "webPublicationDate": "2004-05-04T01:10:57Z",
    "webTitle": "Marcel Berlins: Barrister sues barrister",
    "webUrl": "https://www.theguardian.com/world/2004/may/04/law.features11",
    "apiUrl": "https://content.guardianapis.com/world/2004/may/04/law.features11",
    "fields": {
      "headline": "Barrister sues barrister",
      "standfirst": "Love turns sour for two barristers, the high price of slander, and why judges must not serve on juries",
      "trailText": "<B>Marcel Berlins:</B> Love turns sour for two barristers, the high price of slander, and why judges must not serve on juries.",
      "byline": "Marcel Berlins",
      "main": "",
      "body": "<b>\u00b7</b> The Guardian's news pages have better things to do than report bitter court cases between lawyers, so it is left to me to tell you about Kerry Cox and Lawrence Jones. On the surface, it is just the usual case of barrister loves barrister, barrister splits up with barrister, barrister sues barrister. But this one had some additional features. <p>Broadly, Cox is claiming around \u00a3500,000 from Jones, basically the worth of property she says he promised her. He says he didn't, and wants the \u00a320,000 engagement ring back. But not many such trials include the following: \"We crammed more emotions into one week than most people cram into a whole marriage,\" said Jones (not the way lawyers usually describe their relationships); after they had acrimoniously split up, he nevertheless bought her a \u00a322,000 BMW which, he claims, she rejected because she hated the colour and it wasn't a convertible; Jones admitted that he hadn't paid income tax or VAT for 10 years: \"I just never got round to making returns\"; he had asked her to leave his home because of the \"uncontrollable and unacceptable behaviour\" of her dog Bootsie, a German shepherd. </p> <p>He also made allegations that he had found her in \"blatantly sexual behaviour\" with a leading member of the bar and that she had made \"outrageous advances\" to members of the Australian cricket team on a tour of the West Indies. </p> <p>The judge struck out those allegations and Jones has abandoned them - but, curiously, it was left to Cox's public relations team to point this out in a press release. Apparently it was feared that this development in the case, which happened late in the day, might not get properly reported fully; so the PR people sent a reminder to the media. </p> <p>I don't quibble with that, but is it the beginning of a new angle on reporting trials, by way of PR handouts stressing the evidence favourable to one side or the other? </p> <p><b>\u00b7</b> Here is the point about slander, as distinct from libel. Very few people hear the original alleged slander because, by definition, it is defamation by the spoken word, unrecorded either in print or sound. But the moment a slander comes to court, what was heard by perhaps only a handful or a dozen people suddenly becomes known to many millions of readers. </p> <p>I have no idea of the merits of the slander suit brought by the \"multi-millionaire Jewish businessman\" against the rabbi alleged to have spread rumours about him. What I do know is that one of the parties, but very possibly both, will land up as a figure of fun or pity, or at the very least with a permanently diminished standing. </p> <p>Whoever wins, the price paid by one or both parties seems so disproportionate to the original event: remarks heard by a few people. But those people are the ones in your own small community; they matter to you. Slander is essentially a community issue; unfortunately, under our law, it often has to be played out on a national stage. It is unfair, but I don't see an alternative. </p> <p><b>\u00b7</b> I am eagerly waiting for the first judge to be summoned to do jury service. Will he or she try to get out of it? Since last month judges and lawyers are no longer exempt. Nor are the police, and there's already been a demand by the Police Federation for a return to the old law under which they escaped being on a jury. </p> <p>The new guidance on judges and others \"involved in the administration of justice\" talks about trials in which they may know someone in the case; but otherwise, it seems, they will not be able to escape jury service other than for specific personal reasons, which will be rigorously examined by jury officials. </p> <p>I don't think that's the right approach. Much as I want juries to be drawn from as wide a base as possible, I believe that having judges and lawyers on them will work against justice being done. Inevitably, they will distort the discussion in the jury room. Is it suggested that they should pretend to know as little as their fellow jurors and keep quiet about their expertise and experience? That would be against human nature as well as dishonest; and making one juror behave differently from others is a strange way to run the system. </p> <p>But if judges were to intervene every time they quite genuinely felt they had something to contribute, the other jurors would be either overawed and over-dependant, or resentful of the Mr or Ms Know-all. Neither attitude would help the jury reach a verdict as normal.</p>",
      "newspaperPageNumber": "17",
      "wordcount": "778",
      "commentable": "false",
      "isPremoderated": "false",
      "lastModified": "2017-11-26T04:16:37Z",
      "newspaperEditionDate": "2004-05-04T00:00:00Z",
      "productionOffice": "UK",
      "publication": "The Guardian",
      "shortUrl": "https://gu.com/p/kmcv",
      "shouldHideAdverts": "false",
      "showInRelatedContent": "true",
      "legallySensitive": "false",
      "lang": "en",
      "bodyText": "\u00b7 The Guardian's news pages have better things to do than report bitter court cases between lawyers, so it is left to me to tell you about Kerry Cox and Lawrence Jones. On the surface, it is just the usual case of barrister loves barrister, barrister splits up with barrister, barrister sues barrister. But this one had some additional features. Broadly, Cox is claiming around \u00a3500,000 from Jones, basically the worth of property she says he promised her. He says he didn't, and wants the \u00a320,000 engagement ring back. But not many such trials include the following: \"We crammed more emotions into one week than most people cram into a whole marriage,\" said Jones (not the way lawyers usually describe their relationships); after they had acrimoniously split up, he nevertheless bought her a \u00a322,000 BMW which, he claims, she rejected because she hated the colour and it wasn't a convertible; Jones admitted that he hadn't paid income tax or VAT for 10 years: \"I just never got round to making returns\"; he had asked her to leave his home because of the \"uncontrollable and unacceptable behaviour\" of her dog Bootsie, a German shepherd. He also made allegations that he had found her in \"blatantly sexual behaviour\" with a leading member of the bar and that she had made \"outrageous advances\" to members of the Australian cricket team on a tour of the West Indies. The judge struck out those allegations and Jones has abandoned them - but, curiously, it was left to Cox's public relations team to point this out in a press release. Apparently it was feared that this development in the case, which happened late in the day, might not get properly reported fully; so the PR people sent a reminder to the media. I don't quibble with that, but is it the beginning of a new angle on reporting trials, by way of PR handouts stressing the evidence favourable to one side or the other? \u00b7 Here is the point about slander, as distinct from libel. Very few people hear the original alleged slander because, by definition, it is defamation by the spoken word, unrecorded either in print or sound. But the moment a slander comes to court, what was heard by perhaps only a handful or a dozen people suddenly becomes known to many millions of readers. I have no idea of the merits of the slander suit brought by the \"multi-millionaire Jewish businessman\" against the rabbi alleged to have spread rumours about him. What I do know is that one of the parties, but very possibly both, will land up as a figure of fun or pity, or at the very least with a permanently diminished standing. Whoever wins, the price paid by one or both parties seems so disproportionate to the original event: remarks heard by a few people. But those people are the ones in your own small community; they matter to you. Slander is essentially a community issue; unfortunately, under our law, it often has to be played out on a national stage. It is unfair, but I don't see an alternative. \u00b7 I am eagerly waiting for the first judge to be summoned to do jury service. Will he or she try to get out of it? Since last month judges and lawyers are no longer exempt. Nor are the police, and there's already been a demand by the Police Federation for a return to the old law under which they escaped being on a jury. The new guidance on judges and others \"involved in the administration of justice\" talks about trials in which they may know someone in the case; but otherwise, it seems, they will not be able to escape jury service other than for specific personal reasons, which will be rigorously examined by jury officials. I don't think that's the right approach. Much as I want juries to be drawn from as wide a base as possible, I believe that having judges and lawyers on them will work against justice being done. Inevitably, they will distort the discussion in the jury room. Is it suggested that they should pretend to know as little as their fellow jurors and keep quiet about their expertise and experience? That would be against human nature as well as dishonest; and making one juror behave differently from others is a strange way to run the system. But if judges were to intervene every time they quite genuinely felt they had something to contribute, the other jurors would be either overawed and over-dependant, or resentful of the Mr or Ms Know-all. Neither attitude would help the jury reach a verdict as normal.",
      "charCount": "4388"
    },
    "isHosted": false,
    "pillarId": "pillar/news",
    "pillarName": "News"
  },
  {
    "id": "business/2004/may/04/oilandpetrol.news",
    "type": "article",
    "sectionId": "business",
    "sectionName": "Business",
    "webPublicationDate": "2004-05-04T01:10:23Z",
    "webTitle": "El Paso staff accused of reserves ploy",
    "webUrl": "https://www.theguardian.com/business/2004/may/04/oilandpetrol.news",
    "apiUrl": "https://content.guardianapis.com/business/2004/may/04/oilandpetrol.news",
    "fields": {
      "headline": "El Paso staff accused of reserves ploy",
      "trailText": "<p>El Paso, the American energy firm struck by a markedly similar scandal to the one afflicting Shell, yesterday said workers might have deliberately overstated oil and gas reserves between 1999 and 2003. </p>",
      "byline": "David Teather in New York",
      "main": "",
      "body": "<p>El Paso, the American energy firm struck by a markedly similar scandal to the one afflicting Shell, yesterday said workers might have deliberately overstated oil and gas reserves between 1999 and 2003. </p> <p>A review prepared by an outside law firm found that some unidentified employees had used methods that were \"aggressive and at times unsupportable\" to book proven reserves. </p> <p>Houston-based El Paso slashed its proven oil and gas reserves by 41% in February, weeks after Shell cut its reserves. The US attorney's office and the securities and exchange commis- sion are continuing investigations into El Paso. </p> <p>In a statement, the company said: \"Certain employees provided reserve estimates that they knew or should have known were incorrect at the time they were reported.\" </p> <p>The report cleared El Paso's senior management team of any wrongdoing. </p> <p>The review confirmed the need for El Paso to restate its earnings for the years in question. </p> <p>The problems at El Paso are another blow to the American energy sector and pointedly to Houston, Texas, the former home of Enron - once the seventh largest company in America and brought down by accounting skullduggery.</p>",
      "newspaperPageNumber": "17",
      "wordcount": "187",
      "commentable": "false",
      "isPremoderated": "false",
      "lastModified": "2004-05-04T01:10:23Z",
      "newspaperEditionDate": "2004-05-04T00:00:00Z",
      "productionOffice": "UK",
      "publication": "theguardian.com",
      "shortUrl": "https://gu.com/p/da25",
      "shouldHideAdverts": "false",
      "showInRelatedContent": "true",
      "legallySensitive": "false",
      "lang": "en",
      "bodyText": "El Paso, the American energy firm struck by a markedly similar scandal to the one afflicting Shell, yesterday said workers might have deliberately overstated oil and gas reserves between 1999 and 2003. A review prepared by an outside law firm found that some unidentified employees had used methods that were \"aggressive and at times unsupportable\" to book proven reserves. Houston-based El Paso slashed its proven oil and gas reserves by 41% in February, weeks after Shell cut its reserves. The US attorney's office and the securities and exchange commis- sion are continuing investigations into El Paso. In a statement, the company said: \"Certain employees provided reserve estimates that they knew or should have known were incorrect at the time they were reported.\" The report cleared El Paso's senior management team of any wrongdoing. The review confirmed the need for El Paso to restate its earnings for the years in question. The problems at El Paso are another blow to the American energy sector and pointedly to Houston, Texas, the former home of Enron - once the seventh largest company in America and brought down by accounting skullduggery.",
      "charCount": "1153"
    },
    "isHosted": false,
    "pillarId": "pillar/news",
    "pillarName": "News"
  }
]