[
  {
    "id": "business/2004/mar/18/oilandpetrol.news",
    "type": "article",
    "sectionId": "business",
    "sectionName": "Business",
    "webPublicationDate": "2004-03-18T16:10:39Z",
    "webTitle": "Shell makes new cut to reserves",
    "webUrl": "https://www.theguardian.com/business/2004/mar/18/oilandpetrol.news",
    "apiUrl": "https://content.guardianapis.com/business/2004/mar/18/oilandpetrol.news",
    "fields": {
      "headline": "Shell makes new cut to reserves",
      "trailText": "<p>Shell today fell into further disarray as it made another cut to its estimated oil and natural gas reserves and delayed the release of its annual report.</p>",
      "byline": "Mark Tran",
      "main": "",
      "body": "<p>Shell today fell into further disarray as it made another cut to its estimated oil and natural gas reserves and delayed the release of its annual report.</p> <p>The Anglo-Dutch oil giant reduced its end-2002 reserves by 250 million barrels, and wiped a further 220 million off 2003 in what was its second reserves downgrade in three months. </p> <p>In January, Shell stunned investors when it reclassified 3.9 billion barrels, or around one fifth of its total holdings, from its reserves.</p> <p>The January downgrade led to the resignation of the company's chairman, Sir Philip Watts, and its head of exploration and production, Walter van de Vijver. Shell has now struck off 4.15 billion barrels from reserves that it had carried on its books.</p> <p>Reserves form a valuable asset for an oil company, and any reclassification of them into less certain categories is a major cause of concern for investors. </p> <p>The securities and exchange commission (SEC), the US financial watchdog, is now conducting a formal investigation into Shell's accounting for its reserves. </p> <p>The latest changes will lead to an increase in after tax costs of around $20m (\u00a310.9m). Shell said that it would also write off $10m worth of wells associated with the reclassified assets. </p> <p>\"These have been challenging weeks for the management of Shell, just as they have been very disappointing for investors,\" the company's new chairman, Jeroen van der Veer, said in a statement.</p> <p>Shell shares were trading 2.6% lower, at 362.5p, in afternoon trading in London. The stock has fallen by around 10% since the first cut in reserves. </p> <p>\"It's obviously very disappointing. It does look as if Shell has been dramatically overstating its reserves, and one has to question the prudence of its accounting standards,\" Colin Morton, BWD Rensburg fund manager, told Reuters.</p> <p>\"You just hope that the new boss can draw a line under this whole affair.\" </p> <p>Shell has postponed the planned Friday release of its annual report for 2003 until late May because of the latest downgrade. </p> <p>In its statement, the company also disclosed that it faces another investigation - this time into potential insider trading - by the Autoriteit Financiele Markten (AFM), the financial regulatory body in the Netherlands. </p> <p>Besides the SEC investigation, there have been reports from the US that Shell could face a criminal investigation.</p> <p>Shell said it was tightening its internal controls, explaining that it was revising its reserves reporting guidelines to remove any \"remaining ambiguity\" in the application of SEC rules and guidance.</p> <p>The company added that it would significantly increase the number of staff dedicated to managing reserves.</p>",
      "wordcount": "432",
      "commentable": "false",
      "isPremoderated": "false",
      "lastModified": "2004-03-18T16:10:39Z",
      "newspaperEditionDate": "2004-03-18T00:00:00Z",
      "productionOffice": "UK",
      "publication": "theguardian.com",
      "shortUrl": "https://gu.com/p/dmgd",
      "shouldHideAdverts": "false",
      "showInRelatedContent": "true",
      "legallySensitive": "false",
      "lang": "en",
      "bodyText": "Shell today fell into further disarray as it made another cut to its estimated oil and natural gas reserves and delayed the release of its annual report. The Anglo-Dutch oil giant reduced its end-2002 reserves by 250 million barrels, and wiped a further 220 million off 2003 in what was its second reserves downgrade in three months. In January, Shell stunned investors when it reclassified 3.9 billion barrels, or around one fifth of its total holdings, from its reserves. The January downgrade led to the resignation of the company's chairman, Sir Philip Watts, and its head of exploration and production, Walter van de Vijver. Shell has now struck off 4.15 billion barrels from reserves that it had carried on its books. Reserves form a valuable asset for an oil company, and any reclassification of them into less certain categories is a major cause of concern for investors. The securities and exchange commission (SEC), the US financial watchdog, is now conducting a formal investigation into Shell's accounting for its reserves. The latest changes will lead to an increase in after tax costs of around $20m (\u00a310.9m). Shell said that it would also write off $10m worth of wells associated with the reclassified assets. \"These have been challenging weeks for the management of Shell, just as they have been very disappointing for investors,\" the company's new chairman, Jeroen van der Veer, said in a statement. Shell shares were trading 2.6% lower, at 362.5p, in afternoon trading in London. The stock has fallen by around 10% since the first cut in reserves. \"It's obviously very disappointing. It does look as if Shell has been dramatically overstating its reserves, and one has to question the prudence of its accounting standards,\" Colin Morton, BWD Rensburg fund manager, told Reuters. \"You just hope that the new boss can draw a line under this whole affair.\" Shell has postponed the planned Friday release of its annual report for 2003 until late May because of the latest downgrade. In its statement, the company also disclosed that it faces another investigation - this time into potential insider trading - by the Autoriteit Financiele Markten (AFM), the financial regulatory body in the Netherlands. Besides the SEC investigation, there have been reports from the US that Shell could face a criminal investigation. Shell said it was tightening its internal controls, explaining that it was revising its reserves reporting guidelines to remove any \"remaining ambiguity\" in the application of SEC rules and guidance. The company added that it would significantly increase the number of staff dedicated to managing reserves.",
      "charCount": "2638"
    },
    "isHosted": false,
    "pillarId": "pillar/news",
    "pillarName": "News"
  },
  {
    "id": "theguardian/2004/mar/18/guardianweekly.guardianweekly1",
    "type": "article",
    "sectionId": "world",
    "sectionName": "World news",
    "webPublicationDate": "2004-03-18T14:06:51Z",
    "webTitle": "'My father is a visionary, not king or president'",
    "webUrl": "https://www.theguardian.com/theguardian/2004/mar/18/guardianweekly.guardianweekly1",
    "apiUrl": "https://content.guardianapis.com/theguardian/2004/mar/18/guardianweekly.guardianweekly1",
    "fields": {
      "headline": "'My father is a visionary, not king or president'",
      "standfirst": "Muammar Gadafy's son Saif has no official title, but he is the architect of Libya's new image, says Patrice Claude",
      "trailText": "Saif al-Islam Gadafy, the 31-year-old elder son of the Libya's \"Guide\", Colonel Muammar Gadafy, is a sultan who rears tigers and pumas and hunts in the desert with falcons. But when in the City of London, Saif al-Islam (the Sword of Islam) is transmogrified into a whizz-kid and expert communicator.",
      "main": "",
      "body": "Saif al-Islam Gadafy, the 31-year-old elder son of the Libya's \"Guide\", Colonel Muammar Gadafy, is a sultan who rears tigers and pumas and hunts in the desert with falcons. But when in the City of London, Saif al-Islam (the Sword of Islam) is transmogrified into a whizz-kid and expert communicator. <p>In the relaxed environment of his Hyde Park mansion, Saif sports an open-necked shirt, designer jeans and a dazzling smile. He comes across as friendly and modest. There is no brass plaque or bodyguard by his front door. In his pearl-grey drawing room, the male secretary who takes notes is Libyan, and the butler who serves the orange juice is British. </p> <p>Saif, who is president of the Gadafy International Foundation for Charitable Associations, is on a high: after being consigned to diplomatic purgatory for 20 years, the Great Socialist People's Libyan Arab Jamahiriyya (state of the masses) is back on the international scene. </p> <p>Saif has been partly responsible for getting his unpredictable father to eat humble pie. He has acted as his more affable alter ego. Officially, though, Saif is a non-entity. Like his father, who gave up all his official titles years ago (which enables him to claim, unconvincingly, that he is not responsible for Libya's sorry predicament), Saif occupies no post and plays no role in the affairs of state. </p> <p>\"I'm just a Libyan who does what he can for his country,\" he says. The Arab press senses that he is his father's designated successor and calls him \"the prince of Libya\". Heads of state who receive him, as France's President Jacques Chirac is doing this week, regard him as Gadafy's heir apparent. </p> <p>Yet Saif denies that he could ever succeed his father. Since Gadafy's \"great revolution\" of 1969, there have been no political parties, no elections, no constitution, no freedom of association and no freedom of information in the \"state of the masses\". </p> <p>Even today, when there is so much talk of reform and massive privatisation, Gadafy's Libya is a place where lawyers, teachers, students, intellectuals, diplomats and businesspeople tend to say: \"Above all don't quote me - I could get into serious trouble.\" True, there has been an opening up to the outside world and a change of strategy. But as every Libyan knows, Gadafy might get up one morning in a bad mood and turn the clock back with a single diktat. </p> <p>The secret detentions, public executions, assassinations of dissidents and systematic torture that have marked the 35 years of the Jamahiriyya \"are tending to decrease\", an observer notes. \"But the long and bloody ordeal suffered by the Libyans has marked their minds for several generations.\" </p> <p>In the past two years Saif has managed to get several hundred political prisoners released, and a delegation from Amnesty International was allowed to visit prisons last month for the first time in 15 years. According to one of its members, there are still \"several hundred\" political detainees. </p> <p>\"Political? No,\" Saif says with a frown. Like his father, who harps on about President Bush's \"cages\" at Guantanamo Bay, he claims that the imprisoned Islamists are \"nothing but dangerous terrorists\". </p> <p>In Libya, a country three times the size of France but which is 90% desert and has a population of only 5.5 million, the \"masses\" are supposed to govern through people's committees, controlled alternately by Gadafy's henchmen in the army, political police and revolutionary committees. \"My father is a visionary who is neither king nor president, so he has no hereditary office to pass on,\" says Saif. </p> <p>In a message posted on his website (<a href=\"http://www.gaddaficharity.org)\" target=\"_NEW\">www.gaddaficharity.org)</a> last December, he claimed that Libya had not sought and was not seeking weapons of mass destruction. But we now know, thanks to inspections authorised by Gadafy to facilitate his return to grace, that his nuclear programmes had reached an advanced stage. </p> <p>The \"third universal theory\" in Gadafy's Green Book remains relevant. Aimed at developing a system halfway between socialism and capitalism, \"the theory is democratic and wonderful\", says Saif. \"Its implementation, which was botched, is what needs to be reformed.\" </p> <p>Study groups \"are working on it\", he has said for the past two years. Will Libyans be able, one day, to choose their leaders through free elections? \"It's not a question of voting. We must find a way of involving the people in decision-making mechanisms.\" </p> <p>For the time being, there is no hurry. The Bush administration - which is about to reopen its embassy in the capital, Tripoli - and Tony Blair, who is due to visit Libya very soon, are so happy to be able to point to an Arab dictator who was scared by the Iraq invasion into opening his weapons arsenal to inspectors that they have decided not to make a fuss about human rights and democracy. </p> <p>All of Gadafy's six children have a finger in the pie. A few years ago, it wasn't Saif al-Islam but his younger brother, al-Saadi, thought to be in sympathy with revolutionary hardliners, who seemed destined for greater things. But after an unsuccessful career in football, he was content to run the National Football League. As for their sister, Aisha, a beautiful blonde dubbed \"the Claudia Schiffer of North Africa\" by the Italian press, she is rumoured to have wanted to go into politics. But in Libya's still largely traditional Bedouin society, \"women can't yet play that kind of role\", says a local journalist. </p> <p>It was Saif who had Gadafy's ear. At the end of 1994, after graduating as an architect from Al-Fateh University in Tripoli, he was commissioned to build a large complex with a hotel, mosque and housing. That was soon followed by villas, a sports ground and a leisure centre. </p> <p>Saif first hit the international headlines in August 2000, when his foundation acted as an intermediary between the Abu Sayyaf group, which was holding hostages in the Philippine island of Jolo, and the Manila government. </p> <p>Libya, which had for years financed separatist groups across the world, paid a ransom estimated at $25m. Six Western hostages were released. France thanked Libya and talked about an \"improvement in relations\". The German chancellor, Gerhard Schr\u00f6der, stressed that \"without Gadafy and his son, nothing would have been possible\". Libya's redemption had begun. </p> <p>As a result of the US embargo, tough United Nations sanctions and mismanagement, the Libyan economy was in tatters. Between 1970 and 2003, oil production - the sole source of revenue following several failed attempts at diversification - fell by 50%. </p> <p>When President Reagan decided to bomb Libya in 1986 with the aim of \"killing the mad dog of the Middle East\", Saif was 14. The bombs killed 43 people, including the latest addition to the family, an adopted baby only a few months old. </p> <p>Saif has not forgotten. \"It was very unpleasant,\" he says. \"But that experience helped to shape my new and more mature personality.\" Fifteen years on, he campaigned harder than anyone to make peace with the US. </p> <p>No one knows exactly how the Gadafy Foundation is financed or what its budget is. It has been active in dealing with all the regime's contentious dossiers, paying a total of about $3bn in compensation to families of the victims of the Lockerbie and UTA plane crashes, for which Libya accepted not guilt, but \"responsibility\". \"It was the price for peace,\" says Saif. </p> <p>Now that all the big American oil companies are going back to Tripoli, \"the revolution is over\", says Saif. Links with Britain, the US, Germany and the former colonial power, Italy, have been restored. \"It hasn't been a honeymoon with France,\" says Saif. \"But I trust Chirac. Now that the UTA affair has been settled, we're keen to see how France will react. If it sincerely wants to call it quits, we'll respond.\" </p> <p>Saif, who speaks English and German, but only a little French, is not much of a Francophile. In the 90s, when he wanted to complete his university education in Paris, he was refused a student visa. \"It was a case of discrimination based solely on my name,\" he says. It was a \"snub\" that he has not forgotten. In the end, he got his business management degree in Austria. </p> <p>During Saif's student years, when he was a playboy who used his father's money to live on a grand scale, he formed two important friendships. One was with Shukri Ganem, a liberal US-trained Libyan, then number three in Opec in Vienna and now, thanks to Saif, the reformist head of the Libyan government. </p> <p>The other friend he made during those years is rather more embarrassing: J\u00f6rg Haider, the leader of the Austrian far right. Saif is unabashed. \"He's a friend. We visit each other and go hunting together. Libya is on good terms with almost all far-right European politicians. I don't know why, but that's the way it is.\" </p> <p>Could he expand? \"Yes, maybe we do have a few things in common. I don't know . . .\" March 4</p>",
      "newspaperPageNumber": "26",
      "wordcount": "1494",
      "commentable": "false",
      "isPremoderated": "false",
      "lastModified": "2004-03-17T14:06:51Z",
      "newspaperEditionDate": "2004-03-18T00:00:00Z",
      "productionOffice": "UK",
      "publication": "Guardian Weekly",
      "shortUrl": "https://gu.com/p/xvhex",
      "shouldHideAdverts": "false",
      "showInRelatedContent": "true",
      "legallySensitive": "false",
      "lang": "en",
      "bodyText": "Saif al-Islam Gadafy, the 31-year-old elder son of the Libya's \"Guide\", Colonel Muammar Gadafy, is a sultan who rears tigers and pumas and hunts in the desert with falcons. But when in the City of London, Saif al-Islam (the Sword of Islam) is transmogrified into a whizz-kid and expert communicator. In the relaxed environment of his Hyde Park mansion, Saif sports an open-necked shirt, designer jeans and a dazzling smile. He comes across as friendly and modest. There is no brass plaque or bodyguard by his front door. In his pearl-grey drawing room, the male secretary who takes notes is Libyan, and the butler who serves the orange juice is British. Saif, who is president of the Gadafy International Foundation for Charitable Associations, is on a high: after being consigned to diplomatic purgatory for 20 years, the Great Socialist People's Libyan Arab Jamahiriyya (state of the masses) is back on the international scene. Saif has been partly responsible for getting his unpredictable father to eat humble pie. He has acted as his more affable alter ego. Officially, though, Saif is a non-entity. Like his father, who gave up all his official titles years ago (which enables him to claim, unconvincingly, that he is not responsible for Libya's sorry predicament), Saif occupies no post and plays no role in the affairs of state. \"I'm just a Libyan who does what he can for his country,\" he says. The Arab press senses that he is his father's designated successor and calls him \"the prince of Libya\". Heads of state who receive him, as France's President Jacques Chirac is doing this week, regard him as Gadafy's heir apparent. Yet Saif denies that he could ever succeed his father. Since Gadafy's \"great revolution\" of 1969, there have been no political parties, no elections, no constitution, no freedom of association and no freedom of information in the \"state of the masses\". Even today, when there is so much talk of reform and massive privatisation, Gadafy's Libya is a place where lawyers, teachers, students, intellectuals, diplomats and businesspeople tend to say: \"Above all don't quote me - I could get into serious trouble.\" True, there has been an opening up to the outside world and a change of strategy. But as every Libyan knows, Gadafy might get up one morning in a bad mood and turn the clock back with a single diktat. The secret detentions, public executions, assassinations of dissidents and systematic torture that have marked the 35 years of the Jamahiriyya \"are tending to decrease\", an observer notes. \"But the long and bloody ordeal suffered by the Libyans has marked their minds for several generations.\" In the past two years Saif has managed to get several hundred political prisoners released, and a delegation from Amnesty International was allowed to visit prisons last month for the first time in 15 years. According to one of its members, there are still \"several hundred\" political detainees. \"Political? No,\" Saif says with a frown. Like his father, who harps on about President Bush's \"cages\" at Guantanamo Bay, he claims that the imprisoned Islamists are \"nothing but dangerous terrorists\". In Libya, a country three times the size of France but which is 90% desert and has a population of only 5.5 million, the \"masses\" are supposed to govern through people's committees, controlled alternately by Gadafy's henchmen in the army, political police and revolutionary committees. \"My father is a visionary who is neither king nor president, so he has no hereditary office to pass on,\" says Saif. In a message posted on his website (www.gaddaficharity.org) last December, he claimed that Libya had not sought and was not seeking weapons of mass destruction. But we now know, thanks to inspections authorised by Gadafy to facilitate his return to grace, that his nuclear programmes had reached an advanced stage. The \"third universal theory\" in Gadafy's Green Book remains relevant. Aimed at developing a system halfway between socialism and capitalism, \"the theory is democratic and wonderful\", says Saif. \"Its implementation, which was botched, is what needs to be reformed.\" Study groups \"are working on it\", he has said for the past two years. Will Libyans be able, one day, to choose their leaders through free elections? \"It's not a question of voting. We must find a way of involving the people in decision-making mechanisms.\" For the time being, there is no hurry. The Bush administration - which is about to reopen its embassy in the capital, Tripoli - and Tony Blair, who is due to visit Libya very soon, are so happy to be able to point to an Arab dictator who was scared by the Iraq invasion into opening his weapons arsenal to inspectors that they have decided not to make a fuss about human rights and democracy. All of Gadafy's six children have a finger in the pie. A few years ago, it wasn't Saif al-Islam but his younger brother, al-Saadi, thought to be in sympathy with revolutionary hardliners, who seemed destined for greater things. But after an unsuccessful career in football, he was content to run the National Football League. As for their sister, Aisha, a beautiful blonde dubbed \"the Claudia Schiffer of North Africa\" by the Italian press, she is rumoured to have wanted to go into politics. But in Libya's still largely traditional Bedouin society, \"women can't yet play that kind of role\", says a local journalist. It was Saif who had Gadafy's ear. At the end of 1994, after graduating as an architect from Al-Fateh University in Tripoli, he was commissioned to build a large complex with a hotel, mosque and housing. That was soon followed by villas, a sports ground and a leisure centre. Saif first hit the international headlines in August 2000, when his foundation acted as an intermediary between the Abu Sayyaf group, which was holding hostages in the Philippine island of Jolo, and the Manila government. Libya, which had for years financed separatist groups across the world, paid a ransom estimated at $25m. Six Western hostages were released. France thanked Libya and talked about an \"improvement in relations\". The German chancellor, Gerhard Schr\u00f6der, stressed that \"without Gadafy and his son, nothing would have been possible\". Libya's redemption had begun. As a result of the US embargo, tough United Nations sanctions and mismanagement, the Libyan economy was in tatters. Between 1970 and 2003, oil production - the sole source of revenue following several failed attempts at diversification - fell by 50%. When President Reagan decided to bomb Libya in 1986 with the aim of \"killing the mad dog of the Middle East\", Saif was 14. The bombs killed 43 people, including the latest addition to the family, an adopted baby only a few months old. Saif has not forgotten. \"It was very unpleasant,\" he says. \"But that experience helped to shape my new and more mature personality.\" Fifteen years on, he campaigned harder than anyone to make peace with the US. No one knows exactly how the Gadafy Foundation is financed or what its budget is. It has been active in dealing with all the regime's contentious dossiers, paying a total of about $3bn in compensation to families of the victims of the Lockerbie and UTA plane crashes, for which Libya accepted not guilt, but \"responsibility\". \"It was the price for peace,\" says Saif. Now that all the big American oil companies are going back to Tripoli, \"the revolution is over\", says Saif. Links with Britain, the US, Germany and the former colonial power, Italy, have been restored. \"It hasn't been a honeymoon with France,\" says Saif. \"But I trust Chirac. Now that the UTA affair has been settled, we're keen to see how France will react. If it sincerely wants to call it quits, we'll respond.\" Saif, who speaks English and German, but only a little French, is not much of a Francophile. In the 90s, when he wanted to complete his university education in Paris, he was refused a student visa. \"It was a case of discrimination based solely on my name,\" he says. It was a \"snub\" that he has not forgotten. In the end, he got his business management degree in Austria. During Saif's student years, when he was a playboy who used his father's money to live on a grand scale, he formed two important friendships. One was with Shukri Ganem, a liberal US-trained Libyan, then number three in Opec in Vienna and now, thanks to Saif, the reformist head of the Libyan government. The other friend he made during those years is rather more embarrassing: J\u00f6rg Haider, the leader of the Austrian far right. Saif is unabashed. \"He's a friend. We visit each other and go hunting together. Libya is on good terms with almost all far-right European politicians. I don't know why, but that's the way it is.\" Could he expand? \"Yes, maybe we do have a few things in common. I don't know . . .\" March 4",
      "charCount": "8807"
    },
    "isHosted": false,
    "pillarId": "pillar/news",
    "pillarName": "News"
  },
  {
    "id": "football/2004/mar/18/footballrumours.sport",
    "type": "article",
    "sectionId": "football",
    "sectionName": "Football",
    "webPublicationDate": "2004-03-18T11:31:21Z",
    "webTitle": "Thursday's Rumours",
    "webUrl": "https://www.theguardian.com/football/2004/mar/18/footballrumours.sport",
    "apiUrl": "https://content.guardianapis.com/football/2004/mar/18/footballrumours.sport",
    "fields": {
      "headline": "Thursday's Rumours",
      "standfirst": "Today's Rumours are getting abuse for eating banana cake. What is the world coming to?",
      "trailText": "<p>These days no Mill would be complete without <strong>Chelsea</strong>, who have become the latest club to enter into that deeply sinister arrangement known as having a \"<strong>feeder club</strong>,\" which, loosely translated, means Roman's oil company heavies dump \u00a328m in crisp notes at <strong>CSKA Moscow</strong>, and make off with every decent player they produce for ever and ever amen.</p>",
      "byline": "Georgina Turner",
      "main": "<figure class=\"element element-image\" data-media-id=\"gu-image-333049796\"> <img src=\"http://static.guim.co.uk/sys-images/Football/Pix/pictures/2003/07/02/RomAPbg.jpg\" alt=\"Roman Abramovich\" width=\"128\" height=\"128\" class=\"gu-image\" /> <figcaption> <span class=\"element-image__caption\">Face to face with the man who bought the world. Photograph: AP.</span> </figcaption> </figure>",
      "body": "<p>These days no Mill would be complete without <strong>Chelsea</strong>, who have become the latest club to enter into that deeply sinister arrangement known as having a \"<strong>feeder club</strong>,\" which, loosely translated, means Roman's oil company heavies dump \u00a328m in crisp notes at <strong>CSKA Moscow</strong>, and make off with every decent player they produce for ever and ever amen.</p> <p>A team that could do with making off with some decent new players is <strong>Spurs</strong>, but, ignoring their defensive frailties for another season, David Pleat and crew are apparently ploughing ahead with a plan to bring in <strong>Mark van Bommel</strong>. And here's the real shock - <a href=\"http://football.theguardian.com/News_Story/0,1563,1172346,00.html\">he's keen!!</a>.</p> <p>Meanwhile in the red half of North London, <strong>Benfica midfielder Tiago</strong> has announced to the world that he would <strong>love to play for Arsenal</strong>. Which is amazing, isn't it?</p> <p>And as <strong>Lazio</strong> sit in the gutter begging for loose change, the <strong>Gooners</strong> and <strong>Liverpool</strong> have wandered by and offered a few coppers, only they'd like to take defender <strong>Massimo Oddo</strong> in exchange. Heartless world, this football game.</p> <p>According to the Daily Mirror, <strong>Leicester</strong> boss Micky Adams has told <strong>Frank Sinclair to look for a new club</strong> as he won't be playing again this season unless there's a crisis at the Walkers Stadium. Reports suggesting Sinclair has been spotted loitering outside his local apothecary remain unconfirmed.</p> <p>After his FA Cup exploits, Millwall's <strong>Tim Cahill</strong> is said to be attracting the attention of the Big Guns, though we could only spot the names of <strong>Rangers and Everton</strong>.</p> <p><strong>Oxford</strong> are worried they could pitch up at work this morning and find boss <strong>Ian Atkins</strong> absent, what with him apparently being unveiled as the new <strong>Bristol Rovers</strong> chief today.</p> <p>And we would tell you that <strong>Reading</strong> are hoping to sign <strong>Trinidad keeper Kelvin Jack</strong>, and that <strong>Sheffield Wednesday</strong> are planning a summer swoop for <strong>West Brom</strong>'s defensive duo of <strong>Adam and James Chambers</strong>, but we fear you'd drift away into a deep slumber.</p>",
      "wordcount": "325",
      "commentable": "false",
      "isPremoderated": "false",
      "lastModified": "2018-02-21T14:07:34Z",
      "newspaperEditionDate": "2004-03-18T00:00:00Z",
      "productionOffice": "UK",
      "publication": "theguardian.com",
      "shortUrl": "https://gu.com/p/x7vzz",
      "shouldHideAdverts": "false",
      "showInRelatedContent": "true",
      "legallySensitive": "false",
      "lang": "en",
      "bodyText": "These days no Mill would be complete without Chelsea, who have become the latest club to enter into that deeply sinister arrangement known as having a \"feeder club,\" which, loosely translated, means Roman's oil company heavies dump \u00a328m in crisp notes at CSKA Moscow, and make off with every decent player they produce for ever and ever amen. A team that could do with making off with some decent new players is Spurs, but, ignoring their defensive frailties for another season, David Pleat and crew are apparently ploughing ahead with a plan to bring in Mark van Bommel. And here's the real shock - he's keen!!. Meanwhile in the red half of North London, Benfica midfielder Tiago has announced to the world that he would love to play for Arsenal. Which is amazing, isn't it? And as Lazio sit in the gutter begging for loose change, the Gooners and Liverpool have wandered by and offered a few coppers, only they'd like to take defender Massimo Oddo in exchange. Heartless world, this football game. According to the Daily Mirror, Leicester boss Micky Adams has told Frank Sinclair to look for a new club as he won't be playing again this season unless there's a crisis at the Walkers Stadium. Reports suggesting Sinclair has been spotted loitering outside his local apothecary remain unconfirmed. After his FA Cup exploits, Millwall's Tim Cahill is said to be attracting the attention of the Big Guns, though we could only spot the names of Rangers and Everton. Oxford are worried they could pitch up at work this morning and find boss Ian Atkins absent, what with him apparently being unveiled as the new Bristol Rovers chief today. And we would tell you that Reading are hoping to sign Trinidad keeper Kelvin Jack, and that Sheffield Wednesday are planning a summer swoop for West Brom's defensive duo of Adam and James Chambers, but we fear you'd drift away into a deep slumber.",
      "charCount": "1882"
    },
    "isHosted": false,
    "pillarId": "pillar/sport",
    "pillarName": "Sport"
  },
  {
    "id": "business/2004/mar/18/oilandpetrol.usnews",
    "type": "article",
    "sectionId": "business",
    "sectionName": "Business",
    "webPublicationDate": "2004-03-18T03:06:10Z",
    "webTitle": "Shell executives may face charges over oil reserves",
    "webUrl": "https://www.theguardian.com/business/2004/mar/18/oilandpetrol.usnews",
    "apiUrl": "https://content.guardianapis.com/business/2004/mar/18/oilandpetrol.usnews",
    "fields": {
      "headline": "Shell executives may face charges over oil reserves",
      "trailText": "<p>Sir Philip Watts and other former or present Shell executives could face criminal charges related to the downgrading of oil reserves under a United States justice department investigation. </p>",
      "byline": "Terry Macalister",
      "main": "",
      "body": "<p>Sir Philip Watts and other former or present Shell executives could face criminal charges related to the downgrading of oil reserves under a United States justice department investigation. </p> <p>The inquiry is being conducted by the US attorney's office in Manhattan. </p> <p>The investigation centres on the timing of disclosures by Shell of a 20% reduction in the scale of proven assets in locations such as Nigeria. </p> <p>There has been speculation that internal company memos showed former chairman Sir Philip and others such as finance director Judy Boynton knew two years ago that there were difficulties over the way reserves were booked. </p> <p>The company is already facing questions from the securities and exchange commission and other regulators about the 3.9bn barrels that have been \"lost\". </p> <p>The justice department's interest ratchets up the pressure on Shell because it has the power to bring criminal as well as civil charges. </p> <p>The US department said \"we never confirm criminal investigations\" while Shell declined to comment. </p> <p>Meanwhile the Anglo-Dutch oil group said it has sold off $750m (\u00a3414m) of shares in Chinese petroleum company Sinopec, the bulk of its holding in Asia's biggest refiner. </p> <p>The move follows a similar sell-off by Shell's British rival, BP, which disposed of its 2.1% holding in Sinopec for $742m a month after divesting a similar stake in PetroChina for $1.66bn. </p> <p>Sinopec was listed in October 2000 at HK$1.59 per share and the stock has risen 126% this year on the back of higher oil prices and heavy demand for refined products in China. </p> <p>Shell has pretty much doubled its money, a rare success for the company in what has been probably the most turbulent year in its history. </p> <p>On Friday the company will come under scrutiny again when it publishes its 2003 annual report. </p> <p>The Financial Times reported yesterday that neither Sir Philip nor his ousted colleague Walter van de Vijver received bonuses last year but both men were likely to receive their contractual three months' salary.</p>",
      "wordcount": "332",
      "commentable": "false",
      "isPremoderated": "false",
      "lastModified": "2017-07-15T03:34:55Z",
      "newspaperEditionDate": "2004-03-18T00:00:00Z",
      "productionOffice": "UK",
      "publication": "theguardian.com",
      "shortUrl": "https://gu.com/p/dpd7",
      "shouldHideAdverts": "false",
      "showInRelatedContent": "true",
      "legallySensitive": "false",
      "lang": "en",
      "bodyText": "Sir Philip Watts and other former or present Shell executives could face criminal charges related to the downgrading of oil reserves under a United States justice department investigation. The inquiry is being conducted by the US attorney's office in Manhattan. The investigation centres on the timing of disclosures by Shell of a 20% reduction in the scale of proven assets in locations such as Nigeria. There has been speculation that internal company memos showed former chairman Sir Philip and others such as finance director Judy Boynton knew two years ago that there were difficulties over the way reserves were booked. The company is already facing questions from the securities and exchange commission and other regulators about the 3.9bn barrels that have been \"lost\". The justice department's interest ratchets up the pressure on Shell because it has the power to bring criminal as well as civil charges. The US department said \"we never confirm criminal investigations\" while Shell declined to comment. Meanwhile the Anglo-Dutch oil group said it has sold off $750m (\u00a3414m) of shares in Chinese petroleum company Sinopec, the bulk of its holding in Asia's biggest refiner. The move follows a similar sell-off by Shell's British rival, BP, which disposed of its 2.1% holding in Sinopec for $742m a month after divesting a similar stake in PetroChina for $1.66bn. Sinopec was listed in October 2000 at HK$1.59 per share and the stock has risen 126% this year on the back of higher oil prices and heavy demand for refined products in China. Shell has pretty much doubled its money, a rare success for the company in what has been probably the most turbulent year in its history. On Friday the company will come under scrutiny again when it publishes its 2003 annual report. The Financial Times reported yesterday that neither Sir Philip nor his ousted colleague Walter van de Vijver received bonuses last year but both men were likely to receive their contractual three months' salary.",
      "charCount": "1993"
    },
    "isHosted": false,
    "pillarId": "pillar/news",
    "pillarName": "News"
  },
  {
    "id": "business/2004/mar/18/clothes.supermarkets",
    "type": "article",
    "sectionId": "business",
    "sectionName": "Business",
    "webPublicationDate": "2004-03-18T03:04:17Z",
    "webTitle": "Levi's signs deal with Asda",
    "webUrl": "https://www.theguardian.com/business/2004/mar/18/clothes.supermarkets",
    "apiUrl": "https://content.guardianapis.com/business/2004/mar/18/clothes.supermarkets",
    "fields": {
      "headline": "Levi's signs deal with Asda",
      "trailText": "<p>Levi Strauss has chosen Asda to launch its new low-cost jeans range, a response to the court battle over cut-price jeans which the supermarkets lost in 2002. </p>",
      "byline": "Heather Tomlinson",
      "main": "",
      "body": "<p>Levi Strauss has chosen Asda to launch its new low-cost jeans range, a response to the court battle over cut-price jeans which the supermarkets lost in 2002. </p> <p>Levi's new clothes range, Signature, is a cheaper version of the company's traditional brand. </p> <p>Supermarket chain Asda is rolling out the range in 66 stores after a successful trial, and will sell the jeans at between \u00a320 and \u00a325. Tesco is trialling them in several stores. Levi's was not selling the new brand in its own high street stores, a spokeswoman said. </p> <p>In 2002 Tesco lost a high court action over its attempts to sell discount Levi's in its stores. The four-year legal battle ended when the brand successfully argued that retailers should not be allowed to purchase cheap Levi's jeans from sources outside the European Union. </p> <p>Levi's has close ties with Asda, having recently hired Paul Mason - the former head of Asda and retailer Matalan - as its European president. </p> <p>The new jeans range has been sold in the US by Wal-Mart, the American retail group which bought Asda in 1999.</p>",
      "newspaperPageNumber": "26",
      "wordcount": "180",
      "commentable": "false",
      "isPremoderated": "false",
      "lastModified": "2018-07-02T14:37:34Z",
      "newspaperEditionDate": "2004-03-18T00:00:00Z",
      "productionOffice": "UK",
      "publication": "theguardian.com",
      "shortUrl": "https://gu.com/p/7g9y",
      "shouldHideAdverts": "false",
      "showInRelatedContent": "true",
      "legallySensitive": "false",
      "lang": "en",
      "bodyText": "Levi Strauss has chosen Asda to launch its new low-cost jeans range, a response to the court battle over cut-price jeans which the supermarkets lost in 2002. Levi's new clothes range, Signature, is a cheaper version of the company's traditional brand. Supermarket chain Asda is rolling out the range in 66 stores after a successful trial, and will sell the jeans at between \u00a320 and \u00a325. Tesco is trialling them in several stores. Levi's was not selling the new brand in its own high street stores, a spokeswoman said. In 2002 Tesco lost a high court action over its attempts to sell discount Levi's in its stores. The four-year legal battle ended when the brand successfully argued that retailers should not be allowed to purchase cheap Levi's jeans from sources outside the European Union. Levi's has close ties with Asda, having recently hired Paul Mason - the former head of Asda and retailer Matalan - as its European president. The new jeans range has been sold in the US by Wal-Mart, the American retail group which bought Asda in 1999.",
      "charCount": "1042"
    },
    "isHosted": false,
    "pillarId": "pillar/news",
    "pillarName": "News"
  },
  {
    "id": "media/2004/mar/18/emap.commercialradio",
    "type": "article",
    "sectionId": "media",
    "sectionName": "Media",
    "webPublicationDate": "2004-03-18T03:04:14Z",
    "webTitle": "Market forces",
    "webUrl": "https://www.theguardian.com/media/2004/mar/18/emap.commercialradio",
    "apiUrl": "https://content.guardianapis.com/media/2004/mar/18/emap.commercialradio",
    "fields": {
      "headline": "UBS advertises Emap's attractions",
      "trailText": "<p><strong> Market forces: </strong>Emap, the magazine publisher and radio station operator, emerged from the doldrums yesterday after blue chip broker UBS advised clients to take advantage of recent weakness and buy ahead of next week's year-end trading update.</p>",
      "byline": "Neil Hume",
      "main": "",
      "body": "<p><strong>Emap</strong>, the magazine publisher and radio station operator, emerged from the doldrums yesterday after blue chip broker UBS advised clients to take advantage of recent weakness and buy ahead of next week's year-end trading update. </p> <p>Emap shares have underperformed the media sector by 11% over the past six months as investors switched into companies with greater exposure to the recovery in advertising spending. </p> <p>UBS reckons that decline has left Emap looking cheap, given its portfolio of quality assets. Emap is the publisher of Heat magazine and Nursing Times, and owns radio stations Kiss FM and Key 103. </p> <p>The Swiss broker expects the strengths of the company to be demonstrated in next week's trading update. It says Emap's magazine division will have benefited from the successful launch of Closer and Zoo, with the radio side of the business boosted by the recovering advertising market. </p> <p>Emap shares closed 20p higher at 885.5p. </p> <p>In the wider market, there were signs that investors had recovered their nerve after the Madrid bombing as leading shares registered their biggest gain in almost two weeks. </p> <p>Cyclical stocks, beaten down in the recent retreat, led the advance as traders rediscovered their appetite for risk. The final scores showed the <strong>FTSE 100 </strong>ahead 27.9 points at 4,456.8 with <strong>Reuters</strong>, the news and financial information group, the top performer, rising 22p to 381p. Dealers pointed out that the Footsie's gain would have been 10 points greater if six heavyweight constituents had not been trading ex-dividend. </p> <p>As usual, the Budget had little impact, although it did trigger a flurry of trading in the housebuilding and property sectors, of which more later. </p> <p>The <strong> FTSE 250 </strong> rose 49.7 points to 6,209.1, lifted by a strong showing from its technology and housebuilding constituents. The <strong> FTSE Small Cap </strong> index, meanwhile, firmed 8.4 points to 2,646. Market turnover topped 3bn shares. </p> <p>In the bond market, gilts surrendered early gains as traders digested the minutes from the last meeting of the Bank of England's monetary policy committee and concluded that interest rates could rise again soon. The benchmark 10-year gilt closed at 102.650, yielding 4.665%. </p> <p>Back in the equity market, the housebuilding sector proved to be the day's main talking point as share prices surged on relief that the chancellor had decided against increasing stamp duty or impos ing VAT on new homes in his Budget. </p> <p><strong> George Wimpey</strong> was the sector's top performer, rising 32p to 430p, closely followed by <strong> Westbury</strong>, up 22.25p to 469p, <strong> Persimmon</strong>, 36p stronger at 668p, and <strong> Bellway</strong>, 41p better at 790p. </p> <p>The Budget also sparked some serious trading in the property sector, where investors decided to book profits after the chancellor indicated that the rules governing conversion to tax-exempt investment trust status would be tough. <strong> British Land</strong> eased 17p to 633p, <strong> Land Securities</strong> dropped 22.5p to \u00a310.40 and <strong> Liberty International </strong> shed 13.5p to 726p. </p> <p>Among the mid caps, <strong> Tullow Oil</strong> fell 3p to 103p after Merrill Lynch removed the oil and gas exploration company from its buy list on valuation grounds. </p> <p>Helped by a rising oil price and heightened expectations for its exploration programme, Tullow shares have climbed 30% since July. That rise has left Tullow trading at a premium to its peers and, according to Merrill, better value can be found elsewhere in the sector. </p> <p><strong> Regus </strong>, the serviced office provider, eased 1p to 73.5p despite wild rumours of a 95p-a-share bid. Spurious takeover rumours were also swirling around <strong> Wolverhampton &amp; Dudley</strong>, the pubs operator which fought off an offer from Pubmaster a couple of years ago. According to yesterday's tittle-tattle, Wolves, which rose 15p to 870p, is now being stalked by private equity firm Permira. </p> <p>Analysts were quick to rubbish the rumours, pointing out that W&amp;D has too much debt to support a private equity deal. They also noted that Permira is currently focused on winning control of Premier Lodge, the chain of budget hotels that has been put up for sale by pubs group Spirit.</p> <p>In the world of smaller companies, the biotech business <strong> Oxford Biomedica</strong> improved 2.25p to 24p after a line of stock was cleared. Market professionals reckon Oxford is worth a punt at current levels given that trials of TroVax, its vaccine for colorectal and breast cancer, are being bankrolled by Cancer Research UK. </p> <p><strong> IQE</strong>, the Cardiff-based maker of semiconductor wafers, was pegged at 15.5p despite talk that impending preliminary figures will impress. </p> <p><strong> Business Post</strong> gained 7.5p to 487.5p on suggestions that it has already signed 100 customers for its new Business Class service. </p> <p>Finally, keep an eye on <strong> Moneybox</strong>. Following a \u00a347.5m fundraising that was three times oversubscribed, shares in the company, which installs ATM machines in convenience stores, clubs and military bases, start trading on AIM this morning. Traders reckon the shares are likely to open at healthy premium to their 47p placing price as investors realise that Moneybox is 30% cheaper than its main quoted competitor, <strong> Cardpoint</strong>, unchanged at 131.5p last night.</p>",
      "newspaperPageNumber": "27",
      "wordcount": "842",
      "commentable": "false",
      "isPremoderated": "false",
      "lastModified": "2004-03-18T03:04:14Z",
      "newspaperEditionDate": "2004-03-18T00:00:00Z",
      "productionOffice": "UK",
      "publication": "theguardian.com",
      "shortUrl": "https://gu.com/p/7g9j",
      "shouldHideAdverts": "false",
      "showInRelatedContent": "true",
      "legallySensitive": "false",
      "lang": "en",
      "bodyText": "Emap, the magazine publisher and radio station operator, emerged from the doldrums yesterday after blue chip broker UBS advised clients to take advantage of recent weakness and buy ahead of next week's year-end trading update. Emap shares have underperformed the media sector by 11% over the past six months as investors switched into companies with greater exposure to the recovery in advertising spending. UBS reckons that decline has left Emap looking cheap, given its portfolio of quality assets. Emap is the publisher of Heat magazine and Nursing Times, and owns radio stations Kiss FM and Key 103. The Swiss broker expects the strengths of the company to be demonstrated in next week's trading update. It says Emap's magazine division will have benefited from the successful launch of Closer and Zoo, with the radio side of the business boosted by the recovering advertising market. Emap shares closed 20p higher at 885.5p. In the wider market, there were signs that investors had recovered their nerve after the Madrid bombing as leading shares registered their biggest gain in almost two weeks. Cyclical stocks, beaten down in the recent retreat, led the advance as traders rediscovered their appetite for risk. The final scores showed the FTSE 100 ahead 27.9 points at 4,456.8 with Reuters, the news and financial information group, the top performer, rising 22p to 381p. Dealers pointed out that the Footsie's gain would have been 10 points greater if six heavyweight constituents had not been trading ex-dividend. As usual, the Budget had little impact, although it did trigger a flurry of trading in the housebuilding and property sectors, of which more later. The FTSE 250 rose 49.7 points to 6,209.1, lifted by a strong showing from its technology and housebuilding constituents. The FTSE Small Cap index, meanwhile, firmed 8.4 points to 2,646. Market turnover topped 3bn shares. In the bond market, gilts surrendered early gains as traders digested the minutes from the last meeting of the Bank of England's monetary policy committee and concluded that interest rates could rise again soon. The benchmark 10-year gilt closed at 102.650, yielding 4.665%. Back in the equity market, the housebuilding sector proved to be the day's main talking point as share prices surged on relief that the chancellor had decided against increasing stamp duty or impos ing VAT on new homes in his Budget. George Wimpey was the sector's top performer, rising 32p to 430p, closely followed by Westbury, up 22.25p to 469p, Persimmon, 36p stronger at 668p, and Bellway, 41p better at 790p. The Budget also sparked some serious trading in the property sector, where investors decided to book profits after the chancellor indicated that the rules governing conversion to tax-exempt investment trust status would be tough. British Land eased 17p to 633p, Land Securities dropped 22.5p to \u00a310.40 and Liberty International shed 13.5p to 726p. Among the mid caps, Tullow Oil fell 3p to 103p after Merrill Lynch removed the oil and gas exploration company from its buy list on valuation grounds. Helped by a rising oil price and heightened expectations for its exploration programme, Tullow shares have climbed 30% since July. That rise has left Tullow trading at a premium to its peers and, according to Merrill, better value can be found elsewhere in the sector. Regus , the serviced office provider, eased 1p to 73.5p despite wild rumours of a 95p-a-share bid. Spurious takeover rumours were also swirling around Wolverhampton &amp; Dudley, the pubs operator which fought off an offer from Pubmaster a couple of years ago. According to yesterday's tittle-tattle, Wolves, which rose 15p to 870p, is now being stalked by private equity firm Permira. Analysts were quick to rubbish the rumours, pointing out that W&amp;D has too much debt to support a private equity deal. They also noted that Permira is currently focused on winning control of Premier Lodge, the chain of budget hotels that has been put up for sale by pubs group Spirit. In the world of smaller companies, the biotech business Oxford Biomedica improved 2.25p to 24p after a line of stock was cleared. Market professionals reckon Oxford is worth a punt at current levels given that trials of TroVax, its vaccine for colorectal and breast cancer, are being bankrolled by Cancer Research UK. IQE, the Cardiff-based maker of semiconductor wafers, was pegged at 15.5p despite talk that impending preliminary figures will impress. Business Post gained 7.5p to 487.5p on suggestions that it has already signed 100 customers for its new Business Class service. Finally, keep an eye on Moneybox. Following a \u00a347.5m fundraising that was three times oversubscribed, shares in the company, which installs ATM machines in convenience stores, clubs and military bases, start trading on AIM this morning. Traders reckon the shares are likely to open at healthy premium to their 47p placing price as investors realise that Moneybox is 30% cheaper than its main quoted competitor, Cardpoint, unchanged at 131.5p last night.",
      "charCount": "5061"
    },
    "isHosted": false,
    "pillarId": "pillar/news",
    "pillarName": "News"
  },
  {
    "id": "technology/2004/mar/18/onlinesupplement1",
    "type": "article",
    "sectionId": "technology",
    "sectionName": "Technology",
    "webPublicationDate": "2004-03-18T03:03:53Z",
    "webTitle": "Tomorrow's home has arrived today",
    "webUrl": "https://www.theguardian.com/technology/2004/mar/18/onlinesupplement1",
    "apiUrl": "https://content.guardianapis.com/technology/2004/mar/18/onlinesupplement1",
    "fields": {
      "headline": "Tomorrow has arrived",
      "standfirst": "The show houses at this year's Ideal Home Exhibition offer a blueprint for future living - but they feature technology that is available now. Chris Price reports",
      "trailText": "<p>The show houses at this year's Ideal Home Exhibition offer a blueprint for future living - but they feature technology that is available now. <strong>Chris Price</strong> reports</p>",
      "byline": "Chris Price",
      "main": "",
      "body": "<p>You used to know where you were with \"future homes\" - those mocked-up houses normally found lurking at technology shows and research headquarters of publicity-hungry companies such as Orange, Panasonic and Philips. </p> <p>Oh how we laughed when the companies that dreamed them up earnestly told us how we would all soon be barking instructions at the cooker via a microphone, or choosing what to wear according to colour-sensitive software embedded into our networked wardrobe. </p> <p>Back then, the closest the homes of the future came to reality was having four walls and a front door (even if it was one with a retinal scan and fingerprinting rather than a key-controlled lock). But now - if this year's Ideal Home Show is anything to go by - it seems the \"homes of the future\" are in danger of becoming a reality. </p> <p>For, among the usual hotch-potch of stands flogging everything from cheap loft conversions to American-style hot tubs as big as your back garden, this year's show also boasts two show homes that are crammed with technology available now. </p> <p>Admittedly, for Allied Carpets, the decision to incorporate technology - including waterproof touch screens, web cameras and music servers -throughout its surprisingly attractive home was as much a marketing exercise as anything else. \"We're trying to change our image so that people see us as a more forward-thinking, cutting edge company - one that appeals not just to old people, but young people, too,\" confesses stand manager Daniel Tribedy. </p> <p>But for Abrocour, one of the main technology providers behind the Linda Barker-designed show home (is there anything she won't put her name to these days?), there is also a more serious technological purpose: networking the home for audio, video and data services. </p> <p>In contrast to traditional \"custom installers\" who work with building firms and homeowners to provide internet access and data services via Cat5 (Ethernet) cabling and plug-in points, Abrocour is a new type of custom installation company thatinstalls only wireless technology. And while this is something some people can do for themselves with a little bit of know-how, Abrocour believes it is providing a service for thousands of non-technical people. </p> <p>\"At the moment, wireless is still a plug-and-pray solution,\" explains Abrocour's chief executive, Sam Sethi. \"We intend to offer all the necessary support that end-users need to get up and running.\" </p> <p>Key to Abrocour's strategy is working with the major building companies so they can provide new homeowners with an option for wireless technology, in much the same way they would, say, new kitchen appliances. \"It's a means by which the property companies can distinguish themselves from the competition,\" reckons Sethi. Abrocour has worked with Berkeley Homes to provide wireless networking throughout one of the blocks at its Chelsea Bridge Wharf development, and is set to announce wireless partnerships with more than half a dozen companies (including much more affordable developers than Berkeley Homes). </p> <p>At the Ideal Home Show, Abrocour also revealed that it plans to give away 50,000 Elonex Media Center PCs, complete with 30in screens, to property developers. The catch? The companies have to sign up for Abrocour's wireless maintenance package at a cost of \u00a31,500 per homeowner for the first year. The cost of wiring a new three-bedroom house for Ethernet is estimated at just \u00a3300. </p> <p>For the new homebuyer, it seems like a win-win situation. Not only do they get the PCs free of charge, they also receive a load of BT wireless gear including modem/router, a 1Mb BT ADSL connection (with one year's free connection), a wireless home security system, a Voice over IP connection and a pair of DECT phones - a package costing approximately \u00a35,000. </p> <p>Abrocour claims it covers its own costs from the maintenance charge it levies on the building firms, but it is also developing its own MediaCenter portal, which will enable homeowners to surf specially selected internet sites using the remote control supplied with their PCs. \"We can't charge for this yet,\" admits Sethi, \"but we hope to be able to in the long run.\" </p> <p>So is wireless technology really the answer for turning the future home into reality? Not yet, according to Steve Moore, of custom installation SMC, which also works with companies such as Berkeley Homes. \"Wireless simply isn't as reliable or efficient as cabling. It's a bit like the difference between having your own lane on the motorway and sharing with hundreds of other people,\" argues Moore. </p> <p>\"Also, the technology remains very poor for distributing TV and video around the home.\" </p> <p>Then there's the problem of the broadband pipe - a vital element if audio, video and data services are going to be networked around the home. Unless the new homes are built in ADSL-enabled areas, there's simply not an affordable option for new homeowners to get broadband. The UK's two cash-strapped cable companies, NTL and Telewest, have both admitted they are not able to spend any more money digging holes for new property developments until financial restructuring takes place. </p> <p>\"For BT, it's simple to upgrade the network because they've already got wires in the ground,\" argues Telewest spokesman John Moorwood. \"We're now looking at offering alternative technologies such as ADSL and microwave so we can extend our coverage.\" </p> <p>It looks like the only way that some people will be able to live the wireless dream is by visiting the Ideal Home show after all.</p>",
      "newspaperPageNumber": "23",
      "wordcount": "900",
      "commentable": "false",
      "isPremoderated": "false",
      "lastModified": "2017-02-21T23:16:13Z",
      "newspaperEditionDate": "2004-03-18T00:00:00Z",
      "productionOffice": "UK",
      "publication": "The Guardian",
      "shortUrl": "https://gu.com/p/26k8",
      "shouldHideAdverts": "false",
      "showInRelatedContent": "true",
      "legallySensitive": "false",
      "lang": "en",
      "bodyText": "You used to know where you were with \"future homes\" - those mocked-up houses normally found lurking at technology shows and research headquarters of publicity-hungry companies such as Orange, Panasonic and Philips. Oh how we laughed when the companies that dreamed them up earnestly told us how we would all soon be barking instructions at the cooker via a microphone, or choosing what to wear according to colour-sensitive software embedded into our networked wardrobe. Back then, the closest the homes of the future came to reality was having four walls and a front door (even if it was one with a retinal scan and fingerprinting rather than a key-controlled lock). But now - if this year's Ideal Home Show is anything to go by - it seems the \"homes of the future\" are in danger of becoming a reality. For, among the usual hotch-potch of stands flogging everything from cheap loft conversions to American-style hot tubs as big as your back garden, this year's show also boasts two show homes that are crammed with technology available now. Admittedly, for Allied Carpets, the decision to incorporate technology - including waterproof touch screens, web cameras and music servers -throughout its surprisingly attractive home was as much a marketing exercise as anything else. \"We're trying to change our image so that people see us as a more forward-thinking, cutting edge company - one that appeals not just to old people, but young people, too,\" confesses stand manager Daniel Tribedy. But for Abrocour, one of the main technology providers behind the Linda Barker-designed show home (is there anything she won't put her name to these days?), there is also a more serious technological purpose: networking the home for audio, video and data services. In contrast to traditional \"custom installers\" who work with building firms and homeowners to provide internet access and data services via Cat5 (Ethernet) cabling and plug-in points, Abrocour is a new type of custom installation company thatinstalls only wireless technology. And while this is something some people can do for themselves with a little bit of know-how, Abrocour believes it is providing a service for thousands of non-technical people. \"At the moment, wireless is still a plug-and-pray solution,\" explains Abrocour's chief executive, Sam Sethi. \"We intend to offer all the necessary support that end-users need to get up and running.\" Key to Abrocour's strategy is working with the major building companies so they can provide new homeowners with an option for wireless technology, in much the same way they would, say, new kitchen appliances. \"It's a means by which the property companies can distinguish themselves from the competition,\" reckons Sethi. Abrocour has worked with Berkeley Homes to provide wireless networking throughout one of the blocks at its Chelsea Bridge Wharf development, and is set to announce wireless partnerships with more than half a dozen companies (including much more affordable developers than Berkeley Homes). At the Ideal Home Show, Abrocour also revealed that it plans to give away 50,000 Elonex Media Center PCs, complete with 30in screens, to property developers. The catch? The companies have to sign up for Abrocour's wireless maintenance package at a cost of \u00a31,500 per homeowner for the first year. The cost of wiring a new three-bedroom house for Ethernet is estimated at just \u00a3300. For the new homebuyer, it seems like a win-win situation. Not only do they get the PCs free of charge, they also receive a load of BT wireless gear including modem/router, a 1Mb BT ADSL connection (with one year's free connection), a wireless home security system, a Voice over IP connection and a pair of DECT phones - a package costing approximately \u00a35,000. Abrocour claims it covers its own costs from the maintenance charge it levies on the building firms, but it is also developing its own MediaCenter portal, which will enable homeowners to surf specially selected internet sites using the remote control supplied with their PCs. \"We can't charge for this yet,\" admits Sethi, \"but we hope to be able to in the long run.\" So is wireless technology really the answer for turning the future home into reality? Not yet, according to Steve Moore, of custom installation SMC, which also works with companies such as Berkeley Homes. \"Wireless simply isn't as reliable or efficient as cabling. It's a bit like the difference between having your own lane on the motorway and sharing with hundreds of other people,\" argues Moore. \"Also, the technology remains very poor for distributing TV and video around the home.\" Then there's the problem of the broadband pipe - a vital element if audio, video and data services are going to be networked around the home. Unless the new homes are built in ADSL-enabled areas, there's simply not an affordable option for new homeowners to get broadband. The UK's two cash-strapped cable companies, NTL and Telewest, have both admitted they are not able to spend any more money digging holes for new property developments until financial restructuring takes place. \"For BT, it's simple to upgrade the network because they've already got wires in the ground,\" argues Telewest spokesman John Moorwood. \"We're now looking at offering alternative technologies such as ADSL and microwave so we can extend our coverage.\" It looks like the only way that some people will be able to live the wireless dream is by visiting the Ideal Home show after all.",
      "charCount": "5473"
    },
    "isHosted": false,
    "pillarId": "pillar/news",
    "pillarName": "News"
  },
  {
    "id": "business/2004/mar/18/4",
    "type": "article",
    "sectionId": "business",
    "sectionName": "Business",
    "webPublicationDate": "2004-03-18T03:03:50Z",
    "webTitle": "BASF offers unexpected cheer",
    "webUrl": "https://www.theguardian.com/business/2004/mar/18/4",
    "apiUrl": "https://content.guardianapis.com/business/2004/mar/18/4",
    "fields": {
      "headline": "BASF offers unexpected cheer",
      "trailText": "<p>BASF, the world's largest chemicals company, yesterday provided a measure of cheer for Europe's industrial sector with unexpectedly positive figures and a modestly confident outlook for the current year. </p>",
      "byline": "Mark Milner",
      "main": "",
      "body": "<p>BASF, the world's largest chemicals company, yesterday provided a measure of cheer for Europe's industrial sector with unexpectedly positive figures and a modestly confident outlook for the current year. </p> <p>The group, whose operations range from pesticides to oil and gas, said earnings in the last three months of 2003 were up 25% at \u20ac814m (\u00a3550m) before interest, tax and special items. </p> <p>Chief executive J\u00fcrgen Hambrecht said the group was \"somewhat more confident when we look forward to the rest of 2004. There are many indicators that the chemical industry may also experience moderate growth this year\". </p> <p>BASF said its forecast was based on a better investment climate, an oil price of about $28 a barrel and a continuing weak and volatile dollar. </p> <p>The company said it was cutting another 750 jobs in North America, however, reflecting a sharp fall in profits from the region. </p> <p>\"We are not satisfied with the region, there is no doubt about that,\" Mr Hambrecht said.</p>",
      "newspaperPageNumber": "26",
      "wordcount": "161",
      "commentable": "false",
      "isPremoderated": "false",
      "lastModified": "2004-03-18T03:03:50Z",
      "newspaperEditionDate": "2004-03-18T00:00:00Z",
      "productionOffice": "UK",
      "publication": "theguardian.com",
      "shortUrl": "https://gu.com/p/7g9k",
      "shouldHideAdverts": "false",
      "showInRelatedContent": "true",
      "legallySensitive": "false",
      "lang": "en",
      "bodyText": "BASF, the world's largest chemicals company, yesterday provided a measure of cheer for Europe's industrial sector with unexpectedly positive figures and a modestly confident outlook for the current year. The group, whose operations range from pesticides to oil and gas, said earnings in the last three months of 2003 were up 25% at \u20ac814m (\u00a3550m) before interest, tax and special items. Chief executive J\u00fcrgen Hambrecht said the group was \"somewhat more confident when we look forward to the rest of 2004. There are many indicators that the chemical industry may also experience moderate growth this year\". BASF said its forecast was based on a better investment climate, an oil price of about $28 a barrel and a continuing weak and volatile dollar. The company said it was cutting another 750 jobs in North America, however, reflecting a sharp fall in profits from the region. \"We are not satisfied with the region, there is no doubt about that,\" Mr Hambrecht said.",
      "charCount": "965"
    },
    "isHosted": false,
    "pillarId": "pillar/news",
    "pillarName": "News"
  }
]