[
  {
    "id": "money/2004/may/23/buyingpropertyabroad.observercashsection",
    "type": "article",
    "sectionId": "money",
    "sectionName": "Money",
    "webPublicationDate": "2004-05-23T08:58:23Z",
    "webTitle": "Property: La bella Italia, tailored to suit",
    "webUrl": "https://www.theguardian.com/money/2004/may/23/buyingpropertyabroad.observercashsection",
    "apiUrl": "https://content.guardianapis.com/money/2004/may/23/buyingpropertyabroad.observercashsection",
    "fields": {
      "headline": "La bella Italia, tailored to suit",
      "standfirst": "From Umbria to Sicily, castles to farmhouses, old properties can be restored to your exact requirements - for a price, says Lucie Muir",
      "trailText": "<p>From Umbria to Sicily, castles to farmhouses, old properties can be restored to your exact requirements - for a price, says <strong>Lucie Muir</strong>.</p>",
      "byline": "Lucie Muir",
      "main": "",
      "body": "<p>Think of the word 'bespoke' in connection with Italy and and a beautifully tailored suit cut from the finest Italian cloth would spring to mind. But now developers are extending the idea to property, tailoring homes to buyers' requirements. </p> <p>Monteverdi Estates, a British property developer with offices in London and Rome, offers a bespoke service to buyers investing in Italy. It takes note of the client's requirements during the design process and offers post-sale services including security and domestic services ranging from from chefs and gardeners to financial advice. </p> <p>'Buying a home in Italy was once about owning a retreat in this romantic landscape,' says Monteverdi's head architect, Andrew Lerwil Bowen. 'But clients are now more demanding: they require the fitting, finishes and services associated with luxury living.' </p> <p>The new owner of Marti nozza di Sopra, the first of Monteverdi's farmhouses to be sold to a British buyer, hasn't gone as far as demanding an army of staff, but did have a list of specific requirements. These include satellite links, walk-in wardrobes, power showers and underfloor heating. In the coming months, the client will be able to monitor the design and building process with a private intranet link on the company's website. </p> <p>In Umbria, medieval castles, country estates and town houses can be tailored to suit large budgets. And if you thought this neck of the woods was second to Tuscany, then think again. With landscape under enforced 'no new build' protection laws and annual appreciation ranging from 10 to 15 per cent, more and more Brits are forsaking Chiantishire for the dramatic Umbrian landscape. </p> <p>For Bowen and the rest of the Monteverdi team, acquiring unusual proper ties in this part of Italy is the result of complex discussions with Italy's Fine Arts Committee and the diocese of Perugia. The Umbrian properties in question are dotted around the historic Pian di Marte area, just east of Lake Trasimeno, and are in need of some restoration. This is good news for the buyer, as the houses and grounds can be accurately tailored from the outset. </p> <p>In the case of Castello di Fiume, a medieval castle documented in the census of 1282, there is plenty of work to be done. The castle's main fortified tower and parts of the original walled structure are still standing; the main building, which was added in the 18th century, is hidden somewhere under vines. Restoration workers have been instructed to salvage all the stones and build them back into walls. </p> <p>The castle is on the market for \u20ac5 million (\u00a33,370,000) while a four-bedroom stone farmhouse with a terraced olive grove and freshwater spring costs about \u20ac2m. </p> <p>Umbria also offers moderately priced restoration alternatives - often billed as bespoke, that don't run into the millions. Banker-turned- estate agent Giancarlo Caponeri provides clients with frequent updates, precise itemised bills and comprehensive written reports, including consecutive, numbered photos of the renovation work in progress. </p> <p>A partially restored late 19th-century brick house in the centre of Casamaggiore is for sale on Caponeri's 'See You In Italy' website for \u20ac85,000. </p> <p>Umbrian Property, another bespoke restoration company in the Lake Trasimeno area, is offering partially restored farmhouses that can be designed to the buyer's requirements starting at about \u20ac250, 000. </p> <p>But for the best semi-bespoke bargains, cast aside all worries about the Mafia and illegal building and head south to Sicily, where the Baroque town of Ragusa in the Val di Noto boasts the lowest crime rate not only in Sicily but in the whole of Italy. Though prices here have risen sharply - by 40 per cent over the past three years in the centre of town, they are still a snip compared with other parts of Italy. </p> <p>'When it comes to tailoring a home to suit the buyer, though we are limited by the size and location of the property, we are open to suggestions,' says Giovanni D'Andrea of Sunway, a real estate business that renovates and sells historic buildings in this Baroque province. </p> <p>The idyllic landscape around Ragusa is a Unesco world heritage site, so it is almost impossible to obtain planning permission for new build. But the Masseria Torrevecchia, an unrestored sandstone farmhouse in the vast and protected Pino d'Aleppo nature reserve, is a good example of Sunway's flexible price offering. Buyers can choose how much they want to spend per square metre according to the level of workmanship. Once fully restored, with quality touches such as antique materials, hand-carved stone and marble surfaces, the building could cost about \u20ac1m. </p> <p>And after years of being inaccessible to British tourists, this part of Sicily is suddenly within easy reach. Last year low-cost airline Ryanair opened a Stansted- Palermo route, and next month British Airways and Air Malta will run budget flights to Catania, a 75-minute drive away.</p> <p><strong>Contacts</strong><br></p> <p><strong>Monteverdi</strong><br>11 Grosvenor Cresent, London SW1, 020 7209 0097, <a href=\"http://www.monteverdi-estates.com\">www.monteverdi-estates.com</a> </p> <p><strong>Sunway</strong><br>62 Gloucester Terrace London W2 3HH, 020 7402 9560, <a href=\"http://www.sunwaysrl.it\">www.sunwaysrl.it</a><br> </p> <p><strong>Giancarlo Caponeri</strong> <a href=\"mailto:\" info@domusitalia.net\">info@domusitalia.net</a> <a href=\"http://www.seeyouinitaly.com\">www.seeyouinitaly.com</a><br> </p> <p><strong>Umbrian Property</strong><br> <a href=\"http://www.umbrian.com\">www.umbrian.com</a></p>",
      "newspaperPageNumber": "19",
      "wordcount": "841",
      "commentable": "false",
      "isPremoderated": "false",
      "lastModified": "2005-09-06T08:58:23Z",
      "newspaperEditionDate": "2004-05-23T00:00:00Z",
      "productionOffice": "UK",
      "publication": "The Observer",
      "shortUrl": "https://gu.com/p/7m6h",
      "shouldHideAdverts": "false",
      "showInRelatedContent": "true",
      "legallySensitive": "false",
      "lang": "en",
      "bodyText": "Think of the word 'bespoke' in connection with Italy and and a beautifully tailored suit cut from the finest Italian cloth would spring to mind. But now developers are extending the idea to property, tailoring homes to buyers' requirements. Monteverdi Estates, a British property developer with offices in London and Rome, offers a bespoke service to buyers investing in Italy. It takes note of the client's requirements during the design process and offers post-sale services including security and domestic services ranging from from chefs and gardeners to financial advice. 'Buying a home in Italy was once about owning a retreat in this romantic landscape,' says Monteverdi's head architect, Andrew Lerwil Bowen. 'But clients are now more demanding: they require the fitting, finishes and services associated with luxury living.' The new owner of Marti nozza di Sopra, the first of Monteverdi's farmhouses to be sold to a British buyer, hasn't gone as far as demanding an army of staff, but did have a list of specific requirements. These include satellite links, walk-in wardrobes, power showers and underfloor heating. In the coming months, the client will be able to monitor the design and building process with a private intranet link on the company's website. In Umbria, medieval castles, country estates and town houses can be tailored to suit large budgets. And if you thought this neck of the woods was second to Tuscany, then think again. With landscape under enforced 'no new build' protection laws and annual appreciation ranging from 10 to 15 per cent, more and more Brits are forsaking Chiantishire for the dramatic Umbrian landscape. For Bowen and the rest of the Monteverdi team, acquiring unusual proper ties in this part of Italy is the result of complex discussions with Italy's Fine Arts Committee and the diocese of Perugia. The Umbrian properties in question are dotted around the historic Pian di Marte area, just east of Lake Trasimeno, and are in need of some restoration. This is good news for the buyer, as the houses and grounds can be accurately tailored from the outset. In the case of Castello di Fiume, a medieval castle documented in the census of 1282, there is plenty of work to be done. The castle's main fortified tower and parts of the original walled structure are still standing; the main building, which was added in the 18th century, is hidden somewhere under vines. Restoration workers have been instructed to salvage all the stones and build them back into walls. The castle is on the market for \u20ac5 million (\u00a33,370,000) while a four-bedroom stone farmhouse with a terraced olive grove and freshwater spring costs about \u20ac2m. Umbria also offers moderately priced restoration alternatives - often billed as bespoke, that don't run into the millions. Banker-turned- estate agent Giancarlo Caponeri provides clients with frequent updates, precise itemised bills and comprehensive written reports, including consecutive, numbered photos of the renovation work in progress. A partially restored late 19th-century brick house in the centre of Casamaggiore is for sale on Caponeri's 'See You In Italy' website for \u20ac85,000. Umbrian Property, another bespoke restoration company in the Lake Trasimeno area, is offering partially restored farmhouses that can be designed to the buyer's requirements starting at about \u20ac250, 000. But for the best semi-bespoke bargains, cast aside all worries about the Mafia and illegal building and head south to Sicily, where the Baroque town of Ragusa in the Val di Noto boasts the lowest crime rate not only in Sicily but in the whole of Italy. Though prices here have risen sharply - by 40 per cent over the past three years in the centre of town, they are still a snip compared with other parts of Italy. 'When it comes to tailoring a home to suit the buyer, though we are limited by the size and location of the property, we are open to suggestions,' says Giovanni D'Andrea of Sunway, a real estate business that renovates and sells historic buildings in this Baroque province. The idyllic landscape around Ragusa is a Unesco world heritage site, so it is almost impossible to obtain planning permission for new build. But the Masseria Torrevecchia, an unrestored sandstone farmhouse in the vast and protected Pino d'Aleppo nature reserve, is a good example of Sunway's flexible price offering. Buyers can choose how much they want to spend per square metre according to the level of workmanship. Once fully restored, with quality touches such as antique materials, hand-carved stone and marble surfaces, the building could cost about \u20ac1m. And after years of being inaccessible to British tourists, this part of Sicily is suddenly within easy reach. Last year low-cost airline Ryanair opened a Stansted- Palermo route, and next month British Airways and Air Malta will run budget flights to Catania, a 75-minute drive away. Contacts Monteverdi 11 Grosvenor Cresent, London SW1, 020 7209 0097, www.monteverdi-estates.com Sunway 62 Gloucester Terrace London W2 3HH, 020 7402 9560, www.sunwaysrl.it Giancarlo Caponeri info@domusitalia.net www.seeyouinitaly.com Umbrian Property www.umbrian.com",
      "charCount": "5164"
    },
    "isHosted": false,
    "pillarId": "pillar/lifestyle",
    "pillarName": "Lifestyle"
  },
  {
    "id": "society/2004/may/23/drugsandalcohol.drugs",
    "type": "article",
    "sectionId": "society",
    "sectionName": "Society",
    "webPublicationDate": "2004-05-23T08:49:56Z",
    "webTitle": "Cocaine deaths double as price crashes",
    "webUrl": "https://www.theguardian.com/society/2004/may/23/drugsandalcohol.drugs",
    "apiUrl": "https://content.guardianapis.com/society/2004/may/23/drugsandalcohol.drugs",
    "fields": {
      "headline": "Cocaine deaths double as price crashes",
      "trailText": "<p>Soaring levels of cocaine use among young British professionals have led to a record number of deaths, according to new figures obtained by The Observer. </p>",
      "byline": "Jo Revill, health editor",
      "main": "",
      "body": "<p>Soaring levels of cocaine use among young British professionals have led to a record number of deaths, according to new figures obtained by The Observer. </p> <p>A drastic drop in the price of the drug, coupled with the belief among young people that cocaine is 'safe', led to 87 deaths linked to its use for the first six months of 2003 - double the figure for the same period in 2002. </p> <p>With a gram of cocaine - enough for up to 20 lines - now costing \u00a340 compared with \u00a370 a few years ago, the rising death toll has been linked to growing evidence that young professionals are now using it as the weekend drug of choice. Figures show more than 640,000 people used the drug last year - triple the number in 1997. </p> <p>While cocaine has been dubbed the the 'drug without a downside' on account of the lack of a narcotic hangover, doctors warn it can trigger fatal heart attacks and strokes, as well as causing severe long-term depression associated with heavy binges. </p> <p>Dr Fabrizio Schifano, addiction researcher at St George's medical school in Tooting, south London, said the latest figures showed the tragic and rising cost of recreational drug abuse. He warned that easier availability, falling prices and the growing popularity of cocktails of several drugs are behind the trend. </p> <p>'The rising toll of fatalities mirrors the increased use of cocaine among wealthy young professionals,' said Schifano. 'People who use drugs after a hard week at work don't consider themselves addicts. They may take a combination of stimulants, which is more often implicated in fatalities. But these drugs can also kill on their own.' </p> <p>When the drug is taken with drink it is more dangerous because it produces a toxic substance known as cocaethylene, which damages the heart. 'Heavy drinking with the drug really pushes up the level of risk,' said Schifano. 'Most people take it with alcohol, not realising that it increases the chance of having a stroke or a heart attack.' </p> <p>For years cocaine has enjoyed a high-society image in Britain, where it is associated with pop stars and celebrities. It is not associated with crime in the way heroin is, and someone who can afford it can stay on cocaine for years before finding they have a serious addiction. </p> <p>Whereas crack cocaine is believed to be immediately addictive and highly dangerous, cocaine snorted through the nose as white powder has less effect because only 30-40 per cent of it enters the bloodstream, compared with nearly 100 per cent absorption when smoked as crack. </p> <p>Schifano said: 'Typically, we'll see people in our clinic who have become addicted through social habits. They go to a club, they drink a lot, they are offered coke and they take it. Then they crash out on a Sunday, and are back to work again on Monday morning. They will feel depressed and low, but they can get through the week until Friday when they start all over again. </p> <p>Celebrities Tara Palmer-Tomkinson and Danniella Westbrook are among those who have been treated for addiction to cocaine. Footballer Diego Maradona is in a Buenos Aires clinic, withdrawing from addiction after nearly dying from a heart and lung condition. </p> <p>The drugs charity Turning Point believes lower prices have had an effect. A spokesman said: 'It may actually be beating ecstasy now as the drug most commonly used by clubbers.'</p>",
      "newspaperPageNumber": "1",
      "wordcount": "572",
      "commentable": "false",
      "isPremoderated": "false",
      "lastModified": "2017-12-02T13:15:19Z",
      "newspaperEditionDate": "2004-05-23T00:00:00Z",
      "productionOffice": "UK",
      "publication": "The Observer",
      "shortUrl": "https://gu.com/p/dfvz",
      "shouldHideAdverts": "false",
      "showInRelatedContent": "true",
      "legallySensitive": "false",
      "lang": "en",
      "bodyText": "Soaring levels of cocaine use among young British professionals have led to a record number of deaths, according to new figures obtained by The Observer. A drastic drop in the price of the drug, coupled with the belief among young people that cocaine is 'safe', led to 87 deaths linked to its use for the first six months of 2003 - double the figure for the same period in 2002. With a gram of cocaine - enough for up to 20 lines - now costing \u00a340 compared with \u00a370 a few years ago, the rising death toll has been linked to growing evidence that young professionals are now using it as the weekend drug of choice. Figures show more than 640,000 people used the drug last year - triple the number in 1997. While cocaine has been dubbed the the 'drug without a downside' on account of the lack of a narcotic hangover, doctors warn it can trigger fatal heart attacks and strokes, as well as causing severe long-term depression associated with heavy binges. Dr Fabrizio Schifano, addiction researcher at St George's medical school in Tooting, south London, said the latest figures showed the tragic and rising cost of recreational drug abuse. He warned that easier availability, falling prices and the growing popularity of cocktails of several drugs are behind the trend. 'The rising toll of fatalities mirrors the increased use of cocaine among wealthy young professionals,' said Schifano. 'People who use drugs after a hard week at work don't consider themselves addicts. They may take a combination of stimulants, which is more often implicated in fatalities. But these drugs can also kill on their own.' When the drug is taken with drink it is more dangerous because it produces a toxic substance known as cocaethylene, which damages the heart. 'Heavy drinking with the drug really pushes up the level of risk,' said Schifano. 'Most people take it with alcohol, not realising that it increases the chance of having a stroke or a heart attack.' For years cocaine has enjoyed a high-society image in Britain, where it is associated with pop stars and celebrities. It is not associated with crime in the way heroin is, and someone who can afford it can stay on cocaine for years before finding they have a serious addiction. Whereas crack cocaine is believed to be immediately addictive and highly dangerous, cocaine snorted through the nose as white powder has less effect because only 30-40 per cent of it enters the bloodstream, compared with nearly 100 per cent absorption when smoked as crack. Schifano said: 'Typically, we'll see people in our clinic who have become addicted through social habits. They go to a club, they drink a lot, they are offered coke and they take it. Then they crash out on a Sunday, and are back to work again on Monday morning. They will feel depressed and low, but they can get through the week until Friday when they start all over again. Celebrities Tara Palmer-Tomkinson and Danniella Westbrook are among those who have been treated for addiction to cocaine. Footballer Diego Maradona is in a Buenos Aires clinic, withdrawing from addiction after nearly dying from a heart and lung condition. The drugs charity Turning Point believes lower prices have had an effect. A spokesman said: 'It may actually be beating ecstasy now as the drug most commonly used by clubbers.'",
      "charCount": "3304"
    },
    "isHosted": false,
    "pillarId": "pillar/news",
    "pillarName": "News"
  }
]