[
  {
    "id": "football/2004/jun/30/euro2004.sport7",
    "type": "article",
    "sectionId": "football",
    "sectionName": "Football",
    "webPublicationDate": "2004-06-29T23:46:11Z",
    "webTitle": "Portrait pays price for Euro exit",
    "webUrl": "https://www.theguardian.com/football/2004/jun/30/euro2004.sport7",
    "apiUrl": "https://content.guardianapis.com/football/2004/jun/30/euro2004.sport7",
    "fields": {
      "headline": "Portrait pays price for Euro exit",
      "trailText": "<p>A photographic portrait of David Beckham paid the penalty for England's Euro 2004 exit yesterday amid ongoing frustration among fans who saw their team go out of the competition on penalties against hosts Portugal. </p>",
      "byline": "Staff and agencies",
      "main": "",
      "body": "<p>A photographic portrait of David Beckham paid the penalty for England's Euro 2004 exit yesterday amid ongoing frustration among fans who saw their team go out of the competition on penalties against hosts Portugal. </p> <p> Vandals used a red marker pen to scrawl the words, \"You loosers\" on the five-foot- (1.5 metre) high picture of Beckham that featured in an exhibition of the world's greatest footballers at London's Royal Academy of Arts. </p> <p> The culprits misspelled \"losers\", using a double \"o\" in a possible reference to Rebecca Loos, the Spanish woman who claimed to have had an affair with the England captain. The vandals also hit out at their new bete noire - the Swiss referee Urs Meier - by scribbling \"Beckham and Meier, you loosers\" on a wall opposite a portrait of Brazilian soccer legend Pele. </p> <p> Meier achieved notoriety among England fans when he disallowed a last-minute goal by defender Sol Campbell during England's Euro 2004 quarter-final defeat by Portugal on Thursday. Beckham was also criticised for missing the target during a penalty shoot-out in the same match. </p> <p> The portrait of Beckham, which had already been sold for \u00a37,500 pounds, has been removed from the exhibition. The exhibition's curator, David Grob, said police are examining CCTV footage to try to identify those responsible. </p> <p> \"I'm absolutely furious,\" he said. \"We spent around 18 months putting the exhibition together. You expect this sort of hooliganism to happen at a football ground, not at an art gallery.\" </p> <p> The exhibition was held to mark the centenary of FIFA, world football's governing body.</p>",
      "wordcount": "259",
      "commentable": "false",
      "isPremoderated": "false",
      "lastModified": "2017-02-20T21:12:32Z",
      "newspaperEditionDate": "2004-06-30T00:00:00Z",
      "productionOffice": "UK",
      "publication": "theguardian.com",
      "shortUrl": "https://gu.com/p/x77kn",
      "shouldHideAdverts": "false",
      "showInRelatedContent": "true",
      "legallySensitive": "false",
      "lang": "en",
      "bodyText": "A photographic portrait of David Beckham paid the penalty for England's Euro 2004 exit yesterday amid ongoing frustration among fans who saw their team go out of the competition on penalties against hosts Portugal. Vandals used a red marker pen to scrawl the words, \"You loosers\" on the five-foot- (1.5 metre) high picture of Beckham that featured in an exhibition of the world's greatest footballers at London's Royal Academy of Arts. The culprits misspelled \"losers\", using a double \"o\" in a possible reference to Rebecca Loos, the Spanish woman who claimed to have had an affair with the England captain. The vandals also hit out at their new bete noire - the Swiss referee Urs Meier - by scribbling \"Beckham and Meier, you loosers\" on a wall opposite a portrait of Brazilian soccer legend Pele. Meier achieved notoriety among England fans when he disallowed a last-minute goal by defender Sol Campbell during England's Euro 2004 quarter-final defeat by Portugal on Thursday. Beckham was also criticised for missing the target during a penalty shoot-out in the same match. The portrait of Beckham, which had already been sold for \u00a37,500 pounds, has been removed from the exhibition. The exhibition's curator, David Grob, said police are examining CCTV footage to try to identify those responsible. \"I'm absolutely furious,\" he said. \"We spent around 18 months putting the exhibition together. You expect this sort of hooliganism to happen at a football ground, not at an art gallery.\" The exhibition was held to mark the centenary of FIFA, world football's governing body.",
      "charCount": "1575"
    },
    "isHosted": false,
    "pillarId": "pillar/sport",
    "pillarName": "Sport"
  },
  {
    "id": "business/2004/jun/29/oilandpetrol.news2",
    "type": "article",
    "sectionId": "business",
    "sectionName": "Business",
    "webPublicationDate": "2004-06-29T13:50:29Z",
    "webTitle": "BP raises oil and gas reserve figures",
    "webUrl": "https://www.theguardian.com/business/2004/jun/29/oilandpetrol.news2",
    "apiUrl": "https://content.guardianapis.com/business/2004/jun/29/oilandpetrol.news2",
    "fields": {
      "headline": "BP raises oil and gas reserve figures",
      "trailText": "<p>BP today said its total proved oil and gas reserves were slightly higher than the number that was given in its 2003 accounts, in contrast to its rival Shell. </p>",
      "byline": "Mark Tran",
      "main": "",
      "body": "<p>BP today said its total proved oil and gas reserves were slightly higher than the number that was given in its 2003 accounts, in contrast to its rival Shell. </p> <p>In filing with financial watchdog the US securities and exchange commission, the world's second-biggest oil group said its total reserves under SEC guidelines were 23 million barrels more than had been stated in its 2003 figures. </p> <p>BP said its 2003 Form 20-F filing - the equivalent of an annual report for overseas firms listed in the US - reported proved reserves of 18.361 billion barrels of oil equivalent, compared with the 18.338 billion barrels stated in the 2003 accounts. </p> <p>\"BP considers the 23 million barrel difference, which represents some 0.1% of its total proved reserve base, including equity accounted entities, to be immaterial,\" the company said in a statement. </p> <p>In January, Shell caused consternation among shareholders when it downgraded its reserves by one fifth. At annual meetings of the Anglo-Dutch company in London and the Hague yesterday, investors vented their anger at its management, accusing it of incompetence and rewarding failure.</p> <p>The Shell reserves debacle led to the sacking of three top executives, including the former chairman, Sir Philip Watts. At yesterday's annual meetings, shareholders criticised the company for giving Sir Philip a \u00a31m payoff.</p> <p>In another blow to Shell, the CSFB investment bank has advised investors to switch from it to BP, Reuters reported. </p> <p>The discrepancy between the SEC filing and the 2003 accounts lies in the way the price of oil is calculated. Under British rules, BP uses long-term planning prices to determine the commercial viability of resources.</p> <p>For 2003, these prices were $16 a barrel for oil and $2.70 per thousand cubic feet for natural gas. In contrast, SEC guidelines require the use of year-end market prices which, as of December 31 2003, were $30.10 a barrel for Brent crude and $5.76 per thousand cubic feet for gas.</p> <p>BP said that using year-end prices had the effect of increasing the volumes of oil and gas likely to be recovered economically from reservoirs, thus adding to proved reserves.</p>",
      "wordcount": "355",
      "commentable": "false",
      "isPremoderated": "false",
      "lastModified": "2004-06-29T13:50:29Z",
      "newspaperEditionDate": "2004-06-29T00:00:00Z",
      "productionOffice": "UK",
      "publication": "theguardian.com",
      "shortUrl": "https://gu.com/p/dbx6",
      "shouldHideAdverts": "false",
      "showInRelatedContent": "true",
      "legallySensitive": "false",
      "lang": "en",
      "bodyText": "BP today said its total proved oil and gas reserves were slightly higher than the number that was given in its 2003 accounts, in contrast to its rival Shell. In filing with financial watchdog the US securities and exchange commission, the world's second-biggest oil group said its total reserves under SEC guidelines were 23 million barrels more than had been stated in its 2003 figures. BP said its 2003 Form 20-F filing - the equivalent of an annual report for overseas firms listed in the US - reported proved reserves of 18.361 billion barrels of oil equivalent, compared with the 18.338 billion barrels stated in the 2003 accounts. \"BP considers the 23 million barrel difference, which represents some 0.1% of its total proved reserve base, including equity accounted entities, to be immaterial,\" the company said in a statement. In January, Shell caused consternation among shareholders when it downgraded its reserves by one fifth. At annual meetings of the Anglo-Dutch company in London and the Hague yesterday, investors vented their anger at its management, accusing it of incompetence and rewarding failure. The Shell reserves debacle led to the sacking of three top executives, including the former chairman, Sir Philip Watts. At yesterday's annual meetings, shareholders criticised the company for giving Sir Philip a \u00a31m payoff. In another blow to Shell, the CSFB investment bank has advised investors to switch from it to BP, Reuters reported. The discrepancy between the SEC filing and the 2003 accounts lies in the way the price of oil is calculated. Under British rules, BP uses long-term planning prices to determine the commercial viability of resources. For 2003, these prices were $16 a barrel for oil and $2.70 per thousand cubic feet for natural gas. In contrast, SEC guidelines require the use of year-end market prices which, as of December 31 2003, were $30.10 a barrel for Brent crude and $5.76 per thousand cubic feet for gas. BP said that using year-end prices had the effect of increasing the volumes of oil and gas likely to be recovered economically from reservoirs, thus adding to proved reserves.",
      "charCount": "2131"
    },
    "isHosted": false,
    "pillarId": "pillar/news",
    "pillarName": "News"
  },
  {
    "id": "business/2004/jun/29/oilandpetrol.news1",
    "type": "article",
    "sectionId": "business",
    "sectionName": "Business",
    "webPublicationDate": "2004-06-29T13:02:03Z",
    "webTitle": "Oil prices slide after Iraq handover",
    "webUrl": "https://www.theguardian.com/business/2004/jun/29/oilandpetrol.news1",
    "apiUrl": "https://content.guardianapis.com/business/2004/jun/29/oilandpetrol.news1",
    "fields": {
      "headline": "Oil prices slide after Iraq handover",
      "trailText": "<p>World oil prices dropped to their lowest level in more than two months today after the surprise handover of power to an Iraqi interim government.</p>",
      "byline": "Mark Tran",
      "main": "",
      "body": "<p>World oil prices dropped to their lowest level in more than two months today after the surprise handover of power to an Iraqi interim government.</p> <p>In early trade, US light crude fell 44 cents, to $35.65 (\u00a319.59), a barrel - the lowest price since April 21 - before rising to $35.80. London's Brent crude stood 38 cents lower, at $33.32 a barrel. </p> <p>Renewed production in Norway after a strike and increased exports from Iraq helped to drive prices down, dealers said. The US transferred power to an interim Iraqi government at a secret ceremony two days earlier than expected, to thwart attacks.</p> <p>\"The early handover is reducing fears of terrorist disruptions to oil supplies - fears that had added at least several dollars to prices,\" David Thurtell, a commodity strategist with the Commonweath Bank of Australia, told Reuters.</p> <p>Until two weeks ago, Iraq had been exporting an average of 1.7m to 1.9m barrels a day, compared with somewhere between 2m and 2.2m before the US invasion. The Iraqi prime minister, Ayad Allawi, has said attacks on oil pipelines have cost the country $200m.</p> <p>Despite the impact of a transfer of power in Baghdad, analysts warned that Iraq remained a \"short-term wild card\". PFC Energy, a consulting firm, said in a report: \"If the situation in Iraq does worsen substantially, exports could be curtailed far more than has occurred to date and prices could spike over $40 again.\" </p> <p>Oil prices started coming off the boil at the start of June when Opec, the oil cartel, agreed to raise its output limit by 2m barrels a day from July 1. It also agreed to lift curbs by another 500,000 barrels from August 1 of this year.</p> <p>Claude Mandil, executive director of the International Energy Agency, yesterday expressed confidence that less vigorous economic growth in China was easing the market. He also said Opec's decision to raise its output ceiling and a subsequent increase in actual production had shown that the cartel could be counted on to help to stabilise prices. </p> <p>\"The market now understands that they are reliable. Prices are declining but are still very, very high,\" Mr Mandil said, adding that the risk of disruptions through sabotage remained. </p> <p>Before Opec agreed to boost output, oil prices hit a 21-year high of over $42 a barrel, sparking fears that high oil prices would derail global economic recovery.</p>",
      "wordcount": "403",
      "commentable": "false",
      "isPremoderated": "false",
      "lastModified": "2004-06-29T13:02:03Z",
      "newspaperEditionDate": "2004-06-29T00:00:00Z",
      "productionOffice": "UK",
      "publication": "theguardian.com",
      "shortUrl": "https://gu.com/p/d8j2",
      "shouldHideAdverts": "false",
      "showInRelatedContent": "true",
      "legallySensitive": "false",
      "lang": "en",
      "bodyText": "World oil prices dropped to their lowest level in more than two months today after the surprise handover of power to an Iraqi interim government. In early trade, US light crude fell 44 cents, to $35.65 (\u00a319.59), a barrel - the lowest price since April 21 - before rising to $35.80. London's Brent crude stood 38 cents lower, at $33.32 a barrel. Renewed production in Norway after a strike and increased exports from Iraq helped to drive prices down, dealers said. The US transferred power to an interim Iraqi government at a secret ceremony two days earlier than expected, to thwart attacks. \"The early handover is reducing fears of terrorist disruptions to oil supplies - fears that had added at least several dollars to prices,\" David Thurtell, a commodity strategist with the Commonweath Bank of Australia, told Reuters. Until two weeks ago, Iraq had been exporting an average of 1.7m to 1.9m barrels a day, compared with somewhere between 2m and 2.2m before the US invasion. The Iraqi prime minister, Ayad Allawi, has said attacks on oil pipelines have cost the country $200m. Despite the impact of a transfer of power in Baghdad, analysts warned that Iraq remained a \"short-term wild card\". PFC Energy, a consulting firm, said in a report: \"If the situation in Iraq does worsen substantially, exports could be curtailed far more than has occurred to date and prices could spike over $40 again.\" Oil prices started coming off the boil at the start of June when Opec, the oil cartel, agreed to raise its output limit by 2m barrels a day from July 1. It also agreed to lift curbs by another 500,000 barrels from August 1 of this year. Claude Mandil, executive director of the International Energy Agency, yesterday expressed confidence that less vigorous economic growth in China was easing the market. He also said Opec's decision to raise its output ceiling and a subsequent increase in actual production had shown that the cartel could be counted on to help to stabilise prices. \"The market now understands that they are reliable. Prices are declining but are still very, very high,\" Mr Mandil said, adding that the risk of disruptions through sabotage remained. Before Opec agreed to boost output, oil prices hit a 21-year high of over $42 a barrel, sparking fears that high oil prices would derail global economic recovery.",
      "charCount": "2330"
    },
    "isHosted": false,
    "pillarId": "pillar/news",
    "pillarName": "News"
  },
  {
    "id": "world/2004/jun/29/iraq.oil",
    "type": "article",
    "sectionId": "world",
    "sectionName": "World news",
    "webPublicationDate": "2004-06-29T12:06:47Z",
    "webTitle": "Oil exports must triple to rebuild economy",
    "webUrl": "https://www.theguardian.com/world/2004/jun/29/iraq.oil",
    "apiUrl": "https://content.guardianapis.com/world/2004/jun/29/iraq.oil",
    "fields": {
      "headline": "Oil exports must triple to rebuild economy",
      "trailText": "Iraq's government is relying on its terrorist-threatened oil industry to help it cope with mass unemployment, living standards which are less than a quarter of the level of 25 years ago and a debt burden as crippling as the poorest countries of Africa.",
      "byline": "Larry Elliott, economics editor",
      "main": "",
      "body": "Iraq's government is relying on its terrorist-threatened oil industry to help it cope with mass unemployment, living standards which are less than a quarter of the level of 25 years ago and a debt burden as crippling as the poorest countries of Africa. <p>Oil prices dropped by more than a dollar a barrel yesterday after Iraq said exports from its southern ports were close to 2m barrels per day.</p> <p>Even so, economists said the country would need exports to treble if Iraq was to meet what the World Bank has called the \"challenges\" of reconstruction after decades of economic mismanagement, corruption, war and sanctions.</p> <p>Top of the list of economic priorities for the new government will be to negotiate a debt relief package with international creditors.</p> <p>Jan Randolph, chief economist with the World Markets Research Centre in London, said it was vital for the country to get some \"breathing space\" to rebuild its shattered economic infrastructure.</p> <p>Once one of the richest countries in the region, Iraq has seen its average income fall from $3,600 (nearly \u00a32,000) a year in 1980 to between $770 and $1,020 in 2001.</p> <p>The World Bank says reliable figures are hard to come by, but the economy contracted by 4% in 2002 and by a further third in 2003 when Saddam Hussein was toppled.</p> <p>At least 50% of the population is unemployed or underemployed, with 30% of those employed on the government's payroll.</p> <p>Estimates put GDP per head at $500 a year in 2003 but the World Bank expects a recovery to around $700 this year.</p> <p>The White House has aimed over the past year to help boost Iraq's oil production to around 6m barrels a day, which would provide about $20bn a year in export revenues.</p> <p>Even at that rate, the country would still be unable to meet its debts and would require a write-down of around 70%, if its burden is to be made sustainable.</p> <p>At present, Iraq owes around $120bn: $80bn to its Arab neighbours, $20bn to other sovereign creditors and the rest in accrued interest.</p> <p>The US has been pressing Iraq's creditors to provide debt forgiveness.</p> <p>Mr Randolph said Iraq remained a collapsed economy, with attempts at boosting oil production hampered by terrorism.</p> <p>\"A debt deal becomes _ more pressing as Iraq's key debt servicing capacity _ is compromised by security issues,\" he said.</p>",
      "newspaperPageNumber": "5",
      "wordcount": "395",
      "commentable": "false",
      "isPremoderated": "false",
      "lastModified": "2016-06-15T08:52:04Z",
      "newspaperEditionDate": "2004-06-29T00:00:00Z",
      "productionOffice": "UK",
      "publication": "theguardian.com",
      "shortUrl": "https://gu.com/p/mm3n",
      "shouldHideAdverts": "false",
      "showInRelatedContent": "true",
      "legallySensitive": "false",
      "lang": "en",
      "bodyText": "Iraq's government is relying on its terrorist-threatened oil industry to help it cope with mass unemployment, living standards which are less than a quarter of the level of 25 years ago and a debt burden as crippling as the poorest countries of Africa. Oil prices dropped by more than a dollar a barrel yesterday after Iraq said exports from its southern ports were close to 2m barrels per day. Even so, economists said the country would need exports to treble if Iraq was to meet what the World Bank has called the \"challenges\" of reconstruction after decades of economic mismanagement, corruption, war and sanctions. Top of the list of economic priorities for the new government will be to negotiate a debt relief package with international creditors. Jan Randolph, chief economist with the World Markets Research Centre in London, said it was vital for the country to get some \"breathing space\" to rebuild its shattered economic infrastructure. Once one of the richest countries in the region, Iraq has seen its average income fall from $3,600 (nearly \u00a32,000) a year in 1980 to between $770 and $1,020 in 2001. The World Bank says reliable figures are hard to come by, but the economy contracted by 4% in 2002 and by a further third in 2003 when Saddam Hussein was toppled. At least 50% of the population is unemployed or underemployed, with 30% of those employed on the government's payroll. Estimates put GDP per head at $500 a year in 2003 but the World Bank expects a recovery to around $700 this year. The White House has aimed over the past year to help boost Iraq's oil production to around 6m barrels a day, which would provide about $20bn a year in export revenues. Even at that rate, the country would still be unable to meet its debts and would require a write-down of around 70%, if its burden is to be made sustainable. At present, Iraq owes around $120bn: $80bn to its Arab neighbours, $20bn to other sovereign creditors and the rest in accrued interest. The US has been pressing Iraq's creditors to provide debt forgiveness. Mr Randolph said Iraq remained a collapsed economy, with attempts at boosting oil production hampered by terrorism. \"A debt deal becomes _ more pressing as Iraq's key debt servicing capacity _ is compromised by security issues,\" he said.",
      "charCount": "2280"
    },
    "isHosted": false,
    "pillarId": "pillar/news",
    "pillarName": "News"
  },
  {
    "id": "society/2004/jun/29/childrensservices.soham",
    "type": "article",
    "sectionId": "uk-news",
    "sectionName": "UK news",
    "webPublicationDate": "2004-06-29T12:02:17Z",
    "webTitle": "Press review: 'Police chiefs should be accountable'",
    "webUrl": "https://www.theguardian.com/society/2004/jun/29/childrensservices.soham",
    "apiUrl": "https://content.guardianapis.com/society/2004/jun/29/childrensservices.soham",
    "fields": {
      "headline": "'Police chiefs should be accountable'",
      "standfirst": "Should someone pay the price for police errors?",
      "trailText": "<p><strong>Press review:</strong> Should someone pay the price for police errors?</p>",
      "main": "",
      "body": "<p><strong>Richard Stott</strong><br> Sunday Mirror, June 27 </p> <p>\"Humberside's chief constable, David Westwood, deserves everything slung at him and can hardly whine about David Blunkett sticking the knife in. Nor can he complain he is being made a scapegoat for all the Soham police failures. </p> <p>\"However, Mr Blunkett's determination to bury the hatchet in Mr Westwood's back should not be allowed to mask much bigger problems that have built up over the past 25 years. It is outrageous that the 43 police forces of England and Wales all have different and incompatible intelligence systems. That is the fault of a rank amateur Home Office as much as chief constables squabbling over their own petty patches. So get rid of the hopeless maiden aunt Westwood by all means. But he is a symptom of what is rotten in our police, not the cause.\" </p> <p><strong>Hull Daily Mail</strong><br> Editorial, June 28 </p> <p>\"If anyone should be listened to it is the parents of Holly Wells and Jessica Chapman. On compassionate grounds alone their views have to be taken into account when deciding Mr Westwood's fate [Kevin Wells's statement that Mr Westwood should not be sacked] vindicates the brave position taken by Humberside Police Authority to ask Mr Blunkett to reconsider his request that they suspend the chief constable. </p> <p>\"We have said all along that removing Mr Westwood would not serve any purpose. His personal qualities and his professional pride and experience make him the best man to correct the mistakes which allowed Ian Huntley to slip through the net.\" </p> <p><strong>Mail on Sunday</strong><br> Editorial, June 27 </p> <p>\"Contrast Mr Westwood with Mr Blunkett. His department is heavily criticised in the Bichard report, two-thirds of whose recommendations are the sole or joint responsibility of the Home Office. Perhaps, if its officials were not so busy consulting the views of witches, pagans and druids, it might have made a better job of creating a national police database. </p> <p>\"The struggle between Mr Westwood and Mr Blunkett is not about the Soham murders but about whether we continue to have independent police. Mr Wells has every right to be emotional about this issue - but refuses to seek easy scapegoats. The public should follow his example and reject Mr Blunkett's crude grab for power.\" </p> <p><strong>Sunday Telegraph</strong><br> Editorial, June 27 </p> <p>\"When the home secretary says Mr Westwood should be forcibly suspended if he does not agree to stand aside, it is hard to disagree with him. The home secretary has the law on his side, and he is right. Those who say Sir Michael also criticised the Home Office are right, but the brunt of his attack was on the woeful shortcomings of the Humberside force under Mr Westwood's command. </p> <p>\"Respect for the institutions of our society has to be based on the principle that people accept their responsibilities. When a police chief insists on staying on even after failings of the magnitude identified last week, what kind of message does that send out? The Humberside police chief should go.\" </p> <p><strong>Sun</strong><br> Editorial, June 28 </p> <p>\"The parents of the murdered Soham schoolgirls deserve great public sympathy. And after all he has been through, Kevin Wells understandably holds deep-rooted opinions. But when he defends Mr Westwood we must, with respect, disagree. </p> <p>\"We're sure Mr Blunkett is not happy that a family tragedy has become a major political issue. But he is right to demand that Mr Westwood carries the can for his force's gross incompetence. If Mr Blunkett has to take the police authority to court to make them suspend Mr Westwood, so be it. It is right that police chiefs should be accountable. If they had to be elected every five years, they would perform a lot better.\"</p>",
      "newspaperPageNumber": "22",
      "wordcount": "614",
      "commentable": "false",
      "isPremoderated": "false",
      "lastModified": "2017-09-21T00:13:40Z",
      "newspaperEditionDate": "2004-06-29T00:00:00Z",
      "productionOffice": "UK",
      "publication": "theguardian.com",
      "shortUrl": "https://gu.com/p/d57d",
      "shouldHideAdverts": "false",
      "showInRelatedContent": "true",
      "legallySensitive": "false",
      "lang": "en",
      "bodyText": "Richard Stott Sunday Mirror, June 27 \"Humberside's chief constable, David Westwood, deserves everything slung at him and can hardly whine about David Blunkett sticking the knife in. Nor can he complain he is being made a scapegoat for all the Soham police failures. \"However, Mr Blunkett's determination to bury the hatchet in Mr Westwood's back should not be allowed to mask much bigger problems that have built up over the past 25 years. It is outrageous that the 43 police forces of England and Wales all have different and incompatible intelligence systems. That is the fault of a rank amateur Home Office as much as chief constables squabbling over their own petty patches. So get rid of the hopeless maiden aunt Westwood by all means. But he is a symptom of what is rotten in our police, not the cause.\" Hull Daily Mail Editorial, June 28 \"If anyone should be listened to it is the parents of Holly Wells and Jessica Chapman. On compassionate grounds alone their views have to be taken into account when deciding Mr Westwood's fate [Kevin Wells's statement that Mr Westwood should not be sacked] vindicates the brave position taken by Humberside Police Authority to ask Mr Blunkett to reconsider his request that they suspend the chief constable. \"We have said all along that removing Mr Westwood would not serve any purpose. His personal qualities and his professional pride and experience make him the best man to correct the mistakes which allowed Ian Huntley to slip through the net.\" Mail on Sunday Editorial, June 27 \"Contrast Mr Westwood with Mr Blunkett. His department is heavily criticised in the Bichard report, two-thirds of whose recommendations are the sole or joint responsibility of the Home Office. Perhaps, if its officials were not so busy consulting the views of witches, pagans and druids, it might have made a better job of creating a national police database. \"The struggle between Mr Westwood and Mr Blunkett is not about the Soham murders but about whether we continue to have independent police. Mr Wells has every right to be emotional about this issue - but refuses to seek easy scapegoats. The public should follow his example and reject Mr Blunkett's crude grab for power.\" Sunday Telegraph Editorial, June 27 \"When the home secretary says Mr Westwood should be forcibly suspended if he does not agree to stand aside, it is hard to disagree with him. The home secretary has the law on his side, and he is right. Those who say Sir Michael also criticised the Home Office are right, but the brunt of his attack was on the woeful shortcomings of the Humberside force under Mr Westwood's command. \"Respect for the institutions of our society has to be based on the principle that people accept their responsibilities. When a police chief insists on staying on even after failings of the magnitude identified last week, what kind of message does that send out? The Humberside police chief should go.\" Sun Editorial, June 28 \"The parents of the murdered Soham schoolgirls deserve great public sympathy. And after all he has been through, Kevin Wells understandably holds deep-rooted opinions. But when he defends Mr Westwood we must, with respect, disagree. \"We're sure Mr Blunkett is not happy that a family tragedy has become a major political issue. But he is right to demand that Mr Westwood carries the can for his force's gross incompetence. If Mr Blunkett has to take the police authority to court to make them suspend Mr Westwood, so be it. It is right that police chiefs should be accountable. If they had to be elected every five years, they would perform a lot better.\"",
      "charCount": "3610"
    },
    "isHosted": false,
    "pillarId": "pillar/news",
    "pillarName": "News"
  },
  {
    "id": "money/2004/jun/29/business.houseprices",
    "type": "article",
    "sectionId": "money",
    "sectionName": "Money",
    "webPublicationDate": "2004-06-29T07:45:19Z",
    "webTitle": "Signs of property slowdown as inflation weakens",
    "webUrl": "https://www.theguardian.com/money/2004/jun/29/business.houseprices",
    "apiUrl": "https://content.guardianapis.com/money/2004/jun/29/business.houseprices",
    "fields": {
      "headline": "Signs of property slowdown as inflation weakens",
      "trailText": "<p>The average house has doubled in price since the start of the new millennium, but June saw signs of a drop in inflation, figures showed today.</p>",
      "byline": "Press Association",
      "main": "",
      "body": "<p>Fresh evidence that higher interest rates are taking their toll on the property market emerged today with figures showing slower growth in house prices. </p> <p>The monthly rate of house price inflation slipped in June to 0.9% from last month's seasonally adjusted figure of 1.7%, according to the Nationwide building society. </p> <p>Prices grew by 19.1% in the year to June, compared with 19.5% in the year to May, the data showed. The average house now costs \u00a3151,524 against \u00a3149,020 in May - more than double the price at the start of the new Millennium. </p> <p>Nationwide said its forecast for house price inflation in the 12 months to December this year remained at 15%, given higher interest rates, worsening affordability, reduced buy-to-let demand and a downgrading of buyers' expectations of future price growth. </p> <p>However, the Nationwide said it believed a repeat of the late 1980s slump in prices looked unlikely. It said recent comments by Bank of England Governor Mervyn King that house prices were likely to be above their sustainable level could knock confidence. </p> <p>But the building society said it expected a slowdown in price growth, rather than widespread falls, provided that the economic fundamentals remained good. Nationwide group economist Alex Bannister said the current economic outlook was positive. </p> <p>\"Although rising rates are likely to act as a brake on the market, we do not foresee economic triggers arising that might cause widespread and sustained price falls,\" Mr Bannister said. </p> <p>The Nationwide said the pace of house price growth across the UK was now more even compared with recent quarters. </p> <p>The areas with the fastest rises in prices were predominantly in the north and Wales, including Hartlepool, Allerdale, Barrow-in-Furness, Gateshead and Sedgefield in the North and Swansea, Powys and Gwynedd in Wales. </p> <p>Price growth was slowest in some of the more expensive areas of the country including Tower Hamlets in London, Wycombe in Buckinghamshire, Winchester in Hampshire, Epsom in Surrey, and Windsor and Maidenhead in Berkshire.</p>",
      "wordcount": "331",
      "commentable": "false",
      "isPremoderated": "false",
      "lastModified": "2017-09-20T21:46:35Z",
      "newspaperEditionDate": "2004-06-29T00:00:00Z",
      "productionOffice": "UK",
      "publication": "theguardian.com",
      "shortUrl": "https://gu.com/p/7pg6",
      "shouldHideAdverts": "false",
      "showInRelatedContent": "true",
      "legallySensitive": "false",
      "lang": "en",
      "bodyText": "Fresh evidence that higher interest rates are taking their toll on the property market emerged today with figures showing slower growth in house prices. The monthly rate of house price inflation slipped in June to 0.9% from last month's seasonally adjusted figure of 1.7%, according to the Nationwide building society. Prices grew by 19.1% in the year to June, compared with 19.5% in the year to May, the data showed. The average house now costs \u00a3151,524 against \u00a3149,020 in May - more than double the price at the start of the new Millennium. Nationwide said its forecast for house price inflation in the 12 months to December this year remained at 15%, given higher interest rates, worsening affordability, reduced buy-to-let demand and a downgrading of buyers' expectations of future price growth. However, the Nationwide said it believed a repeat of the late 1980s slump in prices looked unlikely. It said recent comments by Bank of England Governor Mervyn King that house prices were likely to be above their sustainable level could knock confidence. But the building society said it expected a slowdown in price growth, rather than widespread falls, provided that the economic fundamentals remained good. Nationwide group economist Alex Bannister said the current economic outlook was positive. \"Although rising rates are likely to act as a brake on the market, we do not foresee economic triggers arising that might cause widespread and sustained price falls,\" Mr Bannister said. The Nationwide said the pace of house price growth across the UK was now more even compared with recent quarters. The areas with the fastest rises in prices were predominantly in the north and Wales, including Hartlepool, Allerdale, Barrow-in-Furness, Gateshead and Sedgefield in the North and Swansea, Powys and Gwynedd in Wales. Price growth was slowest in some of the more expensive areas of the country including Tower Hamlets in London, Wycombe in Buckinghamshire, Winchester in Hampshire, Epsom in Surrey, and Windsor and Maidenhead in Berkshire.",
      "charCount": "2039"
    },
    "isHosted": false,
    "pillarId": "pillar/lifestyle",
    "pillarName": "Lifestyle"
  },
  {
    "id": "business/2004/jun/29/ftse.stockmarkets",
    "type": "article",
    "sectionId": "business",
    "sectionName": "Business",
    "webPublicationDate": "2004-06-29T01:06:05Z",
    "webTitle": "Laing family benefits",
    "webUrl": "https://www.theguardian.com/business/2004/jun/29/ftse.stockmarkets",
    "apiUrl": "https://content.guardianapis.com/business/2004/jun/29/ftse.stockmarkets",
    "fields": {
      "headline": "Laing family benefits",
      "trailText": "<p>There was heavy trading in John Laing yesterday as trusts owned by members of the Laing family took advantage of recent share price strength to sell half their holding in the FTSE 250 construction group. </p>",
      "main": "",
      "body": "<p>There was heavy trading in John Laing yesterday as trusts owned by members of the Laing family took advantage of recent share price strength to sell half their holding in the FTSE 250 construction group. </p> <p>Joint broker Bridgewell Securities handled the business, placing the 7.6m shares - 4.3% of Laing - shares with more than a dozen institutions at 226p. </p> <p>The disposal came as the company issued an upbeat trading statement and announced a joint venture with Australia's Commonwealth Bank to invest about \u00a3300m in UK hospital and European road projects over the next three to five years. </p> <p>The decision by the family to sell down their holding comes after a strong run for Laing. Its shares, which were changing hands for 150p a year ago, closed at 229.5p last night.</p>",
      "newspaperPageNumber": "17",
      "wordcount": "134",
      "commentable": "false",
      "isPremoderated": "false",
      "lastModified": "2004-06-29T01:06:05Z",
      "newspaperEditionDate": "2004-06-29T00:00:00Z",
      "productionOffice": "UK",
      "publication": "theguardian.com",
      "shortUrl": "https://gu.com/p/7pfk",
      "shouldHideAdverts": "false",
      "showInRelatedContent": "true",
      "legallySensitive": "false",
      "lang": "en",
      "bodyText": "There was heavy trading in John Laing yesterday as trusts owned by members of the Laing family took advantage of recent share price strength to sell half their holding in the FTSE 250 construction group. Joint broker Bridgewell Securities handled the business, placing the 7.6m shares - 4.3% of Laing - shares with more than a dozen institutions at 226p. The disposal came as the company issued an upbeat trading statement and announced a joint venture with Australia's Commonwealth Bank to invest about \u00a3300m in UK hospital and European road projects over the next three to five years. The decision by the family to sell down their holding comes after a strong run for Laing. Its shares, which were changing hands for 150p a year ago, closed at 229.5p last night.",
      "charCount": "764"
    },
    "isHosted": false,
    "pillarId": "pillar/news",
    "pillarName": "News"
  },
  {
    "id": "business/2004/jun/29/britishairwaysbusiness",
    "type": "article",
    "sectionId": "business",
    "sectionName": "Business",
    "webPublicationDate": "2004-06-29T01:06:05Z",
    "webTitle": "Neil Hume: Market forces",
    "webUrl": "https://www.theguardian.com/business/2004/jun/29/britishairwaysbusiness",
    "apiUrl": "https://content.guardianapis.com/business/2004/jun/29/britishairwaysbusiness",
    "fields": {
      "headline": "Jet-fuelled rise for BA",
      "trailText": "<p><strong>Market forces:</strong> A falling oil price and further signs of a recovery in transatlantic air travel helped British Airways to register one of the best performances in a strong London market yesterday. </p>",
      "byline": "Neil Hume",
      "main": "",
      "body": "<p>A falling oil price and further signs of a recovery in transatlantic air travel helped British Airways to register one of the best performances in a strong London market yesterday. </p> <p>BA shares climbed 6.25p to 272.5p as the price of crude oil, which has a knock-on effect on the cost of jet fuel, fell by more than a dollar to $36 a barrel - a nine-week low. The decline came as exports resumed in Norway, after a labour dispute, and Iraq. </p> <p>BA was also supported by data from the airlines organisation Iata. This showed yields (average fare prices) on transatlantic routes in May were up 3% on a year ago and 11% on the year before that. </p> <p>As BA generates about 70% of its profits on such routes, its share price tends to track such data closely. Although the Iata figures were flattered by the recent weakness of the dollar, analysts said they proved that recovery on long-haul travel between the US and Europe had not faltered. </p> <p>BA was not the only stock to draw strength from the falling oil price. ICI, the speciality chemicals group, gained 6.5p to 235p as dealers noted that petrochemicals account for about a third of its raw material input costs. </p> <p>In the wider market, leading shares hit a seven-week high. Lifted by a firm opening on Wall Street, which also drew strength from the falling oil price, the FTSE 100 came to rest 24.6 points higher at 4518.7, its best level since early May. </p> <p>The FTSE 250 advanced 27 points to 6252.6, while the FTSE Small Cap index added 4.7 points to 2578.6. Market turnover was reasonable for a Monday with 2.4bn shares changing hands. </p> <p>In the bond market, gilts started the week on a drab note after strong US consumption data reignited fears of aggressive policy tightening by the Federal Reserve. The 10-year gilt closed at about 98.670, yielding 5.169%. </p> <p>Once again Abbey National provided the day's main talking point. Its shares gained 14.75p to 511.75p as punters continued to dream of a bid from Banco Santander Central Hispano of Spain. </p> <p>They believe that if a buyer can be found for Abbey's troubled Scottish Mutual Assurance unit then talks between the two banks, which ended earlier this year, could be restarted. One possible buyer for Scottish Mutual could be Clive Cowdery's Resolution Life Group, which is in talks to buy Royal &amp; SunAlliance's UK life insurance business. </p> <p>Phone company MMO2, off 0.25p at 93.5p, underperformed after Dutch rival KPN killed off any lingering takeover hopes by announcing plans to buy back an additional \u20ac1bn (\u00a3660m) of shares. </p> <p>Advertising group WPP eased 5p to 568p as its annual meeting was overshadowed by concerns that it might be tempted to make an offer for rival Grey Global. Over the weekend Nasdaq-listed Grey, which has a market capitalisation of $1.2bn (\u00a3650m), announced it had appointed advisers to examine options including a sale. </p> <p>In the FTSE 250, the recent strong run of Photo-Me, the world's leading photo-booth operator, came to a halt after its joint broker, Cazenove, downgraded and put its forecasts under review following preliminary results. </p> <p>Analyst Nadia Ridout Jamieson said she had lowered her rating to hold from buy because of a slower than expected roll-out of digital media kiosks and tough trading in Japan. Photo-Me, which rose 25% last week, lost 5.5p to 99.5p - the biggest mid-cap faller. </p> <p>IT services companyn Xansa eased 1.75p to 82.25p after house broker UBS confirmed that it had downgraded to neutral from buy after last week's disappointing full-year figures. The news came as the company's chairman and chief executive declared the purchase of 10,000 and 71,500 shares respectively. </p> <p>JJB Sports, down 1.75p at 268.25p, also ended lower despite Numis Securities repeating its buy recommendation following a meeting with the sports retailer. </p> <p>Analyst Iain McDonald believes like-for-like sales, down 5.8% earlier in the year, have recovered and does not think the company has suffered from England's departure from Euro 2004. </p> <p>\"The company would obviously have preferred a longer run in the tournament, but certainly did not budget for that,\" Mr McDonald said. </p> <p>Hit Entertainment fell 4p to 235p after Simon Cawkwell, the bear raider known in market circles as Evil Knievil, revealed on the T1PS.com website that he had shorted the children's entertainment group. </p> <p>Among the small companies, Turbo Genset jumped 2.5p to 16.75p after the company announced that it had won a contract to design and build a high-speed generator for SKF, the world's leading maker of ball-bearings. Although the contract is worth only \u20ac6m (\u00a34m) the deal is important in that it is Turbo's first commercial sale. </p> <p>There was also a strong performance from toymaker Character Group. Its shares gained 13.5p to 91p after Mittel, which claims to be Italy's oldest investment bank, announced that it had purchased 5m shares, 9.5% of the company, from another Italian investor, Valtidone, in an off-market transaction. </p> <p>Superscape, the developer of 3D graphics for mobile phones, gained 1.5p to 35p in heavy volume of 2.3m shares on rumours that a deal with Vodafone, up 0.25p to 123.5p, could be announced before the end of the week. </p> <p>McBride, the maker of own-label detergents, firmed 6p to 148p on talk that cost-cutting measures in Europe are starting to bear fruit. </p> <p>On AIM, Nutrinnovator, the health snack specialist, made a solid debut. Placed at 53p following a \u00a31.7m fundraising by Oriel Securities its shares came to rest at 57.5p.</p>",
      "newspaperPageNumber": "17",
      "wordcount": "942",
      "commentable": "false",
      "isPremoderated": "false",
      "lastModified": "2004-06-29T01:06:05Z",
      "newspaperEditionDate": "2004-06-29T00:00:00Z",
      "productionOffice": "UK",
      "publication": "theguardian.com",
      "shortUrl": "https://gu.com/p/7pfj",
      "shouldHideAdverts": "false",
      "showInRelatedContent": "true",
      "legallySensitive": "false",
      "lang": "en",
      "bodyText": "A falling oil price and further signs of a recovery in transatlantic air travel helped British Airways to register one of the best performances in a strong London market yesterday. BA shares climbed 6.25p to 272.5p as the price of crude oil, which has a knock-on effect on the cost of jet fuel, fell by more than a dollar to $36 a barrel - a nine-week low. The decline came as exports resumed in Norway, after a labour dispute, and Iraq. BA was also supported by data from the airlines organisation Iata. This showed yields (average fare prices) on transatlantic routes in May were up 3% on a year ago and 11% on the year before that. As BA generates about 70% of its profits on such routes, its share price tends to track such data closely. Although the Iata figures were flattered by the recent weakness of the dollar, analysts said they proved that recovery on long-haul travel between the US and Europe had not faltered. BA was not the only stock to draw strength from the falling oil price. ICI, the speciality chemicals group, gained 6.5p to 235p as dealers noted that petrochemicals account for about a third of its raw material input costs. In the wider market, leading shares hit a seven-week high. Lifted by a firm opening on Wall Street, which also drew strength from the falling oil price, the FTSE 100 came to rest 24.6 points higher at 4518.7, its best level since early May. The FTSE 250 advanced 27 points to 6252.6, while the FTSE Small Cap index added 4.7 points to 2578.6. Market turnover was reasonable for a Monday with 2.4bn shares changing hands. In the bond market, gilts started the week on a drab note after strong US consumption data reignited fears of aggressive policy tightening by the Federal Reserve. The 10-year gilt closed at about 98.670, yielding 5.169%. Once again Abbey National provided the day's main talking point. Its shares gained 14.75p to 511.75p as punters continued to dream of a bid from Banco Santander Central Hispano of Spain. They believe that if a buyer can be found for Abbey's troubled Scottish Mutual Assurance unit then talks between the two banks, which ended earlier this year, could be restarted. One possible buyer for Scottish Mutual could be Clive Cowdery's Resolution Life Group, which is in talks to buy Royal &amp; SunAlliance's UK life insurance business. Phone company MMO2, off 0.25p at 93.5p, underperformed after Dutch rival KPN killed off any lingering takeover hopes by announcing plans to buy back an additional \u20ac1bn (\u00a3660m) of shares. Advertising group WPP eased 5p to 568p as its annual meeting was overshadowed by concerns that it might be tempted to make an offer for rival Grey Global. Over the weekend Nasdaq-listed Grey, which has a market capitalisation of $1.2bn (\u00a3650m), announced it had appointed advisers to examine options including a sale. In the FTSE 250, the recent strong run of Photo-Me, the world's leading photo-booth operator, came to a halt after its joint broker, Cazenove, downgraded and put its forecasts under review following preliminary results. Analyst Nadia Ridout Jamieson said she had lowered her rating to hold from buy because of a slower than expected roll-out of digital media kiosks and tough trading in Japan. Photo-Me, which rose 25% last week, lost 5.5p to 99.5p - the biggest mid-cap faller. IT services companyn Xansa eased 1.75p to 82.25p after house broker UBS confirmed that it had downgraded to neutral from buy after last week's disappointing full-year figures. The news came as the company's chairman and chief executive declared the purchase of 10,000 and 71,500 shares respectively. JJB Sports, down 1.75p at 268.25p, also ended lower despite Numis Securities repeating its buy recommendation following a meeting with the sports retailer. Analyst Iain McDonald believes like-for-like sales, down 5.8% earlier in the year, have recovered and does not think the company has suffered from England's departure from Euro 2004. \"The company would obviously have preferred a longer run in the tournament, but certainly did not budget for that,\" Mr McDonald said. Hit Entertainment fell 4p to 235p after Simon Cawkwell, the bear raider known in market circles as Evil Knievil, revealed on the T1PS.com website that he had shorted the children's entertainment group. Among the small companies, Turbo Genset jumped 2.5p to 16.75p after the company announced that it had won a contract to design and build a high-speed generator for SKF, the world's leading maker of ball-bearings. Although the contract is worth only \u20ac6m (\u00a34m) the deal is important in that it is Turbo's first commercial sale. There was also a strong performance from toymaker Character Group. Its shares gained 13.5p to 91p after Mittel, which claims to be Italy's oldest investment bank, announced that it had purchased 5m shares, 9.5% of the company, from another Italian investor, Valtidone, in an off-market transaction. Superscape, the developer of 3D graphics for mobile phones, gained 1.5p to 35p in heavy volume of 2.3m shares on rumours that a deal with Vodafone, up 0.25p to 123.5p, could be announced before the end of the week. McBride, the maker of own-label detergents, firmed 6p to 148p on talk that cost-cutting measures in Europe are starting to bear fruit. On AIM, Nutrinnovator, the health snack specialist, made a solid debut. Placed at 53p following a \u00a31.7m fundraising by Oriel Securities its shares came to rest at 57.5p.",
      "charCount": "5426"
    },
    "isHosted": false,
    "pillarId": "pillar/news",
    "pillarName": "News"
  }
]