[
  {
    "id": "business/2004/jan/12/housingmarket.houseprices",
    "type": "article",
    "sectionId": "business",
    "sectionName": "Business",
    "webPublicationDate": "2004-01-12T12:29:14Z",
    "webTitle": "House prices 'fell slightly' in November, index shows",
    "webUrl": "https://www.theguardian.com/business/2004/jan/12/housingmarket.houseprices",
    "apiUrl": "https://content.guardianapis.com/business/2004/jan/12/housingmarket.houseprices",
    "fields": {
      "headline": "House prices 'fell slightly' in November, index shows",
      "trailText": "<p>House prices fell by 1.1% between October and November 2003, according to the house price index published by the Office of the Deputy Prime Minister.</p>",
      "byline": "Sandra Haurant",
      "main": "",
      "body": "<p>House prices fell by 1.1% between October and November 2003, according to the house price index published by the Office of the Deputy Prime Minister.</p> <p>The ODPM found that property inflation slowed to 9.7% in November 2003 from 12.1% in October, causing the average house price to fall from \u00a3161,567 in October to \u00a3159,480 in November. </p> <p>First-time buyers were paying an average \u00a3124,346 for their homes, while current owner-occupiers paid an average \u00a3183,103. </p> <p>Despite a slight fall in house prices across the country as a whole, prices in London rose by 5.2%, with the average house costing \u00a3241,385, not surprisingly the highest figure in the country. The lowest prices were seen in the north-east, where the average house is priced at \u00a3101,493. </p> <p>The ODPM bases its report on around 25,000 completed home sales from around 50 different lenders, while reports from lenders such as Halifax are based on mortgages agreed by the lenders, giving much smaller samples. </p> <p>However, unlike the figures published by the likes of Halifax, the ODPM does not 'seasonally adjust' its results, so that peaks and troughs in the housing market highs and lows seen throughout the year are not taken into account. This could explain why Halifax put the national average house price some \u00a320,000 lower that the ODPM in November, at just under \u00a3140,000.</p> <p>A spokeswoman at the ODPM said: \"Prices in November 2003 fell slightly compared with October 2003, partly due to seasonal factors as the series is not seasonally adjusted and also partly due to falls in prices in the southern regions.\"</p>",
      "wordcount": "272",
      "commentable": "false",
      "isPremoderated": "false",
      "lastModified": "2017-09-20T21:47:19Z",
      "newspaperEditionDate": "2004-01-12T00:00:00Z",
      "productionOffice": "UK",
      "publication": "theguardian.com",
      "shortUrl": "https://gu.com/p/7adt",
      "shouldHideAdverts": "false",
      "showInRelatedContent": "true",
      "legallySensitive": "false",
      "lang": "en",
      "bodyText": "House prices fell by 1.1% between October and November 2003, according to the house price index published by the Office of the Deputy Prime Minister. The ODPM found that property inflation slowed to 9.7% in November 2003 from 12.1% in October, causing the average house price to fall from \u00a3161,567 in October to \u00a3159,480 in November. First-time buyers were paying an average \u00a3124,346 for their homes, while current owner-occupiers paid an average \u00a3183,103. Despite a slight fall in house prices across the country as a whole, prices in London rose by 5.2%, with the average house costing \u00a3241,385, not surprisingly the highest figure in the country. The lowest prices were seen in the north-east, where the average house is priced at \u00a3101,493. The ODPM bases its report on around 25,000 completed home sales from around 50 different lenders, while reports from lenders such as Halifax are based on mortgages agreed by the lenders, giving much smaller samples. However, unlike the figures published by the likes of Halifax, the ODPM does not 'seasonally adjust' its results, so that peaks and troughs in the housing market highs and lows seen throughout the year are not taken into account. This could explain why Halifax put the national average house price some \u00a320,000 lower that the ODPM in November, at just under \u00a3140,000. A spokeswoman at the ODPM said: \"Prices in November 2003 fell slightly compared with October 2003, partly due to seasonal factors as the series is not seasonally adjusted and also partly due to falls in prices in the southern regions.\"",
      "charCount": "1563"
    },
    "isHosted": false,
    "pillarId": "pillar/news",
    "pillarName": "News"
  },
  {
    "id": "media/2004/jan/12/rupertmurdoch.broadcasting",
    "type": "article",
    "sectionId": "media",
    "sectionName": "Media",
    "webPublicationDate": "2004-01-12T12:13:02Z",
    "webTitle": "Reality soap opera that may never end",
    "webUrl": "https://www.theguardian.com/media/2004/jan/12/rupertmurdoch.broadcasting",
    "apiUrl": "https://content.guardianapis.com/media/2004/jan/12/rupertmurdoch.broadcasting",
    "fields": {
      "headline": "Forever on TV: reality soap opera that may never end",
      "trailText": "<p>If you think today's reality television shows go on forever, you have seen nothing yet. Rupert Murdoch's Fox television is planning a new variant of the cut-price phenomenon that might literally never end, reports <strong>Julian Borger</strong>.</p>",
      "byline": "Julian Borger in Washington",
      "main": "",
      "body": "<p>If you think today's reality television shows go on forever, you have seen nothing yet. Rupert Murdoch's Fox television is planning a new variant of the cut-price phenomenon that might literally never end. </p> <p>Forever Eden, which is due to begin this spring, will take a group of unmarried people on an open-ended detour from their lives, transplanting them in a luxury resort abroad and letting them get on with everything attractive, fun-loving single men and women might be expected to do when paid to spend the rest of their days on the beach or in bars. </p> <p>\"These people could be on the air for six months, a year or three years,\" Mike Darnell, Fox's head of alternative programming, told Variety magazine. \"If you want to stay and you play your cards right, you could be on the air forever. It's the first real try at a reality soap opera.\" </p> <p>The series is bound to invite comparisons with the 1998 film, The Truman Show, in which Jim Carrey plays the title role as a man who unwittingly spends his life in a reality TV bubble. </p> <p>\"The idea is they are not going on a reality show. They are actually divorcing themselves from their lives,\" Mr Darnell said in another interview. </p> <p>The contestants, who will have no contact with the outside world, will be kicked out of their television paradise at the whim of the producers. </p> <p>It is fair to expect that flamboyant and flirtatious behaviour will be rewarded, while any participant who decided to lock himself in their room to meditate or write a major American novel will not last long. Earnings will depend on longevity, and contestants who leave Forever Eden before their time is up risk losing their money. </p> <p>\"Even though they are living in luxury and it's going to be wonderful, we are going to introduce elements to make it not so wonderful,\" Mr Darnell said. \"Surprise guests may arrive, who are there to stir things up, who won't necessarily be members of the cast, but could be people from their past.\" </p> <p>Casting the show has already begun, but it is unclear how big the ultimate cast will be. Fox has committed itself initially to 25 episodes. After that, Forever will last as long as television viewers keep watching.</p>",
      "newspaperPageNumber": "1",
      "wordcount": "381",
      "commentable": "false",
      "isPremoderated": "false",
      "lastModified": "2016-08-11T21:04:55Z",
      "newspaperEditionDate": "2004-01-12T00:00:00Z",
      "productionOffice": "UK",
      "publication": "theguardian.com",
      "shortUrl": "https://gu.com/p/7ad2",
      "shouldHideAdverts": "false",
      "showInRelatedContent": "true",
      "legallySensitive": "false",
      "lang": "en",
      "bodyText": "If you think today's reality television shows go on forever, you have seen nothing yet. Rupert Murdoch's Fox television is planning a new variant of the cut-price phenomenon that might literally never end. Forever Eden, which is due to begin this spring, will take a group of unmarried people on an open-ended detour from their lives, transplanting them in a luxury resort abroad and letting them get on with everything attractive, fun-loving single men and women might be expected to do when paid to spend the rest of their days on the beach or in bars. \"These people could be on the air for six months, a year or three years,\" Mike Darnell, Fox's head of alternative programming, told Variety magazine. \"If you want to stay and you play your cards right, you could be on the air forever. It's the first real try at a reality soap opera.\" The series is bound to invite comparisons with the 1998 film, The Truman Show, in which Jim Carrey plays the title role as a man who unwittingly spends his life in a reality TV bubble. \"The idea is they are not going on a reality show. They are actually divorcing themselves from their lives,\" Mr Darnell said in another interview. The contestants, who will have no contact with the outside world, will be kicked out of their television paradise at the whim of the producers. It is fair to expect that flamboyant and flirtatious behaviour will be rewarded, while any participant who decided to lock himself in their room to meditate or write a major American novel will not last long. Earnings will depend on longevity, and contestants who leave Forever Eden before their time is up risk losing their money. \"Even though they are living in luxury and it's going to be wonderful, we are going to introduce elements to make it not so wonderful,\" Mr Darnell said. \"Surprise guests may arrive, who are there to stir things up, who won't necessarily be members of the cast, but could be people from their past.\" Casting the show has already begun, but it is unclear how big the ultimate cast will be. Fox has committed itself initially to 25 episodes. After that, Forever will last as long as television viewers keep watching.",
      "charCount": "2161"
    },
    "isHosted": false,
    "pillarId": "pillar/news",
    "pillarName": "News"
  },
  {
    "id": "news/2004/jan/12/wrap.seanclarke",
    "type": "article",
    "sectionId": "uk-news",
    "sectionName": "UK news",
    "webPublicationDate": "2004-01-12T09:54:56Z",
    "webTitle": "Blair scrutinised",
    "webUrl": "https://www.theguardian.com/news/2004/jan/12/wrap.seanclarke",
    "apiUrl": "https://content.guardianapis.com/news/2004/jan/12/wrap.seanclarke",
    "fields": {
      "headline": "Blair scrutinised",
      "standfirst": "Also in today's Wrap:  Blair cagey on WMD, Bush was 'demanded excuse' to invade Iraq, and Kilroy-Silk turns his anger on the BBC",
      "trailText": "Also in today's Wrap:  Blair cagey on WMD, Bush was 'demanded excuse' to invade Iraq, and Kilroy-Silk turns his anger on the BBC",
      "byline": "Sean Clarke",
      "main": "",
      "body": "Welcome to the Wrap, Guardian Unlimited's round-up of the best of the day's papers. <p> <b>'FATIGUED' BLAIR UNDER SCRUTINY</b></p> <p>Martin Rowson's Guardian cartoon sums up the paper's response to a wide-ranging but rather inconclusive interview with Tony Blair yesterday.</p> <p>Depicting the Breakfast with Frost interview in which the prime minister defended his record and plans on a range of issues, it carries the title \"Setting the news agenda...\" Mr Frost asks \"Zo, prime minizder, having speguladed meaninglessly aboud top-up fees, an before we spegulade meaninglessly about Huddon, whad'yew make of the ladest spegulation thad you intend to hand over Roberd Kilroy-Zilk's oil reserves as a goodwill gesture to the Arab world?\" (Mr Kilroy-Silk outraged some commentators with an anti-Arab rant in the Sunday Express last week.)</p> <p>Mr Blair replies: \"Um, y'know, hi!\" In fact, most papers allow Mr Blair to set their news agenda, though you'd hardly know they'd all seen the same interview.</p> <p>The FT and Telegraph present very different pictures (although the same steely-eyed photo) of the prime minister. The FT describes Mr Blair as \"defiant\" and \"combative\", and concentrates on the two issues most likely to create news in the coming weeks: the outcome of the Hutton inquiry, and the government's plan for university tuition fees. On both fronts, it presents a picture of a PM \"determined\" to \"raise the stakes\" over challenges to his authority, although it does concede that he has left himself some \"room for manoeuvre\", in part by declining to commit to a full Commons debate on the Hutton report.</p> <p>The Telegraph meanwhile concentrates on Mr Blair's weakness, saying he admitted to being \"fatigued\" and \"feeling the strain\". Nor does the paper fail to get in an early reference to recent \"health scares\", before alluding to \"speculation\" that he might step down earlier than expected. Who might be fuelling such speculation?</p> <p>The Times picks up on Mr Blair's remark that if parliament rejected his plans for higher education, it would be \"a complete betrayal of the proper interests of the country\" - a message clearly intended for the \"rebels\" who are betraying \"the nation\". William Rees-Mogg chimes in on the comment pages in support of Mr Blair, drawing, naturally enough, on the lessons of the fall of the Soviet Union.</p> <p>The Guardian, and to a lesser extent the Independent, pick up on some of Mr Blair's vaguer responses to questions about the Iraq war. Mr Blair said that we would have to \"wait and see\" whether weapons of mass destruction will be found, and when asked if that meant the claim was wrong, answered that \"you can't say that at this point in time\". The paper describes the remarks as \"his first admission of fallibility over the central justification he gave for going to war with Iraq.\"</p> <p>* <a href=\"http://www.theguardian.com/Education/students/tuitionfees/story/0,12757,1121007,00.html\">PM starts campaign to woo fee rebels</a><br> * <a href=\"http://news.ft.com/servlet/ContentServer?pagename=FT.com/StoryFT/FullStory&amp;c=StoryFT&amp;cid=1073280941891&amp;p=1012571727085\">FT: Blair defiant on fees and Hutton</a><br> * <a href=\"http://www.telegraph.co.uk/news/main.jhtml;$sessionid$CSV2ZHCCW2NBRQFIQMFCFF4AVCBQYIV0?xml=/news/2004/01/12/nblair12.xml&amp;sSheet=/portal/2004/01/12/ixportaltop.html\">Telegraph: Blair admits fatigue</a><br> * <a href=\"http://www.timesonline.co.uk/article/0,,2-960678,00.html\">Times: William Rees-Mogg</a></p> <p> <b>BUSH 'DETERMINED' TO INVADE IRAQ</b></p> <p>Meanwhile, further controversy stalks the reasons for, and conduct of, the occupation of Iraq. The Independent sidelines Mr Blair's WMD remarks in favour of more thrilling evidence of warlike conspiracies in the US. Former US treasury secretary Paul O'Neill has said in a new book that President Bush was hell-bent on an invasion of Iraq from the moment he came to power, instructing his cabinet at their first meeting \"Go find me a way to do this\".</p> <p>There is bad news on two fronts for the British army in reports from the Telegraph. Firstly, the paper reports on the resignation of Col Tim Collins, a high-ranking British officer famous for a speech to troops just before the war, and later accused - and exonerated - of mistreating Iraqi prisoners. Col Collins has resigned his commission with comments that the army is \"becoming a cottage industry\" unworthy of the world's fourth biggest economy, and that it is being \"crippled by political correctness, petty bureacracy and the refusal of politicians who send British soldiers to war to give them enough money to do their job.\" </p> <p>British soldiers in Iraq yesterday led a baton-charge against stone-throwing protesters in the southern city of Amara, after further protests. On Saturday Iraqi police fired on protesters and were supported by British troops. At least five Iraqis died.</p> <p>* <a href=\"http://www.theguardian.com/Iraq/Story/0,2763,1120996,00.html\">Blair: WMD may never be found</a><br> * <a href=\"http://news.independent.co.uk/world/americas/story.jsp?story=480363\">Independent: Bush was demanding excuse to invade Iraq in January 2001</a><br> * <a href=\"http://www.telegraph.co.uk/news/main.jhtml?xml=/news/2004/01/12/ncoll12.xml&amp;sSheet=/news/2004/01/12/ixnewstop.html\">Telegraph: Army high-flyer resigns</a></p> <p><b>KILROY-SILK ATTACKS BBC</b></p> <p>The Independent mounts the most thorough-going - and sometimes surprising - coverage of the Kilroy-Silk affair. It leads with remarks by Trevor Phillips, head of the Commission for Racial Equality, that Mr Kilroy-Silk should stop \"posing as a '24-carat martyr'.\"</p> <p>The television presenter launched an attack on the BBC in yesterday's Sunday Express after the corporation suspended his television programme after he described Arabs as \"suicide bombers and women-oppressors\" in an article in the previous week's paper. </p> <p>The Independent says the article may also have a bearing on whether the Express group's owner Richard Desmond is allowed to bid for the Daily Telegraph, which observers believe will shortly be put up for sale by its embattled current proprietor Conrad Black. It says \"ministers and regulators will apply a public interest test\" in the event of a bid, and that this latest controversy will add to other concerns about Mr Desmond.</p> <p>The Kilroy-Silk affair is tailor-made for the Independent's star columnist, Yasmin Alibhai-Brown, but she doesn't deal with it in the quite the way you might expect - instead calling on Muslims to embrace reasoned criticism, and shy away from \"unhealthy self-justification\".</p> <p>* <a href=\"http://www.theguardian.com/Media/broadcast/story/0,7493,1120953,00.html\">BBC let me down, says defensive Kilroy-Silk</a><br> * <a href=\"http://news.independent.co.uk/uk/media/story.jsp?story=480360\">Independent: Kilroy urged to make amends</a></p> <p> <b>IRANIAN CLERICS STAGE COUP</b></p> <p>Iranian clerics have staged \"an illegal coup\" in barring hundreds of reformists from candidacy at next month's parliamentary elections, according to one of the banned politicians quoted in the Telegraph.</p> <p>Eighty-five sitting MPs were among those barred from standing by the Guardian Council, \"an unelected body composed of mullahs overseeing the political system\". The reformist president Mohammad Khatami has called for calm, but said the measures were \"incompatible with democracy\". The paper says the move is designed to \"neuter\" reformist movements in Iran, but could \"reignite violent student-led protests\".</p> <p>In its leader column, it goes even further, saying this could be \"the last straw\" for ordinary Iranians who hold the Ayatollah Khamenei in \"contempt\". \"Regime change in Iran,\" it concludes, \"is not inconceivable.\"</p> <p>* <a href=\"http://www.theguardian.com/iran/story/0,12858,1120995,00.html\">Iran MPs protest at election ban</a><br> * <a href=\"http://www.telegraph.co.uk/opinion/main.jhtml;$sessionid$CSV2ZHCCW2NBRQFIQMFCFF4AVCBQYIV0?xml=/opinion/2004/01/12/dl1202.xml&amp;sSheet=/portal/2004/01/12/ixportal.html\">Telegraph: Overmighty mullahs</a> </p> <p><b>CHEAPER DRUGS, MORE CAMERAS</b></p> <p>With the exception of the interview with Mr Blair, the front pages find little consensus. Each gives prominence to stories that merit only brief write-ups buried in the home pages of their colleagues. The Times concentrates on plans to \"scrap the council tax in its present form\" by imposing higher charges on \"expensive homes in London and the south-east\" and lower bills for those in the north. It says the idea is to \"relieve the lower middle classes\". </p> <p>\"Cut-price drugs\" are exercising the Telegraph and the Liberal Democrats, after figures from the National Criminal Intelligence Services suggested that cocaine is now 29% cheaper than in 1997, and heroin 18% cheaper. The paper says the larger amounts being seized by customs are evidence not of greater efficiency, but of a greatly increased volume of traffic.</p> <p>The rules governing the use of CCTV in \"Big Brother Britain\" are, says the Independent \"the most lax in the world\" as the sheer numbers of cameras also make us the most closely observed nation on the planet. </p> <p>* <a href=\"http://www.timesonline.co.uk/article/0,,2-960678,00.html\">Times: Council tax shake-up to hit the rich</a><br> * <a href=\"http://www.telegraph.co.uk/news/main.jhtml?xml=/news/2004/01/12/ndrugs12.xml&amp;sSheet=/news/2004/01/12/ixnewstop.html\">Telegraph: Drug prices tumble</a><br> * <a href=\"http://news.independent.co.uk/uk/this_britain/story.jsp?story=480364\">Independent: Big Brother Britain, 2004</a></p> <p><b>LONDON'S BLOOMING </b></p> <p>A beautiful sun-drenched photograph of London heads a rosy trio of reports in the FT. Profitability is growing at the fastest rate for three years in the City's financial services sector, according to a report by the CBI, while London's economic recovery generally is \"underlined\" by an increase in tube use and tourist numbers, according to a report from the London mayor's economics team. Unemployment is also falling in the GLA area. Lastly, the Film Council says spending on film production in the UK more than doubled last year, to GBP1.17bn.</p> <p>If that's all too sunny for you, turn to the retail coverage in the Telegraph. Following the news that the high-street chemist chain Boots will announce 1,000 job losses at head office, the paper analyses the likely content of trading statements from other retailers this week, forecasting gloom for Marks and Spencer, Woolworths and Dixons, though Tesco's results may be more encouraging.</p> <p>* <a href=\"http://www.theguardian.com/business\">More business news</a><br> * <a href=\"http://www.telegraph.co.uk/money/main.jhtml?xml=/money/2004/01/11/cnboots11.xml&amp;menuId=242&amp;sSheet=/money/2004/01/12/ixcity.html\">Telegraph: Boots to axe 1,000 jobs</a></p> <p><b>TIM HOWARD'S CONTROVERSIAL TRANSFER</b></p> <p>Manchester United keeper Tim Howard finds himself at the centre of controversy in both the news and sport pages of the Guardian. The news report picks up on a Sunday Times story drawing attention to links between Mike Morris, an agent who worked on Howard's transfer to the club, and Jason Ferguson, the Man United manager's son, who is also an agent.</p> <p>The Football Association has said it will investigate the payments, though the papers says a charge is unlikely as there is no suggestion that the club has broken the letter of any regulations.</p> <p>On the pitch at Old Trafford yesterday, Howard's dubious challenge on Newcastle striker Alan Shearer went unpunished, depriving the visiting team of a chance to break the 0 - 0 deadlock. The Guardian quotes Shearer's angry verdict on the decision. \"If I was playing in red it would have been a certain penalty.\" The referee, Paul Durkin, admitted that contact had been made, and said he was \"disappointed\" with his own call. </p> <p>* <a href=\"http://football.theguardian.com/News_Story/0,1563,1120925,00.html\">Club acts in 'plot' against Ferguson</a><br> * <a href=\"http://football.theguardian.com/Match_Report/0,1527,1120931,00.html\">United wilt but claw their way back to the top</a></p> <p> <b>SUN BREAKS THE ICE</b></p> <p>The battle of the tabloid sub-editors is comfortably won by the Sun's coverage of Fiona Thornewill, a British woman who on Saturday beat the record for trekking to the South Pole. In a burst of feminist feeling, the paper salutes her as \"Sister Sledge\", and allows its \"woman editor\" to declare her \"a pole model\" to other women.</p> <p>Like the FT, the Sun is full of good news today, not least the finding by a Cambridge don that \"lust is good for you\". The Sun happily concurs, and offers us a \"reason to be leerful\" with a picture of a weather girl in her undies.</p> <p>* <a href=\"http://www.thesun.co.uk/article/0,,2-2004012666,00.html\">Sun: Brit breaks polar record</a> </p> <p><b> COMING UP ON GUARDIAN UNLIMITED TODAY</b></p> <p>&gt;&gt;&gt; <a href=\"http://www.societytheguardian.com\">The NHS has contracted a South African firm to provide two mobile treatment centres performing cataract operations on NHS patients</a>.</p> <p>&gt;&gt;&gt; <a href=\"http://www.theguardian.com/weather\">Britain should escape a battering by severe gale force winds today, but a storm expected to reach the south of the country tonight will be worse than expected, forecasters have warned</a>.</p> <p>&gt;&gt;&gt; <a href=\"http://media.theguardian.com/presspublishing/story/0,7495,1119883,00.html\">The Sun's circulation has fallen to its lowest level in 30 years, a blow to Rebekah Wade on her first anniversary as editor</a>.</p>",
      "wordcount": "1824",
      "commentable": "false",
      "isPremoderated": "false",
      "lastModified": "2004-01-12T09:54:56Z",
      "newspaperEditionDate": "2004-01-12T00:00:00Z",
      "productionOffice": "UK",
      "publication": "theguardian.com",
      "shortUrl": "https://gu.com/p/z67e",
      "shouldHideAdverts": "false",
      "showInRelatedContent": "true",
      "legallySensitive": "false",
      "lang": "en",
      "bodyText": "Welcome to the Wrap, Guardian Unlimited's round-up of the best of the day's papers. 'FATIGUED' BLAIR UNDER SCRUTINY Martin Rowson's Guardian cartoon sums up the paper's response to a wide-ranging but rather inconclusive interview with Tony Blair yesterday. Depicting the Breakfast with Frost interview in which the prime minister defended his record and plans on a range of issues, it carries the title \"Setting the news agenda...\" Mr Frost asks \"Zo, prime minizder, having speguladed meaninglessly aboud top-up fees, an before we spegulade meaninglessly about Huddon, whad'yew make of the ladest spegulation thad you intend to hand over Roberd Kilroy-Zilk's oil reserves as a goodwill gesture to the Arab world?\" (Mr Kilroy-Silk outraged some commentators with an anti-Arab rant in the Sunday Express last week.) Mr Blair replies: \"Um, y'know, hi!\" In fact, most papers allow Mr Blair to set their news agenda, though you'd hardly know they'd all seen the same interview. The FT and Telegraph present very different pictures (although the same steely-eyed photo) of the prime minister. The FT describes Mr Blair as \"defiant\" and \"combative\", and concentrates on the two issues most likely to create news in the coming weeks: the outcome of the Hutton inquiry, and the government's plan for university tuition fees. On both fronts, it presents a picture of a PM \"determined\" to \"raise the stakes\" over challenges to his authority, although it does concede that he has left himself some \"room for manoeuvre\", in part by declining to commit to a full Commons debate on the Hutton report. The Telegraph meanwhile concentrates on Mr Blair's weakness, saying he admitted to being \"fatigued\" and \"feeling the strain\". Nor does the paper fail to get in an early reference to recent \"health scares\", before alluding to \"speculation\" that he might step down earlier than expected. Who might be fuelling such speculation? The Times picks up on Mr Blair's remark that if parliament rejected his plans for higher education, it would be \"a complete betrayal of the proper interests of the country\" - a message clearly intended for the \"rebels\" who are betraying \"the nation\". William Rees-Mogg chimes in on the comment pages in support of Mr Blair, drawing, naturally enough, on the lessons of the fall of the Soviet Union. The Guardian, and to a lesser extent the Independent, pick up on some of Mr Blair's vaguer responses to questions about the Iraq war. Mr Blair said that we would have to \"wait and see\" whether weapons of mass destruction will be found, and when asked if that meant the claim was wrong, answered that \"you can't say that at this point in time\". The paper describes the remarks as \"his first admission of fallibility over the central justification he gave for going to war with Iraq.\" * PM starts campaign to woo fee rebels * FT: Blair defiant on fees and Hutton * Telegraph: Blair admits fatigue * Times: William Rees-Mogg BUSH 'DETERMINED' TO INVADE IRAQ Meanwhile, further controversy stalks the reasons for, and conduct of, the occupation of Iraq. The Independent sidelines Mr Blair's WMD remarks in favour of more thrilling evidence of warlike conspiracies in the US. Former US treasury secretary Paul O'Neill has said in a new book that President Bush was hell-bent on an invasion of Iraq from the moment he came to power, instructing his cabinet at their first meeting \"Go find me a way to do this\". There is bad news on two fronts for the British army in reports from the Telegraph. Firstly, the paper reports on the resignation of Col Tim Collins, a high-ranking British officer famous for a speech to troops just before the war, and later accused - and exonerated - of mistreating Iraqi prisoners. Col Collins has resigned his commission with comments that the army is \"becoming a cottage industry\" unworthy of the world's fourth biggest economy, and that it is being \"crippled by political correctness, petty bureacracy and the refusal of politicians who send British soldiers to war to give them enough money to do their job.\" British soldiers in Iraq yesterday led a baton-charge against stone-throwing protesters in the southern city of Amara, after further protests. On Saturday Iraqi police fired on protesters and were supported by British troops. At least five Iraqis died. * Blair: WMD may never be found * Independent: Bush was demanding excuse to invade Iraq in January 2001 * Telegraph: Army high-flyer resigns KILROY-SILK ATTACKS BBC The Independent mounts the most thorough-going - and sometimes surprising - coverage of the Kilroy-Silk affair. It leads with remarks by Trevor Phillips, head of the Commission for Racial Equality, that Mr Kilroy-Silk should stop \"posing as a '24-carat martyr'.\" The television presenter launched an attack on the BBC in yesterday's Sunday Express after the corporation suspended his television programme after he described Arabs as \"suicide bombers and women-oppressors\" in an article in the previous week's paper. The Independent says the article may also have a bearing on whether the Express group's owner Richard Desmond is allowed to bid for the Daily Telegraph, which observers believe will shortly be put up for sale by its embattled current proprietor Conrad Black. It says \"ministers and regulators will apply a public interest test\" in the event of a bid, and that this latest controversy will add to other concerns about Mr Desmond. The Kilroy-Silk affair is tailor-made for the Independent's star columnist, Yasmin Alibhai-Brown, but she doesn't deal with it in the quite the way you might expect - instead calling on Muslims to embrace reasoned criticism, and shy away from \"unhealthy self-justification\". * BBC let me down, says defensive Kilroy-Silk * Independent: Kilroy urged to make amends IRANIAN CLERICS STAGE COUP Iranian clerics have staged \"an illegal coup\" in barring hundreds of reformists from candidacy at next month's parliamentary elections, according to one of the banned politicians quoted in the Telegraph. Eighty-five sitting MPs were among those barred from standing by the Guardian Council, \"an unelected body composed of mullahs overseeing the political system\". The reformist president Mohammad Khatami has called for calm, but said the measures were \"incompatible with democracy\". The paper says the move is designed to \"neuter\" reformist movements in Iran, but could \"reignite violent student-led protests\". In its leader column, it goes even further, saying this could be \"the last straw\" for ordinary Iranians who hold the Ayatollah Khamenei in \"contempt\". \"Regime change in Iran,\" it concludes, \"is not inconceivable.\" * Iran MPs protest at election ban * Telegraph: Overmighty mullahs CHEAPER DRUGS, MORE CAMERAS With the exception of the interview with Mr Blair, the front pages find little consensus. Each gives prominence to stories that merit only brief write-ups buried in the home pages of their colleagues. The Times concentrates on plans to \"scrap the council tax in its present form\" by imposing higher charges on \"expensive homes in London and the south-east\" and lower bills for those in the north. It says the idea is to \"relieve the lower middle classes\". \"Cut-price drugs\" are exercising the Telegraph and the Liberal Democrats, after figures from the National Criminal Intelligence Services suggested that cocaine is now 29% cheaper than in 1997, and heroin 18% cheaper. The paper says the larger amounts being seized by customs are evidence not of greater efficiency, but of a greatly increased volume of traffic. The rules governing the use of CCTV in \"Big Brother Britain\" are, says the Independent \"the most lax in the world\" as the sheer numbers of cameras also make us the most closely observed nation on the planet. * Times: Council tax shake-up to hit the rich * Telegraph: Drug prices tumble * Independent: Big Brother Britain, 2004 LONDON'S BLOOMING A beautiful sun-drenched photograph of London heads a rosy trio of reports in the FT. Profitability is growing at the fastest rate for three years in the City's financial services sector, according to a report by the CBI, while London's economic recovery generally is \"underlined\" by an increase in tube use and tourist numbers, according to a report from the London mayor's economics team. Unemployment is also falling in the GLA area. Lastly, the Film Council says spending on film production in the UK more than doubled last year, to GBP1.17bn. If that's all too sunny for you, turn to the retail coverage in the Telegraph. Following the news that the high-street chemist chain Boots will announce 1,000 job losses at head office, the paper analyses the likely content of trading statements from other retailers this week, forecasting gloom for Marks and Spencer, Woolworths and Dixons, though Tesco's results may be more encouraging. * More business news * Telegraph: Boots to axe 1,000 jobs TIM HOWARD'S CONTROVERSIAL TRANSFER Manchester United keeper Tim Howard finds himself at the centre of controversy in both the news and sport pages of the Guardian. The news report picks up on a Sunday Times story drawing attention to links between Mike Morris, an agent who worked on Howard's transfer to the club, and Jason Ferguson, the Man United manager's son, who is also an agent. The Football Association has said it will investigate the payments, though the papers says a charge is unlikely as there is no suggestion that the club has broken the letter of any regulations. On the pitch at Old Trafford yesterday, Howard's dubious challenge on Newcastle striker Alan Shearer went unpunished, depriving the visiting team of a chance to break the 0 - 0 deadlock. The Guardian quotes Shearer's angry verdict on the decision. \"If I was playing in red it would have been a certain penalty.\" The referee, Paul Durkin, admitted that contact had been made, and said he was \"disappointed\" with his own call. * Club acts in 'plot' against Ferguson * United wilt but claw their way back to the top SUN BREAKS THE ICE The battle of the tabloid sub-editors is comfortably won by the Sun's coverage of Fiona Thornewill, a British woman who on Saturday beat the record for trekking to the South Pole. In a burst of feminist feeling, the paper salutes her as \"Sister Sledge\", and allows its \"woman editor\" to declare her \"a pole model\" to other women. Like the FT, the Sun is full of good news today, not least the finding by a Cambridge don that \"lust is good for you\". The Sun happily concurs, and offers us a \"reason to be leerful\" with a picture of a weather girl in her undies. * Sun: Brit breaks polar record COMING UP ON GUARDIAN UNLIMITED TODAY &gt;&gt;&gt; The NHS has contracted a South African firm to provide two mobile treatment centres performing cataract operations on NHS patients. &gt;&gt;&gt; Britain should escape a battering by severe gale force winds today, but a storm expected to reach the south of the country tonight will be worse than expected, forecasters have warned. &gt;&gt;&gt; The Sun's circulation has fallen to its lowest level in 30 years, a blow to Rebekah Wade on her first anniversary as editor.",
      "charCount": "11106"
    },
    "isHosted": false,
    "pillarId": "pillar/news",
    "pillarName": "News"
  },
  {
    "id": "business/2004/jan/12/oilandpetrol.news",
    "type": "article",
    "sectionId": "business",
    "sectionName": "Business",
    "webPublicationDate": "2004-01-12T02:48:48Z",
    "webTitle": "Shell debacle leads to call for outside audits",
    "webUrl": "https://www.theguardian.com/business/2004/jan/12/oilandpetrol.news",
    "apiUrl": "https://content.guardianapis.com/business/2004/jan/12/oilandpetrol.news",
    "fields": {
      "headline": "Shell debacle leads to call for outside audits",
      "trailText": "<p>Oil companies are facing calls for a crackdown in the way they handle their oil and gas reserve figures in the wake of Friday's shock announcement from Shell. </p>",
      "byline": "Terry Macalister",
      "main": "",
      "body": "<p>Oil companies are facing calls for a crackdown in the way they handle their oil and gas reserve figures in the wake of Friday's shock announcement from Shell. </p> <p>Given their importance as indicators of overall performance, outside auditors should check oil company figures, say respected energy consultants Wood Mackenzie. </p> <p>Shell last week shocked investors by revealing a 20% cut in its proved reserve base after admitting it had overstated the potential of the Gorgon LNG scheme in Australia and its Nigerian operations. </p> <p>The Shell share price slumped 7.5% to 371.25p, wiping \u00a33bn off its market value, and other shares in the sector were also hit. The Shell changes mean nearly 4bn barrels of oil and gas have to be reclassified to comply with securities and exchange commission rules in the United States. </p> <p>This means the oil company's organic reserve replacement performance in 1997-2002 falls from 105% to 57%, says Wood Mackenzie. Comparative figures from BP and ExxonMobil are 152% and 116%. </p> <p>The changes also affect Shell's finding and development costs per barrel, pushing them up over the five years from $4.27 a barrel to $7.90, which compares with $3.73 at BP and $3.93 at Exxon. </p> <p>Shell declined to comment on these figures last night, saying it had promised to deliver its own analysis on the historical impact of the changes in due course. \"We are still doing work on this,\" said a spokesman. </p> <p>The downgrades do not affect operational performance or future growth prospects but are vital because they are used as performance benchmarks. They also hurt Shell's reputation for prudence. </p> <p>While Shell booked the reserves for Gorgon in 1997, before a final decision to proceed with the project was made, its partner and scheme operator, ChevronTexaco, did not. </p> <p>A final investment decision has not yet been made, and although it is expected soon, no reserves should have been booked until the green light was given, says Wood Mackenzie. </p> <p>\"We believe that the current situation points to a need for greater transparency in the reporting of reserves ... There is likely to be a call for third-party certification of reserves.\" </p> <p>The furore has put the spotlight on Shell chairman Sir Philip Watts, who was head of the exploration and production unit at the time the Gorgon results were booked. </p> <p>The fact that neither he nor financial director Judy Boynton were present at the crucial meeting last week has increased anger among investors and led to calls for Sir Philip to bring forward his retirement from June 30 2005. </p> <p>Shell says it would have been inappropriate for them to present the figures because the group is in a close period ahead of a February 5 announcement on fourth-quarter results - at which Sir Philip and Ms Boynton will be present.</p>",
      "newspaperPageNumber": "22",
      "wordcount": "464",
      "commentable": "false",
      "isPremoderated": "false",
      "lastModified": "2004-01-12T02:48:48Z",
      "newspaperEditionDate": "2004-01-12T00:00:00Z",
      "productionOffice": "UK",
      "publication": "theguardian.com",
      "shortUrl": "https://gu.com/p/daeq",
      "shouldHideAdverts": "false",
      "showInRelatedContent": "true",
      "legallySensitive": "false",
      "lang": "en",
      "bodyText": "Oil companies are facing calls for a crackdown in the way they handle their oil and gas reserve figures in the wake of Friday's shock announcement from Shell. Given their importance as indicators of overall performance, outside auditors should check oil company figures, say respected energy consultants Wood Mackenzie. Shell last week shocked investors by revealing a 20% cut in its proved reserve base after admitting it had overstated the potential of the Gorgon LNG scheme in Australia and its Nigerian operations. The Shell share price slumped 7.5% to 371.25p, wiping \u00a33bn off its market value, and other shares in the sector were also hit. The Shell changes mean nearly 4bn barrels of oil and gas have to be reclassified to comply with securities and exchange commission rules in the United States. This means the oil company's organic reserve replacement performance in 1997-2002 falls from 105% to 57%, says Wood Mackenzie. Comparative figures from BP and ExxonMobil are 152% and 116%. The changes also affect Shell's finding and development costs per barrel, pushing them up over the five years from $4.27 a barrel to $7.90, which compares with $3.73 at BP and $3.93 at Exxon. Shell declined to comment on these figures last night, saying it had promised to deliver its own analysis on the historical impact of the changes in due course. \"We are still doing work on this,\" said a spokesman. The downgrades do not affect operational performance or future growth prospects but are vital because they are used as performance benchmarks. They also hurt Shell's reputation for prudence. While Shell booked the reserves for Gorgon in 1997, before a final decision to proceed with the project was made, its partner and scheme operator, ChevronTexaco, did not. A final investment decision has not yet been made, and although it is expected soon, no reserves should have been booked until the green light was given, says Wood Mackenzie. \"We believe that the current situation points to a need for greater transparency in the reporting of reserves ... There is likely to be a call for third-party certification of reserves.\" The furore has put the spotlight on Shell chairman Sir Philip Watts, who was head of the exploration and production unit at the time the Gorgon results were booked. The fact that neither he nor financial director Judy Boynton were present at the crucial meeting last week has increased anger among investors and led to calls for Sir Philip to bring forward his retirement from June 30 2005. Shell says it would have been inappropriate for them to present the figures because the group is in a close period ahead of a February 5 announcement on fourth-quarter results - at which Sir Philip and Ms Boynton will be present.",
      "charCount": "2744"
    },
    "isHosted": false,
    "pillarId": "pillar/news",
    "pillarName": "News"
  },
  {
    "id": "world/2004/jan/12/usa.books",
    "type": "article",
    "sectionId": "world",
    "sectionName": "World news",
    "webPublicationDate": "2004-01-12T02:48:44Z",
    "webTitle": "Bush decided to remove Saddam 'on day one'",
    "webUrl": "https://www.theguardian.com/world/2004/jan/12/usa.books",
    "apiUrl": "https://content.guardianapis.com/world/2004/jan/12/usa.books",
    "fields": {
      "headline": "Bush decided to remove Saddam 'on day one'",
      "standfirst": "Former aide says US president made up his mind to go to war with Iraq long before 9/11, then ordered his staff to find an excuse",
      "trailText": "Former aide says US president made up his mind to go to war with Iraq long before 9/11, then ordered his staff to find an excuse.",
      "byline": "Julian Borger in Washington",
      "main": "",
      "body": "In the Bush White House, Paul O'Neill was the bespectacled swot in a class of ideological bullies who eventually kicked him out for raising too many uncomfortable questions. Now, 13 months later at a critical moment for the president, the nerd is having his revenge. <p>Mr O'Neill's account of his two years as Treasury secretary, told in a book published tomorrow and in a series of interviews over the weekend, is a startling tale of an administration nominally led by a disengaged figurehead president but driven by a \"praetorian guard\" of hardline rightwingers led by vice president Dick Cheney, ready to bend circumstances and facts to fit their political agenda. </p> <p>According to the former aluminium mogul and longstanding Republican moderate who was fired from the US Treasury in December 2002, the administration came to office determined to oust Saddam and used the September 11 attacks as a convenient justification. </p> <p>As Mr O'Neill, who sat in countless national security council meetings, describes the mood: \"It was all about finding a way to do it. The president saying 'Go find me a way to do this'.\" </p> <p>\"From the very beginning, there was a conviction that Saddam Hussein was a bad person and that he needed to go,\" Mr O'Neill told the CBS network programme, 60 Minutes. In the book, based largely on his recollections and written by an American journalist, Ron Suskind, Mr O'Neill said that even as far back as January 2001, when President Bush took office, no one in the NSC questioned the assumption that Iraq should be invaded. </p> <p>In the book, The Price of Loyalty: George W Bush, the White House, and the Education of Paul O'Neill, the author, Mr Suskind, quotes from memoranda preparing for a war dating to the first days of the administration. \"One of them marked 'secret' says 'Plan for Post-Saddam Iraq,'\" he told CBS television. </p> <p><b>Oil contracts</b><br> He quoted from a Pentagon document entitled \"Foreign Suitors For Iraqi Oilfield Contracts,\" which, he said, talks about carving the country's fuel reserves up between the world's oil companies. It talks about contractors around the world from ... 30, 40 countries and which ones have what intentions on oil in Iraq,\" Mr Suskind said. </p> <p>The administration, as described by Mr O'Neill, was equally fixated on granting unprecedented tax cuts to the nation's richest people who had bankrolled its election campaign. It was not prepared to listen to an anxious Treasury secretary warning of dangerously ballooning deficits. The president was \"clearly signing on to strong ideological positions that had not been fully thought through\", Mr O'Neill says. Moderates like himself, the secretary of state, Colin Powell, and Christine Todd Whitman, head of the Environmental Protection Agency, \"may have been there, in large part, as cover\" for a hardline agenda, he argues. Of that trio, only Mr Powell remains in the administration and he has privately made it clear he will not stay on for a second Bush term. </p> <p>Mr O'Neill's memoir is one of the most damning White House expos\u00e9s of recent times, and is already being quoted with relish by Democratic presidential contenders. It has sparked a furious damage limitation and denigration response by the president's aides, one of whom told Time magazine in a revealing comment: \"We didn't listen to him when he was there. Why should we now?\" </p> <p>White House aides have also pointed to Mr O'Neill's reputation as a gaffe-prone Treasury secretary, who at one point triggered a run on the dollar by suggesting that maintaining its strength was not a priority. </p> <p>Mr O'Neill says the president often did not have much to say at key discussions and it was the bullies of the Republican right who took over. After perceptions spread early in the administration that Vice President Dick Cheney and the Republicans' political mastermind, Karl Rove, were really making policy, the White House publicity machine dedicated itself to building Mr Bush up as a decisive leader. Presidential aides have \"leaked\" anecdotes to the press showing Mr Bush making tough decisions. In Bob Woodward's book Bush at War, based principally on the celebrated Washington journalist's interviews with the president and top officials, there is no doubt who is in charge as the nation faces its greatest challenge since Pearl Harbor. </p> <p>Mr O'Neill paints a very different picture. He describes Mr Bush as mostly silent and inscrutable during policy debates in cabinet, and says there was hardly any real interaction between president and his department heads. </p> <p>He describes those cabinet sessions as being \"like a blind man in a roomful of deaf people\". At the end of them, he said, cabinet members were left to make policy like \"blind man's bluff\" guessing what the president's wishes were. </p> <p>When the Treasury secretary went to the Oval Office for weekly discussions, he found he did all the talking. \"I wondered from the first, if the president didn't know the questions to ask,\" he tells Mr Suskind, \"or if he did know and just did not want to know the answers?\" </p> <p>The one time the president does become engaged in economic policy discussion in Mr Suskind's book, it is to question the orthodoxy of his own administration's policy during a White House discussion of a second round of tax cuts in November 2002, following triumphal midterm election results. </p> <p>According to Mr Suskind, who says he has a transcript of the meeting, the president asks: \"Haven't we already given money to rich people? This second tax cut's gonna do it again.\" </p> <p>The president suggests instead: \"Shouldn't we be giving money to the middle?\" But Mr Rove, who has masterminded Mr Bush's election campaigns since his days in Texas, jumps in at this point in the transcript to urge the president: \"Stick to principle. Stick to principle.\" </p> <p>\"He says it over and over again,\" Mr Suskind said. \"Don't waver.\" </p> <p>In his own account, Mr O'Neill discovers the hard line on tax cuts is coming from Mr Cheney. Not knowing he was in his last weeks as Treasury secretary, he went to see the vice president expecting to get a sympathetic hearing for his concerns over the deficit. Instead he is told: \"You know, Paul, Reagan proved that deficits don't matter. We won the mid-term elections, this is our due.\" </p> <p>Mr O'Neill's disillusion personifies a latent split in the Republican party between traditional moderates and followers of the president's father, and the hardliners around the second President Bush. Mr O'Neill served in the Nixon and Ford administrations before moving on to run the Alcoa aluminium corporation, where he dedicated himself to improving worker safety. He insists he continues to support the wider Republican cause but he is not going to be silenced. He declares: \"I'm an old guy, and I'm rich. And there's nothing they can do to hurt me.\"</p>",
      "newspaperPageNumber": "4",
      "wordcount": "1131",
      "commentable": "false",
      "isPremoderated": "false",
      "lastModified": "2017-09-20T15:00:33Z",
      "newspaperEditionDate": "2004-01-12T00:00:00Z",
      "productionOffice": "UK",
      "publication": "theguardian.com",
      "shortUrl": "https://gu.com/p/hpvz",
      "shouldHideAdverts": "false",
      "showInRelatedContent": "true",
      "legallySensitive": "false",
      "lang": "en",
      "bodyText": "In the Bush White House, Paul O'Neill was the bespectacled swot in a class of ideological bullies who eventually kicked him out for raising too many uncomfortable questions. Now, 13 months later at a critical moment for the president, the nerd is having his revenge. Mr O'Neill's account of his two years as Treasury secretary, told in a book published tomorrow and in a series of interviews over the weekend, is a startling tale of an administration nominally led by a disengaged figurehead president but driven by a \"praetorian guard\" of hardline rightwingers led by vice president Dick Cheney, ready to bend circumstances and facts to fit their political agenda. According to the former aluminium mogul and longstanding Republican moderate who was fired from the US Treasury in December 2002, the administration came to office determined to oust Saddam and used the September 11 attacks as a convenient justification. As Mr O'Neill, who sat in countless national security council meetings, describes the mood: \"It was all about finding a way to do it. The president saying 'Go find me a way to do this'.\" \"From the very beginning, there was a conviction that Saddam Hussein was a bad person and that he needed to go,\" Mr O'Neill told the CBS network programme, 60 Minutes. In the book, based largely on his recollections and written by an American journalist, Ron Suskind, Mr O'Neill said that even as far back as January 2001, when President Bush took office, no one in the NSC questioned the assumption that Iraq should be invaded. In the book, The Price of Loyalty: George W Bush, the White House, and the Education of Paul O'Neill, the author, Mr Suskind, quotes from memoranda preparing for a war dating to the first days of the administration. \"One of them marked 'secret' says 'Plan for Post-Saddam Iraq,'\" he told CBS television. Oil contracts He quoted from a Pentagon document entitled \"Foreign Suitors For Iraqi Oilfield Contracts,\" which, he said, talks about carving the country's fuel reserves up between the world's oil companies. It talks about contractors around the world from ... 30, 40 countries and which ones have what intentions on oil in Iraq,\" Mr Suskind said. The administration, as described by Mr O'Neill, was equally fixated on granting unprecedented tax cuts to the nation's richest people who had bankrolled its election campaign. It was not prepared to listen to an anxious Treasury secretary warning of dangerously ballooning deficits. The president was \"clearly signing on to strong ideological positions that had not been fully thought through\", Mr O'Neill says. Moderates like himself, the secretary of state, Colin Powell, and Christine Todd Whitman, head of the Environmental Protection Agency, \"may have been there, in large part, as cover\" for a hardline agenda, he argues. Of that trio, only Mr Powell remains in the administration and he has privately made it clear he will not stay on for a second Bush term. Mr O'Neill's memoir is one of the most damning White House expos\u00e9s of recent times, and is already being quoted with relish by Democratic presidential contenders. It has sparked a furious damage limitation and denigration response by the president's aides, one of whom told Time magazine in a revealing comment: \"We didn't listen to him when he was there. Why should we now?\" White House aides have also pointed to Mr O'Neill's reputation as a gaffe-prone Treasury secretary, who at one point triggered a run on the dollar by suggesting that maintaining its strength was not a priority. Mr O'Neill says the president often did not have much to say at key discussions and it was the bullies of the Republican right who took over. After perceptions spread early in the administration that Vice President Dick Cheney and the Republicans' political mastermind, Karl Rove, were really making policy, the White House publicity machine dedicated itself to building Mr Bush up as a decisive leader. Presidential aides have \"leaked\" anecdotes to the press showing Mr Bush making tough decisions. In Bob Woodward's book Bush at War, based principally on the celebrated Washington journalist's interviews with the president and top officials, there is no doubt who is in charge as the nation faces its greatest challenge since Pearl Harbor. Mr O'Neill paints a very different picture. He describes Mr Bush as mostly silent and inscrutable during policy debates in cabinet, and says there was hardly any real interaction between president and his department heads. He describes those cabinet sessions as being \"like a blind man in a roomful of deaf people\". At the end of them, he said, cabinet members were left to make policy like \"blind man's bluff\" guessing what the president's wishes were. When the Treasury secretary went to the Oval Office for weekly discussions, he found he did all the talking. \"I wondered from the first, if the president didn't know the questions to ask,\" he tells Mr Suskind, \"or if he did know and just did not want to know the answers?\" The one time the president does become engaged in economic policy discussion in Mr Suskind's book, it is to question the orthodoxy of his own administration's policy during a White House discussion of a second round of tax cuts in November 2002, following triumphal midterm election results. According to Mr Suskind, who says he has a transcript of the meeting, the president asks: \"Haven't we already given money to rich people? This second tax cut's gonna do it again.\" The president suggests instead: \"Shouldn't we be giving money to the middle?\" But Mr Rove, who has masterminded Mr Bush's election campaigns since his days in Texas, jumps in at this point in the transcript to urge the president: \"Stick to principle. Stick to principle.\" \"He says it over and over again,\" Mr Suskind said. \"Don't waver.\" In his own account, Mr O'Neill discovers the hard line on tax cuts is coming from Mr Cheney. Not knowing he was in his last weeks as Treasury secretary, he went to see the vice president expecting to get a sympathetic hearing for his concerns over the deficit. Instead he is told: \"You know, Paul, Reagan proved that deficits don't matter. We won the mid-term elections, this is our due.\" Mr O'Neill's disillusion personifies a latent split in the Republican party between traditional moderates and followers of the president's father, and the hardliners around the second President Bush. Mr O'Neill served in the Nixon and Ford administrations before moving on to run the Alcoa aluminium corporation, where he dedicated himself to improving worker safety. He insists he continues to support the wider Republican cause but he is not going to be silenced. He declares: \"I'm an old guy, and I'm rich. And there's nothing they can do to hurt me.\"",
      "charCount": "6765"
    },
    "isHosted": false,
    "pillarId": "pillar/news",
    "pillarName": "News"
  }
]