[
  {
    "id": "world/2004/mar/24/qanda.business",
    "type": "article",
    "sectionId": "business",
    "sectionName": "Business",
    "webPublicationDate": "2004-03-24T17:03:10Z",
    "webTitle": "Problems at Shell",
    "webUrl": "https://www.theguardian.com/world/2004/mar/24/qanda.business",
    "apiUrl": "https://content.guardianapis.com/world/2004/mar/24/qanda.business",
    "fields": {
      "headline": "Problems at Shell",
      "standfirst": "Mark Tran explains why Anglo-Dutch oil giant Shell is facing investigation by the US justice department over its slashing of oil reserves",
      "trailText": "Mark Tran explains why Anglo-Dutch oil giant Shell is facing investigation by the US justice department over its slashing of oil reserves.",
      "byline": "Mark Tran",
      "main": "",
      "body": "<b>What is going on at Shell?</b> <p>Shell is in trouble after twice cutting its estimated oil reserves. The first dose of bad news came in January, when the Anglo-Dutch oil giant slashed its reserves by 3.9bn barrels, or a fifth of total holdings, in locations such as Nigeria. Reserves form a valuable asset for an oil company and any reclassification into less certain categories is a major cause of concern. Investors were livid.</p> <p><b>What about the second revision?</b></p> <p>That was a smaller affair. In March, Shell said a review of its Ormen Lange gas field in Norway had revealed stocks to be 150m barrels lower than previously thought. In announcing the second shortfall, Shell postponed its annual meeting from April to May, a humiliating move for a top UK company, and delayed publication of its annual report.</p> <p><b>How did Shell get it so wrong?</b></p> <p>The company is now conducting an internal investigation and the securities and exchange commission (SEC), the US financial watchdog, is carrying one out as well. Some analysts believe the SEC is partly at fault because it has failed to issue clear industry guidelines when it comes to reporting reserves.</p> <p><b>What are SEC guidelines?</b></p> <p>In its push for greater transparency on the issue of reserves, the SEC has no less than three categories - proved reserves, proved developed reserves, and proved undeveloped reserves. As far as the SEC is concerned, reserves fall under the first category only when commercially viable oil is flowing. </p> <p><b>What is the problem with that?</b></p> <p>Some analysts think the guidelines are too conservative. In an open letter to the SEC, Deutsche Bank said: \"The discrepancy between these guidelines and industrial reality, and the market climate following the Enron affair, is generating an unwarranted external push on the oil companies to underbook reserves and over-amplify costs. This has the knock-on effect of reducing market values and negative implications for oil companies' ability to raise finance.\" </p> <p><b>What has been the fallout for Shell?</b></p> <p>Sir Philip Watts resigned as chairman in early March, along with the company's head of exploration and production, Walter van de Vijver, and more heads may roll. What particularly irked shareholders was that Sir Philip left it to his aides to deliver the shocking news of the January downgrade rather than face the music himself. </p> <p><b>What is Shell doing to rectify matters?</b></p> <p>Shell is not exactly imploding - it announced profits of $11.7bn (\u00a36.4bn) for last year - but it has suffered immense damage to its reputation. The company, under its new chairman, Jeroen van der Veer, has announced a raft of changes to repair the damage.</p> <p><b>What changes are in store?</b></p> <p>For a start, Shell is tightening its internal controls, revising its reserves reporting guidelines to remove any \"remaining ambiguity\" in the application of SEC rules, and significantly increasing the number of staff dedicated to managing reserves. In another significant change, reserves bookings will no longer be linked to pay bonuses. Until now, such bookings constituted between 5% and 15% of total available bonuses for exploration and production executives.</p> <p><b>Is Shell accident-prone?</b></p> <p>At the very least, the company's PR machine leaves much to be desired. It was humiliated by Greenpeace activists in the Brent Spar crisis of 1995. The eco-warriors inspired the biggest ever consumer boycott of a corporation across Europe, when Shell announced plans to dump an oil rig into the North Sea. Even when it emerged that Greenpeace had miscalculated the environmental damage, Shell emerged tarnished. </p> <p><b>Has Nigeria been a bugbear for Shell?</b></p> <p>Nigeria, where Shell has extensive reserves, has also been a headache for the company, particularly after the company was caught up in a controversy over the state execution in 1995 of the poet, Ken Saro-Wiwa, and eight others from the Ogoni region. He had campaigned against the oil group's environmental record and alleged human rights abuses by the military in Ogoniland.</p> <p><b>Is there a problem with Shell's structure?</b></p> <p>This is a crucial issue for big shareholders. They are unhappy with the fact that the company, created through the merger of the Dutch group, Royal Dutch and Britain's Shell, consists of two entirely different boards - one for each part of the group. But operational power rests with a separate, unelected board, the committee of managing directors, consisting of senior executives from each of the two public companies. Shell has acknowledged the need to change this structure.</p>",
      "wordcount": "733",
      "commentable": "false",
      "isPremoderated": "false",
      "lastModified": "2004-03-24T17:03:10Z",
      "newspaperEditionDate": "2004-03-24T00:00:00Z",
      "productionOffice": "UK",
      "publication": "theguardian.com",
      "shortUrl": "https://gu.com/p/g2nh",
      "shouldHideAdverts": "false",
      "showInRelatedContent": "true",
      "legallySensitive": "false",
      "lang": "en",
      "bodyText": "What is going on at Shell? Shell is in trouble after twice cutting its estimated oil reserves. The first dose of bad news came in January, when the Anglo-Dutch oil giant slashed its reserves by 3.9bn barrels, or a fifth of total holdings, in locations such as Nigeria. Reserves form a valuable asset for an oil company and any reclassification into less certain categories is a major cause of concern. Investors were livid. What about the second revision? That was a smaller affair. In March, Shell said a review of its Ormen Lange gas field in Norway had revealed stocks to be 150m barrels lower than previously thought. In announcing the second shortfall, Shell postponed its annual meeting from April to May, a humiliating move for a top UK company, and delayed publication of its annual report. How did Shell get it so wrong? The company is now conducting an internal investigation and the securities and exchange commission (SEC), the US financial watchdog, is carrying one out as well. Some analysts believe the SEC is partly at fault because it has failed to issue clear industry guidelines when it comes to reporting reserves. What are SEC guidelines? In its push for greater transparency on the issue of reserves, the SEC has no less than three categories - proved reserves, proved developed reserves, and proved undeveloped reserves. As far as the SEC is concerned, reserves fall under the first category only when commercially viable oil is flowing. What is the problem with that? Some analysts think the guidelines are too conservative. In an open letter to the SEC, Deutsche Bank said: \"The discrepancy between these guidelines and industrial reality, and the market climate following the Enron affair, is generating an unwarranted external push on the oil companies to underbook reserves and over-amplify costs. This has the knock-on effect of reducing market values and negative implications for oil companies' ability to raise finance.\" What has been the fallout for Shell? Sir Philip Watts resigned as chairman in early March, along with the company's head of exploration and production, Walter van de Vijver, and more heads may roll. What particularly irked shareholders was that Sir Philip left it to his aides to deliver the shocking news of the January downgrade rather than face the music himself. What is Shell doing to rectify matters? Shell is not exactly imploding - it announced profits of $11.7bn (\u00a36.4bn) for last year - but it has suffered immense damage to its reputation. The company, under its new chairman, Jeroen van der Veer, has announced a raft of changes to repair the damage. What changes are in store? For a start, Shell is tightening its internal controls, revising its reserves reporting guidelines to remove any \"remaining ambiguity\" in the application of SEC rules, and significantly increasing the number of staff dedicated to managing reserves. In another significant change, reserves bookings will no longer be linked to pay bonuses. Until now, such bookings constituted between 5% and 15% of total available bonuses for exploration and production executives. Is Shell accident-prone? At the very least, the company's PR machine leaves much to be desired. It was humiliated by Greenpeace activists in the Brent Spar crisis of 1995. The eco-warriors inspired the biggest ever consumer boycott of a corporation across Europe, when Shell announced plans to dump an oil rig into the North Sea. Even when it emerged that Greenpeace had miscalculated the environmental damage, Shell emerged tarnished. Has Nigeria been a bugbear for Shell? Nigeria, where Shell has extensive reserves, has also been a headache for the company, particularly after the company was caught up in a controversy over the state execution in 1995 of the poet, Ken Saro-Wiwa, and eight others from the Ogoni region. He had campaigned against the oil group's environmental record and alleged human rights abuses by the military in Ogoniland. Is there a problem with Shell's structure? This is a crucial issue for big shareholders. They are unhappy with the fact that the company, created through the merger of the Dutch group, Royal Dutch and Britain's Shell, consists of two entirely different boards - one for each part of the group. But operational power rests with a separate, unelected board, the committee of managing directors, consisting of senior executives from each of the two public companies. Shell has acknowledged the need to change this structure.",
      "charCount": "4478"
    },
    "isHosted": false,
    "pillarId": "pillar/news",
    "pillarName": "News"
  },
  {
    "id": "money/2004/mar/24/internetphonesbroadband.consumeraffairs",
    "type": "article",
    "sectionId": "money",
    "sectionName": "Money",
    "webPublicationDate": "2004-03-24T15:58:43Z",
    "webTitle": "BT launches new offensive in price war",
    "webUrl": "https://www.theguardian.com/money/2004/mar/24/internetphonesbroadband.consumeraffairs",
    "apiUrl": "https://content.guardianapis.com/money/2004/mar/24/internetphonesbroadband.consumeraffairs",
    "fields": {
      "headline": "BT launches new offensive in price war",
      "trailText": "<p> BT today announced plans to make changes to its pricing which, it claims, will make it a cheaper option for the majority of UK calls than its major cable rivals. </p>",
      "byline": "Sarah Crown",
      "main": "",
      "body": "<p> BT today announced plans to make changes to its pricing which, it claims, will make it a cheaper option for the majority of UK calls than its major cable rivals. </p> <p>The company has pledged to abolish its current standard residential rate and replace it with a \"simpler range of low prices\", with consumers being offered three different BT Together monthly fee options. Doing so will help BT avoid further unfavourable price with its rivals.</p> <p>Existing standard rate customers will be moved to BT Together Option 1, and will pay just 3p per minute for daytime calls within the UK and 5.5p for up to an hour at weekends and in the evenings, down from 6p previously. For an extra \u00a36 a month (down from \u00a37), customers can sign up to Option 2 for free UK evening and weekend calls, while Option 3 offers free UK evening, weekend and daytime calls for an extra \u00a315 a month (previously \u00a318). Line rental will be also be reduced by varying amounts across all three of the options. </p> <p>According to BT, once the new tariffs are in place it will be cheaper in every instance to use BT to make a UK call than cable firms Telewest or ntl. Furthermore, it claimed that even in the instances where its main non-cable rivals were cheaper, the difference was likely to be minimal. The company intends to begin introducing its revised packages from April 1. </p> <p>Gavin Patterson, group managing director of BT consumer and ventures, said the changes formed part of the company's strategy to improve service and value for customers and to provide them with a means of like-for-like comparison. \"The changes will make BT highly competitive against the majority of its rivals for UK calls and within a whisker of most of those offering lower rates.\"</p> <p>The company said the move would pay off in the longer term by attracting customers who would will then go on to spend on services such as broadband. \"Maintaining a customer relationship across calls and lines is critical for the future of business because these are the customers who go on to buy other new services we launch,\" Mr Patterson said. </p> <p>The company said that currently 65,000 customers a month are returning to BT. It expects the new pricing structure to encourage many more to do so. Today's announcement comes directly on the heels of a statement by MPs that consumers could save by switching from BT to one of its more competitive rivals. The House of Commons public accounts committee said that many consumers were failing to take advantage of the best deals on the market and could save money by changing supplier or their tariff. </p> <p>Matthew Dearden, director of telephony at Telewest Broadband, said: \"BT has finally woken up to the fact that its standard telephone tariffs aren't competitive with cable services. Consumers can only benefit from increased competition and we're used to maintaining pressure on other providers, forcing reactionary moves like this. </p> <p>\"Consumers prefer a choice of transparent telephone packages, providing value for money and suited to their particular telephone usage. Telewest Broadband has pioneered transparent billing, including a range of unlimited packages with fixed-fees, and we'll continue to offer competitive tariffs.\" </p> <p>Jon Miller, director of online comparison service <a href=\"http://www.uSwitch.com\" targert=\"_NEW\">uSwitch.com</a> was broadly positive about the price changes. \"It's encouraging to see that in most cases BT customers will see bills decrease, with average users seeing price cuts of approximately \u00a324.09 per year,\" he said. \"However, these changes will have a detrimental impact on the 2.5 million carrier pre-selection (CPS) customers, who are billed by BT for their line rental but pay another provider for their calls. </p> <p>\"While the cost of calling may be coming down, the fact remains that consumers will still be charged a minimum \u00a331.50 a quarter before they've even made a call. BT is still not the cheapest supplier in the market, switching is easy and you can make significant savings by shopping around.\"</p>",
      "wordcount": "668",
      "commentable": "false",
      "isPremoderated": "false",
      "lastModified": "2004-03-24T15:58:43Z",
      "newspaperEditionDate": "2004-03-24T00:00:00Z",
      "productionOffice": "UK",
      "publication": "theguardian.com",
      "shortUrl": "https://gu.com/p/7hvx",
      "shouldHideAdverts": "false",
      "showInRelatedContent": "true",
      "legallySensitive": "false",
      "lang": "en",
      "bodyText": "BT today announced plans to make changes to its pricing which, it claims, will make it a cheaper option for the majority of UK calls than its major cable rivals. The company has pledged to abolish its current standard residential rate and replace it with a \"simpler range of low prices\", with consumers being offered three different BT Together monthly fee options. Doing so will help BT avoid further unfavourable price with its rivals. Existing standard rate customers will be moved to BT Together Option 1, and will pay just 3p per minute for daytime calls within the UK and 5.5p for up to an hour at weekends and in the evenings, down from 6p previously. For an extra \u00a36 a month (down from \u00a37), customers can sign up to Option 2 for free UK evening and weekend calls, while Option 3 offers free UK evening, weekend and daytime calls for an extra \u00a315 a month (previously \u00a318). Line rental will be also be reduced by varying amounts across all three of the options. According to BT, once the new tariffs are in place it will be cheaper in every instance to use BT to make a UK call than cable firms Telewest or ntl. Furthermore, it claimed that even in the instances where its main non-cable rivals were cheaper, the difference was likely to be minimal. The company intends to begin introducing its revised packages from April 1. Gavin Patterson, group managing director of BT consumer and ventures, said the changes formed part of the company's strategy to improve service and value for customers and to provide them with a means of like-for-like comparison. \"The changes will make BT highly competitive against the majority of its rivals for UK calls and within a whisker of most of those offering lower rates.\" The company said the move would pay off in the longer term by attracting customers who would will then go on to spend on services such as broadband. \"Maintaining a customer relationship across calls and lines is critical for the future of business because these are the customers who go on to buy other new services we launch,\" Mr Patterson said. The company said that currently 65,000 customers a month are returning to BT. It expects the new pricing structure to encourage many more to do so. Today's announcement comes directly on the heels of a statement by MPs that consumers could save by switching from BT to one of its more competitive rivals. The House of Commons public accounts committee said that many consumers were failing to take advantage of the best deals on the market and could save money by changing supplier or their tariff. Matthew Dearden, director of telephony at Telewest Broadband, said: \"BT has finally woken up to the fact that its standard telephone tariffs aren't competitive with cable services. Consumers can only benefit from increased competition and we're used to maintaining pressure on other providers, forcing reactionary moves like this. \"Consumers prefer a choice of transparent telephone packages, providing value for money and suited to their particular telephone usage. Telewest Broadband has pioneered transparent billing, including a range of unlimited packages with fixed-fees, and we'll continue to offer competitive tariffs.\" Jon Miller, director of online comparison service uSwitch.com was broadly positive about the price changes. \"It's encouraging to see that in most cases BT customers will see bills decrease, with average users seeing price cuts of approximately \u00a324.09 per year,\" he said. \"However, these changes will have a detrimental impact on the 2.5 million carrier pre-selection (CPS) customers, who are billed by BT for their line rental but pay another provider for their calls. \"While the cost of calling may be coming down, the fact remains that consumers will still be charged a minimum \u00a331.50 a quarter before they've even made a call. BT is still not the cheapest supplier in the market, switching is easy and you can make significant savings by shopping around.\"",
      "charCount": "3948"
    },
    "isHosted": false,
    "pillarId": "pillar/lifestyle",
    "pillarName": "Lifestyle"
  },
  {
    "id": "business/2004/mar/24/environment.renewableenergy",
    "type": "article",
    "sectionId": "business",
    "sectionName": "Business",
    "webPublicationDate": "2004-03-24T12:46:50Z",
    "webTitle": "Wind farm planned for oil rig",
    "webUrl": "https://www.theguardian.com/business/2004/mar/24/environment.renewableenergy",
    "apiUrl": "https://content.guardianapis.com/business/2004/mar/24/environment.renewableenergy",
    "fields": {
      "headline": "Wind farm planned for oil rig",
      "trailText": "<p>The government and the Scottish executive are backing plans by two energy groups to build the world's first deep-water wind farm on the remains of a North Sea oil platform in the Moray Firth. </p>",
      "byline": "David Gow",
      "main": "",
      "body": "<p>The government and the Scottish executive are backing plans by two energy groups to build the world's first deep-water wind farm on the remains of a North Sea oil platform in the Moray Firth. </p> <p>The 200-turbine wind farm, to be set up using the infrastructure of the Beatrice field, would be as high as the London Eye and carry on top a generator weighing 1,300 tonnes. </p> <p>Lewis Macdonald, Scottish executive deputy minister for enterprise, told a London conference yesterday that the proposed farm would be likely to win planning permission, if it was proved to be technically feasible. </p> <p>Talisman Energy, the Canadian oil group, and Scottish &amp; Southern Electricity have won government funding for a \"demonstrator project\" and are seeking EU and UK grants for the farm, which would generate 1,000 mega-watts. </p> <p>Though parts of the three platforms in the Beatrice field, 12 miles offshore, would be decommissioned, the main one would be used to link the wind farm to the onshore grid. </p> <p>The executive, which has approved 600MW of wind energy in the last 15 months, is also poised to approve plans to build a 600MW wind farm and three smaller projects on the Isle of Lewis. Planning approval is likely to be submitted this summer by Lewis Wind Power, a joint venture between Amec and British Energy, the nuclear operator. It would see the world's tallest turbines (300ft) erected on Barvas Moor, an uninhabited peat bog covering two thirds of the island. </p> <p><strong>\u00b7</strong> Energy minister Stephen Timms is to call financial experts to a renewable power summit next month following a survey showing that three quarters of investors and advisers believe the government is not doing enough to meet its own targets.</p>",
      "newspaperPageNumber": "16",
      "wordcount": "285",
      "commentable": "false",
      "isPremoderated": "false",
      "lastModified": "2004-03-29T11:46:50Z",
      "newspaperEditionDate": "2004-03-24T00:00:00Z",
      "productionOffice": "UK",
      "publication": "theguardian.com",
      "shortUrl": "https://gu.com/p/7gzn",
      "shouldHideAdverts": "false",
      "showInRelatedContent": "true",
      "legallySensitive": "false",
      "lang": "en",
      "bodyText": "The government and the Scottish executive are backing plans by two energy groups to build the world's first deep-water wind farm on the remains of a North Sea oil platform in the Moray Firth. The 200-turbine wind farm, to be set up using the infrastructure of the Beatrice field, would be as high as the London Eye and carry on top a generator weighing 1,300 tonnes. Lewis Macdonald, Scottish executive deputy minister for enterprise, told a London conference yesterday that the proposed farm would be likely to win planning permission, if it was proved to be technically feasible. Talisman Energy, the Canadian oil group, and Scottish &amp; Southern Electricity have won government funding for a \"demonstrator project\" and are seeking EU and UK grants for the farm, which would generate 1,000 mega-watts. Though parts of the three platforms in the Beatrice field, 12 miles offshore, would be decommissioned, the main one would be used to link the wind farm to the onshore grid. The executive, which has approved 600MW of wind energy in the last 15 months, is also poised to approve plans to build a 600MW wind farm and three smaller projects on the Isle of Lewis. Planning approval is likely to be submitted this summer by Lewis Wind Power, a joint venture between Amec and British Energy, the nuclear operator. It would see the world's tallest turbines (300ft) erected on Barvas Moor, an uninhabited peat bog covering two thirds of the island. \u00b7 Energy minister Stephen Timms is to call financial experts to a renewable power summit next month following a survey showing that three quarters of investors and advisers believe the government is not doing enough to meet its own targets.",
      "charCount": "1686"
    },
    "isHosted": false,
    "pillarId": "pillar/news",
    "pillarName": "News"
  },
  {
    "id": "business/2004/mar/24/oilandpetrol.news",
    "type": "article",
    "sectionId": "business",
    "sectionName": "Business",
    "webPublicationDate": "2004-03-24T02:33:35Z",
    "webTitle": "Oil firms secretly finance crooked regimes",
    "webUrl": "https://www.theguardian.com/business/2004/mar/24/oilandpetrol.news",
    "apiUrl": "https://content.guardianapis.com/business/2004/mar/24/oilandpetrol.news",
    "fields": {
      "headline": "Oil firms secretly finance crooked regimes",
      "standfirst": "Corruption is flourishing in desperately poor countries and a report out today says companies must take some of the blame",
      "trailText": "<p>Corruption is flourishing in desperately poor countries and a report out today says companies must take some of the blame.</p>",
      "byline": "Charlotte Denny, economics correspondent",
      "main": "",
      "body": "<p>Major oil companies are still making secret payments to repressive regimes, one year after Tony Blair put his personal authority behind a British-led voluntary disclosure code for the industry, according to a new report from London-based lobby group Global Witness published today. </p> <p>Corruption is flourishing in desperately poor countries such as Congo Brazzaville, Equatorial Guinea and Angola as the dividends from oil continue to be appropriated by rich and powerful elites. </p> <p>\"The voluntary approach will not work in the majority of countries where it is most needed,\" the report says. \"Political and business elites currently have a vested interest in avoiding transparency.\" </p> <p>The report examines three African countries where oil, far from proving a blessing to impoverished populations, has arguably made their lives worse by providing the funds to keep authoritarian regimes in power. </p> <p><strong>\u00b7</strong> In Congo Brazzaville, the petro-state most closely associated with the dirty dealings of the former French state oil company Elf Aquitaine, the government is entering into ever more tortuous deals with the oil industry to avoid financial scrutiny from the World Bank and International Monetary Fund and its own citizens. </p> <p><strong>\u00b7</strong>In Angola, where a quarter of the country's oil revenues are still unaccounted for each year, the state oil company, Sonagol, continues to receive secret signature bonuses from western oil companies which are hidden in offshore bank accounts. </p> <p><strong>\u00b7</strong> In Equatorial Guinea, one of the most criminalised states in the world, companies are lining up to do business with the brutal regime of President Obiang Nguema, who has hundreds of millions of dollars in a bank account just down the road from the headquarters of the IMF and World Bank in Washington. </p> <p>Congo Brazzaville has been saddled with $6.4bn (\u00a33.4bn) in overseas debts, as a legacy of Elf's strategy of influence peddling, bribery and obscure off-shore deals, despite being the fourth-largest oil producer in sub-Saharan Africa. </p> <p>Global Witness says the tradition of secrecy surrounding oil income continues under the government of Denis Sassou-Nguesso, with about $250m in oil revenues unaccounted for each year. Despite promising to clean up the industry as a condition of receiving debt relief from the World Bank and the IMF, government accounts show lower than expected revenues from oil. </p> <p>Taxes and signature bonuses from western companies including TotalFinaElf, Agip and Chevron appear as zero in Congo Brazzaville's accounts. Industry sources interviewed by the lobby group estimate that the companies are paying about 35% of total sales to the government, which last year should have netted it $800m in revenue instead of the $650m it recorded. </p> <p>In Angola, a recent IMF transparency drive has confirmed accusations in a previ ous Global Witness report that up to $1.7bn a year went missing from the state coffers between 1997 and 2001. </p> <p>The wholesale looting of Angola's oil reserves fuelled the vicious civil which finally ended in 2002. </p> <p>Although the government of Jose Eduardo dos Santos has promised the IMF that oil revenues will be dealt with more transparently in future, Global Witness has evidence that it has recently started using complex special purpose vehicles based in tax havens to move oil money around and pay overseas business partners. </p> <p>Almost none of the income from Sonagol, the state-owned oil company, touches Angolan soil, despite national laws requiring oil money to be managed by the central bank. </p> <p>The most sorry case highlighted in the report is that of Equatorial Guinea, a country described by one French academic as a completely criminalised state. </p> <p>On paper it ought to be one of the richest countries in Sub-Saharan Africa, with its 500,000-strong population sharing oil revenues of $500m last year. Instead it languishes third from bottom of the United Nations' human development index, while the oil revenues fund one of the continent's most repressive regimes. Most of the oil money appears to have ended up in an account at Riggs bank in Washington, which the LA Times reports is controlled di rectly by President Obiang. </p> <p>The report says that western companies have made payments directly into the account. </p> <p>\"These scandals could not have happened if companies had been obliged to publish their payments to governments, and governments to publish their earnings,\" said Gavin Hayman of Global Witness. </p> <p>\"But leading countries and companies are doing next to nothing and revenues that should be used to reduce poverty are being wasted.\"</p>",
      "newspaperPageNumber": "16",
      "wordcount": "722",
      "commentable": "false",
      "isPremoderated": "false",
      "lastModified": "2004-03-24T02:33:35Z",
      "newspaperEditionDate": "2004-03-24T00:00:00Z",
      "productionOffice": "UK",
      "publication": "theguardian.com",
      "shortUrl": "https://gu.com/p/dgqv",
      "shouldHideAdverts": "false",
      "showInRelatedContent": "true",
      "legallySensitive": "false",
      "lang": "en",
      "bodyText": "Major oil companies are still making secret payments to repressive regimes, one year after Tony Blair put his personal authority behind a British-led voluntary disclosure code for the industry, according to a new report from London-based lobby group Global Witness published today. Corruption is flourishing in desperately poor countries such as Congo Brazzaville, Equatorial Guinea and Angola as the dividends from oil continue to be appropriated by rich and powerful elites. \"The voluntary approach will not work in the majority of countries where it is most needed,\" the report says. \"Political and business elites currently have a vested interest in avoiding transparency.\" The report examines three African countries where oil, far from proving a blessing to impoverished populations, has arguably made their lives worse by providing the funds to keep authoritarian regimes in power. \u00b7 In Congo Brazzaville, the petro-state most closely associated with the dirty dealings of the former French state oil company Elf Aquitaine, the government is entering into ever more tortuous deals with the oil industry to avoid financial scrutiny from the World Bank and International Monetary Fund and its own citizens. \u00b7In Angola, where a quarter of the country's oil revenues are still unaccounted for each year, the state oil company, Sonagol, continues to receive secret signature bonuses from western oil companies which are hidden in offshore bank accounts. \u00b7 In Equatorial Guinea, one of the most criminalised states in the world, companies are lining up to do business with the brutal regime of President Obiang Nguema, who has hundreds of millions of dollars in a bank account just down the road from the headquarters of the IMF and World Bank in Washington. Congo Brazzaville has been saddled with $6.4bn (\u00a33.4bn) in overseas debts, as a legacy of Elf's strategy of influence peddling, bribery and obscure off-shore deals, despite being the fourth-largest oil producer in sub-Saharan Africa. Global Witness says the tradition of secrecy surrounding oil income continues under the government of Denis Sassou-Nguesso, with about $250m in oil revenues unaccounted for each year. Despite promising to clean up the industry as a condition of receiving debt relief from the World Bank and the IMF, government accounts show lower than expected revenues from oil. Taxes and signature bonuses from western companies including TotalFinaElf, Agip and Chevron appear as zero in Congo Brazzaville's accounts. Industry sources interviewed by the lobby group estimate that the companies are paying about 35% of total sales to the government, which last year should have netted it $800m in revenue instead of the $650m it recorded. In Angola, a recent IMF transparency drive has confirmed accusations in a previ ous Global Witness report that up to $1.7bn a year went missing from the state coffers between 1997 and 2001. The wholesale looting of Angola's oil reserves fuelled the vicious civil which finally ended in 2002. Although the government of Jose Eduardo dos Santos has promised the IMF that oil revenues will be dealt with more transparently in future, Global Witness has evidence that it has recently started using complex special purpose vehicles based in tax havens to move oil money around and pay overseas business partners. Almost none of the income from Sonagol, the state-owned oil company, touches Angolan soil, despite national laws requiring oil money to be managed by the central bank. The most sorry case highlighted in the report is that of Equatorial Guinea, a country described by one French academic as a completely criminalised state. On paper it ought to be one of the richest countries in Sub-Saharan Africa, with its 500,000-strong population sharing oil revenues of $500m last year. Instead it languishes third from bottom of the United Nations' human development index, while the oil revenues fund one of the continent's most repressive regimes. Most of the oil money appears to have ended up in an account at Riggs bank in Washington, which the LA Times reports is controlled di rectly by President Obiang. The report says that western companies have made payments directly into the account. \"These scandals could not have happened if companies had been obliged to publish their payments to governments, and governments to publish their earnings,\" said Gavin Hayman of Global Witness. \"But leading countries and companies are doing next to nothing and revenues that should be used to reduce poverty are being wasted.\"",
      "charCount": "4537"
    },
    "isHosted": false,
    "pillarId": "pillar/news",
    "pillarName": "News"
  },
  {
    "id": "business/2004/mar/24/oil",
    "type": "article",
    "sectionId": "business",
    "sectionName": "Business",
    "webPublicationDate": "2004-03-24T02:33:35Z",
    "webTitle": "Jeremy Rifkin: Perfect storm that's about to hit",
    "webUrl": "https://www.theguardian.com/business/2004/mar/24/oil",
    "apiUrl": "https://content.guardianapis.com/business/2004/mar/24/oil",
    "fields": {
      "headline": "The perfect storm that's about to hit",
      "standfirst": "Rising oil prices and a weak dollar could shatter the global economy",
      "trailText": "<B>Jeremy Rifkin: </B>Rising oil prices and a weak dollar could shatter the global economy.",
      "byline": "Jeremy Rifkin",
      "main": "",
      "body": "The average nationwide price of a gallon of gasoline in America reached a record high of $1.77 this month. The steady spike in prices has left analysts wondering if this is a harbinger of even more dramatic increases as motorists head into the spring and summer months. Get ready for what might become the economy's version of the perfect storm later this summer. The devastation could quickly spread to the UK and the rest of the world, with dire consequences for the global economy. <p>The first hint of what might be in store came last month when Opec announced its decision to withdraw 1m barrels of crude oil a day from the market. Opec is worried about the weakening value of the dollar: it has lost one-third of its value in just under two years. Since Opec sells oil for dollars, the oil-producing countries are losing precious revenue as the value of the dollar continues to erode. And because oil-producing countries then turn around and purchase much of their goods and services from the EU and must pay in euros, their purchasing power continues to deteriorate. (The euro is currently valued at $1.23.) </p> <p>How will the weaker dollar affect oil prices? Philip K Verleger, the dean of US oil market analysts and a visiting fellow at the Institute for International Economics, suggests that \"oil-exporting countries may decide to adjust their price band to reflect the falling value of the dollar\". If the dollar continues to slide, he warns, we could see oil prices rising from the current $38.18 a barrel to a record high of $40 by midsummer. </p> <p>There are other dark clouds on the horizon. US crude oil inventories are at the lowest point since the mid 70s, and the retail gasoline market is operating with little reserve margin as we move into the summer months, where more travel will increase demand. The dwindling oil reserves are made worse by the White House decision to replenish the strategic petroleum reserve, further reducing the amount of gasoline available. </p> <p> </p> <p> Verleger says gasoline could climb as high as $3.50 a gallon before levelling off at $2 by the autumn. How high prices eventually soar could depend on still other factors, including potential oil disruptions in Venezuela and the Middle East. There is also the prospect that one or two major refineries might fail during peak demand this summer - not that unusual when increased consumer pressure forces refineries to produce at peak capacity without taking the time for proper maintenance. </p> <p>Here is where events potentially begin to feed off each other, creating the conditions for the perfect storm for the economy. If the price of oil increases to $40 a barrel with an accompanying rise in gasoline prices, the already weak economic recovery could stall. </p> <p>How then do we lower the price of a barrel of oil? We'd have to strengthen the value of the dollar so that Opec would not be forced to raise prices to compensate for the deteriorating value of the currency. But the dollar's value is declining because of America's growing debt. The IMF is so concerned about US debt - the result of rising budget deficits and trade imbalance - that it issued a report warning that if steps weren't taken to reverse the trend, it could threaten the financial stability of the world economy. </p> <p>An ever-weaker dollar makes foreign investors less interested in financing the mushrooming US debt. The US could raise interest rates, making it more attractive for foreign investors, but that would mean higher interest rates for US companies and consumers, which could dampen the already weak recovery and send us back into a recession in the US and around the world. </p> <p>So we have all the conditions coming together to create the perfect economic storm: record oil prices triggering a restriction in US economic growth and an increase in the federal budget deficit, accompanied by further erosion in the value of the dollar - with increased budget deficits and the diminished value of the dollar leading in turn to higher interest rates to convince foreign investors to lend the US additional money, followed by a further retraction of the US economy as rising interest rates lead to a drop in domestic investment and consumption. The cascade of events touches off a tsunami that engulfs the rest of the global economy, submerging the world in deep recession. </p> <p>As long as the US and global economy are increasingly dependent on an ever-dwindling supply of oil from the Middle East, the conditions for a perfect economic storm will continue to haunt us. The solution, in the long run, is to wean the world off its dependency on oil. That would require much tougher fuel efficiency standards, greater energy conservation measures, support of hybrid vehicles and a switch to renewable sources of energy. Short of that, expect the storm clouds to gather in intensity. </p> <p><b>\u00b7 </b> Jeremy Rifkin is the author of The Hydrogen Economy and president of the Foundation on Economic Trends in Washington DC</p>",
      "newspaperPageNumber": "20",
      "wordcount": "841",
      "commentable": "false",
      "isPremoderated": "false",
      "lastModified": "2004-03-24T02:33:35Z",
      "newspaperEditionDate": "2004-03-24T00:00:00Z",
      "productionOffice": "UK",
      "publication": "theguardian.com",
      "shortUrl": "https://gu.com/p/xh83m",
      "shouldHideAdverts": "false",
      "showInRelatedContent": "true",
      "legallySensitive": "false",
      "lang": "en",
      "bodyText": "The average nationwide price of a gallon of gasoline in America reached a record high of $1.77 this month. The steady spike in prices has left analysts wondering if this is a harbinger of even more dramatic increases as motorists head into the spring and summer months. Get ready for what might become the economy's version of the perfect storm later this summer. The devastation could quickly spread to the UK and the rest of the world, with dire consequences for the global economy. The first hint of what might be in store came last month when Opec announced its decision to withdraw 1m barrels of crude oil a day from the market. Opec is worried about the weakening value of the dollar: it has lost one-third of its value in just under two years. Since Opec sells oil for dollars, the oil-producing countries are losing precious revenue as the value of the dollar continues to erode. And because oil-producing countries then turn around and purchase much of their goods and services from the EU and must pay in euros, their purchasing power continues to deteriorate. (The euro is currently valued at $1.23.) How will the weaker dollar affect oil prices? Philip K Verleger, the dean of US oil market analysts and a visiting fellow at the Institute for International Economics, suggests that \"oil-exporting countries may decide to adjust their price band to reflect the falling value of the dollar\". If the dollar continues to slide, he warns, we could see oil prices rising from the current $38.18 a barrel to a record high of $40 by midsummer. There are other dark clouds on the horizon. US crude oil inventories are at the lowest point since the mid 70s, and the retail gasoline market is operating with little reserve margin as we move into the summer months, where more travel will increase demand. The dwindling oil reserves are made worse by the White House decision to replenish the strategic petroleum reserve, further reducing the amount of gasoline available. Verleger says gasoline could climb as high as $3.50 a gallon before levelling off at $2 by the autumn. How high prices eventually soar could depend on still other factors, including potential oil disruptions in Venezuela and the Middle East. There is also the prospect that one or two major refineries might fail during peak demand this summer - not that unusual when increased consumer pressure forces refineries to produce at peak capacity without taking the time for proper maintenance. Here is where events potentially begin to feed off each other, creating the conditions for the perfect storm for the economy. If the price of oil increases to $40 a barrel with an accompanying rise in gasoline prices, the already weak economic recovery could stall. How then do we lower the price of a barrel of oil? We'd have to strengthen the value of the dollar so that Opec would not be forced to raise prices to compensate for the deteriorating value of the currency. But the dollar's value is declining because of America's growing debt. The IMF is so concerned about US debt - the result of rising budget deficits and trade imbalance - that it issued a report warning that if steps weren't taken to reverse the trend, it could threaten the financial stability of the world economy. An ever-weaker dollar makes foreign investors less interested in financing the mushrooming US debt. The US could raise interest rates, making it more attractive for foreign investors, but that would mean higher interest rates for US companies and consumers, which could dampen the already weak recovery and send us back into a recession in the US and around the world. So we have all the conditions coming together to create the perfect economic storm: record oil prices triggering a restriction in US economic growth and an increase in the federal budget deficit, accompanied by further erosion in the value of the dollar - with increased budget deficits and the diminished value of the dollar leading in turn to higher interest rates to convince foreign investors to lend the US additional money, followed by a further retraction of the US economy as rising interest rates lead to a drop in domestic investment and consumption. The cascade of events touches off a tsunami that engulfs the rest of the global economy, submerging the world in deep recession. As long as the US and global economy are increasingly dependent on an ever-dwindling supply of oil from the Middle East, the conditions for a perfect economic storm will continue to haunt us. The solution, in the long run, is to wean the world off its dependency on oil. That would require much tougher fuel efficiency standards, greater energy conservation measures, support of hybrid vehicles and a switch to renewable sources of energy. Short of that, expect the storm clouds to gather in intensity. \u00b7 Jeremy Rifkin is the author of The Hydrogen Economy and president of the Foundation on Economic Trends in Washington DC",
      "charCount": "4935"
    },
    "isHosted": false,
    "pillarId": "pillar/news",
    "pillarName": "News"
  },
  {
    "id": "business/2004/mar/24/ftse.stockmarkets",
    "type": "article",
    "sectionId": "business",
    "sectionName": "Business",
    "webPublicationDate": "2004-03-24T02:31:24Z",
    "webTitle": "Market forces: Buoyant BA fails to halt FTSE fall",
    "webUrl": "https://www.theguardian.com/business/2004/mar/24/ftse.stockmarkets",
    "apiUrl": "https://content.guardianapis.com/business/2004/mar/24/ftse.stockmarkets",
    "fields": {
      "headline": "Buoyant BA fails to halt FTSE fall",
      "trailText": "<p><strong>Market forces: </strong>Strong performances from BAE Systems and British Airways could not prevent the FTSE 100 from finishing in the red once again yesterday. </p>",
      "byline": "Neil Hume",
      "main": "",
      "body": "<p>Strong performances from <strong>BAE Systems</strong> and <strong>British Airways</strong> could not prevent the FTSE 100 from finishing in the red once again yesterday. </p> <p>The final scores showed the <strong>FTSE 100</strong> down a further 15.3 points at 4,318.5 - taking its losses over the past two sessions to 100 points. Dealers blamed the fall - most of which came in the last hour of trading - squarely on Wall Street, where an early rally quickly ran out of steam. This in turn saw London surrender a 25-point rise and close lower. </p> <p>That said, weakness in the heavyweight oil sector did not help matters. <strong>BP</strong> eased 5p to 435p, <strong>Shell</strong> fell 1.75p to 352p and <strong>BG</strong> lost 6.75p to 314.75p on concerns that Opec will delay production cuts at its meeting in Vienna next week. </p> <p>Elsewhere, the <strong>FTSE 250</strong> index gained 2.1 points to 6,134.6, while the <strong>FTSE Small Cap</strong> eased 3.1 to 2,618.1. Market turnover was 3bn shares. </p> <p>Once again decent stories were few and far between although there were, in marked contrast to Monday's session, a number of decent performances. </p> <p> <strong>BAE Systems</strong>, Europe's leading defence contractor, advanced 5p to 190.5p as the sales force at CSFB got behind the stock. </p> <p>\"BAE shares are back at an attractive value in our view,\" CSFB said, pointing out that the company recently won an \u00a3800m Hawk jet order from the Indian government and that it is set to appoint a new chairman, which should help improve relations with the City and Ministry of Defence. </p> <p>CSFB was also behind the rise of <strong>British Airways</strong>, which bounced back from Monday's drubbing as the bank drew attention to the latest traffic statistics from the Association of European Airlines. These showed that in the week ending March 14 North Atlantic travel was up 4% on two years ago. BA rose 8.75p to 268.5p, </p> <p>Mobile phone group <strong>MM02</strong> also rallied, rising 2p to 99.5p on yet more bid speculation and hopes that next week's trading update will impress. </p> <p>Elsewhere, <strong>Lloyds TSB</strong> added 4.75p to 409.75p as German broker Dresdner Kleinwort Wasserstein waxed lyrical to clients following a meeting with boss Eric Daniels on Monday night. </p> <p>On the downside, <strong>Reckitt Benckiser</strong>, the Anglo-Dutch consumer goods group, eased 23p to \u00a313.39 unsettled by news that rival Proctor &amp; Gamble is limbering up for a fresh attack on the European dishwasher powder market. Reckitt generates around 9% of its earnings before interest and tax from the dishwasher market, according to Deutsche Bank. </p> <p>Rival consumer goods company <strong>Unilever</strong>, 9.5p lighter at 527.5p, was also in the doldrums after Merrill Lynch downgraded to \"neutral\" from \"buy\" on the grounds that the shares now look expensive relative to the market. </p> <p>Still in the world of food, contract caterer <strong>Compass Group</strong> improved 1.75p to 356p on talk that Friday's half-year trading update will impress. </p> <p>On the drugs pitch, <strong>AstraZeneca</strong> slipped back 40p to \u00a325.20 unsettled by some slightly worrying data from the US on the take-up of its most important new drug, Crestor. </p> <p> <strong>Brit Insurance</strong> was one of the biggest FTSE 250 risers after Arbuthnot Securities upgraded to \"strong buy\", citing recent share price weakness. Brit shares have been in freefall since they hit 90p earlier this month in the wake of strong full year figures. Yesterday they rallied 4p to 83p. </p> <p>Children's TV company <strong>Hit Entertainment</strong>, 19p stronger at 298p, was also in demand after heavyweight brokers UBS and Merrill Lynch both lifted their recommendations to \"buy\". </p> <p>UBS said its upgrade was prompted by recent share price weakness, while Merrill said its \"buy\" rating and 337p target price was based on the fact that Hit is likely to secure a deal with a US TV channel, either through a joint venture or a takeover. </p> <p>Elsewhere, <strong>HMV</strong> was pegged at 217p after Deutsche Bank removed the stock from its \"buy\" list. \"Over the next 12 months we see limited upside to the current share price,\" Deutsche analyst Warwick Okines said, noting that HMV has risen 42% since September and the shares are currently at an all-time high. </p> <p>Elsewhere in the retail sector, <strong>Woolworths</strong> gained 1p to 40.5 as punters nibbled away ahead of today's full year figures, which the bulls hope will show an improvement in margins. </p> <p>On a more fundamental tack, <strong>Northgate</strong>, the commercial-vehicle hire group, climbed 24p to 574p after its finance director declared the purchase of 6,000 shares at 546p each. </p> <p>Elsewhere, <strong>Regus</strong>, the serviced office group, eased 0.75p to 73.5p on profit taking. However, market gossips reckon Monday's full year figures will impress although hopes that the company will produce 10p or even 8p of earnings look wildly optimistic. </p> <p>Pub operator <strong>Mitchells &amp; Butler</strong> ended 6p cheaper at 248p on concerns that it is plotting a bid for rival <strong>JD Wetherspoon</strong>, 3.25p higher at 297p. </p> <p>Among the small caps, food manufacturer, <strong>Uniq</strong>, which warned on profits a month ago, added 4.5p to finish at 167.5p on rumours that it is poised to announce the sale of its poultry division. The business has been at the root of all Uniq's recent problems. </p> <p>Fresh concerns about its financial position and worries that any rescue package will result in massive dilution for shareholders saw <strong>Mayflower</strong>, the debt-laden bus builder, sink 2p, or 20%, to 8.25p. </p> <p>In the bond market, gilts closed little changed. The benchmark 10-year gilt ended around 102.660, yielding 4.675%.</p>",
      "newspaperPageNumber": "18",
      "wordcount": "920",
      "commentable": "false",
      "isPremoderated": "false",
      "lastModified": "2004-03-24T02:31:24Z",
      "newspaperEditionDate": "2004-03-24T00:00:00Z",
      "productionOffice": "UK",
      "publication": "theguardian.com",
      "shortUrl": "https://gu.com/p/7gzq",
      "shouldHideAdverts": "false",
      "showInRelatedContent": "true",
      "legallySensitive": "false",
      "lang": "en",
      "bodyText": "Strong performances from BAE Systems and British Airways could not prevent the FTSE 100 from finishing in the red once again yesterday. The final scores showed the FTSE 100 down a further 15.3 points at 4,318.5 - taking its losses over the past two sessions to 100 points. Dealers blamed the fall - most of which came in the last hour of trading - squarely on Wall Street, where an early rally quickly ran out of steam. This in turn saw London surrender a 25-point rise and close lower. That said, weakness in the heavyweight oil sector did not help matters. BP eased 5p to 435p, Shell fell 1.75p to 352p and BG lost 6.75p to 314.75p on concerns that Opec will delay production cuts at its meeting in Vienna next week. Elsewhere, the FTSE 250 index gained 2.1 points to 6,134.6, while the FTSE Small Cap eased 3.1 to 2,618.1. Market turnover was 3bn shares. Once again decent stories were few and far between although there were, in marked contrast to Monday's session, a number of decent performances. BAE Systems, Europe's leading defence contractor, advanced 5p to 190.5p as the sales force at CSFB got behind the stock. \"BAE shares are back at an attractive value in our view,\" CSFB said, pointing out that the company recently won an \u00a3800m Hawk jet order from the Indian government and that it is set to appoint a new chairman, which should help improve relations with the City and Ministry of Defence. CSFB was also behind the rise of British Airways, which bounced back from Monday's drubbing as the bank drew attention to the latest traffic statistics from the Association of European Airlines. These showed that in the week ending March 14 North Atlantic travel was up 4% on two years ago. BA rose 8.75p to 268.5p, Mobile phone group MM02 also rallied, rising 2p to 99.5p on yet more bid speculation and hopes that next week's trading update will impress. Elsewhere, Lloyds TSB added 4.75p to 409.75p as German broker Dresdner Kleinwort Wasserstein waxed lyrical to clients following a meeting with boss Eric Daniels on Monday night. On the downside, Reckitt Benckiser, the Anglo-Dutch consumer goods group, eased 23p to \u00a313.39 unsettled by news that rival Proctor &amp; Gamble is limbering up for a fresh attack on the European dishwasher powder market. Reckitt generates around 9% of its earnings before interest and tax from the dishwasher market, according to Deutsche Bank. Rival consumer goods company Unilever, 9.5p lighter at 527.5p, was also in the doldrums after Merrill Lynch downgraded to \"neutral\" from \"buy\" on the grounds that the shares now look expensive relative to the market. Still in the world of food, contract caterer Compass Group improved 1.75p to 356p on talk that Friday's half-year trading update will impress. On the drugs pitch, AstraZeneca slipped back 40p to \u00a325.20 unsettled by some slightly worrying data from the US on the take-up of its most important new drug, Crestor. Brit Insurance was one of the biggest FTSE 250 risers after Arbuthnot Securities upgraded to \"strong buy\", citing recent share price weakness. Brit shares have been in freefall since they hit 90p earlier this month in the wake of strong full year figures. Yesterday they rallied 4p to 83p. Children's TV company Hit Entertainment, 19p stronger at 298p, was also in demand after heavyweight brokers UBS and Merrill Lynch both lifted their recommendations to \"buy\". UBS said its upgrade was prompted by recent share price weakness, while Merrill said its \"buy\" rating and 337p target price was based on the fact that Hit is likely to secure a deal with a US TV channel, either through a joint venture or a takeover. Elsewhere, HMV was pegged at 217p after Deutsche Bank removed the stock from its \"buy\" list. \"Over the next 12 months we see limited upside to the current share price,\" Deutsche analyst Warwick Okines said, noting that HMV has risen 42% since September and the shares are currently at an all-time high. Elsewhere in the retail sector, Woolworths gained 1p to 40.5 as punters nibbled away ahead of today's full year figures, which the bulls hope will show an improvement in margins. On a more fundamental tack, Northgate, the commercial-vehicle hire group, climbed 24p to 574p after its finance director declared the purchase of 6,000 shares at 546p each. Elsewhere, Regus, the serviced office group, eased 0.75p to 73.5p on profit taking. However, market gossips reckon Monday's full year figures will impress although hopes that the company will produce 10p or even 8p of earnings look wildly optimistic. Pub operator Mitchells &amp; Butler ended 6p cheaper at 248p on concerns that it is plotting a bid for rival JD Wetherspoon, 3.25p higher at 297p. Among the small caps, food manufacturer, Uniq, which warned on profits a month ago, added 4.5p to finish at 167.5p on rumours that it is poised to announce the sale of its poultry division. The business has been at the root of all Uniq's recent problems. Fresh concerns about its financial position and worries that any rescue package will result in massive dilution for shareholders saw Mayflower, the debt-laden bus builder, sink 2p, or 20%, to 8.25p. In the bond market, gilts closed little changed. The benchmark 10-year gilt ended around 102.660, yielding 4.675%.",
      "charCount": "5251"
    },
    "isHosted": false,
    "pillarId": "pillar/news",
    "pillarName": "News"
  },
  {
    "id": "sport/2004/mar/24/cricket.comment",
    "type": "article",
    "sectionId": "sport",
    "sectionName": "Sport",
    "webPublicationDate": "2004-03-24T01:45:37Z",
    "webTitle": "Second Test: West Indies pay price of their own indolence",
    "webUrl": "https://www.theguardian.com/sport/2004/mar/24/cricket.comment",
    "apiUrl": "https://content.guardianapis.com/sport/2004/mar/24/cricket.comment",
    "fields": {
      "headline": "Graft and focus? Heaven help us",
      "standfirst": "West Indies pay price of their own indolence, says Trinidadian cricket writer  BC Pires",
      "trailText": "<p><strong>PC Pires:</strong> As long as West Indians fear hard work and love church, West Indies cricket will remain in Purgatory, says the Trinidadian cricket writer.</p>",
      "main": "",
      "body": "<p>There are explanations for West Indies' spectacular collapses in the Test series against England, but no politically correct ones. The truth is, the team needs really hard work and acute mental concentration; and Caribbean people dread both of those like a month in jail. No matter the problem, our preferred solution is to cock our feet up under a coconut tree, smoke another spliff, and trust even more completely in Jah or his nominee to work it all out by the start of the Barbados Test. </p> <p>And should the Almighty deny salvation in Barbados, that just increases the likelihood of Him sparing his chosen cricket people a further five days of bondage in Antigua. In the West Indies, we rely on prayer books, not technical manuals. </p> <p>The key words in Brian Lara's concession speech yesterday were that the West Indies should not \"lose faith\" in the 16 selected for the five-day training camp in Jamaica before the first Test. The Sky commentator Tony Cozier dismissed the same camp as inadequate; and he's right. In the Caribbean nowadays you see more net practice by fishermen at beaches than cricketers at stadiums. After the disaster of the 47 at Sabina Park, there was an optional practice session. Optional! </p> <p>No one commands the team to get their arses into the nets. The captain does not even ask Caribbeans to go easy on the team; he asks that they do not lose faith. </p> <p>You do not need Cozier's cricketing acumen, or any at all really, to discern that the team's problems lie beyond the boundary. Before England's bowling crystallised into its diamond edge, the teams were, on paper, too close for comfort at the betting shop. In the Tests played, there were no prisoners taken, up until the sudden mass West Indian surrenders. </p> <p>Nine sessions of high drama in Jamaica turned to near-farce in one hour. A West Indian score of 100 without loss before lunch is now worrying. But even two down, West Indies cannot be ruled out. Last year, after being routed by Australia in three Tests, they came from nowhere to score the highest-ever fourth-innings winning total. </p> <p>The problem is, what motivates the team is never will and graft, but always hope and trust in deliverance from on high. You don't need to go to the nets after you've been bowled out for 47, but to church. When the going gets tough you produce rosary beads, not beads of sweat. Yes, great victories can be achieved; but when those achieving them do not understand how or why they occur, they become increasingly random, more and more like acts of God. Last year the prospect of conceding the first whitewash at home is probably what concentrated the team's mind. This year, will that be enough to focus this scattered team's mind? </p> <p>Ridley Jacobs, promoted to No4 on Monday in a move which was called \"tactical\" but was probably closer to speculative, is a devout Christian. When he was vice-captain, he (and Carl Hooper, who could be forgiven a belief in divine intervention after being brought back to captain a team he had abandoned) reportedly paid the travel expenses of a Pentecostal preacher, whose sole function was to pray for, and with, the team. And that is as deep as the mental analysis of the West Indian game gets. Pray more. Practise a bit, if you like. There is a little focus on technique, a lot of fervent hope, and no attention at all to will. </p> <p>West Indies collapse because they do not work as hard as any other international team and because they are weak mentally. From the manual labour perspective, anyone could whip them into shape. It's been done before. There is a fair amount of batting talent and the return of Jermaine Lawson and Fidel Edwards should strengthen the bowling. </p> <p>But how will a PlayStation-generation team be taught to forget everything but the next ball? Isn't there a great party going on in the Red Stripe Mound? Man, we should be there. This team cannot bat through 90 overs because they can barely sit through a feature film. They should be playing chess not Grand Theft Auto. They should be reading novels, not flicking through magazines. </p> <p>Certainly they should be taught their own history. If you had a quarter for every member of the team who read CLR James's Beyond a Boundary, you'd find yourself borrowing a coin from the umpire at the toss. A contemporary West Indian batsman actually failed to recognise Sir Everton Weekes's name when Sir Everton attempted to give him a batting tip; the young players probably think the Three Ws was a restaurant. </p> <p>Hard work is considered demeaning, beneath a hero. Look, Chris Gayle won't run his runs but lash them in boundaries. Sometimes it works. Most of the time, especially when the other side are working hard and deeply concentrated on a single end, it will fail. As long as West Indians fear hard work and love church, West Indies cricket will remain in Purgatory. </p> <p><strong>West Indies' recent Test series</strong></p> <p>03/04 <strong> South Africa</strong> A L3-0 </p> <p>03 <strong> Zimbabwe</strong> A W1-0 </p> <p>03 <strong> Sri Lanka</strong> H W1-0 </p> <p>03 <strong> Australia</strong> H L3-1 </p> <p>02 <strong> Bangladesh</strong> A W2-0 </p> <p>02 <strong> India</strong> A L2-0 </p> <p>02 <strong> New Zealand</strong> H L1-0 </p> <p>02 <strong> India</strong> H W2-1 </p> <p>02 <strong> Pakistan</strong> ** L2-0 </p> <p>01 <strong> Sri Lanka</strong> A L3-0 </p> <p> **played in UAE</p>",
      "newspaperPageNumber": "26",
      "wordcount": "893",
      "commentable": "false",
      "isPremoderated": "false",
      "lastModified": "2017-06-05T18:23:29Z",
      "newspaperEditionDate": "2004-03-24T00:00:00Z",
      "productionOffice": "UK",
      "publication": "theguardian.com",
      "shortUrl": "https://gu.com/p/x7x83",
      "shouldHideAdverts": "false",
      "showInRelatedContent": "true",
      "legallySensitive": "false",
      "lang": "en",
      "bodyText": "There are explanations for West Indies' spectacular collapses in the Test series against England, but no politically correct ones. The truth is, the team needs really hard work and acute mental concentration; and Caribbean people dread both of those like a month in jail. No matter the problem, our preferred solution is to cock our feet up under a coconut tree, smoke another spliff, and trust even more completely in Jah or his nominee to work it all out by the start of the Barbados Test. And should the Almighty deny salvation in Barbados, that just increases the likelihood of Him sparing his chosen cricket people a further five days of bondage in Antigua. In the West Indies, we rely on prayer books, not technical manuals. The key words in Brian Lara's concession speech yesterday were that the West Indies should not \"lose faith\" in the 16 selected for the five-day training camp in Jamaica before the first Test. The Sky commentator Tony Cozier dismissed the same camp as inadequate; and he's right. In the Caribbean nowadays you see more net practice by fishermen at beaches than cricketers at stadiums. After the disaster of the 47 at Sabina Park, there was an optional practice session. Optional! No one commands the team to get their arses into the nets. The captain does not even ask Caribbeans to go easy on the team; he asks that they do not lose faith. You do not need Cozier's cricketing acumen, or any at all really, to discern that the team's problems lie beyond the boundary. Before England's bowling crystallised into its diamond edge, the teams were, on paper, too close for comfort at the betting shop. In the Tests played, there were no prisoners taken, up until the sudden mass West Indian surrenders. Nine sessions of high drama in Jamaica turned to near-farce in one hour. A West Indian score of 100 without loss before lunch is now worrying. But even two down, West Indies cannot be ruled out. Last year, after being routed by Australia in three Tests, they came from nowhere to score the highest-ever fourth-innings winning total. The problem is, what motivates the team is never will and graft, but always hope and trust in deliverance from on high. You don't need to go to the nets after you've been bowled out for 47, but to church. When the going gets tough you produce rosary beads, not beads of sweat. Yes, great victories can be achieved; but when those achieving them do not understand how or why they occur, they become increasingly random, more and more like acts of God. Last year the prospect of conceding the first whitewash at home is probably what concentrated the team's mind. This year, will that be enough to focus this scattered team's mind? Ridley Jacobs, promoted to No4 on Monday in a move which was called \"tactical\" but was probably closer to speculative, is a devout Christian. When he was vice-captain, he (and Carl Hooper, who could be forgiven a belief in divine intervention after being brought back to captain a team he had abandoned) reportedly paid the travel expenses of a Pentecostal preacher, whose sole function was to pray for, and with, the team. And that is as deep as the mental analysis of the West Indian game gets. Pray more. Practise a bit, if you like. There is a little focus on technique, a lot of fervent hope, and no attention at all to will. West Indies collapse because they do not work as hard as any other international team and because they are weak mentally. From the manual labour perspective, anyone could whip them into shape. It's been done before. There is a fair amount of batting talent and the return of Jermaine Lawson and Fidel Edwards should strengthen the bowling. But how will a PlayStation-generation team be taught to forget everything but the next ball? Isn't there a great party going on in the Red Stripe Mound? Man, we should be there. This team cannot bat through 90 overs because they can barely sit through a feature film. They should be playing chess not Grand Theft Auto. They should be reading novels, not flicking through magazines. Certainly they should be taught their own history. If you had a quarter for every member of the team who read CLR James's Beyond a Boundary, you'd find yourself borrowing a coin from the umpire at the toss. A contemporary West Indian batsman actually failed to recognise Sir Everton Weekes's name when Sir Everton attempted to give him a batting tip; the young players probably think the Three Ws was a restaurant. Hard work is considered demeaning, beneath a hero. Look, Chris Gayle won't run his runs but lash them in boundaries. Sometimes it works. Most of the time, especially when the other side are working hard and deeply concentrated on a single end, it will fail. As long as West Indians fear hard work and love church, West Indies cricket will remain in Purgatory. West Indies' recent Test series 03/04 South Africa A L3-0 03 Zimbabwe A W1-0 03 Sri Lanka H W1-0 03 Australia H L3-1 02 Bangladesh A W2-0 02 India A L2-0 02 New Zealand H L1-0 02 India H W2-1 02 Pakistan ** L2-0 01 Sri Lanka A L3-0 **played in UAE",
      "charCount": "5067"
    },
    "isHosted": false,
    "pillarId": "pillar/sport",
    "pillarName": "Sport"
  }
]