[
  {
    "id": "theguardian/2004/aug/20/guardianweekly.guardianweekly11",
    "type": "article",
    "sectionId": "global",
    "sectionName": "Global",
    "webPublicationDate": "2004-08-20T16:56:41Z",
    "webTitle": "Counting beans",
    "webUrl": "https://www.theguardian.com/theguardian/2004/aug/20/guardianweekly.guardianweekly11",
    "apiUrl": "https://content.guardianapis.com/theguardian/2004/aug/20/guardianweekly.guardianweekly11",
    "fields": {
      "headline": "Counting beans",
      "trailText": "You're at the supermarket, staring at a gaudy edifice of chocolate. At eye level are big, cheap slabs whose brand names you recognise from every bus shelter poster and TV advert. Slightly higher up is a smaller bar wrapped in dark paper, proclaiming its name, Green &amp; Black's, in the kind of faintly aristocratic typeface you might see on a National Trust letterhead. Two small logos strike you on the packaging: the familiar Soil Association organic swirl and a more unusual waving silhouette of the Fairtrade Foundation.",
      "byline": "William Sutcliffe",
      "main": "",
      "body": "You're at the supermarket, staring at a gaudy edifice of chocolate. At eye level are big, cheap slabs whose brand names you recognise from every bus shelter poster and TV advert. Slightly higher up is a smaller bar wrapped in dark paper, proclaiming its name, Green &amp; Black's, in the kind of faintly aristocratic typeface you might see on a National Trust letterhead. Two small logos strike you on the packaging: the familiar Soil Association organic swirl and a more unusual waving silhouette of the Fairtrade Foundation. <p>You weigh up the cost, and toss the Green &amp; Black's into your trolley. But why? Is it because you know the high cocoa content represents good-quality chocolate? Is it because the organic stamp makes this bar appear healthier than the others? Or do you imagine that you are genuinely doing a favour for some distant, toiling, impoverished cocoa farmer? Whatever the reason, you are not alone. The Fairtrade mark is 10 years old this year, and sales are soaring. Some $115m of Fairtrade foods are sold annually, an increase of 90% within the past two years. For the Fairtrade ideal, a tipping point has clearly just been passed. We are shopping with our heart as well as our stomach. </p> <p>The first Fairtrade product in the UK was Green &amp; Black's Maya Gold chocolate. It is perhaps no coincidence that this is where the idea started. More than any other food, when we buy a bar of chocolate, we buy a set of associations. Our choice of chocolate is as much about competing marketing strategies as it is about taste. Green &amp; Black's offers us a new idea, a new self-image, an ethically better self, to impose on the tabula rasa of cocoa. This strategy is working extremely well, with Green &amp; Black's annual turnover rising from $8m to $24m in the past two years. </p> <p>Green &amp; Black's success may owe something to the anti-globalisation movement, and the increasing acceptance of the anti-multinational philosophy. But what does the Fairtrade logo, with its vague promise to \"guarantee a better deal for third-world producers\", really mean? And do we care? Or do we buy into the Fairtrade brand for the same reason some buy Nike trainers - because it's cool? I decided that the only way to find out if the Fairtrade image is based on any kind of fact was to go and meet the farmers. I wouldn't take on trust the message of the logo; I'd track a bar of chocolate to its source and find out if a producer in the developing world really was seeing any benefit. </p> <p>Maya Gold is produced using cocoa grown by Mayan farmers in Toledo, an impoverished jungle region of southern Belize. With a decade of Fairtrade behind them, these farmers would know if Fairtrade really was fair, and if it had made a difference to anyone's life. </p> <p>The roads in Toledo are so bad that I fly there in a tiny propeller plane. I am greeted at the airstrip by Gregor Hargrove, project manager for Green &amp; Black's in Belize. He's the former owner of a sustainable forestry business. He sold it, then boredom drove him to Belize, where a variety of aid jobs eventually led him to his current post. </p> <p>We head into Punta Gorda, capital of the Toledo district, to look around the shabby but bustling Green &amp; Black's office, staffed by two young Mayans. As a test case for the relative fairness of international trade, Mayan cocoa farmers are curiously appropriate. The cocoa tree is indigenous to this region of Central America. Two thousand years ago a thriving Mayan civilisation revered the cocoa tree as a sacred plant, and Mayan priests were the first to roast and grind the seeds of the cocoa pod, producing the drink \"chocolatl\", used in religious rituals. </p> <p>Even then cocoa was a cash crop, the seeds traded for gold, silver, turquoise, maize, oil, beans, incense and cotton. One Mayan document valued a slave at 100 cocoa beans. When the Spanish took cocoa back to Europe in the 17th century, drinking chocolate became an exclusive luxury for the elite of society. Then, in the late 1800s, a Dutchman, Van Houten, invented the cocoa press, which could separate the ground beans into cocoa powder and cocoa butter. This development made a smoother drink and allowed for an altered balance of powder and butter. This, in turn, led to the invention of the chocolate bar. </p> <p>Van Houten's press was first brought to Britain by a certain Mr Cadbury, and soon chocolate became an affordable, popular treat. </p> <p>But while chocolate took over the world, the Mayans were left behind. The majority of the world's cocoa is now grown on densely planted, heavily fertilised and pesticide-sprayed plantations in Ivory Coast, Ghana, Malaysia and Brazil. As a global force in the production of their native plant, the Mayans are now nonentities. In Belize they are the poorest of the poor, most living by subsistence farming. </p> <p>Jeronimo Tush, one of the more successful cocoa farmers in the area, has been selling to Green &amp; Black's for a decade. We sit on the concrete porch of his solidly built home, overlooking his 30 acres of land, half of which he actively farms. He has dedicated 10 acres to citrus and six acres to cocoa. </p> <p>For a 49-year-old farmer with nine children, Tush looks remarkably young, healthy and content. I ask him how his life has changed since he began selling cocoa to Green &amp; Black's. \"I used to live in a thatch hut with a mud floor. Now I have two concrete houses. And I have been able to educate my children. Sophia is at university in Belmopan [the capital of Belize] and Laurence is a teacher. They had to work in a shrimp farm when they were younger, but my children now only go to school. We don't need them to work.\" </p> <p>Is this because of the Fairtrade price he has been receiving for his cocoa? He shakes his head. \"It is from cocoa and citrus.\" </p> <p>\"And is your citrus sold at a Fairtrade price?\" </p> <p>\"No. At the market price.\" </p> <p>\"And is that a fair price?\" </p> <p>\"When you sell it, you still don't know the price, and you get three payments. One when you give them the fruit, one three months later, then three months after that you get a final payment. Only at the end do you find out what you are really getting.\" </p> <p>\"So is selling the cocoa much better? They pay a set price, and buy the whole crop for cash when you bring it in. Have you become richer just because of the cocoa?\" </p> <p>\"No. Cocoa and citrus.\" </p> <p>\"But is the Fairtrade cocoa much better?\" </p> <p>He shrugs. \"Cocoa and citrus,\" he says. </p> <p>\"And if you had to sell the cocoa at the market price, would it make a big difference to you?\" </p> <p>\"No,\" he replies. </p> <p>\"And is selling to Green &amp; Black's very different from other buyers?\" </p> <p>\"Yes.\" </p> <p>\"In what way?\" </p> <p>\"They ask lots of questions about if it is organic.\" </p> <p>Hargrove asks, \"How much did you make from cocoa last year, Jeronimo?\" </p> <p>\"I can't remember.\" </p> <p>\"I remember,\" Hargrove says. \"It was 4,000 Belize dollars, wasn't it?\" That's about $1,800. </p> <p>Tush thinks for a while, and then accepts the figure. Pressed, he also comes up with a figure for his citrus - roughly $820. Only when he is reminded that he is making more than twice as much money from just over half the land will he acknowledge that cocoa is a far better crop. \"I am going to expand the cocoa. It is better,\" he reluctantly concedes. </p> <p>In terms of aid, or of Fairtrade, Tush represents the end of the line. He is the illiterate son of a subsistence farmer, keen to give his children a better life than his own. He is the ideal of the person whom Fairtrade has set out to help. And if it were easy, the aid organisations would have already managed to help him. </p> <p>Tush was a penniless, homeless orphan at the age of 14, and without Green &amp; Black's he would probably still be living in a thatched hut, his children working on a shrimp farm. Yet his understanding of Fairtrade is only sketchy, and his comprehension of the extent to which his economic situation would be altered if he were left to the mercy of market forces is nonexistent. He is proud of what he grows. As to the price he gets for it, he seems to feel this is simply beyond him. </p> <p>Saul Garcia, a farmer, is also sanguine about his cocoa. He knows it is his most profitable crop, and he is planting 300 trees every year, but he also grows coffee, cashews, star fruit, oranges and coconuts. He tells me he has been selling his cocoa to Green &amp; Black's only since 1998, because he didn't trust them for the first five years. Now he is beginning to recognise that they will consistently pay a good price, and buy his whole crop. </p> <p>Meeting Tush, you begin to understand that the Fairtrade guarantee is addressed less to the farmers than to the shoppers. Or at least, when it is addressed to the farmers, it is unlikely to impress them. A Fairtrade white man in a suit with a graph of prices and a table of yields and profits will look no different from other businessmen and aid workers who have gone before. And previous dealings with western cocoa interests more than explain the farmers' mistrust. </p> <p>Mayans have always grown cocoa for personal use, but the commercial farming of cocoa in Toledo has its origins in a USAid (US Agency for International Development) programme run in the 1980s. USAid's original Cocoa Development Project of Belize document, given out to Mayan farmers, makes for alarming reading. It proposes that these farmers abandon the native breed they have been growing for thousands of years in favour of a hybrid seed. Two models are then offered - low-input and high-input. Both involve the use of insecticide, fungicide, foliar fertiliser and granular fertiliser, all of which these previously organic farmers would have to buy at a price. The cost of these inputs is set against the price of cocoa, with a promise that \"demand for cocoa has been growing and is expected to continue to grow\". The document states that a farmer with 10 acres will stand to make a net profit of between $3,900 and $8,000, depending on whether they adopt the low- or high-input model. The US company Hershey, the farmers are told, \"will buy all cocoa at a fair price\". </p> <p>While it is true that demand for cocoa had been rising, there is no mention of the fact that supply had also been rising, and at a faster rate. As a result, prices had been in steady decline, with cocoa selling in 1987 for close to half the price of the previous decade. There was no reason to suppose this decline would cease - and it didn't. </p> <p>By the early 1990s, when the new trees were bearing fruit, the sums did not come out as USAid had predicted. The profits offered had been based on a calculation of 85 cents for a pound of cocoa. In 1993 Hershey offered 33.5 cents for each pound. After six years of work, these farmers now stood to make an out-and-out loss. Many didn't even bother to harvest the crop. In an area where 79% of the population live below the poverty line, the effect was devastating. </p> <p>In order to understand Fairtrade, one must first understand unfair trade. Justino Peck, chairman of the Toledo Cacao Growers Association, and a cocoa farmer himself, is still bitter about his experience with USAid. </p> <p>Craig Sams, co-founder and president of Green &amp; Black's, who was shortly to come to the rescue of the Toledo farmers, will not be drawn on the precise nature of the relationship between USAid and Hershey. \"The effect of these cocoa development projects was to diversify the areas in which it was grown, which contributed to the drop in price. I can't say what USAid's motives were, but though it was pitched as aid, the effect of the programme served the purposes of the big international cocoa buyers more than it served to help third-world cocoa farmers.\" </p> <p>Sams, who had recently visited a cocoa plantation in Belize \"out of curiosity\" while helping a cousin to film a documentary, was at that point branching out from his job running Whole Earth foods to found Green &amp; Black's. He had noted that the vast majority of the Belizean farmers had spurned (or been unable to afford) USAid's seeds, fertilisers and pesticides, but had mostly stuck to traditional organic farming of the indigenous cocoa. </p> <p>When Sams heard that the Toledo farmers had lost their American buyer, he had the idea for a new product: Maya Gold. He offered to buy the Toledo beans for 63 cents a pound - roughly 10% higher than the market rate at the time - and promised to continue buying at this price, year on year, regardless of dips in the market. His price would hold steady unless the market price rose, in which case he would adjust his price upwards to match (and exceed) it. This promise, originally made to Toledan cocoa farmers in November 1993, was to become the central plank of the Fairtrade philosophy. </p> <p>Ten years on, Sams has stood by his promise. He still buys every bean offered for sale in Toledo. While the world market oscillates wildly, he pays a set 89 cents for each pound. When the market price peaks above this level, he pays the market rate plus roughly 10%. </p> <p>As shoppers, we will give our trust based on nothing more than the sight of a pretty logo. Years, decades even, are necessary to win the trust of farmers, whose every cocoa tree is grown using time and land that would otherwise be used to grow the family food supply. There is nothing dumb about this resistance. Scratching a living from 20 acres of jungle is no mean feat, with little leeway for error. </p> <p>The defining principle of Fairtrade is summed up by the slogan \"Trade, not aid\". From each bar of Maya Gold chocolate, retailing at \u00a31.60 in the UK, a Toledo farmer will receive roughly 6p. The cocoa mass may be 55%, but the cocoa cost is nearer to 4%. When it comes to international trade, \"fair\" is a relative term. </p> <p>One morning in the Green &amp; Black's office in Punta Gorda, with various farmers coming and going, and a bar of Maya Gold in my hand, I ask the key question. If I am in Britain, and I have a choice between spending $2.90 on this bar, from which they will earn 10 cents, or giving $2.90 to an international aid charity, what should I do? </p> <p>Not one farmer hesitates: buy the chocolate. </p> <p>Gregor Hargrove says that scepticism about aid runs so deep in the area that one of the first points he makes when attempting to recruit new cocoa growers is that Green &amp; Black's is not a charity. \"'We are not here to help you. We are here to make a profit. We are a business.' It's something I always say. It's very important for winning their trust.\" </p> <p>When I ask the farmers if they think Fairtrade is fair, they all say yes. But there's nothing the Fairtrade Foundation can do about the extent to which the balance of power in international trade favours Europe over the developing world. Cocoa processing is far more profitable than cocoa growing. EU import tariffs are zero on beans, but up to 9.6% on cocoa butter or paste. As a result, almost all processing takes place in Europe and North America. Amsterdam is the world's busiest cocoa port, and from imports of 250,000 tonnes of beans, it can expect to earn more than $5bn in export sales. Meanwhile, from exports of 700,000 tonnes of beans, Ivory Coast can expect to earn no more than $7bn. </p> <p>Yet, by comparison with the merry-go-round of international aid, the money from Fairtrade food passes through remarkably few hands on its way from your pocket to the pocket of a poor farmer. The sum may shrink hugely along the way, but a man in a concrete-floored shack of a Green &amp; Black's office in Punta Gorda really is out there, weighing sacks of beans and giving out cash, while his neighbours in carpeted aid offices down the street are writing proposals, attending committees and flying to conferences.</p>",
      "newspaperPageNumber": "15",
      "wordcount": "2788",
      "commentable": "false",
      "isPremoderated": "false",
      "lastModified": "2004-08-19T16:56:41Z",
      "newspaperEditionDate": "2004-08-20T00:00:00Z",
      "productionOffice": "UK",
      "publication": "Guardian Weekly",
      "shortUrl": "https://gu.com/p/pcxb",
      "shouldHideAdverts": "false",
      "showInRelatedContent": "true",
      "legallySensitive": "false",
      "lang": "en",
      "bodyText": "You're at the supermarket, staring at a gaudy edifice of chocolate. At eye level are big, cheap slabs whose brand names you recognise from every bus shelter poster and TV advert. Slightly higher up is a smaller bar wrapped in dark paper, proclaiming its name, Green &amp; Black's, in the kind of faintly aristocratic typeface you might see on a National Trust letterhead. Two small logos strike you on the packaging: the familiar Soil Association organic swirl and a more unusual waving silhouette of the Fairtrade Foundation. You weigh up the cost, and toss the Green &amp; Black's into your trolley. But why? Is it because you know the high cocoa content represents good-quality chocolate? Is it because the organic stamp makes this bar appear healthier than the others? Or do you imagine that you are genuinely doing a favour for some distant, toiling, impoverished cocoa farmer? Whatever the reason, you are not alone. The Fairtrade mark is 10 years old this year, and sales are soaring. Some $115m of Fairtrade foods are sold annually, an increase of 90% within the past two years. For the Fairtrade ideal, a tipping point has clearly just been passed. We are shopping with our heart as well as our stomach. The first Fairtrade product in the UK was Green &amp; Black's Maya Gold chocolate. It is perhaps no coincidence that this is where the idea started. More than any other food, when we buy a bar of chocolate, we buy a set of associations. Our choice of chocolate is as much about competing marketing strategies as it is about taste. Green &amp; Black's offers us a new idea, a new self-image, an ethically better self, to impose on the tabula rasa of cocoa. This strategy is working extremely well, with Green &amp; Black's annual turnover rising from $8m to $24m in the past two years. Green &amp; Black's success may owe something to the anti-globalisation movement, and the increasing acceptance of the anti-multinational philosophy. But what does the Fairtrade logo, with its vague promise to \"guarantee a better deal for third-world producers\", really mean? And do we care? Or do we buy into the Fairtrade brand for the same reason some buy Nike trainers - because it's cool? I decided that the only way to find out if the Fairtrade image is based on any kind of fact was to go and meet the farmers. I wouldn't take on trust the message of the logo; I'd track a bar of chocolate to its source and find out if a producer in the developing world really was seeing any benefit. Maya Gold is produced using cocoa grown by Mayan farmers in Toledo, an impoverished jungle region of southern Belize. With a decade of Fairtrade behind them, these farmers would know if Fairtrade really was fair, and if it had made a difference to anyone's life. The roads in Toledo are so bad that I fly there in a tiny propeller plane. I am greeted at the airstrip by Gregor Hargrove, project manager for Green &amp; Black's in Belize. He's the former owner of a sustainable forestry business. He sold it, then boredom drove him to Belize, where a variety of aid jobs eventually led him to his current post. We head into Punta Gorda, capital of the Toledo district, to look around the shabby but bustling Green &amp; Black's office, staffed by two young Mayans. As a test case for the relative fairness of international trade, Mayan cocoa farmers are curiously appropriate. The cocoa tree is indigenous to this region of Central America. Two thousand years ago a thriving Mayan civilisation revered the cocoa tree as a sacred plant, and Mayan priests were the first to roast and grind the seeds of the cocoa pod, producing the drink \"chocolatl\", used in religious rituals. Even then cocoa was a cash crop, the seeds traded for gold, silver, turquoise, maize, oil, beans, incense and cotton. One Mayan document valued a slave at 100 cocoa beans. When the Spanish took cocoa back to Europe in the 17th century, drinking chocolate became an exclusive luxury for the elite of society. Then, in the late 1800s, a Dutchman, Van Houten, invented the cocoa press, which could separate the ground beans into cocoa powder and cocoa butter. This development made a smoother drink and allowed for an altered balance of powder and butter. This, in turn, led to the invention of the chocolate bar. Van Houten's press was first brought to Britain by a certain Mr Cadbury, and soon chocolate became an affordable, popular treat. But while chocolate took over the world, the Mayans were left behind. The majority of the world's cocoa is now grown on densely planted, heavily fertilised and pesticide-sprayed plantations in Ivory Coast, Ghana, Malaysia and Brazil. As a global force in the production of their native plant, the Mayans are now nonentities. In Belize they are the poorest of the poor, most living by subsistence farming. Jeronimo Tush, one of the more successful cocoa farmers in the area, has been selling to Green &amp; Black's for a decade. We sit on the concrete porch of his solidly built home, overlooking his 30 acres of land, half of which he actively farms. He has dedicated 10 acres to citrus and six acres to cocoa. For a 49-year-old farmer with nine children, Tush looks remarkably young, healthy and content. I ask him how his life has changed since he began selling cocoa to Green &amp; Black's. \"I used to live in a thatch hut with a mud floor. Now I have two concrete houses. And I have been able to educate my children. Sophia is at university in Belmopan [the capital of Belize] and Laurence is a teacher. They had to work in a shrimp farm when they were younger, but my children now only go to school. We don't need them to work.\" Is this because of the Fairtrade price he has been receiving for his cocoa? He shakes his head. \"It is from cocoa and citrus.\" \"And is your citrus sold at a Fairtrade price?\" \"No. At the market price.\" \"And is that a fair price?\" \"When you sell it, you still don't know the price, and you get three payments. One when you give them the fruit, one three months later, then three months after that you get a final payment. Only at the end do you find out what you are really getting.\" \"So is selling the cocoa much better? They pay a set price, and buy the whole crop for cash when you bring it in. Have you become richer just because of the cocoa?\" \"No. Cocoa and citrus.\" \"But is the Fairtrade cocoa much better?\" He shrugs. \"Cocoa and citrus,\" he says. \"And if you had to sell the cocoa at the market price, would it make a big difference to you?\" \"No,\" he replies. \"And is selling to Green &amp; Black's very different from other buyers?\" \"Yes.\" \"In what way?\" \"They ask lots of questions about if it is organic.\" Hargrove asks, \"How much did you make from cocoa last year, Jeronimo?\" \"I can't remember.\" \"I remember,\" Hargrove says. \"It was 4,000 Belize dollars, wasn't it?\" That's about $1,800. Tush thinks for a while, and then accepts the figure. Pressed, he also comes up with a figure for his citrus - roughly $820. Only when he is reminded that he is making more than twice as much money from just over half the land will he acknowledge that cocoa is a far better crop. \"I am going to expand the cocoa. It is better,\" he reluctantly concedes. In terms of aid, or of Fairtrade, Tush represents the end of the line. He is the illiterate son of a subsistence farmer, keen to give his children a better life than his own. He is the ideal of the person whom Fairtrade has set out to help. And if it were easy, the aid organisations would have already managed to help him. Tush was a penniless, homeless orphan at the age of 14, and without Green &amp; Black's he would probably still be living in a thatched hut, his children working on a shrimp farm. Yet his understanding of Fairtrade is only sketchy, and his comprehension of the extent to which his economic situation would be altered if he were left to the mercy of market forces is nonexistent. He is proud of what he grows. As to the price he gets for it, he seems to feel this is simply beyond him. Saul Garcia, a farmer, is also sanguine about his cocoa. He knows it is his most profitable crop, and he is planting 300 trees every year, but he also grows coffee, cashews, star fruit, oranges and coconuts. He tells me he has been selling his cocoa to Green &amp; Black's only since 1998, because he didn't trust them for the first five years. Now he is beginning to recognise that they will consistently pay a good price, and buy his whole crop. Meeting Tush, you begin to understand that the Fairtrade guarantee is addressed less to the farmers than to the shoppers. Or at least, when it is addressed to the farmers, it is unlikely to impress them. A Fairtrade white man in a suit with a graph of prices and a table of yields and profits will look no different from other businessmen and aid workers who have gone before. And previous dealings with western cocoa interests more than explain the farmers' mistrust. Mayans have always grown cocoa for personal use, but the commercial farming of cocoa in Toledo has its origins in a USAid (US Agency for International Development) programme run in the 1980s. USAid's original Cocoa Development Project of Belize document, given out to Mayan farmers, makes for alarming reading. It proposes that these farmers abandon the native breed they have been growing for thousands of years in favour of a hybrid seed. Two models are then offered - low-input and high-input. Both involve the use of insecticide, fungicide, foliar fertiliser and granular fertiliser, all of which these previously organic farmers would have to buy at a price. The cost of these inputs is set against the price of cocoa, with a promise that \"demand for cocoa has been growing and is expected to continue to grow\". The document states that a farmer with 10 acres will stand to make a net profit of between $3,900 and $8,000, depending on whether they adopt the low- or high-input model. The US company Hershey, the farmers are told, \"will buy all cocoa at a fair price\". While it is true that demand for cocoa had been rising, there is no mention of the fact that supply had also been rising, and at a faster rate. As a result, prices had been in steady decline, with cocoa selling in 1987 for close to half the price of the previous decade. There was no reason to suppose this decline would cease - and it didn't. By the early 1990s, when the new trees were bearing fruit, the sums did not come out as USAid had predicted. The profits offered had been based on a calculation of 85 cents for a pound of cocoa. In 1993 Hershey offered 33.5 cents for each pound. After six years of work, these farmers now stood to make an out-and-out loss. Many didn't even bother to harvest the crop. In an area where 79% of the population live below the poverty line, the effect was devastating. In order to understand Fairtrade, one must first understand unfair trade. Justino Peck, chairman of the Toledo Cacao Growers Association, and a cocoa farmer himself, is still bitter about his experience with USAid. Craig Sams, co-founder and president of Green &amp; Black's, who was shortly to come to the rescue of the Toledo farmers, will not be drawn on the precise nature of the relationship between USAid and Hershey. \"The effect of these cocoa development projects was to diversify the areas in which it was grown, which contributed to the drop in price. I can't say what USAid's motives were, but though it was pitched as aid, the effect of the programme served the purposes of the big international cocoa buyers more than it served to help third-world cocoa farmers.\" Sams, who had recently visited a cocoa plantation in Belize \"out of curiosity\" while helping a cousin to film a documentary, was at that point branching out from his job running Whole Earth foods to found Green &amp; Black's. He had noted that the vast majority of the Belizean farmers had spurned (or been unable to afford) USAid's seeds, fertilisers and pesticides, but had mostly stuck to traditional organic farming of the indigenous cocoa. When Sams heard that the Toledo farmers had lost their American buyer, he had the idea for a new product: Maya Gold. He offered to buy the Toledo beans for 63 cents a pound - roughly 10% higher than the market rate at the time - and promised to continue buying at this price, year on year, regardless of dips in the market. His price would hold steady unless the market price rose, in which case he would adjust his price upwards to match (and exceed) it. This promise, originally made to Toledan cocoa farmers in November 1993, was to become the central plank of the Fairtrade philosophy. Ten years on, Sams has stood by his promise. He still buys every bean offered for sale in Toledo. While the world market oscillates wildly, he pays a set 89 cents for each pound. When the market price peaks above this level, he pays the market rate plus roughly 10%. As shoppers, we will give our trust based on nothing more than the sight of a pretty logo. Years, decades even, are necessary to win the trust of farmers, whose every cocoa tree is grown using time and land that would otherwise be used to grow the family food supply. There is nothing dumb about this resistance. Scratching a living from 20 acres of jungle is no mean feat, with little leeway for error. The defining principle of Fairtrade is summed up by the slogan \"Trade, not aid\". From each bar of Maya Gold chocolate, retailing at \u00a31.60 in the UK, a Toledo farmer will receive roughly 6p. The cocoa mass may be 55%, but the cocoa cost is nearer to 4%. When it comes to international trade, \"fair\" is a relative term. One morning in the Green &amp; Black's office in Punta Gorda, with various farmers coming and going, and a bar of Maya Gold in my hand, I ask the key question. If I am in Britain, and I have a choice between spending $2.90 on this bar, from which they will earn 10 cents, or giving $2.90 to an international aid charity, what should I do? Not one farmer hesitates: buy the chocolate. Gregor Hargrove says that scepticism about aid runs so deep in the area that one of the first points he makes when attempting to recruit new cocoa growers is that Green &amp; Black's is not a charity. \"'We are not here to help you. We are here to make a profit. We are a business.' It's something I always say. It's very important for winning their trust.\" When I ask the farmers if they think Fairtrade is fair, they all say yes. But there's nothing the Fairtrade Foundation can do about the extent to which the balance of power in international trade favours Europe over the developing world. Cocoa processing is far more profitable than cocoa growing. EU import tariffs are zero on beans, but up to 9.6% on cocoa butter or paste. As a result, almost all processing takes place in Europe and North America. Amsterdam is the world's busiest cocoa port, and from imports of 250,000 tonnes of beans, it can expect to earn more than $5bn in export sales. Meanwhile, from exports of 700,000 tonnes of beans, Ivory Coast can expect to earn no more than $7bn. Yet, by comparison with the merry-go-round of international aid, the money from Fairtrade food passes through remarkably few hands on its way from your pocket to the pocket of a poor farmer. The sum may shrink hugely along the way, but a man in a concrete-floored shack of a Green &amp; Black's office in Punta Gorda really is out there, weighing sacks of beans and giving out cash, while his neighbours in carpeted aid offices down the street are writing proposals, attending committees and flying to conferences.",
      "charCount": "15554"
    },
    "isHosted": false
  },
  {
    "id": "business/2004/aug/20/oilandpetrol.iraq",
    "type": "article",
    "sectionId": "business",
    "sectionName": "Business",
    "webPublicationDate": "2004-08-20T15:33:21Z",
    "webTitle": "Oil prices edge closer to $50 mark",
    "webUrl": "https://www.theguardian.com/business/2004/aug/20/oilandpetrol.iraq",
    "apiUrl": "https://content.guardianapis.com/business/2004/aug/20/oilandpetrol.iraq",
    "fields": {
      "headline": "Oil prices edge closer to $50 mark",
      "trailText": "<p>Global oil prices today rose to record levels as the three-week battle in Iraq between the radical cleric Moqtada al-Sadr and US-led forces in the holy city of Najaf intensified. </p>",
      "byline": "Staff and agencies",
      "main": "",
      "body": "<p>Global oil prices today rose to record levels as the three-week battle in Iraq between the radical cleric Moqtada al-Sadr and US-led forces in the holy city of Najaf intensified. </p> <p>Mr Sadr's Mahdi army militia has threatened to target Iraq's vulnerable oil infrastructure, especially the state's pipeline network, fuelling market fears about tight global supplies.</p> <p>US light crude today set a record of $49.33 (\u00a327) a barrel, up 63 cents, with prices having risen by $12 a barrel since the end of June. Oil costs have set records in all but one of the last 16 trading sessions, and London Brent also hit a new high of $45.15 a barrel, up 82 cents.</p> <p>In Britain, motorists were today warned to expect petrol prices of more than \u00a34 a gallon following the latest increase in the cost of oil. </p> <p>The average cost of a gallon of unleaded petrol is currently \u00a33.71, or 81.7p a litre, meaning that the annual cost of filling a tank is \u00a3150 higher than it had been in January. </p> <p>Motoring organisation the AA said motorists faced a \"rollercoaster ride\" over the next few months as rising interest rates compounded the high cost of crude.</p> <p>\"Analysts are predicting petrol could hit \u00a34 a gallon or 88p a litre and we have no reason to dispute that,\" Rebecca Rees, an AA spokeswoman, said.</p> <p>The threat of an increase in fuel duty in November also remains, although the chancellor, Gordon Brown, could again offer motorists a respite with a second postponement. </p> <p>The latest rise in oil prices came as US warplanes pounded areas near a shrine in Najaf, where Mr Sadr's militia remained holed up after the cleric defied an ultimatum from the interim Iraqi government to disarm. </p> <p>On Thursday, saboteurs set fire to the headquarters of the South Oil company in the port city of Basra, witnesses said.</p> <p>Iraq's main southern pipeline from the Basra oilfields has been shut since a sabotage attack on August 9. The closure has seen exports fall to around one million barrels a day, or half the normal rates. </p> <p>\"The rise in oil prices is a cause for concern,\" the European monetary affairs commissioner, Joaquin Almunia, said, adding that he hoped it would not derail economic recovery. </p> <p>\"All of us are concerned with increases of oil prices but I hope we will not avoid a strengthening of our recovery,\" he said. \"I hope we will keep our recovery intact and we will even have growth greater than in our last forecasts.\"</p> <p>Rising oil demand has left little room for other global producers to cope with shortages in Iraq, but there is little sign that high prices are slowing global demand. </p> <p>The International Monetary Fund director, Rodrigo Rato, was quoted on Friday as saying that he still expected world growth of 4.6% this year.</p> <p>China's oil demand shows no evidence of slowing, despite government attempts to curb an economic boom. </p> <p>Chinese crude imports for July jumped 41%, with imports for the year to the end of that month up by 40% year on year, according to customs data. </p> <p>India's major refiner, the state-run Indian oil corporation, said it expected the country's crude oil imports to increase by 11% in 2004-05 as demand rose by almost 4%.</p>",
      "wordcount": "546",
      "commentable": "false",
      "isPremoderated": "false",
      "lastModified": "2016-06-15T08:50:08Z",
      "newspaperEditionDate": "2004-08-20T00:00:00Z",
      "productionOffice": "UK",
      "publication": "theguardian.com",
      "shortUrl": "https://gu.com/p/dpcq",
      "shouldHideAdverts": "false",
      "showInRelatedContent": "true",
      "legallySensitive": "false",
      "lang": "en",
      "bodyText": "Global oil prices today rose to record levels as the three-week battle in Iraq between the radical cleric Moqtada al-Sadr and US-led forces in the holy city of Najaf intensified. Mr Sadr's Mahdi army militia has threatened to target Iraq's vulnerable oil infrastructure, especially the state's pipeline network, fuelling market fears about tight global supplies. US light crude today set a record of $49.33 (\u00a327) a barrel, up 63 cents, with prices having risen by $12 a barrel since the end of June. Oil costs have set records in all but one of the last 16 trading sessions, and London Brent also hit a new high of $45.15 a barrel, up 82 cents. In Britain, motorists were today warned to expect petrol prices of more than \u00a34 a gallon following the latest increase in the cost of oil. The average cost of a gallon of unleaded petrol is currently \u00a33.71, or 81.7p a litre, meaning that the annual cost of filling a tank is \u00a3150 higher than it had been in January. Motoring organisation the AA said motorists faced a \"rollercoaster ride\" over the next few months as rising interest rates compounded the high cost of crude. \"Analysts are predicting petrol could hit \u00a34 a gallon or 88p a litre and we have no reason to dispute that,\" Rebecca Rees, an AA spokeswoman, said. The threat of an increase in fuel duty in November also remains, although the chancellor, Gordon Brown, could again offer motorists a respite with a second postponement. The latest rise in oil prices came as US warplanes pounded areas near a shrine in Najaf, where Mr Sadr's militia remained holed up after the cleric defied an ultimatum from the interim Iraqi government to disarm. On Thursday, saboteurs set fire to the headquarters of the South Oil company in the port city of Basra, witnesses said. Iraq's main southern pipeline from the Basra oilfields has been shut since a sabotage attack on August 9. The closure has seen exports fall to around one million barrels a day, or half the normal rates. \"The rise in oil prices is a cause for concern,\" the European monetary affairs commissioner, Joaquin Almunia, said, adding that he hoped it would not derail economic recovery. \"All of us are concerned with increases of oil prices but I hope we will not avoid a strengthening of our recovery,\" he said. \"I hope we will keep our recovery intact and we will even have growth greater than in our last forecasts.\" Rising oil demand has left little room for other global producers to cope with shortages in Iraq, but there is little sign that high prices are slowing global demand. The International Monetary Fund director, Rodrigo Rato, was quoted on Friday as saying that he still expected world growth of 4.6% this year. China's oil demand shows no evidence of slowing, despite government attempts to curb an economic boom. Chinese crude imports for July jumped 41%, with imports for the year to the end of that month up by 40% year on year, according to customs data. India's major refiner, the state-run Indian oil corporation, said it expected the country's crude oil imports to increase by 11% in 2004-05 as demand rose by almost 4%.",
      "charCount": "3107"
    },
    "isHosted": false,
    "pillarId": "pillar/news",
    "pillarName": "News"
  }
]