[
  {
    "id": "world/2004/jan/24/usa.iraq",
    "type": "article",
    "sectionId": "world",
    "sectionName": "World news",
    "webPublicationDate": "2004-01-24T02:14:12Z",
    "webTitle": "Halliburton staff sacked 'for taking bribes'",
    "webUrl": "https://www.theguardian.com/world/2004/jan/24/usa.iraq",
    "apiUrl": "https://content.guardianapis.com/world/2004/jan/24/usa.iraq",
    "fields": {
      "headline": "Halliburton staff sacked 'for taking bribes'",
      "trailText": "Halliburton, the oil services company formerly run by the US vice-president, Dick Cheney, was yesterday embroiled in new accusations of corruption after it sacked two workers over allegations that they took kickbacks for awarding sub-contracts in Iraq.",
      "byline": "David Teather in New York",
      "main": "",
      "body": "Halliburton, the oil services company formerly run by the US vice-president, Dick Cheney, was yesterday embroiled in new accusations of corruption after it sacked two workers over allegations that they took kickbacks for awarding sub-contracts in Iraq. <p>The company disclosed that investigations were going on into whether two of its staff took up to $6m (\u00a33.3m) from a Kuwaiti-based company providing support for US troops. </p> <p>The revelation is likely to intensify the scrutiny of Halliburton, which has reaped huge contracts to rebuild Iraq and provide logistical support for the army. The total value of their contracts is more than $9bn, by far the largest sum handed out to a US firm in Iraq. </p> <p>American Democrats have accused the Bush administration of cronyism in Iraq. </p> <p>Halliburton is already facing allegations that it overcharged the US government for importing fuel to Iraq. The top defence department auditor last week asked the inspector general's office at the Pentagon to investigate whether the firm overcharged for petrol deliveries by more than $61m. </p> <p>Halliburton gave no further details about the two executives who allegedly accepted kickbacks, or the company that allegedly paid the bribes. The workers were based in the Kuwaiti office that also handled the petrol contract. </p> <p>The Kuwaiti firm overcharged by around $6m, and Halliburton said the two workers may have accepted improper payments as part of the over-billing. </p> <p>A Halliburton spokeswoman stressed that the company had brought the bribery allegations to the attention of the Penta gon itself. \"Halliburton internal auditors found the irregularity, which is a violation of our company's philosophy, policy and our code of ethics. We found it quickly, and we immediately reported it to the inspector general,\" she said. \"We do not tolerate this kind of behaviour by anyone at any level in any Halliburton company.\" </p> <p>If proven, the disclosures could expose the business to fraud charges or fines. </p> <p>The Pentagon is also reported to have raised broader questions about Halliburton's financial controls and billing for work in Iraq. </p> <p>The company's initial contract for rebuilding oil wells was secretly awarded to its Kellogg Brown &amp; Root division without a competitive tender process, in March, before the invasion of Iraq. </p> <p>Last week, the company won the $1.2bn contract to replace that original deal after a long- awaited tender process. </p> <p>Henry Waxman, a California Democrat, said the granting of further work to Halliburton while an investigation into overcharging was going on was \"mindboggling\". </p> <p>Mr Cheney, who received a $33m severance package when he left Halliburton to run for office in 2000, defended the company in a radio interview this week. \"They get unfairly maligned simply because of their past association with me,\" he said. </p> <p>Halliburton is also facing corruption charges in Nigeria. A French judge has reportedly said Mr Cheney himself could be charged over allegations that Halliburton paid bribes of $180m to the Nigerian government to secure rights to build a gas plant. Halliburton has denied any wrongdoing.</p>",
      "newspaperPageNumber": "16",
      "wordcount": "491",
      "commentable": "false",
      "isPremoderated": "false",
      "lastModified": "2017-07-15T03:37:05Z",
      "newspaperEditionDate": "2004-01-24T00:00:00Z",
      "productionOffice": "UK",
      "publication": "theguardian.com",
      "shortUrl": "https://gu.com/p/jdat",
      "shouldHideAdverts": "false",
      "showInRelatedContent": "true",
      "legallySensitive": "false",
      "lang": "en",
      "bodyText": "Halliburton, the oil services company formerly run by the US vice-president, Dick Cheney, was yesterday embroiled in new accusations of corruption after it sacked two workers over allegations that they took kickbacks for awarding sub-contracts in Iraq. The company disclosed that investigations were going on into whether two of its staff took up to $6m (\u00a33.3m) from a Kuwaiti-based company providing support for US troops. The revelation is likely to intensify the scrutiny of Halliburton, which has reaped huge contracts to rebuild Iraq and provide logistical support for the army. The total value of their contracts is more than $9bn, by far the largest sum handed out to a US firm in Iraq. American Democrats have accused the Bush administration of cronyism in Iraq. Halliburton is already facing allegations that it overcharged the US government for importing fuel to Iraq. The top defence department auditor last week asked the inspector general's office at the Pentagon to investigate whether the firm overcharged for petrol deliveries by more than $61m. Halliburton gave no further details about the two executives who allegedly accepted kickbacks, or the company that allegedly paid the bribes. The workers were based in the Kuwaiti office that also handled the petrol contract. The Kuwaiti firm overcharged by around $6m, and Halliburton said the two workers may have accepted improper payments as part of the over-billing. A Halliburton spokeswoman stressed that the company had brought the bribery allegations to the attention of the Penta gon itself. \"Halliburton internal auditors found the irregularity, which is a violation of our company's philosophy, policy and our code of ethics. We found it quickly, and we immediately reported it to the inspector general,\" she said. \"We do not tolerate this kind of behaviour by anyone at any level in any Halliburton company.\" If proven, the disclosures could expose the business to fraud charges or fines. The Pentagon is also reported to have raised broader questions about Halliburton's financial controls and billing for work in Iraq. The company's initial contract for rebuilding oil wells was secretly awarded to its Kellogg Brown &amp; Root division without a competitive tender process, in March, before the invasion of Iraq. Last week, the company won the $1.2bn contract to replace that original deal after a long- awaited tender process. Henry Waxman, a California Democrat, said the granting of further work to Halliburton while an investigation into overcharging was going on was \"mindboggling\". Mr Cheney, who received a $33m severance package when he left Halliburton to run for office in 2000, defended the company in a radio interview this week. \"They get unfairly maligned simply because of their past association with me,\" he said. Halliburton is also facing corruption charges in Nigeria. A French judge has reportedly said Mr Cheney himself could be charged over allegations that Halliburton paid bribes of $180m to the Nigerian government to secure rights to build a gas plant. Halliburton has denied any wrongdoing.",
      "charCount": "3095"
    },
    "isHosted": false,
    "pillarId": "pillar/news",
    "pillarName": "News"
  },
  {
    "id": "money/2004/jan/24/creditcards.debt",
    "type": "article",
    "sectionId": "money",
    "sectionName": "Money",
    "webPublicationDate": "2004-01-24T02:13:52Z",
    "webTitle": "Til debt us do part",
    "webUrl": "https://www.theguardian.com/money/2004/jan/24/creditcards.debt",
    "apiUrl": "https://content.guardianapis.com/money/2004/jan/24/creditcards.debt",
    "fields": {
      "headline": "Til debt us do part",
      "standfirst": "As the credit card bills pile up after a Christmas spending spree, couples are paying the price in more ways than one. Sean Coughlan reports",
      "trailText": "<p>As the credit card bills pile up after a Christmas spending spree, couples are paying the price in more ways than one. <strong>Sean Coughlan</strong> reports.</p>",
      "byline": "Sean Coughlan",
      "main": "",
      "body": "<p>We're in the peak season for couples splitting up. Relationship advisers, Relate, say there's an annual post-Christmas surge in calls from people who feel they've reached breaking point with their partner. </p> <p>Fuelling this gloom is the financial pressure that hits couples after the Christmas blow-out. For a few weeks in December, we go out on a multi-billion pound collective spending frenzy, pushing much of the spending onto credit cards and loans. </p> <p>Financial adviser Philippa Gee is warning that these debts can seriously damage the health of your relationship with many couples feeling the stress as the credit card bills start arriving. </p> <p>As Ms Gee, investment director for independent financial advisers Torquil Clark, says: \"The strain on a family caused by one person's uncontrollable spending can be enough to tip the balance with some couples, and January can be one of the worst months,\" she says. </p> <p>When we're faced with paying back money and cutting out the treats, all kinds of tensions come to the surface - and even though a couple might be emotionally compatible, they might find that they're not financially compatible. It's not going to be easy for a credit card junkie and a careful saver to share their money. </p> <p>You can almost hear the raised voices: \"I'll spend my money how I like\" </p> <p>\"What do you mean 'your money'?\" </p> <p>\"Who's looking after the children every day?\" </p> <p>\"Half of this credit card bill was paying for you.\" </p> <p>\"Who do you think paid the mortgage last month?\" </p> <p>\"And how much did we spend on your family this Christmas?\" </p> <p>Differences between income levels, or where only one person is working, can add to this cocktail of financial irritation. </p> <p>Philippa Gee says there are also people who keep the extent of their borrowing secret and \"who only admit it when it is desperately out of hand\". </p> <p>They then expect their partners to help them out of debt. \"This might be acceptable as a one-off - but if it happens again, it might be time to apply the emergency handbrake.\" </p> <p>Debt counsellors also see how debts can wreck relationships - and just how furtive people can be about their levels of borrowing. </p> <p>Frances Walker of the Consumer Credit Counselling Service (CCCS) says their advisers recently dealt with a case where a respectable, white-collar husband had run up debts of \u00a3150,000, with 20 different creditors. </p> <p>His wife had stopped working to look after their children, but the family had carried on spending at an entirely unsustainable level, which had been funded for 10 years by the husband secretly borrowing more and more money without his wife knowing anything about it. </p> <p>People can also be dishonest with themselves about money. Frances Walker says that when clients initially report how much they owe, their estimate is often only half of what turns out to the final total. </p> <p>Money has always been one of the biggest causes of couples fighting, she says, but what has changed has been the sheer scale of the financial problems. </p> <p>Credit cards with high limits, and the availability of personal loans, have meant that advisers now routinely see people who have run up debts of more than \u00a3100,000 - and repaying such amounts is going to have a devastating impact on a couple for years. </p> <p>Paula Hall, a psychotherapist who works for Relate, says that money arguments can really be about deep-rooted conflicts about who is in control, the independence allowed for each partner and their ambitions for the future. How you spend money says much about your priorities, says Ms Hall. And within a relationship, this can be a trigger for fundamental disagreements. </p> <p>If one person wants to blow all the money on going out, and the other wants to put it into home improvements or children's education, you can be straight into the argument about commitment and \"Where is this relationship going?\" </p> <p>\"Money is very emotive, it touches on lots of our core values. Attitudes towards money can often reflect the messages we received in our own childhood, how we were brought up and what we expect of others,\" she says. </p> <p>This can mean that apparently trivial disputes can escalate into major rows - and she gives the example of a row over a \u00a350 pair of slippers, that turned into a crisis over the whole relationship. </p> <p>There are couples where partners do not know how much the other earns, she says. </p> <p>And it can sometimes only be when couples split up that they find out about each other's debts. </p> <p>She also says that there are some credit card debtors whose spending, while already in debt, is akin to a compulsive-obsessive disorder or a form of \"hypomania\". </p> <p>Such compulsive shoppers use spending money to get a temporary sense of pleasure. It's a form of bingeing, but with an APR attached. </p> <p>\"Values about money can run very deep. It can reflect such basic differences as whether someone is an optimist or a pessimist,\" says Ms Hall. </p> <p>Mind you, \u00a350 for a pair of slippers?</p>",
      "newspaperPageNumber": "15",
      "wordcount": "836",
      "commentable": "false",
      "isPremoderated": "false",
      "lastModified": "2004-01-24T02:13:52Z",
      "newspaperEditionDate": "2004-01-24T00:00:00Z",
      "productionOffice": "UK",
      "publication": "The Guardian",
      "shortUrl": "https://gu.com/p/7bet",
      "shouldHideAdverts": "false",
      "showInRelatedContent": "true",
      "legallySensitive": "false",
      "lang": "en",
      "bodyText": "We're in the peak season for couples splitting up. Relationship advisers, Relate, say there's an annual post-Christmas surge in calls from people who feel they've reached breaking point with their partner. Fuelling this gloom is the financial pressure that hits couples after the Christmas blow-out. For a few weeks in December, we go out on a multi-billion pound collective spending frenzy, pushing much of the spending onto credit cards and loans. Financial adviser Philippa Gee is warning that these debts can seriously damage the health of your relationship with many couples feeling the stress as the credit card bills start arriving. As Ms Gee, investment director for independent financial advisers Torquil Clark, says: \"The strain on a family caused by one person's uncontrollable spending can be enough to tip the balance with some couples, and January can be one of the worst months,\" she says. When we're faced with paying back money and cutting out the treats, all kinds of tensions come to the surface - and even though a couple might be emotionally compatible, they might find that they're not financially compatible. It's not going to be easy for a credit card junkie and a careful saver to share their money. You can almost hear the raised voices: \"I'll spend my money how I like\" \"What do you mean 'your money'?\" \"Who's looking after the children every day?\" \"Half of this credit card bill was paying for you.\" \"Who do you think paid the mortgage last month?\" \"And how much did we spend on your family this Christmas?\" Differences between income levels, or where only one person is working, can add to this cocktail of financial irritation. Philippa Gee says there are also people who keep the extent of their borrowing secret and \"who only admit it when it is desperately out of hand\". They then expect their partners to help them out of debt. \"This might be acceptable as a one-off - but if it happens again, it might be time to apply the emergency handbrake.\" Debt counsellors also see how debts can wreck relationships - and just how furtive people can be about their levels of borrowing. Frances Walker of the Consumer Credit Counselling Service (CCCS) says their advisers recently dealt with a case where a respectable, white-collar husband had run up debts of \u00a3150,000, with 20 different creditors. His wife had stopped working to look after their children, but the family had carried on spending at an entirely unsustainable level, which had been funded for 10 years by the husband secretly borrowing more and more money without his wife knowing anything about it. People can also be dishonest with themselves about money. Frances Walker says that when clients initially report how much they owe, their estimate is often only half of what turns out to the final total. Money has always been one of the biggest causes of couples fighting, she says, but what has changed has been the sheer scale of the financial problems. Credit cards with high limits, and the availability of personal loans, have meant that advisers now routinely see people who have run up debts of more than \u00a3100,000 - and repaying such amounts is going to have a devastating impact on a couple for years. Paula Hall, a psychotherapist who works for Relate, says that money arguments can really be about deep-rooted conflicts about who is in control, the independence allowed for each partner and their ambitions for the future. How you spend money says much about your priorities, says Ms Hall. And within a relationship, this can be a trigger for fundamental disagreements. If one person wants to blow all the money on going out, and the other wants to put it into home improvements or children's education, you can be straight into the argument about commitment and \"Where is this relationship going?\" \"Money is very emotive, it touches on lots of our core values. Attitudes towards money can often reflect the messages we received in our own childhood, how we were brought up and what we expect of others,\" she says. This can mean that apparently trivial disputes can escalate into major rows - and she gives the example of a row over a \u00a350 pair of slippers, that turned into a crisis over the whole relationship. There are couples where partners do not know how much the other earns, she says. And it can sometimes only be when couples split up that they find out about each other's debts. She also says that there are some credit card debtors whose spending, while already in debt, is akin to a compulsive-obsessive disorder or a form of \"hypomania\". Such compulsive shoppers use spending money to get a temporary sense of pleasure. It's a form of bingeing, but with an APR attached. \"Values about money can run very deep. It can reflect such basic differences as whether someone is an optimist or a pessimist,\" says Ms Hall. Mind you, \u00a350 for a pair of slippers?",
      "charCount": "4863"
    },
    "isHosted": false,
    "pillarId": "pillar/lifestyle",
    "pillarName": "Lifestyle"
  },
  {
    "id": "business/2004/jan/24/france.internationalnews",
    "type": "article",
    "sectionId": "business",
    "sectionName": "Business",
    "webPublicationDate": "2004-01-24T02:13:22Z",
    "webTitle": "Aventis poised to fend off hostile bid",
    "webUrl": "https://www.theguardian.com/business/2004/jan/24/france.internationalnews",
    "apiUrl": "https://content.guardianapis.com/business/2004/jan/24/france.internationalnews",
    "fields": {
      "headline": "Aventis poised to fend off hostile bid",
      "trailText": "<p>French drug-maker Sanofi saw its share price tumble yesterday as speculation of a hostile bid for rival Aventis gathered pace.</p>",
      "byline": "Heather Stewart",
      "main": "",
      "body": "<p>French drug-maker Sanofi saw its share price tumble yesterday as speculation of a hostile bid for rival Aventis gathered pace. The two companies refused to comment yesterday, but market rumours that a move could be made as early as next week sent Sanofi's shares sliding by 7.3%. </p> <p>A combination of the two firms would create a French drugs corportion worth more than \u00a350bn. With its blood-thinning drug, Plavix, facing patent competition, Sanofi is thought to be keen to shore up its hold on the lucrative American market through a marriage with Aventis - even if that means resorting to a hostile takeover. </p> <p>However, Aventis's advisers, Goldman Sachs, Morgan Stanley and Rothschilds, are poised to repel any hostile bid. </p> <p>Analysts believe a merger would create considerable cost savings by combining the drugs pipelines and sales forces of the two French firms. </p> <p>\"I think it makes sense: Sanofi needs to to build up a US sales force,\" said Max Herrmann of ING Barings. \"In general, big is bad; but Sanofi is just a little bit too small: it's still a mid-sized player in the US market.\" </p> <p>A price of $60bn (\u00a333bn) for Aventis was mooted yesterday, but industry watchers said its shareholders could use the uncertainty over Plavix to demand a much higher premium. </p> <p>\"The ball's in their court, but if I was an Aventis shareholder I'd be sitting very tight,\" said one source close to the situation yesterday. </p> <p>Sanofi itself could become a takeover target this year. Its major shareholders, cosmetics group L'Or\u00e9al and oil firm Total, have promised not to sell their holdings until the end of this year. Between them, the two French firms own almost 44% of Sanofi. </p> <p>Yesterday's speculation was the second bout of merger-fever in the pharmaceuticals sector this week, after Novartis, the world's fifth-biggest drug maker, signalled that it was still interested in Roche, its Swiss rival. Novartis has raised its stake in Roche to 33.3%, putting it within a hair's breadth of being forced by Swiss law to make a bid.</p>",
      "newspaperPageNumber": "24",
      "wordcount": "340",
      "commentable": "false",
      "isPremoderated": "false",
      "lastModified": "2004-01-24T02:13:22Z",
      "newspaperEditionDate": "2004-01-24T00:00:00Z",
      "productionOffice": "UK",
      "publication": "theguardian.com",
      "shortUrl": "https://gu.com/p/7bfn",
      "shouldHideAdverts": "false",
      "showInRelatedContent": "true",
      "legallySensitive": "false",
      "lang": "en",
      "bodyText": "French drug-maker Sanofi saw its share price tumble yesterday as speculation of a hostile bid for rival Aventis gathered pace. The two companies refused to comment yesterday, but market rumours that a move could be made as early as next week sent Sanofi's shares sliding by 7.3%. A combination of the two firms would create a French drugs corportion worth more than \u00a350bn. With its blood-thinning drug, Plavix, facing patent competition, Sanofi is thought to be keen to shore up its hold on the lucrative American market through a marriage with Aventis - even if that means resorting to a hostile takeover. However, Aventis's advisers, Goldman Sachs, Morgan Stanley and Rothschilds, are poised to repel any hostile bid. Analysts believe a merger would create considerable cost savings by combining the drugs pipelines and sales forces of the two French firms. \"I think it makes sense: Sanofi needs to to build up a US sales force,\" said Max Herrmann of ING Barings. \"In general, big is bad; but Sanofi is just a little bit too small: it's still a mid-sized player in the US market.\" A price of $60bn (\u00a333bn) for Aventis was mooted yesterday, but industry watchers said its shareholders could use the uncertainty over Plavix to demand a much higher premium. \"The ball's in their court, but if I was an Aventis shareholder I'd be sitting very tight,\" said one source close to the situation yesterday. Sanofi itself could become a takeover target this year. Its major shareholders, cosmetics group L'Or\u00e9al and oil firm Total, have promised not to sell their holdings until the end of this year. Between them, the two French firms own almost 44% of Sanofi. Yesterday's speculation was the second bout of merger-fever in the pharmaceuticals sector this week, after Novartis, the world's fifth-biggest drug maker, signalled that it was still interested in Roche, its Swiss rival. Novartis has raised its stake in Roche to 33.3%, putting it within a hair's breadth of being forced by Swiss law to make a bid.",
      "charCount": "2001"
    },
    "isHosted": false,
    "pillarId": "pillar/news",
    "pillarName": "News"
  },
  {
    "id": "money/2004/jan/24/shares.china",
    "type": "article",
    "sectionId": "money",
    "sectionName": "Money",
    "webPublicationDate": "2004-01-24T02:13:17Z",
    "webTitle": "Will China make a monkey out of you?",
    "webUrl": "https://www.theguardian.com/money/2004/jan/24/shares.china",
    "apiUrl": "https://content.guardianapis.com/money/2004/jan/24/shares.china",
    "fields": {
      "headline": "Will China make a monkey out of you?",
      "standfirst": "It is the greatest economic success story in the world but analysts fear it is a bubble ready to burst. Patrick Collinson looks at the global warning signs",
      "trailText": "<p>It is the greatest economic success story in the world but analysts fear it is a bubble ready to burst. <strong>Patrick Collinson</strong> looks at the global warning signs.</p>",
      "byline": "Patrick Collinson",
      "main": "",
      "body": "<p>Is China the biggest investment opportunity in history, or another dot.com-style bubble about to burst? As the country celebrates the start of the year of the monkey, investment analysts are warning that China's economy and stockmarket are seriously overheating. </p> <p>No one disagrees that it is enjoying an industrial revolution the scale of which is unparalleled in world history. Last week official statistics revealed that the economy expanded by 9.1% in 2003, although independent experts believe the figure may have been even higher, possibly 12%. </p> <p>Exports are soaring, but so are imports; China now takes in one-third of the world's coal, cement and steel output. Last year it overtook Japan as the world's second biggest importer of oil, even though it has extensive domestic oil fields itself. </p> <p>Shipping rates - the cost of chartering a freight ship - have soared across the world because of China's staggering demand for raw materials to be brought in, and cheap goods to be taken out. Commodity prices have also jumped because of Chinese demand. </p> <p>British small investors who bought into the small number of unit trusts and investment trusts which specialise in China, last year enjoyed huge gains. </p> <p>Gartmore led the way with its China Opportunities Fund, which is up 81.5% over the past year. </p> <p>Fund manager Phillip Ehrmann says: \"Looking ahead, we are confident that the performance of Hong Kong and Chinese equities will be further bolstered by China's robust economic growth.\" </p> <p>It is also benefiting from a peculiarity of international exchange rates; its currency, the renminbi, is pegged to the US dollar, so Chinese exporters are not being hit by the recent rapid decline in the dollar's value. </p> <p>But others are far less optimistic. Michael Watt, manager of two investment trusts, Henderson Far East Income and Henderson TR Pacific, believes that share price valuations are near their peak. </p> <p>\"The strength of leading Chinese shares and recent panic buying of new issues by foreign investors, suggest we may be near a peak, particularly if the US economy slows next year. Certainly, many of China's leading shares have lost some appeal as investments, as valuations have risen to new highs. Earlier this month investors in Hong Kong queued to buy stock in a newly-floated company, China Green, which grows and processes cabbages and onions. The company was only trying to raise \u00a312m but eager investors put in orders for 1,600 times more shares than were on offer. </p> <p>Mr Watt recommends buying shares in companies which are going to more indirectly benefit from the boom. \"A better bet in the short-term might be overseas companies with Chinese businesses which have begun to do very well, yet have lagged in performance terms,\" he says. </p> <p>No investment expert would recommend that a British-based small investor should make Chinese funds a core part of their investments. They can spread their risk by buying general Far East funds in which the fund managers will buy stocks from Singapore to Seoul, many of which are benefitting from the impact of China on the economy. </p> <p>Man Wing Chung, manager of JPMorgan Fleming Chinese investment trust, says he is diversifying out of pure Chinese stocks into other shares around the Pacific region: \"We are closely watching stock valuations. We have switched back into some of the Hong Kong domestic players, such as the property counters, which should do well amid a sustained recovery.\" </p> <p>The doom-mongers fear that China is falling into a trap into which many other fast-growing Asian economies have fallen. </p> <p>Companies focus on sales, not profits, and over-invest in new factories and facilities. Output booms, but with so many new entrants into the market, excess supply pushes prices down and profits never materialise. Debts taken on to finance investment are not repaid, sparking a banking crisis. </p> <p>Signs of excess supply from China are evident across the world. </p> <p>In the US, Wal-Mart sells Chinese-made DVD players for as little as $25, turning what was once a high-cost electrical item into throw-away goods. </p> <p>In the UK, Asda piles up Chinese-made microwave ovens for little more than \u00a330 - and a microwave factory in Sunderland shuts with the loss of hundreds of jobs. </p> <p>Economists now expect economic growth in China to slow this year, with a sharp reduction in capital investment offset by relatively strong consumer spending. But in the longer term, there is little scepticism among fund managers that China will emerge as the global economic powerhouse, with India not far behind. </p> <p>Peter Sartori, manager of Credit Suisse's Orient fund, says: \"Over the next 20 years, the number of Asians aged between 30 and 59 is set to rise from 1.2 billion to 1.7 billion, and those with disposable income in excess of \u00a33,000 is forecast to grow to 9% annually. </p> <p>\"This contrasts sharply with regions such as Japan and Europe with ageing populations supported by a declining workforce. </p> <p>\"The coming of the 'Asian baby boomers' will strengthen the region's improving economic and corporate fundamentals.\" </p> <p><strong>One year in the Chinese revolution</strong></p> <p><strong>\u00b7</strong> 4,600km of motorway was built in China last year compared with the 3,421km built in Britain in the last 50 years. </p> <p><strong>\u00b7</strong> 112 million people obtained phones for the first time in China in 2003. </p> <p><strong>\u00b7</strong> Last year, China imported 30% of the world's entire coal production, 36% of the world's steel and 55% of the world's cement. </p> <p><strong>\u00b7</strong> Chinese exports for last year totalled \u00a3245bn, a growth rate of 34.6%. </p> <p><strong>\u00b7</strong> The price of Chinese-made DVD players has fallen to just $25 in US supermarkets. </p> <p><strong>\u00b7</strong> China is already the world's sixth largest economy and poised to oust Britain from fourth place by the end of the decade. </p> <p><strong>\u00b7</strong> Though the world's fifth largest oil producer, China is now also the world's fastest-growing oil importer. </p> <p><strong>\u00b7</strong> Pollution is running out of control: China has seven of the world's 10 most polluted cities, less than 1% of the biggest 500 Chinese cities have clean air and respiratory disease is the leading cause of death. </p> <p><strong>\u00b7</strong> China is also the world's biggest cigarette market; 1.7 trillion cigarettes are sold annually. </p> <p><strong>\u00b7</strong> A large middle class is emerging; average incomes are now over $1,000 a year, and consumption and spending is growing fast. There are an estimated 100 million internet users in China, 40 million of whom are linked up to broadband. </p> <p><strong>\u00b7</strong> During the three-week holiday period over Chinese New Year, it is estimated that 1.9 billion journeys will be made within Asia's most populous country </p> <p><strong>\u00b7</strong> The World Tourist Organisation predicts that more than 100 million Chinese will travel overseas in 2020. <br><strong>Research by Thalia Kennedy</strong></p>",
      "newspaperPageNumber": "10",
      "wordcount": "1097",
      "commentable": "false",
      "isPremoderated": "false",
      "lastModified": "2004-01-24T02:13:17Z",
      "newspaperEditionDate": "2004-01-24T00:00:00Z",
      "productionOffice": "UK",
      "publication": "The Guardian",
      "shortUrl": "https://gu.com/p/d2jj",
      "shouldHideAdverts": "false",
      "showInRelatedContent": "true",
      "legallySensitive": "false",
      "lang": "en",
      "bodyText": "Is China the biggest investment opportunity in history, or another dot.com-style bubble about to burst? As the country celebrates the start of the year of the monkey, investment analysts are warning that China's economy and stockmarket are seriously overheating. No one disagrees that it is enjoying an industrial revolution the scale of which is unparalleled in world history. Last week official statistics revealed that the economy expanded by 9.1% in 2003, although independent experts believe the figure may have been even higher, possibly 12%. Exports are soaring, but so are imports; China now takes in one-third of the world's coal, cement and steel output. Last year it overtook Japan as the world's second biggest importer of oil, even though it has extensive domestic oil fields itself. Shipping rates - the cost of chartering a freight ship - have soared across the world because of China's staggering demand for raw materials to be brought in, and cheap goods to be taken out. Commodity prices have also jumped because of Chinese demand. British small investors who bought into the small number of unit trusts and investment trusts which specialise in China, last year enjoyed huge gains. Gartmore led the way with its China Opportunities Fund, which is up 81.5% over the past year. Fund manager Phillip Ehrmann says: \"Looking ahead, we are confident that the performance of Hong Kong and Chinese equities will be further bolstered by China's robust economic growth.\" It is also benefiting from a peculiarity of international exchange rates; its currency, the renminbi, is pegged to the US dollar, so Chinese exporters are not being hit by the recent rapid decline in the dollar's value. But others are far less optimistic. Michael Watt, manager of two investment trusts, Henderson Far East Income and Henderson TR Pacific, believes that share price valuations are near their peak. \"The strength of leading Chinese shares and recent panic buying of new issues by foreign investors, suggest we may be near a peak, particularly if the US economy slows next year. Certainly, many of China's leading shares have lost some appeal as investments, as valuations have risen to new highs. Earlier this month investors in Hong Kong queued to buy stock in a newly-floated company, China Green, which grows and processes cabbages and onions. The company was only trying to raise \u00a312m but eager investors put in orders for 1,600 times more shares than were on offer. Mr Watt recommends buying shares in companies which are going to more indirectly benefit from the boom. \"A better bet in the short-term might be overseas companies with Chinese businesses which have begun to do very well, yet have lagged in performance terms,\" he says. No investment expert would recommend that a British-based small investor should make Chinese funds a core part of their investments. They can spread their risk by buying general Far East funds in which the fund managers will buy stocks from Singapore to Seoul, many of which are benefitting from the impact of China on the economy. Man Wing Chung, manager of JPMorgan Fleming Chinese investment trust, says he is diversifying out of pure Chinese stocks into other shares around the Pacific region: \"We are closely watching stock valuations. We have switched back into some of the Hong Kong domestic players, such as the property counters, which should do well amid a sustained recovery.\" The doom-mongers fear that China is falling into a trap into which many other fast-growing Asian economies have fallen. Companies focus on sales, not profits, and over-invest in new factories and facilities. Output booms, but with so many new entrants into the market, excess supply pushes prices down and profits never materialise. Debts taken on to finance investment are not repaid, sparking a banking crisis. Signs of excess supply from China are evident across the world. In the US, Wal-Mart sells Chinese-made DVD players for as little as $25, turning what was once a high-cost electrical item into throw-away goods. In the UK, Asda piles up Chinese-made microwave ovens for little more than \u00a330 - and a microwave factory in Sunderland shuts with the loss of hundreds of jobs. Economists now expect economic growth in China to slow this year, with a sharp reduction in capital investment offset by relatively strong consumer spending. But in the longer term, there is little scepticism among fund managers that China will emerge as the global economic powerhouse, with India not far behind. Peter Sartori, manager of Credit Suisse's Orient fund, says: \"Over the next 20 years, the number of Asians aged between 30 and 59 is set to rise from 1.2 billion to 1.7 billion, and those with disposable income in excess of \u00a33,000 is forecast to grow to 9% annually. \"This contrasts sharply with regions such as Japan and Europe with ageing populations supported by a declining workforce. \"The coming of the 'Asian baby boomers' will strengthen the region's improving economic and corporate fundamentals.\" One year in the Chinese revolution \u00b7 4,600km of motorway was built in China last year compared with the 3,421km built in Britain in the last 50 years. \u00b7 112 million people obtained phones for the first time in China in 2003. \u00b7 Last year, China imported 30% of the world's entire coal production, 36% of the world's steel and 55% of the world's cement. \u00b7 Chinese exports for last year totalled \u00a3245bn, a growth rate of 34.6%. \u00b7 The price of Chinese-made DVD players has fallen to just $25 in US supermarkets. \u00b7 China is already the world's sixth largest economy and poised to oust Britain from fourth place by the end of the decade. \u00b7 Though the world's fifth largest oil producer, China is now also the world's fastest-growing oil importer. \u00b7 Pollution is running out of control: China has seven of the world's 10 most polluted cities, less than 1% of the biggest 500 Chinese cities have clean air and respiratory disease is the leading cause of death. \u00b7 China is also the world's biggest cigarette market; 1.7 trillion cigarettes are sold annually. \u00b7 A large middle class is emerging; average incomes are now over $1,000 a year, and consumption and spending is growing fast. There are an estimated 100 million internet users in China, 40 million of whom are linked up to broadband. \u00b7 During the three-week holiday period over Chinese New Year, it is estimated that 1.9 billion journeys will be made within Asia's most populous country \u00b7 The World Tourist Organisation predicts that more than 100 million Chinese will travel overseas in 2020. Research by Thalia Kennedy",
      "charCount": "6596"
    },
    "isHosted": false,
    "pillarId": "pillar/lifestyle",
    "pillarName": "Lifestyle"
  },
  {
    "id": "business/2004/jan/24/futures",
    "type": "article",
    "sectionId": "business",
    "sectionName": "Business",
    "webPublicationDate": "2004-01-24T02:12:19Z",
    "webTitle": "Market forces",
    "webUrl": "https://www.theguardian.com/business/2004/jan/24/futures",
    "apiUrl": "https://content.guardianapis.com/business/2004/jan/24/futures",
    "fields": {
      "headline": "Standard Life stirs up futures trade",
      "trailText": "<p><strong>Market forces:</strong> The shadow of Standard Life loomed large over the market yesterday with whispers that the troubled mutual life insurer was preparing to dump a mammoth basket of equities.</p>",
      "byline": "Richard Wray",
      "main": "",
      "body": "<p>The shadow of Standard Life loomed large over the market yesterday with whispers that the troubled mutual life insurer was preparing to dump a mammoth basket of equities in order to raise capital depressing the FTSE 100 index in early trading. </p> <p>Then traders in the futures and options markets reported a huge trade in March 2005 FTSE futures contracts. Basically the equivalent of \u00a3500m was bet yesterday on the FTSE 100 dropping to 4225 within 14 months. </p> <p>Traders immediately tried to link the action in the derivatives market with the action in the cash market, seeking to gauge whether Standard Life was using futures contracts to dump stock rather than carry out a complex and potentially costly programme trade. Standard Life refused to comment. </p> <p>Whether or not Standard Life was behind the action in the futures market, the 11,400 contracts that were sold left the <strong>FTSE 100</strong> down 16 points at 4460.8 points. </p> <p>Yesterday's stronger than expected retail sales data raised the spectre of an imminent interest rate rise in order to dampen consumer spending and consequently hurt retailers <strong>Dixons</strong>, down 2.75p at 154.5p, and <strong>Tesco</strong>, down 4.75p at 240.75p. </p> <p>There was also confusion in <strong>AstraZeneca</strong>, down 33p at \u00a326.35, as US asset manager Capital Group Companies dramatically retracted an announcement made on Thursday that its stake in the pharmaceuticals group had risen above 15%. </p> <p>\"The transaction noted as a purchase of 2,352,771 shares did not take place,\" the company said in a statement. The original statement had sparked talk of imminent corporate action. </p> <p>On the plus side, <strong>BAA</strong> gained 2.75p to 515.5p as UBS reiterated its buy on the company and upped its target price to 600p per share from 565p. But house broker ABN Amro eased the stock back to add from buy, saying the airports operator had had a good run of late. </p> <p>Mining groups made a strong showing - with <strong>Xstrata</strong> up 18p at 681p as Goldman Sachs made positive noises about the mining sector in a report. Telecommunications group <strong>Cable &amp;Wireless</strong> added 1.5p to 148p as traders again got the wrong end of the stick about the sale of its US business. </p> <p>After a two-day auction, the original $125m bid for the assets - which C&amp;W pumped billions into - by Gores Technology Group was beaten by a $160m bid from Savvis Communications, a unit of buyout firm Welsh, Carson, Anderson &amp; Stowe. </p> <p>But C&amp;W were quick to point out that even though the bid is technically worth more than the original offer, C&amp;W will see no cash from it whatsoever. </p> <p>The auction was run by the US courts for the benefit of creditors after the business was pushed into Chapter 11 last year. C&amp;W's initial prediction that the whole exit will actually cost it \u00a3300m still stands. \"What the auction process does is to establish the maximum possible value of the assets for the creditors. We do not see any of the extra money,\" pointed out a C&amp;W spokeswoman. </p> <p>Away from the main index, <strong>Misys</strong> picked up 12.5p to 232.5p, rallying after Thursday's interim figures and downbeat assessment of its prospects over the next six months. Some traders, however, pointed out that the stock could be due another bout of turbulence because of doubts about the planned flotation of its Sesame business, which provides software for independent financial advisers. </p> <p>In fact the executive chairman, Kevin Lomax, admitted on Thursday that plans to float the business this year have been shelved because regulatory changes to the way in which IFAs do business have taken longer than expected to come into force. Sesame is unlikely to come to market before next summer. </p> <p><strong>Morgan Sindall</strong> gained 10p to 389p on talk it is close to securing involvement in a new multimillion-pound road building contract. </p> <p>Among the smaller stocks, <strong>Ebookers</strong> gained 7p to 452p as Evolution Beeson Gregory pointed out that the stock has lost 13% since Monday, despite a positive results statement, and is trading at 19% below its 550p target price and a 28% discount to Lastminute.com. </p> <p>Down on AIM, <strong>CybIT Holdings</strong> jumped 0.27p to 3.225p as the technology company, which develops software for the vehicle fleet industry and private motorists, announced new contracts that could be worth up to \u00a3825,000. </p> <p>Among the mining and exploration minnows, <strong>Regal Petroleum</strong> roared up 79p - or 58% - to 214.5p as it announced that Kavala Oil, in which it has a 58% stake, has successfully completed an exploration well in the Aegean and detected oil. </p> <p>Analysts reckon that there could be as much as 227m barrels of recoverable oil waiting to be exploited. As a result, Evolution Beeson Gregory doubled its price target to 300p from 150p. </p> <p><strong>African Diamonds</strong> added 8p to 31.5p as shareholders at the group's annual meeting were told that the company will be producing gem quality diamonds within eight weeks. Chairman John Teeling added that the company is getting \"spectacular\" results from a prospect in Sierra Leone. </p> <p>Elsewhere, shares in <strong>Transcomm</strong> gained 2.5p to 15p as <strong>BT</strong>, up 1p at 182.25p, made a bid for the mobile communications group at 15.5p as part of its ongoing drive to create new revenue streams, while <strong>Inveresk</strong> added 2.25p to 19.25 on talk that its forthcoming results will be good. </p> <p>Finally, <strong>Einstein Group</strong> will rise from the ashes on Monday after its creditors agreed on Friday to swap their debts for shares in the shell company - which used to hold the rights to international chess championships. The shares are expected to start trading at about 1p.</p>",
      "newspaperPageNumber": "27",
      "wordcount": "956",
      "commentable": "false",
      "isPremoderated": "false",
      "lastModified": "2004-01-24T02:12:19Z",
      "newspaperEditionDate": "2004-01-24T00:00:00Z",
      "productionOffice": "UK",
      "publication": "theguardian.com",
      "shortUrl": "https://gu.com/p/7bfy",
      "shouldHideAdverts": "false",
      "showInRelatedContent": "true",
      "legallySensitive": "false",
      "lang": "en",
      "bodyText": "The shadow of Standard Life loomed large over the market yesterday with whispers that the troubled mutual life insurer was preparing to dump a mammoth basket of equities in order to raise capital depressing the FTSE 100 index in early trading. Then traders in the futures and options markets reported a huge trade in March 2005 FTSE futures contracts. Basically the equivalent of \u00a3500m was bet yesterday on the FTSE 100 dropping to 4225 within 14 months. Traders immediately tried to link the action in the derivatives market with the action in the cash market, seeking to gauge whether Standard Life was using futures contracts to dump stock rather than carry out a complex and potentially costly programme trade. Standard Life refused to comment. Whether or not Standard Life was behind the action in the futures market, the 11,400 contracts that were sold left the FTSE 100 down 16 points at 4460.8 points. Yesterday's stronger than expected retail sales data raised the spectre of an imminent interest rate rise in order to dampen consumer spending and consequently hurt retailers Dixons, down 2.75p at 154.5p, and Tesco, down 4.75p at 240.75p. There was also confusion in AstraZeneca, down 33p at \u00a326.35, as US asset manager Capital Group Companies dramatically retracted an announcement made on Thursday that its stake in the pharmaceuticals group had risen above 15%. \"The transaction noted as a purchase of 2,352,771 shares did not take place,\" the company said in a statement. The original statement had sparked talk of imminent corporate action. On the plus side, BAA gained 2.75p to 515.5p as UBS reiterated its buy on the company and upped its target price to 600p per share from 565p. But house broker ABN Amro eased the stock back to add from buy, saying the airports operator had had a good run of late. Mining groups made a strong showing - with Xstrata up 18p at 681p as Goldman Sachs made positive noises about the mining sector in a report. Telecommunications group Cable &amp;Wireless added 1.5p to 148p as traders again got the wrong end of the stick about the sale of its US business. After a two-day auction, the original $125m bid for the assets - which C&amp;W pumped billions into - by Gores Technology Group was beaten by a $160m bid from Savvis Communications, a unit of buyout firm Welsh, Carson, Anderson &amp; Stowe. But C&amp;W were quick to point out that even though the bid is technically worth more than the original offer, C&amp;W will see no cash from it whatsoever. The auction was run by the US courts for the benefit of creditors after the business was pushed into Chapter 11 last year. C&amp;W's initial prediction that the whole exit will actually cost it \u00a3300m still stands. \"What the auction process does is to establish the maximum possible value of the assets for the creditors. We do not see any of the extra money,\" pointed out a C&amp;W spokeswoman. Away from the main index, Misys picked up 12.5p to 232.5p, rallying after Thursday's interim figures and downbeat assessment of its prospects over the next six months. Some traders, however, pointed out that the stock could be due another bout of turbulence because of doubts about the planned flotation of its Sesame business, which provides software for independent financial advisers. In fact the executive chairman, Kevin Lomax, admitted on Thursday that plans to float the business this year have been shelved because regulatory changes to the way in which IFAs do business have taken longer than expected to come into force. Sesame is unlikely to come to market before next summer. Morgan Sindall gained 10p to 389p on talk it is close to securing involvement in a new multimillion-pound road building contract. Among the smaller stocks, Ebookers gained 7p to 452p as Evolution Beeson Gregory pointed out that the stock has lost 13% since Monday, despite a positive results statement, and is trading at 19% below its 550p target price and a 28% discount to Lastminute.com. Down on AIM, CybIT Holdings jumped 0.27p to 3.225p as the technology company, which develops software for the vehicle fleet industry and private motorists, announced new contracts that could be worth up to \u00a3825,000. Among the mining and exploration minnows, Regal Petroleum roared up 79p - or 58% - to 214.5p as it announced that Kavala Oil, in which it has a 58% stake, has successfully completed an exploration well in the Aegean and detected oil. Analysts reckon that there could be as much as 227m barrels of recoverable oil waiting to be exploited. As a result, Evolution Beeson Gregory doubled its price target to 300p from 150p. African Diamonds added 8p to 31.5p as shareholders at the group's annual meeting were told that the company will be producing gem quality diamonds within eight weeks. Chairman John Teeling added that the company is getting \"spectacular\" results from a prospect in Sierra Leone. Elsewhere, shares in Transcomm gained 2.5p to 15p as BT, up 1p at 182.25p, made a bid for the mobile communications group at 15.5p as part of its ongoing drive to create new revenue streams, while Inveresk added 2.25p to 19.25 on talk that its forthcoming results will be good. Finally, Einstein Group will rise from the ashes on Monday after its creditors agreed on Friday to swap their debts for shares in the shell company - which used to hold the rights to international chess championships. The shares are expected to start trading at about 1p.",
      "charCount": "5442"
    },
    "isHosted": false,
    "pillarId": "pillar/news",
    "pillarName": "News"
  }
]