[
  {
    "id": "world/2004/jun/14/1",
    "type": "article",
    "sectionId": "world",
    "sectionName": "World news",
    "webPublicationDate": "2004-06-14T22:56:27Z",
    "webTitle": "International news in brief",
    "webUrl": "https://www.theguardian.com/world/2004/jun/14/1",
    "apiUrl": "https://content.guardianapis.com/world/2004/jun/14/1",
    "fields": {
      "headline": "In brief",
      "trailText": "Georgia slams border violation | Chavez brands Bush as key foe | 10 Afghans held over killings | Bay of Bengal storm disaster | Wartime Jewish mural attacked | Pirates killed in battle for oil | Diving into marriage",
      "main": "",
      "body": "<b>Georgia slams border violation</b> <br> <p>Georgia's foreign ministry protested to Moscow about a column of trucks and military vehicles, said to be carrying troops and weapons, that were spotted driving from Russia into the separatist Georgian region of South Ossetia, which wants to join Russia. Moscow denies any cross-border military movements. <br>AP, Tbilisi </p> <p><b>Chavez brands Bush as key foe</b><br> </p> <p>President Hugo Chavez of Venezuela, facing a referendum in August that could unseat him, said at the weekend that his greatest rival was President George Bush, who was backing the plebiscite as a step to the US taking over the country. <br>AP, Caracas </p> <p><b>10 Afghans held over killings</b><br> </p> <p>Ten militants linked to a faction of a fundamentalist warlord and his Taliban allies have being arrested over the killing of 11 Chinese workers in Kunduz province, northern Afghanistan, last week. The attack was the worst on foreigners in Afghanistan since US-led forces overthrew the Taliban in late 2001. <br>Reuters, Kabul </p> <p><b>Bay of Bengal storm disaster</b><br> </p> <p>At least 10 fishermen drowned and about 140 were missing after a sudden, powerful storm sank 20 trawlers off southern Bangladesh. Seventeen fishermen were rescued. <br>Agencies, Cox's Bazar </p> <p><b>Wartime Jewish mural attacked</b><br> </p> <p>In the latest of a wave of anti-semitic attacks in France, vandals desecrated a mural painted by Jewish children during the second world war in a transit camp near Perpignan, where they were held before being sent to Nazi concentration camps. <br>Reuters, Paris </p> <p><b>Pirates killed in battle for oil</b><br> </p> <p>Six people, including a soldier, were killed in a gun battle between Nigerian troops and pirates trying to steal crude oil in the Niger delta. At least 23 people have died in a two-week crackdown on gangs in the Delta state.<br>Reuters, Warri </p> <p><b>Diving into marriage</b><br> </p> <p>Police fished a newly married couple out of a Zurich lake after a wave capsized their boat, tossing them and 18 wedding guests into the water. <br>Reuters, Zurich</p>",
      "newspaperPageNumber": "16",
      "wordcount": "317",
      "commentable": "false",
      "isPremoderated": "false",
      "lastModified": "2004-06-13T22:56:27Z",
      "newspaperEditionDate": "2004-06-14T00:00:00Z",
      "productionOffice": "UK",
      "publication": "theguardian.com",
      "shortUrl": "https://gu.com/p/j3ff",
      "shouldHideAdverts": "false",
      "showInRelatedContent": "true",
      "legallySensitive": "false",
      "lang": "en",
      "bodyText": "Georgia slams border violation Georgia's foreign ministry protested to Moscow about a column of trucks and military vehicles, said to be carrying troops and weapons, that were spotted driving from Russia into the separatist Georgian region of South Ossetia, which wants to join Russia. Moscow denies any cross-border military movements. AP, Tbilisi Chavez brands Bush as key foe President Hugo Chavez of Venezuela, facing a referendum in August that could unseat him, said at the weekend that his greatest rival was President George Bush, who was backing the plebiscite as a step to the US taking over the country. AP, Caracas 10 Afghans held over killings Ten militants linked to a faction of a fundamentalist warlord and his Taliban allies have being arrested over the killing of 11 Chinese workers in Kunduz province, northern Afghanistan, last week. The attack was the worst on foreigners in Afghanistan since US-led forces overthrew the Taliban in late 2001. Reuters, Kabul Bay of Bengal storm disaster At least 10 fishermen drowned and about 140 were missing after a sudden, powerful storm sank 20 trawlers off southern Bangladesh. Seventeen fishermen were rescued. Agencies, Cox's Bazar Wartime Jewish mural attacked In the latest of a wave of anti-semitic attacks in France, vandals desecrated a mural painted by Jewish children during the second world war in a transit camp near Perpignan, where they were held before being sent to Nazi concentration camps. Reuters, Paris Pirates killed in battle for oil Six people, including a soldier, were killed in a gun battle between Nigerian troops and pirates trying to steal crude oil in the Niger delta. At least 23 people have died in a two-week crackdown on gangs in the Delta state. Reuters, Warri Diving into marriage Police fished a newly married couple out of a Zurich lake after a wave capsized their boat, tossing them and 18 wedding guests into the water. Reuters, Zurich",
      "charCount": "1934"
    },
    "isHosted": false,
    "pillarId": "pillar/news",
    "pillarName": "News"
  },
  {
    "id": "business/2004/jun/14/money1",
    "type": "article",
    "sectionId": "business",
    "sectionName": "Business",
    "webPublicationDate": "2004-06-14T13:55:07Z",
    "webTitle": "UK profitability 'hits record low'",
    "webUrl": "https://www.theguardian.com/business/2004/jun/14/money1",
    "apiUrl": "https://content.guardianapis.com/business/2004/jun/14/money1",
    "fields": {
      "headline": "UK profitability 'hits record low'",
      "trailText": "<p>UK companies have seen their profitability fall to a record low despite the recent economic recovery, figures indicated today. </p>",
      "byline": "Press Association",
      "main": "",
      "body": "<p>UK companies have seen their profitability fall to a record low despite the recent economic recovery, figures indicated today. </p> <p>Company profitability fell for an 18th consecutive quarter during the third quarter of 2003, even though GDP increased by 2.2% over the year. </p> <p>This decline was seen not only in the manufacturing sector but in most service industries, including the media, information technology and telecoms, according to the business consultancy Experian. </p> <p>Experian said the figures showed profitability had fallen by two-thirds since early 1999. </p> <p>Some nine sectors remained at their lowest since Experian started compiling the study, in the early 1990s. These included chemicals, electricals, household goods and leisure and hotels. </p> <p>The only sector significantly to buck the trend was building and construction, which has benefited from a recent boom. </p> <p>Other sectors that registered an improvement were oil, alcoholic beverages, non-food retailers and motor traders. </p> <p>The sharpest fall in profitability between the second and third quarters of 2003 was in the south-east. An annual decline was recorded in the West Midlands, the north-west, the north-east and Scotland. </p> <p>By contrast the south-west, the East Midlands, Yorkshire and Humberside and Northern Ireland all made strong gains. Wales continued its modest recovery after five years of decline while Yorkshire and Humberside confirmed its position as the UK's most profitable region. </p> <p>Peter Brooker, the author of the report, said trading conditions remained extremely challenging, especially with the recent sharp increase in the price of oil. </p> <p>\"The economic outlook does appear to be improving but businesses are operating in a period of great uncertainty and it is likely to be the end of the year before any upturn is reflected by improvement in corporate profitability,\" he said. </p> <p>Companies were advised to ensure the firms they do business with were financially stable enough to make it through 2004.</p>",
      "wordcount": "302",
      "commentable": "false",
      "isPremoderated": "false",
      "lastModified": "2004-06-14T13:55:07Z",
      "newspaperEditionDate": "2004-06-14T00:00:00Z",
      "productionOffice": "UK",
      "publication": "theguardian.com",
      "shortUrl": "https://gu.com/p/7z5j",
      "shouldHideAdverts": "false",
      "showInRelatedContent": "true",
      "legallySensitive": "false",
      "lang": "en",
      "bodyText": "UK companies have seen their profitability fall to a record low despite the recent economic recovery, figures indicated today. Company profitability fell for an 18th consecutive quarter during the third quarter of 2003, even though GDP increased by 2.2% over the year. This decline was seen not only in the manufacturing sector but in most service industries, including the media, information technology and telecoms, according to the business consultancy Experian. Experian said the figures showed profitability had fallen by two-thirds since early 1999. Some nine sectors remained at their lowest since Experian started compiling the study, in the early 1990s. These included chemicals, electricals, household goods and leisure and hotels. The only sector significantly to buck the trend was building and construction, which has benefited from a recent boom. Other sectors that registered an improvement were oil, alcoholic beverages, non-food retailers and motor traders. The sharpest fall in profitability between the second and third quarters of 2003 was in the south-east. An annual decline was recorded in the West Midlands, the north-west, the north-east and Scotland. By contrast the south-west, the East Midlands, Yorkshire and Humberside and Northern Ireland all made strong gains. Wales continued its modest recovery after five years of decline while Yorkshire and Humberside confirmed its position as the UK's most profitable region. Peter Brooker, the author of the report, said trading conditions remained extremely challenging, especially with the recent sharp increase in the price of oil. \"The economic outlook does appear to be improving but businesses are operating in a period of great uncertainty and it is likely to be the end of the year before any upturn is reflected by improvement in corporate profitability,\" he said. Companies were advised to ensure the firms they do business with were financially stable enough to make it through 2004.",
      "charCount": "1966"
    },
    "isHosted": false,
    "pillarId": "pillar/news",
    "pillarName": "News"
  },
  {
    "id": "business/2004/jun/14/housingmarket.houseprices",
    "type": "article",
    "sectionId": "business",
    "sectionName": "Business",
    "webPublicationDate": "2004-06-14T13:53:53Z",
    "webTitle": "House prices 'rose 4.5% in April'",
    "webUrl": "https://www.theguardian.com/business/2004/jun/14/housingmarket.houseprices",
    "apiUrl": "https://content.guardianapis.com/business/2004/jun/14/housingmarket.houseprices",
    "fields": {
      "headline": "House prices 'rose 4.5% in April'",
      "trailText": "<p>Government figures released today showed that property prices went up by 4.5% in April -  nearly double the strong 2.4% rise recorded during the same month last year. </p>",
      "byline": "Sandra Haurant",
      "main": "",
      "body": "<p>Government figures released today showed that property prices went up by 4.5% in April - nearly double the strong 2.4% rise recorded during the same month last year. The rise pushed the average price of a house in the UK up to \u00a3168,600, an increase of \u00a37,300 since March.</p> <p>According to the Office of the Deputy Prime Minister, the sharp increase was driven by growth in the prices of properties at the bottom end of the market, such as terraced houses and flats. The average price of a flat rose by 7.2% month-on-month, while the price of a terraced house went up by 5.2%. The price of the average detached house, meanwhile, rose by a more modest 3.1%. </p> <p>The average first-time buyer is now paying 18.3% more for his or her home than they were a year ago following a dramatic 8.2% rise during April which put the average cost of a first home at \u00a3135,505. Those who are already owner-occupiers, on the other hand, are paying just 6.6% more than they were last year, with the average price of second and subsequent homes standing at \u00a3186,533. However, the government said that the steep jump in prices paid by first-time buyers should be seen in the context of a declining number of people getting on to the property ladder. </p> <p>The ODPM also pointed out that this month's unusually high figure of 4.5% came on the back of a month in which the government recorded price growth of just 0.2%, well down on the 1.4% recorded by Nationwide and the 2.2% jump seen by Halifax.</p> <p>The annual rate of house price inflation increased in all regions of the country expect Scotland, Northern Ireland and the north-east during April. In the north-east, which has seen strong price gains during the past year, the annual rate of growth eased slightly to 22.7% from 26.2% for the year to the end of March. </p> <p>The 12-month rate of price growth increased in other northern regions to 21.2% in the north-west and 20.1% in Yorkshire and the Humber, while the market also remained strong in Wales at 23.1% and Scotland at 20.7%. </p> <p>In the south, price growth showed signs of picking up again, with annual house price inflation in London rising to 7.9% from 4.9%, while in the east it rose to 4.5% from just 0.5% during the previous 12 months. </p> <p>Unsurprisingly, London remains the most expensive place to buy a property, with prices averaging \u00a3255,131, followed by the south-east at \u00a3223,333. </p> <p>At the other end of the scale a home is cheapest in Scotland and Northern Ireland, at \u00a3106,242 and \u00a3106,601 respectively. </p> <p>Liberal Democrat Treasury spokesman Vince Cable said: \"Rising lending by banks and building societies is recklessly fuelling the housing boom. </p> <p>\"Large numbers of people are gambling on the house price boom - a gamble they may regret if house prices start to fall or interest rates continue to rise. First-time buyers are increasingly being priced out of the market, making the house price bubble even more precarious. It is time the Government took action to protect ordinary homeowners against irresponsible lending.\"</p>",
      "wordcount": "548",
      "commentable": "false",
      "isPremoderated": "false",
      "lastModified": "2017-09-20T21:46:47Z",
      "newspaperEditionDate": "2004-06-14T00:00:00Z",
      "productionOffice": "UK",
      "publication": "theguardian.com",
      "shortUrl": "https://gu.com/p/7z5e",
      "shouldHideAdverts": "false",
      "showInRelatedContent": "true",
      "legallySensitive": "false",
      "lang": "en",
      "bodyText": "Government figures released today showed that property prices went up by 4.5% in April - nearly double the strong 2.4% rise recorded during the same month last year. The rise pushed the average price of a house in the UK up to \u00a3168,600, an increase of \u00a37,300 since March. According to the Office of the Deputy Prime Minister, the sharp increase was driven by growth in the prices of properties at the bottom end of the market, such as terraced houses and flats. The average price of a flat rose by 7.2% month-on-month, while the price of a terraced house went up by 5.2%. The price of the average detached house, meanwhile, rose by a more modest 3.1%. The average first-time buyer is now paying 18.3% more for his or her home than they were a year ago following a dramatic 8.2% rise during April which put the average cost of a first home at \u00a3135,505. Those who are already owner-occupiers, on the other hand, are paying just 6.6% more than they were last year, with the average price of second and subsequent homes standing at \u00a3186,533. However, the government said that the steep jump in prices paid by first-time buyers should be seen in the context of a declining number of people getting on to the property ladder. The ODPM also pointed out that this month's unusually high figure of 4.5% came on the back of a month in which the government recorded price growth of just 0.2%, well down on the 1.4% recorded by Nationwide and the 2.2% jump seen by Halifax. The annual rate of house price inflation increased in all regions of the country expect Scotland, Northern Ireland and the north-east during April. In the north-east, which has seen strong price gains during the past year, the annual rate of growth eased slightly to 22.7% from 26.2% for the year to the end of March. The 12-month rate of price growth increased in other northern regions to 21.2% in the north-west and 20.1% in Yorkshire and the Humber, while the market also remained strong in Wales at 23.1% and Scotland at 20.7%. In the south, price growth showed signs of picking up again, with annual house price inflation in London rising to 7.9% from 4.9%, while in the east it rose to 4.5% from just 0.5% during the previous 12 months. Unsurprisingly, London remains the most expensive place to buy a property, with prices averaging \u00a3255,131, followed by the south-east at \u00a3223,333. At the other end of the scale a home is cheapest in Scotland and Northern Ireland, at \u00a3106,242 and \u00a3106,601 respectively. Liberal Democrat Treasury spokesman Vince Cable said: \"Rising lending by banks and building societies is recklessly fuelling the housing boom. \"Large numbers of people are gambling on the house price boom - a gamble they may regret if house prices start to fall or interest rates continue to rise. First-time buyers are increasingly being priced out of the market, making the house price bubble even more precarious. It is time the Government took action to protect ordinary homeowners against irresponsible lending.\"",
      "charCount": "2992"
    },
    "isHosted": false,
    "pillarId": "pillar/news",
    "pillarName": "News"
  },
  {
    "id": "politics/2004/jun/14/elections2004.eu",
    "type": "article",
    "sectionId": "politics",
    "sectionName": "Politics",
    "webPublicationDate": "2004-06-14T12:05:40Z",
    "webTitle": "Leader: European elections",
    "webUrl": "https://www.theguardian.com/politics/2004/jun/14/elections2004.eu",
    "apiUrl": "https://content.guardianapis.com/politics/2004/jun/14/elections2004.eu",
    "fields": {
      "headline": "The price of Ukip",
      "standfirst": "European elections",
      "trailText": "<B>Leader:</B> The forecast that Labour would get clobbered in the locals and the Tories in the Europeans always looked too glibly symmetrical to be true.",
      "byline": "Leader",
      "main": "",
      "body": "<b> The following correction was printed in the Guardian's Corrections and Clarifications column, Wednesday June 16 2004</b> <br>  In the article below we state that: \"Ukip's vote has been rewarded with a harvest of seats from the Scilly Isles to Newcastle\". In fact Ukip won no seats in the north-east region to which Newcastle belongs.      The forecast that Labour would get clobbered in the locals and the Tories in the Europeans always looked too glibly symmetrical to be true. Last night it was in tatters, as the UK Independence party led the way in rewriting the electoral scorebook in the European elections and, in so doing, left the politics of this country's relationship with Europe as uncertain as at any time since Labour took office. Ukip took lumps out of all the parties but the biggest casualty was the cause of Britain in Europe. <p>Ukip has achieved a spectacular irruption into the existing electoral order. The party did not come from absolutely nowhere - it took 7% in the last European elections in 1999 - and neither was it the only winner last night. The Liberal Democrats gained some ground, the Greens held their own and other small parties picked up votes. But Ukip matched them with a surge at least as powerful as the Green party's 15% score in the 1989 Europeans. Ukip's success has much bigger political consequences too. Proportional representation means that Ukip's vote has been rewarded with a harvest of seats from the Scilly Isles to Newcastle; under first past the post in 1989 the Greens got no MEPs at all. </p> <p>The other big difference compared with 1989 is that, compared with recent opinion polls, support for the two major parties has been knocked back to levels that would horrify them at a general election. Labour and the Conservatives both took around a quarter of the vote. The Liberal Democrats, who have a bad record in European elections, put up their share of the vote slightly but were still adrift neck and neck with Ukip. That all adds up to an election with a series of striking legacies for the record books: the first election in which the two major parties struggled to win a majority of votes; the first in which parties not represented in the House of Commons took more than 25% of the total; and the first election in British history in which the \"winning\" party got less than a third of the votes. These results will not have made many converts to the campaign for proportional representation at Westminster. </p> <p>But Ukip represents something new in British politics in its own right. Though it undoubtedly owes its success to its simplistic anti-European message in a European parliamentary election, Ukip's significance is wider. Europe may be Ukip's preoccupation, but the party is recognisably also a characteristic populist party of the right, anti-immigrant, anti-politician and anti-metropolitan (and with a charismatic figurehead). Parties of this kind are familiar in many political cultures, from France and Italy to the United States and Australia. This is the first time such a party has made such an impact in a UK election. It is a big hit against the European cause but, as results from elsewhere in the EU showed last night, it paradoxically leaves British politics looking more typically European. </p> <p>Ukip should neither be overestimated nor underestimated. Its success may be a flash in the pan in general election terms, as the Greens' was 15 years ago. European elections often produce protest party successes, and the political conditions this time were perfect for such a result. But don't be too confident that Ukip's fine showing is ephemeral. Last night will give Ukip significant rights to be heard on the BBC from now on, especially when, with a referendum looming, Europe is set to remain so high profile. This could help encourage rich anti-Europeans to bankroll the party at a general election that is probably less than a year away. That could make Ukip a more significant spoiler for Tory votes in 2005 than the Referendum party was in 1997. The disruptive effect in the Tory party could be explosive. But Ukip will frighten a weakened Labour too. These results have a price for all parties, and for the pro-European cause most of all.</p>",
      "newspaperPageNumber": "19",
      "wordcount": "713",
      "commentable": "false",
      "isPremoderated": "false",
      "lastModified": "2017-05-08T07:07:18Z",
      "newspaperEditionDate": "2004-06-14T00:00:00Z",
      "productionOffice": "UK",
      "publication": "theguardian.com",
      "shortUrl": "https://gu.com/p/y7ab",
      "shouldHideAdverts": "false",
      "showInRelatedContent": "true",
      "legallySensitive": "false",
      "lang": "en",
      "bodyText": "The following correction was printed in the Guardian's Corrections and Clarifications column, Wednesday June 16 2004 In the article below we state that: \"Ukip's vote has been rewarded with a harvest of seats from the Scilly Isles to Newcastle\". In fact Ukip won no seats in the north-east region to which Newcastle belongs. The forecast that Labour would get clobbered in the locals and the Tories in the Europeans always looked too glibly symmetrical to be true. Last night it was in tatters, as the UK Independence party led the way in rewriting the electoral scorebook in the European elections and, in so doing, left the politics of this country's relationship with Europe as uncertain as at any time since Labour took office. Ukip took lumps out of all the parties but the biggest casualty was the cause of Britain in Europe. Ukip has achieved a spectacular irruption into the existing electoral order. The party did not come from absolutely nowhere - it took 7% in the last European elections in 1999 - and neither was it the only winner last night. The Liberal Democrats gained some ground, the Greens held their own and other small parties picked up votes. But Ukip matched them with a surge at least as powerful as the Green party's 15% score in the 1989 Europeans. Ukip's success has much bigger political consequences too. Proportional representation means that Ukip's vote has been rewarded with a harvest of seats from the Scilly Isles to Newcastle; under first past the post in 1989 the Greens got no MEPs at all. The other big difference compared with 1989 is that, compared with recent opinion polls, support for the two major parties has been knocked back to levels that would horrify them at a general election. Labour and the Conservatives both took around a quarter of the vote. The Liberal Democrats, who have a bad record in European elections, put up their share of the vote slightly but were still adrift neck and neck with Ukip. That all adds up to an election with a series of striking legacies for the record books: the first election in which the two major parties struggled to win a majority of votes; the first in which parties not represented in the House of Commons took more than 25% of the total; and the first election in British history in which the \"winning\" party got less than a third of the votes. These results will not have made many converts to the campaign for proportional representation at Westminster. But Ukip represents something new in British politics in its own right. Though it undoubtedly owes its success to its simplistic anti-European message in a European parliamentary election, Ukip's significance is wider. Europe may be Ukip's preoccupation, but the party is recognisably also a characteristic populist party of the right, anti-immigrant, anti-politician and anti-metropolitan (and with a charismatic figurehead). Parties of this kind are familiar in many political cultures, from France and Italy to the United States and Australia. This is the first time such a party has made such an impact in a UK election. It is a big hit against the European cause but, as results from elsewhere in the EU showed last night, it paradoxically leaves British politics looking more typically European. Ukip should neither be overestimated nor underestimated. Its success may be a flash in the pan in general election terms, as the Greens' was 15 years ago. European elections often produce protest party successes, and the political conditions this time were perfect for such a result. But don't be too confident that Ukip's fine showing is ephemeral. Last night will give Ukip significant rights to be heard on the BBC from now on, especially when, with a referendum looming, Europe is set to remain so high profile. This could help encourage rich anti-Europeans to bankroll the party at a general election that is probably less than a year away. That could make Ukip a more significant spoiler for Tory votes in 2005 than the Referendum party was in 1997. The disruptive effect in the Tory party could be explosive. But Ukip will frighten a weakened Labour too. These results have a price for all parties, and for the pro-European cause most of all.",
      "charCount": "4200"
    },
    "isHosted": false,
    "pillarId": "pillar/news",
    "pillarName": "News"
  },
  {
    "id": "business/2004/jun/14/communities.politics",
    "type": "article",
    "sectionId": "business",
    "sectionName": "Business",
    "webPublicationDate": "2004-06-14T07:55:04Z",
    "webTitle": "Economy steams ahead but London is left behind",
    "webUrl": "https://www.theguardian.com/business/2004/jun/14/communities.politics",
    "apiUrl": "https://content.guardianapis.com/business/2004/jun/14/communities.politics",
    "fields": {
      "headline": "Economy steams ahead but London is left behind",
      "trailText": "<p>Economic activity in most regions of the country steamed ahead while London suffered a sharp slowdown in activity and employment, a survey shows today. </p>",
      "byline": "Ashley Seager",
      "main": "",
      "body": "<p>Economic activity in most regions of the country steamed ahead while London suffered a sharp slowdown in activity and employment, a survey shows today. </p> <p>The purchasing managers' survey of regional activity, sponsored by Royal Bank of Scotland, showed that Northern Ireland remained top of the national growth league in the three months to May, closely followed by the East Midlands and the south-east. </p> <p>London, which was top in the final quarter of last year, has slipped to eighth place in terms of economic growth and from sixth to 11th place in the national employment table. </p> <p>Chris Williamson of NTC Research, which compiles the data, said London was the first region to suffer from a succession of interest rate rises by the Bank of England since last November. </p> <p>\"London is reliant on its financial services industry and has been the first to be affected by interest rate increases. But other regions, like the East Midlands, which have a lot of manufacturers have benefited because of the global economic upturn.\" </p> <p>Other surveys have shown house prices in London growing much more slowly than the rest of the country, possibly because property in London is the country's most expensive and so rate rises would hit Londoners harder because many have taken out big mortgages in recent years. </p> <p>The RBS survey found that firms across the regions were reporting higher input prices, mainly due to the recent rises in oil prices, and were finding it easier than in the past to pass on the higher costs to customers in the form of higher prices. </p> <p>\"At present the Bank of England clearly places great reliance on sound survey data in examining economic trends. The MPC will be monitoring output price trends with great care, especially if the oil price spike is sustained a while longer,\" said RBS chief economist Jeremy Peat. </p> <p>Another survey, from the Institute of Directors, forecast that growth in Britain would slow from 3.1% this year to 2.6% in 2005 as interest rates move to 5% by the early part of next year from the current 4.5% level. </p> <p>The Bank of England raised rates last week for the second month in a row as it quickened its pace of monetary tightening in an attempt to slow the boom in household borrowing and house prices. </p> <p>Financial markets are pricing in rates at 5.25% by the end of the year and at least 5.5% by the middle of 2005. </p> <p>\"It was never going to be an easy task to slow the British economy, but it is proving harder than we expected,\" said IoD chief economist Graham Leach. </p> <p>\"Does this mean the UK economy requires shock therapy? On balance we think the case for a gradualist approach to interest rate rises is still stronger, but it is now a very close call.\" </p> <p>It said further rate rises were needed because of inflationary pressures building in the economy and the likelihood that consumer spending would continue to grow on the back of rising household wealth. </p> <p>It predicted that a rise in rates to 5% would be sufficient to slow house price inflation, which Halifax data last week showed topped 20% in May. </p> <p>\"If interest rates rise to 5%, there is a 50:50 chance of a HISS (sharp slowdown in house prices) versus a POP (significant falls in house prices) outcome for the housing market in 2005.\"</p>",
      "newspaperPageNumber": "24",
      "wordcount": "566",
      "commentable": "false",
      "isPremoderated": "false",
      "lastModified": "2017-05-08T07:07:20Z",
      "newspaperEditionDate": "2004-06-14T00:00:00Z",
      "productionOffice": "UK",
      "publication": "theguardian.com",
      "shortUrl": "https://gu.com/p/dk84",
      "shouldHideAdverts": "false",
      "showInRelatedContent": "true",
      "legallySensitive": "false",
      "lang": "en",
      "bodyText": "Economic activity in most regions of the country steamed ahead while London suffered a sharp slowdown in activity and employment, a survey shows today. The purchasing managers' survey of regional activity, sponsored by Royal Bank of Scotland, showed that Northern Ireland remained top of the national growth league in the three months to May, closely followed by the East Midlands and the south-east. London, which was top in the final quarter of last year, has slipped to eighth place in terms of economic growth and from sixth to 11th place in the national employment table. Chris Williamson of NTC Research, which compiles the data, said London was the first region to suffer from a succession of interest rate rises by the Bank of England since last November. \"London is reliant on its financial services industry and has been the first to be affected by interest rate increases. But other regions, like the East Midlands, which have a lot of manufacturers have benefited because of the global economic upturn.\" Other surveys have shown house prices in London growing much more slowly than the rest of the country, possibly because property in London is the country's most expensive and so rate rises would hit Londoners harder because many have taken out big mortgages in recent years. The RBS survey found that firms across the regions were reporting higher input prices, mainly due to the recent rises in oil prices, and were finding it easier than in the past to pass on the higher costs to customers in the form of higher prices. \"At present the Bank of England clearly places great reliance on sound survey data in examining economic trends. The MPC will be monitoring output price trends with great care, especially if the oil price spike is sustained a while longer,\" said RBS chief economist Jeremy Peat. Another survey, from the Institute of Directors, forecast that growth in Britain would slow from 3.1% this year to 2.6% in 2005 as interest rates move to 5% by the early part of next year from the current 4.5% level. The Bank of England raised rates last week for the second month in a row as it quickened its pace of monetary tightening in an attempt to slow the boom in household borrowing and house prices. Financial markets are pricing in rates at 5.25% by the end of the year and at least 5.5% by the middle of 2005. \"It was never going to be an easy task to slow the British economy, but it is proving harder than we expected,\" said IoD chief economist Graham Leach. \"Does this mean the UK economy requires shock therapy? On balance we think the case for a gradualist approach to interest rate rises is still stronger, but it is now a very close call.\" It said further rate rises were needed because of inflationary pressures building in the economy and the likelihood that consumer spending would continue to grow on the back of rising household wealth. It predicted that a rise in rates to 5% would be sufficient to slow house price inflation, which Halifax data last week showed topped 20% in May. \"If interest rates rise to 5%, there is a 50:50 chance of a HISS (sharp slowdown in house prices) versus a POP (significant falls in house prices) outcome for the housing market in 2005.\"",
      "charCount": "3212"
    },
    "isHosted": false,
    "pillarId": "pillar/news",
    "pillarName": "News"
  },
  {
    "id": "football/2004/jun/14/euro2004.sport25",
    "type": "article",
    "sectionId": "football",
    "sectionName": "Football",
    "webPublicationDate": "2004-06-14T00:57:41Z",
    "webTitle": "Portugal 1 - 2 Greece",
    "webUrl": "https://www.theguardian.com/football/2004/jun/14/euro2004.sport25",
    "apiUrl": "https://content.guardianapis.com/football/2004/jun/14/euro2004.sport25",
    "fields": {
      "headline": "Scolari bears brunt as hosts turn their anger inwards",
      "standfirst": "Ronaldo 90 | Karagounis 7; Basinas 51pen",
      "trailText": "<p>Portugal 1 - 2 Greece Greece took advantage of Portugal's internal discord as the shell-shocked hosts and their Brazilian coach paid a heavy price for infighting.</p>",
      "byline": "Michael Walker in Oporto",
      "main": "",
      "body": "<p>Portuguese, spoken quickly and often in dialect, is not the easiest language for the tourist to penetrate but few visitors here for Euro 2004 could misunderstand the front page of the sports daily A Bola yesterday morning. \" Nao \" it wailed. </p> <p>The anguish was laced with embarrassment that Portugal, hosting its first major tournament, could mark the occasion by playing so lethargically, both creatively and physically, in the opener. Walking back through the streets on Saturday night, Oporto felt like a city under curfew. </p> <p>\"Something very bad happened,\" said Portugal's manager Felipe Scolari. Yet he, like his players, was at pains to avoid answering the next question: Why? </p> <p>The closest anyone came to an honest assessment was the substitute Nuno Gomes, who said, in English: \"We have great individuals but we did not play as a team. Greece did.\" </p> <p>Why did Portugal not play as a team? \"I have my opinion,\" Gomes replied, \"but I am not the coach.\" </p> <p>The implication in everything muttered pointed to personal rivalries undermining Portugal. Luis Figo, Rui Costa, Deco and Pauleta are considered a fine collection, but there is a difference between that and a collective. </p> <p>Greece, marshalled by their captain, the former Leicester City midfielder, Theo Zagorakis, were organised to soak pressure and then break away along the flanks. The plans worked so well that Greece's German manager Otto Rehhagel said he should be given freedom to \"drive alone\" in the Athens bus lanes. </p> <p>For Scolari, however, there is only more pressure. Yesterday the Brazilian was accused of picking the wrong team and in one scathing article his \"arrogance\" was mentioned three times. </p> <p>Scolari did have the courage to withdraw Rui Costa after a particularly ineffective first half from the languid midfielder. Deco, whose Brazilian nationality has not endeared him to some of his colleagues, never mind Portugal as a whole, proved to be only a marginal improvement. Deco may well feel stifled by comments from Figo and others. </p> <p>Deco needs to rid himself of those feelings if that is the case. Portugal are fortunate that they face Russia on Wednesday rather than Spain and they need to begin expressing themselves if there is not to be an emotional early farewell. </p> <p>The tournament could also do with the hosts enjoying themselves. Portugal would take little pleasure in saying goodbye to the \"Golden Generation\", especially if it exposed as a myth. </p> <p>Joining Deco in the starting line-up in Lisbon on Wednesday should be Cristiano Ronaldo. It says something of the sterile nature of Portugal's performance against Greece that the 19-year-old from Manchester United was their best player. </p> <p>He, too, came on at half-time and despite giving away the 52nd minute penalty that Angelos Basinas converted to make the score 2-0 to the Greeks, Ronaldo at least offered a threat on the left as well as scoring his first international goal with a header deep into injury-time. Judging by his reaction it could not be called a consolation. </p> <p>But another player of Premiership interest, the Chelsea-bound Paulo Ferreira, may lose his place against Russia. Showing signs of nerves even before he gifted Giorgios Karagounis the ball in the seventh minute, Ferreira had a day to forget. Karagounis accepted the offer, rolled forward and from 25 yards sent an accurate shot into the bottom corner. </p> <p>Greece were on their way to shocking Portugal and the whole tournament. Mihalis Kapsis and Triainos Dellas were formidable in defence and there was a thoroughness to their organisation overall. Were Angelos Charisteas a better goalscorer, it would have been much worse for the Portuguese. Charisteas had three good chances, the first after 48 seconds. </p> <p>\"If people did underestimate us then they won't any more,\" said the Bolton midfielder Stelios Giannakopoulos. \"We beat Spain so this is not such a major shock to us.\" </p> <p>Indeed, Greece won qualifying Group 6 due in no little way to a 1-0 victory in Zaragoza last June. Greece also accounted for Ukraine in the group. They now meet Spain, conquerors of Russia, in Oporto on Wednesday. Later in Lisbon it is Portugal and Russia and, if one side loses, effectively they will be out. </p> <p>After the seafaring theme of an enjoyably short opening ceremony, Portugal's Euro 2004 contribution is in danger of being remembered for its fish 'n' myths. </p> <p>Match Stats:</p> <p><strong> Portugal </strong> (4-2-3-1): Ricardo <strong> 4</strong> ; Paulo Ferreira <strong> 4</strong> , Couto<strong> 3</strong> , Andrade <strong> 4</strong> , Rui Jorge <strong> 4</strong> ; Maniche <strong> 5</strong> , Costinha <strong> 4</strong> ; Figo <strong> 5</strong> , Rui Costa<strong> 3</strong> , Simao <strong> 3</strong> ; Pauleta <strong> 3 Booked: </strong> Costinha, Pauleta </p> <p><strong> Greece </strong> (4-3-2-1): Nikopolidis <strong> 5</strong> ; Seitaridis <strong> 6</strong> , Dellas <strong> 7</strong>, Kapsis <strong> 8</strong> , Fyssas <strong> 7</strong> ; Zagorakis <strong> 7</strong> , Basinas <strong> 7</strong> , Karagounis <strong> 7</strong> ; Charisteas <strong> 6</strong> , Stelios <strong> 7</strong> ; Vryzas<strong> 6</strong> <strong> Booked: </strong> Karagounis, Seitaridis </p> <p><strong> Att: </strong> 52, 000. <strong> Referee: </strong> Collina (Italy) <strong> 6 Man of the match: </strong> Kapsis (Greece) </p> <p><strong> Substitutions: Portugal: </strong> Deco (Rui Costa, 45) like for like; Ronaldo (Simao, 45) like for like; Nuno Gomes (Costinha, 66) to striker. Change to 4-1-3-2. <strong> Greece: </strong> Katsouranis (Karagounis, 45) like for like; Nikolaidis (Stelios, 45) like for like; Lakis (Charisteas, 74) like for like. </p> <p> Portugal Greece </p> <p> 63% Possession 37% </p> <p>5 Shots on target 4 </p> <p>14 Shots off target 4 </p> <p>10 Corners 3 </p> <p>20 Fouls conceded 23 </p> <p>76% Pass completion 63% </p> <p>1 Offside 4</p>",
      "newspaperPageNumber": "10",
      "wordcount": "857",
      "commentable": "false",
      "isPremoderated": "false",
      "lastModified": "2017-02-20T21:13:54Z",
      "newspaperEditionDate": "2004-06-14T00:00:00Z",
      "productionOffice": "UK",
      "publication": "theguardian.com",
      "shortUrl": "https://gu.com/p/x76dk",
      "shouldHideAdverts": "false",
      "showInRelatedContent": "true",
      "legallySensitive": "false",
      "lang": "en",
      "bodyText": "Portuguese, spoken quickly and often in dialect, is not the easiest language for the tourist to penetrate but few visitors here for Euro 2004 could misunderstand the front page of the sports daily A Bola yesterday morning. \" Nao \" it wailed. The anguish was laced with embarrassment that Portugal, hosting its first major tournament, could mark the occasion by playing so lethargically, both creatively and physically, in the opener. Walking back through the streets on Saturday night, Oporto felt like a city under curfew. \"Something very bad happened,\" said Portugal's manager Felipe Scolari. Yet he, like his players, was at pains to avoid answering the next question: Why? The closest anyone came to an honest assessment was the substitute Nuno Gomes, who said, in English: \"We have great individuals but we did not play as a team. Greece did.\" Why did Portugal not play as a team? \"I have my opinion,\" Gomes replied, \"but I am not the coach.\" The implication in everything muttered pointed to personal rivalries undermining Portugal. Luis Figo, Rui Costa, Deco and Pauleta are considered a fine collection, but there is a difference between that and a collective. Greece, marshalled by their captain, the former Leicester City midfielder, Theo Zagorakis, were organised to soak pressure and then break away along the flanks. The plans worked so well that Greece's German manager Otto Rehhagel said he should be given freedom to \"drive alone\" in the Athens bus lanes. For Scolari, however, there is only more pressure. Yesterday the Brazilian was accused of picking the wrong team and in one scathing article his \"arrogance\" was mentioned three times. Scolari did have the courage to withdraw Rui Costa after a particularly ineffective first half from the languid midfielder. Deco, whose Brazilian nationality has not endeared him to some of his colleagues, never mind Portugal as a whole, proved to be only a marginal improvement. Deco may well feel stifled by comments from Figo and others. Deco needs to rid himself of those feelings if that is the case. Portugal are fortunate that they face Russia on Wednesday rather than Spain and they need to begin expressing themselves if there is not to be an emotional early farewell. The tournament could also do with the hosts enjoying themselves. Portugal would take little pleasure in saying goodbye to the \"Golden Generation\", especially if it exposed as a myth. Joining Deco in the starting line-up in Lisbon on Wednesday should be Cristiano Ronaldo. It says something of the sterile nature of Portugal's performance against Greece that the 19-year-old from Manchester United was their best player. He, too, came on at half-time and despite giving away the 52nd minute penalty that Angelos Basinas converted to make the score 2-0 to the Greeks, Ronaldo at least offered a threat on the left as well as scoring his first international goal with a header deep into injury-time. Judging by his reaction it could not be called a consolation. But another player of Premiership interest, the Chelsea-bound Paulo Ferreira, may lose his place against Russia. Showing signs of nerves even before he gifted Giorgios Karagounis the ball in the seventh minute, Ferreira had a day to forget. Karagounis accepted the offer, rolled forward and from 25 yards sent an accurate shot into the bottom corner. Greece were on their way to shocking Portugal and the whole tournament. Mihalis Kapsis and Triainos Dellas were formidable in defence and there was a thoroughness to their organisation overall. Were Angelos Charisteas a better goalscorer, it would have been much worse for the Portuguese. Charisteas had three good chances, the first after 48 seconds. \"If people did underestimate us then they won't any more,\" said the Bolton midfielder Stelios Giannakopoulos. \"We beat Spain so this is not such a major shock to us.\" Indeed, Greece won qualifying Group 6 due in no little way to a 1-0 victory in Zaragoza last June. Greece also accounted for Ukraine in the group. They now meet Spain, conquerors of Russia, in Oporto on Wednesday. Later in Lisbon it is Portugal and Russia and, if one side loses, effectively they will be out. After the seafaring theme of an enjoyably short opening ceremony, Portugal's Euro 2004 contribution is in danger of being remembered for its fish 'n' myths. Match Stats: Portugal (4-2-3-1): Ricardo 4 ; Paulo Ferreira 4 , Couto 3 , Andrade 4 , Rui Jorge 4 ; Maniche 5 , Costinha 4 ; Figo 5 , Rui Costa 3 , Simao 3 ; Pauleta 3 Booked: Costinha, Pauleta Greece (4-3-2-1): Nikopolidis 5 ; Seitaridis 6 , Dellas 7, Kapsis 8 , Fyssas 7 ; Zagorakis 7 , Basinas 7 , Karagounis 7 ; Charisteas 6 , Stelios 7 ; Vryzas 6 Booked: Karagounis, Seitaridis Att: 52, 000. Referee: Collina (Italy) 6 Man of the match: Kapsis (Greece) Substitutions: Portugal: Deco (Rui Costa, 45) like for like; Ronaldo (Simao, 45) like for like; Nuno Gomes (Costinha, 66) to striker. Change to 4-1-3-2. Greece: Katsouranis (Karagounis, 45) like for like; Nikolaidis (Stelios, 45) like for like; Lakis (Charisteas, 74) like for like. Portugal Greece 63% Possession 37% 5 Shots on target 4 14 Shots off target 4 10 Corners 3 20 Fouls conceded 23 76% Pass completion 63% 1 Offside 4",
      "charCount": "5217"
    },
    "isHosted": false,
    "pillarId": "pillar/sport",
    "pillarName": "Sport"
  }
]