[
  {
    "id": "business/2005/jan/25/housingmarket.housingdemand",
    "type": "article",
    "sectionId": "business",
    "sectionName": "Business",
    "webPublicationDate": "2005-01-25T13:05:03Z",
    "webTitle": "House price campaign launched",
    "webUrl": "https://www.theguardian.com/business/2005/jan/25/housingmarket.housingdemand",
    "apiUrl": "https://content.guardianapis.com/business/2005/jan/25/housingmarket.housingdemand",
    "fields": {
      "headline": "House price campaign launched",
      "trailText": "<p>A pressure group has been set up to attempt to rein in house price inflation and bring property back within reach of \"ordinary people\". </p>",
      "byline": "Sandra Haurant and agencies",
      "main": "",
      "body": "<p>A pressure group has been set up to attempt to rein in house price inflation and bring property back within reach of \"ordinary people\". </p> <p>The House Price Control campaign, headed by Bob Goodall, will write to MPs and other organisations in an effort to drum up support in raising the issues of property prices and affordability. </p> <p>Mr Goodall is no stranger to pressure group tactics, having previously coordinated the Save our Building Societies campaign. He said: \"No one benefits from house price inflation. High house prices are an illusion of wealth that mean higher costs such as insurance. </p> <p>\"A person only realises the wealth if they sell their home. Then it is gone when they buy another one, unless they move away. The house price bubble has spread out so it is harder to capitalise in this way.\" </p> <p>He added that the campaign group's objective was to start a debate on what might be done to reduce house price inflation other than increasing supply of housing to meet ever increasing demand. </p> <p>He went on to say: \"Regulation is a tool for the government that costs nothing financially. The price mechanism means that with limited supply of land and increasing demand through rising population, or because people wish to live on their own, the cost of houses will continue to rise. </p> <p>\"With one hand people work to raise their standard of living but lose with the other as the cost of finding a home increases,\" he said. \"The best way of ratcheting up the standard of living of people in this country is to regulate the biggest cost in their lives: housing.\" </p> <p>However, Martin Ellis, chief economist at Halifax, said the campaign was a case of shutting the stable door after the horse has bolted. \"The market has been slowing for some months. The Bank of England's decisions have already had their effect and it is cooling anyway.\" </p> <p>He added that inflation in property prices was a reflection of market forces, and said: \"If you start trying to control that then you will stunt the market.\" </p> <p>The launch of the campaign comes a day after the deputy prime minister, John Prescott, announced a package of measures to help low and middle income families in England take their first step onto the housing ladder. </p> <p>Around 300,000 council and housing association tenants will be able to buy a stake of 50% or more of their homes under the new Social Homebuy scheme, Mr Prescott told the House of Commons. </p> <p>Up to 80,000 people will be helped by a series of low-cost ownership programmes, such as a first-time buyers' initiative, which will see 15,000 new starter homes built on public land, including 100 former NHS sites.</p>",
      "wordcount": "455",
      "commentable": "false",
      "isPremoderated": "false",
      "lastModified": "2017-09-20T21:45:28Z",
      "newspaperEditionDate": "2005-01-25T00:00:00Z",
      "productionOffice": "UK",
      "publication": "theguardian.com",
      "shortUrl": "https://gu.com/p/8hx2",
      "shouldHideAdverts": "false",
      "showInRelatedContent": "true",
      "legallySensitive": "false",
      "lang": "en",
      "bodyText": "A pressure group has been set up to attempt to rein in house price inflation and bring property back within reach of \"ordinary people\". The House Price Control campaign, headed by Bob Goodall, will write to MPs and other organisations in an effort to drum up support in raising the issues of property prices and affordability. Mr Goodall is no stranger to pressure group tactics, having previously coordinated the Save our Building Societies campaign. He said: \"No one benefits from house price inflation. High house prices are an illusion of wealth that mean higher costs such as insurance. \"A person only realises the wealth if they sell their home. Then it is gone when they buy another one, unless they move away. The house price bubble has spread out so it is harder to capitalise in this way.\" He added that the campaign group's objective was to start a debate on what might be done to reduce house price inflation other than increasing supply of housing to meet ever increasing demand. He went on to say: \"Regulation is a tool for the government that costs nothing financially. The price mechanism means that with limited supply of land and increasing demand through rising population, or because people wish to live on their own, the cost of houses will continue to rise. \"With one hand people work to raise their standard of living but lose with the other as the cost of finding a home increases,\" he said. \"The best way of ratcheting up the standard of living of people in this country is to regulate the biggest cost in their lives: housing.\" However, Martin Ellis, chief economist at Halifax, said the campaign was a case of shutting the stable door after the horse has bolted. \"The market has been slowing for some months. The Bank of England's decisions have already had their effect and it is cooling anyway.\" He added that inflation in property prices was a reflection of market forces, and said: \"If you start trying to control that then you will stunt the market.\" The launch of the campaign comes a day after the deputy prime minister, John Prescott, announced a package of measures to help low and middle income families in England take their first step onto the housing ladder. Around 300,000 council and housing association tenants will be able to buy a stake of 50% or more of their homes under the new Social Homebuy scheme, Mr Prescott told the House of Commons. Up to 80,000 people will be helped by a series of low-cost ownership programmes, such as a first-time buyers' initiative, which will see 15,000 new starter homes built on public land, including 100 former NHS sites.",
      "charCount": "2603"
    },
    "isHosted": false,
    "pillarId": "pillar/news",
    "pillarName": "News"
  },
  {
    "id": "media/2005/jan/25/pressandpublishing",
    "type": "article",
    "sectionId": "media",
    "sectionName": "Media",
    "webPublicationDate": "2005-01-25T12:52:21Z",
    "webTitle": "TV listings price war breaks out",
    "webUrl": "https://www.theguardian.com/media/2005/jan/25/pressandpublishing",
    "apiUrl": "https://content.guardianapis.com/media/2005/jan/25/pressandpublishing",
    "fields": {
      "headline": "TV listings price war breaks out",
      "trailText": "<p><strong>11.45am: </strong> An aggressive price war has erupted among TV listings magazines with TV Choice slashing its cover price by 10p after What's On TV dropped its price last week. By <strong>Julia Day</strong>.</p>",
      "byline": "Julia Day",
      "main": "<figure class=\"element element-image\" data-media-id=\"gu-image-330491976\"> <img src=\"http://static.guim.co.uk/sys-images/Media/Pix/pictures/2005/01/25/radiotimes1282.jpg\" alt=\"Radio Times\" width=\"128\" height=\"128\" class=\"gu-image\" /> <figcaption> <span class=\"element-image__caption\">Radio Times: its publisher says that the current price war is 'decimating' listings business</span> </figcaption> </figure>",
      "body": "<p>An aggressive price war has erupted among TV listings magazines, with TV Choice slashing its cover price by 10p after What's On TV dropped its price last week.</p> <p>The price-cutting has provoked a war of words between German giant Bauer, publisher of TV Choice, IPC, owner of What's on TV, and the BBC's Radio Times, which has accused its rivals of trying to wipe out profits from the sector.</p> <p>Bauer claimed it was forced into the move by IPC's negative tactics, while the publisher of Radio Times said the price war was \"decimating\" TV listings, forcing the cannibalisation of existing magazines and giving newsagents a poor deal.</p> <p>The first salvo in the price war was fired last week when What's on TV, the UK's best-selling magazine, announced it was cutting its price by 10p to 35p. </p> <p>It was followed by an immediate price cut by TV Choice, which responded by hacking 10p off its price to an all-time low of 30p from the issue on sale today, making it the cheapest TV title on the shelves.</p> <p>Bosses at Radio Times, which costs 93p, have not responded with a price cut but have hit out angrily at the move.</p> <p>\"I'm disappointed that the value of the sector is being decimated in this way by this aggressive price-cutting activity,\" said the publishing director, Marcus Arthur, adding that everyone, from publishers to retailers and consumers, will lose out from the price war: </p> <p>He said sales volume in the TV listings category had remained static since the launch of cheap and cheerful titles and predicted this latest bid to increase sales through price cuts would not suceed when previous attempts have failed. \"Unlike other magazine sectors such as women's lifestyle or home interest, there is no dual purchase within the listings category, so launching new titles will not grow the sector - it will merely cannibalise sales of existing magazines at a similar price point.</p> <p>\"Launching a cut-price title would only serve to reduce the value of the market as a whole. By cutting prices, fewer retailers will want to stock the magazine. At the new price a retailer would have to sell three copies of What's on TV to make the same amount of money as from the sale of one copy of Radio Times.</p> <p>\"This means that, ultimately, consumers will have less choice as retailers will only want to stock a product that brings them sufficient revenue. By reducing the cover price, publishers, retailers and consumers all lose out.\"</p> <p>IPC maintains its move was not an attempt to draw its rival into a price war, but was part of a long-term strategy by parent company Time Inc to grow the magazine, which is one of its top 10 profit-earning titles.</p> <p>\"We planned our price cut for months and months as part of a long-term strategy,\" said an IPC spokesman. \"[Bauer's] looks like a knee-jerk reaction to our move. A 30p magazine is taking value out of the marketplace.</p> <p>\"We are not in a pitched battle with any other title. But I get the impression that this is a defensive move from Bauer who feel oppressed by the action we've taken. </p> <p>\"But you have to draw the line somewhere. Our 35p price means our retail sales value will increase, not decrease. But it would be interesting to know if Bauer's retail sales value will be maintained,\" said the spokesman.</p> <p>The publishing director of Bauer's TV Choice, Julie Lavington, said IPC had forced the action on her magazine.</p> <p>\"We had no choice but to cut the price to protect our brand proposition. The 30p price is viable for us. Obviously we didn't want to do it, but we had no choice,\" she said.</p> <p>But she believes the lower price has the potential to attract new readers to the sector, although the biggest competition to the paid-for TV titles is from free newspapers listings.</p> <p>What's on TV is the UK's top-selling title with a circulation of 1.63m, 500,000 copies ahead of its nearest rivals - the BBC's Radio Times, which sells 1.1m, and TV Choice, which has a circulation of 1.08m.</p> <p> <strong>\u00b7</strong> To contact the MediaGuardian news desk email <a href=\"mailto:editor@mediatheguardian.com\">editor@mediatheguardian.com</a> or phone 020 7239 9857</p> <p><strong><strong>\u00b7</strong></strong> If you are writing a comment for publication, please mark clearly \"for publication\".</p>",
      "wordcount": "718",
      "commentable": "false",
      "isPremoderated": "false",
      "lastModified": "2017-05-31T20:58:06Z",
      "newspaperEditionDate": "2005-01-25T00:00:00Z",
      "productionOffice": "UK",
      "publication": "theguardian.com",
      "shortUrl": "https://gu.com/p/8hvn",
      "shouldHideAdverts": "false",
      "showInRelatedContent": "true",
      "legallySensitive": "false",
      "lang": "en",
      "bodyText": "An aggressive price war has erupted among TV listings magazines, with TV Choice slashing its cover price by 10p after What's On TV dropped its price last week. The price-cutting has provoked a war of words between German giant Bauer, publisher of TV Choice, IPC, owner of What's on TV, and the BBC's Radio Times, which has accused its rivals of trying to wipe out profits from the sector. Bauer claimed it was forced into the move by IPC's negative tactics, while the publisher of Radio Times said the price war was \"decimating\" TV listings, forcing the cannibalisation of existing magazines and giving newsagents a poor deal. The first salvo in the price war was fired last week when What's on TV, the UK's best-selling magazine, announced it was cutting its price by 10p to 35p. It was followed by an immediate price cut by TV Choice, which responded by hacking 10p off its price to an all-time low of 30p from the issue on sale today, making it the cheapest TV title on the shelves. Bosses at Radio Times, which costs 93p, have not responded with a price cut but have hit out angrily at the move. \"I'm disappointed that the value of the sector is being decimated in this way by this aggressive price-cutting activity,\" said the publishing director, Marcus Arthur, adding that everyone, from publishers to retailers and consumers, will lose out from the price war: He said sales volume in the TV listings category had remained static since the launch of cheap and cheerful titles and predicted this latest bid to increase sales through price cuts would not suceed when previous attempts have failed. \"Unlike other magazine sectors such as women's lifestyle or home interest, there is no dual purchase within the listings category, so launching new titles will not grow the sector - it will merely cannibalise sales of existing magazines at a similar price point. \"Launching a cut-price title would only serve to reduce the value of the market as a whole. By cutting prices, fewer retailers will want to stock the magazine. At the new price a retailer would have to sell three copies of What's on TV to make the same amount of money as from the sale of one copy of Radio Times. \"This means that, ultimately, consumers will have less choice as retailers will only want to stock a product that brings them sufficient revenue. By reducing the cover price, publishers, retailers and consumers all lose out.\" IPC maintains its move was not an attempt to draw its rival into a price war, but was part of a long-term strategy by parent company Time Inc to grow the magazine, which is one of its top 10 profit-earning titles. \"We planned our price cut for months and months as part of a long-term strategy,\" said an IPC spokesman. \"[Bauer's] looks like a knee-jerk reaction to our move. A 30p magazine is taking value out of the marketplace. \"We are not in a pitched battle with any other title. But I get the impression that this is a defensive move from Bauer who feel oppressed by the action we've taken. \"But you have to draw the line somewhere. Our 35p price means our retail sales value will increase, not decrease. But it would be interesting to know if Bauer's retail sales value will be maintained,\" said the spokesman. The publishing director of Bauer's TV Choice, Julie Lavington, said IPC had forced the action on her magazine. \"We had no choice but to cut the price to protect our brand proposition. The 30p price is viable for us. Obviously we didn't want to do it, but we had no choice,\" she said. But she believes the lower price has the potential to attract new readers to the sector, although the biggest competition to the paid-for TV titles is from free newspapers listings. What's on TV is the UK's top-selling title with a circulation of 1.63m, 500,000 copies ahead of its nearest rivals - the BBC's Radio Times, which sells 1.1m, and TV Choice, which has a circulation of 1.08m. \u00b7 To contact the MediaGuardian news desk email editor@mediatheguardian.com or phone 020 7239 9857 \u00b7 If you are writing a comment for publication, please mark clearly \"for publication\".",
      "charCount": "4079"
    },
    "isHosted": false,
    "pillarId": "pillar/news",
    "pillarName": "News"
  },
  {
    "id": "uk/2005/jan/25/artsandhumanities.books",
    "type": "article",
    "sectionId": "uk-news",
    "sectionName": "UK news",
    "webPublicationDate": "2005-01-25T11:10:28Z",
    "webTitle": "\u00a31.7m keeps medieval book in UK",
    "webUrl": "https://www.theguardian.com/uk/2005/jan/25/artsandhumanities.books",
    "apiUrl": "https://content.guardianapis.com/uk/2005/jan/25/artsandhumanities.books",
    "fields": {
      "headline": "\u00a31.7m keeps medieval book in UK",
      "trailText": "The Macclesfield Psalter, a compendium of medieval piety and outrageously bawdy jokes, will stay in East Anglia, where it was made in about 1320, after a national appeal raised the &#163;1.7m to match the auction price offered by the Getty Museum in California.",
      "byline": "Maev Kennedy",
      "main": "<figure class=\"element element-image\" data-media-id=\"gu-image-331797799\"> <img src=\"http://static.guim.co.uk/sys-images/Books/Pix/pictures/2005/01/25/psalter262363634534545.jpg\" alt=\"The Macclesfield Psalter\" width=\"372\" height=\"192\" class=\"gu-image\" /> <figcaption> <span class=\"element-image__caption\">Capital acquisition: The Macclesfield Psalter, now going to the Fitzwilliam Museum in Cambridge. Photo: PA / Michael Stephen</span> </figcaption> </figure>",
      "body": "The Macclesfield Psalter, a compendium of medieval piety and outrageously bawdy jokes, will stay in East Anglia, where it was made in about 1320, thanks to a national appeal which has raised the \u00a31.7m to match the auction price offered by the Getty Museum in California. <p>The Getty withdrew its offer yesterday and the book will go to the Fitzwilliam Museum, Cambridge.</p> <p>Donations of \u00a3180,000 from the public and grants of \u00a3500,000 from the Art Fund charity and \u00a3860,000 from the National Heritage Memorial Fund helped save the scruffy little book whose plain cover hides one of the greatest surviving examples of English manuscript illumination.</p> <p>The psalter came to light two years ago when Sotheby's was valuing the Earl of Macclesfield's library. Only two comparable manuscripts are known: one in the British Museum, the other, in France, pulverised by bombing during the first world war.</p>",
      "newspaperPageNumber": "12",
      "wordcount": "149",
      "commentable": "false",
      "isPremoderated": "false",
      "lastModified": "2017-09-20T14:46:23Z",
      "newspaperEditionDate": "2005-01-25T00:00:00Z",
      "productionOffice": "UK",
      "publication": "theguardian.com",
      "shortUrl": "https://gu.com/p/qa98",
      "shouldHideAdverts": "false",
      "showInRelatedContent": "true",
      "legallySensitive": "false",
      "lang": "en",
      "bodyText": "The Macclesfield Psalter, a compendium of medieval piety and outrageously bawdy jokes, will stay in East Anglia, where it was made in about 1320, thanks to a national appeal which has raised the \u00a31.7m to match the auction price offered by the Getty Museum in California. The Getty withdrew its offer yesterday and the book will go to the Fitzwilliam Museum, Cambridge. Donations of \u00a3180,000 from the public and grants of \u00a3500,000 from the Art Fund charity and \u00a3860,000 from the National Heritage Memorial Fund helped save the scruffy little book whose plain cover hides one of the greatest surviving examples of English manuscript illumination. The psalter came to light two years ago when Sotheby's was valuing the Earl of Macclesfield's library. Only two comparable manuscripts are known: one in the British Museum, the other, in France, pulverised by bombing during the first world war.",
      "charCount": "889"
    },
    "isHosted": false,
    "pillarId": "pillar/news",
    "pillarName": "News"
  },
  {
    "id": "business/2005/jan/25/oilandpetrol.iran",
    "type": "article",
    "sectionId": "business",
    "sectionName": "Business",
    "webPublicationDate": "2005-01-25T09:27:48Z",
    "webTitle": "BP chief's remarks enrage Iran",
    "webUrl": "https://www.theguardian.com/business/2005/jan/25/oilandpetrol.iran",
    "apiUrl": "https://content.guardianapis.com/business/2005/jan/25/oilandpetrol.iran",
    "fields": {
      "headline": "BP chief's remarks enrage Iran",
      "standfirst": "Oil minister lashes out as Lord Browne says country is not fit for investment",
      "trailText": "<p>Oil minister lashes out as Lord Browne says country is not fit for investment.</p>",
      "byline": "Terry Macalister",
      "main": "",
      "body": "<p>BP was engulfed last night in a political storm with Iran accusing Britain's largest company of \"unfriendly\" comments that, it said, would not be forgotten. </p> <p>Bijan Zanganeh, the Iranian oil minister, said BP was trying to curry favour with the Americans after its chief executive Lord Browne stated that, politically, Iran was not a candidate for investment. </p> <p>\"We do not consider this a friendly approach and we will not forget it. We think it is a move taken by BP for the Americans,\" said Mr Zanganeh whose country holds a 10th of the world's oil reserves. </p> <p>Iran is especially sensitive after an aggressive foreign policy was outlined in George Bush's inauguration speech last week and his deputy, Dick Cheney, described Iraq's neighbour as top of the world's \"trouble spots\". </p> <p>Accused by Washington of developing nuclear arms and backing terrorism there has been increasing speculation that Mr Bush might consider military intervention there. </p> <p>Washington already has sanctions in place against Iran that allow it to punish those companies that do business there. </p> <p>But while US firms such as ExxonMobil and ChevronTexaco have steered clear, other European majors such as Shell and Total have been pushing ahead with projects. </p> <p>Before the attacks on the World Trade Centre in New York, BP had been looking hard at investing in Iran. Lord Browne told the Sunday Times that this was no longer possible. </p> <p>\"Right now it is impractical for BP because 40% of BP is in the US and we are the largest producer of oil and gas in the US,\" he explained. \"Politically Iran is not a flyer. One day I hope it is,\" he went on. And the BP boss explained the oil company's strategy was to become the partner of choice for governments around the world. </p> <p>Iran does not look like it will be one of them, but Fadel Gheit, oil analyst with Oppenheimer &amp; Co in New York, said he was not surprised by Lord Browne's remarks. </p> <p>\"John Browne operates within the confines of a bigger political doctrine and strategy. He is not going to ruffle the feathers of people in [the US] government because they could derail his domestic business,\" he explained. </p> <p>Mr Gheit believed it was possible that Mr Bush, having failed with sanctions against Iran, might opt for a more daring military strategy using Iraq as a launchpad - although the oil analyst believed this would be disastrous. </p> <p>Political uncertainty in Iraq and elsewhere in the Middle East has already helped keep global crude prices at historically high levels. </p> <p>With snow falling in America, demand there kept US crude prices at about $49 a barrel yesterday. </p> <p>The BP row, which was dismissed last night by a company spokesman as \"old news\" and a misunderstanding, comes just a week before it is likely to face an argument with British petrol consumers. </p> <p>Motorists could claim that BP is profiteering when it announces record annual profits of \u00a313.5bn, up 47% on 12 months earlier although a new study released yesterday claimed the UK had the cheapest fuel in Europe - before tax. </p> <p>Lord Browne is generally admired for his political astuteness and his ability to keep on good relations with most political leaders. Recently, he defended the right of countries to develop their own natural resources without the help of western firms.</p>",
      "newspaperPageNumber": "16",
      "wordcount": "553",
      "commentable": "false",
      "isPremoderated": "false",
      "lastModified": "2005-01-25T09:27:48Z",
      "newspaperEditionDate": "2005-01-25T00:00:00Z",
      "productionOffice": "UK",
      "publication": "theguardian.com",
      "shortUrl": "https://gu.com/p/d2yx",
      "shouldHideAdverts": "false",
      "showInRelatedContent": "true",
      "legallySensitive": "false",
      "lang": "en",
      "bodyText": "BP was engulfed last night in a political storm with Iran accusing Britain's largest company of \"unfriendly\" comments that, it said, would not be forgotten. Bijan Zanganeh, the Iranian oil minister, said BP was trying to curry favour with the Americans after its chief executive Lord Browne stated that, politically, Iran was not a candidate for investment. \"We do not consider this a friendly approach and we will not forget it. We think it is a move taken by BP for the Americans,\" said Mr Zanganeh whose country holds a 10th of the world's oil reserves. Iran is especially sensitive after an aggressive foreign policy was outlined in George Bush's inauguration speech last week and his deputy, Dick Cheney, described Iraq's neighbour as top of the world's \"trouble spots\". Accused by Washington of developing nuclear arms and backing terrorism there has been increasing speculation that Mr Bush might consider military intervention there. Washington already has sanctions in place against Iran that allow it to punish those companies that do business there. But while US firms such as ExxonMobil and ChevronTexaco have steered clear, other European majors such as Shell and Total have been pushing ahead with projects. Before the attacks on the World Trade Centre in New York, BP had been looking hard at investing in Iran. Lord Browne told the Sunday Times that this was no longer possible. \"Right now it is impractical for BP because 40% of BP is in the US and we are the largest producer of oil and gas in the US,\" he explained. \"Politically Iran is not a flyer. One day I hope it is,\" he went on. And the BP boss explained the oil company's strategy was to become the partner of choice for governments around the world. Iran does not look like it will be one of them, but Fadel Gheit, oil analyst with Oppenheimer &amp; Co in New York, said he was not surprised by Lord Browne's remarks. \"John Browne operates within the confines of a bigger political doctrine and strategy. He is not going to ruffle the feathers of people in [the US] government because they could derail his domestic business,\" he explained. Mr Gheit believed it was possible that Mr Bush, having failed with sanctions against Iran, might opt for a more daring military strategy using Iraq as a launchpad - although the oil analyst believed this would be disastrous. Political uncertainty in Iraq and elsewhere in the Middle East has already helped keep global crude prices at historically high levels. With snow falling in America, demand there kept US crude prices at about $49 a barrel yesterday. The BP row, which was dismissed last night by a company spokesman as \"old news\" and a misunderstanding, comes just a week before it is likely to face an argument with British petrol consumers. Motorists could claim that BP is profiteering when it announces record annual profits of \u00a313.5bn, up 47% on 12 months earlier although a new study released yesterday claimed the UK had the cheapest fuel in Europe - before tax. Lord Browne is generally admired for his political astuteness and his ability to keep on good relations with most political leaders. Recently, he defended the right of countries to develop their own natural resources without the help of western firms.",
      "charCount": "3247"
    },
    "isHosted": false,
    "pillarId": "pillar/news",
    "pillarName": "News"
  },
  {
    "id": "politics/2005/jan/25/uk.money2",
    "type": "article",
    "sectionId": "politics",
    "sectionName": "Politics",
    "webPublicationDate": "2005-01-25T08:53:35Z",
    "webTitle": "Fall in prices 'likely to continue'",
    "webUrl": "https://www.theguardian.com/politics/2005/jan/25/uk.money2",
    "apiUrl": "https://content.guardianapis.com/politics/2005/jan/25/uk.money2",
    "fields": {
      "headline": "Fall in prices 'likely to continue'",
      "trailText": "House prices are more likely to fall than increase over the coming months, the Bank of England warned yesterday.",
      "byline": "Ashley Seager",
      "main": "",
      "body": "House prices are more likely to fall than increase over the coming months, the Bank of England warned yesterday. <p>Kate Barker, a member of the Bank's interest rate-setting committee, said despite recent falls, house prices were still overvalued. </p> <p>In a speech to the Institute of Economic Affairs, she said the future direction of house prices remained uncertain, but added: \"In view of the evidence on affordability and the balance of arguments about overvaluation, the likelihood of some decline in prices, at least relative to earnings, seems now to be much greater than that of a further significant increase.\" </p> <p>Almost all housing market indicators have weakened sharply in recent months, although data last week on prices and mortgage lending suggested the decline may be bottoming out. City experts are divided between those arguing prices will stagnate for a few years, allowing average earnings to catch up, and those predicting prices could fall by 30% over the next two to three years. </p> <p>Ms Barker suggested that the first quarter was likely to be as weak for the housing market as the fourth quarter of 2004 had been. Prices rose only 0.1% in October to December from the previous three months, the slowest quarterly rise in nearly five years, according to data from the Halifax. </p> <p>The other major index, from the Nationwide, is due on Thursday and will give figures for January. Its December report showed a fall of 0.2% on the month, although the Halifax showed a 1.1% rise for the same month. </p> <p>Ms Barker said house prices had risen rapidly in recent years because of low interest rates, a lack of new housebuilding, and a growth in investment buying.</p>",
      "newspaperPageNumber": "11",
      "wordcount": "281",
      "commentable": "false",
      "isPremoderated": "false",
      "lastModified": "2017-09-20T21:45:28Z",
      "newspaperEditionDate": "2005-01-25T00:00:00Z",
      "productionOffice": "UK",
      "publication": "theguardian.com",
      "shortUrl": "https://gu.com/p/k3mn",
      "shouldHideAdverts": "false",
      "showInRelatedContent": "true",
      "legallySensitive": "false",
      "lang": "en",
      "bodyText": "House prices are more likely to fall than increase over the coming months, the Bank of England warned yesterday. Kate Barker, a member of the Bank's interest rate-setting committee, said despite recent falls, house prices were still overvalued. In a speech to the Institute of Economic Affairs, she said the future direction of house prices remained uncertain, but added: \"In view of the evidence on affordability and the balance of arguments about overvaluation, the likelihood of some decline in prices, at least relative to earnings, seems now to be much greater than that of a further significant increase.\" Almost all housing market indicators have weakened sharply in recent months, although data last week on prices and mortgage lending suggested the decline may be bottoming out. City experts are divided between those arguing prices will stagnate for a few years, allowing average earnings to catch up, and those predicting prices could fall by 30% over the next two to three years. Ms Barker suggested that the first quarter was likely to be as weak for the housing market as the fourth quarter of 2004 had been. Prices rose only 0.1% in October to December from the previous three months, the slowest quarterly rise in nearly five years, according to data from the Halifax. The other major index, from the Nationwide, is due on Thursday and will give figures for January. Its December report showed a fall of 0.2% on the month, although the Halifax showed a 1.1% rise for the same month. Ms Barker said house prices had risen rapidly in recent years because of low interest rates, a lack of new housebuilding, and a growth in investment buying.",
      "charCount": "1655"
    },
    "isHosted": false,
    "pillarId": "pillar/news",
    "pillarName": "News"
  },
  {
    "id": "business/2005/jan/25/publicfinances.medicineandhealth",
    "type": "article",
    "sectionId": "business",
    "sectionName": "Business",
    "webPublicationDate": "2005-01-25T02:14:43Z",
    "webTitle": "SFO to question bosses in drugs price-fixing inquiry",
    "webUrl": "https://www.theguardian.com/business/2005/jan/25/publicfinances.medicineandhealth",
    "apiUrl": "https://content.guardianapis.com/business/2005/jan/25/publicfinances.medicineandhealth",
    "fields": {
      "headline": "SFO to question bosses in drugs price-fixing inquiry",
      "trailText": "<p>The Serious Fraud Office is to interview key figures in generic drugs firms embroiled in allegations that they have defrauded the NHS in the first half of this year. </p>",
      "byline": "Heather Tomlinson",
      "main": "",
      "body": "<p>The Serious Fraud Office is to interview key figures in generic drugs firms embroiled in allegations that they have defrauded the NHS in the first half of this year. </p> <p>The move indicates that the case is coming to a head after more than two years of investigation into the alleged price-fixing of warfarin, a blood thinning drug, and penicillin. </p> <p>In 2002 the SFO launched raids on six firms: Goldshield Group, Regent-GM Laboratories, Ivax, Ranbaxy, Generics UK and Kent Pharmaceuticals. </p> <p>Last week it came to light that the generics drug division of Novartis was also under investigation. The SFO said it had contacted certain people to bring them in for interview, but could not reveal who they were. </p> <p>Goldshield admitted yesterday that its chief executive Ajit Patel and chief operating officer Kirti Patel may be interviewed. \"Goldshield and its executives do not believe that they have acted in an unlawful or improper manner,\" it said. </p> <p>Generic drugs are off-patent so should be subject to competitive market forces. The firms deny any illegal activity. </p> <p>Separately some of the companies are being sued by the NHS for around \u00a3180m over similar claims of anti-competitive activity. There is also a legal case against Generics UK, which is a division of German firm Merck, and Ranbaxy, over the pricing of the ulcer drug ranitidine, to recover more than \u00a3100m that the NHS claims it should be repaid. It is investigating the pricing of another 30 more drugs on the UK market. </p> <p>The papers for the investigation are understood to take up a whole floor of the SFO offices in central London, so much information has been uncovered.</p>",
      "newspaperPageNumber": "17",
      "wordcount": "272",
      "commentable": "false",
      "isPremoderated": "false",
      "lastModified": "2017-09-20T21:06:45Z",
      "newspaperEditionDate": "2005-01-25T00:00:00Z",
      "productionOffice": "UK",
      "publication": "theguardian.com",
      "shortUrl": "https://gu.com/p/8gq6",
      "shouldHideAdverts": "false",
      "showInRelatedContent": "true",
      "legallySensitive": "false",
      "lang": "en",
      "bodyText": "The Serious Fraud Office is to interview key figures in generic drugs firms embroiled in allegations that they have defrauded the NHS in the first half of this year. The move indicates that the case is coming to a head after more than two years of investigation into the alleged price-fixing of warfarin, a blood thinning drug, and penicillin. In 2002 the SFO launched raids on six firms: Goldshield Group, Regent-GM Laboratories, Ivax, Ranbaxy, Generics UK and Kent Pharmaceuticals. Last week it came to light that the generics drug division of Novartis was also under investigation. The SFO said it had contacted certain people to bring them in for interview, but could not reveal who they were. Goldshield admitted yesterday that its chief executive Ajit Patel and chief operating officer Kirti Patel may be interviewed. \"Goldshield and its executives do not believe that they have acted in an unlawful or improper manner,\" it said. Generic drugs are off-patent so should be subject to competitive market forces. The firms deny any illegal activity. Separately some of the companies are being sued by the NHS for around \u00a3180m over similar claims of anti-competitive activity. There is also a legal case against Generics UK, which is a division of German firm Merck, and Ranbaxy, over the pricing of the ulcer drug ranitidine, to recover more than \u00a3100m that the NHS claims it should be repaid. It is investigating the pricing of another 30 more drugs on the UK market. The papers for the investigation are understood to take up a whole floor of the SFO offices in central London, so much information has been uncovered.",
      "charCount": "1622"
    },
    "isHosted": false,
    "pillarId": "pillar/news",
    "pillarName": "News"
  }
]