[
  {
    "id": "business/2005/jan/12/media.russia",
    "type": "article",
    "sectionId": "business",
    "sectionName": "Business",
    "webPublicationDate": "2005-01-12T12:40:08Z",
    "webTitle": "'Ten of our journalists have been killed in 15 years. Living with a bodyguard is no fun'",
    "webUrl": "https://www.theguardian.com/business/2005/jan/12/media.russia",
    "apiUrl": "https://content.guardianapis.com/business/2005/jan/12/media.russia",
    "fields": {
      "headline": "'Ten of our journalists have been killed in 15 years. Living with a bodyguard is no fun'",
      "standfirst": "The head of Russia's Interfax news agency on powerful friends and deadly enemies",
      "trailText": "<p><strong>Interview:</strong> The head of Russia's Interfax news agency says the price of success in the country's media industry is death threats, bodyguards and murderous moral dilemmas. By <strong>Jonathan Watts</strong>.</p>",
      "byline": "Jonathan Watts in Beijing",
      "main": "",
      "body": "<p><strong>The following correction was printed in the Guardian's corrections and clarifications column, Friday February 18 2005</strong></p> <p>In the article below, we said that Mikhail Komissar served as Boris Yeltsin's interior minister, when his position was an advisory role as the deputy head of presidential administration. In an interview, Mr Komissar said 10 journalists had been killed in the past 15 years, but he has asked us to point out that only three of these were Interfax journalists. He also asks us to clarify that, contrary to the article, Interfax was one of the first news agencies to report on the scale of the killings in Beslan. He adds that his comments about the problems facing Interfax, himself and his family relate to a period in the early 1990s, and are not current.</p> <p><br></p> <p>The price of success in the Russian media industry is death threats, ever-present bodyguards and murderous moral dilemmas. So as the most successful information entrepreneur in post-Soviet history, Mikhail Komissar has had to get used to 24-hour protection and constant questions about whether he is too close to the leaders his organisation reports on.</p> <p>He has changed his will and the ownership structure of his company, Interfax, to prevent his rivals seizing control through assassination; he has sent his daughter to study overseas, where she is less likely to be kidnapped, and left letters with lawyers in other countries that are to be opened in the event that he is murdered.</p> <p>Such precautions are, Komissar explains, business as normal in one of the world's roughest emerging markets.</p> <p>\"This is a difficult place to establish a media organisation,\" he tells the Guardian in a rare interview. \"Ten of our journalists have been killed in the past 15 years. It is a hard life, I can tell you - living with a bodyguard is no fun.\"</p> <p>Yet Komissar has been remarkably adept in outfoxing both his rivals and critics while building one of the fastest growing providers of business information in the world.</p> <p>Interfax was founded in 1989 by Komissar and a handful of journalists from Radio Moscow during the death throes of the Soviet Union. Its name derives from its initial means of distribution - Russia's first fax machines. In those early days, these devices were at the cutting edge of technology. For years, income from fax rentals was higher than revenues from news service fees.</p> <p>Since then, the initial client base of 50 embassies and foreign businessmen in Moscow has expanded to 20,000 customers around the world. Although Interfax does not publish its business results, it is now the most influential - and probably the most profitable - media organisation in Russia.</p> <p>Komissar says he was lucky. \"We appeared at the right time, in the right place, with the right people.</p> <p>\"It was a time when the world was very interested in the Soviet Union, when a lot of things were possible.\"</p> <p>Interfax now has more than 1,000 staff and a fast-growing, multi-layered business model. This year, it has signed alliances with the UK personal credit rating agency, Experian, and the American commercial rating agency, Moody's. More than just a media organisation, Interfax now offers databases, ratings services and a range of specialist information on fields ranging from Russia's vast military-industrial complexes to Chinese mining.</p> <p><strong> Assassination fears</strong><br></p> <p>Komissar says profits have grown by between 10% and 15% for each of the past five years, but he will not divulge who is reaping the benefits because, he says, the Russian business world is plagued by oligarchic gangster bosses.</p> <p>\"Interfax is owned by several journalists but we don't divulge how many,\" says Komissar. \"It can be physically dangerous. Someone might decide this is a nice business, let's have it. We've had to fight off attacks from several oligarchs.\"</p> <p>All he will say is that he and his family have a controlling stake, which has been structured in such a way that it would be difficult to seize, even if two or three of them were assassinated.</p> <p>\"Interfax is very attractive to powerful oligarchs because it is influential and profitable. It could be a good instrument for their vanity,\" he says. \"At the peak of our popularity, one oligarch came up to me with a piece of paper that showed the route my daughter takes to school and five places where she could be attacked.\"</p> <p>Such threats appear not to have distracted Komissar from building a media empire not only in the former Soviet Union but also in the old eastern bloc.</p> <p>He was speaking in China, where Interfax has established a news bureau that is beginning to rival Reuters and Bloomberg in the frequency of its business scoops, particularly in the area of heavy industry.</p> <p>Komissar says modern China reminds him of Russia in the 80s, before the collapse of communism. But he does not expect history to repeat itself.</p> <p>\"China has managed to create a very interesting model. Unlike Russia, it has avoided the disintegration of the state and the anarchy that goes with such a break-up. Instead it has a strong government that has created a favourable business environment. That is why international investors come here. In Russia we first destroyed so much, including positive things, and we humiliated our own people. First, we changed, and then we thought about the consequences. The Chinese are smarter. First, they think, then they change.\"</p> <p>Interfax now has 30 journalists in China - mostly in Shanghai - and it is expanding fast, both in terms of staff and sales, which grew last year at more than 30%. With the media market slowly starting to open up, Komissar is on the look-out for business partners.</p> <p>\"Until now, the Chinese authorities have been very cautious about joint ventures in the information area. But this society is changing very quickly, so I hope for more opportunities.\"</p> <p>What might endear him to Beijing is a pragmatic approach to media ethics. Komissar makes no apology for occasionally withholding sensitive stories and getting close to those in power.</p> <p>It is a lesson he learned in the chaotic years that followed the break-up of the Soviet Union. At that time, he recalls, the media was so unregulated that it regularly divulged state secrets, published libellous claims and revealed private information such as credit card bills and transcripts of bugged mobile phone conversations. Interfax once acquired and reported on detailed military plans to ship nuclear missiles - including the exact schedule of the train they would be carried on.</p> <p>\"We were so stupid to publish that,\" Komissar recalls. \"I don't like that kind of freedom.\"</p> <p>He is more cautious today. In covering the Beslan school massacre in September, Interfax held back reports about the scale of the killings because he feared that worried parents \"all armed with guns\" would try to storm the building and make the situation worse.</p> <p>\"When I have a choice of whether to withhold news or be involved in thousands of deaths, I chose the former. It may not be pure in a journalistic sense but I don't want that heavy moral problem.\"</p> <p>Critics say Komissar compromises so much that he has become part of the establishment. It is certainly hard to imagine how he could get much closer. In 1997, he worked as Boris Yeltsin's interior minister for 18 months. Earlier this year, he was awarded the medal of friendship by president Vladimir Putin.</p> <p>But the former radio journalist insists he is close enough to get information but independent enough to make his own decisions about when to publish.</p> <p>As evidence, he says Interfax broke the news of the death of the Chechen president in May, while the state-run agency, ITAR-Tass, remained silent for hours because it had to wait for the official Kremlin line.</p> <p>\"In our country you have to be brave to distribute information when the Kremlin doesn't want it out. I've been on the inside. I have seen why those in power want to withhold news. They are not bad people. It is politics,\" he says.</p> <p>Having seen the media pendulum swing wildly from excessive secrecy to excessive liberty over the past 15 years, Komissar now finds himself supporting a new anti-terror bill that would strengthen the state's control over journalists.</p> <p>\"Our modern reality is that we are surrounded by terrorists so something must change in the rules. If we publish information about anti-terror exercises, it can result in many deaths. We support the new anti-terror law, so does all of the media industry.\"</p> <p>Hearing his enthusiastic endorsement of restrictions on the freedom of expression, it is hard not to wonder whether the former independent journalist has indeed joined the establishment.</p> <p>Given his recent move to create Russia's leading credit and business rating agency, and the launch of a corporate database, Spark, which he claims is more powerful than anything in the Kremlin, conspiracy theorists might even now see something sinister in his growing domination of the Russian information business. But Komissar wants to sell information, not hide it. If he is a big brother at all, it is as part of a global capitalist family. The media regulations he says he wants to see implemented in Russia are those that have been in place for more than 100 years in the UK.</p> <p>And at least he professes a respect for words and rules, rather than the bullets and threats preferred by the oligarchs.</p> <p>It is to distance himself from them that he insists on changing for the photograph. Instead of the casual attire he sported for the interview, he returns to his hotel room to dress in a suit and tie.</p> <p>\"The oligarchs always wear casual clothes,\" he says. \"I wouldn't want anyone to mistake me for one of them.\"</p>",
      "newspaperPageNumber": "19",
      "wordcount": "1622",
      "commentable": "false",
      "isPremoderated": "false",
      "lastModified": "2017-04-12T15:10:24Z",
      "newspaperEditionDate": "2005-01-12T00:00:00Z",
      "productionOffice": "UK",
      "publication": "theguardian.com",
      "shortUrl": "https://gu.com/p/d78p",
      "shouldHideAdverts": "false",
      "showInRelatedContent": "true",
      "legallySensitive": "false",
      "lang": "en",
      "bodyText": "The following correction was printed in the Guardian's corrections and clarifications column, Friday February 18 2005 In the article below, we said that Mikhail Komissar served as Boris Yeltsin's interior minister, when his position was an advisory role as the deputy head of presidential administration. In an interview, Mr Komissar said 10 journalists had been killed in the past 15 years, but he has asked us to point out that only three of these were Interfax journalists. He also asks us to clarify that, contrary to the article, Interfax was one of the first news agencies to report on the scale of the killings in Beslan. He adds that his comments about the problems facing Interfax, himself and his family relate to a period in the early 1990s, and are not current. The price of success in the Russian media industry is death threats, ever-present bodyguards and murderous moral dilemmas. So as the most successful information entrepreneur in post-Soviet history, Mikhail Komissar has had to get used to 24-hour protection and constant questions about whether he is too close to the leaders his organisation reports on. He has changed his will and the ownership structure of his company, Interfax, to prevent his rivals seizing control through assassination; he has sent his daughter to study overseas, where she is less likely to be kidnapped, and left letters with lawyers in other countries that are to be opened in the event that he is murdered. Such precautions are, Komissar explains, business as normal in one of the world's roughest emerging markets. \"This is a difficult place to establish a media organisation,\" he tells the Guardian in a rare interview. \"Ten of our journalists have been killed in the past 15 years. It is a hard life, I can tell you - living with a bodyguard is no fun.\" Yet Komissar has been remarkably adept in outfoxing both his rivals and critics while building one of the fastest growing providers of business information in the world. Interfax was founded in 1989 by Komissar and a handful of journalists from Radio Moscow during the death throes of the Soviet Union. Its name derives from its initial means of distribution - Russia's first fax machines. In those early days, these devices were at the cutting edge of technology. For years, income from fax rentals was higher than revenues from news service fees. Since then, the initial client base of 50 embassies and foreign businessmen in Moscow has expanded to 20,000 customers around the world. Although Interfax does not publish its business results, it is now the most influential - and probably the most profitable - media organisation in Russia. Komissar says he was lucky. \"We appeared at the right time, in the right place, with the right people. \"It was a time when the world was very interested in the Soviet Union, when a lot of things were possible.\" Interfax now has more than 1,000 staff and a fast-growing, multi-layered business model. This year, it has signed alliances with the UK personal credit rating agency, Experian, and the American commercial rating agency, Moody's. More than just a media organisation, Interfax now offers databases, ratings services and a range of specialist information on fields ranging from Russia's vast military-industrial complexes to Chinese mining. Assassination fears Komissar says profits have grown by between 10% and 15% for each of the past five years, but he will not divulge who is reaping the benefits because, he says, the Russian business world is plagued by oligarchic gangster bosses. \"Interfax is owned by several journalists but we don't divulge how many,\" says Komissar. \"It can be physically dangerous. Someone might decide this is a nice business, let's have it. We've had to fight off attacks from several oligarchs.\" All he will say is that he and his family have a controlling stake, which has been structured in such a way that it would be difficult to seize, even if two or three of them were assassinated. \"Interfax is very attractive to powerful oligarchs because it is influential and profitable. It could be a good instrument for their vanity,\" he says. \"At the peak of our popularity, one oligarch came up to me with a piece of paper that showed the route my daughter takes to school and five places where she could be attacked.\" Such threats appear not to have distracted Komissar from building a media empire not only in the former Soviet Union but also in the old eastern bloc. He was speaking in China, where Interfax has established a news bureau that is beginning to rival Reuters and Bloomberg in the frequency of its business scoops, particularly in the area of heavy industry. Komissar says modern China reminds him of Russia in the 80s, before the collapse of communism. But he does not expect history to repeat itself. \"China has managed to create a very interesting model. Unlike Russia, it has avoided the disintegration of the state and the anarchy that goes with such a break-up. Instead it has a strong government that has created a favourable business environment. That is why international investors come here. In Russia we first destroyed so much, including positive things, and we humiliated our own people. First, we changed, and then we thought about the consequences. The Chinese are smarter. First, they think, then they change.\" Interfax now has 30 journalists in China - mostly in Shanghai - and it is expanding fast, both in terms of staff and sales, which grew last year at more than 30%. With the media market slowly starting to open up, Komissar is on the look-out for business partners. \"Until now, the Chinese authorities have been very cautious about joint ventures in the information area. But this society is changing very quickly, so I hope for more opportunities.\" What might endear him to Beijing is a pragmatic approach to media ethics. Komissar makes no apology for occasionally withholding sensitive stories and getting close to those in power. It is a lesson he learned in the chaotic years that followed the break-up of the Soviet Union. At that time, he recalls, the media was so unregulated that it regularly divulged state secrets, published libellous claims and revealed private information such as credit card bills and transcripts of bugged mobile phone conversations. Interfax once acquired and reported on detailed military plans to ship nuclear missiles - including the exact schedule of the train they would be carried on. \"We were so stupid to publish that,\" Komissar recalls. \"I don't like that kind of freedom.\" He is more cautious today. In covering the Beslan school massacre in September, Interfax held back reports about the scale of the killings because he feared that worried parents \"all armed with guns\" would try to storm the building and make the situation worse. \"When I have a choice of whether to withhold news or be involved in thousands of deaths, I chose the former. It may not be pure in a journalistic sense but I don't want that heavy moral problem.\" Critics say Komissar compromises so much that he has become part of the establishment. It is certainly hard to imagine how he could get much closer. In 1997, he worked as Boris Yeltsin's interior minister for 18 months. Earlier this year, he was awarded the medal of friendship by president Vladimir Putin. But the former radio journalist insists he is close enough to get information but independent enough to make his own decisions about when to publish. As evidence, he says Interfax broke the news of the death of the Chechen president in May, while the state-run agency, ITAR-Tass, remained silent for hours because it had to wait for the official Kremlin line. \"In our country you have to be brave to distribute information when the Kremlin doesn't want it out. I've been on the inside. I have seen why those in power want to withhold news. They are not bad people. It is politics,\" he says. Having seen the media pendulum swing wildly from excessive secrecy to excessive liberty over the past 15 years, Komissar now finds himself supporting a new anti-terror bill that would strengthen the state's control over journalists. \"Our modern reality is that we are surrounded by terrorists so something must change in the rules. If we publish information about anti-terror exercises, it can result in many deaths. We support the new anti-terror law, so does all of the media industry.\" Hearing his enthusiastic endorsement of restrictions on the freedom of expression, it is hard not to wonder whether the former independent journalist has indeed joined the establishment. Given his recent move to create Russia's leading credit and business rating agency, and the launch of a corporate database, Spark, which he claims is more powerful than anything in the Kremlin, conspiracy theorists might even now see something sinister in his growing domination of the Russian information business. But Komissar wants to sell information, not hide it. If he is a big brother at all, it is as part of a global capitalist family. The media regulations he says he wants to see implemented in Russia are those that have been in place for more than 100 years in the UK. And at least he professes a respect for words and rules, rather than the bullets and threats preferred by the oligarchs. It is to distance himself from them that he insists on changing for the photograph. Instead of the casual attire he sported for the interview, he returns to his hotel room to dress in a suit and tie. \"The oligarchs always wear casual clothes,\" he says. \"I wouldn't want anyone to mistake me for one of them.\"",
      "charCount": "9587"
    },
    "isHosted": false,
    "pillarId": "pillar/news",
    "pillarName": "News"
  },
  {
    "id": "sport/2005/jan/12/horseracing",
    "type": "article",
    "sectionId": "sport",
    "sectionName": "Sport",
    "webPublicationDate": "2005-01-12T01:17:43Z",
    "webTitle": "Horse racing: Tote set for sale at half-price",
    "webUrl": "https://www.theguardian.com/sport/2005/jan/12/horseracing",
    "apiUrl": "https://content.guardianapis.com/sport/2005/jan/12/horseracing",
    "fields": {
      "headline": "Tote set for sale at half-price",
      "trailText": "<p>The Tote could finally be sold to a Racing Trust within the next year at a price well below its full market value, the organisation's chairman has said.</p>",
      "main": "",
      "body": "<p>The Tote could finally be sold to a Racing Trust within the next 12 months at a price well below its full market value, Peter Jones, the organisation's chairman, said yesterday. </p> <p>\"It now only needs the European Commission to add its seal of approval and we can get on with it,\" Jones said. \"A process that began 17 years ago when Douglas Hurd was home secretary under Margaret Thatcher will hopefully reach its conclusion. </p> <p>\"The price will be '50% of its fair market value' which will be decided by Rothschilds, acting for the Racing Trust, and the Treasury's advisers, PricewaterhouseCoopers. </p> <p>\"Racing will get control of the Tote and although it will be saddled with debt in the short run, it will have greater commercial freedom in the longer run.\"</p>",
      "newspaperPageNumber": "29",
      "wordcount": "129",
      "commentable": "false",
      "isPremoderated": "false",
      "lastModified": "2018-02-21T17:48:16Z",
      "newspaperEditionDate": "2005-01-12T00:00:00Z",
      "productionOffice": "UK",
      "publication": "theguardian.com",
      "shortUrl": "https://gu.com/p/x7j8x",
      "shouldHideAdverts": "false",
      "showInRelatedContent": "true",
      "legallySensitive": "false",
      "lang": "en",
      "bodyText": "The Tote could finally be sold to a Racing Trust within the next 12 months at a price well below its full market value, Peter Jones, the organisation's chairman, said yesterday. \"It now only needs the European Commission to add its seal of approval and we can get on with it,\" Jones said. \"A process that began 17 years ago when Douglas Hurd was home secretary under Margaret Thatcher will hopefully reach its conclusion. \"The price will be '50% of its fair market value' which will be decided by Rothschilds, acting for the Racing Trust, and the Treasury's advisers, PricewaterhouseCoopers. \"Racing will get control of the Tote and although it will be saddled with debt in the short run, it will have greater commercial freedom in the longer run.\"",
      "charCount": "748"
    },
    "isHosted": false,
    "pillarId": "pillar/sport",
    "pillarName": "Sport"
  }
]