[
  {
    "id": "technology/gamesblog/2005/mar/21/gizmondoshopo",
    "type": "article",
    "sectionId": "technology",
    "sectionName": "Technology",
    "webPublicationDate": "2005-03-21T15:46:59Z",
    "webTitle": "Gizmondo shopo",
    "webUrl": "https://www.theguardian.com/technology/gamesblog/2005/mar/21/gizmondoshopo",
    "apiUrl": "https://content.guardianapis.com/technology/gamesblog/2005/mar/21/gizmondoshopo",
    "fields": {
      "headline": "Gizmondo shopo",
      "trailText": "<p>The Gizmondo handheld launched this weekend. One of the key elements is the Regents Street shop in London - a brave/foolish statement of intent. I popped in this lunchtime to have a look. Think of it as a miniaturised version of the Apple store just up the road. Minimalist packaging, seating areas - it was all there. As you'd expect there were a number of the handheld devices on display, along with accessories and games. Unfortunately a lack of price information meant having to speak to one of the shiny-suited sales people who clearly graduated from the same charm school that supply numerous mobile phone outlets. At \u00a3229 for the basic package the Giz isn't cheap, but it does come with an impressive spec. Movies, games (too early to comment on quality of these), music, GPS. But does it cover too much? I'll be spending more time with one this week and hope to have the answer then.</p>",
      "byline": "Greg Howson",
      "main": "",
      "body": "<p>The <a href=\"http://www.gizmondo.com/\">Gizmondo</a> handheld launched this weekend. One of the key elements is the Regents Street shop in London - a brave/foolish statement of intent. I popped in this lunchtime to have a look. Think of it as a miniaturised version of the Apple store just up the road. Minimalist packaging, seating areas - it was all there. As you'd expect there were a number of the handheld devices on display, along with accessories and games. Unfortunately a lack of price information meant having to speak to one of the shiny-suited sales people who clearly graduated from the same charm school that supply numerous mobile phone outlets. At \u00a3229 for the basic package the <a href=\"http://www.guardian.co.uk/online/story/0,3605,1438838,00.html\">Giz</a> isn't cheap, but it does come with an impressive spec. Movies, games (too early to comment on quality of these), music, GPS. But does it cover too much? I'll be spending more time with one this week and hope to have the answer then.</p>",
      "wordcount": "159",
      "commentCloseDate": "2005-03-28T14:46:59Z",
      "commentable": "true",
      "isPremoderated": "false",
      "lastModified": "2017-12-11T12:00:50Z",
      "newspaperEditionDate": "2005-03-21T00:00:00Z",
      "productionOffice": "UK",
      "publication": "theguardian.com",
      "shortUrl": "https://gu.com/p/xpzbg",
      "shouldHideAdverts": "false",
      "showInRelatedContent": "true",
      "legallySensitive": "false",
      "lang": "en",
      "bodyText": "The Gizmondo handheld launched this weekend. One of the key elements is the Regents Street shop in London - a brave/foolish statement of intent. I popped in this lunchtime to have a look. Think of it as a miniaturised version of the Apple store just up the road. Minimalist packaging, seating areas - it was all there. As you'd expect there were a number of the handheld devices on display, along with accessories and games. Unfortunately a lack of price information meant having to speak to one of the shiny-suited sales people who clearly graduated from the same charm school that supply numerous mobile phone outlets. At \u00a3229 for the basic package the Giz isn't cheap, but it does come with an impressive spec. Movies, games (too early to comment on quality of these), music, GPS. But does it cover too much? I'll be spending more time with one this week and hope to have the answer then.",
      "charCount": "891"
    },
    "isHosted": false,
    "pillarId": "pillar/news",
    "pillarName": "News"
  },
  {
    "id": "business/2005/mar/21/britishairways.theairlineindustry",
    "type": "article",
    "sectionId": "business",
    "sectionName": "Business",
    "webPublicationDate": "2005-03-21T00:14:47Z",
    "webTitle": "British Airways expected to raise fuel surcharges",
    "webUrl": "https://www.theguardian.com/business/2005/mar/21/britishairways.theairlineindustry",
    "apiUrl": "https://content.guardianapis.com/business/2005/mar/21/britishairways.theairlineindustry",
    "fields": {
      "headline": "British Airways expected to raise fuel surcharges",
      "trailText": "<p>British Airways is likely to raise fuel surcharges on its passenger tickets within the next couple of weeks in the wake of oil prices hitting new peaks. </p>",
      "byline": "Nick Fletcher",
      "main": "",
      "body": "<p>British Airways is likely to raise fuel surcharges on its passenger tickets within the next couple of weeks in the wake of oil prices hitting new peaks. </p> <p>The increase would come after similar moves at the end of last year, and is likely to be followed by rivals such as Sir Richard Branson's Virgin Atlantic. </p> <p>The BA surcharge was introduced last May and set at \u00a32.50 a flight. This was raised in October to \u00a310 for long haul flights and \u00a34 for short haul, at a time when oil was at $53 a barrel. Last week crude prices reached a record $57 despite the Opec oil producers agreeing to pump an extra half a million barrels a day, with the expectation of further production increases to come. </p> <p>\"We keep a close eye on the price of oil and will adjust our surcharge levels when and where it is appropriate to do so,\" said a spokeswoman for British Airways yesterday. It has recently raised its fuel surcharge for freight customers by 3p to 23p a kilo, and an increase of about \u00a33 on a passenger ticket is expected. </p> <p>A spokesman for Virgin Atlantic said: \"Fuel accounts for more than 20% of our costs and if the oil price continues at this high level we'll be actively reviewing our position. </p> <p>\"There have been no decisions taken one way or the other to vary the level of surcharge, but it is under review.\" </p> <p>Earlier this month, BA warned that high oil prices will boost its fuel bill by about \u00a3300m to almost \u00a31.5bn in the year to March 2006. In November the company said surcharges would recoup some \u00a3160m of costs. </p> <p>Despite the rising fuel costs and increasingly tough competition, British Airways is expected to report record profits of more than \u00a3525m in May, the last full year figures to be announced by departing chief executive Rod Eddington. </p> <p>Mr Eddington is to leave the airline in September after nearly five years, and return to his native Australia. He is being replaced by Willie Walsh, the former chief executive of Aer Lingus.</p>",
      "newspaperPageNumber": "23",
      "wordcount": "350",
      "commentable": "false",
      "isPremoderated": "false",
      "lastModified": "2017-06-06T01:32:08Z",
      "newspaperEditionDate": "2005-03-21T00:00:00Z",
      "productionOffice": "UK",
      "publication": "theguardian.com",
      "shortUrl": "https://gu.com/p/8mv4",
      "shouldHideAdverts": "false",
      "showInRelatedContent": "true",
      "legallySensitive": "false",
      "lang": "en",
      "bodyText": "British Airways is likely to raise fuel surcharges on its passenger tickets within the next couple of weeks in the wake of oil prices hitting new peaks. The increase would come after similar moves at the end of last year, and is likely to be followed by rivals such as Sir Richard Branson's Virgin Atlantic. The BA surcharge was introduced last May and set at \u00a32.50 a flight. This was raised in October to \u00a310 for long haul flights and \u00a34 for short haul, at a time when oil was at $53 a barrel. Last week crude prices reached a record $57 despite the Opec oil producers agreeing to pump an extra half a million barrels a day, with the expectation of further production increases to come. \"We keep a close eye on the price of oil and will adjust our surcharge levels when and where it is appropriate to do so,\" said a spokeswoman for British Airways yesterday. It has recently raised its fuel surcharge for freight customers by 3p to 23p a kilo, and an increase of about \u00a33 on a passenger ticket is expected. A spokesman for Virgin Atlantic said: \"Fuel accounts for more than 20% of our costs and if the oil price continues at this high level we'll be actively reviewing our position. \"There have been no decisions taken one way or the other to vary the level of surcharge, but it is under review.\" Earlier this month, BA warned that high oil prices will boost its fuel bill by about \u00a3300m to almost \u00a31.5bn in the year to March 2006. In November the company said surcharges would recoup some \u00a3160m of costs. Despite the rising fuel costs and increasingly tough competition, British Airways is expected to report record profits of more than \u00a3525m in May, the last full year figures to be announced by departing chief executive Rod Eddington. Mr Eddington is to leave the airline in September after nearly five years, and return to his native Australia. He is being replaced by Willie Walsh, the former chief executive of Aer Lingus.",
      "charCount": "1930"
    },
    "isHosted": false,
    "pillarId": "pillar/news",
    "pillarName": "News"
  },
  {
    "id": "business/2005/mar/21/3",
    "type": "article",
    "sectionId": "business",
    "sectionName": "Business",
    "webPublicationDate": "2005-03-21T00:04:22Z",
    "webTitle": "Monday briefing",
    "webUrl": "https://www.theguardian.com/business/2005/mar/21/3",
    "apiUrl": "https://content.guardianapis.com/business/2005/mar/21/3",
    "fields": {
      "headline": "Monday briefing",
      "trailText": "<p><strong> Royal Bank of Scotland </strong> faces a shareholder revolt over a $7m (\u00a33.6m) pay and perks package for Larry Fish, head of its US arm.</p>",
      "main": "",
      "body": "<p><strong> Papers </strong></p> <p><strong> Observer</strong></p> <p> <strong> Royal Bank of Scotland </strong> faces a shareholder revolt over a $7m (\u00a33.6m) pay and perks package for Larry Fish, head of its US arm. </p> <p>The <strong> Financial Services Authority </strong> is to investigate a suspected web of City bank accounts allegedly used by the former Chilean dictator, Augusto Pinochet, to launder money. </p> <p>Three senior <strong> Woolworths </strong> bosses will share a payoff of about \u00a32m if private equity firm Apax proceeds with its approach at an indicative price of about 58p. </p> <p> <strong> Sunday Telegraph </strong></p> <p><strong> SCi Entertainment</strong> may be poised to make an 11th-hour bid for <strong> Eidos</strong>, the computer game firm behind Lara Croft. </p> <p>Private equity groups <strong> Blackstone</strong> and <strong> Candover</strong> have snubbed <strong> Goldman Sachs</strong> because they are unhappy that the investment bank competes directly with them for deals. </p> <p><strong> Sunday Times</strong></p> <p> One of Egypt's leading business families will this week combine with <strong> UBS</strong> and private equity firms in a bid worth nearly \u00a39bn for Italian telecoms group <strong> Wind</strong>. </p> <p>Darren Shapland, the 38-year-old incoming finance director at <strong> Sainsbury's</strong>, has been hired on a potential \u00a36m pay and bonus deal. </p> <p><strong> IoS</strong> </p> <p> <strong> BAA</strong>, the owner of Heathrow, is preparing to challenge sections of the bill which will establish Crossrail, the \u00a310bn rail project linking east and west London. </p> <p>Clothes chain <strong> Next</strong> will this week become the latest retailer to rock investors by unveiling a slide in sales. </p> <p> <strong> Mail on Sunday</strong> </p> <p> The government is considering a watchdog to deal with complaints about supermarkets bullying suppliers. </p> <p>Former BBC executive Rupert Gavin is ready to buy <strong> Woolworths'</strong> DVD and video sales operation, boosting Apax's hopes of winning its bid for the retailer. </p> <p> <strong> Sunday Express </strong> </p> <p><strong> Sir Terence Conran</strong> will report flat profits next week for his restaurants and shops. </p> <p> <strong> The Business Drax</strong>, Britain's largest coal-fired power station, will tomorrow reveal its creditors' plans to cash in their stakes, which could lead to a float. </p> <p><strong> Reports </strong></p> <p><strong> Today</strong></p> <p> <strong> Interims </strong> Carnival (Q1), Corporate Services, Kier Group, Wolseley. <strong> Finals </strong> Admiral, Aero Inventory, Aricom, BioProgress, Business Direct, Development Securities, Ennstone, Enterprise, Forth Ports, John Laing, London &amp; Associated Properties, Lookers, Manganese Bronze Holdings, Medsea Estates, Metal Bulletin, Michelmersh BRICK, Oxford Biomedica, Pinewood Shepperton, Raven Mount, ServicePower, smartFOCUS, SVG Capital, TT Electronics, Vislink, Weir, WIN. <strong> AGMs </strong> None. <strong> EGMs </strong> Vernalis. </p> <p><strong> Tuesday</strong> </p> <p> <strong> Interims </strong> Finsbury Food, MJ Gleeson, Manchester United. <strong> Finals </strong> Bema Gold, Brixton, Chesnara, Cornwell Management Consultants, Evolution Group, IQE, Macfarlane, Maclellan, Hat Pin, Mears, MTL Instruments, Oystertec, Spring Group. <strong> AGMs, EGMs </strong> None scheduled. <strong> Trading statements </strong> Daily Mail and General Trust, Electrocomponents (Q2). </p> <p><strong> Wednesday</strong></p> <p> <strong> Interims </strong> Barratt Developments, CamAxys Group, Fulmar, Inventive Alkane Energy, AutoLogic, Cape, HHG, Kesa Electricals, Medical Solutions, William Morrison, Next, Slough Estates, Symphony Plastic, Wireless Group, Woolworths. <strong> AGMs </strong> None scheduled<strong> , EGMs </strong> Netstore, Rheochem. <strong> Trading statements </strong> Dairy Crest, United Uitilities. </p> <p><strong> Thursday</strong></p> <p> <strong> Interims </strong> Digital Classics. <strong> Finals </strong> Hardy Underwriting, Northern Racing, Omega International, Premier Oil, Songbird Estates, Tenon Group. <strong> AGMs, EGMs </strong> None scheduled. <strong> Trading statements </strong> National Grid Transco, J Sainsbury. </p> <p><strong> Friday</strong></p> <p> <strong> Interims, Finals,</strong> <strong> AGMs, EGMs </strong> None scheduled. </p> <p><strong> Indicators</strong></p> <p><strong> Today</strong> </p> <p><strong> UK</strong> Independent economists appear before Treasury Select Committee to discuss budget. <strong> GER </strong> Bundesbank monthly report. <strong> IT </strong> Unemployment (Q4). </p> <p> <strong> Tuesday</strong> </p> <p><strong> UK</strong> Consumer price index (Feb). <strong> UK</strong> Chancellor Gordon Brown appears before Treasury Select Committee to discuss budget. <strong> UK</strong> Rightmove house price survey. <strong> FR </strong> Consumer spending (Feb). <strong> US </strong> PPI (Feb). <strong> US </strong> FOMC decision. <strong> JP </strong> Bank of Japan releases Feb 16-17 policy board meeting minutes. </p> <p><strong> Wednesday</strong></p> <p> <strong> UK </strong> GDP (Q4, final estimate). <strong> UK</strong> Balance of payments (Q4). <strong> UK </strong> Bank of England March rate-setting meeting minutes. <strong> UK</strong> Motor vehicle production (Feb). <strong> UK </strong> CBI industrial trends survey (Mar). <strong> Eurozone </strong> Trade balance (Jan). <strong> Eurozone </strong> EU summit. <strong> Eurozone </strong> Industrial orders (Jan). <strong> FR </strong> Insee report on economy. <strong> IT </strong> Non-EU trade balance (Feb). <strong> US </strong> North American Free Trade Agreement meeting. Mexican, Canadian and US leaders attending. <strong> US </strong> CPI (Feb). <strong> GER </strong> Ifo business survey (Mar). <strong> JP </strong> Customs cleared trade balance (Feb). </p> <p> <strong> Thursday</strong> </p> <p><strong> UK </strong> Bank of England monetary policy committee members appear before Treasury Select Committee. <strong> US </strong> New home sales (Feb). <strong> US </strong> Durable goods orders (Feb). <strong> US </strong> Jobless claims (w/e 19 Mar). </p> <p><strong> Friday</strong></p> <p> <strong> UK</strong> Markets closed. <strong> JP </strong> Tokyo Consumer Price Index (Mar). <strong> JP </strong> Nationwide Consumer Price Index (Feb). <strong> JP </strong> Corporate service prices (Feb). <br></p>",
      "newspaperPageNumber": "23",
      "wordcount": "672",
      "commentable": "false",
      "isPremoderated": "false",
      "lastModified": "2005-03-21T00:04:22Z",
      "newspaperEditionDate": "2005-03-21T00:00:00Z",
      "productionOffice": "UK",
      "publication": "theguardian.com",
      "shortUrl": "https://gu.com/p/8mv2",
      "shouldHideAdverts": "false",
      "showInRelatedContent": "true",
      "legallySensitive": "false",
      "lang": "en",
      "bodyText": "Papers Observer Royal Bank of Scotland faces a shareholder revolt over a $7m (\u00a33.6m) pay and perks package for Larry Fish, head of its US arm. The Financial Services Authority is to investigate a suspected web of City bank accounts allegedly used by the former Chilean dictator, Augusto Pinochet, to launder money. Three senior Woolworths bosses will share a payoff of about \u00a32m if private equity firm Apax proceeds with its approach at an indicative price of about 58p. Sunday Telegraph SCi Entertainment may be poised to make an 11th-hour bid for Eidos, the computer game firm behind Lara Croft. Private equity groups Blackstone and Candover have snubbed Goldman Sachs because they are unhappy that the investment bank competes directly with them for deals. Sunday Times One of Egypt's leading business families will this week combine with UBS and private equity firms in a bid worth nearly \u00a39bn for Italian telecoms group Wind. Darren Shapland, the 38-year-old incoming finance director at Sainsbury's, has been hired on a potential \u00a36m pay and bonus deal. IoS BAA, the owner of Heathrow, is preparing to challenge sections of the bill which will establish Crossrail, the \u00a310bn rail project linking east and west London. Clothes chain Next will this week become the latest retailer to rock investors by unveiling a slide in sales. Mail on Sunday The government is considering a watchdog to deal with complaints about supermarkets bullying suppliers. Former BBC executive Rupert Gavin is ready to buy Woolworths' DVD and video sales operation, boosting Apax's hopes of winning its bid for the retailer. Sunday Express Sir Terence Conran will report flat profits next week for his restaurants and shops. The Business Drax, Britain's largest coal-fired power station, will tomorrow reveal its creditors' plans to cash in their stakes, which could lead to a float. Reports Today Interims Carnival (Q1), Corporate Services, Kier Group, Wolseley. Finals Admiral, Aero Inventory, Aricom, BioProgress, Business Direct, Development Securities, Ennstone, Enterprise, Forth Ports, John Laing, London &amp; Associated Properties, Lookers, Manganese Bronze Holdings, Medsea Estates, Metal Bulletin, Michelmersh BRICK, Oxford Biomedica, Pinewood Shepperton, Raven Mount, ServicePower, smartFOCUS, SVG Capital, TT Electronics, Vislink, Weir, WIN. AGMs None. EGMs Vernalis. Tuesday Interims Finsbury Food, MJ Gleeson, Manchester United. Finals Bema Gold, Brixton, Chesnara, Cornwell Management Consultants, Evolution Group, IQE, Macfarlane, Maclellan, Hat Pin, Mears, MTL Instruments, Oystertec, Spring Group. AGMs, EGMs None scheduled. Trading statements Daily Mail and General Trust, Electrocomponents (Q2). Wednesday Interims Barratt Developments, CamAxys Group, Fulmar, Inventive Alkane Energy, AutoLogic, Cape, HHG, Kesa Electricals, Medical Solutions, William Morrison, Next, Slough Estates, Symphony Plastic, Wireless Group, Woolworths. AGMs None scheduled , EGMs Netstore, Rheochem. Trading statements Dairy Crest, United Uitilities. Thursday Interims Digital Classics. Finals Hardy Underwriting, Northern Racing, Omega International, Premier Oil, Songbird Estates, Tenon Group. AGMs, EGMs None scheduled. Trading statements National Grid Transco, J Sainsbury. Friday Interims, Finals, AGMs, EGMs None scheduled. Indicators Today UK Independent economists appear before Treasury Select Committee to discuss budget. GER Bundesbank monthly report. IT Unemployment (Q4). Tuesday UK Consumer price index (Feb). UK Chancellor Gordon Brown appears before Treasury Select Committee to discuss budget. UK Rightmove house price survey. FR Consumer spending (Feb). US PPI (Feb). US FOMC decision. JP Bank of Japan releases Feb 16-17 policy board meeting minutes. Wednesday UK GDP (Q4, final estimate). UK Balance of payments (Q4). UK Bank of England March rate-setting meeting minutes. UK Motor vehicle production (Feb). UK CBI industrial trends survey (Mar). Eurozone Trade balance (Jan). Eurozone EU summit. Eurozone Industrial orders (Jan). FR Insee report on economy. IT Non-EU trade balance (Feb). US North American Free Trade Agreement meeting. Mexican, Canadian and US leaders attending. US CPI (Feb). GER Ifo business survey (Mar). JP Customs cleared trade balance (Feb). Thursday UK Bank of England monetary policy committee members appear before Treasury Select Committee. US New home sales (Feb). US Durable goods orders (Feb). US Jobless claims (w/e 19 Mar). Friday UK Markets closed. JP Tokyo Consumer Price Index (Mar). JP Nationwide Consumer Price Index (Feb). JP Corporate service prices (Feb).",
      "charCount": "4595"
    },
    "isHosted": false,
    "pillarId": "pillar/news",
    "pillarName": "News"
  }
]