[
  {
    "id": "theguardian/2005/apr/12/guardianletters",
    "type": "article",
    "sectionId": "theguardian",
    "sectionName": "From the Guardian",
    "webPublicationDate": "2005-04-11T23:01:54Z",
    "webTitle": "Letters: Poor access",
    "webUrl": "https://www.theguardian.com/theguardian/2005/apr/12/guardianletters",
    "apiUrl": "https://content.guardianapis.com/theguardian/2005/apr/12/guardianletters",
    "fields": {
      "headline": "Poor access",
      "trailText": "<b>Letters: </b>Madeleine Bunting's article on why so many abortions are needed in the UK (The price of pleasure, April 11) fails to identify one of the greatest contributors to this situation - the dearth of comprehensive contraception services.",
      "main": "",
      "body": "Madeleine Bunting's article on why so many abortions are needed in the UK (The price of pleasure, April 11) fails to identify one of the greatest contributors to this situation - the dearth of comprehensive contraception services. <p>Limited access to family planning services and a lack of investment in the staff trying to run them result in a service that overwhelmingly fails women. There are 14 methods of contraception in the UK. Yet too many women are denied access to highly effective long-acting methods which do not run the risk of user failure. </p> <p>Until women are able to access services designed to suit their needs, the outcome will inevitably be high levels of unplanned pregnancy.<br><b>Anne Weyman</b><br>Chief executive, Family Planning Association</p>",
      "newspaperPageNumber": "25",
      "wordcount": "121",
      "commentable": "false",
      "isPremoderated": "false",
      "lastModified": "2005-04-11T23:01:54Z",
      "newspaperEditionDate": "2005-04-12T00:00:00Z",
      "productionOffice": "UK",
      "publication": "theguardian.com",
      "shortUrl": "https://gu.com/p/t9hp",
      "shouldHideAdverts": "false",
      "showInRelatedContent": "true",
      "legallySensitive": "false",
      "lang": "en",
      "bodyText": "Madeleine Bunting's article on why so many abortions are needed in the UK (The price of pleasure, April 11) fails to identify one of the greatest contributors to this situation - the dearth of comprehensive contraception services. Limited access to family planning services and a lack of investment in the staff trying to run them result in a service that overwhelmingly fails women. There are 14 methods of contraception in the UK. Yet too many women are denied access to highly effective long-acting methods which do not run the risk of user failure. Until women are able to access services designed to suit their needs, the outcome will inevitably be high levels of unplanned pregnancy. Anne Weyman Chief executive, Family Planning Association",
      "charCount": "746"
    },
    "isHosted": false,
    "pillarId": "pillar/news",
    "pillarName": "News"
  },
  {
    "id": "world/2005/apr/12/russia.nickpatonwalsh",
    "type": "article",
    "sectionId": "world",
    "sectionName": "World news",
    "webPublicationDate": "2005-04-11T23:01:52Z",
    "webTitle": "Wave of protest challenges Putin",
    "webUrl": "https://www.theguardian.com/world/2005/apr/12/russia.nickpatonwalsh",
    "apiUrl": "https://content.guardianapis.com/world/2005/apr/12/russia.nickpatonwalsh",
    "fields": {
      "headline": "Wave of protest challenges Putin",
      "standfirst": "Demands grow in oil-rich area for sacking of its leader",
      "trailText": "Demands grow in oil-rich area for sacking of its leader.",
      "byline": "Nick Paton Walsh in Ufa",
      "main": "",
      "body": "Up to 10,000 students are today expected to assemble outside the White House in Moscow, the seat of the Russian government, in the latest wave of unrest that is challenging Vladimir Putin's image as the strongman of Russian stability. <p>Mass demonstrations sweeping through Russia are proving infectious. On Thursday, 10,000 gathered in Volgograd to protest against the Putin administration's attempts to reform the benefit system, replacing state subsidies on goods with cash. </p> <p>A 20,000-strong protest is planned for Saturday in Ufa, capital of the Russian republic of Bashkortostan. The opposition have been demanding the resignation of Murtaza Rakhimov, president of the oil-rich region, who they claim has run it as a personal fiefdom for 16 years. </p> <p>One of the protesters, Robert Zagreyev, an orange scarf wrapped around his neck, displayed several orange tents and dozens of placards which he hoped would form the start of a tent city of protesters on May 1, camping outside the government building in Ufa. </p> <p>\"We're expecting 20,000 protesters, and think about 2,000 will join the tent city, working in shifts,\" he said. \"People will be drawn from all over the republic. The president falsified the elections [allegedly, in 2003], so there's no other way.\" </p> <p>The enthusiasm of Mr Zagreyev, who heads a local opposition NGO, compensates for his lack of originality. The tents, the call to protest, and even the colour orange are stolen from the electoral crisis in Ukraine, where the pro-Russian government last year sparked mass protests when it tried to fix the presidential vote. </p> <p>But Bashkortostan is not Georgia, Ukraine or Kyrgyzstan, where mass protests have thrown out three corrupt post-Soviet regimes in the past 17 months. It is part of Russia, a country that appeared to shun the \"instability\" of the protests and change of the 1990s when last March it re-elected Mr Putin. </p> <p>\"The example of Ukraine showed that any person can go on to the streets and defend their rights\", said Stanislav Yakovlev, a member of the Russian branch of Pora, a youth activist movement that fuelled the so-called orange revolution in Kiev. He said the Putin administration was increasingly \"dictatorial\", \"lawless\" and \"corrupt\" and that his movement was preparing to lessen the Kremlin's dominance of parliament in 2007's elections. </p> <p>\"Parliament is today an apparatus ready to pass any law that does not represent its constituents, but its bosses. We will support the forces that want to bring democracy to Russia.\" </p> <p>On Thursday, 220 protesters from Ufa arrived in Moscow with a letter to President Putin signed by 50,000 people. They also protested against a brutal rampage by police in the town of Blagoveshchensk. Some 342 people were detained when police arrested and beat locals during a three-day \"crackdown\" on purported street crime. At least 10 people were injured and eight officers face charges. </p> <p>Alexei Raschyoskov, 24, was sitting by the road near his home smoking at 11pm on December 11, the second day of the police \"crackdown\", when a masked man in camouflage approached him. \"He did not ask for my papers, and simply hit me in the stomach with the end of his rifle,\" said Mr Raschyoskov. He said he saw a police badge on the man's uniform, then lost consciousness. He woke up in intensive care, having lost 2.5 litres of blood. </p> <p>\"Rakhimov is to blame for this\", said Mr Raschyoskov, one of the group that went to Moscow. \"But Putin does not even want to talk about this. We have to go to the streets.\" He said if police tried to break up the planned protests in Ufa, \"people have the right to defend themselves. If Blagoveshchensk happens again, there will be a bloody war.\" </p> <p>Rostislav Murzagulov, a spokesman for Mr Rakhimov, said the incident was a \"lesson for the police\", and claimed Mr Rakhimov's ministers had hid the scale of the abuses from him for 10 days. Many Bashkirian police also serve in Chechnya, and Mr Murzagulov admitted that some police might have brought abusive practices back with them from the war-torn republic. </p> <p>But he claimed the opposition was paying the protesters, who often mingled with genuine demonstrations against the unpopular benefit reforms. \"They have enough money for the protests to go on for a long time,\" he said. \"The myth of despotism and authoritarianism was created by business groups who want control of the fuel complex.\" </p> <p>Russia's size will limit the effects of any popular protest in Ufa. Last year, Mr Putin declared that the 89 regional leaders would be appointed by him, rather than through elections. </p> <p>Ramil Bignov, the leader of the opposition, admits that protests can only pressure the Kremlin to sack Mr Rakhimov. \"I agree with those in the west who say there is no democracy in Russia, but I do not want the country to break up.\" </p> <p>He said the opposition represented the majority, who were tired of the Rakhimov regime's deceit. The opposition was prepared secretely to suggest to Mr Putin up to five alternative leaders for the region. \"Only Putin has the right to decide... that is the Russian variant of democracy.\"</p>",
      "newspaperPageNumber": "15",
      "wordcount": "853",
      "commentable": "false",
      "isPremoderated": "false",
      "lastModified": "2017-04-12T15:10:07Z",
      "newspaperEditionDate": "2005-04-12T00:00:00Z",
      "productionOffice": "UK",
      "publication": "theguardian.com",
      "shortUrl": "https://gu.com/p/tand",
      "shouldHideAdverts": "false",
      "showInRelatedContent": "true",
      "legallySensitive": "false",
      "lang": "en",
      "bodyText": "Up to 10,000 students are today expected to assemble outside the White House in Moscow, the seat of the Russian government, in the latest wave of unrest that is challenging Vladimir Putin's image as the strongman of Russian stability. Mass demonstrations sweeping through Russia are proving infectious. On Thursday, 10,000 gathered in Volgograd to protest against the Putin administration's attempts to reform the benefit system, replacing state subsidies on goods with cash. A 20,000-strong protest is planned for Saturday in Ufa, capital of the Russian republic of Bashkortostan. The opposition have been demanding the resignation of Murtaza Rakhimov, president of the oil-rich region, who they claim has run it as a personal fiefdom for 16 years. One of the protesters, Robert Zagreyev, an orange scarf wrapped around his neck, displayed several orange tents and dozens of placards which he hoped would form the start of a tent city of protesters on May 1, camping outside the government building in Ufa. \"We're expecting 20,000 protesters, and think about 2,000 will join the tent city, working in shifts,\" he said. \"People will be drawn from all over the republic. The president falsified the elections [allegedly, in 2003], so there's no other way.\" The enthusiasm of Mr Zagreyev, who heads a local opposition NGO, compensates for his lack of originality. The tents, the call to protest, and even the colour orange are stolen from the electoral crisis in Ukraine, where the pro-Russian government last year sparked mass protests when it tried to fix the presidential vote. But Bashkortostan is not Georgia, Ukraine or Kyrgyzstan, where mass protests have thrown out three corrupt post-Soviet regimes in the past 17 months. It is part of Russia, a country that appeared to shun the \"instability\" of the protests and change of the 1990s when last March it re-elected Mr Putin. \"The example of Ukraine showed that any person can go on to the streets and defend their rights\", said Stanislav Yakovlev, a member of the Russian branch of Pora, a youth activist movement that fuelled the so-called orange revolution in Kiev. He said the Putin administration was increasingly \"dictatorial\", \"lawless\" and \"corrupt\" and that his movement was preparing to lessen the Kremlin's dominance of parliament in 2007's elections. \"Parliament is today an apparatus ready to pass any law that does not represent its constituents, but its bosses. We will support the forces that want to bring democracy to Russia.\" On Thursday, 220 protesters from Ufa arrived in Moscow with a letter to President Putin signed by 50,000 people. They also protested against a brutal rampage by police in the town of Blagoveshchensk. Some 342 people were detained when police arrested and beat locals during a three-day \"crackdown\" on purported street crime. At least 10 people were injured and eight officers face charges. Alexei Raschyoskov, 24, was sitting by the road near his home smoking at 11pm on December 11, the second day of the police \"crackdown\", when a masked man in camouflage approached him. \"He did not ask for my papers, and simply hit me in the stomach with the end of his rifle,\" said Mr Raschyoskov. He said he saw a police badge on the man's uniform, then lost consciousness. He woke up in intensive care, having lost 2.5 litres of blood. \"Rakhimov is to blame for this\", said Mr Raschyoskov, one of the group that went to Moscow. \"But Putin does not even want to talk about this. We have to go to the streets.\" He said if police tried to break up the planned protests in Ufa, \"people have the right to defend themselves. If Blagoveshchensk happens again, there will be a bloody war.\" Rostislav Murzagulov, a spokesman for Mr Rakhimov, said the incident was a \"lesson for the police\", and claimed Mr Rakhimov's ministers had hid the scale of the abuses from him for 10 days. Many Bashkirian police also serve in Chechnya, and Mr Murzagulov admitted that some police might have brought abusive practices back with them from the war-torn republic. But he claimed the opposition was paying the protesters, who often mingled with genuine demonstrations against the unpopular benefit reforms. \"They have enough money for the protests to go on for a long time,\" he said. \"The myth of despotism and authoritarianism was created by business groups who want control of the fuel complex.\" Russia's size will limit the effects of any popular protest in Ufa. Last year, Mr Putin declared that the 89 regional leaders would be appointed by him, rather than through elections. Ramil Bignov, the leader of the opposition, admits that protests can only pressure the Kremlin to sack Mr Rakhimov. \"I agree with those in the west who say there is no democracy in Russia, but I do not want the country to break up.\" He said the opposition represented the majority, who were tired of the Rakhimov regime's deceit. The opposition was prepared secretely to suggest to Mr Putin up to five alternative leaders for the region. \"Only Putin has the right to decide... that is the Russian variant of democracy.\"",
      "charCount": "5070"
    },
    "isHosted": false,
    "pillarId": "pillar/news",
    "pillarName": "News"
  },
  {
    "id": "business/2005/apr/12/carindustry.motoring1",
    "type": "article",
    "sectionId": "business",
    "sectionName": "Business",
    "webPublicationDate": "2005-04-11T23:01:37Z",
    "webTitle": "Wall Street drubbing for Ford after profit warning",
    "webUrl": "https://www.theguardian.com/business/2005/apr/12/carindustry.motoring1",
    "apiUrl": "https://content.guardianapis.com/business/2005/apr/12/carindustry.motoring1",
    "fields": {
      "headline": "Wall Street drubbing for Ford after profit warning",
      "trailText": "<p>Ford Motor Company suffered a mauling on Wall Street yesterday after the carmaker admitted that it would miss a key profit target set by the firm when it launched its overhaul plan three years ago. </p>",
      "byline": "David Teather in New York",
      "main": "",
      "body": "<p>Ford Motor Company suffered a mauling on Wall Street yesterday after the carmaker admitted that it would miss a key profit target set by the firm when it launched its overhaul plan three years ago. </p> <p>The firm's share price fell by as much as 8% in early trading to its lowest levels in more than a year. </p> <p>Fitch yesterday became the latest of the credit ratings agencies to indicate that it might lower its rating on the company, edging its debt closer to junk status. </p> <p>Ford has sharply cut its profit forecast for the current year and abandoned the long-term goal of reaching $7bn in annual earnings by 2006. </p> <p>The announcement was a bitter disappointment to Bill Ford Jr, who restored the family dynasty when he took over as chief executive as the firm was teetering on failure. He vowed to return the firm to its glory days in a five-year turnaround plan. </p> <p>The announcement from Ford followed swiftly on the heels of a warning from its Detroit rival General Motors that its profits this year would be around 75% lower than it had previously expected. </p> <p>Both companies are struggling with intense competition in their domestic US market, particularly from Asian manufacturers. Ford's domestic sales have fallen 5.2% so far this year. </p> <p>They are also facing rising raw material prices and are weighed down by soaring healthcare costs for their workers. Ford spent $3.1bn (\u00a31.64bn) on healthcare last year for 550,000 employees, retirees and dependants. </p> <p>In a statement accompanying the announcement, Mr Ford said: \"Obviously there are actions we could take to achieve our pre-tax profit goal of $7bn for 2006, but we will not mortgage Ford's future by chasing an objective set under vastly different market and economic conditions.\" </p> <p>The US carmakers are also beginning to feel the pinch of rising oil prices at the pump, which have begun to turn American consumers away from gas guzzling sports utility vehicles. </p> <p>This year, Ford expects to earn between $1.25 and $1.50 a share, instead of the previous forecast of a range of $1.75 to $1.95. </p> <p>By early afternoon, Ford shares had rallied modestly, but were still down 5.4% at $10.43. They had fallen as low as $10.15. GM shares were down another 2.2% at $28.84.</p>",
      "newspaperPageNumber": "18",
      "wordcount": "388",
      "commentable": "false",
      "isPremoderated": "false",
      "lastModified": "2005-04-11T23:01:37Z",
      "newspaperEditionDate": "2005-04-12T00:00:00Z",
      "productionOffice": "UK",
      "publication": "theguardian.com",
      "shortUrl": "https://gu.com/p/8njt",
      "shouldHideAdverts": "false",
      "showInRelatedContent": "true",
      "legallySensitive": "false",
      "lang": "en",
      "bodyText": "Ford Motor Company suffered a mauling on Wall Street yesterday after the carmaker admitted that it would miss a key profit target set by the firm when it launched its overhaul plan three years ago. The firm's share price fell by as much as 8% in early trading to its lowest levels in more than a year. Fitch yesterday became the latest of the credit ratings agencies to indicate that it might lower its rating on the company, edging its debt closer to junk status. Ford has sharply cut its profit forecast for the current year and abandoned the long-term goal of reaching $7bn in annual earnings by 2006. The announcement was a bitter disappointment to Bill Ford Jr, who restored the family dynasty when he took over as chief executive as the firm was teetering on failure. He vowed to return the firm to its glory days in a five-year turnaround plan. The announcement from Ford followed swiftly on the heels of a warning from its Detroit rival General Motors that its profits this year would be around 75% lower than it had previously expected. Both companies are struggling with intense competition in their domestic US market, particularly from Asian manufacturers. Ford's domestic sales have fallen 5.2% so far this year. They are also facing rising raw material prices and are weighed down by soaring healthcare costs for their workers. Ford spent $3.1bn (\u00a31.64bn) on healthcare last year for 550,000 employees, retirees and dependants. In a statement accompanying the announcement, Mr Ford said: \"Obviously there are actions we could take to achieve our pre-tax profit goal of $7bn for 2006, but we will not mortgage Ford's future by chasing an objective set under vastly different market and economic conditions.\" The US carmakers are also beginning to feel the pinch of rising oil prices at the pump, which have begun to turn American consumers away from gas guzzling sports utility vehicles. This year, Ford expects to earn between $1.25 and $1.50 a share, instead of the previous forecast of a range of $1.75 to $1.95. By early afternoon, Ford shares had rallied modestly, but were still down 5.4% at $10.43. They had fallen as low as $10.15. GM shares were down another 2.2% at $28.84.",
      "charCount": "2196"
    },
    "isHosted": false,
    "pillarId": "pillar/news",
    "pillarName": "News"
  },
  {
    "id": "business/2005/apr/11/housingmarket.houseprices",
    "type": "article",
    "sectionId": "business",
    "sectionName": "Business",
    "webPublicationDate": "2005-04-11T10:28:05Z",
    "webTitle": "House prices drop as property inflation rises",
    "webUrl": "https://www.theguardian.com/business/2005/apr/11/housingmarket.houseprices",
    "apiUrl": "https://content.guardianapis.com/business/2005/apr/11/housingmarket.houseprices",
    "fields": {
      "headline": "House prices drop as property inflation rises",
      "trailText": "<p>House prices fell slightly between January and February, but year-on-year property inflation edged up, according to official figures published today by the Office of the Deputy Prime Minister. </p>",
      "byline": "Sandra Haurant and agencies",
      "main": "",
      "body": "<p>House prices fell slightly between January and February, but year-on-year property inflation edged up, according to official figures published today by the Office of the Deputy Prime Minister. </p> <p>The average property was priced at \u00a3179,491 in February, compared with \u00a3180,465 the previous month. Annual inflation rose to 10.5% in February, up from 10% in January, the department said. </p> <p>All types of property, with the exception of flats, lost value between January and February. Detached and semi-detached houses went down in price by 1.2% and 0.6% respectively.</p> <p>London continues to have the most expensive properties. The average house in the capital costs \u00a3262,138. The lowest prices are to be found in the north-east, where the average property costs \u00a3125,699. </p> <p>England's prices continue to be the highest, at an average \u00a3189,249. The average house in Wales now costs \u00a3140,995, while in Scotland it costs \u00a3115,294, and Northern Ireland's is \u00a3119,596. </p> <p>Economist Howard Archer, of Global Insight, said the increase in inflation should not be taken as a sign of strengthening in the housing market. Instead, today's figures reinforced \"the overall impression that house prices are fluctuating around a steadily softening trend\".</p> <p>He added: \"Latest data and survey evidence relating to housing market activity has largely shown stabilisation at a low level (and in some cases very modest improvement), following the marked slowdown in the second half of last year when higher interest rates and stretched affordability ratios increasingly weighed down on the market.\"</p> <p>He added that, while house prices will continue to be \"soft\" in the near term, a plunge in the market is still \"unlikely\".</p> <p>Meanwhile, a separate report published today by property website propertyfinder.com claimed that confidence in the housing market has dipped, with buyers reluctant to commit to a purchase due to fears of interest rate rises and the impact of a general election.</p> <p>In March, house hunters on average expected prices to fall 2.6% over the next 12 months, compared with expectations of a fall of just 0.5% in February. Almost half (48%) of survey respondents expected prices to fall over the next 12 months, compared with just 37% a month ago.</p> <p>Interest rate concerns have increased markedly and help explain the declining confidence, propertyfinder said. As many as 55% of people said the fear of higher interest rates was putting them off buying property.</p> <p>Jim Buckle, managing director of propertyfinder, said: \"At the beginning of the year, homebuyers were confident that interest rates had peaked and this injected long lost optimism back into the housing market.</p> <p>\"However, speculation has intensified in recent weeks that interest rates still have further to rise and this has put buyers on alert that they could be stung with higher mortgage payments.</p> <p>\"Add that to the fact that an election is just around the corner and everyone expects further tax rises to take another bite out of their household budget and it is no wonder that hopes for the market are deflating.\"</p>",
      "wordcount": "504",
      "commentable": "false",
      "isPremoderated": "false",
      "lastModified": "2017-09-20T21:45:09Z",
      "newspaperEditionDate": "2005-04-11T00:00:00Z",
      "productionOffice": "UK",
      "publication": "theguardian.com",
      "shortUrl": "https://gu.com/p/8nt8",
      "shouldHideAdverts": "false",
      "showInRelatedContent": "true",
      "legallySensitive": "false",
      "lang": "en",
      "bodyText": "House prices fell slightly between January and February, but year-on-year property inflation edged up, according to official figures published today by the Office of the Deputy Prime Minister. The average property was priced at \u00a3179,491 in February, compared with \u00a3180,465 the previous month. Annual inflation rose to 10.5% in February, up from 10% in January, the department said. All types of property, with the exception of flats, lost value between January and February. Detached and semi-detached houses went down in price by 1.2% and 0.6% respectively. London continues to have the most expensive properties. The average house in the capital costs \u00a3262,138. The lowest prices are to be found in the north-east, where the average property costs \u00a3125,699. England's prices continue to be the highest, at an average \u00a3189,249. The average house in Wales now costs \u00a3140,995, while in Scotland it costs \u00a3115,294, and Northern Ireland's is \u00a3119,596. Economist Howard Archer, of Global Insight, said the increase in inflation should not be taken as a sign of strengthening in the housing market. Instead, today's figures reinforced \"the overall impression that house prices are fluctuating around a steadily softening trend\". He added: \"Latest data and survey evidence relating to housing market activity has largely shown stabilisation at a low level (and in some cases very modest improvement), following the marked slowdown in the second half of last year when higher interest rates and stretched affordability ratios increasingly weighed down on the market.\" He added that, while house prices will continue to be \"soft\" in the near term, a plunge in the market is still \"unlikely\". Meanwhile, a separate report published today by property website propertyfinder.com claimed that confidence in the housing market has dipped, with buyers reluctant to commit to a purchase due to fears of interest rate rises and the impact of a general election. In March, house hunters on average expected prices to fall 2.6% over the next 12 months, compared with expectations of a fall of just 0.5% in February. Almost half (48%) of survey respondents expected prices to fall over the next 12 months, compared with just 37% a month ago. Interest rate concerns have increased markedly and help explain the declining confidence, propertyfinder said. As many as 55% of people said the fear of higher interest rates was putting them off buying property. Jim Buckle, managing director of propertyfinder, said: \"At the beginning of the year, homebuyers were confident that interest rates had peaked and this injected long lost optimism back into the housing market. \"However, speculation has intensified in recent weeks that interest rates still have further to rise and this has put buyers on alert that they could be stung with higher mortgage payments. \"Add that to the fact that an election is just around the corner and everyone expects further tax rises to take another bite out of their household budget and it is no wonder that hopes for the market are deflating.\"",
      "charCount": "3052"
    },
    "isHosted": false,
    "pillarId": "pillar/news",
    "pillarName": "News"
  },
  {
    "id": "business/2005/apr/11/politics.houseprices",
    "type": "article",
    "sectionId": "business",
    "sectionName": "Business",
    "webPublicationDate": "2005-04-11T00:37:54Z",
    "webTitle": "Ashley Seager: It's going to be a bumpy ride",
    "webUrl": "https://www.theguardian.com/business/2005/apr/11/politics.houseprices",
    "apiUrl": "https://content.guardianapis.com/business/2005/apr/11/politics.houseprices",
    "fields": {
      "headline": "It's going to be a bumpy ride",
      "trailText": "<p><strong>Ashley Seager: </strong> Gordon Brown managed a wry smile last week when Tony Blair announced that he would continue as chancellor after the election.</p>",
      "byline": "Ashley Seager",
      "main": "",
      "body": "<p>Gordon Brown managed a wry smile last week when Tony Blair announced that he would continue as chancellor after the election, assuming, of course, that Labour won. </p> <p>Quite what went through the mind of Labour's longest-serving chancellor at that point only he can know, but it is worth having a guess. </p> <p>The obvious, and central, issue must be the question of when he might finally move next door to 10 Downing Street. But Mr Brown may also have reflected for a moment on his oft-repeated joke that there are two types of chancellor: those who fail and those who get out in time. And the question of getting out in time is becoming more urgent. Even as Mr Blair praised him as the best chancellor of the past 100 years, the long-time resident of No 11 must have worried that the sound economic record that Labour loves to boast of might be about to come off the rails. </p> <p>With consumer spending slumping, the housing market looking fragile, oil prices at a record high and tax rises looking increasingly necessary, he will doubtless be relieved that the election will be safely out of the way in a few weeks. There is little doubt that for Mr Brown, the immediate future looks tougher than the past. The Bank of England governor, Mervyn King, has been warning that the next decade is unlikely to be as pleasant as the past 10 years with their falling inflation, falling interest rates and falling unemployment. This may be as good as it gets. </p> <p>I am not one to panic over ups and downs of economic data and indeed have been impressed by the oil tanker-like quality of the economy in recent years: nothing has yet blown it off course. But I am starting to worry now, and I suspect Mr Brown is too. </p> <p>Consumer spending - retail sales plus pretty much everything we buy from cars to haircuts - accounts for about two-thirds of the economy. With the industrial sector having been virtually static since 1997, all the growth has come from the consumer - and, more recently, the public sector - helped along by plentiful jobs, rising incomes and rapidly rising house prices. </p> <p>All that could be about to come to an end. Before too long, we may all be wearing frowns to match Mr Brown's. </p> <p>Although government spending and business investment are still looking healthy, the consumer data are looking nasty. Household spending growth slowed from 1.2% in the first quarter of 2004 to just 0.2% in the final quarter, a two-year low. And the run of profit warnings from the country's retailers is definitely not a situation of crying wolf. Official data show retail sales in the three months to February were down 0.6% on the previous three months. With the exception of the period before the Iraq war, that was the first fall since 1998. A CBI survey showed shops considered their sales volumes for the time of year were the worst since 1992. Car sales were down 15% in the first quarter of this year from a year earlier. </p> <p>Mortgage lending has tumbled more than 30% and mortgage equity withdrawal, borrowing against your home for spending on something else, has halved as a percentage of take-home pay over the past six months. For an economy that has supposedly abolished boom and bust, those are pretty big moves and of the bust type. </p> <p>The consumer, weighed down by \u00a31 trillion of debt racked up in the good times, has become spooked. Recent figures showed take-home pay stopped growing two years ago, mainly because of Mr Brown's national insurance rise in 2003. Add to that the fact that the Bank raised interest rates by a third during the first half of last year, to the current 4.75%, and it's not surprising people are feeling squeezed. And there is more to come. The full impact of interest rate rises comes through into the economy 12 to 18 months after they happen. That means the next few months. </p> <p>For example, many homeowners took advantage of 2003's record low interest rates to lock into the lowest two-year fixed rates ever offered by lenders. Nearly half a million fixed rates - a third of total mortgages - were taken out in 2003 at an average of 4.23%. Many of those deals are coming up for renewal, and the average fixed rate is now 5.5%. That will take even more cash out of consumers' pockets. </p> <p>Oil prices have shot up to new records, pushing petrol prices up at the pumps. More money spent on petrol leaves less for other things. No wonder oil companies are reporting record profits while retailers squeal. Add successive large council tax rises and increases in electricity and gas bills, and the picture of a hard-pressed consumer is complete. Mr King remarked last month that he had been surprised by how quickly consumer spending had slowed down. He said he hoped that would prove temporary. We all need to hope so too, but I am not convinced that anything will persuade the consumer to increase spending. </p> <p>The odd thing about this slowdown in consumption was that everyone had expected it might happen if and when the housing market weakened. Trouble is, it's happening before the housing market drops, and I don't see how that can mean anything other than a fall in house prices later this year. House prices and consumer spending are linked, but the links are fluid and not well understood. The Bank has taken comfort from the fact that consumption was fairly steady in recent years while house prices tripled. This could mean it might not slow down sharply if house prices did, so the reasoning went. </p> <p>Perhaps the realisation that their houses have stopped going up in value is weighing on people's willingness to part with their cash. If that is the case, heaven only knows what might happen to spending if house prices actually start to fall. </p> <p>So what of the housing market? That house prices are overvalued is beyond dispute. But experts remain divided as to whether we are in for a long period of stagnation while average earnings catch up or whether outright falls in house prices are needed to get back to their long-term trend. </p> <p>David Smith at the Sunday Times recently presented a very coherent argument as to why house prices were not going to fall: the economy is strong, employment high and interest rates still relatively low. People would rather stay put in their houses than reduce the price to sell them. </p> <p>My feeling is that prices could fall, and soon, especially if the slowdown in consumption lasts and raises unemployment. House prices, too, are set at the margin, in the jargon. About 8% of the market changes hands each year. Some of those people will have to sell, for whatever reason, and they may not be too bothered about lowering their price if they can get a price cut on the property they might be moving to. </p> <p>Where does this leave Mr Brown? His problem is that the public finances are deep in the red and running right at the limit of his own golden rule. If consumption weakens and the economy slows, VAT receipts, in particular, will be hit. He will have to raise taxes to keep the public finances within his own limits, even though the last thing a slowing economy needs is tax rises. </p> <p>It's easy to boast of an economic record when house prices are rising, inflation is low and unemployment is falling. But if all that goes into reverse, Labour's third term could be distinctly uncomfortable. Mr Brown has regularly boasted that fiscal and monetary policy worked in harmony to keep the economy growing after the dotcom bust early in the new millennium. He now faces the prospect of them pulling in opposite directions, if the Bank has to cut interest rates because of a slowing economy while Mr Brown is busy putting taxes up to finance the ongoing spending on public services. </p> <p>The City is moving to the view that rates have peaked and may be cut later in the year. Some pundits have simply pushed back their forecast of a rise from May to August. I would be very surprised by a rate hike in August. A cut is more likely. </p> <p><a href=\"mailto:ashley.seager@theguardian.com\">ashley.seager@theguardian.com</a></p>",
      "newspaperPageNumber": "25",
      "wordcount": "1405",
      "commentable": "false",
      "isPremoderated": "false",
      "lastModified": "2017-09-20T21:45:09Z",
      "newspaperEditionDate": "2005-04-11T00:00:00Z",
      "productionOffice": "UK",
      "publication": "theguardian.com",
      "shortUrl": "https://gu.com/p/djev",
      "shouldHideAdverts": "false",
      "showInRelatedContent": "true",
      "legallySensitive": "false",
      "lang": "en",
      "bodyText": "Gordon Brown managed a wry smile last week when Tony Blair announced that he would continue as chancellor after the election, assuming, of course, that Labour won. Quite what went through the mind of Labour's longest-serving chancellor at that point only he can know, but it is worth having a guess. The obvious, and central, issue must be the question of when he might finally move next door to 10 Downing Street. But Mr Brown may also have reflected for a moment on his oft-repeated joke that there are two types of chancellor: those who fail and those who get out in time. And the question of getting out in time is becoming more urgent. Even as Mr Blair praised him as the best chancellor of the past 100 years, the long-time resident of No 11 must have worried that the sound economic record that Labour loves to boast of might be about to come off the rails. With consumer spending slumping, the housing market looking fragile, oil prices at a record high and tax rises looking increasingly necessary, he will doubtless be relieved that the election will be safely out of the way in a few weeks. There is little doubt that for Mr Brown, the immediate future looks tougher than the past. The Bank of England governor, Mervyn King, has been warning that the next decade is unlikely to be as pleasant as the past 10 years with their falling inflation, falling interest rates and falling unemployment. This may be as good as it gets. I am not one to panic over ups and downs of economic data and indeed have been impressed by the oil tanker-like quality of the economy in recent years: nothing has yet blown it off course. But I am starting to worry now, and I suspect Mr Brown is too. Consumer spending - retail sales plus pretty much everything we buy from cars to haircuts - accounts for about two-thirds of the economy. With the industrial sector having been virtually static since 1997, all the growth has come from the consumer - and, more recently, the public sector - helped along by plentiful jobs, rising incomes and rapidly rising house prices. All that could be about to come to an end. Before too long, we may all be wearing frowns to match Mr Brown's. Although government spending and business investment are still looking healthy, the consumer data are looking nasty. Household spending growth slowed from 1.2% in the first quarter of 2004 to just 0.2% in the final quarter, a two-year low. And the run of profit warnings from the country's retailers is definitely not a situation of crying wolf. Official data show retail sales in the three months to February were down 0.6% on the previous three months. With the exception of the period before the Iraq war, that was the first fall since 1998. A CBI survey showed shops considered their sales volumes for the time of year were the worst since 1992. Car sales were down 15% in the first quarter of this year from a year earlier. Mortgage lending has tumbled more than 30% and mortgage equity withdrawal, borrowing against your home for spending on something else, has halved as a percentage of take-home pay over the past six months. For an economy that has supposedly abolished boom and bust, those are pretty big moves and of the bust type. The consumer, weighed down by \u00a31 trillion of debt racked up in the good times, has become spooked. Recent figures showed take-home pay stopped growing two years ago, mainly because of Mr Brown's national insurance rise in 2003. Add to that the fact that the Bank raised interest rates by a third during the first half of last year, to the current 4.75%, and it's not surprising people are feeling squeezed. And there is more to come. The full impact of interest rate rises comes through into the economy 12 to 18 months after they happen. That means the next few months. For example, many homeowners took advantage of 2003's record low interest rates to lock into the lowest two-year fixed rates ever offered by lenders. Nearly half a million fixed rates - a third of total mortgages - were taken out in 2003 at an average of 4.23%. Many of those deals are coming up for renewal, and the average fixed rate is now 5.5%. That will take even more cash out of consumers' pockets. Oil prices have shot up to new records, pushing petrol prices up at the pumps. More money spent on petrol leaves less for other things. No wonder oil companies are reporting record profits while retailers squeal. Add successive large council tax rises and increases in electricity and gas bills, and the picture of a hard-pressed consumer is complete. Mr King remarked last month that he had been surprised by how quickly consumer spending had slowed down. He said he hoped that would prove temporary. We all need to hope so too, but I am not convinced that anything will persuade the consumer to increase spending. The odd thing about this slowdown in consumption was that everyone had expected it might happen if and when the housing market weakened. Trouble is, it's happening before the housing market drops, and I don't see how that can mean anything other than a fall in house prices later this year. House prices and consumer spending are linked, but the links are fluid and not well understood. The Bank has taken comfort from the fact that consumption was fairly steady in recent years while house prices tripled. This could mean it might not slow down sharply if house prices did, so the reasoning went. Perhaps the realisation that their houses have stopped going up in value is weighing on people's willingness to part with their cash. If that is the case, heaven only knows what might happen to spending if house prices actually start to fall. So what of the housing market? That house prices are overvalued is beyond dispute. But experts remain divided as to whether we are in for a long period of stagnation while average earnings catch up or whether outright falls in house prices are needed to get back to their long-term trend. David Smith at the Sunday Times recently presented a very coherent argument as to why house prices were not going to fall: the economy is strong, employment high and interest rates still relatively low. People would rather stay put in their houses than reduce the price to sell them. My feeling is that prices could fall, and soon, especially if the slowdown in consumption lasts and raises unemployment. House prices, too, are set at the margin, in the jargon. About 8% of the market changes hands each year. Some of those people will have to sell, for whatever reason, and they may not be too bothered about lowering their price if they can get a price cut on the property they might be moving to. Where does this leave Mr Brown? His problem is that the public finances are deep in the red and running right at the limit of his own golden rule. If consumption weakens and the economy slows, VAT receipts, in particular, will be hit. He will have to raise taxes to keep the public finances within his own limits, even though the last thing a slowing economy needs is tax rises. It's easy to boast of an economic record when house prices are rising, inflation is low and unemployment is falling. But if all that goes into reverse, Labour's third term could be distinctly uncomfortable. Mr Brown has regularly boasted that fiscal and monetary policy worked in harmony to keep the economy growing after the dotcom bust early in the new millennium. He now faces the prospect of them pulling in opposite directions, if the Bank has to cut interest rates because of a slowing economy while Mr Brown is busy putting taxes up to finance the ongoing spending on public services. The City is moving to the view that rates have peaked and may be cut later in the year. Some pundits have simply pushed back their forecast of a rise from May to August. I would be very surprised by a rate hike in August. A cut is more likely. ashley.seager@theguardian.com",
      "charCount": "7878"
    },
    "isHosted": false,
    "pillarId": "pillar/news",
    "pillarName": "News"
  },
  {
    "id": "politics/2005/apr/11/immigrationpolicy.politicalcolumnists",
    "type": "article",
    "sectionId": "politics",
    "sectionName": "Politics",
    "webPublicationDate": "2005-04-11T00:37:49Z",
    "webTitle": "Madeleine Bunting: The price of pleasure",
    "webUrl": "https://www.theguardian.com/politics/2005/apr/11/immigrationpolicy.politicalcolumnists",
    "apiUrl": "https://content.guardianapis.com/politics/2005/apr/11/immigrationpolicy.politicalcolumnists",
    "fields": {
      "headline": "The price of pleasure",
      "standfirst": "We do need a debate on abortion - not about legality or time limits but about why so many are necessary",
      "trailText": "<b>Madeline Bunting: </b>We do need a debate on abortion - not about legality or time limits but about why so many are necessary.",
      "byline": "Madeleine Bunting",
      "main": "",
      "body": "It was the debate that didn't happen. The abortion issue reared its head for a brief moment in the phoney pre-election period, prompting horror and outrage at the prospect of American political religiosity in the UK, before it was swiftly buried by nervous, evasive politicians. <p>The politicians were right - there is no evidence, apart from the strenuous efforts of a small minority, that the British public want a big row about abortion. The British have achieved a very typical kind of pragmatic settlement on the issue: legalised abortion is the lesser evil. They don't want to return to women dying in backstreet abortions - but it's not an issue they want to talk or think about. Abortion remains, as Ann Furedi of the British Pregnancy Advisory Service points out, one of Britain's last taboos. </p> <p>It was a relief that abortion wasn't going to feature prominently in the election. I don't like the way this issue gets polarised into an uncompromising rigidity by the pro-choice and the pro-life lobbies. The politicians have to pick their way through the bitterly emotive battlefield and end up with the kind of fudge we saw last month when, challenged by Cosmopolitan, Charles Kennedy said he \"didn't know\" and Tony Blair said he was personally \"uneasy\" about abortion. </p> <p>But mixed with that relief is a wish that somewhere it might be possible to have a more honest, less adversarial conversation about abortion. That it might be possible to talk about the uncertainty, confusion and unease provoked by this issue without promptly being recruited to one camp of believers or the other, and without attracting a deafening torrent of abuse, so that the only option is to retreat below the parapet again and become complicit in that taboo. Crucially, that it might be possible to talk of abortion without using the uncompromising absolutes employed by both sides - the language of a \"fundamental right to have children by choice not chance\" is as nonsensical to me as references, from the Catholic pulpit, to millions of legal murders. </p> <p>I came up with the following ground rules for this honest, non-adversarial conversation. First, let's rule a few things out. The conversation we need is not about the legality of abortion. That is undisputed because we know - as the film Vera Drake reminded us - that making abortion illegal doesn't stop it happening: it simply makes it desperate and extremely dangerous. </p> <p>Nor is it about time limits, whether abortions can be performed after 20 or 22 weeks. Only 1%-1.6% of all abortions happen after 20 weeks, and that figure has been stable for many years. The number after 24 weeks has varied between 60 and 101 in the past two decades. These are tiny figures compared with the total of 181,600 abortions in 2003. </p> <p>It is that last whopping figure that we need to talk about. How is it that one in three women aged between 16 and 45 in Britain will have an abortion? Many would argue - even from a pro-choice position - that every abortion is a tragedy. If you accept the broad consensus that at the very least abortion is a pretty awful experience for any woman, and that in some cases it is traumatic, how can we tolerate without comment that it is so widespread? </p> <p>It was not what those who framed the 1968 act imagined. In the first full year after that legislation there were 49,829 abortions. Since then the number has more than quadrupled, while the birth rate has slowly declined. The figures are heading towards one in four of all conceptions ending in abortion. It has become part and parcel of many women's reproductive history. </p> <p>The optimism of the 60s was based on the belief that, with increasing sex education and the recent breakthroughs in contraception, abortion would only be necessary as a last resort, but that optimism has proved entirely misplaced. Abortion - with all its emotional turmoil - has become a matter of course. </p> <p>However, traces of that 60s optimism are still discernible. Discussion of the prevalence of abortion often prompts more calls for better sex education. But even a cursory examination of the statistics shows that such suggestions are pretty irrelevant: the vast majority of abortions (79%) are not among naive teenagers but women in their 20s, 30s and 40s. We are told that this is the most sexually frank, experienced and knowledgeable generation ever. It's hard to imagine a sex-education programme that could reach women in the 25- to 34-year-old age group where the abortion rate peaks, let alone tell them something they don't already know. </p> <p>The fact is, as Ann Furedi points out in a research paper on the Pro-Choice Forum website, that women today are at more risk of an unplanned pregnancy than their mothers or grandmothers. Women are having sex younger, having more partners and choosing to start families later. But that's only part of Furedi's explanation for the prevalence of unplanned pregnancies. The other part is far more controversial: despite the huge development of contraception, it has spectacularly failed to break the link between sex and reproduction that tyrannised our grandmothers' lives. </p> <p>She cites research which indicates that there are as many as 500,000 unplanned conceptions a year. Many women whose pregnancies go to term say the baby was not planned. She attributes this partly to the technology failing - split condoms - but partly it is human fallibility in just not using it right - forgetting pills etc. Partly it is a failure to use any contraception at all, which is still common, as any frank conversation among women reveals. One friend reflected on her past experiences of unprotected sex as \"tantamount to a form of self-harm, a failure to take responsibility for myself - and usually it was because I was drunk\". </p> <p>The rise in binge drinking, particularly by women, and the increase in the use of recreational drugs have no doubt contributed to the rise in abortion. But there's a bigger issue here: the promise of sex totally free of reproductive consequences is a myth that has served men better than women, who are left to deal with the resulting trauma. </p> <p>So what's the answer? Well, \"less sex\" is hardly a great rallying cry for a generation in search of a new deal. Perhaps \"better sex\" is a more promising alternative. Women should not just have higher expectations of sexual pleasure than their grandmothers but should also look after themselves better. They should apply L'Oreal's famous slogan - \"Because I'm worth it\" - to more than just their orgasms. Our sexual culture, which promotes pleasure over responsibility, has cruelly ignored the reproductive capability of women's bodies. If the link between sex and reproduction was honestly acknowledged instead of wishfully ignored, it might inspire women (and some men) to manage it with the kind of care required - and thus demonstrate more respect for their own bodies. </p> <p>If only a fraction of the attention lavished on the appearance of women's bodies (skin, weight etc) was switched to caring for how these bodies nurture life, it could prevent much heartache. We should insist that our sexual pleasure is not bought at the price of the anguish of 181,600 women every year. </p> <p><a href=\"mailto:m.bunting@theguardian.com\">m.bunting@theguardian.com</a></p>",
      "newspaperPageNumber": "17",
      "wordcount": "1220",
      "commentable": "false",
      "isPremoderated": "false",
      "lastModified": "2017-05-08T06:24:09Z",
      "newspaperEditionDate": "2005-04-11T00:00:00Z",
      "productionOffice": "UK",
      "publication": "theguardian.com",
      "shortUrl": "https://gu.com/p/x3ah3",
      "shouldHideAdverts": "false",
      "showInRelatedContent": "true",
      "legallySensitive": "false",
      "lang": "en",
      "bodyText": "It was the debate that didn't happen. The abortion issue reared its head for a brief moment in the phoney pre-election period, prompting horror and outrage at the prospect of American political religiosity in the UK, before it was swiftly buried by nervous, evasive politicians. The politicians were right - there is no evidence, apart from the strenuous efforts of a small minority, that the British public want a big row about abortion. The British have achieved a very typical kind of pragmatic settlement on the issue: legalised abortion is the lesser evil. They don't want to return to women dying in backstreet abortions - but it's not an issue they want to talk or think about. Abortion remains, as Ann Furedi of the British Pregnancy Advisory Service points out, one of Britain's last taboos. It was a relief that abortion wasn't going to feature prominently in the election. I don't like the way this issue gets polarised into an uncompromising rigidity by the pro-choice and the pro-life lobbies. The politicians have to pick their way through the bitterly emotive battlefield and end up with the kind of fudge we saw last month when, challenged by Cosmopolitan, Charles Kennedy said he \"didn't know\" and Tony Blair said he was personally \"uneasy\" about abortion. But mixed with that relief is a wish that somewhere it might be possible to have a more honest, less adversarial conversation about abortion. That it might be possible to talk about the uncertainty, confusion and unease provoked by this issue without promptly being recruited to one camp of believers or the other, and without attracting a deafening torrent of abuse, so that the only option is to retreat below the parapet again and become complicit in that taboo. Crucially, that it might be possible to talk of abortion without using the uncompromising absolutes employed by both sides - the language of a \"fundamental right to have children by choice not chance\" is as nonsensical to me as references, from the Catholic pulpit, to millions of legal murders. I came up with the following ground rules for this honest, non-adversarial conversation. First, let's rule a few things out. The conversation we need is not about the legality of abortion. That is undisputed because we know - as the film Vera Drake reminded us - that making abortion illegal doesn't stop it happening: it simply makes it desperate and extremely dangerous. Nor is it about time limits, whether abortions can be performed after 20 or 22 weeks. Only 1%-1.6% of all abortions happen after 20 weeks, and that figure has been stable for many years. The number after 24 weeks has varied between 60 and 101 in the past two decades. These are tiny figures compared with the total of 181,600 abortions in 2003. It is that last whopping figure that we need to talk about. How is it that one in three women aged between 16 and 45 in Britain will have an abortion? Many would argue - even from a pro-choice position - that every abortion is a tragedy. If you accept the broad consensus that at the very least abortion is a pretty awful experience for any woman, and that in some cases it is traumatic, how can we tolerate without comment that it is so widespread? It was not what those who framed the 1968 act imagined. In the first full year after that legislation there were 49,829 abortions. Since then the number has more than quadrupled, while the birth rate has slowly declined. The figures are heading towards one in four of all conceptions ending in abortion. It has become part and parcel of many women's reproductive history. The optimism of the 60s was based on the belief that, with increasing sex education and the recent breakthroughs in contraception, abortion would only be necessary as a last resort, but that optimism has proved entirely misplaced. Abortion - with all its emotional turmoil - has become a matter of course. However, traces of that 60s optimism are still discernible. Discussion of the prevalence of abortion often prompts more calls for better sex education. But even a cursory examination of the statistics shows that such suggestions are pretty irrelevant: the vast majority of abortions (79%) are not among naive teenagers but women in their 20s, 30s and 40s. We are told that this is the most sexually frank, experienced and knowledgeable generation ever. It's hard to imagine a sex-education programme that could reach women in the 25- to 34-year-old age group where the abortion rate peaks, let alone tell them something they don't already know. The fact is, as Ann Furedi points out in a research paper on the Pro-Choice Forum website, that women today are at more risk of an unplanned pregnancy than their mothers or grandmothers. Women are having sex younger, having more partners and choosing to start families later. But that's only part of Furedi's explanation for the prevalence of unplanned pregnancies. The other part is far more controversial: despite the huge development of contraception, it has spectacularly failed to break the link between sex and reproduction that tyrannised our grandmothers' lives. She cites research which indicates that there are as many as 500,000 unplanned conceptions a year. Many women whose pregnancies go to term say the baby was not planned. She attributes this partly to the technology failing - split condoms - but partly it is human fallibility in just not using it right - forgetting pills etc. Partly it is a failure to use any contraception at all, which is still common, as any frank conversation among women reveals. One friend reflected on her past experiences of unprotected sex as \"tantamount to a form of self-harm, a failure to take responsibility for myself - and usually it was because I was drunk\". The rise in binge drinking, particularly by women, and the increase in the use of recreational drugs have no doubt contributed to the rise in abortion. But there's a bigger issue here: the promise of sex totally free of reproductive consequences is a myth that has served men better than women, who are left to deal with the resulting trauma. So what's the answer? Well, \"less sex\" is hardly a great rallying cry for a generation in search of a new deal. Perhaps \"better sex\" is a more promising alternative. Women should not just have higher expectations of sexual pleasure than their grandmothers but should also look after themselves better. They should apply L'Oreal's famous slogan - \"Because I'm worth it\" - to more than just their orgasms. Our sexual culture, which promotes pleasure over responsibility, has cruelly ignored the reproductive capability of women's bodies. If the link between sex and reproduction was honestly acknowledged instead of wishfully ignored, it might inspire women (and some men) to manage it with the kind of care required - and thus demonstrate more respect for their own bodies. If only a fraction of the attention lavished on the appearance of women's bodies (skin, weight etc) was switched to caring for how these bodies nurture life, it could prevent much heartache. We should insist that our sexual pleasure is not bought at the price of the anguish of 181,600 women every year. m.bunting@theguardian.com",
      "charCount": "7185"
    },
    "isHosted": false,
    "pillarId": "pillar/news",
    "pillarName": "News"
  }
]