[
  {
    "id": "politics/2005/apr/05/uk.past",
    "type": "article",
    "sectionId": "politics",
    "sectionName": "Politics",
    "webPublicationDate": "2005-04-04T23:12:06Z",
    "webTitle": "Blair leads tributes to Callaghan",
    "webUrl": "https://www.theguardian.com/politics/2005/apr/05/uk.past",
    "apiUrl": "https://content.guardianapis.com/politics/2005/apr/05/uk.past",
    "fields": {
      "headline": "Blair leads tributes to Callaghan",
      "trailText": "Lord Callaghan, the only British politician to hold all four of the great offices of state, was praised by MPs and peers yesterday for his statesmanship and kindness.",
      "byline": "Michael White, political editor",
      "main": "",
      "body": "Lord Callaghan of Cardiff, the only British politician to hold all four of the great offices of state, including three years as prime minister, was praised by MPs and peers yesterday for his statesmanship and his unassuming kindness. <p>Younger MPs were reminded that his achievements included the introduction of the cat's eye and the zebra cross ing on Britain's roads, when he was a junior transport minister in the 1940s. </p> <p>Tam Dalyell, the Father of the Commons, and Jack Cunningham made emotional speeches, with Mr Dalyell wryly observing that despite Lord Callaghan's many excellent qualities the nickname \"Sunny Jim\" was not an accurate one. </p> <p>Dr Cunningham called him \"a great man\", and Sir Peter Tapsell, a Tory veteran of 10 prime ministers, said Callaghan had been the best at dealing with question time.</p> <p>Tony Blair was not born when the then James Callaghan became a minister under Clement Attlee and was not yet an MP when he retired as leader in 1980. Yesterday he led the tributes to the last Labour politician to be prime minister, defeated by Margaret Thatcher in 1979 and who died last week at 92. Speaking of his decency, honesty, loyalty, patriotism and integrity, Mr Blair said he had often sought his advice.</p> <p>Acknowledging the difficulties he had faced after taking over from Harold Wilson in 1976 - oil price rises, inflation and industrial militancy - he said: \"If he had been given time, Jim Callaghan would have made not just a good prime minister, but a great one.\"</p>",
      "newspaperPageNumber": "7",
      "wordcount": "253",
      "commentable": "false",
      "isPremoderated": "false",
      "lastModified": "2017-05-08T06:25:17Z",
      "newspaperEditionDate": "2005-04-05T00:00:00Z",
      "productionOffice": "UK",
      "publication": "theguardian.com",
      "shortUrl": "https://gu.com/p/gzne",
      "shouldHideAdverts": "false",
      "showInRelatedContent": "true",
      "legallySensitive": "false",
      "lang": "en",
      "bodyText": "Lord Callaghan of Cardiff, the only British politician to hold all four of the great offices of state, including three years as prime minister, was praised by MPs and peers yesterday for his statesmanship and his unassuming kindness. Younger MPs were reminded that his achievements included the introduction of the cat's eye and the zebra cross ing on Britain's roads, when he was a junior transport minister in the 1940s. Tam Dalyell, the Father of the Commons, and Jack Cunningham made emotional speeches, with Mr Dalyell wryly observing that despite Lord Callaghan's many excellent qualities the nickname \"Sunny Jim\" was not an accurate one. Dr Cunningham called him \"a great man\", and Sir Peter Tapsell, a Tory veteran of 10 prime ministers, said Callaghan had been the best at dealing with question time. Tony Blair was not born when the then James Callaghan became a minister under Clement Attlee and was not yet an MP when he retired as leader in 1980. Yesterday he led the tributes to the last Labour politician to be prime minister, defeated by Margaret Thatcher in 1979 and who died last week at 92. Speaking of his decency, honesty, loyalty, patriotism and integrity, Mr Blair said he had often sought his advice. Acknowledging the difficulties he had faced after taking over from Harold Wilson in 1976 - oil price rises, inflation and industrial militancy - he said: \"If he had been given time, Jim Callaghan would have made not just a good prime minister, but a great one.\"",
      "charCount": "1486"
    },
    "isHosted": false,
    "pillarId": "pillar/news",
    "pillarName": "News"
  },
  {
    "id": "business/2005/apr/05/oilandpetrol.theairlineindustry",
    "type": "article",
    "sectionId": "business",
    "sectionName": "Business",
    "webPublicationDate": "2005-04-04T23:01:16Z",
    "webTitle": "Fuel costs 'will push airlines to financial disaster'",
    "webUrl": "https://www.theguardian.com/business/2005/apr/05/oilandpetrol.theairlineindustry",
    "apiUrl": "https://content.guardianapis.com/business/2005/apr/05/oilandpetrol.theairlineindustry",
    "fields": {
      "headline": "Fuel costs 'will push airlines to financial disaster'",
      "trailText": "<p>Soaring oil prices will leave the world's airlines nursing a loss of $5.5bn (\u00a32.9bn) this year according to the industry body Iata, which admitted yesterday that aviation is \"a financial disaster\" in many countries. </p>",
      "byline": "Andrew Clark",
      "main": "",
      "body": "<p>Soaring oil prices will leave the world's airlines nursing a loss of $5.5bn (\u00a32.9bn) this year according to the industry body Iata, which admitted yesterday that aviation is \"a financial disaster\" in many countries. </p> <p>Iata said airlines were likely to spend $76bn on jet fuel this year, compared with $63bn in 2004 and $44bn in 2003. </p> <p>It predicted that the struggling air transport industry's losses would reach $40bn over a five-year period. </p> <p>Speaking at a conference in New York, Iata's director general Giovanni Bisignani said: \"We have lost our balance as an industry. Change is critical.\" </p> <p>Iata has issued a plea to governments for deregulation to make it easier for international airlines to merge with each other and to introduce competition for \"monopoly\" airport operators and air traffic control services. </p> <p>The organisation claims it is taxed unfairly - Mr Bisignani cited fiscal measures in the US, where the average tax on a $200 airline ticket rose from 7% in 1972 to 26% in 2004. </p> <p>\"Air transport is fragmented, constrained and, as a result, a financial disaster in many places,\" said Mr Bisignani. \"The livelihood of 28 million people in aviation and aviation-related activities and $1.8 trillion of economic activity are at stake. </p> <p>\"Governments must act quickly in areas that are their responsibility and then get out of the way. We need to get on with business.\" </p> <p>Critics of the industry reacted sceptically. Richard Dyer of Friends of the Earth, which is campaigning for higher taxation of air travel, said: \"It beggars belief that the highly polluting airline industry is asking for yet more tax breaks on top of the tax-free fuel it already enjoys.\"</p>",
      "newspaperPageNumber": "14",
      "wordcount": "277",
      "commentable": "false",
      "isPremoderated": "false",
      "lastModified": "2017-06-06T01:32:04Z",
      "newspaperEditionDate": "2005-04-05T00:00:00Z",
      "productionOffice": "UK",
      "publication": "theguardian.com",
      "shortUrl": "https://gu.com/p/d393",
      "shouldHideAdverts": "false",
      "showInRelatedContent": "true",
      "legallySensitive": "false",
      "lang": "en",
      "bodyText": "Soaring oil prices will leave the world's airlines nursing a loss of $5.5bn (\u00a32.9bn) this year according to the industry body Iata, which admitted yesterday that aviation is \"a financial disaster\" in many countries. Iata said airlines were likely to spend $76bn on jet fuel this year, compared with $63bn in 2004 and $44bn in 2003. It predicted that the struggling air transport industry's losses would reach $40bn over a five-year period. Speaking at a conference in New York, Iata's director general Giovanni Bisignani said: \"We have lost our balance as an industry. Change is critical.\" Iata has issued a plea to governments for deregulation to make it easier for international airlines to merge with each other and to introduce competition for \"monopoly\" airport operators and air traffic control services. The organisation claims it is taxed unfairly - Mr Bisignani cited fiscal measures in the US, where the average tax on a $200 airline ticket rose from 7% in 1972 to 26% in 2004. \"Air transport is fragmented, constrained and, as a result, a financial disaster in many places,\" said Mr Bisignani. \"The livelihood of 28 million people in aviation and aviation-related activities and $1.8 trillion of economic activity are at stake. \"Governments must act quickly in areas that are their responsibility and then get out of the way. We need to get on with business.\" Critics of the industry reacted sceptically. Richard Dyer of Friends of the Earth, which is campaigning for higher taxation of air travel, said: \"It beggars belief that the highly polluting airline industry is asking for yet more tax breaks on top of the tax-free fuel it already enjoys.\"",
      "charCount": "1659"
    },
    "isHosted": false,
    "pillarId": "pillar/news",
    "pillarName": "News"
  },
  {
    "id": "business/2005/apr/05/oilandpetrol.news",
    "type": "article",
    "sectionId": "business",
    "sectionName": "Business",
    "webPublicationDate": "2005-04-04T23:01:15Z",
    "webTitle": "BP on target to beat last year's \u00a38.7bn record profit",
    "webUrl": "https://www.theguardian.com/business/2005/apr/05/oilandpetrol.news",
    "apiUrl": "https://content.guardianapis.com/business/2005/apr/05/oilandpetrol.news",
    "fields": {
      "headline": "BP on target to beat last year's \u00a38.7bn record profit",
      "trailText": "<p>BP is on track for more record profits as its production increased while crude prices soared during the first quarter. Oil a fresh high yesterday at $58.28 a barrel in New York. </p>",
      "byline": "Terry Macalister",
      "main": "",
      "body": "<p>BP is on track for more record profits as its production increased while crude prices soared during the first quarter. Oil a fresh high yesterday at $58.28 a barrel in New York. </p> <p>Britain's biggest company raised output from 4m to 4.1m barrels of oil equivalents a day in the three months to March 31 putting it on track to meet its 2005 target. </p> <p>In London Brent crude prices also hit a record yesterday at $57.65 before settling down on the day at $56.23. In the first quarter of 2004 prices were about $32 a barrel. However, BP's refining and marketing margins fell year on year for a variety of reasons. </p> <p>The \"upstream\" benefits to BP should easily outweigh the \"downstream\" negatives putting the world's second largest-quoted oil group in line to beat last year's profits of \u00a38.7bn, which triggered calls on the chancellor for a windfall tax to be imposed. </p> <p>Shares in BP rose almost 1.5% to 560p but were driven mainly by the more-than $1 a barrel rise in the global May crude futures price in New York. </p> <p>Worries about tightening gasoline supplies continued to power an oil market which is nervous over falling inventories of petroleum products and refinery problems in the US and Venezuela. </p> <p>Opec president sheikh Ahmad Fahad Al-Ahmad Al-Sabah said he had initiated talks with other members of the energy cartel about increasing production by 500,000 barrels to a record 27.5m barrels a day. </p> <p>But analysts say the world needs more low sulphur, sweet crude of the kind produced in the North Sea or West Africa and not the heavier oils which Opec is promising to bring on stream in the Middle East. </p> <p>The market has also been spooked by analysts at Goldman Sachs speculating recently that prices could reach $105 a barrel but most industry experts believe the fundamentals do not justify even existing levels. </p> <p>Motorists are angry about the high petrol forecourt prices they have to pay and new record profits are likely to bring further calls for higher taxation, which have so far been ignored by the Treasury. </p> <p>Meanwhile investors are benefiting as BP has already bought back $2bn worth of shares since the start of the year and this trend is expected to continue. </p> <p>Bruce Evers, an analyst with Investec Securities, said there was plenty of production growth to come from BP with fields coming on stream in the last quarter of 2005. </p> <p>\"Upstream results so far are very much in line with expectations while downstream are a touch disappointing,\" he said, saying global crude price peaks suggested there was a \"whiff of panic in the air\".</p>",
      "newspaperPageNumber": "14",
      "wordcount": "444",
      "commentable": "false",
      "isPremoderated": "false",
      "lastModified": "2005-04-04T23:01:15Z",
      "newspaperEditionDate": "2005-04-05T00:00:00Z",
      "productionOffice": "UK",
      "publication": "theguardian.com",
      "shortUrl": "https://gu.com/p/djzx",
      "shouldHideAdverts": "false",
      "showInRelatedContent": "true",
      "legallySensitive": "false",
      "lang": "en",
      "bodyText": "BP is on track for more record profits as its production increased while crude prices soared during the first quarter. Oil a fresh high yesterday at $58.28 a barrel in New York. Britain's biggest company raised output from 4m to 4.1m barrels of oil equivalents a day in the three months to March 31 putting it on track to meet its 2005 target. In London Brent crude prices also hit a record yesterday at $57.65 before settling down on the day at $56.23. In the first quarter of 2004 prices were about $32 a barrel. However, BP's refining and marketing margins fell year on year for a variety of reasons. The \"upstream\" benefits to BP should easily outweigh the \"downstream\" negatives putting the world's second largest-quoted oil group in line to beat last year's profits of \u00a38.7bn, which triggered calls on the chancellor for a windfall tax to be imposed. Shares in BP rose almost 1.5% to 560p but were driven mainly by the more-than $1 a barrel rise in the global May crude futures price in New York. Worries about tightening gasoline supplies continued to power an oil market which is nervous over falling inventories of petroleum products and refinery problems in the US and Venezuela. Opec president sheikh Ahmad Fahad Al-Ahmad Al-Sabah said he had initiated talks with other members of the energy cartel about increasing production by 500,000 barrels to a record 27.5m barrels a day. But analysts say the world needs more low sulphur, sweet crude of the kind produced in the North Sea or West Africa and not the heavier oils which Opec is promising to bring on stream in the Middle East. The market has also been spooked by analysts at Goldman Sachs speculating recently that prices could reach $105 a barrel but most industry experts believe the fundamentals do not justify even existing levels. Motorists are angry about the high petrol forecourt prices they have to pay and new record profits are likely to bring further calls for higher taxation, which have so far been ignored by the Treasury. Meanwhile investors are benefiting as BP has already bought back $2bn worth of shares since the start of the year and this trend is expected to continue. Bruce Evers, an analyst with Investec Securities, said there was plenty of production growth to come from BP with fields coming on stream in the last quarter of 2005. \"Upstream results so far are very much in line with expectations while downstream are a touch disappointing,\" he said, saying global crude price peaks suggested there was a \"whiff of panic in the air\".",
      "charCount": "2527"
    },
    "isHosted": false,
    "pillarId": "pillar/news",
    "pillarName": "News"
  },
  {
    "id": "business/2005/apr/05/1",
    "type": "article",
    "sectionId": "business",
    "sectionName": "Business",
    "webPublicationDate": "2005-04-04T23:00:28Z",
    "webTitle": "Notebook: Heat is on the Longbridge directors",
    "webUrl": "https://www.theguardian.com/business/2005/apr/05/1",
    "apiUrl": "https://content.guardianapis.com/business/2005/apr/05/1",
    "fields": {
      "headline": "Heat is on the Longbridge directors",
      "standfirst": "Phoenix goodwill was lost years ago",
      "trailText": "<p>Phoenix goodwill was lost years ago.</p>",
      "main": "",
      "body": "<p>You can hear it now: \"The government is extremely saddened by the demise of the MG Rover Group. The Department of Trade and Industry, with the full support of the prime minister, the chancellor and the Department of Work and Pensions, worked ceaselessly in recent weeks to ensure the future of the Longbridge plant. </p> <p>\"Efforts to broker a deal with Shanghai Automotive Industry Corporation, which included an offer of substantial financial support, have now failed, however. It is therefore with considerable disappointment that the government learned this afternoon that administrators have been appointed to the MG Rover Group.\" </p> <p>We're not there yet but the news from Shanghai is gloomy in the extreme. Whitehall sources (who, it should be said, have been spot-on so far) say the talks have stalled. Some DTI officials remain in Shanghai but the line is that it is now down to the management of MG Rover to secure the rescue of Phoenix Venture Holdings, their parent company. </p> <p>As for the Chinese: well, they reckon the British government still has a role to play - in other words, they think the DTI's mooted \u00a3100m loan to Rover is now absolutely central to any deal. </p> <p>Almost the only people not admitting there is a crisis are the chaps at Rover. Don't read anything into that, though: a week ago, the company was insisting it was just a matter of signing a few legal documents. That has been shown to be complete rubbish. </p> <p>Instead, Rover's future is being determined almost in public. If a deal happens, the government will claim credit. If it doesn't, and if 6,000 Longbridge jobs are lost, Tony Blair wants to be able to point to the loan that was on the table and the civil servants who flew to the other side of the world to try to save a private firm. </p> <p>In other words, the heat is firmly on Rover's cash-grabbing directors. And, frankly, they are a perfect target - they squandered all their goodwill years ago. </p> <p><strong> Opec loses the plot </strong><br> </p> <p> The price of oil could hit $100 a barrel within two years. This prediction was not made by some blue-sky thinktank in search of publicity; it came in a sober 30-page piece of research by Goldman Sachs' analysts in New York last week. </p> <p>What's more, the market seems to be taking the notion seriously. The price has risen $3 since Goldman's warning, and was yesterday holding firm above $57, despite semi-promises from Opec to increase production once again. </p> <p>To be fair to Goldman, $100 (or $105 for a barrel of West Texas intermediate) is the top-end of its \"super-spike\" range, but its argument is built on fact: demand for oil is still surprisingly strong. </p> <p>In the old days, the idea that prices of $40-$50 could be sustained for a year without doing major damage to global growth would have seemed implausible. But it's pretty much what has happened: American drivers and Chinese industrialists - two of the most important groups of oil consumers - have carried on as if nothing has happened. </p> <p>The Goldman argument is that very high prices may be needed to cut consumption and create a cushion of capacity so lower prices can return. </p> <p>There are several counter-arguments to all this, such as US stocks of crude rising in recent weeks. But the largely unwritten story of the last year is the complete failure of Opec to manage down the price. </p> <p>Yesterday, the cartel was talking about a 500,000 barrel-a-day increase, and the market was again in no mood to listen. As noted before, every day spent above $50 lends weight to the view that something serious and structural has happened to oil beyond Opec's control. </p> <p>That doesn't mean $100 is inevitable, or even likely, but nor is it totally absurd. </p> <p><strong> Nuclear winter </strong><br> </p> <p> AEA has had more profit warnings in its eight-year history as a quoted company than most expect in 80. </p> <p>Perhaps civil servants and scientists do not make the best entrepreneurs: selling off expertise in nuclear energy just before a range of decommissioning work is privatised looks crass. Giving money back to shareholders and then running into what some interpret as a cash squeeze appears foolhardy. </p> <p>The former state-owned business - spun out of the Atomic Energy Authority - has also had some bad luck - such as throwing itself into the rail maintenance business just before Network Rail came in and then having to watch as the gravy train for contractors was derailed. </p> <p>Last month AEA revealed it had hit some turbulence but was basically in good shape. Yesterday, however, the story changed to a more depressing one leading to the exit of the chairman and chief executive, Peter Watson. </p> <p>But what was the new chief executive, Andrew McCree, doing as managing director? Is this man - whose only experience prior to 13 years at AEA was with BP's exploration arm - the heavy-hitter needed to dig AEA out of its hole? Equally, the new chairman, Bernard Bulkin, is primarily a smart academic. </p> <p>With a \u00a360m debt mountain and a \u00a3120m pension hole, AEA needs some of the sharpest commercial minds. </p> <p>In the short term, 200 staff are paying the price of management failure. But just how safe are the jobs of the other 2,000 or so employees?</p>",
      "newspaperPageNumber": "15",
      "wordcount": "886",
      "commentable": "false",
      "isPremoderated": "false",
      "lastModified": "2005-04-04T23:00:28Z",
      "newspaperEditionDate": "2005-04-05T00:00:00Z",
      "productionOffice": "UK",
      "publication": "theguardian.com",
      "shortUrl": "https://gu.com/p/8n3z",
      "shouldHideAdverts": "false",
      "showInRelatedContent": "true",
      "legallySensitive": "false",
      "lang": "en",
      "bodyText": "You can hear it now: \"The government is extremely saddened by the demise of the MG Rover Group. The Department of Trade and Industry, with the full support of the prime minister, the chancellor and the Department of Work and Pensions, worked ceaselessly in recent weeks to ensure the future of the Longbridge plant. \"Efforts to broker a deal with Shanghai Automotive Industry Corporation, which included an offer of substantial financial support, have now failed, however. It is therefore with considerable disappointment that the government learned this afternoon that administrators have been appointed to the MG Rover Group.\" We're not there yet but the news from Shanghai is gloomy in the extreme. Whitehall sources (who, it should be said, have been spot-on so far) say the talks have stalled. Some DTI officials remain in Shanghai but the line is that it is now down to the management of MG Rover to secure the rescue of Phoenix Venture Holdings, their parent company. As for the Chinese: well, they reckon the British government still has a role to play - in other words, they think the DTI's mooted \u00a3100m loan to Rover is now absolutely central to any deal. Almost the only people not admitting there is a crisis are the chaps at Rover. Don't read anything into that, though: a week ago, the company was insisting it was just a matter of signing a few legal documents. That has been shown to be complete rubbish. Instead, Rover's future is being determined almost in public. If a deal happens, the government will claim credit. If it doesn't, and if 6,000 Longbridge jobs are lost, Tony Blair wants to be able to point to the loan that was on the table and the civil servants who flew to the other side of the world to try to save a private firm. In other words, the heat is firmly on Rover's cash-grabbing directors. And, frankly, they are a perfect target - they squandered all their goodwill years ago. Opec loses the plot The price of oil could hit $100 a barrel within two years. This prediction was not made by some blue-sky thinktank in search of publicity; it came in a sober 30-page piece of research by Goldman Sachs' analysts in New York last week. What's more, the market seems to be taking the notion seriously. The price has risen $3 since Goldman's warning, and was yesterday holding firm above $57, despite semi-promises from Opec to increase production once again. To be fair to Goldman, $100 (or $105 for a barrel of West Texas intermediate) is the top-end of its \"super-spike\" range, but its argument is built on fact: demand for oil is still surprisingly strong. In the old days, the idea that prices of $40-$50 could be sustained for a year without doing major damage to global growth would have seemed implausible. But it's pretty much what has happened: American drivers and Chinese industrialists - two of the most important groups of oil consumers - have carried on as if nothing has happened. The Goldman argument is that very high prices may be needed to cut consumption and create a cushion of capacity so lower prices can return. There are several counter-arguments to all this, such as US stocks of crude rising in recent weeks. But the largely unwritten story of the last year is the complete failure of Opec to manage down the price. Yesterday, the cartel was talking about a 500,000 barrel-a-day increase, and the market was again in no mood to listen. As noted before, every day spent above $50 lends weight to the view that something serious and structural has happened to oil beyond Opec's control. That doesn't mean $100 is inevitable, or even likely, but nor is it totally absurd. Nuclear winter AEA has had more profit warnings in its eight-year history as a quoted company than most expect in 80. Perhaps civil servants and scientists do not make the best entrepreneurs: selling off expertise in nuclear energy just before a range of decommissioning work is privatised looks crass. Giving money back to shareholders and then running into what some interpret as a cash squeeze appears foolhardy. The former state-owned business - spun out of the Atomic Energy Authority - has also had some bad luck - such as throwing itself into the rail maintenance business just before Network Rail came in and then having to watch as the gravy train for contractors was derailed. Last month AEA revealed it had hit some turbulence but was basically in good shape. Yesterday, however, the story changed to a more depressing one leading to the exit of the chairman and chief executive, Peter Watson. But what was the new chief executive, Andrew McCree, doing as managing director? Is this man - whose only experience prior to 13 years at AEA was with BP's exploration arm - the heavy-hitter needed to dig AEA out of its hole? Equally, the new chairman, Bernard Bulkin, is primarily a smart academic. With a \u00a360m debt mountain and a \u00a3120m pension hole, AEA needs some of the sharpest commercial minds. In the short term, 200 staff are paying the price of management failure. But just how safe are the jobs of the other 2,000 or so employees?",
      "charCount": "5072"
    },
    "isHosted": false,
    "pillarId": "pillar/news",
    "pillarName": "News"
  },
  {
    "id": "politics/2005/apr/04/electionspast.past4",
    "type": "article",
    "sectionId": "politics",
    "sectionName": "Politics",
    "webPublicationDate": "2005-04-04T15:44:57Z",
    "webTitle": "Snatching a moment with Maggie",
    "webUrl": "https://www.theguardian.com/politics/2005/apr/04/electionspast.past4",
    "apiUrl": "https://content.guardianapis.com/politics/2005/apr/04/electionspast.past4",
    "fields": {
      "headline": "Snatching a moment with Maggie",
      "standfirst": "The Guardian's political editor Michael White, then a junior political reporter, recalls how a shrill suburban woman made it to No 10.",
      "trailText": "The Guardian's political editor <b>Michael White</b>, then a junior political reporter, recalls how a shrill suburban woman made it to No 10.",
      "byline": "Michael White",
      "main": "<figure class=\"element element-image\" data-media-id=\"gu-image-331629523\"> <img src=\"http://static.guim.co.uk/sys-images/Politics/Pix/pictures/2005/04/03/thatcher_PA_1979_256.jpg\" alt=\"Margaret Thatcher, 1979 election\" width=\"128\" height=\"256\" class=\"gu-image\" /> <figcaption> <span class=\"element-image__caption\">Margaret Thatcher at the Conservative local government conference, March 1979. Photo: PA</span> </figcaption> </figure>",
      "body": "Did we really understand that we were watching the emergence of a major political force as we travelled around Britain with Margaret Thatcher by bus, helicopter, plane and (only once) train in April and early May 1979 ? Yes and no. <p>By the time Jim Callaghan's minority Labour government had battled its way, bravely but disastrously, through a season of strikes and disruption that had already become known as the Winter of Discontent, it was clear that only a major personal gaffe could prevent Mrs Thatcher from becoming the country's first woman prime minister.</p> <p>There was never any danger of that happening, although Labour campaign strategists ran a long campaign in the forlorn hope that the \"Milk Snatcher\" turned \"Iron Lady\" would drop her guard and say something seriously daft one night in Birmingham or Dartford, Kent where - as I recall - teenage pupils at one school turned out wearing what appeared to be woad.</p> <p>It only served to heighten the sense of unreality around the campaign in which I, as a junior member of Ian Aitken's political staff at the Guardian, had been deputed to follow the leader of the opposition as she dashed everywhere in a style that would soon become very famous.</p> <p>There was me, Channel 4's Elinor Goodman - then still at the FT - Ann Leslie, from the Mail, and a clutch of chums on the second plane. We called it the decoy plane, because rumour had it that the IRA had obtained a SAM-7 missile to shoot down this hawkish unionist whom they (correctly) sensed would be a serious enemy.</p> <p>We laughed a lot, because it wasn't funny. Two days after Callaghan's government fell by one vote in a Commons no confidence motion (the first such direct defeat since 1841) Mrs Thatcher's confidante and the 1975 leadership campaign manager, Airey Neave MP, had been blown up in his car as it emerged from the Commons car park. An IRA splinter group was behind it.</p> <p>It all happened against a background of social and economic disorder and political strife, global as well as British. This was the age of neo-Nazis and plotting colonels in the home counties, of Opec oil price hikes and flying pickets. Whitehall's mandarin class saw it as Britain's elegantly managed but terminal decline.</p> <p>Mrs T conducted the campaign on what I later discovered were techniques borrowed from the US Republicans - scripted speeches, town centre walkabouts and beautiful photo opportunities in plenty of time for the TV news. \"Telly with the sound turned off,\" I remember calling it.</p> <p>It worked, of course. Mr Callaghan later said he knew the tide had gone out on Labour's postwar consensual form of government, its increasingly difficult \"social contract\" with the unions which the TUC general council had rashly voted against when it rejected No 10's 5% pay guidelines for 1978-9. By the time Mrs Thatcher had finished with them a decade later, their power - and membership - had been slashed.</p> <p>But she took no chances in the campaign. Personally unpopular, a shrill suburban woman - a woman in No 10, for heaven's sake! - with alarmingly rightwing credentials, she knew what a risk she represented. Condescending males who served in Ted Heath's cabinet with her explained privately that they would tame her in office and cure her of her free market ideology. It was a Tory party HQ official who tipped me off that some Thatcherites wanted to denationalise the coal mines. \"Privatisation\" had not yet been invented. Nor would it be, moderate Tories predicted. Fat chance: she ran rings around them.</p> <p>But that came later. At this stage, she was learning how to lower her voice to a huskier level, ditching the florid hats, and avoiding provocation. Two respectful paces behind her, Denis Thatcher, was reinventing himself as a respectful and loyal spouse, limiting his gin intake and wary of the \"reptiles\" (us). In the Midlands, I once saw him playing truant from one of Mrs Thatcher's speeches by slipping into the local branch of Halfords bike shop. He was a main board director.</p> <p>At Cadbury's, in south Birmingham, we watched her stuffing chocolates into their boxes faster than the girls on the production line. When the bus got stuck in mud in the Highlands and we had to push it out, she cried: \"Keep pushing until we got on to the hard stuff,\" which we took to be a reference to local single malts.</p> <p>In John Gummer's Suffolk seat, she was photographed with a pretty calf. \"If we're not careful, we'll have a dead calf on our hands,\" Denis was heard to murmur in the scrum. The Mirror rang the farm every day until polling day in case the calf expired. It didn't.</p> <p>Mrs T had become an historic inevitability - the Tories returned to power with 339 seats to Labour's 268 and 11 for the Liberals, a majority of 44 which she would triple after the Falklands war in 1983. Thatcherism evolved slowly but relentlessly in tandem with Reagonomics, which the new US president would promote after 1980.</p> <p>Of the Attlee government's postwar social settlement, only the 1948 NHS defied her efforts at basic reconstruction. During the campaign we observed her resilience, her populism, her stamina and her unexpected courage. It was going to be different, we could see that. But how different! We didn't really get it.</p> <p>Nor did she. High inflation and taxes, low productivity, over-mighty unions, an apparently expansive Soviet Union ... she promised change, but prudently understated her ambitions to take on them all.</p> <p>Her last campaign rally was in Edinburgh, where she shared the platform with the chain-smoking Eurosceptic, Teddy Taylor, whose trousers were, I recall, too short when he raised his arms, linked with hers in triumphant enthusiasm. He was due to be Scottish secretary in the new cabinet, but lost his seat next day and never held office, although he is an MP to this day.</p> <p>Mrs T cut her losses and appointed someone else - the moderate smoothie, George Younger. Not for the last time, the Iron Lady's uncompromising reputation would allow her to be a pragmatic wielder of power.</p> <p>On election night in her Finchley constituency, she devoted a large chunk of her victory speech to lambasting Shirley Williams, who also lost her seat that night. The future Lib Dem peer had been a Labour cabinet minister, a child of bourgeois privilege who had appeared on a picket line.</p> <p>It was everything Maggie deplored, and she let rip. Understandably, the Guardian wasn't interested in such details on such a turbulent night. But the surprisingly personal attack stuck in my mind. Fasten your seatbelt, I told myself.</p> <p><b>\u00b7</b> Michael White is the Guardian's political editor</p>",
      "wordcount": "1121",
      "commentable": "false",
      "isPremoderated": "false",
      "lastModified": "2017-05-08T06:25:21Z",
      "newspaperEditionDate": "2005-04-04T00:00:00Z",
      "productionOffice": "UK",
      "publication": "theguardian.com",
      "shortUrl": "https://gu.com/p/hmdn",
      "shouldHideAdverts": "false",
      "showInRelatedContent": "true",
      "legallySensitive": "false",
      "lang": "en",
      "bodyText": "Did we really understand that we were watching the emergence of a major political force as we travelled around Britain with Margaret Thatcher by bus, helicopter, plane and (only once) train in April and early May 1979 ? Yes and no. By the time Jim Callaghan's minority Labour government had battled its way, bravely but disastrously, through a season of strikes and disruption that had already become known as the Winter of Discontent, it was clear that only a major personal gaffe could prevent Mrs Thatcher from becoming the country's first woman prime minister. There was never any danger of that happening, although Labour campaign strategists ran a long campaign in the forlorn hope that the \"Milk Snatcher\" turned \"Iron Lady\" would drop her guard and say something seriously daft one night in Birmingham or Dartford, Kent where - as I recall - teenage pupils at one school turned out wearing what appeared to be woad. It only served to heighten the sense of unreality around the campaign in which I, as a junior member of Ian Aitken's political staff at the Guardian, had been deputed to follow the leader of the opposition as she dashed everywhere in a style that would soon become very famous. There was me, Channel 4's Elinor Goodman - then still at the FT - Ann Leslie, from the Mail, and a clutch of chums on the second plane. We called it the decoy plane, because rumour had it that the IRA had obtained a SAM-7 missile to shoot down this hawkish unionist whom they (correctly) sensed would be a serious enemy. We laughed a lot, because it wasn't funny. Two days after Callaghan's government fell by one vote in a Commons no confidence motion (the first such direct defeat since 1841) Mrs Thatcher's confidante and the 1975 leadership campaign manager, Airey Neave MP, had been blown up in his car as it emerged from the Commons car park. An IRA splinter group was behind it. It all happened against a background of social and economic disorder and political strife, global as well as British. This was the age of neo-Nazis and plotting colonels in the home counties, of Opec oil price hikes and flying pickets. Whitehall's mandarin class saw it as Britain's elegantly managed but terminal decline. Mrs T conducted the campaign on what I later discovered were techniques borrowed from the US Republicans - scripted speeches, town centre walkabouts and beautiful photo opportunities in plenty of time for the TV news. \"Telly with the sound turned off,\" I remember calling it. It worked, of course. Mr Callaghan later said he knew the tide had gone out on Labour's postwar consensual form of government, its increasingly difficult \"social contract\" with the unions which the TUC general council had rashly voted against when it rejected No 10's 5% pay guidelines for 1978-9. By the time Mrs Thatcher had finished with them a decade later, their power - and membership - had been slashed. But she took no chances in the campaign. Personally unpopular, a shrill suburban woman - a woman in No 10, for heaven's sake! - with alarmingly rightwing credentials, she knew what a risk she represented. Condescending males who served in Ted Heath's cabinet with her explained privately that they would tame her in office and cure her of her free market ideology. It was a Tory party HQ official who tipped me off that some Thatcherites wanted to denationalise the coal mines. \"Privatisation\" had not yet been invented. Nor would it be, moderate Tories predicted. Fat chance: she ran rings around them. But that came later. At this stage, she was learning how to lower her voice to a huskier level, ditching the florid hats, and avoiding provocation. Two respectful paces behind her, Denis Thatcher, was reinventing himself as a respectful and loyal spouse, limiting his gin intake and wary of the \"reptiles\" (us). In the Midlands, I once saw him playing truant from one of Mrs Thatcher's speeches by slipping into the local branch of Halfords bike shop. He was a main board director. At Cadbury's, in south Birmingham, we watched her stuffing chocolates into their boxes faster than the girls on the production line. When the bus got stuck in mud in the Highlands and we had to push it out, she cried: \"Keep pushing until we got on to the hard stuff,\" which we took to be a reference to local single malts. In John Gummer's Suffolk seat, she was photographed with a pretty calf. \"If we're not careful, we'll have a dead calf on our hands,\" Denis was heard to murmur in the scrum. The Mirror rang the farm every day until polling day in case the calf expired. It didn't. Mrs T had become an historic inevitability - the Tories returned to power with 339 seats to Labour's 268 and 11 for the Liberals, a majority of 44 which she would triple after the Falklands war in 1983. Thatcherism evolved slowly but relentlessly in tandem with Reagonomics, which the new US president would promote after 1980. Of the Attlee government's postwar social settlement, only the 1948 NHS defied her efforts at basic reconstruction. During the campaign we observed her resilience, her populism, her stamina and her unexpected courage. It was going to be different, we could see that. But how different! We didn't really get it. Nor did she. High inflation and taxes, low productivity, over-mighty unions, an apparently expansive Soviet Union ... she promised change, but prudently understated her ambitions to take on them all. Her last campaign rally was in Edinburgh, where she shared the platform with the chain-smoking Eurosceptic, Teddy Taylor, whose trousers were, I recall, too short when he raised his arms, linked with hers in triumphant enthusiasm. He was due to be Scottish secretary in the new cabinet, but lost his seat next day and never held office, although he is an MP to this day. Mrs T cut her losses and appointed someone else - the moderate smoothie, George Younger. Not for the last time, the Iron Lady's uncompromising reputation would allow her to be a pragmatic wielder of power. On election night in her Finchley constituency, she devoted a large chunk of her victory speech to lambasting Shirley Williams, who also lost her seat that night. The future Lib Dem peer had been a Labour cabinet minister, a child of bourgeois privilege who had appeared on a picket line. It was everything Maggie deplored, and she let rip. Understandably, the Guardian wasn't interested in such details on such a turbulent night. But the surprisingly personal attack stuck in my mind. Fasten your seatbelt, I told myself. \u00b7 Michael White is the Guardian's political editor",
      "charCount": "6559"
    },
    "isHosted": false,
    "pillarId": "pillar/news",
    "pillarName": "News"
  },
  {
    "id": "politics/2005/apr/04/electionspast.past",
    "type": "article",
    "sectionId": "politics",
    "sectionName": "Politics",
    "webPublicationDate": "2005-04-04T15:42:10Z",
    "webTitle": "Every loser wins",
    "webUrl": "https://www.theguardian.com/politics/2005/apr/04/electionspast.past",
    "apiUrl": "https://content.guardianapis.com/politics/2005/apr/04/electionspast.past",
    "fields": {
      "headline": "Every loser wins",
      "standfirst": "Brian Brivati looks at the 1951 election, which sent Labour into opposition for 13 years, but confirmed the greatness and safeguarded the achievements of the outgoing Attlee government",
      "trailText": "<b>Brian Brivati</b> looks at the 1951 election, which sent Labour into opposition for 13 years, but confirmed the greatness and safeguarded the achievements of the outgoing Attlee government.",
      "byline": "Brian Brivati",
      "main": "<figure class=\"element element-image\" data-media-id=\"gu-image-331715896\"> <img src=\"http://static.guim.co.uk/sys-images/Politics/Pix/pictures/2005/04/03/attlee_1951_nocredit_256.jpg\" alt=\"Clement Attlee\" width=\"128\" height=\"256\" class=\"gu-image\" /> <figcaption> <span class=\"element-image__caption\">Clement Attlee, British prime minister from 1945-1951</span> </figcaption> </figure>",
      "body": "The 1951 general election was an oddity. It did not need to take place when it did, the winner got fewer votes than the loser and in historical terms the winner's agenda was set by the loser. <p>In September 1951, the King urged Attlee, the Labour prime minister, to resolve an uncertain political situation. Labour's massive 1945 majority had been cut at the 1950 election to five seats. At the time this margin was thought to be unsustainable. The King wanted to go on a long foreign trip and didn't like leaving Britain while the question was unresolved. Attlee was happy to oblige, not least because his great enemy Herbert Morrison was out of the country.</p> <p>The prime minister called the election in a broadcast, the first time this had happened.</p> <p>No government has gone to the country in a worse state than Attlee's did in 1951, and no newspaper during the campaign predicted anything other than a Conservative win. Nonetheless, Labour narrowed the Tory lead during the campaign and succeeded in getting their core support out. Labour polled more votes over the country as a whole than any other party until John Major's Conservatives in 1992, but the votes did not translate into seats.</p> <p>The 1951 election ended the post-war Labour governments, put Labour into opposition for 13 years and marked the start of a decade of bitter internecine warfare in the party. But it was not an unqualified disaster.</p> <p>The test of the greatness of a government must surely be how long its achievements last. If defeat destroys not just the administration but also the ethos and project of the government then that test is failed. If, on the other hand, the incoming government plays out the hand it has been dealt then we can talk of a great government, a government that has shaped its age. The Attlee government of 1945-1951 lost power in 1951 but it had shaped the agenda for the decades that followed.</p> <p>It had been a great government, but by 1951, it was a divided government. Leading ministers who were healthy enough (many, including Attlee, were in and out of hospital) spent their time fighting each other. It was an exhausted government, physically and in terms of ideas. The small majority after the 1950 election was not considered a mandate for action, which was convenient because by then the Labour ministers did not really have a clue what to do next.</p> <p>The Conservative campaign set out to reassure the country that the Attlee settlement would be safe with them. The message was competence, freedom from controls and a new direction with a new team - especially in an uncertain world with security problems related to oil in the Middle East. That call to freedom was not based on rolling back the nationalisation or the planning apparatus that Attlee had created, but of putting up a barrier to any further advance. The consensus forged by Attlee survived on questions of state ownership, on the centrality of full employment and on the role of the UK as the USA's key ally. But Attlee paid a heavy price in the election for his support of the US intervention in Korea.</p> <p>Attlee had committed Britain to the war in Korea and his chancellor, Hugh Gaitskell, was delivering a massive and in the event undeliverable rearmament budget to pay for it. Attlee's view was simple: this was about duty, playing one's part in the Atlantic community. The rearmament package was crippling to the government's ability to make broader promises on developing the welfare state.</p> <p>In contrast, this year's budget seems to have absorbed the costs of the Iraq war and delivered increased social and education spending. Nevertheless, the sense of intellectual and policy sterility echoes across the decades.</p> <p>Just after the election there was a Labour conference on polic-making. Bevan made a fascinating speech in which he argued that the Labour movement needed to look beyond these shores to the problems of the colonies and dependent territories, that in a sense the domestic problem had been solved and the agenda now was to cure the world.</p> <p>It was a powerful speech and it has its echoes in the Africa commission and the debt relief plan that Blair and Brown had championed. The only caution that should be offered to the present is that Attlee's government was to a significant extent consumed by foreign and defence issues, and took its eye off the domestic ball.</p> <p>Though Labour lost in 1951, they did not feel like they had lost. Hugh Dalton, the former chancellor, noted: \"Election results very good. Casualties minimised, especially among our young. How wise we Octobrists were! ... The election results are wonderful. We are out at just the right moment.\" Richard Crossman was struck by \"the cheerfulness and morale of the party, compared with its state of semi-disintegration before the election.\" Such complacency contributed to Labour's long stay in the wilderness.</p> <p>Labour's failure to articulate its own next phase (the election manifesto of 1951 was extremely short on new ideas), and the general drift in Labour policy making in the first half of the 1950s, allowed the result in 1951 to be the end of the collectivist stream rather than its beginnings. The parallel with 1997 is clear.</p> <p>The road not taken in 1951 was the road away from much of the core agenda of 1945. But the consequences of the consensus-building election of 1951 were not the triumph of a progressive agenda, anymore than the election of the Blair-Brown government in 1997 represented the triumph of Thatcherism. Consensus formation is not the same as moving forward. When Churchill came in, his team of younger ministers were intent on freezing state ownership were it was. They did not want a developmental state; they wanted to roll it back where they could. They wanted the postwar legislation to be a settlement: thus far and no further.</p> <p>Alfred Sherman now calls the Conservative governments of the 1990s \"the Thatcher interlude\", by which he means that even under Major the new right agenda of reducing the role of the state had been stalled. Under Labour it was frozen. It is not actually the case that Labour has pushed ahead in a very meaningful way with Thatcher's anti-statist policy formation. Rather there has been a Thatcher settlement, and Labour's policy started from there. So the election that 1951 most resembles is 1997, and not 2005, but there are some parallels amongst the many differences.</p> <p><b>\u00b7</b> Brian Brivati is professor of contemporary history at Kingston University</p>",
      "wordcount": "1093",
      "commentable": "false",
      "isPremoderated": "false",
      "lastModified": "2017-05-08T06:25:21Z",
      "newspaperEditionDate": "2005-04-04T00:00:00Z",
      "productionOffice": "UK",
      "publication": "theguardian.com",
      "shortUrl": "https://gu.com/p/m5qn",
      "shouldHideAdverts": "false",
      "showInRelatedContent": "true",
      "legallySensitive": "false",
      "lang": "en",
      "bodyText": "The 1951 general election was an oddity. It did not need to take place when it did, the winner got fewer votes than the loser and in historical terms the winner's agenda was set by the loser. In September 1951, the King urged Attlee, the Labour prime minister, to resolve an uncertain political situation. Labour's massive 1945 majority had been cut at the 1950 election to five seats. At the time this margin was thought to be unsustainable. The King wanted to go on a long foreign trip and didn't like leaving Britain while the question was unresolved. Attlee was happy to oblige, not least because his great enemy Herbert Morrison was out of the country. The prime minister called the election in a broadcast, the first time this had happened. No government has gone to the country in a worse state than Attlee's did in 1951, and no newspaper during the campaign predicted anything other than a Conservative win. Nonetheless, Labour narrowed the Tory lead during the campaign and succeeded in getting their core support out. Labour polled more votes over the country as a whole than any other party until John Major's Conservatives in 1992, but the votes did not translate into seats. The 1951 election ended the post-war Labour governments, put Labour into opposition for 13 years and marked the start of a decade of bitter internecine warfare in the party. But it was not an unqualified disaster. The test of the greatness of a government must surely be how long its achievements last. If defeat destroys not just the administration but also the ethos and project of the government then that test is failed. If, on the other hand, the incoming government plays out the hand it has been dealt then we can talk of a great government, a government that has shaped its age. The Attlee government of 1945-1951 lost power in 1951 but it had shaped the agenda for the decades that followed. It had been a great government, but by 1951, it was a divided government. Leading ministers who were healthy enough (many, including Attlee, were in and out of hospital) spent their time fighting each other. It was an exhausted government, physically and in terms of ideas. The small majority after the 1950 election was not considered a mandate for action, which was convenient because by then the Labour ministers did not really have a clue what to do next. The Conservative campaign set out to reassure the country that the Attlee settlement would be safe with them. The message was competence, freedom from controls and a new direction with a new team - especially in an uncertain world with security problems related to oil in the Middle East. That call to freedom was not based on rolling back the nationalisation or the planning apparatus that Attlee had created, but of putting up a barrier to any further advance. The consensus forged by Attlee survived on questions of state ownership, on the centrality of full employment and on the role of the UK as the USA's key ally. But Attlee paid a heavy price in the election for his support of the US intervention in Korea. Attlee had committed Britain to the war in Korea and his chancellor, Hugh Gaitskell, was delivering a massive and in the event undeliverable rearmament budget to pay for it. Attlee's view was simple: this was about duty, playing one's part in the Atlantic community. The rearmament package was crippling to the government's ability to make broader promises on developing the welfare state. In contrast, this year's budget seems to have absorbed the costs of the Iraq war and delivered increased social and education spending. Nevertheless, the sense of intellectual and policy sterility echoes across the decades. Just after the election there was a Labour conference on polic-making. Bevan made a fascinating speech in which he argued that the Labour movement needed to look beyond these shores to the problems of the colonies and dependent territories, that in a sense the domestic problem had been solved and the agenda now was to cure the world. It was a powerful speech and it has its echoes in the Africa commission and the debt relief plan that Blair and Brown had championed. The only caution that should be offered to the present is that Attlee's government was to a significant extent consumed by foreign and defence issues, and took its eye off the domestic ball. Though Labour lost in 1951, they did not feel like they had lost. Hugh Dalton, the former chancellor, noted: \"Election results very good. Casualties minimised, especially among our young. How wise we Octobrists were! ... The election results are wonderful. We are out at just the right moment.\" Richard Crossman was struck by \"the cheerfulness and morale of the party, compared with its state of semi-disintegration before the election.\" Such complacency contributed to Labour's long stay in the wilderness. Labour's failure to articulate its own next phase (the election manifesto of 1951 was extremely short on new ideas), and the general drift in Labour policy making in the first half of the 1950s, allowed the result in 1951 to be the end of the collectivist stream rather than its beginnings. The parallel with 1997 is clear. The road not taken in 1951 was the road away from much of the core agenda of 1945. But the consequences of the consensus-building election of 1951 were not the triumph of a progressive agenda, anymore than the election of the Blair-Brown government in 1997 represented the triumph of Thatcherism. Consensus formation is not the same as moving forward. When Churchill came in, his team of younger ministers were intent on freezing state ownership were it was. They did not want a developmental state; they wanted to roll it back where they could. They wanted the postwar legislation to be a settlement: thus far and no further. Alfred Sherman now calls the Conservative governments of the 1990s \"the Thatcher interlude\", by which he means that even under Major the new right agenda of reducing the role of the state had been stalled. Under Labour it was frozen. It is not actually the case that Labour has pushed ahead in a very meaningful way with Thatcher's anti-statist policy formation. Rather there has been a Thatcher settlement, and Labour's policy started from there. So the election that 1951 most resembles is 1997, and not 2005, but there are some parallels amongst the many differences. \u00b7 Brian Brivati is professor of contemporary history at Kingston University",
      "charCount": "6446"
    },
    "isHosted": false,
    "pillarId": "pillar/news",
    "pillarName": "News"
  },
  {
    "id": "politics/2005/apr/04/electionspast.past9",
    "type": "article",
    "sectionId": "politics",
    "sectionName": "Politics",
    "webPublicationDate": "2005-04-04T15:42:01Z",
    "webTitle": "'Who governs?'",
    "webUrl": "https://www.theguardian.com/politics/2005/apr/04/electionspast.past9",
    "apiUrl": "https://content.guardianapis.com/politics/2005/apr/04/electionspast.past9",
    "fields": {
      "headline": "'Who governs?'",
      "standfirst": "Lewis Baston describes one of the most turbulent years in British politics, which saw two closely-fought elections delivering a blow from which the two-party system has never recovered",
      "trailText": "<b>Lewis Baston</b> describes one of the most turbulent years in British politics, which saw two closely-fought elections delivering a blow from which the two-party system has never recovered.",
      "byline": "Lewis Baston",
      "main": "<figure class=\"element element-image\" data-media-id=\"gu-image-331760981\"> <img src=\"http://static.guim.co.uk/sys-images/Politics/Pix/pictures/2005/04/03/haroldwilson_guardian_256.jpg\" alt=\"Harold Wilson, 1974 election\" width=\"128\" height=\"256\" class=\"gu-image\" /> <figcaption> <span class=\"element-image__caption\"> Harold Wilson addressing the Labour conference in 1974. Photograph: Guardian</span> </figcaption> </figure>",
      "body": "1974 was arguably the most dramatic year in modern British politics. As well as two elections there was the three-day week, corruption scandals, shadowy plots against the prime minister, a financial crisis, IRA bombings in England and a general strike in Northern Ireland. It began with a strike by the powerful National Union of Mineworkers, whose bargaining position had become even stronger because of the steep rise in the oil price; in order to preserve fuel supplies the Conservative government of Edward Heath imposed a three-day working week. After some hesitation (many Conservatives believe that they could have won an election in early February), Heath called an election for February 28 with the intention of strengthening his hand against the unions. 'Who Governs?' asked the Conservatives, a question whose implications were more ambiguous than they intended. <p>The Conservatives found it impossible to sustain the focus on the 'Who Governs?' issue throughout the campaign. Harold Wilson, working closely with pollster Bob Worcester of Mori, fought an astutely negative campaign, stressing the Heath government's poor record on inflation, housing and pensions. At the start of the campaign the Conservatives seemed well ahead but the gap narrowed and the luck of the campaign was against them. Trade figures many times worse than those of 1970 were published. Their industrial relations policy was undermined by the director of the CBI and new evidence on miners' pay. The worst blow was when Enoch Powell advised voters to support Labour and announced that he had cast his own vote for the party because of its commitment to a referendum on Europe. It seems that many voters in the West Midlands followed his advice, as the pro-Labour swing there was particularly strong.</p> <p>The election results were complex. Turnout (78.7%) was the highest since 1959 and has not been bettered since. The votes for both the Conservatives and Labour slumped while the Liberals, Scottish National party, Plaid Cymru and even Independents did well (winning Lincoln and Blyth). The combined Tory and Labour share of the vote fell from 89.4% in 1970 to 75% in 1974; in votes at least, the two-party system suffered a blow from which it has not recovered. Despite this, the smaller parties received few seats, with only 14 Liberals elected on 19.3% of the vote. Proportional representation was much discussed after the elections of 1974.</p> <p>The February election was a disaster in Northern Ireland. The unionist opponents of the power-sharing executive that governed under the Sunningdale agreement won 11 out of the 12 parliamentary seats, although with only 51% of the vote. They regarded this as legitimising the overthrow of Sunningdale, which took place with a general strike in May 1974. It took another 24 years to restore devolved government in the province.</p> <p>The February 1974 election produced the first (and so far only) \"hung parliament\" since 1929. It was not clear until late on in the count that Labour were just ahead with 301 seats to 297 for the Tories (who had actually polled rather more votes). Edward Heath stayed in Downing Street over the weekend and attempted to come to an agreement with Liberal leader Jeremy Thorpe, but the negotiations were not successful and on Monday evening Heath resigned and Wilson formed a minority government.</p> <p>The February parliament could not last for long, and there was a short and turbulent sitting of parliament (among other business, the Register of Members' Interests was established by a resolution of May 1974). The Labour government published a succession of white papers, essentially advertising the policies it hoped to implement once it had a majority. It was no surprise when Wilson announced in September 1974 that parliament would be dissolved and there would be a second election.</p> <p>The October election was, like many sequels, rather disappointing. The extended campaign was much less interesting than February's short burst, and was enlivened mainly by Thorpe's hovercraft trip along the south coast in search of votes in marginal seaside resorts. But the wind and the rain spoiled the photo opportunities and grounded Thorpe's hovercraft. It was an irresistible metaphor for the deflation of Liberal hopes after the excitement of February. Labour stressed the competence of their leadership and the \"social contract\" with the trade unions, while the Conservatives struck a new note by offering to create a \"government of national unity\" even if they had an overall majority.</p> <p>The result was also disappointing for almost everyone. Only the Scottish Nationalists had cause for much celebration, their 11 seats and 30.4% of the Scottish vote being their high water mark. However, Labour's U-turn on devolution between the two elections was enough to protect most of the Labour heartland in the central belt from Nationalist incursions. The devolution project used up inordinate amounts of parliamentary time in the late 1970s but came to nothing with the referendums in March 1979. The Liberals ended up winning one more seat but losing two. Labour had won their overall majority, but by a tiny margin of three seats and with less than 40% of the vote. The Conservatives managed to cling on in many of their vulnerable marginals such as Northampton South: a uniform swing in England and Wales would have given Wilson a majority of perhaps 25. Heath's achievement in minimising Tory losses won him little thanks. He was ousted from the leadership four months later. His 277-strong Tory parliamentary delegation was the platform his successor, Margaret Thatcher, used to bring down the Labour government in the March 1979 confidence vote.</p> <p>Labour's narrow victory and the turbulent economic circumstances meant that it was impossible to implement the radical manifesto, even if Wilson had wanted to. This was seen by many on the left as betrayal, and there were bitter recriminations that tore the party apart until Neil Kinnock imposed peace after 1983. Perhaps 1974 was, in hindsight, a good election for the Conservatives to lose and an unlucky victory for Labour. However, the most lasting legacy of the 1974 elections has been the eclipse of the two-party system; since then, voters disenchanted with either of the major parties do not necessarily flock to the arms of the principal opposition.</p> <p><b>\u00b7</b> Lewis Baston is author of Reggie: The Life of Reginald Maudling</p>",
      "wordcount": "1043",
      "commentable": "false",
      "isPremoderated": "false",
      "lastModified": "2017-05-08T06:25:21Z",
      "newspaperEditionDate": "2005-04-04T00:00:00Z",
      "productionOffice": "UK",
      "publication": "theguardian.com",
      "shortUrl": "https://gu.com/p/zdmt",
      "shouldHideAdverts": "false",
      "showInRelatedContent": "true",
      "legallySensitive": "false",
      "lang": "en",
      "bodyText": "1974 was arguably the most dramatic year in modern British politics. As well as two elections there was the three-day week, corruption scandals, shadowy plots against the prime minister, a financial crisis, IRA bombings in England and a general strike in Northern Ireland. It began with a strike by the powerful National Union of Mineworkers, whose bargaining position had become even stronger because of the steep rise in the oil price; in order to preserve fuel supplies the Conservative government of Edward Heath imposed a three-day working week. After some hesitation (many Conservatives believe that they could have won an election in early February), Heath called an election for February 28 with the intention of strengthening his hand against the unions. 'Who Governs?' asked the Conservatives, a question whose implications were more ambiguous than they intended. The Conservatives found it impossible to sustain the focus on the 'Who Governs?' issue throughout the campaign. Harold Wilson, working closely with pollster Bob Worcester of Mori, fought an astutely negative campaign, stressing the Heath government's poor record on inflation, housing and pensions. At the start of the campaign the Conservatives seemed well ahead but the gap narrowed and the luck of the campaign was against them. Trade figures many times worse than those of 1970 were published. Their industrial relations policy was undermined by the director of the CBI and new evidence on miners' pay. The worst blow was when Enoch Powell advised voters to support Labour and announced that he had cast his own vote for the party because of its commitment to a referendum on Europe. It seems that many voters in the West Midlands followed his advice, as the pro-Labour swing there was particularly strong. The election results were complex. Turnout (78.7%) was the highest since 1959 and has not been bettered since. The votes for both the Conservatives and Labour slumped while the Liberals, Scottish National party, Plaid Cymru and even Independents did well (winning Lincoln and Blyth). The combined Tory and Labour share of the vote fell from 89.4% in 1970 to 75% in 1974; in votes at least, the two-party system suffered a blow from which it has not recovered. Despite this, the smaller parties received few seats, with only 14 Liberals elected on 19.3% of the vote. Proportional representation was much discussed after the elections of 1974. The February election was a disaster in Northern Ireland. The unionist opponents of the power-sharing executive that governed under the Sunningdale agreement won 11 out of the 12 parliamentary seats, although with only 51% of the vote. They regarded this as legitimising the overthrow of Sunningdale, which took place with a general strike in May 1974. It took another 24 years to restore devolved government in the province. The February 1974 election produced the first (and so far only) \"hung parliament\" since 1929. It was not clear until late on in the count that Labour were just ahead with 301 seats to 297 for the Tories (who had actually polled rather more votes). Edward Heath stayed in Downing Street over the weekend and attempted to come to an agreement with Liberal leader Jeremy Thorpe, but the negotiations were not successful and on Monday evening Heath resigned and Wilson formed a minority government. The February parliament could not last for long, and there was a short and turbulent sitting of parliament (among other business, the Register of Members' Interests was established by a resolution of May 1974). The Labour government published a succession of white papers, essentially advertising the policies it hoped to implement once it had a majority. It was no surprise when Wilson announced in September 1974 that parliament would be dissolved and there would be a second election. The October election was, like many sequels, rather disappointing. The extended campaign was much less interesting than February's short burst, and was enlivened mainly by Thorpe's hovercraft trip along the south coast in search of votes in marginal seaside resorts. But the wind and the rain spoiled the photo opportunities and grounded Thorpe's hovercraft. It was an irresistible metaphor for the deflation of Liberal hopes after the excitement of February. Labour stressed the competence of their leadership and the \"social contract\" with the trade unions, while the Conservatives struck a new note by offering to create a \"government of national unity\" even if they had an overall majority. The result was also disappointing for almost everyone. Only the Scottish Nationalists had cause for much celebration, their 11 seats and 30.4% of the Scottish vote being their high water mark. However, Labour's U-turn on devolution between the two elections was enough to protect most of the Labour heartland in the central belt from Nationalist incursions. The devolution project used up inordinate amounts of parliamentary time in the late 1970s but came to nothing with the referendums in March 1979. The Liberals ended up winning one more seat but losing two. Labour had won their overall majority, but by a tiny margin of three seats and with less than 40% of the vote. The Conservatives managed to cling on in many of their vulnerable marginals such as Northampton South: a uniform swing in England and Wales would have given Wilson a majority of perhaps 25. Heath's achievement in minimising Tory losses won him little thanks. He was ousted from the leadership four months later. His 277-strong Tory parliamentary delegation was the platform his successor, Margaret Thatcher, used to bring down the Labour government in the March 1979 confidence vote. Labour's narrow victory and the turbulent economic circumstances meant that it was impossible to implement the radical manifesto, even if Wilson had wanted to. This was seen by many on the left as betrayal, and there were bitter recriminations that tore the party apart until Neil Kinnock imposed peace after 1983. Perhaps 1974 was, in hindsight, a good election for the Conservatives to lose and an unlucky victory for Labour. However, the most lasting legacy of the 1974 elections has been the eclipse of the two-party system; since then, voters disenchanted with either of the major parties do not necessarily flock to the arms of the principal opposition. \u00b7 Lewis Baston is author of Reggie: The Life of Reginald Maudling",
      "charCount": "6415"
    },
    "isHosted": false,
    "pillarId": "pillar/news",
    "pillarName": "News"
  },
  {
    "id": "news/blog/2005/apr/04/itasdabecami",
    "type": "article",
    "sectionId": "news",
    "sectionName": "News",
    "webPublicationDate": "2005-04-04T14:23:46Z",
    "webTitle": "It Asda be Camilla",
    "webUrl": "https://www.theguardian.com/news/blog/2005/apr/04/itasdabecami",
    "apiUrl": "https://content.guardianapis.com/news/blog/2005/apr/04/itasdabecami",
    "fields": {
      "headline": "It Asda be Camilla",
      "trailText": "<p><span class=\"caption\"><br>Asda's copy of Prince Charles and Camilla Parker Bowles' engagement ring. Photograph: Frank Baron</span><br><br>There is an exciting update today on the move by the Asda supermarket chain to sell cut price replicas of <strong>Camilla Parker Bowles</strong>'s engagement ring for \u00a319.</p>",
      "byline": "Mark Oliver",
      "main": "",
      "body": "<p><br>Asda's copy of Prince Charles and Camilla Parker Bowles' engagement ring. Photograph: Frank Baron<br>There is an exciting update today on the move by the <a href=\"http://www.asda.co.uk\">Asda</a> supermarket chain to sell cut price replicas of <strong>Camilla Parker Bowles</strong>'s engagement ring for \u00a319.</p> <p>Readers may recall being <a href=\"http://blogs.theguardian.com/news/archives/uk_news/2005/02/16/gem_of_an_idea.html\">alerted</a> by Newsblog to the supermarket's plan back in February. </p> <p>The replicas finally went on sale today and instantly became the chain's fastest selling jewellery item.</p> <p>A spokesman told the Associated Press that by 11.30am today, 30% of the 2,500 rings had been sold, with interest from as far away as Australia. Asda predicted the replicas would be sold out by the end of the day and a spokesman said \"it's looking like royal wedding fever has started early\".</p> <p>(The wedding, of course, will start late, with Clarence House today announcing it will be </p> <a href=\"http://www.theguardian.com/pope/story/0,,1451966,00.html\"> </a> <p><a href=\"http://www.theguardian.com/pope/story/0,,1451966,00.html\">delayed</a> by 24 hours from this Friday to Saturday because of the clash of dates with the Pope's funeral). </p> <p>Mrs Parker Bowles's ring, presented to her by the <strong>Prince of Wales</strong>, formerly belonged to the late Queen Mother and is made of platinum with a square central diamond and three smaller rectangular diamonds on each side. Its resale value is not known. Alongside the \u00a319 version Asda also promised to sell a significantly more upmarket replica priced at \u00a330,000, made of platinum with expensive diamonds. </p> <p>One imagines the store will not be expecting to sell 2,500 of these but perhaps it should diversify into other Camilla replica products. Yesterday's <strong>New York Times </strong><a href=\"http://www.nytimes.com/2005/04/03/fashion/03camilla.html\">celebrated her style</a>, saying that Mrs Parker Bowles's \"simple tailored suits and hunting-jacket-plus-jodhpurs look is that of the quintessential upper-crust British woman\".</p>",
      "wordcount": "276",
      "commentCloseDate": "2005-04-11T14:23:46Z",
      "commentable": "true",
      "isPremoderated": "false",
      "lastModified": "2005-04-04T14:23:46Z",
      "newspaperEditionDate": "2005-04-04T00:00:00Z",
      "productionOffice": "UK",
      "publication": "theguardian.com",
      "shortUrl": "https://gu.com/p/xzy73",
      "shouldHideAdverts": "false",
      "showInRelatedContent": "true",
      "legallySensitive": "false",
      "lang": "en",
      "bodyText": "Asda's copy of Prince Charles and Camilla Parker Bowles' engagement ring. Photograph: Frank Baron There is an exciting update today on the move by the Asda supermarket chain to sell cut price replicas of Camilla Parker Bowles's engagement ring for \u00a319. Readers may recall being alerted by Newsblog to the supermarket's plan back in February. The replicas finally went on sale today and instantly became the chain's fastest selling jewellery item. A spokesman told the Associated Press that by 11.30am today, 30% of the 2,500 rings had been sold, with interest from as far away as Australia. Asda predicted the replicas would be sold out by the end of the day and a spokesman said \"it's looking like royal wedding fever has started early\". (The wedding, of course, will start late, with Clarence House today announcing it will be delayed by 24 hours from this Friday to Saturday because of the clash of dates with the Pope's funeral). Mrs Parker Bowles's ring, presented to her by the Prince of Wales, formerly belonged to the late Queen Mother and is made of platinum with a square central diamond and three smaller rectangular diamonds on each side. Its resale value is not known. Alongside the \u00a319 version Asda also promised to sell a significantly more upmarket replica priced at \u00a330,000, made of platinum with expensive diamonds. One imagines the store will not be expecting to sell 2,500 of these but perhaps it should diversify into other Camilla replica products. Yesterday's New York Times celebrated her style, saying that Mrs Parker Bowles's \"simple tailored suits and hunting-jacket-plus-jodhpurs look is that of the quintessential upper-crust British woman\".",
      "charCount": "1670"
    },
    "isHosted": false,
    "pillarId": "pillar/news",
    "pillarName": "News"
  },
  {
    "id": "business/2005/apr/04/oilandpetrol.news",
    "type": "article",
    "sectionId": "business",
    "sectionName": "Business",
    "webPublicationDate": "2005-04-04T09:23:42Z",
    "webTitle": "Opec ready to increase output",
    "webUrl": "https://www.theguardian.com/business/2005/apr/04/oilandpetrol.news",
    "apiUrl": "https://content.guardianapis.com/business/2005/apr/04/oilandpetrol.news",
    "fields": {
      "headline": "Opec ready to increase output",
      "trailText": "<p>Opec today said it was ready to boost output by 500,000 barrels a day if oil prices continued to rise to record levels.</p>",
      "byline": "Mark Tran",
      "main": "",
      "body": "<p>Opec today said it was ready to boost output by 500,000 barrels a day if oil prices continued to rise to record levels.</p> <p>Sheikh Ahmad al-Fahd al-Sabah, the president of the oil cartel, said Opec ministers had begun telephone discussions about a possible production increase. \"We started our consultations two days ago,\" the sheikh, who is Kuwait's energy minister, told reporters. </p> <p>In mid-March, Opec raised output by 500,000 barrels a day in response to a 30% rise in oil prices so far this year. However, it left room for a further increase of the same amount if prices failed to fall below $55 (\u00a329). </p> <p>Last Friday, they surged to a record of almost $58 a barrel in the US. The increase followed the publication of a report from Goldman Sachs, which warned that oil prices could rise to $105 a barrel in a \"super spike\". </p> <p>Prices have continued to rise this year amid strong demand from China and India, whose economies are growing rapidly.</p> <p>The acting Opec secretary-general, Adnan Shihab-Eldin, said the cartel's 10 members had already lifted production by an estimated 300,000 to 500,000 barrels a day in March compared with February. Opec estimated that production by its members in February totalled around 27.7m barrels a day. </p> <p>Mr Shihab-Eldin forecast that demand for Opec's crude would be 28.5m barrels a day in the third quarter, rising to 30.3m in the last three months of 2005. </p> <p>\"We stand ready to add more when we meet in June, and we will discuss the third quarter,\" he said, referring to an Opec policy review meeting scheduled for June 15. \"We can go above 30m total [including Iraq]. We can go easily over 28m for the Opec 10.\"</p> <p><strong>\u00b7</strong> Shares in BP, Britain's biggest company, rose by 1% today after it said production had remained steady at the start of its financial year. The update was in line with expectations, and the share rise had more to do with strong crude prices.</p> <p>In a trading statement, BP said it had produced around 4.09m barrels of oil equivalent per day in the first quarter. </p> <p>The figure was up slightly compared with the same period in 2004, when BP produced 4m barrels. However, its high margin non-Russian production again showed a drop from a year ago.</p>",
      "wordcount": "388",
      "commentable": "false",
      "isPremoderated": "false",
      "lastModified": "2005-04-04T09:23:42Z",
      "newspaperEditionDate": "2005-04-04T00:00:00Z",
      "productionOffice": "UK",
      "publication": "theguardian.com",
      "shortUrl": "https://gu.com/p/8n29",
      "shouldHideAdverts": "false",
      "showInRelatedContent": "true",
      "legallySensitive": "false",
      "lang": "en",
      "bodyText": "Opec today said it was ready to boost output by 500,000 barrels a day if oil prices continued to rise to record levels. Sheikh Ahmad al-Fahd al-Sabah, the president of the oil cartel, said Opec ministers had begun telephone discussions about a possible production increase. \"We started our consultations two days ago,\" the sheikh, who is Kuwait's energy minister, told reporters. In mid-March, Opec raised output by 500,000 barrels a day in response to a 30% rise in oil prices so far this year. However, it left room for a further increase of the same amount if prices failed to fall below $55 (\u00a329). Last Friday, they surged to a record of almost $58 a barrel in the US. The increase followed the publication of a report from Goldman Sachs, which warned that oil prices could rise to $105 a barrel in a \"super spike\". Prices have continued to rise this year amid strong demand from China and India, whose economies are growing rapidly. The acting Opec secretary-general, Adnan Shihab-Eldin, said the cartel's 10 members had already lifted production by an estimated 300,000 to 500,000 barrels a day in March compared with February. Opec estimated that production by its members in February totalled around 27.7m barrels a day. Mr Shihab-Eldin forecast that demand for Opec's crude would be 28.5m barrels a day in the third quarter, rising to 30.3m in the last three months of 2005. \"We stand ready to add more when we meet in June, and we will discuss the third quarter,\" he said, referring to an Opec policy review meeting scheduled for June 15. \"We can go above 30m total [including Iraq]. We can go easily over 28m for the Opec 10.\" \u00b7 Shares in BP, Britain's biggest company, rose by 1% today after it said production had remained steady at the start of its financial year. The update was in line with expectations, and the share rise had more to do with strong crude prices. In a trading statement, BP said it had produced around 4.09m barrels of oil equivalent per day in the first quarter. The figure was up slightly compared with the same period in 2004, when BP produced 4m barrels. However, its high margin non-Russian production again showed a drop from a year ago.",
      "charCount": "2177"
    },
    "isHosted": false,
    "pillarId": "pillar/news",
    "pillarName": "News"
  }
]