[
  {
    "id": "technology/2005/feb/11/money.business",
    "type": "article",
    "sectionId": "money",
    "sectionName": "Money",
    "webPublicationDate": "2005-02-11T11:09:55Z",
    "webTitle": "BT holds price of faster net access",
    "webUrl": "https://www.theguardian.com/technology/2005/feb/11/money.business",
    "apiUrl": "https://content.guardianapis.com/technology/2005/feb/11/money.business",
    "fields": {
      "headline": "BT holds price of faster net access",
      "trailText": "<p>BT joined the race to offer faster broadband internet access yesterday, quadrupling the speed of its service but leaving prices unchanged in an attempt to grab more customers. </p>",
      "byline": "Richard Wray",
      "main": "",
      "body": "<p>BT joined the race to offer faster broadband internet access yesterday, quadrupling the speed of its service but leaving prices unchanged in an attempt to grab more customers. </p> <p>Ben Verwaayen, the chief executive, said the decision to speed up the connections of its 1.49m customers over the next few months will enable people to use video calling, try TV over the internet and download music tracks in less than 15 seconds. </p> <p>BT hopes the move will help it attract more customers, without sparking yet another price war, as part of its drive to earn revenue from new sources to offset a continual decline in turnover from fixed-line telephones. However, while BT's own retail business is the UK's leading broadband internet service provider, it is losing 20% of customers a year and in the last three months of 2004 acquired just 26% of new users. </p> <p>Earlier this week AOL also increased the speed of its broadband service, although, at 512kb a second, its \u00a317.99 product is still a quarter of the speed of the new BT service, at 2Mb a second. A spokesman for AOL pointed out, however, that its customers are not limited in the amount they can download each month. Use of BT's entry-level broadband product is limited to 1GB of data a month - equivalent to 200 music tracks.</p> <p>\"Using BT's new product is like having a sports car with hardly any fuel,\" he said. </p> <p>BT announced better than expected results for the three months to the end of December. Turnover increased 3% to \u00a34.58bn with a 35% jump in revenues from \"new\" areas of business, such as broadband and IT services. Pre-tax profits increased 4% to \u00a3545m. </p> <p>Concern in the City that BT's retail business, which offers services to Britain's residential and business customers and is the company's largest division, is still underperforming, kept BT's shares in the doldrums. </p> <p><strong>\u00b7</strong> The CBI will today say it does not support the structural break-up of BT, a move suggested by Ofcom if the company is unable to offer its rivals access to its network of local phone lines.</p>",
      "newspaperPageNumber": "23",
      "wordcount": "351",
      "commentable": "false",
      "isPremoderated": "false",
      "lastModified": "2017-02-21T23:05:54Z",
      "newspaperEditionDate": "2005-02-11T00:00:00Z",
      "productionOffice": "UK",
      "publication": "The Guardian",
      "shortUrl": "https://gu.com/p/28c4",
      "shouldHideAdverts": "false",
      "showInRelatedContent": "true",
      "legallySensitive": "false",
      "lang": "en",
      "bodyText": "BT joined the race to offer faster broadband internet access yesterday, quadrupling the speed of its service but leaving prices unchanged in an attempt to grab more customers. Ben Verwaayen, the chief executive, said the decision to speed up the connections of its 1.49m customers over the next few months will enable people to use video calling, try TV over the internet and download music tracks in less than 15 seconds. BT hopes the move will help it attract more customers, without sparking yet another price war, as part of its drive to earn revenue from new sources to offset a continual decline in turnover from fixed-line telephones. However, while BT's own retail business is the UK's leading broadband internet service provider, it is losing 20% of customers a year and in the last three months of 2004 acquired just 26% of new users. Earlier this week AOL also increased the speed of its broadband service, although, at 512kb a second, its \u00a317.99 product is still a quarter of the speed of the new BT service, at 2Mb a second. A spokesman for AOL pointed out, however, that its customers are not limited in the amount they can download each month. Use of BT's entry-level broadband product is limited to 1GB of data a month - equivalent to 200 music tracks. \"Using BT's new product is like having a sports car with hardly any fuel,\" he said. BT announced better than expected results for the three months to the end of December. Turnover increased 3% to \u00a34.58bn with a 35% jump in revenues from \"new\" areas of business, such as broadband and IT services. Pre-tax profits increased 4% to \u00a3545m. Concern in the City that BT's retail business, which offers services to Britain's residential and business customers and is the company's largest division, is still underperforming, kept BT's shares in the doldrums. \u00b7 The CBI will today say it does not support the structural break-up of BT, a move suggested by Ofcom if the company is unable to offer its rivals access to its network of local phone lines.",
      "charCount": "2011"
    },
    "isHosted": false,
    "pillarId": "pillar/lifestyle",
    "pillarName": "Lifestyle"
  },
  {
    "id": "business/2005/feb/11/royaldutchshell",
    "type": "article",
    "sectionId": "business",
    "sectionName": "Business",
    "webPublicationDate": "2005-02-11T00:04:24Z",
    "webTitle": "Edmonds spins a mining line and the market rates it a catch",
    "webUrl": "https://www.theguardian.com/business/2005/feb/11/royaldutchshell",
    "apiUrl": "https://content.guardianapis.com/business/2005/feb/11/royaldutchshell",
    "fields": {
      "headline": "Edmonds spins a mining line and the market rates it a catch",
      "trailText": "<p>Cricketing legend turned businessman Phil Edmonds watches \u00a33m stake in a mining shell company turn into \u00a323m paper fortune by the stock market's close of play. </p>",
      "byline": "Julia Finch",
      "main": "",
      "body": "<p>Cricketing legend turned businessman Phil Edmonds yesterday watched a \u00a33m stake in a mining shell company turn into a \u00a323m paper fortune by the stock market's close of play. </p> <p>With his business partner Andrew Groves, Mr Edmonds, a left arm spinner who played for Middlesex and England in the 1980s, has a 20% stake in would-be oil exploration company White Nile. Yesterday it was admitted to Aim at 10p a share and the shares soared 645% to close at 74.5p. </p> <p>The value of the company, which aims to \"identify and acquire projects in the natural resources sector with particular emphasis on oil projects within Africa\", rocketed from \u00a315m to \u00a3115m. </p> <p>White Nile, which raised \u00a39m from institutions and private investors before listing, said it is \"negotiating with the new government of South Sudan regarding certain oil concessions\". </p> <p>A spokesman said the huge rise in the share price was the result of \"a lot of demand ... Andrew Groves has a reputation for delivering projects. Their model - raising finance, launching a shell and early stage development - has been proved to work.\" </p> <p>White Nile is the fourth natural resources exploration firm Mr Groves and Mr Edmonds have brought to Aim. In November they were behind Central African Mining and Exploration, which has gold and tantalum investments in Mozambique, Democratic Republic of the Congo and South Africa. It listed at 4.5p and is now changing hands at 11p. </p> <p>They were also behind Capricorn Resources, which went from 1.5p to 13p and is now trading around 5p, and South African Resources, a platinum exploration group which climbed from 2p to 42p last November and is now trading around 34p. </p> <p>Mr Edmonds, 53, had a reputation as a colourful bon viveur in his cricketing days and had regular clashes with the cricketing authorities. </p> <p>Since retiring he has held directorships at more than 40 companies, not all of them successful, in activities ranging from Russian investments to Philippines gold, financial services and property. Yesterday he was in South Africa and unavailable for comment. </p> <p>Exploration companies hoping to cash in on the natural resources of developing countries are a current stock market favourite, with some analysts comparing the appetite for such companies to the internet boom of the late 1990s.</p>",
      "newspaperPageNumber": "22",
      "wordcount": "377",
      "commentable": "false",
      "isPremoderated": "false",
      "lastModified": "2005-02-11T00:04:24Z",
      "newspaperEditionDate": "2005-02-11T00:00:00Z",
      "productionOffice": "UK",
      "publication": "theguardian.com",
      "shortUrl": "https://gu.com/p/8tek",
      "shouldHideAdverts": "false",
      "showInRelatedContent": "true",
      "legallySensitive": "false",
      "lang": "en",
      "bodyText": "Cricketing legend turned businessman Phil Edmonds yesterday watched a \u00a33m stake in a mining shell company turn into a \u00a323m paper fortune by the stock market's close of play. With his business partner Andrew Groves, Mr Edmonds, a left arm spinner who played for Middlesex and England in the 1980s, has a 20% stake in would-be oil exploration company White Nile. Yesterday it was admitted to Aim at 10p a share and the shares soared 645% to close at 74.5p. The value of the company, which aims to \"identify and acquire projects in the natural resources sector with particular emphasis on oil projects within Africa\", rocketed from \u00a315m to \u00a3115m. White Nile, which raised \u00a39m from institutions and private investors before listing, said it is \"negotiating with the new government of South Sudan regarding certain oil concessions\". A spokesman said the huge rise in the share price was the result of \"a lot of demand ... Andrew Groves has a reputation for delivering projects. Their model - raising finance, launching a shell and early stage development - has been proved to work.\" White Nile is the fourth natural resources exploration firm Mr Groves and Mr Edmonds have brought to Aim. In November they were behind Central African Mining and Exploration, which has gold and tantalum investments in Mozambique, Democratic Republic of the Congo and South Africa. It listed at 4.5p and is now changing hands at 11p. They were also behind Capricorn Resources, which went from 1.5p to 13p and is now trading around 5p, and South African Resources, a platinum exploration group which climbed from 2p to 42p last November and is now trading around 34p. Mr Edmonds, 53, had a reputation as a colourful bon viveur in his cricketing days and had regular clashes with the cricketing authorities. Since retiring he has held directorships at more than 40 companies, not all of them successful, in activities ranging from Russian investments to Philippines gold, financial services and property. Yesterday he was in South Africa and unavailable for comment. Exploration companies hoping to cash in on the natural resources of developing countries are a current stock market favourite, with some analysts comparing the appetite for such companies to the internet boom of the late 1990s.",
      "charCount": "2269"
    },
    "isHosted": false,
    "pillarId": "pillar/news",
    "pillarName": "News"
  },
  {
    "id": "business/2005/feb/11/9",
    "type": "article",
    "sectionId": "business",
    "sectionName": "Business",
    "webPublicationDate": "2005-02-11T00:04:24Z",
    "webTitle": "ICI shake-up acts as sales catalyst",
    "webUrl": "https://www.theguardian.com/business/2005/feb/11/9",
    "apiUrl": "https://content.guardianapis.com/business/2005/feb/11/9",
    "fields": {
      "headline": "ICI shake-up acts as sales catalyst",
      "trailText": "<p>Chemicals and paint group ICI say price rises and a business shake-up helped it lift annual sales and profits. </p>",
      "byline": "Phil Waller",
      "main": "",
      "body": "<p>Chemicals and paint group ICI said yesterday that price rises and a business shake-up had helped it lift annual sales and profits. </p> <p>ICI said the price increases and benefits of its restructuring, as well as strong volume growth, had more than offset rising raw material costs. </p> <p>While annual group sales including currency movements fell 4% to \u00a35.6bn, comparable sales lifted 7%. </p> <p>Pre-tax profits before goodwill and one-off items for the year to December 31 climbed 16% to \u00a3397m. </p> <p>The firm behind Dulux paints has been working to bounce back from a series of disappointments in the past two years when tough economic conditions and problems at key divisions affected its performance. </p> <p>The company, which employs more than 35,000 people worldwide, cut 1,400 jobs in 2003 as part of a drive to make cost savings of \u00a370m. </p> <p>Yesterday it said it had ended 2004 with another strong quarter and its restructuring remained on track.</p> <p>John McAdam, the chief executive, said all its main units - including international businesses National Starch, Quest, its flavourings and fragrances division, Uniqema, which makes oleochemicals and surfactants found in skin cream and shower gel, and Paints - had delivered good comparable trading profit growth during the year.</p> <p>He warned that further price increases would be necessary to pay for rising raw material costs and added: \"If customer demand remains strong, as generally appears to be the case today, we expect 2005 to be another year of progress.\" </p> <p>ICI said focusing on cost and capital effectiveness underpinned the improvement in group trading margins to 8.6% in 2004 from 7.4% in 2003, with savings of \u00a372m achieved during the year. </p> <p>Developments in the fourth quarter included the closure ahead of schedule of a starch plant in Canada and a further 336 job cuts, which a spokesman said were part of the 1,400 redundancies already announced.</p>",
      "newspaperPageNumber": "23",
      "wordcount": "313",
      "commentable": "false",
      "isPremoderated": "false",
      "lastModified": "2005-02-11T00:04:24Z",
      "newspaperEditionDate": "2005-02-11T00:00:00Z",
      "productionOffice": "UK",
      "publication": "theguardian.com",
      "shortUrl": "https://gu.com/p/8tec",
      "shouldHideAdverts": "false",
      "showInRelatedContent": "true",
      "legallySensitive": "false",
      "lang": "en",
      "bodyText": "Chemicals and paint group ICI said yesterday that price rises and a business shake-up had helped it lift annual sales and profits. ICI said the price increases and benefits of its restructuring, as well as strong volume growth, had more than offset rising raw material costs. While annual group sales including currency movements fell 4% to \u00a35.6bn, comparable sales lifted 7%. Pre-tax profits before goodwill and one-off items for the year to December 31 climbed 16% to \u00a3397m. The firm behind Dulux paints has been working to bounce back from a series of disappointments in the past two years when tough economic conditions and problems at key divisions affected its performance. The company, which employs more than 35,000 people worldwide, cut 1,400 jobs in 2003 as part of a drive to make cost savings of \u00a370m. Yesterday it said it had ended 2004 with another strong quarter and its restructuring remained on track. John McAdam, the chief executive, said all its main units - including international businesses National Starch, Quest, its flavourings and fragrances division, Uniqema, which makes oleochemicals and surfactants found in skin cream and shower gel, and Paints - had delivered good comparable trading profit growth during the year. He warned that further price increases would be necessary to pay for rising raw material costs and added: \"If customer demand remains strong, as generally appears to be the case today, we expect 2005 to be another year of progress.\" ICI said focusing on cost and capital effectiveness underpinned the improvement in group trading margins to 8.6% in 2004 from 7.4% in 2003, with savings of \u00a372m achieved during the year. Developments in the fourth quarter included the closure ahead of schedule of a starch plant in Canada and a further 336 job cuts, which a spokesman said were part of the 1,400 redundancies already announced.",
      "charCount": "1875"
    },
    "isHosted": false,
    "pillarId": "pillar/news",
    "pillarName": "News"
  },
  {
    "id": "business/2005/feb/11/13",
    "type": "article",
    "sectionId": "business",
    "sectionName": "Business",
    "webPublicationDate": "2005-02-11T00:03:06Z",
    "webTitle": "Rolls-Royce powers up to better profits",
    "webUrl": "https://www.theguardian.com/business/2005/feb/11/13",
    "apiUrl": "https://content.guardianapis.com/business/2005/feb/11/13",
    "fields": {
      "headline": "Rolls-Royce powers up to better profits",
      "trailText": "<p>Aero-engine maker Rolls-Royce has powered its way to a better than expected profits performance, driven by higher deliveries for civil aeroplanes.</p>",
      "byline": "Mark Milner",
      "main": "",
      "body": "<p>Aero-engine maker Rolls-Royce has powered its way to a better than expected profits performance, driven by higher deliveries for civil aeroplanes and a strong performance from the after-sales service business. </p> <p>Pre-tax profits in 2004 climbed from \u00a3180m to \u00a3306m while orders - including engines for Boeing's new 787 and the 550-seater Airbus A380 - are now at a record level of almost \u00a319bn, extending a run of double-digit compound growth which now stretches back for a decade. Sales rose 5% to almost \u00a36bn.</p> <p>The company's hopes of recovering the single A credit rating, which it enjoyed before the effects of the 9/11 terror attacks on the aviation sector, were boosted by a fall in average net debt of more than 40% to \u00a3560m. </p> <p>But there was some disappointment in the City at an unchanged dividend payout of 8.18p a share. </p> <p>Analysts at investment bank Dresdner Kleinwort Wasserstein said the rise in orders was \"encouraging\" but the same dividend was \"disappointing\". </p> <p>\"We suspect the lack of a dividend increase means at least a check on share price momentum in the short term,\" the Dresdner analysts said. </p> <p>Rolls-Royce shares closed down 7p at 265p. </p> <p>The chief executive, Sir John Rose, said the results showed the benefits of consistent strategy. Service revenues were up 14% to \u00a33.2bn and accounted for 55% of total sales; engine deliveries in the civil aerospace market rose from 746 to 824, with further growth expected this year. </p> <p>In defence, the confirmation of a second tranche of Eurofighter Typhoons will mean work worth about \u00a3750m for Rolls-Royce, starting this year. </p> <p>The group is expanding the use of its engines in the oil and gas industry with a series of orders in the far east - a region of increasing importance to Rolls-Royce. \"It is a very big market. For us it is an opportunity, not a threat, we don't have a high labour [cost] component in our products,\" Sir John said. </p> <p>Rolls-Royce said demand in all the four power sectors in which it operates - civil aerospace, defence, marine and energy - was expected to grow strongly in the coming years. </p> <p>\"The aggregate demand for engines and services across all four sectors over the next 20 years is estimated to be worth approximately $2,000bn,\" the group said in a statement.</p>",
      "newspaperPageNumber": "23",
      "wordcount": "385",
      "commentable": "false",
      "isPremoderated": "false",
      "lastModified": "2005-02-11T00:03:06Z",
      "newspaperEditionDate": "2005-02-11T00:00:00Z",
      "productionOffice": "UK",
      "publication": "theguardian.com",
      "shortUrl": "https://gu.com/p/8teg",
      "shouldHideAdverts": "false",
      "showInRelatedContent": "true",
      "legallySensitive": "false",
      "lang": "en",
      "bodyText": "Aero-engine maker Rolls-Royce has powered its way to a better than expected profits performance, driven by higher deliveries for civil aeroplanes and a strong performance from the after-sales service business. Pre-tax profits in 2004 climbed from \u00a3180m to \u00a3306m while orders - including engines for Boeing's new 787 and the 550-seater Airbus A380 - are now at a record level of almost \u00a319bn, extending a run of double-digit compound growth which now stretches back for a decade. Sales rose 5% to almost \u00a36bn. The company's hopes of recovering the single A credit rating, which it enjoyed before the effects of the 9/11 terror attacks on the aviation sector, were boosted by a fall in average net debt of more than 40% to \u00a3560m. But there was some disappointment in the City at an unchanged dividend payout of 8.18p a share. Analysts at investment bank Dresdner Kleinwort Wasserstein said the rise in orders was \"encouraging\" but the same dividend was \"disappointing\". \"We suspect the lack of a dividend increase means at least a check on share price momentum in the short term,\" the Dresdner analysts said. Rolls-Royce shares closed down 7p at 265p. The chief executive, Sir John Rose, said the results showed the benefits of consistent strategy. Service revenues were up 14% to \u00a33.2bn and accounted for 55% of total sales; engine deliveries in the civil aerospace market rose from 746 to 824, with further growth expected this year. In defence, the confirmation of a second tranche of Eurofighter Typhoons will mean work worth about \u00a3750m for Rolls-Royce, starting this year. The group is expanding the use of its engines in the oil and gas industry with a series of orders in the far east - a region of increasing importance to Rolls-Royce. \"It is a very big market. For us it is an opportunity, not a threat, we don't have a high labour [cost] component in our products,\" Sir John said. Rolls-Royce said demand in all the four power sectors in which it operates - civil aerospace, defence, marine and energy - was expected to grow strongly in the coming years. \"The aggregate demand for engines and services across all four sectors over the next 20 years is estimated to be worth approximately $2,000bn,\" the group said in a statement.",
      "charCount": "2238"
    },
    "isHosted": false,
    "pillarId": "pillar/news",
    "pillarName": "News"
  }
]