[
  {
    "id": "media/2005/jan/13/television.citynews",
    "type": "article",
    "sectionId": "media",
    "sectionName": "Media",
    "webPublicationDate": "2005-01-13T16:37:12Z",
    "webTitle": "NTL in talks to sell Irish division",
    "webUrl": "https://www.theguardian.com/media/2005/jan/13/television.citynews",
    "apiUrl": "https://content.guardianapis.com/media/2005/jan/13/television.citynews",
    "fields": {
      "headline": "NTL in talks to sell Irish division",
      "trailText": "<p>Cable giant NTL is expecting to take a significant financial hit in Ireland after it emerged it was in talks to sell its interests there for around a quarter of the price it paid six years ago. By <strong>Chris Tryhorn</strong>.</p>",
      "byline": "Chris Tryhorn, City correspondent",
      "main": "",
      "body": "<p>Cable giant NTL is expecting to take a significant financial hit in Ireland after it emerged it was in talks to sell its interests there for around a quarter of the price it paid for the loss-making division six years ago.</p> <p>Investment bank Goldman Sachs is to handle the proposed sale and has called several potential bidders, according to a report in the Irish Times.</p> <p>It is looking to conclude the auction by mid-March in a process that has apparently been codenamed \"Jameson\".</p> <p>The likely asking price is said to be between 150m and 200m euros (\u00a3105m - \u00a3140m).</p> <p>That compares with the 680m euros, or \u00a3480m, it paid for the business when it acquired it from RTE and Eircom in 1999.</p> <p>The difference reflects the fact that any new owner would have to spend millions upgrading NTL's cable network to allow it to offer a broadband internet service.</p> <p>NTL Ireland is the country's biggest cable TV supplier with more than 340,000 customers in Dublin, Galway and Waterford. </p> <p>But at the moment it cannot supply the \"triple play\" offering of TV, broadband and telephony that has proved successful in the UK.</p> <p>It does not have the bandwidth for broadband, which offers the most scope for growth, and last year had to disconnect its last 2,000 telephone customers after warning them that phone connection boxes could catch fire. </p> <p>Among potential bidders for NTL Ireland is UGC Europe Communications, the international cable firm owned by US media tycoon John Malone.</p> <p>Last month UGC snapped up Chorus Communications, NTL's main rival with 200,000 subscribers, which was part owned by Tony O'Reilly's Independent News and Media.</p> <p>An NTL spokeswoman said: \"We don't comment on media speculation.\"</p> <p><strong>\u00b7</strong> To contact the MediaGuardian news desk email <a href=\"mailto:editor@mediatheguardian.com\">editor@mediatheguardian.com</a> or phone 020 7239 9857</p> <p><strong><strong>\u00b7</strong></strong> If you are writing a comment for publication, please mark clearly \"for publication\".</p>",
      "wordcount": "313",
      "commentable": "false",
      "isPremoderated": "false",
      "lastModified": "2016-08-11T20:25:56Z",
      "newspaperEditionDate": "2005-01-13T00:00:00Z",
      "productionOffice": "UK",
      "publication": "theguardian.com",
      "shortUrl": "https://gu.com/p/8fpy",
      "shouldHideAdverts": "false",
      "showInRelatedContent": "true",
      "legallySensitive": "false",
      "lang": "en",
      "bodyText": "Cable giant NTL is expecting to take a significant financial hit in Ireland after it emerged it was in talks to sell its interests there for around a quarter of the price it paid for the loss-making division six years ago. Investment bank Goldman Sachs is to handle the proposed sale and has called several potential bidders, according to a report in the Irish Times. It is looking to conclude the auction by mid-March in a process that has apparently been codenamed \"Jameson\". The likely asking price is said to be between 150m and 200m euros (\u00a3105m - \u00a3140m). That compares with the 680m euros, or \u00a3480m, it paid for the business when it acquired it from RTE and Eircom in 1999. The difference reflects the fact that any new owner would have to spend millions upgrading NTL's cable network to allow it to offer a broadband internet service. NTL Ireland is the country's biggest cable TV supplier with more than 340,000 customers in Dublin, Galway and Waterford. But at the moment it cannot supply the \"triple play\" offering of TV, broadband and telephony that has proved successful in the UK. It does not have the bandwidth for broadband, which offers the most scope for growth, and last year had to disconnect its last 2,000 telephone customers after warning them that phone connection boxes could catch fire. Among potential bidders for NTL Ireland is UGC Europe Communications, the international cable firm owned by US media tycoon John Malone. Last month UGC snapped up Chorus Communications, NTL's main rival with 200,000 subscribers, which was part owned by Tony O'Reilly's Independent News and Media. An NTL spokeswoman said: \"We don't comment on media speculation.\" \u00b7 To contact the MediaGuardian news desk email editor@mediatheguardian.com or phone 020 7239 9857 \u00b7 If you are writing a comment for publication, please mark clearly \"for publication\".",
      "charCount": "1859"
    },
    "isHosted": false,
    "pillarId": "pillar/news",
    "pillarName": "News"
  },
  {
    "id": "media/2005/jan/13/marketingandpr.uknews",
    "type": "article",
    "sectionId": "media",
    "sectionName": "Media",
    "webPublicationDate": "2005-01-13T14:53:56Z",
    "webTitle": "Heinz paid \u00a315k for Jamie's beans on toast",
    "webUrl": "https://www.theguardian.com/media/2005/jan/13/marketingandpr.uknews",
    "apiUrl": "https://content.guardianapis.com/media/2005/jan/13/marketingandpr.uknews",
    "fields": {
      "headline": "Heinz paid \u00a315k for Jamie's beans on toast",
      "trailText": "<p>An unlikely war of words has broken out between Jamie Oliver and Heinz after the TV chef revealed the food giant paid \u00a315,000 to have beans on toast included on the menu of his east London restaurant. By <strong>John Plunkett</strong>.</p>",
      "byline": "John Plunkett",
      "main": "",
      "body": "<p>An unlikely war of words has broken out between Jamie Oliver and Heinz after the TV chef revealed the food giant paid \u00a315,000 to have beans on toast included on the menu of his east London restaurant.</p> <p>Oliver generated acres of publicity - much of it negative - when he introduced the unlikely dish on the menu at Fifteen, priced \u00a37. Best Baked Bean Bruschetta was described as a \"signature dish\" of one of Oliver's trainees and was served with olive oil, cherry tomatoes, red chillies and parmesan on ciabatta. </p> <p>Now Oliver has revealed the dish was a publicity stunt created after Heinz paid him \u00a315,000 to include baked beans on the menu.</p> <p>\"I should have been brighter. Baked beans have got absolutely no place in any restaurant with integrity,\" he said. </p> <p>\"Heinz came to us and offered \u00a315,000 for us to put something cool made with baked beans on the menu.</p> <p>\"That funds one student for a whole year. Am I going to do it? Of course I am. What I didn't realise was that Heinz's marketing department was also working on it and next thing I know we've got giant baked beans running across the restaurant and paparazzi outside shouting Oliver's a wanker! It was quite surreal.</p> <p>\"If I'd known, I'd have given Heinz their money back,\" he told the Evening Standard's ES magazine.</p> <p>Oliver's restaurant, staffed by trainees from his hit Channel 4 reality show Jamie's Kitchen, was widely ridiculed for the \u00a37 baked beans offering. It prompted the Sun to cook its own version of the dish, total cost 32p.</p> <p>But Heinz today hit back at Oliver, saying it wasn't their decision to charge \u00a37 for the snack. A spokesman said he was \"both surprised and disappointed\" by the TV chef's comments.</p> <p>\"Heinz baked beans are the perfect food for restaurants because they are low in fat and high in fibre and contain many essential minerals,\" said spokesman Michael Mullen. Heinz did not make any payment to Jamie Oliver or to Fifteen. We made a charitable donation to his charity, Cheeky Chops, set up to aid and develop cooking skills in today's youth.</p> <p>\"At no point was Heinz involved in setting a price for the beans in the restaurant. We had meetings with Jamie's representatives and showed him all the details of the marketing.\"</p> <p>When the baked beans dish was first unveiled last September, the restaurant said it was invented by trainee Zoe Brotherton. It said it combined memories of her youth - in which baked beans played a major role - along with symbols of her new and glitzier surroundings.</p> <p>Fifteen head chef Arthur Potts said: \"Zoe has created something which is both simple and nutritious. As most of us here at Fifteen grew up on baked beans, we are proud to add the 'Best Baked Bean Bruschetta' to our menu.\" After initial publicity, the price of the dish was cut to \u00a35.95.</p> <p>Fifteen grew out of Jamie's Kitchen, in which the chef set about training unskilled young job seekers to be top chefs. It attracted audiences of 6 million people when it aired two years ago, and was voted most entertaining documentary of the year at the prestigious Grierson awards.</p> <p><strong>\u00b7</strong> To contact the MediaGuardian news desk email <a href=\"mailto:editor@mediatheguardian.com\">editor@mediatheguardian.com</a> or phone 020 7239 9857</p> <p><strong><strong>\u00b7</strong></strong> If you are writing a comment for publication, please mark clearly \"for publication\".</p>",
      "wordcount": "568",
      "commentable": "false",
      "isPremoderated": "false",
      "lastModified": "2017-09-15T20:55:50Z",
      "newspaperEditionDate": "2005-01-13T00:00:00Z",
      "productionOffice": "UK",
      "publication": "theguardian.com",
      "shortUrl": "https://gu.com/p/8fpj",
      "shouldHideAdverts": "false",
      "showInRelatedContent": "true",
      "legallySensitive": "false",
      "lang": "en",
      "bodyText": "An unlikely war of words has broken out between Jamie Oliver and Heinz after the TV chef revealed the food giant paid \u00a315,000 to have beans on toast included on the menu of his east London restaurant. Oliver generated acres of publicity - much of it negative - when he introduced the unlikely dish on the menu at Fifteen, priced \u00a37. Best Baked Bean Bruschetta was described as a \"signature dish\" of one of Oliver's trainees and was served with olive oil, cherry tomatoes, red chillies and parmesan on ciabatta. Now Oliver has revealed the dish was a publicity stunt created after Heinz paid him \u00a315,000 to include baked beans on the menu. \"I should have been brighter. Baked beans have got absolutely no place in any restaurant with integrity,\" he said. \"Heinz came to us and offered \u00a315,000 for us to put something cool made with baked beans on the menu. \"That funds one student for a whole year. Am I going to do it? Of course I am. What I didn't realise was that Heinz's marketing department was also working on it and next thing I know we've got giant baked beans running across the restaurant and paparazzi outside shouting Oliver's a wanker! It was quite surreal. \"If I'd known, I'd have given Heinz their money back,\" he told the Evening Standard's ES magazine. Oliver's restaurant, staffed by trainees from his hit Channel 4 reality show Jamie's Kitchen, was widely ridiculed for the \u00a37 baked beans offering. It prompted the Sun to cook its own version of the dish, total cost 32p. But Heinz today hit back at Oliver, saying it wasn't their decision to charge \u00a37 for the snack. A spokesman said he was \"both surprised and disappointed\" by the TV chef's comments. \"Heinz baked beans are the perfect food for restaurants because they are low in fat and high in fibre and contain many essential minerals,\" said spokesman Michael Mullen. Heinz did not make any payment to Jamie Oliver or to Fifteen. We made a charitable donation to his charity, Cheeky Chops, set up to aid and develop cooking skills in today's youth. \"At no point was Heinz involved in setting a price for the beans in the restaurant. We had meetings with Jamie's representatives and showed him all the details of the marketing.\" When the baked beans dish was first unveiled last September, the restaurant said it was invented by trainee Zoe Brotherton. It said it combined memories of her youth - in which baked beans played a major role - along with symbols of her new and glitzier surroundings. Fifteen head chef Arthur Potts said: \"Zoe has created something which is both simple and nutritious. As most of us here at Fifteen grew up on baked beans, we are proud to add the 'Best Baked Bean Bruschetta' to our menu.\" After initial publicity, the price of the dish was cut to \u00a35.95. Fifteen grew out of Jamie's Kitchen, in which the chef set about training unskilled young job seekers to be top chefs. It attracted audiences of 6 million people when it aired two years ago, and was voted most entertaining documentary of the year at the prestigious Grierson awards. \u00b7 To contact the MediaGuardian news desk email editor@mediatheguardian.com or phone 020 7239 9857 \u00b7 If you are writing a comment for publication, please mark clearly \"for publication\".",
      "charCount": "3224"
    },
    "isHosted": false,
    "pillarId": "pillar/news",
    "pillarName": "News"
  },
  {
    "id": "uk/2005/jan/13/politics.equatorialguinea",
    "type": "article",
    "sectionId": "uk-news",
    "sectionName": "UK news",
    "webPublicationDate": "2005-01-13T02:15:54Z",
    "webTitle": "Poolside plots: the chronicle of a coup foretold",
    "webUrl": "https://www.theguardian.com/uk/2005/jan/13/politics.equatorialguinea",
    "apiUrl": "https://content.guardianapis.com/uk/2005/jan/13/politics.equatorialguinea",
    "fields": {
      "headline": "Poolside plots: the chronicle of a coup foretold",
      "standfirst": "Christmas party took place at crucial stage of plan",
      "trailText": "Christmas party took place at crucial stage of plan.",
      "byline": "David Leigh and Rory Carroll in Johannesburg and Isabelle Chevallot",
      "main": "",
      "body": "Sir Mark Thatcher's South African Christmas was infuriating for him by all accounts. <p>On bail and forbidden even to travel to the airport to greet his ever-loyal mother, he asked the rightwing British historian Andrew Roberts to join the pair of them for quiet drinks on Christmas Day. </p> <p>His reward was to be described as \"the world's most famous mummy's boy\" in a diary column by Roberts' partner, the writer Leonie Frieda. </p> <p>\"The atmosphere was one of British bulldog stoicism and pathos-laden cheer,\" she wrote. \"Awaiting the extradition papers at any moment, wifeless, childless and to a large extent friendless... his sad eyes belied the chipper, breezy chat.\" </p> <p>Sir Mark's wife, Diane, left him behind last autumn and flew home to Dallas, Texas, with their two children, Michael, 15, and Amanda, 11. </p> <p>In recent interviews, the 51-year-old complained that no-one would do business with him any more. He felt \"like a corpse that's going down the Colorado river and there's nothing I can do about it\". </p> <p>But today's plea bargain has, to a certain extent, got him off the hook. His rescue comes, however, at the price of acquiring a criminal conviction. </p> <p>This is to add to the long list of gaffes, controversies and questions concerning the unexplained way in which he has acquired his wealth since his mother became prime minister back in 1979. </p> <p>Sir Mark left England in the 1980s, in the wake of allegations that he had used his mother's position to extract commission payments from a construction company lobbying for work in the Middle Eastern state of Oman. </p> <p>There have also been persistent claims that he received millions in commission payments from middle-men involved in the vast Saudi Arabian arms deal negotiated by Lady Thatcher. </p> <p>He moved to Dallas where his wife's family lived, but his business affairs remained opaque. </p> <p>After an unsuccessful attempt to establish tax residency in Switzerland, he moved to Cape Town in South Africa, where a raffish, largely white group of suburbanites continue to enjoy a Happy Valley lifestyle revolving round the golf course and the swimming pool, despite the ending of apartheid and white rule. </p> <p>The Christmas before last, the atmosphere chez Thatcher had been, to judge by subsequent testimony, replete with suppressed excitement and whispered confidences. </p> <p>Invitations to the poolside included mercenaries and their friends among others. Among those present was Simon Mann, late of Eton and the SAS, who had made millions from his mercenary company, Executive Outcomes. </p> <p>EO had fought on behalf of President dos Santos of Angola, and carried out a lucrative mission in Papua New Guinea. Mann and his men were colleagues of Colonel Tim Spicer, the British soldier whose private army intervention in Sierra Leone caused controversy in Britain. </p> <p>Another EO associate present was Chiswick accountant Greg Wales, who was a link-man with would-be Equatorial Guinea president Severo Moto, currently in exile in Spain, and with government officials in the US, which has big oil interests in Equatorial Guinea. </p> <p>According to the evidence subsequently collected by the Obiang regime and the South African government, the coup plot had reached a crucial stage by the time of Sir Mark's Christmas party. </p> <p>Mann was assembling a team of apartheid-era footsoldiers in South Africa, an advance group which had already gone to Malabo, the capital of Equatorial Guinea, under cover of running a trawling company. </p> <p>None of the participants was aware that their scheme had already leaked to South African and British intelligence. The Foreign Office in London even issued a quiet warning last January to Spicer, Mann's former colleague. Spicer says he was unaware of any coup plot, and did not pass on the warning to Mann. </p> <p>Funds were being energetically collected by the plotters, allegedly under the direction of Eli Calil, a Lebanese millionaire who lives in a Chelsea mansion and whose influential connections ranged from the disgraced Thatcherite peer Jeffrey Archer to Peter Mandelson. It is not suggested that Mandelson had knowledge of the coup. But \"JH Archer\" was found in bank records to have contributed cash. Archer denies making the payment. </p> <p>More than $2m was raised around Christmas 2003 to fund the coup. Sir Mark admits he put in money - $275,000 in two instalments. </p> <p>The cash went to a colleague of the mercenaries, pilot Crause Steyl, who in his own plea bargain with the South African authorities gave a detailed account of meetings involving Mann, Wales and Sir Mark specifically to discuss the coup. </p> <p>Intelligence reports obtained by South Africa, and Steyl's own testimony, detail the way Steyl's cash was used to hire a helicopter, charter a light aircraft, and fund Mann's Guernsey bank account, which was recruiting the footsoldiers. </p> <p>But the South African prosecutors faced legal difficulties in mounting a conspiracy trial against Sir Mark. Their star state witness, Steyl, was vulnerable to accusations he was only trying to save his own skin. </p> <p>Wales remains at large back in England, where he protests his innocence and is clearly unwilling to return to South Africa. </p> <p>Mann has retracted his own confession while serving a jail sentence in Harare, Zimbabwe, and was not going to be available to testify. </p> <p>Sir Mark himself says that he had made an \"investment\" to hire a helicopter for what he believed to be a harmless air ambulance company. </p> <p>Faced with the prospect of a long, uncertain and expensive legal test of their so- far untried anti-mercenary laws, the South African authorities have decided to compromise. </p> <p>They are now believed to be planning to investigate Sir Mark's tax affairs. But none of his friends expects him to remain in South Africa long enough for that to happen. </p> <p><b>Chequered career</b></p> <p><b>\u00b7</b> Born with twin Carol on August 15, 1953 </p> <p><b>\u00b7</b> Left Harrow with three O levels. Did not go to university and studied to be a chartered accountant but failed exams three times </p> <p><b>\u00b7</b> Set up Mark Thatcher Racing in 1977, which hit financial problems. In 1982 got lost in the Sahara during rally, sparking international rescue operation </p> <p><b>\u00b7</b> In 1984 his mother, then prime minister, defended him in the Commons over reported involvement in \u00a3300m contract to build university in Oman </p> <p><b>\u00b7</b> Moved to Texas in 1984. Married Diane Bergdorf, daughter of millionaire car dealer, in 1987 </p> <p><b>\u00b7</b> Faced allegations of racketeering in a multi-million civil action in US in 1994. Settled out of court </p> <p><b>\u00b7</b> Moved to South Africa in 1995, where he came under investigation by authorities over loans schemes in 1998 </p> <p><b>\u00b7</b> Arrested last August by South African police over a failed coup in Equatorial Guinea, and said later: \"I feel like a cork floating down the Colorado river.\"</p>",
      "newspaperPageNumber": "4",
      "wordcount": "1096",
      "commentable": "false",
      "isPremoderated": "false",
      "lastModified": "2017-09-20T17:46:50Z",
      "newspaperEditionDate": "2005-01-13T00:00:00Z",
      "productionOffice": "UK",
      "publication": "theguardian.com",
      "shortUrl": "https://gu.com/p/g35d",
      "shouldHideAdverts": "false",
      "showInRelatedContent": "true",
      "legallySensitive": "false",
      "lang": "en",
      "bodyText": "Sir Mark Thatcher's South African Christmas was infuriating for him by all accounts. On bail and forbidden even to travel to the airport to greet his ever-loyal mother, he asked the rightwing British historian Andrew Roberts to join the pair of them for quiet drinks on Christmas Day. His reward was to be described as \"the world's most famous mummy's boy\" in a diary column by Roberts' partner, the writer Leonie Frieda. \"The atmosphere was one of British bulldog stoicism and pathos-laden cheer,\" she wrote. \"Awaiting the extradition papers at any moment, wifeless, childless and to a large extent friendless... his sad eyes belied the chipper, breezy chat.\" Sir Mark's wife, Diane, left him behind last autumn and flew home to Dallas, Texas, with their two children, Michael, 15, and Amanda, 11. In recent interviews, the 51-year-old complained that no-one would do business with him any more. He felt \"like a corpse that's going down the Colorado river and there's nothing I can do about it\". But today's plea bargain has, to a certain extent, got him off the hook. His rescue comes, however, at the price of acquiring a criminal conviction. This is to add to the long list of gaffes, controversies and questions concerning the unexplained way in which he has acquired his wealth since his mother became prime minister back in 1979. Sir Mark left England in the 1980s, in the wake of allegations that he had used his mother's position to extract commission payments from a construction company lobbying for work in the Middle Eastern state of Oman. There have also been persistent claims that he received millions in commission payments from middle-men involved in the vast Saudi Arabian arms deal negotiated by Lady Thatcher. He moved to Dallas where his wife's family lived, but his business affairs remained opaque. After an unsuccessful attempt to establish tax residency in Switzerland, he moved to Cape Town in South Africa, where a raffish, largely white group of suburbanites continue to enjoy a Happy Valley lifestyle revolving round the golf course and the swimming pool, despite the ending of apartheid and white rule. The Christmas before last, the atmosphere chez Thatcher had been, to judge by subsequent testimony, replete with suppressed excitement and whispered confidences. Invitations to the poolside included mercenaries and their friends among others. Among those present was Simon Mann, late of Eton and the SAS, who had made millions from his mercenary company, Executive Outcomes. EO had fought on behalf of President dos Santos of Angola, and carried out a lucrative mission in Papua New Guinea. Mann and his men were colleagues of Colonel Tim Spicer, the British soldier whose private army intervention in Sierra Leone caused controversy in Britain. Another EO associate present was Chiswick accountant Greg Wales, who was a link-man with would-be Equatorial Guinea president Severo Moto, currently in exile in Spain, and with government officials in the US, which has big oil interests in Equatorial Guinea. According to the evidence subsequently collected by the Obiang regime and the South African government, the coup plot had reached a crucial stage by the time of Sir Mark's Christmas party. Mann was assembling a team of apartheid-era footsoldiers in South Africa, an advance group which had already gone to Malabo, the capital of Equatorial Guinea, under cover of running a trawling company. None of the participants was aware that their scheme had already leaked to South African and British intelligence. The Foreign Office in London even issued a quiet warning last January to Spicer, Mann's former colleague. Spicer says he was unaware of any coup plot, and did not pass on the warning to Mann. Funds were being energetically collected by the plotters, allegedly under the direction of Eli Calil, a Lebanese millionaire who lives in a Chelsea mansion and whose influential connections ranged from the disgraced Thatcherite peer Jeffrey Archer to Peter Mandelson. It is not suggested that Mandelson had knowledge of the coup. But \"JH Archer\" was found in bank records to have contributed cash. Archer denies making the payment. More than $2m was raised around Christmas 2003 to fund the coup. Sir Mark admits he put in money - $275,000 in two instalments. The cash went to a colleague of the mercenaries, pilot Crause Steyl, who in his own plea bargain with the South African authorities gave a detailed account of meetings involving Mann, Wales and Sir Mark specifically to discuss the coup. Intelligence reports obtained by South Africa, and Steyl's own testimony, detail the way Steyl's cash was used to hire a helicopter, charter a light aircraft, and fund Mann's Guernsey bank account, which was recruiting the footsoldiers. But the South African prosecutors faced legal difficulties in mounting a conspiracy trial against Sir Mark. Their star state witness, Steyl, was vulnerable to accusations he was only trying to save his own skin. Wales remains at large back in England, where he protests his innocence and is clearly unwilling to return to South Africa. Mann has retracted his own confession while serving a jail sentence in Harare, Zimbabwe, and was not going to be available to testify. Sir Mark himself says that he had made an \"investment\" to hire a helicopter for what he believed to be a harmless air ambulance company. Faced with the prospect of a long, uncertain and expensive legal test of their so- far untried anti-mercenary laws, the South African authorities have decided to compromise. They are now believed to be planning to investigate Sir Mark's tax affairs. But none of his friends expects him to remain in South Africa long enough for that to happen. Chequered career \u00b7 Born with twin Carol on August 15, 1953 \u00b7 Left Harrow with three O levels. Did not go to university and studied to be a chartered accountant but failed exams three times \u00b7 Set up Mark Thatcher Racing in 1977, which hit financial problems. In 1982 got lost in the Sahara during rally, sparking international rescue operation \u00b7 In 1984 his mother, then prime minister, defended him in the Commons over reported involvement in \u00a3300m contract to build university in Oman \u00b7 Moved to Texas in 1984. Married Diane Bergdorf, daughter of millionaire car dealer, in 1987 \u00b7 Faced allegations of racketeering in a multi-million civil action in US in 1994. Settled out of court \u00b7 Moved to South Africa in 1995, where he came under investigation by authorities over loans schemes in 1998 \u00b7 Arrested last August by South African police over a failed coup in Equatorial Guinea, and said later: \"I feel like a cork floating down the Colorado river.\"",
      "charCount": "6674"
    },
    "isHosted": false,
    "pillarId": "pillar/news",
    "pillarName": "News"
  },
  {
    "id": "business/2005/jan/13/tesco",
    "type": "article",
    "sectionId": "business",
    "sectionName": "Business",
    "webPublicationDate": "2005-01-13T00:05:17Z",
    "webTitle": "Market forces",
    "webUrl": "https://www.theguardian.com/business/2005/jan/13/tesco",
    "apiUrl": "https://content.guardianapis.com/business/2005/jan/13/tesco",
    "fields": {
      "headline": "Tesco scents eastern promise",
      "trailText": "<p>Lightning can strike twice: that was what City traders were being asked to believe late yesterday as an intriguing tale concerning <strong>Tesco</strong> swirled through the dealing rooms. </p>",
      "byline": "Neil Hume",
      "main": "",
      "body": "<p>Lightning can strike twice: that was what City traders were being asked to believe late yesterday as an intriguing tale concerning <strong>Tesco</strong> swirled through the dealing rooms. </p> <p>This time last year, the UK's biggest food retailer surprised the market by announcing, alongside its Christmas trading statement, plans to raise more than \u00a3800m through a share placing. Tesco claimed the cash was needed to give it the \"flexibility and firepower\" to take advantage of further expansion opportunities. </p> <p>The talk in the Square Mile yesterday was that Tesco would announce another equity issuance of a similar size alongside this year's Christmas update, which is due on Tuesday. According to the tittle-tattle, the money would be used to fund expansion in Asia and, in particular, China. </p> <p>Given the strong performance of Tesco shares over the past year - up 23% - it would make sense for it to issue new shares if it has identified acquisition opportunities in the Asia. </p> <p>However, analysts were quick to point out that Tesco had not used all of the money it raised last year and questioned what it could buy. \"I can't see what is out there that they would need this sort of money for,\" one said. </p> <p>Nonetheless, with several hedge funds betting on a repeat performance from Tesco, its shares closed 6p lower at 315.25p - the FTSE 100's sixth biggest faller. </p> <p>They may recover today, however. After the market closed, the latest TNS share data was released for the all-important Christmas period, and it showed Tesco had recorded its highest sales growth to date, up 13%, in the four weeks to January 2. </p> <p>The other notable feature of the TNS report was signs of a recovery at <strong>Sainsbury's</strong>, which issues its Christmas trading statement this morning. It showed that Sainsbury, off 1.75p at 264.75p, had put in its best performance for a year, with sales growth of 1.9%. </p> <p>In the wider market, a firmer oil price, a mixed start to the United States reporting season and news of a record US trade deficit all conspired to push leading shares lower. The final scores showed the <strong>FTSE 100</strong> down 35.1 points at 4,783.6, with building materials group <strong>Hanson</strong>, 19.25p higher at 481p, the biggest riser, excited by news of a bid approach of 140p a share for <strong>Aggregate Industries</strong>, 26p stronger at 140p. The Aggregate bid helped the <strong>FTSE 250</strong> outperform its blue chip cousin. The mid-cap index rose 23.7 to 6,967.1, while the <strong>FTSE Small Cap</strong> index gained 1.8 points to 2,790.2. Market turnover was strong, topping 4.5bn shares. That figure was inflated by further heavy trading in <strong>MyTravel</strong> preference (708m) and A shares (592m). Yesterday the tour operator, which has just emerged from a debt for equity swap, announced plans to simplify its capital structure. </p> <p><strong>Carphone Warehouse</strong> was one of the day's main talking points. Its shares eased 6p to 158p ahead of this morning's trading update. </p> <p>It was unsettled by comments from <strong>Dixons</strong>, up 0.5p to 157p, that its mobile phone chain, the Link, had not experienced the strong spike in Christmas sales that it did in 2003 as MP3 players replaced handsets as 2004's must-have seasonal gift. </p> <p>Late in the day, however, traders noted a number of market professionals had covered their short positions on the back of rumours that the update would not be too gloomy. </p> <p>Building materials group <strong>SIG</strong> rose 7p to 571.5p after a positive trading statement from Irish group <strong>Kingspan</strong>, up 0.38 cents to \u20ac7.63. </p> <p>SIG is the largest distributor of Kingspan's insulated cladding panel products. Based on yesterday's comments from Kingspan, analysts at Numis Securities believe today's update from SIG will prove impressive. And it will need to do so. With SIG shares up 70% over the past year, shareholders will want a good reason not to bank some of their profits. </p> <p>Among the small caps, <strong>NSB Retail Systems</strong> was marked 1.75p higher at 28.75p after its new broker, Dresdner Klein wort Wasserstein, started coverage with a buy rating and a 34p target price. </p> <p>\"We believe the rating of NSB still does not reflect the recent U-turn in the financial prospects of the company,\" Dresdner's sector analyst, Bob Liao, said. </p> <p>Elsewhere <strong>Filtronic</strong>, the telecommunications equipment maker, improved 6.75p to 214p, on rumours that it has appointed two local brokers to help Cazenove handle the flotation of its handset products division on the Helsinki stock exchange </p> <p>Aim-listed <strong>Regal Petroleum</strong> gained 19p to 376p after non-executive director William Humphries announced the purchase of stock worth some \u00a3356,000. </p> <p><strong>Easyscreen</strong>, the financial software developer, firmed 0.75p to 16.25p as traders gossiped that Westminster Clearing, which has built a 9% holding in the company, is a subsidiary of American financial services group Refco. They note that Refco has a trading software division. </p> <p><strong>Ingenta</strong>, an online distributor of academic research, rose 0.12p or 4.2% to 3.125p on rumours that a positive announcement, possibly a link-up with a major academic publisher, is on the way. </p> <p><strong>\u00b7</strong> Finally keep an eye on <strong>Financial Development Corporation</strong>, the cash shell in which convicted fraudster Terry Ramsden was briefly a big shareholder in the summer. </p> <p>Dealers believe the shares will return from suspension today or tomorrow as the company announces a major oil acquisition in west Africa together with a couple of high-profile board appointments. Suspended at 7.87p shortly before Christmas, traders expect them to hit 10p on the back of the deal. </p> <p><strong>Pilkington: crystal gazing</strong></p> <p>With the bid for Aggregate Industries out in the open, City speculators were casting around for the next takeover target in the building materials sector yesterday - and they alighted on Pilkington. </p> <p>The world's second largest glass maker is no stranger to takeover speculation. Two years ago its 20.5% shareholder, Nippon Sheet Glass, appointed investment bankers to advise it on a prospective deal. </p> <p>The bankers, however, got cold feet after learning the St-Helens-based company had a \u00a3200m hole in its balance sheet. The cause of that problem - preference shares in a Channel Islands subsidiary - has since been solved, and the word in the Square Mile yesterday was that advisers had been appointed by Nippon or another glass maker to work on an offer of 150p a share for the company. </p> <p>Pilkington shares closed 4.5p higher at 114p - a two and half year high. Trading volume, usually a reliable indicator of looming activity, was strong: 12.5m shares changed hands - twice the daily average.</p>",
      "newspaperPageNumber": "23",
      "wordcount": "1096",
      "commentable": "false",
      "isPremoderated": "false",
      "lastModified": "2005-01-13T00:05:17Z",
      "newspaperEditionDate": "2005-01-13T00:00:00Z",
      "productionOffice": "UK",
      "publication": "theguardian.com",
      "shortUrl": "https://gu.com/p/8fzc",
      "shouldHideAdverts": "false",
      "showInRelatedContent": "true",
      "legallySensitive": "false",
      "lang": "en",
      "bodyText": "Lightning can strike twice: that was what City traders were being asked to believe late yesterday as an intriguing tale concerning Tesco swirled through the dealing rooms. This time last year, the UK's biggest food retailer surprised the market by announcing, alongside its Christmas trading statement, plans to raise more than \u00a3800m through a share placing. Tesco claimed the cash was needed to give it the \"flexibility and firepower\" to take advantage of further expansion opportunities. The talk in the Square Mile yesterday was that Tesco would announce another equity issuance of a similar size alongside this year's Christmas update, which is due on Tuesday. According to the tittle-tattle, the money would be used to fund expansion in Asia and, in particular, China. Given the strong performance of Tesco shares over the past year - up 23% - it would make sense for it to issue new shares if it has identified acquisition opportunities in the Asia. However, analysts were quick to point out that Tesco had not used all of the money it raised last year and questioned what it could buy. \"I can't see what is out there that they would need this sort of money for,\" one said. Nonetheless, with several hedge funds betting on a repeat performance from Tesco, its shares closed 6p lower at 315.25p - the FTSE 100's sixth biggest faller. They may recover today, however. After the market closed, the latest TNS share data was released for the all-important Christmas period, and it showed Tesco had recorded its highest sales growth to date, up 13%, in the four weeks to January 2. The other notable feature of the TNS report was signs of a recovery at Sainsbury's, which issues its Christmas trading statement this morning. It showed that Sainsbury, off 1.75p at 264.75p, had put in its best performance for a year, with sales growth of 1.9%. In the wider market, a firmer oil price, a mixed start to the United States reporting season and news of a record US trade deficit all conspired to push leading shares lower. The final scores showed the FTSE 100 down 35.1 points at 4,783.6, with building materials group Hanson, 19.25p higher at 481p, the biggest riser, excited by news of a bid approach of 140p a share for Aggregate Industries, 26p stronger at 140p. The Aggregate bid helped the FTSE 250 outperform its blue chip cousin. The mid-cap index rose 23.7 to 6,967.1, while the FTSE Small Cap index gained 1.8 points to 2,790.2. Market turnover was strong, topping 4.5bn shares. That figure was inflated by further heavy trading in MyTravel preference (708m) and A shares (592m). Yesterday the tour operator, which has just emerged from a debt for equity swap, announced plans to simplify its capital structure. Carphone Warehouse was one of the day's main talking points. Its shares eased 6p to 158p ahead of this morning's trading update. It was unsettled by comments from Dixons, up 0.5p to 157p, that its mobile phone chain, the Link, had not experienced the strong spike in Christmas sales that it did in 2003 as MP3 players replaced handsets as 2004's must-have seasonal gift. Late in the day, however, traders noted a number of market professionals had covered their short positions on the back of rumours that the update would not be too gloomy. Building materials group SIG rose 7p to 571.5p after a positive trading statement from Irish group Kingspan, up 0.38 cents to \u20ac7.63. SIG is the largest distributor of Kingspan's insulated cladding panel products. Based on yesterday's comments from Kingspan, analysts at Numis Securities believe today's update from SIG will prove impressive. And it will need to do so. With SIG shares up 70% over the past year, shareholders will want a good reason not to bank some of their profits. Among the small caps, NSB Retail Systems was marked 1.75p higher at 28.75p after its new broker, Dresdner Klein wort Wasserstein, started coverage with a buy rating and a 34p target price. \"We believe the rating of NSB still does not reflect the recent U-turn in the financial prospects of the company,\" Dresdner's sector analyst, Bob Liao, said. Elsewhere Filtronic, the telecommunications equipment maker, improved 6.75p to 214p, on rumours that it has appointed two local brokers to help Cazenove handle the flotation of its handset products division on the Helsinki stock exchange Aim-listed Regal Petroleum gained 19p to 376p after non-executive director William Humphries announced the purchase of stock worth some \u00a3356,000. Easyscreen, the financial software developer, firmed 0.75p to 16.25p as traders gossiped that Westminster Clearing, which has built a 9% holding in the company, is a subsidiary of American financial services group Refco. They note that Refco has a trading software division. Ingenta, an online distributor of academic research, rose 0.12p or 4.2% to 3.125p on rumours that a positive announcement, possibly a link-up with a major academic publisher, is on the way. \u00b7 Finally keep an eye on Financial Development Corporation, the cash shell in which convicted fraudster Terry Ramsden was briefly a big shareholder in the summer. Dealers believe the shares will return from suspension today or tomorrow as the company announces a major oil acquisition in west Africa together with a couple of high-profile board appointments. Suspended at 7.87p shortly before Christmas, traders expect them to hit 10p on the back of the deal. Pilkington: crystal gazing With the bid for Aggregate Industries out in the open, City speculators were casting around for the next takeover target in the building materials sector yesterday - and they alighted on Pilkington. The world's second largest glass maker is no stranger to takeover speculation. Two years ago its 20.5% shareholder, Nippon Sheet Glass, appointed investment bankers to advise it on a prospective deal. The bankers, however, got cold feet after learning the St-Helens-based company had a \u00a3200m hole in its balance sheet. The cause of that problem - preference shares in a Channel Islands subsidiary - has since been solved, and the word in the Square Mile yesterday was that advisers had been appointed by Nippon or another glass maker to work on an offer of 150p a share for the company. Pilkington shares closed 4.5p higher at 114p - a two and half year high. Trading volume, usually a reliable indicator of looming activity, was strong: 12.5m shares changed hands - twice the daily average.",
      "charCount": "6418"
    },
    "isHosted": false,
    "pillarId": "pillar/news",
    "pillarName": "News"
  },
  {
    "id": "stage/2005/jan/13/rsc.theatre",
    "type": "article",
    "sectionId": "stage",
    "sectionName": "Stage",
    "webPublicationDate": "2005-01-13T00:05:00Z",
    "webTitle": "Arts briefing: RSC finds new home - in a tin can",
    "webUrl": "https://www.theguardian.com/stage/2005/jan/13/rsc.theatre",
    "apiUrl": "https://content.guardianapis.com/stage/2005/jan/13/rsc.theatre",
    "fields": {
      "headline": "RSC finds new home - in a tin can",
      "trailText": "<p><strong>Theatre:</strong> The Royal Shakespeare Company is building a temporary 1,000-seat theatre in a car park in Stratford-upon-Avon, using a technology more commonly associated with oil rigs.</p>",
      "byline": "Paul Arendt",
      "main": "",
      "body": "<p>The Royal Shakespeare Company is building a temporary 1,000-seat theatre in a car park in Stratford-upon-Avon, using a technology more commonly associated with oil rigs. </p> <p>The Transition Theatre, as it has been dubbed, will be constructed from panels made from a metallic material called Corten A, which will be bolted together on site. It will allow the company to perform its large-scale repertoire while the Royal Shakespeare Theatre is refurbished, a process that is expected to go on until 2009. </p> <p>The advantage of the temporary space, says artistic director Michael Boyd, is that it will be built to the same \"thrust\" configuration as the refurbished Royal Shakespeare Theatre, giving the company the chance to try out ideas for the new space before it is finished. </p> <p>\"The other thing I love about it is its simplicity,\" Boyd says. \"It's just a big box with a theatre inside it. I quite like the fact that it's a tin can on the outside. It's going to look like a big rusty container, and that's fine by me.\" </p> <p>The theatre will go up next to the Other Place studio, which will serve as its foyer and facilities. The panels will be coloured red in order to blend in with surrounding buildings. </p> <p>According to project director Simon Harper, construction will begin this summer and be finished by Christmas, in time for the RSC's Complete Works of Shakespeare festival. \"It's a very fast and cheap way of doing it,\" he says. \"The plan is that the company can start creating an identity for this building during the festival.\" </p> <p>The only problem that remains is what to call it. \"We're throwing names around, and most of them are dreadful,\" says Boyd. \"The Cygnet, the Other Other Place, the Transition Option Place ... None of those have passed, needless to say.\"</p>",
      "newspaperPageNumber": "17",
      "wordcount": "303",
      "commentable": "false",
      "isPremoderated": "false",
      "lastModified": "2005-01-13T00:05:03Z",
      "newspaperEditionDate": "2005-01-13T00:00:00Z",
      "productionOffice": "UK",
      "publication": "theguardian.com",
      "shortUrl": "https://gu.com/p/xd9t7",
      "shouldHideAdverts": "false",
      "showInRelatedContent": "true",
      "legallySensitive": "false",
      "lang": "en",
      "bodyText": "The Royal Shakespeare Company is building a temporary 1,000-seat theatre in a car park in Stratford-upon-Avon, using a technology more commonly associated with oil rigs. The Transition Theatre, as it has been dubbed, will be constructed from panels made from a metallic material called Corten A, which will be bolted together on site. It will allow the company to perform its large-scale repertoire while the Royal Shakespeare Theatre is refurbished, a process that is expected to go on until 2009. The advantage of the temporary space, says artistic director Michael Boyd, is that it will be built to the same \"thrust\" configuration as the refurbished Royal Shakespeare Theatre, giving the company the chance to try out ideas for the new space before it is finished. \"The other thing I love about it is its simplicity,\" Boyd says. \"It's just a big box with a theatre inside it. I quite like the fact that it's a tin can on the outside. It's going to look like a big rusty container, and that's fine by me.\" The theatre will go up next to the Other Place studio, which will serve as its foyer and facilities. The panels will be coloured red in order to blend in with surrounding buildings. According to project director Simon Harper, construction will begin this summer and be finished by Christmas, in time for the RSC's Complete Works of Shakespeare festival. \"It's a very fast and cheap way of doing it,\" he says. \"The plan is that the company can start creating an identity for this building during the festival.\" The only problem that remains is what to call it. \"We're throwing names around, and most of them are dreadful,\" says Boyd. \"The Cygnet, the Other Other Place, the Transition Option Place ... None of those have passed, needless to say.\"",
      "charCount": "1753"
    },
    "isHosted": false,
    "pillarId": "pillar/arts",
    "pillarName": "Arts"
  }
]