[
  {
    "id": "business/2005/jan/07/utilities",
    "type": "article",
    "sectionId": "business",
    "sectionName": "Business",
    "webPublicationDate": "2005-01-07T11:37:04Z",
    "webTitle": "RWE plans \u00a3600m gas plant",
    "webUrl": "https://www.theguardian.com/business/2005/jan/07/utilities",
    "apiUrl": "https://content.guardianapis.com/business/2005/jan/07/utilities",
    "fields": {
      "headline": "RWE plans \u00a3600m gas plant",
      "trailText": "<p>RWE npower is seeking the go-ahead to build a new gas-fired power plant on the site of a former oil-fired station in Pembroke, south Wales. </p>",
      "byline": "Mark Milner",
      "main": "",
      "body": "<p>RWE npower is seeking the go-ahead to build a new gas-fired power plant on the site of a former oil-fired station in Pembroke, south Wales. </p> <p>The company has not put a figure on the likely cost of building the new combined cycle plant but industry sources suggest it is likely to be between \u00a3500m and \u00a3600m. </p> <p>Yesterday the company said it was only seeking permission to build the plant and had not yet committed itself to a final decision. \"Consent to go ahead would enable us to develop the next generation of power plant if UK and EU energy policy, and market conditions, are supportive of investment,\" RWE npower's chief executive, Andrew Duff, said. </p> <p>RWE npower's plans for a 2,000MW plant comes just two days after E.ON UK said it was planning to invest \u00a3800m in converting its existing oil-fired Isle of Grain station in Kent into a gas-fired generator. </p> <p>E.On believes that about half Britain's generating capacity will need to be replaced in a decade as old nuclear plants are shut down and, from 2008, carbon emissions trading and the European Union's large combustion plant directive affects the economics of coal-fired capacity. </p> <p>Britain's loss of all-year gas self-sufficiency had left a question mark over security of gas supply but planned pipelines and greater gas-storage capacity have eased concerns. </p> <p>\"The security of the UK's electricity supply depends on maintaining a good mix of energy sources. Gas is likely to play a key role and [the Pembroke] application creates options at this site,\" Mr Duff said. </p> <p><strong>\u00b7</strong> Ofgem, the energy industry regulator, said yesterday that all 14 British electricity distributors had accepted its five-year price control regime, which is effective from April. This governs how much the companies can raise prices in real terms and commits them to investing \u00a35.7bn on developing their networks.</p>",
      "newspaperPageNumber": "20",
      "wordcount": "306",
      "commentable": "false",
      "isPremoderated": "false",
      "lastModified": "2005-01-07T00:02:49Z",
      "newspaperEditionDate": "2005-01-07T00:00:00Z",
      "productionOffice": "UK",
      "publication": "theguardian.com",
      "shortUrl": "https://gu.com/p/8f9b",
      "shouldHideAdverts": "false",
      "showInRelatedContent": "true",
      "legallySensitive": "false",
      "lang": "en",
      "bodyText": "RWE npower is seeking the go-ahead to build a new gas-fired power plant on the site of a former oil-fired station in Pembroke, south Wales. The company has not put a figure on the likely cost of building the new combined cycle plant but industry sources suggest it is likely to be between \u00a3500m and \u00a3600m. Yesterday the company said it was only seeking permission to build the plant and had not yet committed itself to a final decision. \"Consent to go ahead would enable us to develop the next generation of power plant if UK and EU energy policy, and market conditions, are supportive of investment,\" RWE npower's chief executive, Andrew Duff, said. RWE npower's plans for a 2,000MW plant comes just two days after E.ON UK said it was planning to invest \u00a3800m in converting its existing oil-fired Isle of Grain station in Kent into a gas-fired generator. E.On believes that about half Britain's generating capacity will need to be replaced in a decade as old nuclear plants are shut down and, from 2008, carbon emissions trading and the European Union's large combustion plant directive affects the economics of coal-fired capacity. Britain's loss of all-year gas self-sufficiency had left a question mark over security of gas supply but planned pipelines and greater gas-storage capacity have eased concerns. \"The security of the UK's electricity supply depends on maintaining a good mix of energy sources. Gas is likely to play a key role and [the Pembroke] application creates options at this site,\" Mr Duff said. \u00b7 Ofgem, the energy industry regulator, said yesterday that all 14 British electricity distributors had accepted its five-year price control regime, which is effective from April. This governs how much the companies can raise prices in real terms and commits them to investing \u00a35.7bn on developing their networks.",
      "charCount": "1831"
    },
    "isHosted": false,
    "pillarId": "pillar/news",
    "pillarName": "News"
  },
  {
    "id": "business/2005/jan/07/interestrates",
    "type": "article",
    "sectionId": "business",
    "sectionName": "Business",
    "webPublicationDate": "2005-01-07T09:33:47Z",
    "webTitle": "Services slowdown renews hopes of cut in interest rates",
    "webUrl": "https://www.theguardian.com/business/2005/jan/07/interestrates",
    "apiUrl": "https://content.guardianapis.com/business/2005/jan/07/interestrates",
    "fields": {
      "headline": "Services slowdown renews hopes of cut in interest rates",
      "trailText": "<p>Growth in Britain's service sector unexpectedly slowed to a three-month low last month while confidence among firms tumbled to its worst in a year and a half, a survey released yesterday showed. </p>",
      "byline": "Ashley Seager",
      "main": "",
      "body": "<p>Growth in Britain's service sector unexpectedly slowed to a three-month low last month while confidence among firms tumbled to its worst in a year and a half, a survey released yesterday showed. </p> <p>Economists said the news meant the Bank of England was now highly unlikely to raise interest rates again any time soon and may even consider cutting them if the service sector, which accounts for two thirds of the economy, remains weak. </p> <p>The Chartered Institute of Purchasing and Supply said its monthly purchasing managers' index of service sector activity fell to 54.9 in December - from 56.7 the month before - and the worst since September. City pundits had forecast 56.5. The business expectations index edged down to 73.7 in December from 74.1, the lowest since June 2003 when confidence had taken a knock from the war in Iraq. </p> <p>The news was enough to push the pound down to a six-week low against the dollar as the market felt there was now more likelihood that interest rates had peaked, thereby potentially reducing the attraction of sterling assets. </p> <p>Most of the sub-indices of the report fell back between one and two points but employment suffered the biggest drop. </p> <p>The fall in the overall index still left activity well above the 50 \"no change\" level and considerably better than the 52.6 score registered by the eurozone in its PMI survey released on Wednesday. </p> <p>The Bank's monetary policy committee will also take comfort from the survey's price indices, both of which fell back because of a 9% fall in oil prices in December. The out put price index fell to a 10-month low of 52.8. </p> <p>Jonathan Loynes, economist at Capital Economics, said: \"Overall, together with the fall in the manufacturing PMI already reported, today's survey suggests that any rebound in GDP growth in Q4 will be limited. Together with the weaker tone of recent housing-related data, we expect the MPC to start considering lower rates soon.\" </p> <p>Until a few months ago financial markets were pricing in interest rates up to 5.5% by the middle of this year but they have since scaled back expectations and now think rates are unlikely to rise again. </p> <p>The main reason for the change of heart has been a sharp slowdown in the housing market which could eventually depress consumer spending which, in turn, has been the main driver of the economy for some years.</p>",
      "newspaperPageNumber": "18",
      "wordcount": "406",
      "commentable": "false",
      "isPremoderated": "false",
      "lastModified": "2005-01-07T09:33:47Z",
      "newspaperEditionDate": "2005-01-07T00:00:00Z",
      "productionOffice": "UK",
      "publication": "theguardian.com",
      "shortUrl": "https://gu.com/p/8f9k",
      "shouldHideAdverts": "false",
      "showInRelatedContent": "true",
      "legallySensitive": "false",
      "lang": "en",
      "bodyText": "Growth in Britain's service sector unexpectedly slowed to a three-month low last month while confidence among firms tumbled to its worst in a year and a half, a survey released yesterday showed. Economists said the news meant the Bank of England was now highly unlikely to raise interest rates again any time soon and may even consider cutting them if the service sector, which accounts for two thirds of the economy, remains weak. The Chartered Institute of Purchasing and Supply said its monthly purchasing managers' index of service sector activity fell to 54.9 in December - from 56.7 the month before - and the worst since September. City pundits had forecast 56.5. The business expectations index edged down to 73.7 in December from 74.1, the lowest since June 2003 when confidence had taken a knock from the war in Iraq. The news was enough to push the pound down to a six-week low against the dollar as the market felt there was now more likelihood that interest rates had peaked, thereby potentially reducing the attraction of sterling assets. Most of the sub-indices of the report fell back between one and two points but employment suffered the biggest drop. The fall in the overall index still left activity well above the 50 \"no change\" level and considerably better than the 52.6 score registered by the eurozone in its PMI survey released on Wednesday. The Bank's monetary policy committee will also take comfort from the survey's price indices, both of which fell back because of a 9% fall in oil prices in December. The out put price index fell to a 10-month low of 52.8. Jonathan Loynes, economist at Capital Economics, said: \"Overall, together with the fall in the manufacturing PMI already reported, today's survey suggests that any rebound in GDP growth in Q4 will be limited. Together with the weaker tone of recent housing-related data, we expect the MPC to start considering lower rates soon.\" Until a few months ago financial markets were pricing in interest rates up to 5.5% by the middle of this year but they have since scaled back expectations and now think rates are unlikely to rise again. The main reason for the change of heart has been a sharp slowdown in the housing market which could eventually depress consumer spending which, in turn, has been the main driver of the economy for some years.",
      "charCount": "2329"
    },
    "isHosted": false,
    "pillarId": "pillar/news",
    "pillarName": "News"
  },
  {
    "id": "media/2005/jan/07/1",
    "type": "article",
    "sectionId": "media",
    "sectionName": "Media",
    "webPublicationDate": "2005-01-07T09:10:05Z",
    "webTitle": "MediaGuardian Briefing: January 7",
    "webUrl": "https://www.theguardian.com/media/2005/jan/07/1",
    "apiUrl": "https://content.guardianapis.com/media/2005/jan/07/1",
    "fields": {
      "headline": "Today's media stories from the papers",
      "standfirst": "Sign up here to get the Media Briefing emailed to you by 9am. If you have any difficulty subscribing or unsubscribing, <br />please<a href=\"http://www.guardian.co.uk/article/0,5814,680973,00.html\"> click here</a> for help",
      "trailText": "<p>On site today: Channel 4 boss laments 'Big Brother effect': Germaine Greer joins Big Brother; Star cut raises spectre of new price war<br />http://www.mediaguardian.co.uk</p>",
      "main": "",
      "body": "<p><strong>THE GUARDIAN</strong></p> <p>Outspoken feminist Germaine Greer was last night revealed as one of the eight contestants in Celebrity Big Brother. P1<br>Leader: No one has to watch the BBC's screening of Jerry Springer - the Opera. P25<br>ITV has appointed Mark Sharman to replace Brian Barwick as controller of sport. P29<br>Walt Disney chief executive Michael Eisner received 8.3m dollars in salary and bonuses in 2004, a rise of 1m dollars from 2003. P20<br>How to fix EastEnders. G2 P2-3</p> <p>MEDIA BUSINESS<br>Ofcom has launched its first investigation into BSkyB over the amount it charges broadcasters to appear on its satellite service following a complaint by ITV. P21<br>Channel 4 yesterday admitted the success of Big Brother is tarnishing its image as a public service broadcaster. P21<br>The issue of journalistic accountability will dominate the newspaper industry after a year of format and ownership changes, Guardian editor Alan Rusbridger said yesterday. P21<br>EMI yesterday named former BSkyB executive Martin Stewart as its finance director. P21<br>Bill Gates is working to ensure Microsoft will be top of the digital ecosystem food chain. P21</p> <p><strong>FINANCIAL TIMES</strong></p> <p>Internet shopping looks set to have had a record festive season. P2<br>ITV has complained to Ofcom about the money charged by BSkyB to ensure satellite viewers see the regional version of its network. P2<br>EMI has appointed Martin Stewart, the former BSkyB executive, as its new finance director. P18<br>Disney has made the separation of its chairman and chief executive roles permanent, ahead of its annual shareholders' meeting next month. P21</p> <p><strong>THE TIMES</strong></p> <p>Sky News political editor Adam Boulton calls on Tony Blair to stop making excuses and agree to face his political opponents in US-style televised debates. P21<br>Feminist author and broadcaster Germaine Greer has become the first pensioner on Celebrity Big Brother. P32<br>Desperate Housewives attracted nearly 5 million viewers to its debut episode. P32<br>Five villages on a remote Indian Ocean island were saved from the tsunami because one inhabitant loved to watch documentaries on the National Geographic Channel. P40<br>The Baghdad correspondent for the French paper Liberation and her Iraqi fixer were reported missing last night. P42<br>Can TV's new Mr Nasty, Kelvin MacKenzie, reawaken our interest in politics in ITV's Vote for Me? T2, P4-5</p> <p>MEDIA<br>The tsunami disaster has raised questions about what the BBC should show, says BBC head of TV news Roger Mosey. P60<br>ITV has asked Ofcom to resolve a price dispute with BSkyB. P61<br>Former BSkyB finance director Martin Stewart is joining EMI. P61</p> <p><strong>THE INDEPENDENT</strong></p> <p>Desperate Housewives is the most successful new drama on Channel 4 since the launch of ER. P17<br>Scotland's first minister Jack McConnell came under increasing pressure yesterday to make a personal statement about his friendship with BBC broadcaster Kirsty Wark. P23<br>Former BSkyB finance director Martin Stewart is joining EMI. P45<br>David Brook, the former Channel 4 strategy director, is floating his Optimistic business on AIM. P46</p> <p><strong>THE DAILY TELEGRAPH</strong></p> <p>The government has used an article in a Muslim newspaper to seek support in the community ahead of the general election. P2<br>Germaine Greer is one of the eight Celebrity Big Brother contestants. P2<br>The BBC yesterday said it would press ahead with plans to broadcast Jerry Springer - the Opera despite more than 15,000 complaints. P7<br>BBC chairman Michael Grade has been challenged by the SNP over whether he intends to take action against Kirsty Wark over her friendship with Scotland's first minister. P8<br>Stewart Lee, one of the creators of Jerry Springer - the Opera, says the show has 7,549 fewer swear words than people say. P23<br>Former BSkyB finance director Martin Stewart has joined EMI. P33<br>Disney revealed yesterday it has no intention of trimming directors' pay despite attacks from shareholders. P35</p> <p><strong>THE WALL STREET JOURNAL EUROPE</strong></p> <p>The Disney board gave a 7.25m dollar cash bonus to chief executive Michael Eisner for the 2004 fiscal year. P6</p> <p><strong>DAILY MAIL</strong></p> <p>Labour has launched a cynical bid to win back the Muslim vote with an ingratiating article in Muslim Week. P1<br>Channel 4 has scraped the celebrity barrel to find contestants for Celebrity Big Brother. P25<br>The BBC is facing legal action if it presses ahead with plans to broadcast the most expletive-strewn programme in its history. P47<br>Former BSkyB finance director Martin Stewart is joining EMI. P101<br>The IOC has written to the five cities bidding for the 2012 Olympics warning them off appearing in a BBC TV debate. P115</p> <p><strong>DAILY EXPRESS</strong></p> <p>Viewers of Celebrity Big Brother should brace themselves for the most explosive series yet. P21<br>So what is wrong with EastEnders? P34-35<br>Former BSkyB finance director Martin Stewart is joining EMI. P78</p> <p><strong>THE SUN</strong></p> <p>Bookies Coral have actor Jeremy Edwards as 5/2 favourite to win Celebrity Big Brother. P7<br>Corrie actors Nikki Sanderson, Debra Stephenson and Wendi Peters have all landed new deals with the soap. P37<br>BBC chiefs last night refused to give cash to a Sun swear box. P39</p> <p><strong>DAILY MIRROR</strong></p> <p>Only one of the contestants who entered the Celebrity Big Brother house last night is in full-time work. P8<br>Telly grumpy Richard Wilson is to star in the new Doctor Who series. P34</p> <p><strong>DAILY STAR</strong></p> <p>Celebrity Big Brother bosses have offered contestants 50,000 pounds if they have sex. P1<br>The shocking picture of David Beckham and other football stars standing in front of a huge wave that Pepsi was forced to shelve. P11<br>X Factor judge Simon Cowell is set to become a 100m pound man this year. P18</p> <p><strong>AND FINALLY...</strong></p> <p>Andrew Pierce reports in his column in the Times that the campaign by Christian groups against BBC2's planned screening of Jerry Springer - the Opera has led to BBC executives being rung up at home by people objecting to the broadcast (P15). Pierce also reports that the figure bandied about for the number of swear words - allegedly 8,000 - has been distorted. There are actually only 150 but because they are sung by a chorus of 40 the figure has been multiplied to reach 8,000. </p> <p><strong>OTHER USEFUL SITES</strong></p> <p><a href=\"http://www.theguardian.com/\" target=\"_NEW\">http://www.theguardian.com</a> <br><a href=\"http://www.ft.com\">http://www.ft.com</a><br><a href=\"http://www.the-times.co.uk\">http://www.thetimes.co.uk</a><br><a href=\"http://www.telegraph.co.uk\">http://www.telegraph.co.uk</a><br><a href=\"http://www.independent.co.uk\">http://www.independent.co.uk</a><br><a href=\"http://www.thesun.co.uk\">http://www.the-sun.co.uk</a><br><a href=\"http://www.mirror.co.uk/\">http://www.mirror.co.uk</a><br><a href=\"http://www.ananova.com\">http://www.ananova.com</a></p>",
      "wordcount": "1007",
      "commentable": "false",
      "isPremoderated": "false",
      "lastModified": "2016-08-11T20:26:37Z",
      "newspaperEditionDate": "2005-01-07T00:00:00Z",
      "productionOffice": "UK",
      "publication": "theguardian.com",
      "shortUrl": "https://gu.com/p/8fa9",
      "shouldHideAdverts": "false",
      "showInRelatedContent": "true",
      "legallySensitive": "false",
      "lang": "en",
      "bodyText": "THE GUARDIAN Outspoken feminist Germaine Greer was last night revealed as one of the eight contestants in Celebrity Big Brother. P1 Leader: No one has to watch the BBC's screening of Jerry Springer - the Opera. P25 ITV has appointed Mark Sharman to replace Brian Barwick as controller of sport. P29 Walt Disney chief executive Michael Eisner received 8.3m dollars in salary and bonuses in 2004, a rise of 1m dollars from 2003. P20 How to fix EastEnders. G2 P2-3 MEDIA BUSINESS Ofcom has launched its first investigation into BSkyB over the amount it charges broadcasters to appear on its satellite service following a complaint by ITV. P21 Channel 4 yesterday admitted the success of Big Brother is tarnishing its image as a public service broadcaster. P21 The issue of journalistic accountability will dominate the newspaper industry after a year of format and ownership changes, Guardian editor Alan Rusbridger said yesterday. P21 EMI yesterday named former BSkyB executive Martin Stewart as its finance director. P21 Bill Gates is working to ensure Microsoft will be top of the digital ecosystem food chain. P21 FINANCIAL TIMES Internet shopping looks set to have had a record festive season. P2 ITV has complained to Ofcom about the money charged by BSkyB to ensure satellite viewers see the regional version of its network. P2 EMI has appointed Martin Stewart, the former BSkyB executive, as its new finance director. P18 Disney has made the separation of its chairman and chief executive roles permanent, ahead of its annual shareholders' meeting next month. P21 THE TIMES Sky News political editor Adam Boulton calls on Tony Blair to stop making excuses and agree to face his political opponents in US-style televised debates. P21 Feminist author and broadcaster Germaine Greer has become the first pensioner on Celebrity Big Brother. P32 Desperate Housewives attracted nearly 5 million viewers to its debut episode. P32 Five villages on a remote Indian Ocean island were saved from the tsunami because one inhabitant loved to watch documentaries on the National Geographic Channel. P40 The Baghdad correspondent for the French paper Liberation and her Iraqi fixer were reported missing last night. P42 Can TV's new Mr Nasty, Kelvin MacKenzie, reawaken our interest in politics in ITV's Vote for Me? T2, P4-5 MEDIA The tsunami disaster has raised questions about what the BBC should show, says BBC head of TV news Roger Mosey. P60 ITV has asked Ofcom to resolve a price dispute with BSkyB. P61 Former BSkyB finance director Martin Stewart is joining EMI. P61 THE INDEPENDENT Desperate Housewives is the most successful new drama on Channel 4 since the launch of ER. P17 Scotland's first minister Jack McConnell came under increasing pressure yesterday to make a personal statement about his friendship with BBC broadcaster Kirsty Wark. P23 Former BSkyB finance director Martin Stewart is joining EMI. P45 David Brook, the former Channel 4 strategy director, is floating his Optimistic business on AIM. P46 THE DAILY TELEGRAPH The government has used an article in a Muslim newspaper to seek support in the community ahead of the general election. P2 Germaine Greer is one of the eight Celebrity Big Brother contestants. P2 The BBC yesterday said it would press ahead with plans to broadcast Jerry Springer - the Opera despite more than 15,000 complaints. P7 BBC chairman Michael Grade has been challenged by the SNP over whether he intends to take action against Kirsty Wark over her friendship with Scotland's first minister. P8 Stewart Lee, one of the creators of Jerry Springer - the Opera, says the show has 7,549 fewer swear words than people say. P23 Former BSkyB finance director Martin Stewart has joined EMI. P33 Disney revealed yesterday it has no intention of trimming directors' pay despite attacks from shareholders. P35 THE WALL STREET JOURNAL EUROPE The Disney board gave a 7.25m dollar cash bonus to chief executive Michael Eisner for the 2004 fiscal year. P6 DAILY MAIL Labour has launched a cynical bid to win back the Muslim vote with an ingratiating article in Muslim Week. P1 Channel 4 has scraped the celebrity barrel to find contestants for Celebrity Big Brother. P25 The BBC is facing legal action if it presses ahead with plans to broadcast the most expletive-strewn programme in its history. P47 Former BSkyB finance director Martin Stewart is joining EMI. P101 The IOC has written to the five cities bidding for the 2012 Olympics warning them off appearing in a BBC TV debate. P115 DAILY EXPRESS Viewers of Celebrity Big Brother should brace themselves for the most explosive series yet. P21 So what is wrong with EastEnders? P34-35 Former BSkyB finance director Martin Stewart is joining EMI. P78 THE SUN Bookies Coral have actor Jeremy Edwards as 5/2 favourite to win Celebrity Big Brother. P7 Corrie actors Nikki Sanderson, Debra Stephenson and Wendi Peters have all landed new deals with the soap. P37 BBC chiefs last night refused to give cash to a Sun swear box. P39 DAILY MIRROR Only one of the contestants who entered the Celebrity Big Brother house last night is in full-time work. P8 Telly grumpy Richard Wilson is to star in the new Doctor Who series. P34 DAILY STAR Celebrity Big Brother bosses have offered contestants 50,000 pounds if they have sex. P1 The shocking picture of David Beckham and other football stars standing in front of a huge wave that Pepsi was forced to shelve. P11 X Factor judge Simon Cowell is set to become a 100m pound man this year. P18 AND FINALLY... Andrew Pierce reports in his column in the Times that the campaign by Christian groups against BBC2's planned screening of Jerry Springer - the Opera has led to BBC executives being rung up at home by people objecting to the broadcast (P15). Pierce also reports that the figure bandied about for the number of swear words - allegedly 8,000 - has been distorted. There are actually only 150 but because they are sung by a chorus of 40 the figure has been multiplied to reach 8,000. OTHER USEFUL SITES http://www.theguardian.com http://www.ft.com http://www.thetimes.co.uk http://www.telegraph.co.uk http://www.independent.co.uk http://www.the-sun.co.uk http://www.mirror.co.uk http://www.ananova.com",
      "charCount": "6224"
    },
    "isHosted": false,
    "pillarId": "pillar/news",
    "pillarName": "News"
  },
  {
    "id": "media/2005/jan/07/pressandpublishing.circulationfigures",
    "type": "article",
    "sectionId": "media",
    "sectionName": "Media",
    "webPublicationDate": "2005-01-07T07:23:36Z",
    "webTitle": "Star price cut raises spectre of price war",
    "webUrl": "https://www.theguardian.com/media/2005/jan/07/pressandpublishing.circulationfigures",
    "apiUrl": "https://content.guardianapis.com/media/2005/jan/07/pressandpublishing.circulationfigures",
    "fields": {
      "headline": "Star price cut raises spectre of price war",
      "trailText": "<p><strong>8am: </strong>Daily Star owner Richard Desmond has ushered in a new era of guerrilla price wars by cutting the weekday price of the paper to just 15p. By <strong>John Plunkett</strong>.</p>",
      "byline": "John Plunkett",
      "main": "",
      "body": "<p>Daily Star owner Richard Desmond has ushered in a new era of guerrilla price wars by cutting the weekday price of the paper to just 15p for an undetermined length of time.</p> <p>He has decided to give the paper a seasonal lift long after other newspaper proprietors, and Trinity Mirror in particular, decided a price war with Rupert Murdoch's Sun was futile.</p> <p>The tactic by the tabloid, which has grown its circulation by more than a third over the last four years, may trigger a fresh price war with the Sun and Daily Mirror. </p> <p>Both the rival papers have in the past seen their circulation suffer as the Star - usual price 35p - has piled on the sales with a mixture of scantily clad models and showbiz celebrity gossip.</p> <p>This week sales figures of the Sun and the Mirror are expected to remain unseasonally high on account of the tsunami - last week circulation of nationals was boosted by up to 10%.</p> <p>Sources close to Mr Desmond say the maverick newspaper proprietor hasn't decided when he will end his 15p offer, raising a spectre of the repeat of the costly 2002 war between the Mirror and the Sun.</p> <p>The Star pre-empted the last price war by slashing its price to just 10p. The Mirror, under then editor Piers Morgan, disastrously followed suit, taking on the Sun by cutting its price to 20p.</p> <p>The Murdoch title retaliated and the price war ended up costing Trinity Mirror nearly \u00a320m. Both Trinity Mirror and News International claimed the other side had surrendered, but it was the Star that emerged with the biggest sales gains.</p> <p>The Star and the Sun - and to a lesser extent the Mirror - will be giving blanket coverage over the next two weeks to the new series of Celebrity Big Brother, which began on Channel 4 last night. Much of the Star's success has been down to its slavish devotion to reality TV stars from the likes of Wife Swap, Big Brother, and I'm a Celebrity, Get Me Out of Here!.</p> <p>However, there is no indication how long the Star's latest price cut will last. \"It could be weeks or months,\" said a source. \"It's all about generating interest in the marketplace and getting as many people to sample the paper as possible.\" </p> <p>The price cut comes in the same week that Tim Pemberton joins Mr Desmond's Northern &amp; Shell from media agency Carat as the group's marketing director.</p> <p>The Star sold 845,876 copies in November last year, after peaking at a 14-year high of 950,000 in September 2002. It was down 1.4% on the same period 12 months earlier. However, the Sun lost 4.5% of its sales, down to 3.23 million, while the Mirror was down 8.3%, to 1.75 million. </p> <p>However, the Star's November sales, the last month for which audited figures are available, are up more than a third on 627,317 when Mr Desmond bought the title, along with the Express, in November 2000. </p> <p>The Daily Star Sunday, which was launched in 2002 at half the price of the News of the World but has mostly taken sales from the Sunday People, sold 466,695 last November, down from 540,516 the previous year. </p> <p>After she was appointed to the job just over a year ago, the Daily Star editor, Dawn Neesom, said she wanted the paper to break the 1 million barrier.</p> <p><strong>\u00b7</strong> To contact the MediaGuardian news desk email <a href=\"mailto:editor@mediatheguardian.com\">editor@mediatheguardian.com</a> or phone 020 7239 9857</p> <p><strong><strong>\u00b7</strong></strong> If you are writing a comment for publication, please mark clearly \"for publication\".</p>",
      "wordcount": "604",
      "commentable": "false",
      "isPremoderated": "false",
      "lastModified": "2017-05-31T20:58:50Z",
      "newspaperEditionDate": "2005-01-07T00:00:00Z",
      "productionOffice": "UK",
      "publication": "theguardian.com",
      "shortUrl": "https://gu.com/p/8f8q",
      "shouldHideAdverts": "false",
      "showInRelatedContent": "true",
      "legallySensitive": "false",
      "lang": "en",
      "bodyText": "Daily Star owner Richard Desmond has ushered in a new era of guerrilla price wars by cutting the weekday price of the paper to just 15p for an undetermined length of time. He has decided to give the paper a seasonal lift long after other newspaper proprietors, and Trinity Mirror in particular, decided a price war with Rupert Murdoch's Sun was futile. The tactic by the tabloid, which has grown its circulation by more than a third over the last four years, may trigger a fresh price war with the Sun and Daily Mirror. Both the rival papers have in the past seen their circulation suffer as the Star - usual price 35p - has piled on the sales with a mixture of scantily clad models and showbiz celebrity gossip. This week sales figures of the Sun and the Mirror are expected to remain unseasonally high on account of the tsunami - last week circulation of nationals was boosted by up to 10%. Sources close to Mr Desmond say the maverick newspaper proprietor hasn't decided when he will end his 15p offer, raising a spectre of the repeat of the costly 2002 war between the Mirror and the Sun. The Star pre-empted the last price war by slashing its price to just 10p. The Mirror, under then editor Piers Morgan, disastrously followed suit, taking on the Sun by cutting its price to 20p. The Murdoch title retaliated and the price war ended up costing Trinity Mirror nearly \u00a320m. Both Trinity Mirror and News International claimed the other side had surrendered, but it was the Star that emerged with the biggest sales gains. The Star and the Sun - and to a lesser extent the Mirror - will be giving blanket coverage over the next two weeks to the new series of Celebrity Big Brother, which began on Channel 4 last night. Much of the Star's success has been down to its slavish devotion to reality TV stars from the likes of Wife Swap, Big Brother, and I'm a Celebrity, Get Me Out of Here!. However, there is no indication how long the Star's latest price cut will last. \"It could be weeks or months,\" said a source. \"It's all about generating interest in the marketplace and getting as many people to sample the paper as possible.\" The price cut comes in the same week that Tim Pemberton joins Mr Desmond's Northern &amp; Shell from media agency Carat as the group's marketing director. The Star sold 845,876 copies in November last year, after peaking at a 14-year high of 950,000 in September 2002. It was down 1.4% on the same period 12 months earlier. However, the Sun lost 4.5% of its sales, down to 3.23 million, while the Mirror was down 8.3%, to 1.75 million. However, the Star's November sales, the last month for which audited figures are available, are up more than a third on 627,317 when Mr Desmond bought the title, along with the Express, in November 2000. The Daily Star Sunday, which was launched in 2002 at half the price of the News of the World but has mostly taken sales from the Sunday People, sold 466,695 last November, down from 540,516 the previous year. After she was appointed to the job just over a year ago, the Daily Star editor, Dawn Neesom, said she wanted the paper to break the 1 million barrier. \u00b7 To contact the MediaGuardian news desk email editor@mediatheguardian.com or phone 020 7239 9857 \u00b7 If you are writing a comment for publication, please mark clearly \"for publication\".",
      "charCount": "3315"
    },
    "isHosted": false,
    "pillarId": "pillar/news",
    "pillarName": "News"
  },
  {
    "id": "business/2005/jan/07/8",
    "type": "article",
    "sectionId": "business",
    "sectionName": "Business",
    "webPublicationDate": "2005-01-07T00:01:44Z",
    "webTitle": "Majestic Wine toasts 10% rise in sales",
    "webUrl": "https://www.theguardian.com/business/2005/jan/07/8",
    "apiUrl": "https://content.guardianapis.com/business/2005/jan/07/8",
    "fields": {
      "headline": "Majestic Wine toasts 10% rise in sales",
      "trailText": "<p>Strong sales of wines from Bordeaux along with cut price Chilean and New Zealand sauvignons and merlots helped the Majestic Wine warehouse chain buck the gloomy Christmas retail trend.</p>",
      "byline": "Simon Bowers",
      "main": "",
      "body": "<p>Strong sales of wines from Bordeaux along with cut price Chilean and New Zealand sauvignons and merlots helped the Majestic Wine warehouse chain buck the gloomy Christmas retail trend, posting a rise of 10.4% in UK same-store sales. </p> <p>John Apthorp, the chairman who bought Majestic as a troubled, fledgling business 14 years ago, took the opportunity to announce his intention to retire this summer, aged 70. He is to be replaced with the former Hamleys executive, chairman Simon Burke, who is already a Majestic board member. </p> <p>Mr Apthorp acquired Majestic shortly after selling Bejam, the frozen food chain he founded in 1969 and sold to Iceland 18 years later. He floated Majestic nine years ago, retaining a controlling interest until June 2003, when he sold a 17% stake through a placing with institutional investors. He still holds a 40% stake, either directly or through family trusts. </p> <p>The announcement of Mr Apthorp's retirement, while not unexpected, prompted some analysts to speculate that he could sell some or all of his holding on retirement in August. </p> <p>Majestic's chief executive, Tim How, nevertheless insisted: \"I have no reason to believe that he will not remain a long-term shareholder.\" Mr How was part of the Bejam management team which switched to Majestic under Mr Apthorp. Two months ago Mr How sold almost half his stake in Majestic at 235p, raising \u00a3822,500. Yesterday Majestic shares closed down 4p at 279.5p despite better than expected Christmas trading. </p> <p>The group, which generates about a third of its annual sales from the Christmas period, said the average customer spend had risen from \u00a3106 last year to \u00a3112 this. Internet sales were up by half on last year and the group's emerging fine wine business grew by 60%. Same-store sales growth rose to 10.4% for the nine weeks to January 3, up from 7.4% the previous year. </p> <p>Majestic's megastore business in France, built to cater to the booze-cruise market, continued to struggle, with sales up just 1.5% against a weak comparison. Mr How said the business was largely reliant on regular promotional deals on Channel ferries. </p> <p>Geoff Lowery, an analyst at Dresdner Kleinwort Wasserstein, said \"The off-trade wine market is growing and [Majestic's] proposition [for the market] is differentiated from the supermarkets but pricing is highly competitive.\" </p> <p><strong>\u00b7</strong> Inventive Leisure, which operates the Revolution vodka bar chain, reported same outlet sales up 2.9% for the last 35 days of 2004. </p> <p>Roy Ellis, the chief executive, said: \"The company has now sustained positive like for like trading since July 2004 and we reiterate our belief that the time is now right to resume our expansion programme.\" </p> <p>Inventive is looking to add six more sites, which are likely to be conversions of existing licensed premises, to its 42 outlets.</p>",
      "newspaperPageNumber": "19",
      "wordcount": "464",
      "commentable": "false",
      "isPremoderated": "false",
      "lastModified": "2005-01-07T00:01:44Z",
      "newspaperEditionDate": "2005-01-07T00:00:00Z",
      "productionOffice": "UK",
      "publication": "theguardian.com",
      "shortUrl": "https://gu.com/p/8fa5",
      "shouldHideAdverts": "false",
      "showInRelatedContent": "true",
      "legallySensitive": "false",
      "lang": "en",
      "bodyText": "Strong sales of wines from Bordeaux along with cut price Chilean and New Zealand sauvignons and merlots helped the Majestic Wine warehouse chain buck the gloomy Christmas retail trend, posting a rise of 10.4% in UK same-store sales. John Apthorp, the chairman who bought Majestic as a troubled, fledgling business 14 years ago, took the opportunity to announce his intention to retire this summer, aged 70. He is to be replaced with the former Hamleys executive, chairman Simon Burke, who is already a Majestic board member. Mr Apthorp acquired Majestic shortly after selling Bejam, the frozen food chain he founded in 1969 and sold to Iceland 18 years later. He floated Majestic nine years ago, retaining a controlling interest until June 2003, when he sold a 17% stake through a placing with institutional investors. He still holds a 40% stake, either directly or through family trusts. The announcement of Mr Apthorp's retirement, while not unexpected, prompted some analysts to speculate that he could sell some or all of his holding on retirement in August. Majestic's chief executive, Tim How, nevertheless insisted: \"I have no reason to believe that he will not remain a long-term shareholder.\" Mr How was part of the Bejam management team which switched to Majestic under Mr Apthorp. Two months ago Mr How sold almost half his stake in Majestic at 235p, raising \u00a3822,500. Yesterday Majestic shares closed down 4p at 279.5p despite better than expected Christmas trading. The group, which generates about a third of its annual sales from the Christmas period, said the average customer spend had risen from \u00a3106 last year to \u00a3112 this. Internet sales were up by half on last year and the group's emerging fine wine business grew by 60%. Same-store sales growth rose to 10.4% for the nine weeks to January 3, up from 7.4% the previous year. Majestic's megastore business in France, built to cater to the booze-cruise market, continued to struggle, with sales up just 1.5% against a weak comparison. Mr How said the business was largely reliant on regular promotional deals on Channel ferries. Geoff Lowery, an analyst at Dresdner Kleinwort Wasserstein, said \"The off-trade wine market is growing and [Majestic's] proposition [for the market] is differentiated from the supermarkets but pricing is highly competitive.\" \u00b7 Inventive Leisure, which operates the Revolution vodka bar chain, reported same outlet sales up 2.9% for the last 35 days of 2004. Roy Ellis, the chief executive, said: \"The company has now sustained positive like for like trading since July 2004 and we reiterate our belief that the time is now right to resume our expansion programme.\" Inventive is looking to add six more sites, which are likely to be conversions of existing licensed premises, to its 42 outlets.",
      "charCount": "2792"
    },
    "isHosted": false,
    "pillarId": "pillar/news",
    "pillarName": "News"
  }
]