[
  {
    "id": "money/2005/apr/06/lendingfigures.debt",
    "type": "article",
    "sectionId": "money",
    "sectionName": "Money",
    "webPublicationDate": "2005-04-06T09:50:55Z",
    "webTitle": "Mortgage lending 'to drop 10% by 2007'",
    "webUrl": "https://www.theguardian.com/money/2005/apr/06/lendingfigures.debt",
    "apiUrl": "https://content.guardianapis.com/money/2005/apr/06/lendingfigures.debt",
    "fields": {
      "headline": "Mortgage lending 'to drop 10% by 2007'",
      "trailText": "<p>Mortgage lending in the UK will decline 10% over the next three years as the property market and house price growth stalls, according to a report published today.</p>",
      "byline": "Press Association",
      "main": "",
      "body": "<p>Mortgage lending in the UK will decline 10% by 2007 as the property market stalls, according to a report published today.</p> <p>Analysts Datamonitor said the outlook for the next few years will be tough for mortgage lenders. \"Lenders will need to devise cost effective strategies in the light of increasingly wafer thin margins, and inject a more innovative approach in order to secure a share of the market,\" said Edward Ripley, financial services analyst at Datamonitor and author of the report.</p> <p>Last year carried mixed fortunes for the UK mortgage market. Strong growth in house prices in many regions of the UK in the first six months of 2004 continued to drive average mortgage advances.</p> <p>Even the rise in interest rates seemed to do little to cool it. However, the market's performance in the last quarter of the year was less impressive, with mortgage lending declining by 15% compared with the same period in 2003, the report found.</p> <p>Datamonitor forecasts total UK mortgage lending will drop by 10% (from \u00a3292bn in 2004 to \u00a3264bn) by 2007. Loans for house purchases will decline by 15% to \u00a3117bn in 2007, compared to \u00a3138bn in 2004.</p> <p>Recent increments in the base rate will limit rate-based remortgaging and fewer people will look to withdraw equity as house prices slow. Datamonitor predicts that remortgaging will decline by 6% over the next three years to \u00a3115bn in 2007.</p> <p>The majority of lenders in the UK compete on fixed short-term discounted deals to attract customers who then become profitable when they move to a standard variable rate at the end of the discounted period.</p> <p>However, more and more customers - known as 'serial remortgagers' - are regularly switching lenders to take advantage of cheap discounted offers. \"Mortgage churn will remain predominant given lenders willingness to compete aggressively on price,\" Mr Ripley said.</p> <p>\"However, some lenders will turn their backs on short term price-led acquisition strategies and serial remortgagers and develop selective acquisition processes to prevent future churn.\"</p> <p>An increasing number of lenders will offer one rate for both new and existing customers in an effort to retain them, the report predicts.</p>",
      "wordcount": "354",
      "commentable": "false",
      "isPremoderated": "false",
      "lastModified": "2005-05-24T09:50:55Z",
      "newspaperEditionDate": "2005-04-06T00:00:00Z",
      "productionOffice": "UK",
      "publication": "theguardian.com",
      "shortUrl": "https://gu.com/p/8n7b",
      "shouldHideAdverts": "false",
      "showInRelatedContent": "true",
      "legallySensitive": "false",
      "lang": "en",
      "bodyText": "Mortgage lending in the UK will decline 10% by 2007 as the property market stalls, according to a report published today. Analysts Datamonitor said the outlook for the next few years will be tough for mortgage lenders. \"Lenders will need to devise cost effective strategies in the light of increasingly wafer thin margins, and inject a more innovative approach in order to secure a share of the market,\" said Edward Ripley, financial services analyst at Datamonitor and author of the report. Last year carried mixed fortunes for the UK mortgage market. Strong growth in house prices in many regions of the UK in the first six months of 2004 continued to drive average mortgage advances. Even the rise in interest rates seemed to do little to cool it. However, the market's performance in the last quarter of the year was less impressive, with mortgage lending declining by 15% compared with the same period in 2003, the report found. Datamonitor forecasts total UK mortgage lending will drop by 10% (from \u00a3292bn in 2004 to \u00a3264bn) by 2007. Loans for house purchases will decline by 15% to \u00a3117bn in 2007, compared to \u00a3138bn in 2004. Recent increments in the base rate will limit rate-based remortgaging and fewer people will look to withdraw equity as house prices slow. Datamonitor predicts that remortgaging will decline by 6% over the next three years to \u00a3115bn in 2007. The majority of lenders in the UK compete on fixed short-term discounted deals to attract customers who then become profitable when they move to a standard variable rate at the end of the discounted period. However, more and more customers - known as 'serial remortgagers' - are regularly switching lenders to take advantage of cheap discounted offers. \"Mortgage churn will remain predominant given lenders willingness to compete aggressively on price,\" Mr Ripley said. \"However, some lenders will turn their backs on short term price-led acquisition strategies and serial remortgagers and develop selective acquisition processes to prevent future churn.\" An increasing number of lenders will offer one rate for both new and existing customers in an effort to retain them, the report predicts.",
      "charCount": "2167"
    },
    "isHosted": false,
    "pillarId": "pillar/lifestyle",
    "pillarName": "Lifestyle"
  },
  {
    "id": "business/2005/apr/06/housingmarket.houseprices",
    "type": "article",
    "sectionId": "business",
    "sectionName": "Business",
    "webPublicationDate": "2005-04-06T08:06:02Z",
    "webTitle": "Annual house price inflation at three-year low, says Halifax",
    "webUrl": "https://www.theguardian.com/business/2005/apr/06/housingmarket.houseprices",
    "apiUrl": "https://content.guardianapis.com/business/2005/apr/06/housingmarket.houseprices",
    "fields": {
      "headline": "Annual house price inflation at three-year low, says Halifax",
      "trailText": "<p>House price inflation has sunk to a three-year low of below 10%, the Halifax reported yesterday, but it said the market was stable rather than falling. </p>",
      "byline": "Ashley Seager",
      "main": "",
      "body": "<p>House price inflation has sunk to a three-year low of below 10%, the Halifax reported yesterday, but it said the market was stable rather than falling. </p> <p>The country's largest mortgage lender said prices rose 0.5% between February and March, reversing the 0.5% fall of the previous month. But the rise could not stop the annual rate for the latest three months falling to 9.7% from 12.1% in February. </p> <p>The Nationwide last week also reported a rapid cooling in the annual house price inflation rate, to 7.9% - the lowest since June 2001 - from 10.2% in February. In contrast to the Halifax, however, it reported a monthly price drop of 0.6%. </p> <p>Halifax's chief economist, Martin Ellis, said: \"The picture on a month-to-month basis remains mixed with four rises and four falls in the past eight months. Overall, there has been virtually no change ... since last September.\" </p> <p>For the first three months of year, the strongest house price gains were in Scotland, Northern Ireland and Wales while prices fell in the south-west, East Anglia and the north. London prices were static after two straight quarters of decline, suggesting the market in the capital may be stabilising. </p> <p>Economists say the market has cooled since a series of interest rate rises by the Bank of England last year but they are divided as to whether they will stagnate or fall. </p> <p>Mr Ellis said the economy's health, the strong labour market, low interest rates and a lack of homes were limiting the slump. He said: \"There are increasing signs that activity levels are now stabilising and house prices are broadly static.\" </p> <p>But Ed Stansfield, at Capital Economics, was unconvinced. \"With housing market turnover yet to show any meaningful recovery from the very low levels reached last year, we believe that further price falls are likely,\" he said. </p> <p>Separately, there was an unexpectedly strong pick-up in the service sector, which is two-thirds of the economy. The Chartered Institute of Purchasing and Supply's monthly activity index rose to 57 in March - its strongest for almost a year - from 55.1. Robyn Barnett, of UBS, said: \"These data were clearly unexpectedly strong. This reinforces our view that interest rates will need to head a little higher.\" </p> <p>Many analysts think rates may rise again from 4.75% but few expect an increase at this week's monetary policy meeting - the last before the general election. The Bank of England said yesterday it would delay its May meeting to avoid a polling day clash.</p>",
      "newspaperPageNumber": "16",
      "wordcount": "424",
      "commentable": "false",
      "isPremoderated": "false",
      "lastModified": "2017-09-20T21:45:10Z",
      "newspaperEditionDate": "2005-04-06T00:00:00Z",
      "productionOffice": "UK",
      "publication": "theguardian.com",
      "shortUrl": "https://gu.com/p/8n6p",
      "shouldHideAdverts": "false",
      "showInRelatedContent": "true",
      "legallySensitive": "false",
      "lang": "en",
      "bodyText": "House price inflation has sunk to a three-year low of below 10%, the Halifax reported yesterday, but it said the market was stable rather than falling. The country's largest mortgage lender said prices rose 0.5% between February and March, reversing the 0.5% fall of the previous month. But the rise could not stop the annual rate for the latest three months falling to 9.7% from 12.1% in February. The Nationwide last week also reported a rapid cooling in the annual house price inflation rate, to 7.9% - the lowest since June 2001 - from 10.2% in February. In contrast to the Halifax, however, it reported a monthly price drop of 0.6%. Halifax's chief economist, Martin Ellis, said: \"The picture on a month-to-month basis remains mixed with four rises and four falls in the past eight months. Overall, there has been virtually no change ... since last September.\" For the first three months of year, the strongest house price gains were in Scotland, Northern Ireland and Wales while prices fell in the south-west, East Anglia and the north. London prices were static after two straight quarters of decline, suggesting the market in the capital may be stabilising. Economists say the market has cooled since a series of interest rate rises by the Bank of England last year but they are divided as to whether they will stagnate or fall. Mr Ellis said the economy's health, the strong labour market, low interest rates and a lack of homes were limiting the slump. He said: \"There are increasing signs that activity levels are now stabilising and house prices are broadly static.\" But Ed Stansfield, at Capital Economics, was unconvinced. \"With housing market turnover yet to show any meaningful recovery from the very low levels reached last year, we believe that further price falls are likely,\" he said. Separately, there was an unexpectedly strong pick-up in the service sector, which is two-thirds of the economy. The Chartered Institute of Purchasing and Supply's monthly activity index rose to 57 in March - its strongest for almost a year - from 55.1. Robyn Barnett, of UBS, said: \"These data were clearly unexpectedly strong. This reinforces our view that interest rates will need to head a little higher.\" Many analysts think rates may rise again from 4.75% but few expect an increase at this week's monetary policy meeting - the last before the general election. The Bank of England said yesterday it would delay its May meeting to avoid a polling day clash.",
      "charCount": "2467"
    },
    "isHosted": false,
    "pillarId": "pillar/news",
    "pillarName": "News"
  },
  {
    "id": "business/2005/apr/06/oilandpetrol.news",
    "type": "article",
    "sectionId": "business",
    "sectionName": "Business",
    "webPublicationDate": "2005-04-06T00:49:33Z",
    "webTitle": "Greenspan talks down oil price",
    "webUrl": "https://www.theguardian.com/business/2005/apr/06/oilandpetrol.news",
    "apiUrl": "https://content.guardianapis.com/business/2005/apr/06/oilandpetrol.news",
    "fields": {
      "headline": "Greenspan talks down oil price",
      "trailText": "<p>Energy markets are under the greatest strain seen in a generation, US Federal Reserve chairman Alan Greenspan warned last night. </p>",
      "byline": "David Teather in New York",
      "main": "",
      "body": "<p>Energy markets are under the greatest strain seen in a generation, US Federal Reserve chairman Alan Greenspan warned last night. </p> <p>Oil prices have recently hit all-time highs over fears of shortages in the summer. In recent months they have slowed demand \"but only modestly\", Mr Greenspan said. </p> <p>But talking to oil refiners in Texas, he put faith in the efficiency of the market, noting rising prices should soften demand and increased industry investment. In the short term, he added, the building of inventories should also dampen prices. The comments caused benchmark light crude to fall 97 cents to $56.04. </p> <p>The present price jump, Mr Greenspan said, is more severe than that seen in the autumn. This time, the price of deliveries in six years' time has kept pace with the spot price, suggesting the markets are more pessimistic.</p>",
      "newspaperPageNumber": "17",
      "wordcount": "139",
      "commentable": "false",
      "isPremoderated": "false",
      "lastModified": "2005-04-06T00:49:33Z",
      "newspaperEditionDate": "2005-04-06T00:00:00Z",
      "productionOffice": "UK",
      "publication": "theguardian.com",
      "shortUrl": "https://gu.com/p/d42n",
      "shouldHideAdverts": "false",
      "showInRelatedContent": "true",
      "legallySensitive": "false",
      "lang": "en",
      "bodyText": "Energy markets are under the greatest strain seen in a generation, US Federal Reserve chairman Alan Greenspan warned last night. Oil prices have recently hit all-time highs over fears of shortages in the summer. In recent months they have slowed demand \"but only modestly\", Mr Greenspan said. But talking to oil refiners in Texas, he put faith in the efficiency of the market, noting rising prices should soften demand and increased industry investment. In the short term, he added, the building of inventories should also dampen prices. The comments caused benchmark light crude to fall 97 cents to $56.04. The present price jump, Mr Greenspan said, is more severe than that seen in the autumn. This time, the price of deliveries in six years' time has kept pace with the spot price, suggesting the markets are more pessimistic.",
      "charCount": "829"
    },
    "isHosted": false,
    "pillarId": "pillar/news",
    "pillarName": "News"
  },
  {
    "id": "society/2005/apr/06/comment.guardiansocietysupplement",
    "type": "article",
    "sectionId": "society",
    "sectionName": "Society",
    "webPublicationDate": "2005-04-06T00:34:14Z",
    "webTitle": "David Walker: Public managers pay the price",
    "webUrl": "https://www.theguardian.com/society/2005/apr/06/comment.guardiansocietysupplement",
    "apiUrl": "https://content.guardianapis.com/society/2005/apr/06/comment.guardiansocietysupplement",
    "fields": {
      "headline": "Paying the price",
      "standfirst": "The knives are out for public managers, writes David Walker",
      "trailText": "<p>The knives are out for public managers, writes <strong>David Walker</strong>.</p>",
      "byline": "David Walker",
      "main": "",
      "body": "<p>Twitching in the face of the polls, Labour's election coordinator, Alan Milburn, is supposed to be revising the message to appeal more to the party's core voters. Less choice, more fairness is the new version.</p> <p>But how far will Blairite revisionism go? What really would sound like an extraordinary double-shuffle is a speech or two in praise of civil servants or public managers, or indeed a vote of confidence in public sector employees at large, not just heroic \"frontline workers\". A government that wants to reap electoral reward from its public service record seems to find it oddly hard to give any credit to the people who must have been doing things better and especially those managing them.</p> <p>Two things are striking this election season. The first is how unloved are public service professionals. Cutting them (in the civil service), reforming them or merely substituting the wisdom of the \"customer\" over their experience and authority have become watchwords of the hour. Labour has accomplished the paradox of lavishing them with money and staff while denigrating them and what they do.</p> <p>But what is worse, nobody else loves them either. All parties, including the Liberal Democrats, the nationalists, Greens and independents, use the same lexicon of contumely - about drones, paper pushers, bureaucrats and tax-eaters.</p> <p>It is hard to think of a previous occasion when this area of public service has both been the centre of political debate and surrounded with such a negative aura.</p> <p>In the past, the public sector and its managers tended to be attacked from the right. In the 1970 election, Conservative voters definitely thought there were too many bureaucrats, though in office the Tories changed their minds. In 1979, once again the Conservatives came to power believing in an academic theory that said public sector employees were excessive in number and were \"crowding out\" wholesome private sector work - and, besides, were too militant and unionised.</p> <p>The Blairites took on quite a bit of this. In 2001, there was the peculiar spectacle of Labour promising to spend more on health, education and so on while also saying, or at least hinting, that it was none too keen on the people who provided the service, nurses excluded.</p> <p>What is distinctive about 2005 is that the ubiquity of this belief and the way Labour vies to take pot shots at managers. They say they are great admirers of the famed frontline, of course. Teachers, nurses, home helps and now, thanks to TV chef Jamie Oliver, dinner ladies - they are veritable saints. But the people who ensure they are employed, paid, promoted and provided with equipment are a species of parasite.</p> <p>Such thinking lies behind the competition between Labour and the Tories over civil service numbers. Employees of the Department for Work and Pensions are ipso facto superfluous, ripe for culling. Meanwhile the Liberal Democrats attempt a sleight of hand that says administrative work is somehow ennobled and justified if its location is switched from central government to somewhere else - but council taxpayers need not fear paying for extra paper pushers in their neighbourhood, because the Lib Dems will abolish that tax as well.</p> <p>So everyone is in favour of frontline service workers and against back office wallahs. Sir Andrew Turnbull, the cabinet secretary, may have admitted inventing this fictitious division but it is still heard all the time. The Tories rely on it most to make their sums add up for, of course, their cuts would only fall on undeserving bureaucrats.</p> <p>It is a spurious distinction. In a democracy, much government work is necessarily about processes - to ensure accountability and probity. Besides, it is in those \"back offices\" that such essential work as finance and human resources is done. The parties imply that such things do not matter, as if the public services do not deserve good people.</p> <p>The reigning idea this election season is that public administration is wasteful; public managers have colluded with staff to boost numbers. This is the implicit sense behind the Blairite \"reform\" message: that public bodies are conspiracies against the public interest and must be cut down or cut back.</p> <p>This was one of the central messages of American neo-liberalism, imported first by the Thatcherites but domesticated by the Blairites, and it marries with an older, native tradition of mistrust of the wielders of public power. The result is that in spring 2005, large swaths of the public believe that \"public service\" is parasitical, unproductive and automatically less efficient than private provision, and that those who manage it are either overpaid or superfluous to requirements.</p> <p><strong>\u00b7</strong> David Walker is editor of the Guardian's monthly Public magazine.</p>",
      "newspaperPageNumber": "14",
      "wordcount": "776",
      "commentable": "false",
      "isPremoderated": "false",
      "lastModified": "2005-04-06T00:34:14Z",
      "newspaperEditionDate": "2005-04-06T00:00:00Z",
      "productionOffice": "UK",
      "publication": "The Guardian",
      "shortUrl": "https://gu.com/p/8n5v",
      "shouldHideAdverts": "false",
      "showInRelatedContent": "true",
      "legallySensitive": "false",
      "lang": "en",
      "bodyText": "Twitching in the face of the polls, Labour's election coordinator, Alan Milburn, is supposed to be revising the message to appeal more to the party's core voters. Less choice, more fairness is the new version. But how far will Blairite revisionism go? What really would sound like an extraordinary double-shuffle is a speech or two in praise of civil servants or public managers, or indeed a vote of confidence in public sector employees at large, not just heroic \"frontline workers\". A government that wants to reap electoral reward from its public service record seems to find it oddly hard to give any credit to the people who must have been doing things better and especially those managing them. Two things are striking this election season. The first is how unloved are public service professionals. Cutting them (in the civil service), reforming them or merely substituting the wisdom of the \"customer\" over their experience and authority have become watchwords of the hour. Labour has accomplished the paradox of lavishing them with money and staff while denigrating them and what they do. But what is worse, nobody else loves them either. All parties, including the Liberal Democrats, the nationalists, Greens and independents, use the same lexicon of contumely - about drones, paper pushers, bureaucrats and tax-eaters. It is hard to think of a previous occasion when this area of public service has both been the centre of political debate and surrounded with such a negative aura. In the past, the public sector and its managers tended to be attacked from the right. In the 1970 election, Conservative voters definitely thought there were too many bureaucrats, though in office the Tories changed their minds. In 1979, once again the Conservatives came to power believing in an academic theory that said public sector employees were excessive in number and were \"crowding out\" wholesome private sector work - and, besides, were too militant and unionised. The Blairites took on quite a bit of this. In 2001, there was the peculiar spectacle of Labour promising to spend more on health, education and so on while also saying, or at least hinting, that it was none too keen on the people who provided the service, nurses excluded. What is distinctive about 2005 is that the ubiquity of this belief and the way Labour vies to take pot shots at managers. They say they are great admirers of the famed frontline, of course. Teachers, nurses, home helps and now, thanks to TV chef Jamie Oliver, dinner ladies - they are veritable saints. But the people who ensure they are employed, paid, promoted and provided with equipment are a species of parasite. Such thinking lies behind the competition between Labour and the Tories over civil service numbers. Employees of the Department for Work and Pensions are ipso facto superfluous, ripe for culling. Meanwhile the Liberal Democrats attempt a sleight of hand that says administrative work is somehow ennobled and justified if its location is switched from central government to somewhere else - but council taxpayers need not fear paying for extra paper pushers in their neighbourhood, because the Lib Dems will abolish that tax as well. So everyone is in favour of frontline service workers and against back office wallahs. Sir Andrew Turnbull, the cabinet secretary, may have admitted inventing this fictitious division but it is still heard all the time. The Tories rely on it most to make their sums add up for, of course, their cuts would only fall on undeserving bureaucrats. It is a spurious distinction. In a democracy, much government work is necessarily about processes - to ensure accountability and probity. Besides, it is in those \"back offices\" that such essential work as finance and human resources is done. The parties imply that such things do not matter, as if the public services do not deserve good people. The reigning idea this election season is that public administration is wasteful; public managers have colluded with staff to boost numbers. This is the implicit sense behind the Blairite \"reform\" message: that public bodies are conspiracies against the public interest and must be cut down or cut back. This was one of the central messages of American neo-liberalism, imported first by the Thatcherites but domesticated by the Blairites, and it marries with an older, native tradition of mistrust of the wielders of public power. The result is that in spring 2005, large swaths of the public believe that \"public service\" is parasitical, unproductive and automatically less efficient than private provision, and that those who manage it are either overpaid or superfluous to requirements. \u00b7 David Walker is editor of the Guardian's monthly Public magazine.",
      "charCount": "4739"
    },
    "isHosted": false,
    "pillarId": "pillar/news",
    "pillarName": "News"
  }
]