[
  {
    "id": "business/2005/mar/31/mobilephones",
    "type": "article",
    "sectionId": "business",
    "sectionName": "Business",
    "webPublicationDate": "2005-03-30T23:05:13Z",
    "webTitle": "Carphone dials into mobile world",
    "webUrl": "https://www.theguardian.com/business/2005/mar/31/mobilephones",
    "apiUrl": "https://content.guardianapis.com/business/2005/mar/31/mobilephones",
    "fields": {
      "headline": "Carphone dials into mobile world",
      "trailText": "<p>Carphone Warehouse opened a potential price war on overseas calls yesterday by launching an international mobile phone service. \n</p>",
      "byline": "Press Association",
      "main": "",
      "body": "<p>Carphone Warehouse opened a potential price war on overseas calls yesterday by launching an international mobile phone service. </p> <p>The company aims to win customers from rival mobile networks or those who use calling cards to dial abroad - an industry said to be worth \u00a3500m a year. It claimed people could save up to 98% on calls with Mobile World. </p> <p>The move follows the launch this month of Carphone's UK calling service, Fresh. EasyJet founder Stelios Haji-Ioannou also entered the pre-pay phone market two weeks ago with no-frills service easyMobile.com. </p> <p>Mobile World is aimed at customers such as foreign workers and students who call home on a regular basis. </p> <p>Rates include 5p a minute to landlines and mobiles in the US and 6p to Australian landlines. There is a 2.5p a minute surcharge on calls between 7pm and 9pm during the week. </p> <p>The service includes calls to UK landlines and mobile calls at 15p a minute at all times and texts for 7p. </p> <p>Fresh and Mobile World are virtual operators, meaning they use other providers' networks. Foreign calls on Mobile World are cheaper because they are carried through Carphone's fixed-line operator Opal Telecom, while UK calls go through the T-Mobile network. </p> <p>Customers use the service by buying a \u00a39.99 simcard for their mobile phone. They then top up the phone with credit when needed.</p>",
      "newspaperPageNumber": "20",
      "wordcount": "227",
      "commentable": "false",
      "isPremoderated": "false",
      "lastModified": "2005-03-30T23:05:13Z",
      "newspaperEditionDate": "2005-03-31T00:00:00Z",
      "productionOffice": "UK",
      "publication": "theguardian.com",
      "shortUrl": "https://gu.com/p/8mkm",
      "shouldHideAdverts": "false",
      "showInRelatedContent": "true",
      "legallySensitive": "false",
      "lang": "en",
      "bodyText": "Carphone Warehouse opened a potential price war on overseas calls yesterday by launching an international mobile phone service. The company aims to win customers from rival mobile networks or those who use calling cards to dial abroad - an industry said to be worth \u00a3500m a year. It claimed people could save up to 98% on calls with Mobile World. The move follows the launch this month of Carphone's UK calling service, Fresh. EasyJet founder Stelios Haji-Ioannou also entered the pre-pay phone market two weeks ago with no-frills service easyMobile.com. Mobile World is aimed at customers such as foreign workers and students who call home on a regular basis. Rates include 5p a minute to landlines and mobiles in the US and 6p to Australian landlines. There is a 2.5p a minute surcharge on calls between 7pm and 9pm during the week. The service includes calls to UK landlines and mobile calls at 15p a minute at all times and texts for 7p. Fresh and Mobile World are virtual operators, meaning they use other providers' networks. Foreign calls on Mobile World are cheaper because they are carried through Carphone's fixed-line operator Opal Telecom, while UK calls go through the T-Mobile network. Customers use the service by buying a \u00a39.99 simcard for their mobile phone. They then top up the phone with credit when needed.",
      "charCount": "1327"
    },
    "isHosted": false,
    "pillarId": "pillar/news",
    "pillarName": "News"
  },
  {
    "id": "business/2005/mar/31/ftse.stockmarkets",
    "type": "article",
    "sectionId": "business",
    "sectionName": "Business",
    "webPublicationDate": "2005-03-30T23:05:09Z",
    "webTitle": "Neil Hume: market forces",
    "webUrl": "https://www.theguardian.com/business/2005/mar/31/ftse.stockmarkets",
    "apiUrl": "https://content.guardianapis.com/business/2005/mar/31/ftse.stockmarkets",
    "fields": {
      "headline": "FTSE 100 slips on crude oil",
      "trailText": "<p><strong>Market forces: </strong>Jitters ahead of tomorrow's US employment figures and weakness in the heavyweight oil sector combined to drag the FTSE 100 to a two-month closing low yesterday. </p>",
      "byline": "Neil Hume",
      "main": "",
      "body": "<p>Jitters ahead of tomorrow's US employment figures and weakness in the heavyweight oil sector combined to drag the <strong> FTSE 100</strong> to a two-month closing low yesterday. </p> <p>However, the blue-chip index did manage to hold the 4,900 level after Wall Street bounced back from Tuesday's poor performance. </p> <p>The final scores showed the <strong> FTSE 100</strong> down 18.3 points at 4,900.7, having hit 4,886.5 shortly before trading started in New York. <strong> BP</strong>, London's biggest stock, and <strong> Shell</strong>, London's sixth, were responsible for more than half of yesterday's fall. </p> <p>BP shares closed 9p lower at 547p as the crude price fell below $53 a barrel and rumours swirled that the oil company might be interested in bidding for its US rival Unocal. Shell fell 4.5p to 476p. </p> <p>The blue-chip index was further pressured by eight stocks trading ex-dividend. These included <strong> Scottish &amp; Newcastle</strong>, down 17.5p at 461.5p; <strong> Legal &amp; General</strong>, off 3.5p at 113.25p, and <strong> Kingfisher</strong>, 4.75p lighter at 290.75p. </p> <p>Elsewhere, the <strong> FTSE 250</strong> dropped 36.6 points to 7.083.6, while the <strong> FTSE Small Cap</strong> index fell 23.2 points to 2,890.6. In the bond market, the benchmark 10-year gilt closed at 101.150, yielding 4.731%. </p> <p>Market turnover was average, with about 2.9bn shares changing hands. Traders said it had been a dull session with few talking points. </p> <p> <strong> BSkyB</strong>, the satellite broadcaster, was one stock that stood out. Despite trading ex-dividend, its shares firmed 5.5p to 581.5p after Lehman Brothers upgraded. The US broker noted that Sky shares had underperformed the media sector by 3% this year, despite the fact that the company is on course to breach its target of 8 million subscribers by the end of the year. </p> <p> <strong> Compass Group</strong>, the world's biggest contract caterer, was also in demand. Its shares firmed 3.25p to 254.25p as traders bet that today's trading update would contain no nasty surprises. They said there was also speculation that management changes could be unveiled with the statement. One rumour doing the rounds was that the chief executive, Mike Bailey, could be on his way. </p> <p>The logistics group <strong> Exel</strong> rose 1.5p to 853.5p as bid rumours resurfaced. This time the name in the frame was Deutsche Post. As with Tuesday's bid rumours around <strong> Standard Chartered</strong>, down 4p to 958p, market professionals paid little heed to the tittle-tattle. </p> <p>Lower down the market, the contractor <strong> WS Atkins</strong> gained 3p to 630.5p after Oriel Securities upgraded to \"buy\", citing recent share price weakness. </p> <p>Pressured by concerns about the performance of its rail operations and delays at Metronet, Atkins' share price has fallen 12% this year. However, Oriel, which talked to the company's finance director on Tuesday night, believes the company is on course to meet City profits forecasts, which for 2004-05 are pitched at about \u00a370.5m. As such, it expects no surprises from next month's trading statement. </p> <p>The fund management group <strong> HHG </strong> firmed 0.5p to 60.5p after Rupert Pennant-Rea, its chairman, declared the acquisition of 100,000 shares. </p> <p> <strong> Somerfield</strong> rose 2p to 210p in heavy volume of 10.5m shares on hopes that one of the interested parties will table an offer of 220p a share. </p> <p>Rumours of a bid approach helped the chip designer <strong> ARM Holdings</strong> rise 1.5p to 105.5p. </p> <p>Among the small caps, <strong> Volex Group</strong>, a maker of data and power cables, was the main talking point. The reason was the appearance of Cycladic Capital Management on its share register with a holding of just over 6%. The Mayfair-based Cycladic uses private equity techniques to value stocks and is developing something of a following in the City. </p> <p>It bought into the plant hire groups <strong> Ashtead</strong>, up 1p to 99.75p, and <strong> Lavendon </strong>, unchanged at 180p, when the rest of the market had given up on them and has made sizeable profits in both. </p> <p>However, market professionals were quick to point out that Cycladic's investment in Volex was tiny by comparison and if the fund was really convinced that the company had turnaround potential then it would have acquired a much a bigger holding. </p> <p>Volex is certainly not a stock for the faint-hearted. The company issued a profits warning in February and also drew the City's attention to the fact that it was in talks with its lenders to extend its banking facilities for a year. That said, the company does look cheap if you consider that it has a market value of \u00a320m yet generated sales of \u00a3240m last year. </p> <p> <strong> Homestyle</strong>, the heavily indebted home-furnishings group, slipped 4p to 94p as the deadline for the sale of its beds division drew near. </p> <p>If Homestyle, which has net debts of about \u00a358m, has not disposed of its Bensons Beds division by today then its lenders will demand an additional 2% on interest payments. The view in the retail industry is that Homestyle will soon abandon the idea of selling Bensons and opt for a rights issue to shore up its balance sheet. </p> <p>On Aim, <strong> Centamin Egypt</strong> was 0.5p higher at 14p on hopes that it will soon strike a deal with the Egyptian authorities that will allow it to start drilling at its Sukari gold mine, which is said to contain 3m ounces of gold. </p> <p><strong>Sofa so bad for ScS</strong></p> <p>Another day and another rumour in the retail sector. ScS Upholstery was in the spotlight yesterday amid rumours that trading had deteriorated since the sofa retailer last updated the market. </p> <p>ScS is poised to issue an update next week and in the wake of yesterday's figures from the CBI, which showed that retail sales during March had fallen at their sharpest rate for six months, brokers would not be surprised if there was truth in the speculation. </p> <p>Shore Capital, which removed ScS from its \"buy\" list yesterday, reckons the company could have witnessed a decline in sales since February's statement at its annual meeting, when like-for-like sales were reported to be running at 11%. </p> <p>ScS shares, which have risen 87% in the past year, fell 10p to 397.5p.</p>",
      "newspaperPageNumber": "22",
      "wordcount": "1021",
      "commentable": "false",
      "isPremoderated": "false",
      "lastModified": "2005-03-30T23:05:09Z",
      "newspaperEditionDate": "2005-03-31T00:00:00Z",
      "productionOffice": "UK",
      "publication": "theguardian.com",
      "shortUrl": "https://gu.com/p/8mk4",
      "shouldHideAdverts": "false",
      "showInRelatedContent": "true",
      "legallySensitive": "false",
      "lang": "en",
      "bodyText": "Jitters ahead of tomorrow's US employment figures and weakness in the heavyweight oil sector combined to drag the FTSE 100 to a two-month closing low yesterday. However, the blue-chip index did manage to hold the 4,900 level after Wall Street bounced back from Tuesday's poor performance. The final scores showed the FTSE 100 down 18.3 points at 4,900.7, having hit 4,886.5 shortly before trading started in New York. BP, London's biggest stock, and Shell, London's sixth, were responsible for more than half of yesterday's fall. BP shares closed 9p lower at 547p as the crude price fell below $53 a barrel and rumours swirled that the oil company might be interested in bidding for its US rival Unocal. Shell fell 4.5p to 476p. The blue-chip index was further pressured by eight stocks trading ex-dividend. These included Scottish &amp; Newcastle, down 17.5p at 461.5p; Legal &amp; General, off 3.5p at 113.25p, and Kingfisher, 4.75p lighter at 290.75p. Elsewhere, the FTSE 250 dropped 36.6 points to 7.083.6, while the FTSE Small Cap index fell 23.2 points to 2,890.6. In the bond market, the benchmark 10-year gilt closed at 101.150, yielding 4.731%. Market turnover was average, with about 2.9bn shares changing hands. Traders said it had been a dull session with few talking points. BSkyB, the satellite broadcaster, was one stock that stood out. Despite trading ex-dividend, its shares firmed 5.5p to 581.5p after Lehman Brothers upgraded. The US broker noted that Sky shares had underperformed the media sector by 3% this year, despite the fact that the company is on course to breach its target of 8 million subscribers by the end of the year. Compass Group, the world's biggest contract caterer, was also in demand. Its shares firmed 3.25p to 254.25p as traders bet that today's trading update would contain no nasty surprises. They said there was also speculation that management changes could be unveiled with the statement. One rumour doing the rounds was that the chief executive, Mike Bailey, could be on his way. The logistics group Exel rose 1.5p to 853.5p as bid rumours resurfaced. This time the name in the frame was Deutsche Post. As with Tuesday's bid rumours around Standard Chartered, down 4p to 958p, market professionals paid little heed to the tittle-tattle. Lower down the market, the contractor WS Atkins gained 3p to 630.5p after Oriel Securities upgraded to \"buy\", citing recent share price weakness. Pressured by concerns about the performance of its rail operations and delays at Metronet, Atkins' share price has fallen 12% this year. However, Oriel, which talked to the company's finance director on Tuesday night, believes the company is on course to meet City profits forecasts, which for 2004-05 are pitched at about \u00a370.5m. As such, it expects no surprises from next month's trading statement. The fund management group HHG firmed 0.5p to 60.5p after Rupert Pennant-Rea, its chairman, declared the acquisition of 100,000 shares. Somerfield rose 2p to 210p in heavy volume of 10.5m shares on hopes that one of the interested parties will table an offer of 220p a share. Rumours of a bid approach helped the chip designer ARM Holdings rise 1.5p to 105.5p. Among the small caps, Volex Group, a maker of data and power cables, was the main talking point. The reason was the appearance of Cycladic Capital Management on its share register with a holding of just over 6%. The Mayfair-based Cycladic uses private equity techniques to value stocks and is developing something of a following in the City. It bought into the plant hire groups Ashtead, up 1p to 99.75p, and Lavendon , unchanged at 180p, when the rest of the market had given up on them and has made sizeable profits in both. However, market professionals were quick to point out that Cycladic's investment in Volex was tiny by comparison and if the fund was really convinced that the company had turnaround potential then it would have acquired a much a bigger holding. Volex is certainly not a stock for the faint-hearted. The company issued a profits warning in February and also drew the City's attention to the fact that it was in talks with its lenders to extend its banking facilities for a year. That said, the company does look cheap if you consider that it has a market value of \u00a320m yet generated sales of \u00a3240m last year. Homestyle, the heavily indebted home-furnishings group, slipped 4p to 94p as the deadline for the sale of its beds division drew near. If Homestyle, which has net debts of about \u00a358m, has not disposed of its Bensons Beds division by today then its lenders will demand an additional 2% on interest payments. The view in the retail industry is that Homestyle will soon abandon the idea of selling Bensons and opt for a rights issue to shore up its balance sheet. On Aim, Centamin Egypt was 0.5p higher at 14p on hopes that it will soon strike a deal with the Egyptian authorities that will allow it to start drilling at its Sukari gold mine, which is said to contain 3m ounces of gold. Sofa so bad for ScS Another day and another rumour in the retail sector. ScS Upholstery was in the spotlight yesterday amid rumours that trading had deteriorated since the sofa retailer last updated the market. ScS is poised to issue an update next week and in the wake of yesterday's figures from the CBI, which showed that retail sales during March had fallen at their sharpest rate for six months, brokers would not be surprised if there was truth in the speculation. Shore Capital, which removed ScS from its \"buy\" list yesterday, reckons the company could have witnessed a decline in sales since February's statement at its annual meeting, when like-for-like sales were reported to be running at 11%. ScS shares, which have risen 87% in the past year, fell 10p to 397.5p.",
      "charCount": "5787"
    },
    "isHosted": false,
    "pillarId": "pillar/news",
    "pillarName": "News"
  },
  {
    "id": "world/2005/mar/31/russia.nickpatonwalsh",
    "type": "article",
    "sectionId": "world",
    "sectionName": "World news",
    "webPublicationDate": "2005-03-30T23:03:33Z",
    "webTitle": "Ex-Yukos man gets 20 years",
    "webUrl": "https://www.theguardian.com/world/2005/mar/31/russia.nickpatonwalsh",
    "apiUrl": "https://content.guardianapis.com/world/2005/mar/31/russia.nickpatonwalsh",
    "fields": {
      "headline": "Ex-Yukos man gets 20 years",
      "trailText": "A former senior executive in the beleaguered Russian oil company Yukos was yesterday jailed for 20 years for murder and attempted murder.",
      "byline": "Nick Paton Walsh in Moscow",
      "main": "",
      "body": "A former senior executive in the beleaguered Russian oil company Yukos was yesterday jailed for 20 years for murder and attempted murder. <p>The sentencing of Alexei Pichugin, former chief of security, is the first in the state crackdown on associates of Mikhail Khodorkovsky, the former Yukos boss. </p> <p>Pichugin was tried in camera in a Moscow court and last Thursday was found guilty by eight of the 12 jurors. </p> <p>The sentence is an indication of how harsh a treatment Mr Khodorkovsky can expect when, at the end of his trial in May, judges consider a prosecution demand for him to be jailed for 10 years for fraud and embezzlement. </p> <p>Pichugin was arrested in June 2003, four months before Mr Khodorkovsky was seized by special forces at gunpoint on a Siberian runway. </p> <p>He was charged with asking an associate, Sergei Gorin, to organise the contract killing of Olga Kostina. She had been an employee of Group Menatep, the company owning the majority of the shares in the oil giant. </p> <p>The prosecution alleged that Mr Pichugin had Mr Gorin and his wife Olga killed by a criminal gang when he threatened to expose the murder plot to police. </p> <p>Pichugin's lawyers have alleged a series of irregularities during his imprisonment, including his undergoing involuntary psychiatric tests and the use of psychotropic drugs. Pichugin is to appeal against the verdict.</p>",
      "newspaperPageNumber": "16",
      "wordcount": "225",
      "commentable": "false",
      "isPremoderated": "false",
      "lastModified": "2017-04-12T15:10:09Z",
      "newspaperEditionDate": "2005-03-31T00:00:00Z",
      "productionOffice": "UK",
      "publication": "theguardian.com",
      "shortUrl": "https://gu.com/p/jf34",
      "shouldHideAdverts": "false",
      "showInRelatedContent": "true",
      "legallySensitive": "false",
      "lang": "en",
      "bodyText": "A former senior executive in the beleaguered Russian oil company Yukos was yesterday jailed for 20 years for murder and attempted murder. The sentencing of Alexei Pichugin, former chief of security, is the first in the state crackdown on associates of Mikhail Khodorkovsky, the former Yukos boss. Pichugin was tried in camera in a Moscow court and last Thursday was found guilty by eight of the 12 jurors. The sentence is an indication of how harsh a treatment Mr Khodorkovsky can expect when, at the end of his trial in May, judges consider a prosecution demand for him to be jailed for 10 years for fraud and embezzlement. Pichugin was arrested in June 2003, four months before Mr Khodorkovsky was seized by special forces at gunpoint on a Siberian runway. He was charged with asking an associate, Sergei Gorin, to organise the contract killing of Olga Kostina. She had been an employee of Group Menatep, the company owning the majority of the shares in the oil giant. The prosecution alleged that Mr Pichugin had Mr Gorin and his wife Olga killed by a criminal gang when he threatened to expose the murder plot to police. Pichugin's lawyers have alleged a series of irregularities during his imprisonment, including his undergoing involuntary psychiatric tests and the use of psychotropic drugs. Pichugin is to appeal against the verdict.",
      "charCount": "1341"
    },
    "isHosted": false,
    "pillarId": "pillar/news",
    "pillarName": "News"
  },
  {
    "id": "football/2005/mar/30/newsstory.manchesterunited",
    "type": "article",
    "sectionId": "football",
    "sectionName": "Football",
    "webPublicationDate": "2005-03-30T15:21:02Z",
    "webTitle": "United's price hike plan to thwart Glazer",
    "webUrl": "https://www.theguardian.com/football/2005/mar/30/newsstory.manchesterunited",
    "apiUrl": "https://content.guardianapis.com/football/2005/mar/30/newsstory.manchesterunited",
    "fields": {
      "headline": "United's price hike plan to thwart Glazer",
      "standfirst": "Good news for Old Trafford suits, but once again it's the fans that will suffer",
      "trailText": "<p>Manchester United fans will be made to pay in the club's attempts to keep Malcolm Glazer from the door.</p>",
      "byline": "Staff and agencies",
      "main": "<figure class=\"element element-image\" data-media-id=\"gu-image-333066566\"> <img src=\"http://static.guim.co.uk/sys-images/Football/Pix/pictures/2005/02/12/glazer.jpg\" alt=\"Malcolm Glazer\" width=\"128\" height=\"128\" class=\"gu-image\" /> <figcaption> <span class=\"element-image__caption\">Glazer:  Will he still be smiling come May 17? Photograph: AP.</span> </figcaption> </figure>",
      "body": "<p>Manchester United's beleaguered board will take another step towards staving off the threat of a Malcolm Glazer takeover on Friday - and upset their supporters at the same time.</p> <p>Next season's ticket prices are due be confirmed to a scheduled meeting of the fans' forum with chief executive David Gill under pressure to raise revenue. Aside from trying to minimise the impact of a 50% loss in half-year profits, Gill must also show shareholders, in particular Cubic Expression partners John Magnier and JP McManus, the club is being run to its maximum financial potential.</p> <p>With United recording capacity 67,000 crowds for every home game this season, apart from three European ties against Dinamo Bucharest, Sparta Prague and Lyon, and the club bullish about filling the extra 7,900 seats created by the forthcoming stadium expansion, the scope for increases is obvious.</p> <p>\"We believe there is a good opportunity to increase the yield from the stadium while still maintaining very competitive prices,\" confirmed finance director Nick Humby. </p> <p>\"We can improve the stretch of those prices and look at various areas of the ground where we can increase prices appropriately.\"</p> <p>United's plans should help find favour with City money men and also reinforce the board's position against Glazer, who is adamant even greater profits can be generated by the world's richest club. </p> <p>However, they are less likely to appease key supporters' groups, whose relations with United have fallen to an 'all-time low' following the club's refusal last month to investigate an extensive list of proposals which were drafted in an effort to reconfigure the stadium once the expansion project is completed.</p> <p>Despite being asked for their observations by senior club officials, the Independent Manchester United Supporters' Association plans were \"dismissed out of hand\" a source revealed, even though they would increase revenue.</p> <p>IMUSA's major aim is to 'reclaim the Stretford End' by moving the singing section of the stand from the second tier to the first and moving the executives who currently occupy the middle of the stand to the south-west corner which now houses the Family Stand. \"We spent a lot of time on these proposals and did a lot of research before drafting them,\" added the source.</p> <p>\"We truly felt we had addressed all the needs of the club and the bottom line is revenue would have increased by over \u00a31m a year. </p> <p>\"For the club to dismiss them out of hand was extremely disappointing when you consider they had asked us to put our suggestions forward and it makes you wonder what they have decided to do.\"</p> <p>Whether the price rises have any impact on Glazer's plans remain to be seen. Having completed due diligence a fortnight before Easter, the American had been expected to lodge his \u00a3800m takeover bid by now. Instead, it is not expected to arrive until the end of next week at the earliest.</p> <p>Crucial meetings between United and Glazer's respective bankers Cazenove and NM Rothschild have yet to take place and without getting some kind of guidance or clarification, the Tampa Bay Buccaneers owner is highly unlikely to make a formal approach to the Old Trafford board.</p>",
      "wordcount": "524",
      "commentable": "false",
      "isPremoderated": "false",
      "lastModified": "2017-02-20T20:57:02Z",
      "newspaperEditionDate": "2005-03-30T00:00:00Z",
      "productionOffice": "UK",
      "publication": "theguardian.com",
      "shortUrl": "https://gu.com/p/x7njj",
      "shouldHideAdverts": "false",
      "showInRelatedContent": "true",
      "legallySensitive": "false",
      "lang": "en",
      "bodyText": "Manchester United's beleaguered board will take another step towards staving off the threat of a Malcolm Glazer takeover on Friday - and upset their supporters at the same time. Next season's ticket prices are due be confirmed to a scheduled meeting of the fans' forum with chief executive David Gill under pressure to raise revenue. Aside from trying to minimise the impact of a 50% loss in half-year profits, Gill must also show shareholders, in particular Cubic Expression partners John Magnier and JP McManus, the club is being run to its maximum financial potential. With United recording capacity 67,000 crowds for every home game this season, apart from three European ties against Dinamo Bucharest, Sparta Prague and Lyon, and the club bullish about filling the extra 7,900 seats created by the forthcoming stadium expansion, the scope for increases is obvious. \"We believe there is a good opportunity to increase the yield from the stadium while still maintaining very competitive prices,\" confirmed finance director Nick Humby. \"We can improve the stretch of those prices and look at various areas of the ground where we can increase prices appropriately.\" United's plans should help find favour with City money men and also reinforce the board's position against Glazer, who is adamant even greater profits can be generated by the world's richest club. However, they are less likely to appease key supporters' groups, whose relations with United have fallen to an 'all-time low' following the club's refusal last month to investigate an extensive list of proposals which were drafted in an effort to reconfigure the stadium once the expansion project is completed. Despite being asked for their observations by senior club officials, the Independent Manchester United Supporters' Association plans were \"dismissed out of hand\" a source revealed, even though they would increase revenue. IMUSA's major aim is to 'reclaim the Stretford End' by moving the singing section of the stand from the second tier to the first and moving the executives who currently occupy the middle of the stand to the south-west corner which now houses the Family Stand. \"We spent a lot of time on these proposals and did a lot of research before drafting them,\" added the source. \"We truly felt we had addressed all the needs of the club and the bottom line is revenue would have increased by over \u00a31m a year. \"For the club to dismiss them out of hand was extremely disappointing when you consider they had asked us to put our suggestions forward and it makes you wonder what they have decided to do.\" Whether the price rises have any impact on Glazer's plans remain to be seen. Having completed due diligence a fortnight before Easter, the American had been expected to lodge his \u00a3800m takeover bid by now. Instead, it is not expected to arrive until the end of next week at the earliest. Crucial meetings between United and Glazer's respective bankers Cazenove and NM Rothschild have yet to take place and without getting some kind of guidance or clarification, the Tampa Bay Buccaneers owner is highly unlikely to make a formal approach to the Old Trafford board.",
      "charCount": "3154"
    },
    "isHosted": false,
    "pillarId": "pillar/sport",
    "pillarName": "Sport"
  },
  {
    "id": "world/2005/mar/30/ewenmacaskill",
    "type": "article",
    "sectionId": "world",
    "sectionName": "World news",
    "webPublicationDate": "2005-03-30T09:56:27Z",
    "webTitle": "Annan cleared in oil-for-food inquiry",
    "webUrl": "https://www.theguardian.com/world/2005/mar/30/ewenmacaskill",
    "apiUrl": "https://content.guardianapis.com/world/2005/mar/30/ewenmacaskill",
    "fields": {
      "headline": "Annan cleared in oil-for-food inquiry",
      "standfirst": "UN chief damaged after son's links to Iraq scandal are criticised",
      "trailText": "UN chief damaged after son's links to Iraq scandal are criticised.",
      "byline": "Ewen MacAskill, diplomatic editor",
      "main": "",
      "body": "The position of the UN secretary general, Kofi Annan, was undermined yesterday after an independent inquiry into the oil-for-food scandal heavily criticised his son Kojo and a Swiss company. <p>Although Mr Annan was personally cleared of improper influence in the awarding of a contract to the Swiss company Cotecna, the committee of inquiry's findings about his son left question marks about his stewardship of the UN, which has come under increasing pressure. </p> <p>At a press conference yesterday, the chairman of the inquiry committee, Paul Volcker, said an investigation the secretary general had initiated was \"inadequate\" and should have been referred to the UN's independent watchdog agency. </p> <p>Mr Annan was defiant. \"As I had always hoped and firmly believed, the inquiry has cleared me of any wrong doing,\" he said. Asked if he would resign, he replied: \"Hell, no.\" </p> <p>But the secretary general, who is due to retire next year at the end of two terms, could now find it difficult to push through his reform programme, and to pacify his critics. </p> <p>Norm Coleman,a Republican senator, said yesterday: \"His lack of leadership, combined with conflicts of interest and a lack of responsibility and accountability point to one, and only one, outcome: his resignation.\" </p> <p>In Washington, the White House voiced cautious support for Mr Annan. Spokesman Scott McClellan said: \"This is a very serious matter. We have stated that repeatedly. Congress has been looking into it as well. We continue to support the United Nations, we continue to support Secretary-General Annan in his work at the United Nations. We will carefully study the report that Mr Volcker has put forward today. We're also looking forward to seeing the final results of his investigation.\" </p> <p>The inquiry is continuing and is due to issue its final report in the summer. </p> <p>It will give its verdict on the wider issue of the conduct of the oil-for-food-programme, which was set up to minimise the impact of sanctions on Iraq by allowing Saddam Hussein to sell oil in return for food, a system open to abuse. </p> <p>An interim report of the inquiry last month was critical of the UN's handling of the programme. </p> <p>The report yesterday was on the specific issue of whether the award of a contract by the UN to Cotecna, which employed Kojo Annan, was free of improper or illicit influence. Cotecna was selected by the UN in December 1998 to conduct inspections of humanitarian goods entering Iraq. </p> <p>The report concluded: \"There is no evidence that the selection of Cotecna in 1998 was subject to affirmative or improper influence of the secretary general in the bidding or selection process.\" </p> <p>But the report notes that UN rules were not followed: Cotecna was not asked to submit a financial statement, one that might have helped reveal the company's financial strains at the time. </p> <p>Mr Volcker said: \"Our investigation has disclosed several instances in which [Mr Annan] might, or could have become aware, of Cotecna's participation in the bidding process. </p> <p>\"However, there is neither convincing testimony to that effect nor any documentary evidence.\" </p> <p>Mr Volcker added: \"Taking all of this into account, the committee has not found the evidence is reasonably sufficient to show that the secretary general knew that Cotecna had participated in the bidding process in 1998.\" </p> <p>But the report is critical of Kojo Annan. He left Cotecna in 1998 but, apparently unknown to the UN or his father, continued to be paid by the company until 2004. </p> <p>The report said after the media disclosed his relationship with the company in January 1999, Kojo Annan \"actively participated in efforts by Cotecna to conceal the true nature of its continuing relationship with him. Kojo Annan also intentionally deceived the secretary general about this continuing financial relationship.\" Nor had he been totally forthcoming to the inquiry about the payments. </p> <p>The report adds: \"Significant questions remain about the actions of Kojo Annan during the fall of 1998 as well as about the integrity of Kojo Annan's business and financial dealings with respect to the programme.\" </p> <p>The inquiry is still looking into this. </p> <p>The report concluded that Cotecna had cooperated in making documents and staff available, but it \"has made false statements to the public, the United Nations and the committee\". </p> <p>Mr Annan's former chief of staff, Iqbal Riza, is also criticised for allegedly giving the go-ahead for the shredding of documents relevant to the inquiry. The report says an assistant to Mr Riza, who retired in December, had shredded many documents in 2004. </p> <p>The shredding continued even after Mr Annan issued an order that all oil-for-food documents be preserved, Mr Volcker said. </p> <p>Mr Riza \"acted imprudently\" and in violation of the document preservation order, the committee concluded.</p>",
      "newspaperPageNumber": "13",
      "wordcount": "780",
      "commentable": "false",
      "isPremoderated": "false",
      "lastModified": "2005-03-30T09:56:27Z",
      "newspaperEditionDate": "2005-03-30T00:00:00Z",
      "productionOffice": "UK",
      "publication": "theguardian.com",
      "shortUrl": "https://gu.com/p/xv62n",
      "shouldHideAdverts": "false",
      "showInRelatedContent": "true",
      "legallySensitive": "false",
      "lang": "en",
      "bodyText": "The position of the UN secretary general, Kofi Annan, was undermined yesterday after an independent inquiry into the oil-for-food scandal heavily criticised his son Kojo and a Swiss company. Although Mr Annan was personally cleared of improper influence in the awarding of a contract to the Swiss company Cotecna, the committee of inquiry's findings about his son left question marks about his stewardship of the UN, which has come under increasing pressure. At a press conference yesterday, the chairman of the inquiry committee, Paul Volcker, said an investigation the secretary general had initiated was \"inadequate\" and should have been referred to the UN's independent watchdog agency. Mr Annan was defiant. \"As I had always hoped and firmly believed, the inquiry has cleared me of any wrong doing,\" he said. Asked if he would resign, he replied: \"Hell, no.\" But the secretary general, who is due to retire next year at the end of two terms, could now find it difficult to push through his reform programme, and to pacify his critics. Norm Coleman,a Republican senator, said yesterday: \"His lack of leadership, combined with conflicts of interest and a lack of responsibility and accountability point to one, and only one, outcome: his resignation.\" In Washington, the White House voiced cautious support for Mr Annan. Spokesman Scott McClellan said: \"This is a very serious matter. We have stated that repeatedly. Congress has been looking into it as well. We continue to support the United Nations, we continue to support Secretary-General Annan in his work at the United Nations. We will carefully study the report that Mr Volcker has put forward today. We're also looking forward to seeing the final results of his investigation.\" The inquiry is continuing and is due to issue its final report in the summer. It will give its verdict on the wider issue of the conduct of the oil-for-food-programme, which was set up to minimise the impact of sanctions on Iraq by allowing Saddam Hussein to sell oil in return for food, a system open to abuse. An interim report of the inquiry last month was critical of the UN's handling of the programme. The report yesterday was on the specific issue of whether the award of a contract by the UN to Cotecna, which employed Kojo Annan, was free of improper or illicit influence. Cotecna was selected by the UN in December 1998 to conduct inspections of humanitarian goods entering Iraq. The report concluded: \"There is no evidence that the selection of Cotecna in 1998 was subject to affirmative or improper influence of the secretary general in the bidding or selection process.\" But the report notes that UN rules were not followed: Cotecna was not asked to submit a financial statement, one that might have helped reveal the company's financial strains at the time. Mr Volcker said: \"Our investigation has disclosed several instances in which [Mr Annan] might, or could have become aware, of Cotecna's participation in the bidding process. \"However, there is neither convincing testimony to that effect nor any documentary evidence.\" Mr Volcker added: \"Taking all of this into account, the committee has not found the evidence is reasonably sufficient to show that the secretary general knew that Cotecna had participated in the bidding process in 1998.\" But the report is critical of Kojo Annan. He left Cotecna in 1998 but, apparently unknown to the UN or his father, continued to be paid by the company until 2004. The report said after the media disclosed his relationship with the company in January 1999, Kojo Annan \"actively participated in efforts by Cotecna to conceal the true nature of its continuing relationship with him. Kojo Annan also intentionally deceived the secretary general about this continuing financial relationship.\" Nor had he been totally forthcoming to the inquiry about the payments. The report adds: \"Significant questions remain about the actions of Kojo Annan during the fall of 1998 as well as about the integrity of Kojo Annan's business and financial dealings with respect to the programme.\" The inquiry is still looking into this. The report concluded that Cotecna had cooperated in making documents and staff available, but it \"has made false statements to the public, the United Nations and the committee\". Mr Annan's former chief of staff, Iqbal Riza, is also criticised for allegedly giving the go-ahead for the shredding of documents relevant to the inquiry. The report says an assistant to Mr Riza, who retired in December, had shredded many documents in 2004. The shredding continued even after Mr Annan issued an order that all oil-for-food documents be preserved, Mr Volcker said. Mr Riza \"acted imprudently\" and in violation of the document preservation order, the committee concluded.",
      "charCount": "4778"
    },
    "isHosted": false,
    "pillarId": "pillar/news",
    "pillarName": "News"
  },
  {
    "id": "news/blog/2005/mar/30/links300305",
    "type": "article",
    "sectionId": "news",
    "sectionName": "News",
    "webPublicationDate": "2005-03-30T08:50:14Z",
    "webTitle": "Links: 30.03.05",
    "webUrl": "https://www.theguardian.com/news/blog/2005/mar/30/links300305",
    "apiUrl": "https://content.guardianapis.com/news/blog/2005/mar/30/links300305",
    "fields": {
      "headline": "Links: 30.03.05",
      "trailText": "&bull; Report into UN oil-for-food scandal (pdf) &bull; Songs to wear pants to &bull; Pictures of pennies &bull; Radio DavidByrne.com &bull; A week of kindness: plagiarism row",
      "byline": "Sheila Pulham",
      "main": "",
      "body": "<ul> <li><a href=\" http://www.iic-offp.org/documents/InterimReportMar2005.pdf\">Report into UN oil-for-food scandal (pdf)</a></li> <li><a href=\" http://blogs.guardian.co.uk/news/%3Cp%3Ehttp://songstowearpantsto.com/%3C/p%3E\">Songs to wear pants to</a></li> <li><a href=\" http://www.fincher.org/Misc/Pennies/\">Pictures of pennies</a></li> <li><a href=\" http://davidbyrne.com/radio/index.php\">Radio DavidByrne.com</a></li> <li><a href=\" http://www.aweekofkindness.com/blog/archives/2005/03/laura_k_pahl_is.html\">A week of kindness: plagiarism row</a></li> </ul>",
      "wordcount": "23",
      "commentCloseDate": "2005-04-06T08:50:14Z",
      "commentable": "true",
      "isInappropriateForSponsorship": "false",
      "isPremoderated": "false",
      "lastModified": "2015-12-22T19:19:22Z",
      "newspaperEditionDate": "2005-03-30T00:00:00Z",
      "productionOffice": "UK",
      "publication": "theguardian.com",
      "shortUrl": "https://gu.com/p/xzy6a",
      "shouldHideAdverts": "false",
      "showInRelatedContent": "true",
      "legallySensitive": "false",
      "lang": "en",
      "bodyText": "Report into UN oil-for-food scandal (pdf) Songs to wear pants to Pictures of pennies Radio DavidByrne.com A week of kindness: plagiarism row",
      "charCount": "140"
    },
    "isHosted": false,
    "pillarId": "pillar/news",
    "pillarName": "News"
  }
]