[
  {
    "id": "world/2008/aug/05/barackobama.uselections2008",
    "type": "article",
    "sectionId": "us-news",
    "sectionName": "US news",
    "webPublicationDate": "2008-08-04T23:01:00Z",
    "webTitle": "US election: Barack Obama shifts policy on offshore oil drilling as petrol prices soar",
    "webUrl": "https://www.theguardian.com/world/2008/aug/05/barackobama.uselections2008",
    "apiUrl": "https://content.guardianapis.com/world/2008/aug/05/barackobama.uselections2008",
    "fields": {
      "headline": "US election: Obama shifts policy on offshore oil drilling as petrol prices soar",
      "standfirst": "<strong>&#183;</strong> U-turn amid polls showing cost of fuel is key concern <br /><strong>&#183;</strong> McCain team attacks rival as two-faced",
      "trailText": "<p>Democratic candidate makes U-turn as cost of fuel becomes the dominant issue in presidential race</p>",
      "byline": "Ewen MacAskill in Washington",
      "main": "<figure class=\"element element-image\" data-media-id=\"gu-image-336217056\"> <img src=\"http://static.guim.co.uk/sys-images/Guardian/Pix/pictures/2008/06/20/Barack-Obama-460x276.jpg\" alt=\"Barack Obama\" width=\"460\" height=\"276\" class=\"gu-image\" /> <figcaption> <span class=\"element-image__caption\">Barack Obama is losing popularity against John McCain's policy of more oil drilling, nuclear power and clean coal. Photograph: AP Photo/J. Scott Applewhite</span> </figcaption> </figure>",
      "body": "<p>Barack Obama reversed his position over petrol prices yesterday in the face of polls showing it has emerged as the dominant issue of the presidential election.</p> <p>The Democratic candidate said he would dip into the US strategic oil reserves to try to drive down prices, a policy he had previously opposed. He also confirmed that, as president, he would be willing to compromise over his earlier opposition to an expansion of oil drilling in US offshore waters. </p> <p>John McCain's campaign team were quick to portray him as \"two-faced Obama\". McCain is fighting on an energy platform based on increased drilling, more nuclear plants and cleaner coal.</p> <p>Obama's poll lead has dwindled over the past fortnight, in part because McCain's energy policy is proving to be more popular. A Quinnipiac University poll released on Thursday showed that petrol prices were the main election issue. US drivers are paying almost $4(\u00a32) a gallon, double last year's price.</p> <p>Seeking to expand his electoral base, Obama has had to make a series of policy shifts over the past two months, ranging from the Israeli-Palestinian conflict to wire-taps and campaign finance.</p> <p>In a speech setting out a new energy policy in Lansing, Michigan, Obama, who turned 47 yesterday, said US addiction to foreign oil was one of the \"most dangerous and urgent threats this nation has ever faced\", from dependence on an unstable Middle East to \"the gas prices that are wiping out your pay cheques and straining businesses to the jobs that are disappearing from this state\".</p> <p>Obama proposed policies aimed at ending within 10 years US dependence on Middle East oil, mainly by a switch to alternative energy sources. </p> <p>The Democratic party, including Obama, reacted with outrage last month when McCain said he was prepared to reverse a 20-year-old ban on drilling in US offshore waters. But the US public, which had previously supported the ban on environmental grounds, has shifted in favour because of high petrol prices. </p> <p>Reflecting this switch, Obama hinted on Friday that he would be prepared to accept some offshore drilling. He said he remained opposed but would be willing to accept some to get a bipartisan compromise on energy policy through Congress.</p> <p>\"Like all compromises, this one has its drawbacks,\" he said yesterday. \"It includes a limited amount of new offshore drilling, and while I still don't believe that's a particularly meaningful short-term or long-term solution, I am willing to consider it if it's necessary to actually pass a comprehensive plan.</p> <p>\"I am not interested in making the perfect the enemy of the good - particularly since there is so much good in this compromise that would actually reduce our dependence on foreign oil.\" </p> <p>In another shift, he said: \"We should sell 70m barrels of oil from our Strategic Petroleum Reserve for less expensive crude, which in the past has lowered gas prices within two weeks.\"</p> <p>A further reversal is to give short-term relief to struggling families through a $1,000 rebate, paid for from oil companies' profits. Obama, during his battle with Hillary Clinton for the Democratic nomination, had resisted a similar proposal that he characterised as a short-term fix.</p> <p>He proposed to invest $150bn over the next 10 years in alternative energy sources, including a switch to hybrid and plug-in cars.</p>",
      "newspaperPageNumber": "15",
      "wordcount": "546",
      "commentable": "false",
      "isPremoderated": "false",
      "lastModified": "2017-11-27T00:04:24Z",
      "newspaperEditionDate": "2008-08-05T00:00:00Z",
      "productionOffice": "UK",
      "publication": "The Guardian",
      "shortUrl": "https://gu.com/p/xztt6",
      "shouldHideAdverts": "false",
      "showInRelatedContent": "true",
      "legallySensitive": "false",
      "lang": "en",
      "bodyText": "Barack Obama reversed his position over petrol prices yesterday in the face of polls showing it has emerged as the dominant issue of the presidential election. The Democratic candidate said he would dip into the US strategic oil reserves to try to drive down prices, a policy he had previously opposed. He also confirmed that, as president, he would be willing to compromise over his earlier opposition to an expansion of oil drilling in US offshore waters. John McCain's campaign team were quick to portray him as \"two-faced Obama\". McCain is fighting on an energy platform based on increased drilling, more nuclear plants and cleaner coal. Obama's poll lead has dwindled over the past fortnight, in part because McCain's energy policy is proving to be more popular. A Quinnipiac University poll released on Thursday showed that petrol prices were the main election issue. US drivers are paying almost $4(\u00a32) a gallon, double last year's price. Seeking to expand his electoral base, Obama has had to make a series of policy shifts over the past two months, ranging from the Israeli-Palestinian conflict to wire-taps and campaign finance. In a speech setting out a new energy policy in Lansing, Michigan, Obama, who turned 47 yesterday, said US addiction to foreign oil was one of the \"most dangerous and urgent threats this nation has ever faced\", from dependence on an unstable Middle East to \"the gas prices that are wiping out your pay cheques and straining businesses to the jobs that are disappearing from this state\". Obama proposed policies aimed at ending within 10 years US dependence on Middle East oil, mainly by a switch to alternative energy sources. The Democratic party, including Obama, reacted with outrage last month when McCain said he was prepared to reverse a 20-year-old ban on drilling in US offshore waters. But the US public, which had previously supported the ban on environmental grounds, has shifted in favour because of high petrol prices. Reflecting this switch, Obama hinted on Friday that he would be prepared to accept some offshore drilling. He said he remained opposed but would be willing to accept some to get a bipartisan compromise on energy policy through Congress. \"Like all compromises, this one has its drawbacks,\" he said yesterday. \"It includes a limited amount of new offshore drilling, and while I still don't believe that's a particularly meaningful short-term or long-term solution, I am willing to consider it if it's necessary to actually pass a comprehensive plan. \"I am not interested in making the perfect the enemy of the good - particularly since there is so much good in this compromise that would actually reduce our dependence on foreign oil.\" In another shift, he said: \"We should sell 70m barrels of oil from our Strategic Petroleum Reserve for less expensive crude, which in the past has lowered gas prices within two weeks.\" A further reversal is to give short-term relief to struggling families through a $1,000 rebate, paid for from oil companies' profits. Obama, during his battle with Hillary Clinton for the Democratic nomination, had resisted a similar proposal that he characterised as a short-term fix. He proposed to invest $150bn over the next 10 years in alternative energy sources, including a switch to hybrid and plug-in cars.",
      "charCount": "3304"
    },
    "isHosted": false,
    "pillarId": "pillar/news",
    "pillarName": "News"
  },
  {
    "id": "business/2008/aug/05/imperialenergy.oilandgascompanies",
    "type": "article",
    "sectionId": "business",
    "sectionName": "Business",
    "webPublicationDate": "2008-08-04T23:01:00Z",
    "webTitle": "Oil companies: Imperial Energy in talks with second suitor",
    "webUrl": "https://www.theguardian.com/business/2008/aug/05/imperialenergy.oilandgascompanies",
    "apiUrl": "https://content.guardianapis.com/business/2008/aug/05/imperialenergy.oilandgascompanies",
    "fields": {
      "headline": "Oil companies: Imperial in talks with second suitor",
      "trailText": "<p>Shares rise after announcement of negotiations with unnamed party, believed to be Sinopec of China</p>",
      "byline": "Terry Macalister",
      "main": "",
      "body": "<p>Imperial Energy confirmed yesterday it was in talks with a second potential buyer in a move which pitches China and India head-to-head.</p> <p>Shares in Imperial rose 7.5% to \u00a311.15 after it announced negotiations with another unnamed party, believed to be Sinopec of China. \"There can be no certainty that any offer will ultimately be made or the terms on which any such offer might be made,\" Imperial said in a statement. The company is already discussing a \u00a31.3bn takeover from an unnamed suitor - understood to be India's Oil and Natural Gas Company (ONGC).</p> <p>China and India have increasingly been targeting Russia as a source of energy. Sinopec is developing the Sakhalin-3 oil and gas project with state-owned oil firm Rosneft and in 2006 it bought a unit from TNK-BP for $3.5bn (\u00a31.7bn).</p> <p>ONGC, charged with securing energy resources to power India's booming economy, is a partner in the Sakhalin-1 oil and gas consortium headed by ExxonMobil.</p> <p>City analysts said a third bidder could yet emerge. \"In our view, a bid for Imperial is readily affordable by either ONGC or, effectively, the Chinese government. If Sinopec has indeed entered the due diligence process late, this ironically may give ONGC more time to clear its bid ... It may also encourage other bidders to enter the fray such as KNOC of South Korea,\" said Fred Lucas, of Cazenove.</p>",
      "newspaperPageNumber": "21",
      "wordcount": "231",
      "commentable": "false",
      "isPremoderated": "false",
      "lastModified": "2017-11-26T20:46:23Z",
      "newspaperEditionDate": "2008-08-05T00:00:00Z",
      "productionOffice": "UK",
      "publication": "The Guardian",
      "shortUrl": "https://gu.com/p/xztkq",
      "shouldHideAdverts": "false",
      "showInRelatedContent": "true",
      "legallySensitive": "false",
      "lang": "en",
      "bodyText": "Imperial Energy confirmed yesterday it was in talks with a second potential buyer in a move which pitches China and India head-to-head. Shares in Imperial rose 7.5% to \u00a311.15 after it announced negotiations with another unnamed party, believed to be Sinopec of China. \"There can be no certainty that any offer will ultimately be made or the terms on which any such offer might be made,\" Imperial said in a statement. The company is already discussing a \u00a31.3bn takeover from an unnamed suitor - understood to be India's Oil and Natural Gas Company (ONGC). China and India have increasingly been targeting Russia as a source of energy. Sinopec is developing the Sakhalin-3 oil and gas project with state-owned oil firm Rosneft and in 2006 it bought a unit from TNK-BP for $3.5bn (\u00a31.7bn). ONGC, charged with securing energy resources to power India's booming economy, is a partner in the Sakhalin-1 oil and gas consortium headed by ExxonMobil. City analysts said a third bidder could yet emerge. \"In our view, a bid for Imperial is readily affordable by either ONGC or, effectively, the Chinese government. If Sinopec has indeed entered the due diligence process late, this ironically may give ONGC more time to clear its bid ... It may also encourage other bidders to enter the fray such as KNOC of South Korea,\" said Fred Lucas, of Cazenove.",
      "charCount": "1341"
    },
    "isHosted": false,
    "pillarId": "pillar/news",
    "pillarName": "News"
  },
  {
    "id": "business/2008/aug/05/bp.oilandgascompanies",
    "type": "article",
    "sectionId": "business",
    "sectionName": "Business",
    "webPublicationDate": "2008-08-04T23:01:00Z",
    "webTitle": "Oil: BP loses grip on troubled Russian venture as head of finance quits",
    "webUrl": "https://www.theguardian.com/business/2008/aug/05/bp.oilandgascompanies",
    "apiUrl": "https://content.guardianapis.com/business/2008/aug/05/bp.oilandgascompanies",
    "fields": {
      "headline": "Oil: BP loses grip on troubled Russian venture as head of finance quits",
      "standfirst": "<strong>&#183;</strong> Balance of power shifts to billionaire partners  <br /><strong>&#183;</strong> Departure leaves last man standing for UK company",
      "trailText": "<p>Tim Summers is the only BP-nominated executive at the top of the Siberian oil and gas company</p>",
      "byline": "Terry Macalister",
      "main": "",
      "body": "<p>BP's grip on its Russian joint venture was loosened significantly yesterday when one of its few remaining appointees - James Owen, the chief financial officer - resigned abruptly.</p> <p>With Robert Dudley, chief executive of TNK-BP and another of BP's men, out of Moscow, the balance of power has shifted towards BP's partners but bitter rivals - the four Russian billionaires who own 50% of the venture. </p> <p>There is now only one BP-nominated executive - chief operating officer Tim Summers - at the top of the Siberian oil and gas company, with two nominated by the rival private shareholders from the Alfa-Access-Renova (AAR) consortium.</p> <p>Dudley remains chief executive but few expect him to return to Russia after fleeing what he claims was personal harassment. Many expect him to step down shortly.</p> <p>BP refused to comment on the latest upheaval, but TNK-BP released a formal statement that said: \"Mr Owen's [resignation] letter states that as the current shareholder issues remain unresolved he feels it is difficult for him to continue working independently, as his role demands.\"</p> <p>There was an unusually upbeat comment from the Russian shareholders. </p> <p>\"Jim Owen has made a significant contribution to the development of TNK-BP and we regret to see him go,\" said Stan Polovets, chief executive of AAR. </p> <p>\"During two and a half years with the company, Jim has built a strong organisation underneath him and we expect to have a smooth transition as TNK-BP considers candidates for the CFO job. We wish Jim all the best as he pursues new endeavours.\" </p> <p>The resignation comes days after Tony Hayward, BP's chief executive, held talks with Mikhail Fridman, one of the venture's four main Russian shareholders, to try to resolve the crisis.</p> <p>Two of those shareholders, Viktor Vekselberg and German Kahn, hold senior management positions at TNK-BP and their umbrella group, AAR, had said that they would step down if BP agreed to withdraw Dudley. </p> <p>Hayward admitted at BP's second-quarter results conference last week that Dudley's position - working from outside of Russia - was sustainable only for a few months.</p> <p>BP has always claimed that it was Dudley's decision to leave Russia and that his position as chief executive at TNK-BP will be supported at all costs. But many industry experts believe it is only a matter of time before Dudley agrees to leave the company, which provides BP with a quarter of its global oil and gas production but only a tenth of its profits.</p> <p>BP and AAR have been fighting over control of TNK-BP for six months, amid expectations that one or both sides will eventually have to sell their stake to the Kremlin. </p> <p>The company has spent the past year fighting off claims from the tax, environmental and immigration authorities in what has been seen by some industry specialists as a rerun of the kind of problems that afflicted Shell until it sold part of its shareholding in Sakhalin to state-owned Gazprom. But in recent months the Russian private shareholders have accused BP of running the joint venture for its own ends, something that the British company denies.</p>",
      "newspaperPageNumber": "21",
      "wordcount": "513",
      "commentable": "false",
      "isPremoderated": "false",
      "lastModified": "2017-11-26T20:46:27Z",
      "newspaperEditionDate": "2008-08-05T00:00:00Z",
      "productionOffice": "UK",
      "publication": "The Guardian",
      "shortUrl": "https://gu.com/p/xztyv",
      "shouldHideAdverts": "false",
      "showInRelatedContent": "true",
      "legallySensitive": "false",
      "lang": "en",
      "bodyText": "BP's grip on its Russian joint venture was loosened significantly yesterday when one of its few remaining appointees - James Owen, the chief financial officer - resigned abruptly. With Robert Dudley, chief executive of TNK-BP and another of BP's men, out of Moscow, the balance of power has shifted towards BP's partners but bitter rivals - the four Russian billionaires who own 50% of the venture. There is now only one BP-nominated executive - chief operating officer Tim Summers - at the top of the Siberian oil and gas company, with two nominated by the rival private shareholders from the Alfa-Access-Renova (AAR) consortium. Dudley remains chief executive but few expect him to return to Russia after fleeing what he claims was personal harassment. Many expect him to step down shortly. BP refused to comment on the latest upheaval, but TNK-BP released a formal statement that said: \"Mr Owen's [resignation] letter states that as the current shareholder issues remain unresolved he feels it is difficult for him to continue working independently, as his role demands.\" There was an unusually upbeat comment from the Russian shareholders. \"Jim Owen has made a significant contribution to the development of TNK-BP and we regret to see him go,\" said Stan Polovets, chief executive of AAR. \"During two and a half years with the company, Jim has built a strong organisation underneath him and we expect to have a smooth transition as TNK-BP considers candidates for the CFO job. We wish Jim all the best as he pursues new endeavours.\" The resignation comes days after Tony Hayward, BP's chief executive, held talks with Mikhail Fridman, one of the venture's four main Russian shareholders, to try to resolve the crisis. Two of those shareholders, Viktor Vekselberg and German Kahn, hold senior management positions at TNK-BP and their umbrella group, AAR, had said that they would step down if BP agreed to withdraw Dudley. Hayward admitted at BP's second-quarter results conference last week that Dudley's position - working from outside of Russia - was sustainable only for a few months. BP has always claimed that it was Dudley's decision to leave Russia and that his position as chief executive at TNK-BP will be supported at all costs. But many industry experts believe it is only a matter of time before Dudley agrees to leave the company, which provides BP with a quarter of its global oil and gas production but only a tenth of its profits. BP and AAR have been fighting over control of TNK-BP for six months, amid expectations that one or both sides will eventually have to sell their stake to the Kremlin. The company has spent the past year fighting off claims from the tax, environmental and immigration authorities in what has been seen by some industry specialists as a rerun of the kind of problems that afflicted Shell until it sold part of its shareholding in Sakhalin to state-owned Gazprom. But in recent months the Russian private shareholders have accused BP of running the joint venture for its own ends, something that the British company denies.",
      "charCount": "3071"
    },
    "isHosted": false,
    "pillarId": "pillar/news",
    "pillarName": "News"
  },
  {
    "id": "football/2008/aug/05/astonvilla.middlesbrough",
    "type": "article",
    "sectionId": "football",
    "sectionName": "Football",
    "webPublicationDate": "2008-08-04T23:01:00Z",
    "webTitle": "Villa to test Boro's resolve with a bid for Young",
    "webUrl": "https://www.theguardian.com/football/2008/aug/05/astonvilla.middlesbrough",
    "apiUrl": "https://content.guardianapis.com/football/2008/aug/05/astonvilla.middlesbrough",
    "fields": {
      "headline": "Villa to test Boro's resolve with a  bid for Young",
      "trailText": "<p>Martin O'Neill is tracking England full-back Luke Young, but is reluctant to meet Boro's asking price for the 29 year-old</p>",
      "byline": "Stuart James",
      "main": "<figure class=\"element element-image\" data-media-id=\"gu-image-336213794\"> <img src=\"http://static.guim.co.uk/sys-images/Football/Pix/pictures/2008/08/04/LukeYoung1.jpg\" alt=\"Luke Young\" width=\"460\" height=\"276\" class=\"gu-image\" /> <figcaption> <span class=\"element-image__caption\">Martin O'Neill sees England defender Luke Young as the solution to Villa's full-back problems. Photograph: Tom Shaw/Getty Images</span> </figcaption> </figure>",
      "body": "<p>Aston Villa have targeted the Middlesbrough defender Luke Young as Martin O'Neill steps up his attempts to recruit a recognised right-back before the start of the season. It is understood that Villa have approached Boro and that the north-eastern club are reluctantly considering whether to sanction Young's departure little more than 12 months after the former England international arrived on Teesside from Charlton Athletic.</p> <p>Middlesbrough paid \u00a32.5m for Young last July and it is likely that Gareth Southgate would demand significantly more than that to allow the 29-year-old to leave on the eve of the season. The Boro manager said last weekend that \"we're not looking to lose players\" but keeping hold of Young, who started all but three Premier League matches last season and impressed with his consistent performances, may prove difficult in the face of interest from Villa.</p> <p>O'Neill has been keen to recruit a right-back for more than 12 months and Young is believed to have been on the Villa manager's radar before agreeing to join Middlesbrough. Having decided to pursue other options, O'Neill was unable to fill the position before the start of last season and had little option but to shift Olof Mellberg from his central berth. Mellberg adapted to his new role but he has since joined Juventus on a free transfer, accentuating the need to bring in an orthodox right-back.</p> <p>Young fits that description but any deal for the former Tottenham trainee is likely to hinge not only on Boro's willingness to sell but also Liverpool's means of financing the purchase of Gareth Barry, with Rafael Ben\u00edtez previously willing to offer Steve Finnan as a makeweight. Although Finnan would solve O'Neill's right-back problem, the manager would prefer a straight cash deal for Barry, as proposed by Liverpool before talks broke down last week.</p> <p>Villa's interest in Young could not have come at a worse time for Middlesbrough as Southgate seeks to finalise his plans for the opening Premier League fixture against Tottenham on Saturday week. The Middlesbrough manager, who has already seen Mark Schwarzer, George Boateng and Lee Cattermole leave, has no obvious replacement for Young; Tony McMahon, a promising right-back during Steve McClaren's time at the Riverside, has failed to make the progress expected. </p> <p>Meanwhile, Aston Villa will have home advantage in the second leg of their Uefa Cup match with FH Hafnarfjordur after Uefa agreed to reverse the tie. Villa were due to host the first leg on August 14 with the second tie taking place in Iceland on August 28. Hafnarfjordur were keen to stage the first leg to guarantee a large crowd for the visit of their Premier League opponents, which may not have been the case had they been well beaten at Villa Park. It will be Villa's first Uefa Cup tie for seven years since they were beaten by NK Varteks at the start of the 2000-01 campaign.</p>",
      "newspaperPageNumber": "5",
      "wordcount": "483",
      "commentable": "false",
      "isPremoderated": "false",
      "lastModified": "2017-11-29T07:49:23Z",
      "newspaperEditionDate": "2008-08-05T00:00:00Z",
      "productionOffice": "UK",
      "publication": "The Guardian",
      "shortUrl": "https://gu.com/p/xztyj",
      "shouldHideAdverts": "false",
      "showInRelatedContent": "true",
      "legallySensitive": "false",
      "lang": "en",
      "bodyText": "Aston Villa have targeted the Middlesbrough defender Luke Young as Martin O'Neill steps up his attempts to recruit a recognised right-back before the start of the season. It is understood that Villa have approached Boro and that the north-eastern club are reluctantly considering whether to sanction Young's departure little more than 12 months after the former England international arrived on Teesside from Charlton Athletic. Middlesbrough paid \u00a32.5m for Young last July and it is likely that Gareth Southgate would demand significantly more than that to allow the 29-year-old to leave on the eve of the season. The Boro manager said last weekend that \"we're not looking to lose players\" but keeping hold of Young, who started all but three Premier League matches last season and impressed with his consistent performances, may prove difficult in the face of interest from Villa. O'Neill has been keen to recruit a right-back for more than 12 months and Young is believed to have been on the Villa manager's radar before agreeing to join Middlesbrough. Having decided to pursue other options, O'Neill was unable to fill the position before the start of last season and had little option but to shift Olof Mellberg from his central berth. Mellberg adapted to his new role but he has since joined Juventus on a free transfer, accentuating the need to bring in an orthodox right-back. Young fits that description but any deal for the former Tottenham trainee is likely to hinge not only on Boro's willingness to sell but also Liverpool's means of financing the purchase of Gareth Barry, with Rafael Ben\u00edtez previously willing to offer Steve Finnan as a makeweight. Although Finnan would solve O'Neill's right-back problem, the manager would prefer a straight cash deal for Barry, as proposed by Liverpool before talks broke down last week. Villa's interest in Young could not have come at a worse time for Middlesbrough as Southgate seeks to finalise his plans for the opening Premier League fixture against Tottenham on Saturday week. The Middlesbrough manager, who has already seen Mark Schwarzer, George Boateng and Lee Cattermole leave, has no obvious replacement for Young; Tony McMahon, a promising right-back during Steve McClaren's time at the Riverside, has failed to make the progress expected. Meanwhile, Aston Villa will have home advantage in the second leg of their Uefa Cup match with FH Hafnarfjordur after Uefa agreed to reverse the tie. Villa were due to host the first leg on August 14 with the second tie taking place in Iceland on August 28. Hafnarfjordur were keen to stage the first leg to guarantee a large crowd for the visit of their Premier League opponents, which may not have been the case had they been well beaten at Villa Park. It will be Villa's first Uefa Cup tie for seven years since they were beaten by NK Varteks at the start of the 2000-01 campaign.",
      "charCount": "2887"
    },
    "isHosted": false,
    "pillarId": "pillar/sport",
    "pillarName": "Sport"
  },
  {
    "id": "money/2008/aug/05/currentaccounts.hsbcholdingsbusiness",
    "type": "article",
    "sectionId": "money",
    "sectionName": "Money",
    "webPublicationDate": "2008-08-04T23:01:00Z",
    "webTitle": "High prices cut into current accounts",
    "webUrl": "https://www.theguardian.com/money/2008/aug/05/currentaccounts.hsbcholdingsbusiness",
    "apiUrl": "https://content.guardianapis.com/money/2008/aug/05/currentaccounts.hsbcholdingsbusiness",
    "fields": {
      "headline": "High prices cut into current accounts",
      "trailText": "<p>Bank reports average balances on 8.2m current accounts were down 5% in first six months of year</p>",
      "byline": "Jill Treanor",
      "main": "<figure class=\"element element-image\" data-media-id=\"gu-image-336219102\"> <img src=\"http://static.guim.co.uk/sys-images/Money/Pix/pictures/2008/07/08/SavingsPiggyGetty460.jpg\" alt=\"Coins in a piggy bank fall out of the bottom\" width=\"460\" height=\"276\" class=\"gu-image\" /> <figcaption> <span class=\"element-image__caption\">Customer savings have fallen alongside disposable incomes. Photograph: Getty</span> </figcaption> </figure>",
      "body": "<p>The rising cost of food, gas, electricity and water is knocking a hole in customers' disposable incomes, according to HSBC.</p> <p>The bank reported yesterday that average balances on its 8.2m current accounts were down 5% in the first six months of the year as customers paid more for their food and utilities. </p> <p>Joe Garner, head of HSBC's retail arm in Britain, said customers were \"really starting to feel the squeeze\". He also suggested that the fall in current account balances might be due to some customers transferring part of their salaries to savings accounts. Competition for deposits means that interest rates of 7% are being offered on savings accounts, well above the 5% official base rate.</p> <p>HSBC reported a 19% rise in deposits held in its range of savings accounts. Overall, HSBC's retail operations in Britain made profits of \u00a3614m in the first half, a rise of 85% year-on-year, and unlike its rivals the bank reported a 6% fall in charges for customers failing to pay loans on time to \u00a3380m. Its commercial banking operations in the UK reported a 73% rise in profits and the impairment charge was held flat at \u00a3116m.</p> <p>Stephen Green, HSBC chairman, admitted the performance in the UK, where house prices are falling, economic growth slowing and unemployment starting to rise had surprised him.</p> <p>However, Garner put the reduction in impairment charges down to the Bank's cautious lending policy. \"It's because we didn't over feast in the good times that we now have no famine in tougher times,\" he said.</p> <p>HSBC's campaign to woo borrowers through its Rate Matcher mortgage led to a $11bn (\u00a35.5bn) rise in mortgage balances in the first half. Its share of new lending - known as gross lending - doubled to 6%.</p> <p>In June HSBC was selling as many as 12% of all new mortgages and Garner admits he hopes to achieve a share of 10% of all new home loans during the year. The Rate Matcher product led to a 38% increase in mortgage applications in the first half.</p> <p>On commercial loans, Alan Keir, general manager for UK commercial banking, said: \"You can see a definite pickup of impairments . More of that will come through in the second half, but it is difficult to know what impact that will have\".</p>",
      "newspaperPageNumber": "20",
      "wordcount": "383",
      "commentable": "false",
      "isPremoderated": "false",
      "lastModified": "2017-12-02T18:38:32Z",
      "newspaperEditionDate": "2008-08-05T00:00:00Z",
      "productionOffice": "UK",
      "publication": "The Guardian",
      "shortUrl": "https://gu.com/p/xztkg",
      "shouldHideAdverts": "false",
      "showInRelatedContent": "true",
      "legallySensitive": "false",
      "lang": "en",
      "bodyText": "The rising cost of food, gas, electricity and water is knocking a hole in customers' disposable incomes, according to HSBC. The bank reported yesterday that average balances on its 8.2m current accounts were down 5% in the first six months of the year as customers paid more for their food and utilities. Joe Garner, head of HSBC's retail arm in Britain, said customers were \"really starting to feel the squeeze\". He also suggested that the fall in current account balances might be due to some customers transferring part of their salaries to savings accounts. Competition for deposits means that interest rates of 7% are being offered on savings accounts, well above the 5% official base rate. HSBC reported a 19% rise in deposits held in its range of savings accounts. Overall, HSBC's retail operations in Britain made profits of \u00a3614m in the first half, a rise of 85% year-on-year, and unlike its rivals the bank reported a 6% fall in charges for customers failing to pay loans on time to \u00a3380m. Its commercial banking operations in the UK reported a 73% rise in profits and the impairment charge was held flat at \u00a3116m. Stephen Green, HSBC chairman, admitted the performance in the UK, where house prices are falling, economic growth slowing and unemployment starting to rise had surprised him. However, Garner put the reduction in impairment charges down to the Bank's cautious lending policy. \"It's because we didn't over feast in the good times that we now have no famine in tougher times,\" he said. HSBC's campaign to woo borrowers through its Rate Matcher mortgage led to a $11bn (\u00a35.5bn) rise in mortgage balances in the first half. Its share of new lending - known as gross lending - doubled to 6%. In June HSBC was selling as many as 12% of all new mortgages and Garner admits he hopes to achieve a share of 10% of all new home loans during the year. The Rate Matcher product led to a 38% increase in mortgage applications in the first half. On commercial loans, Alan Keir, general manager for UK commercial banking, said: \"You can see a definite pickup of impairments . More of that will come through in the second half, but it is difficult to know what impact that will have\".",
      "charCount": "2191"
    },
    "isHosted": false,
    "pillarId": "pillar/lifestyle",
    "pillarName": "Lifestyle"
  },
  {
    "id": "business/2008/aug/05/marketforces",
    "type": "article",
    "sectionId": "business",
    "sectionName": "Business",
    "webPublicationDate": "2008-08-04T23:01:00Z",
    "webTitle": "UK stocks: Miners hit dull note as metals lose allure",
    "webUrl": "https://www.theguardian.com/business/2008/aug/05/marketforces",
    "apiUrl": "https://content.guardianapis.com/business/2008/aug/05/marketforces",
    "fields": {
      "headline": "UK stocks: Miners hit dull note as metals lose allure",
      "trailText": "<p><strong>Chris Tryhorn:</strong> FTSE 100 dragged into negative territory by an ailing mining sector</p>",
      "byline": "Chris Tryhorn",
      "main": "",
      "body": "<p>The <strong>FTSE 100</strong> was dragged into negative territory yesterday by an ailing mining sector and banking group <strong>HSBC</strong>'s profit slump. Miners, suffering from falling commodity prices, represented nine of the top 10 percentage fallers as the blue-chip index slipped 34.5 points to close at 5320.2, down 0.6%.</p> <p>Copper producer <strong>Kazakhmys</strong> was the biggest loser, down 9.5% or 135p to \u00a312.88, as the price of the metal hit a six-month low. Other losers in th sector included <strong>Vedanta</strong>, <strong>Antofagasta</strong> and <strong>Xstrata</strong>, which all have copper operations. </p> <p>HSBC, Europe's biggest bank, closed 9p lower at 828p after announcing a 28% drop in first-half profits.</p> <p><strong>Standard Chartered</strong>, which alone of the big banks is expected to show higher profits when it announces results today, fell 70p to \u00a314.23. <strong>Barclays</strong>, which is expected to report a first-half slump on Thursday, slipped 2.25p to 339.25p. <strong>RBS</strong> - predicted to post a record British banking loss when it reports on Friday - was down 0.25p to 215p.</p> <p>Of the banks that have reported falling profits, <strong>Lloyds TSB</strong> was down 6.75p to 293.25p and <strong>HBOS</strong> slid 2.5p to 299.75p. <strong>Alliance &amp; Leicester</strong>, which admitted that its profits were all but wiped out by the credit crunch, was down 7.5p to 333.25p.</p> <p>A fall in the oil price eliminated early gains in <strong>Royal Dutch Shell</strong>'s B shares, despite confirmation it was in talks with joint venture partner Sibir Energy to expand their operations in Russia. Shell closed down 14p to \u00a317.36, while <strong>BP</strong> fell 3.25p to 518p.</p> <p><strong>Punch Taverns</strong>, Britain's largest pub landlord with an 8,400-strong estate, was the biggest gainer in the FTSE 250 index following a report that it could be the subject of a private equity bid. Punch shares have fallen 70% in the past year as the company deals with the effects of the smoking ban, competition from supermarkets and the impact of the credit crunch.</p> <p>Yesterday the shares were up 21%, or 54.5p to 312p, after it was reported that CVC Capital Partners was considering a bid.</p> <p>That news lifted Punch's rivals. <strong>Mitchells &amp; Butlers</strong>, which owns chains such as Harvester and Toby Carvery, was up 25.25p, or 10%, to 280.75p, while <strong>Enterprise Inns</strong> gained 9p to 320.25p. The <strong>JD Wetherspoon</strong> chain was another gainer, 14.25p to 233.25p.</p> <p>Brewing group <strong>SABMiller</strong> added 27p to \u00a310.66 despite JP Morgan cutting its target to \u00a313.10.</p> <p><strong>Imperial Energy</strong> rose 86p to \u00a311.60 as it confirmed it had entered talks with a second potential buyer, believed to be China's Sinopec. It is discussing a \u00a31.3bn takeover with another, unnamed suitor, thought to be India's Oil and Natural Gas Company.</p> <p>Nuclear power group <strong>British Energy</strong> gained 18p to 718p as British Gas owner <strong>Centrica</strong> confirmed its renewed interest in a takeover. Centrica, which had already examined the possibility of an all-paper offer for British Energy, lifted 0.25p to 297.25p.</p> <p>Shares in <strong>International Power </strong>were up 14p to 417.75p after it clinched a deal in Indonesia. PT Paiton Energy, in which IP has a 40.5% stake, signed a 30-year agreement with the country's state utility to develop a coal-fired plant that will become operational in 2012.</p> <p><strong>Trinity Mirror</strong> added 14.5p to 115p, a 14% rise that made it the second-biggest percentage gainer in the FTSE 250. Lehman analyst Tamsin Garrity raised its rating to equal weight and set a target of 135p. She made the assessment after last week's interim results in which Trinity revealed it had taken an \u00a385m impairment charge to reflect a deterioration in the advertising environment. The company said the fall in advertising revenue had worsened in July, to 15%. </p> <p>\"Given that we believe the double-digit declines in advertising are now priced in, that the risks surrounding pension funding have been mitigated and management is aggressively tackling costs, we believe that there is little near-term downside in the stock,\" she wrote. </p> <p>Rival newspaper group <strong>Johnston Press</strong> gained no benefit from Trinity's upgrade, however. </p> <p>The decision by UBS last week to slash its target from 75p to 50p appeared to be dragging the stock down further as it fell 6.5p to 40p. The 14% decline was the biggest in the FTSE 250.</p> <p>Elsewhere in the media sector, <strong>ITV </strong>was up 0.7p to 43.5p in spite of Investec reducing its target to 35p. </p> <p>The independent broadcaster, which like newspaper groups is struggling with the stagnant advertising market, releases first-half results tomorrow. </p> <p>\"While further cost cuts are now likely, the near-term investment case is driven by potential for takeover as opposed to fundamentals, which appear to be declining,\" wrote Investec analyst Steve Liechti. </p> <p>However, he noted that speculation about potential predators had \"died down slightly\".</p> <h2>A swing to Sorrell</h2> <p>Market research group <strong>Taylor Nelson Sofres</strong> slipped 0.25p to 270p as Panmure cut its recommendation on the shares to \"hold\". Panmure warned of \"<strong>major doubts</strong>\" that TNS's former merger partner, the German group <strong>GfK</strong>, would come up with the necessary cash to counter the unsolicited bid already made by <strong>WPP</strong>, the advertising empire led by <strong>Sir Martin Sorrell</strong>. On Friday night WPP sent TNS shareholders details of its cash-and-shares proposal, which values the company at <strong>264p</strong> a share. TNS has rejected the WPP offer and urged shareholders to give Sorrell's overtures the cold shoulder. WPP <strong>gained</strong> 4.5p to 480.5p.</p> <p><a href=\"mailto:chris.tryhorn@theguardian.com\">chris.tryhorn@theguardian.com</a></p>",
      "newspaperPageNumber": "24",
      "wordcount": "913",
      "commentable": "false",
      "isPremoderated": "false",
      "lastModified": "2017-11-26T20:46:28Z",
      "newspaperEditionDate": "2008-08-05T00:00:00Z",
      "productionOffice": "UK",
      "publication": "The Guardian",
      "shortUrl": "https://gu.com/p/xztkn",
      "shouldHideAdverts": "false",
      "showInRelatedContent": "true",
      "legallySensitive": "false",
      "lang": "en",
      "bodyText": "The FTSE 100 was dragged into negative territory yesterday by an ailing mining sector and banking group HSBC's profit slump. Miners, suffering from falling commodity prices, represented nine of the top 10 percentage fallers as the blue-chip index slipped 34.5 points to close at 5320.2, down 0.6%. Copper producer Kazakhmys was the biggest loser, down 9.5% or 135p to \u00a312.88, as the price of the metal hit a six-month low. Other losers in th sector included Vedanta, Antofagasta and Xstrata, which all have copper operations. HSBC, Europe's biggest bank, closed 9p lower at 828p after announcing a 28% drop in first-half profits. Standard Chartered, which alone of the big banks is expected to show higher profits when it announces results today, fell 70p to \u00a314.23. Barclays, which is expected to report a first-half slump on Thursday, slipped 2.25p to 339.25p. RBS - predicted to post a record British banking loss when it reports on Friday - was down 0.25p to 215p. Of the banks that have reported falling profits, Lloyds TSB was down 6.75p to 293.25p and HBOS slid 2.5p to 299.75p. Alliance &amp; Leicester, which admitted that its profits were all but wiped out by the credit crunch, was down 7.5p to 333.25p. A fall in the oil price eliminated early gains in Royal Dutch Shell's B shares, despite confirmation it was in talks with joint venture partner Sibir Energy to expand their operations in Russia. Shell closed down 14p to \u00a317.36, while BP fell 3.25p to 518p. Punch Taverns, Britain's largest pub landlord with an 8,400-strong estate, was the biggest gainer in the FTSE 250 index following a report that it could be the subject of a private equity bid. Punch shares have fallen 70% in the past year as the company deals with the effects of the smoking ban, competition from supermarkets and the impact of the credit crunch. Yesterday the shares were up 21%, or 54.5p to 312p, after it was reported that CVC Capital Partners was considering a bid. That news lifted Punch's rivals. Mitchells &amp; Butlers, which owns chains such as Harvester and Toby Carvery, was up 25.25p, or 10%, to 280.75p, while Enterprise Inns gained 9p to 320.25p. The JD Wetherspoon chain was another gainer, 14.25p to 233.25p. Brewing group SABMiller added 27p to \u00a310.66 despite JP Morgan cutting its target to \u00a313.10. Imperial Energy rose 86p to \u00a311.60 as it confirmed it had entered talks with a second potential buyer, believed to be China's Sinopec. It is discussing a \u00a31.3bn takeover with another, unnamed suitor, thought to be India's Oil and Natural Gas Company. Nuclear power group British Energy gained 18p to 718p as British Gas owner Centrica confirmed its renewed interest in a takeover. Centrica, which had already examined the possibility of an all-paper offer for British Energy, lifted 0.25p to 297.25p. Shares in International Power were up 14p to 417.75p after it clinched a deal in Indonesia. PT Paiton Energy, in which IP has a 40.5% stake, signed a 30-year agreement with the country's state utility to develop a coal-fired plant that will become operational in 2012. Trinity Mirror added 14.5p to 115p, a 14% rise that made it the second-biggest percentage gainer in the FTSE 250. Lehman analyst Tamsin Garrity raised its rating to equal weight and set a target of 135p. She made the assessment after last week's interim results in which Trinity revealed it had taken an \u00a385m impairment charge to reflect a deterioration in the advertising environment. The company said the fall in advertising revenue had worsened in July, to 15%. \"Given that we believe the double-digit declines in advertising are now priced in, that the risks surrounding pension funding have been mitigated and management is aggressively tackling costs, we believe that there is little near-term downside in the stock,\" she wrote. Rival newspaper group Johnston Press gained no benefit from Trinity's upgrade, however. The decision by UBS last week to slash its target from 75p to 50p appeared to be dragging the stock down further as it fell 6.5p to 40p. The 14% decline was the biggest in the FTSE 250. Elsewhere in the media sector, ITV was up 0.7p to 43.5p in spite of Investec reducing its target to 35p. The independent broadcaster, which like newspaper groups is struggling with the stagnant advertising market, releases first-half results tomorrow. \"While further cost cuts are now likely, the near-term investment case is driven by potential for takeover as opposed to fundamentals, which appear to be declining,\" wrote Investec analyst Steve Liechti. However, he noted that speculation about potential predators had \"died down slightly\". A swing to Sorrell Market research group Taylor Nelson Sofres slipped 0.25p to 270p as Panmure cut its recommendation on the shares to \"hold\". Panmure warned of \"major doubts\" that TNS's former merger partner, the German group GfK, would come up with the necessary cash to counter the unsolicited bid already made by WPP, the advertising empire led by Sir Martin Sorrell. On Friday night WPP sent TNS shareholders details of its cash-and-shares proposal, which values the company at 264p a share. TNS has rejected the WPP offer and urged shareholders to give Sorrell's overtures the cold shoulder. WPP gained 4.5p to 480.5p. chris.tryhorn@theguardian.com",
      "charCount": "5282"
    },
    "isHosted": false,
    "pillarId": "pillar/news",
    "pillarName": "News"
  },
  {
    "id": "business/2008/aug/05/hsbcholdingsbusiness.banking",
    "type": "article",
    "sectionId": "business",
    "sectionName": "Business",
    "webPublicationDate": "2008-08-04T23:01:00Z",
    "webTitle": "Viewpoint: HSBC can strike a blow while prices are low",
    "webUrl": "https://www.theguardian.com/business/2008/aug/05/hsbcholdingsbusiness.banking",
    "apiUrl": "https://content.guardianapis.com/business/2008/aug/05/hsbcholdingsbusiness.banking",
    "fields": {
      "headline": "Viewpoint: HSBC can strike a blow while prices are low",
      "trailText": "<p><strong>Nils Pratley:</strong> Here's a rarity - a bank chairman willing to admit his industry brought troubles on itself</p>",
      "byline": "Nils Pratley",
      "main": "",
      "body": "<p>Here's a rarity - a bank chairman willing to admit his industry brought troubles on itself. HSBC chairman Stephen Green's analysis yesterday was unremarkable but refreshing to hear. Complexity in financial services and the consequences of \"failed risk management\" need to be addressed, he said. \"Financial markets will not, and should not, return to the status quo ante.\" </p> <p>It ought to have been an opportunity for Green to admit HSBC itself scored a colossal own goal by paying \u00a39bn in 2003 for Household International, a US sub-prime lender that was almost the embodiment of the old order of loose lending. Household was probably the worst deal in HSBC's history, although the official line is that the purchase will come good in the end. But even HSBC's own accounts are less optimistic these days. A $527m charge for impairment of goodwill was taken yesterday.</p> <p>Still, HSBC can boast it has many more good parts than rotten ones. A tour of its Asia-Pacific operations illustrates the point. Pre-tax profits rose 96% in Australia in the first half, 92% in China, 27% in Singapore ... the list goes on. Add it up and HSBC as a whole, despite bleeding in the US, could report pre-tax profits of $10.2bn. Green, fairly, called the performance \"resilient\".</p> <p>The open question is whether HSBC's strengths in Asia and Europe can continue to compensate for the mess in the US. At the moment, there are enough reasons to be cheerful, despite cautious remarks about a slowdown in corporate activity in some sectors in Asia.</p> <p>But Green, with his comments about the future shape of the banking industry, seemed to be inviting shareholders to consider a longer horizon. There may be opportunities to \"accelerate the execution of our strategy\". Does he mean acquisitions? HSBC, naturally, won't say, but one interpretation is that Green is warming up the market for a strategic strike, which would presumably be in India, Latin America or the Far East.</p> <p>Certainly, HSBC has the resources - its capital ratios are healthy. The timing is also right, given the number of distressed sellers around the world. It comes down to target and price. If Green can get those right, the Household catastrophe may finally become yesterday's story.</p> <h2>Power switch</h2> <p>It's nice to have a scapegoat when bid talks collapse, but Invesco and M&amp;G really can't be blamed by EDF for its failure to land British Energy last week.</p> <p>Look at it from the fund managers' point of view. </p> <p>They were being asked to part with an option on a virtual monopoly on UK nuclear power generation. If you are bullish on long-term energy prices, as Invesco is - it owns 29% of Drax - you would want to be paid handsomely to be bought out of your position. One definition of bullishness is \u00a311 a share - the valuation put on British Energy by Goldman Sachs' analysts - not even close to the 765p a share waved by EDF.</p> <p>You would also be suspicious of any deal in which the UK government, with a 35% economic interest in British Energy, had advertised itself as an enthusiastic seller. You might feel that was not the most effective way to achieve full value, especially when a much-hyped auction for British Energy had mutated into negotiations with EDF alone. </p> <p>So why not create some mischief? It might encourage the government into some political horse-trading with the French government, owner of EDF. That may be exactly what develops in the autumn given that the government seems to regard French nuclear expertise as vital.</p> <p>Certainly, a revived - and higher - bid from EDF looks a more likely outcome than an all-share merger between Centrica and British Energy. Centrica is free to try its luck but there is an obvious obstacle to such a deal: the government wants cash, not an 18% stake in the company that is pushing up gas bills by 35%.<br><a href=\"mailto:nils.pratley@theguardian.com\"><br>nils.pratley@theguardian.com</a></p>",
      "newspaperPageNumber": "21",
      "wordcount": "659",
      "commentable": "false",
      "isPremoderated": "false",
      "lastModified": "2017-11-26T20:46:29Z",
      "newspaperEditionDate": "2008-08-05T00:00:00Z",
      "productionOffice": "UK",
      "publication": "The Guardian",
      "shortUrl": "https://gu.com/p/xztkz",
      "shouldHideAdverts": "false",
      "showInRelatedContent": "true",
      "legallySensitive": "false",
      "lang": "en",
      "bodyText": "Here's a rarity - a bank chairman willing to admit his industry brought troubles on itself. HSBC chairman Stephen Green's analysis yesterday was unremarkable but refreshing to hear. Complexity in financial services and the consequences of \"failed risk management\" need to be addressed, he said. \"Financial markets will not, and should not, return to the status quo ante.\" It ought to have been an opportunity for Green to admit HSBC itself scored a colossal own goal by paying \u00a39bn in 2003 for Household International, a US sub-prime lender that was almost the embodiment of the old order of loose lending. Household was probably the worst deal in HSBC's history, although the official line is that the purchase will come good in the end. But even HSBC's own accounts are less optimistic these days. A $527m charge for impairment of goodwill was taken yesterday. Still, HSBC can boast it has many more good parts than rotten ones. A tour of its Asia-Pacific operations illustrates the point. Pre-tax profits rose 96% in Australia in the first half, 92% in China, 27% in Singapore ... the list goes on. Add it up and HSBC as a whole, despite bleeding in the US, could report pre-tax profits of $10.2bn. Green, fairly, called the performance \"resilient\". The open question is whether HSBC's strengths in Asia and Europe can continue to compensate for the mess in the US. At the moment, there are enough reasons to be cheerful, despite cautious remarks about a slowdown in corporate activity in some sectors in Asia. But Green, with his comments about the future shape of the banking industry, seemed to be inviting shareholders to consider a longer horizon. There may be opportunities to \"accelerate the execution of our strategy\". Does he mean acquisitions? HSBC, naturally, won't say, but one interpretation is that Green is warming up the market for a strategic strike, which would presumably be in India, Latin America or the Far East. Certainly, HSBC has the resources - its capital ratios are healthy. The timing is also right, given the number of distressed sellers around the world. It comes down to target and price. If Green can get those right, the Household catastrophe may finally become yesterday's story. Power switch It's nice to have a scapegoat when bid talks collapse, but Invesco and M&amp;G really can't be blamed by EDF for its failure to land British Energy last week. Look at it from the fund managers' point of view. They were being asked to part with an option on a virtual monopoly on UK nuclear power generation. If you are bullish on long-term energy prices, as Invesco is - it owns 29% of Drax - you would want to be paid handsomely to be bought out of your position. One definition of bullishness is \u00a311 a share - the valuation put on British Energy by Goldman Sachs' analysts - not even close to the 765p a share waved by EDF. You would also be suspicious of any deal in which the UK government, with a 35% economic interest in British Energy, had advertised itself as an enthusiastic seller. You might feel that was not the most effective way to achieve full value, especially when a much-hyped auction for British Energy had mutated into negotiations with EDF alone. So why not create some mischief? It might encourage the government into some political horse-trading with the French government, owner of EDF. That may be exactly what develops in the autumn given that the government seems to regard French nuclear expertise as vital. Certainly, a revived - and higher - bid from EDF looks a more likely outcome than an all-share merger between Centrica and British Energy. Centrica is free to try its luck but there is an obvious obstacle to such a deal: the government wants cash, not an 18% stake in the company that is pushing up gas bills by 35%. nils.pratley@theguardian.com",
      "charCount": "3812"
    },
    "isHosted": false,
    "pillarId": "pillar/news",
    "pillarName": "News"
  },
  {
    "id": "environment/2008/aug/04/oilspills.wildlife",
    "type": "article",
    "sectionId": "environment",
    "sectionName": "Environment",
    "webPublicationDate": "2008-08-04T17:47:43Z",
    "webTitle": "Pilots of vessels in Mississippi oil spill to testify before US coast guard",
    "webUrl": "https://www.theguardian.com/environment/2008/aug/04/oilspills.wildlife",
    "apiUrl": "https://content.guardianapis.com/environment/2008/aug/04/oilspills.wildlife",
    "fields": {
      "headline": "Oil spill pilots to testify before US coast guard",
      "trailText": "<p>The pilots of two vessels that collided on the Mississippi River - spilling an estimated 400,000 gallons of oil - are slated to testify next week before the US coast guard about the devastating accident</p>",
      "byline": "Elana Schor in Washington",
      "main": "",
      "body": "<p>The pilots of two vessels that collided on the Mississippi River - spilling an estimated 400,000 gallons of oil - are slated to testify next week before the US coast guard about the devastating accident.</p> <p>The spill on July 23 forced the closure of a 100-mile stretch of river after a tugboat, the Mel Oliver, collided with a large petrol tanker, the Tintomara, just outside of New Orleans.</p> <p>In a preliminary investigation of the spill that concluded on Saturday, the coast guard focussed on the pilot of the Mel Oliver, who had only an apprentice's license but was left to steer the tug without a captain.</p> <p>The coast guard also released audio and radar records of the collision that show the Mel Oliver crossing in front of the Tintomara despite warnings of danger from the larger boat.</p> <p>\"This ain't good, man,\" the pilot of the Tintomara was recorded saying as the tug crossed into the tanker's path.</p> <p>The pilots of both vessels have undergone drug and alcohol testing before an August 12 coast guard hearing on the spill in New Orleans.</p> <p>The spill is believed to have dumped much of the tanker's 400,000-plus gallons of oil into the Mississippi, the most serious US oil spill in almost 10 years. The coast guard dispatched more than 175 boats to assist in cleaning up the mess, an effort that is continuing today.</p> <p>Some early reports downplayed the spill's effects on wildlife in the region, which was hit hard by Hurricane Katrina three years ago. But worries have since arisen about the health of migratory birds that depend on the river delta to feed - and now must be scared away by loud government-operated noise cannons.</p> <p>The US national oceanic and atmospheric association (Noaa) also raised an alarm in its release about the spilled oil's effect on natural resources. \"As the oil picks up river sediment,\" Noaa wrote on July 24, \"it may become heavy enough to be drawn into drinking water intake pipes in New Orleans and downriver communities\".</p> <p>The coast guard investigation found no problems with the mechanical systems aboard the Tintomara tanker and no questions about the crew's competency. </p> <p>The Mel Oliver accident was the second in one month involving a tugboat owned by Louisiana-based DRD Towing. In an earlier incident on July 13, a DRD-owned vessel sank while being piloted by someone with only an apprentice's license, according to the website Coast Guard News.</p>",
      "wordcount": "407",
      "commentable": "false",
      "isPremoderated": "false",
      "lastModified": "2018-02-14T19:48:12Z",
      "newspaperEditionDate": "2008-08-04T00:00:00Z",
      "productionOffice": "UK",
      "publication": "theguardian.com",
      "shortUrl": "https://gu.com/p/xzth4",
      "shouldHideAdverts": "false",
      "showInRelatedContent": "true",
      "legallySensitive": "false",
      "lang": "en",
      "bodyText": "The pilots of two vessels that collided on the Mississippi River - spilling an estimated 400,000 gallons of oil - are slated to testify next week before the US coast guard about the devastating accident. The spill on July 23 forced the closure of a 100-mile stretch of river after a tugboat, the Mel Oliver, collided with a large petrol tanker, the Tintomara, just outside of New Orleans. In a preliminary investigation of the spill that concluded on Saturday, the coast guard focussed on the pilot of the Mel Oliver, who had only an apprentice's license but was left to steer the tug without a captain. The coast guard also released audio and radar records of the collision that show the Mel Oliver crossing in front of the Tintomara despite warnings of danger from the larger boat. \"This ain't good, man,\" the pilot of the Tintomara was recorded saying as the tug crossed into the tanker's path. The pilots of both vessels have undergone drug and alcohol testing before an August 12 coast guard hearing on the spill in New Orleans. The spill is believed to have dumped much of the tanker's 400,000-plus gallons of oil into the Mississippi, the most serious US oil spill in almost 10 years. The coast guard dispatched more than 175 boats to assist in cleaning up the mess, an effort that is continuing today. Some early reports downplayed the spill's effects on wildlife in the region, which was hit hard by Hurricane Katrina three years ago. But worries have since arisen about the health of migratory birds that depend on the river delta to feed - and now must be scared away by loud government-operated noise cannons. The US national oceanic and atmospheric association (Noaa) also raised an alarm in its release about the spilled oil's effect on natural resources. \"As the oil picks up river sediment,\" Noaa wrote on July 24, \"it may become heavy enough to be drawn into drinking water intake pipes in New Orleans and downriver communities\". The coast guard investigation found no problems with the mechanical systems aboard the Tintomara tanker and no questions about the crew's competency. The Mel Oliver accident was the second in one month involving a tugboat owned by Louisiana-based DRD Towing. In an earlier incident on July 13, a DRD-owned vessel sank while being piloted by someone with only an apprentice's license, according to the website Coast Guard News.",
      "charCount": "2373"
    },
    "isHosted": false,
    "pillarId": "pillar/news",
    "pillarName": "News"
  },
  {
    "id": "business/2008/aug/04/imperialenergy.oilandgascompanies1",
    "type": "article",
    "sectionId": "business",
    "sectionName": "Business",
    "webPublicationDate": "2008-08-04T16:06:46Z",
    "webTitle": "Oil and gas industry: Imperial Energy confirms interest from a second potential buyer",
    "webUrl": "https://www.theguardian.com/business/2008/aug/04/imperialenergy.oilandgascompanies1",
    "apiUrl": "https://content.guardianapis.com/business/2008/aug/04/imperialenergy.oilandgascompanies1",
    "fields": {
      "headline": "Imperial Energy confirms interest from second potential buyer",
      "standfirst": "Sinopec of China is believed to have entered race to buy UK-based company",
      "trailText": "<p>Imperial Energy has confirmed it is holding talks with a second potential buyer in a move which pitches energy hungry China and India head to head</p>",
      "byline": "Terry Macalister",
      "main": "",
      "body": "<p>Imperial Energy has confirmed it is holding talks with a second potential buyer in a move which pitches China and India - two of the world's most energy hungry nations - head to head.</p> <p>Shares in UK-based Imperial rose 7.5% to 1,115p after it announced negotiations were being held with another unnamed party, believed to be Sinopec of China. </p> <p>\"There can be no certainty that any offer will ultimately be made for the company or as to the terms on which any such offer might be made,\" Imperial said in a statement.</p> <p>The exploration and production company, which has fields in Siberia, is already discussing a \u00a31.3bn takeover from an unnamed suitor - understood to be India's Oil and Natural Gas Company (ONGC).</p> <p>China and India have increasingly been targeting Russia as a future source of energy. Sinopec is developing the Sakhalin-3 oil and gas project on the Russian Pacific coast with the state oil major, Rosneft, and it bought a production unit from TNK-BP for $3.5bn in 2006.</p> <p>ONGC, charged with securing overseas energy resources to power India's booming economy, is similarly a partner in the Sakhalin-1 oil and gas consortium headed by the US major, ExxonMobil.</p> <p>City analysts said a third bidder could yet emerge. \"In our view, a bid for Imperial is readily affordable by either ONGC, or, effectively the Chinese government,\" said Fred Lucas, the head of oil and gas analysis at Cazenove.</p> <p>\"If Sinopec has indeed entered the due diligence process late, this ironically may give ONGC more time to clear its bid - assuaging investor concerns that ONGC needs more time than most to clear domestic 'red tape'. It may also encourage other NOC bidders to enter the fray eg KNOC of South Korea.\"</p> <p>Imperial said in November that Gazprombank, the banking arm of Gazprom, had made an approach to buy a quarter of its stock at a discount to the market price, but the talks ended without a deal.</p> <p>Imperial owns oil licences in the west Siberian region of Tomsk and hopes to produce 35,000 barrels per day by the end of 2009 and 80,000 barrels by 2011.</p>",
      "wordcount": "361",
      "commentable": "false",
      "isPremoderated": "false",
      "lastModified": "2008-08-04T16:06:41Z",
      "newspaperEditionDate": "2008-08-04T00:00:00Z",
      "productionOffice": "UK",
      "publication": "theguardian.com",
      "shortUrl": "https://gu.com/p/xztfz",
      "shouldHideAdverts": "false",
      "showInRelatedContent": "true",
      "legallySensitive": "false",
      "lang": "en",
      "bodyText": "Imperial Energy has confirmed it is holding talks with a second potential buyer in a move which pitches China and India - two of the world's most energy hungry nations - head to head. Shares in UK-based Imperial rose 7.5% to 1,115p after it announced negotiations were being held with another unnamed party, believed to be Sinopec of China. \"There can be no certainty that any offer will ultimately be made for the company or as to the terms on which any such offer might be made,\" Imperial said in a statement. The exploration and production company, which has fields in Siberia, is already discussing a \u00a31.3bn takeover from an unnamed suitor - understood to be India's Oil and Natural Gas Company (ONGC). China and India have increasingly been targeting Russia as a future source of energy. Sinopec is developing the Sakhalin-3 oil and gas project on the Russian Pacific coast with the state oil major, Rosneft, and it bought a production unit from TNK-BP for $3.5bn in 2006. ONGC, charged with securing overseas energy resources to power India's booming economy, is similarly a partner in the Sakhalin-1 oil and gas consortium headed by the US major, ExxonMobil. City analysts said a third bidder could yet emerge. \"In our view, a bid for Imperial is readily affordable by either ONGC, or, effectively the Chinese government,\" said Fred Lucas, the head of oil and gas analysis at Cazenove. \"If Sinopec has indeed entered the due diligence process late, this ironically may give ONGC more time to clear its bid - assuaging investor concerns that ONGC needs more time than most to clear domestic 'red tape'. It may also encourage other NOC bidders to enter the fray eg KNOC of South Korea.\" Imperial said in November that Gazprombank, the banking arm of Gazprom, had made an approach to buy a quarter of its stock at a discount to the market price, but the talks ended without a deal. Imperial owns oil licences in the west Siberian region of Tomsk and hopes to produce 35,000 barrels per day by the end of 2009 and 80,000 barrels by 2011.",
      "charCount": "2040"
    },
    "isHosted": false,
    "pillarId": "pillar/news",
    "pillarName": "News"
  },
  {
    "id": "world/2008/aug/04/barackobama.johnmccain1",
    "type": "article",
    "sectionId": "us-news",
    "sectionName": "US news",
    "webPublicationDate": "2008-08-04T14:21:27Z",
    "webTitle": "US elections: Obama proposes rebate for consumers dealing with high fuel costs",
    "webUrl": "https://www.theguardian.com/world/2008/aug/04/barackobama.johnmccain1",
    "apiUrl": "https://content.guardianapis.com/world/2008/aug/04/barackobama.johnmccain1",
    "fields": {
      "headline": "US elections: Obama proposes rebate for consumers dealing with high fuel costs",
      "trailText": "<p>Obama calls for a $1,000 per family rebate funded by a windfall profits tax on oil companies</p>",
      "byline": "Daniel Nasaw in Washington",
      "main": "",
      "body": "<p>Democratic presidential candidate Barack Obama today sought to reclaim the energy debate from Republican John McCain with an advert calling for a rebate to aid consumers struggling with high fuel costs and a call to tap America's strategic oil reserves to lessen fuel supply pressure.</p> <p>In recent weeks, McCain has made repeated calls for an end to the US moratorium on oil drilling in coastal waters, and has portrayed Obama as unwilling to take the steps necessary to reduce the cost of gasoline. </p> <p>Polls have shown a slim majority of Americans favour drilling in areas currently off limits, a response to gasoline prices that have topped $4 per gallon across the country. Since his tour of Europe and the Middle East last month, Obama has seen McCain erode his slim lead in head-to-head polling.</p> <p>In a new advertisement unveiled this morning, Obama calls for a $1,000 per family rebate funded by a windfall profits tax on oil companies. The clip also highlights campaign contributions from oil company workers to McCain.</p> <p>\"After one president in the pocket of big oil, we can't afford another,\" the narrator intones as an image of president George Bush besides McCain floats across the screen.</p> <p>The McCain campaign struck back, accusing Obama of distorting and exaggerating McCain's ties to oil companies. The advert claims \"big oil's filling John McCain's campaign with $2m in contributions,\" though the McCain campaign points out that corporations are forbidden to contribute directly to presidential campaigns. </p> <p>The Obama advert cited a report from the Centre for Responsive Politics, an organisation that tracks money in political campaigns, which says that oil and gas employees have donated $1.3m to McCain's campaign and $394,465 to Obama.</p> <p>\"Barack Obama's latest negative attack ad shows his celebrity is matched only by his hypocrisy,\" McCain spokesman Tucker Bounds said. \"After all it was Senator Obama, not John McCain, who voted for the Bush-Cheney energy bill that was a sweetheart deal for oil companies.\"</p> <p>In addition to new drilling in US coastal waters, McCain backs increased use of nuclear energy and coal-fired power plants.</p> <p>\"The Obama assertion that he can take off the table\" new oil and gas sources and nuclear energy \"and somehow relieve the US of its dependence on foreign oil [shows] he either doesn't understand what he's saying or he's not being straight with the American people\", McCain economic policy adviser Douglas Holtz-Eakin said in a conference call.</p> <p>Obama also joined the Democratic congressional leadership this morning in calling for the US to tap its strategic petroleum reserves to increase flow of fuel to the market. </p> <p>Campaign spokeswoman Heather Zichal told the Associated Press that the arrangement would involve swaps by oil companies with the government of light crude oil or heavy crude oil in oil stockpiles in Texas and Louisiana.</p> <p>Obama has not previously advocated tapping the oil reserve, but Zichal said he has reconsidered because he recognises that high gas prices have caused many Americans to suffer. The Illinois senator is to make a speech on energy later today in Lansing, Michigan.</p> <p>Meanwhile, Obama yesterday extended an olive branch toward the legions of Hillary Clinton supporters that have remained cool to his candidacy.</p> <p>The Obama campaign called on the Democratic national committee to give a full convention vote to the delegations from Michigan and Florida. Those states voted for Clinton this winter, although Obama was not on the ballot in Michigan and neither candidate campaigned in Florida. </p> <p>The states were sanctioned by the Democratic party for holding their primary elections before February 5, and in June the Democratic party halved their delegate strength as punishment.</p> <p>The move will not hinder Obama's path to the nomination - the vote on the convention floor in Denver later this month is merely a formality - but is a remaining mechanism within Obama's control with which to reach out to Clinton supporters. </p> <p>As the presumptive nominee, Obama is effectively the head of the national party, and the Democratic national committee's credentials committee is virtually assured to accede to the move.</p>",
      "wordcount": "675",
      "commentable": "false",
      "isPremoderated": "false",
      "lastModified": "2017-07-15T02:29:04Z",
      "newspaperEditionDate": "2008-08-04T00:00:00Z",
      "productionOffice": "UK",
      "publication": "theguardian.com",
      "shortUrl": "https://gu.com/p/xztd8",
      "shouldHideAdverts": "false",
      "showInRelatedContent": "true",
      "legallySensitive": "false",
      "lang": "en",
      "bodyText": "Democratic presidential candidate Barack Obama today sought to reclaim the energy debate from Republican John McCain with an advert calling for a rebate to aid consumers struggling with high fuel costs and a call to tap America's strategic oil reserves to lessen fuel supply pressure. In recent weeks, McCain has made repeated calls for an end to the US moratorium on oil drilling in coastal waters, and has portrayed Obama as unwilling to take the steps necessary to reduce the cost of gasoline. Polls have shown a slim majority of Americans favour drilling in areas currently off limits, a response to gasoline prices that have topped $4 per gallon across the country. Since his tour of Europe and the Middle East last month, Obama has seen McCain erode his slim lead in head-to-head polling. In a new advertisement unveiled this morning, Obama calls for a $1,000 per family rebate funded by a windfall profits tax on oil companies. The clip also highlights campaign contributions from oil company workers to McCain. \"After one president in the pocket of big oil, we can't afford another,\" the narrator intones as an image of president George Bush besides McCain floats across the screen. The McCain campaign struck back, accusing Obama of distorting and exaggerating McCain's ties to oil companies. The advert claims \"big oil's filling John McCain's campaign with $2m in contributions,\" though the McCain campaign points out that corporations are forbidden to contribute directly to presidential campaigns. The Obama advert cited a report from the Centre for Responsive Politics, an organisation that tracks money in political campaigns, which says that oil and gas employees have donated $1.3m to McCain's campaign and $394,465 to Obama. \"Barack Obama's latest negative attack ad shows his celebrity is matched only by his hypocrisy,\" McCain spokesman Tucker Bounds said. \"After all it was Senator Obama, not John McCain, who voted for the Bush-Cheney energy bill that was a sweetheart deal for oil companies.\" In addition to new drilling in US coastal waters, McCain backs increased use of nuclear energy and coal-fired power plants. \"The Obama assertion that he can take off the table\" new oil and gas sources and nuclear energy \"and somehow relieve the US of its dependence on foreign oil [shows] he either doesn't understand what he's saying or he's not being straight with the American people\", McCain economic policy adviser Douglas Holtz-Eakin said in a conference call. Obama also joined the Democratic congressional leadership this morning in calling for the US to tap its strategic petroleum reserves to increase flow of fuel to the market. Campaign spokeswoman Heather Zichal told the Associated Press that the arrangement would involve swaps by oil companies with the government of light crude oil or heavy crude oil in oil stockpiles in Texas and Louisiana. Obama has not previously advocated tapping the oil reserve, but Zichal said he has reconsidered because he recognises that high gas prices have caused many Americans to suffer. The Illinois senator is to make a speech on energy later today in Lansing, Michigan. Meanwhile, Obama yesterday extended an olive branch toward the legions of Hillary Clinton supporters that have remained cool to his candidacy. The Obama campaign called on the Democratic national committee to give a full convention vote to the delegations from Michigan and Florida. Those states voted for Clinton this winter, although Obama was not on the ballot in Michigan and neither candidate campaigned in Florida. The states were sanctioned by the Democratic party for holding their primary elections before February 5, and in June the Democratic party halved their delegate strength as punishment. The move will not hinder Obama's path to the nomination - the vote on the convention floor in Denver later this month is merely a formality - but is a remaining mechanism within Obama's control with which to reach out to Clinton supporters. As the presumptive nominee, Obama is effectively the head of the national party, and the Democratic national committee's credentials committee is virtually assured to accede to the move.",
      "charCount": "4170"
    },
    "isHosted": false,
    "pillarId": "pillar/news",
    "pillarName": "News"
  },
  {
    "id": "business/marketforceslive/2008/aug/04/oilpricepullsupftse100",
    "type": "article",
    "sectionId": "business",
    "sectionName": "Business",
    "webPublicationDate": "2008-08-04T10:30:00Z",
    "webTitle": "Oil price pulls up FTSE 100",
    "webUrl": "https://www.theguardian.com/business/marketforceslive/2008/aug/04/oilpricepullsupftse100",
    "apiUrl": "https://content.guardianapis.com/business/marketforceslive/2008/aug/04/oilpricepullsupftse100",
    "fields": {
      "headline": "Oil price pulls up FTSE 100",
      "trailText": "<p>Shares in the FTSE 100 were up marginally this morning on the back of the rising oil price.</p>",
      "byline": "Chris Tryhorn",
      "main": "",
      "body": "<p>Shares in the FTSE 100 were up marginally this morning on the back of the rising oil price.</p> <p>The index of the top 100 London-listed shares was up 18.3 points or 0.3% to 5373. </p> <p>Oil group <strong><a href=\"http://www.guardian.co.uk/business/royaldutchshell\">Royal Dutch Shell</a></strong>'s A shares rose 2% to \u00a318.18, making it one of the blue-chip index's top ten gainers. </p> <p>Building materials group <strong><a href=\"http://www.guardian.co.uk/business/wolseley\">Wolseley</a></strong> increased 3% to 350.25p.</p> <p>Brewing giant <strong><a href=\"http://www.guardian.co.uk/business/sabmiller\">SAB Miller</a></strong> was up 3%, too, despite JP Morgan cutting its price target to \u00a313.10.</p> <p>The rise in the oil price above the $125 mark had a negative effect on travel-related stocks. </p> <p><strong><a href=\"http://www.guardian.co.uk/business/britishairwaysbusiness\">British Airways</a></strong>, which last week said profits would fall by 88%, fell 1% to 256.75p.</p> <p><strong><a href=\"http://www.guardian.co.uk/business/tuitravel\">TUI Travel</a></strong> was down 2% to 192.4p as Goldman Sachs issued a sell note on the stock.</p> <p><strong><a href=\"http://www.guardian.co.uk/business/hsbcholdingsbusiness\">HSBC</a></strong>, Europe's biggest bank, saw shares dip 3% to 814p after announcing a 28% drop in first-half profits.</p> <p>Falling metal prices pulled down mining stocks, with <strong><a href=\"http://www.guardian.co.uk/business/enrc\">Eurasian Natural Resources</a></strong> the FTSE 100's biggest faller, down 5% to \u00a310.06.</p>",
      "wordcount": "175",
      "commentCloseDate": "2008-08-11T10:30:00Z",
      "commentable": "true",
      "isPremoderated": "false",
      "lastModified": "2017-05-25T10:47:26Z",
      "newspaperEditionDate": "2008-08-04T00:00:00Z",
      "productionOffice": "UK",
      "publication": "theguardian.com",
      "shortUrl": "https://gu.com/p/xp7vk",
      "shouldHideAdverts": "false",
      "showInRelatedContent": "true",
      "legallySensitive": "false",
      "lang": "en",
      "bodyText": "Shares in the FTSE 100 were up marginally this morning on the back of the rising oil price. The index of the top 100 London-listed shares was up 18.3 points or 0.3% to 5373. Oil group Royal Dutch Shell's A shares rose 2% to \u00a318.18, making it one of the blue-chip index's top ten gainers. Building materials group Wolseley increased 3% to 350.25p. Brewing giant SAB Miller was up 3%, too, despite JP Morgan cutting its price target to \u00a313.10. The rise in the oil price above the $125 mark had a negative effect on travel-related stocks. British Airways, which last week said profits would fall by 88%, fell 1% to 256.75p. TUI Travel was down 2% to 192.4p as Goldman Sachs issued a sell note on the stock. HSBC, Europe's biggest bank, saw shares dip 3% to 814p after announcing a 28% drop in first-half profits. Falling metal prices pulled down mining stocks, with Eurasian Natural Resources the FTSE 100's biggest faller, down 5% to \u00a310.06.",
      "charCount": "939"
    },
    "isHosted": false,
    "pillarId": "pillar/news",
    "pillarName": "News"
  },
  {
    "id": "travel/2008/aug/04/1",
    "type": "article",
    "sectionId": "travel",
    "sectionName": "Travel",
    "webPublicationDate": "2008-08-04T10:05:23Z",
    "webTitle": "Getting there",
    "webUrl": "https://www.theguardian.com/travel/2008/aug/04/1",
    "apiUrl": "https://content.guardianapis.com/travel/2008/aug/04/1",
    "fields": {
      "headline": "Getting there",
      "trailText": "<p><a href=\"http://www.ba.com\">British Airways</a> (+ 44 (0)844 4930787) flies Heathrow-Beijing from \u00a3836 rtn inc tax (price for July 2009). Beijing to Ulaanbaatar with <a href=\"http://wwwmiat.com\">MIAT, Mongolian Airlines</a> costs around \u00a3350. <a href=\"http://www.wildfrontiers.co.uk\">Wild Frontiers</a> (+44 (0)207 7363968) is running a Naadam Adventure next year from July 6-20. The 15-day trip costs \u00a31,650 (excluding flights but including all meals, transport etc), and involves attending the games in Bulgan, and trips to teh Mongol Els Sand Dunes and Kharkhorin, the ancient Mongolian capital</p>",
      "main": "",
      "body": "<p><a href=\"http://www.ba.com\">British Airways</a> (+ 44 (0)844 4930787) flies Heathrow-Beijing from \u00a3836 rtn inc tax (price for July 2009). Beijing to Ulaanbaatar with <a href=\"http://wwwmiat.com\">MIAT, Mongolian Airlines</a> costs around \u00a3350. <a href=\"http://www.wildfrontiers.co.uk\">Wild Frontiers</a> (+44 (0)207 7363968) is running a Naadam Adventure next year from July 6-20. The 15-day trip costs \u00a31,650 (excluding flights but including all meals, transport etc), and involves attending the games in Bulgan, and trips to the Mongol Els Sand Dunes and Kharkhorin, the ancient Mongolian capital.</p>",
      "wordcount": "78",
      "commentable": "false",
      "isPremoderated": "false",
      "lastModified": "2008-08-04T10:05:20Z",
      "newspaperEditionDate": "2008-08-04T00:00:00Z",
      "productionOffice": "UK",
      "publication": "theguardian.com",
      "shortUrl": "https://gu.com/p/xzt9y",
      "shouldHideAdverts": "false",
      "showInRelatedContent": "true",
      "legallySensitive": "false",
      "lang": "en",
      "bodyText": "British Airways (+ 44 (0)844 4930787) flies Heathrow-Beijing from \u00a3836 rtn inc tax (price for July 2009). Beijing to Ulaanbaatar with MIAT, Mongolian Airlines costs around \u00a3350. Wild Frontiers (+44 (0)207 7363968) is running a Naadam Adventure next year from July 6-20. The 15-day trip costs \u00a31,650 (excluding flights but including all meals, transport etc), and involves attending the games in Bulgan, and trips to the Mongol Els Sand Dunes and Kharkhorin, the ancient Mongolian capital.",
      "charCount": "488"
    },
    "isHosted": false,
    "pillarId": "pillar/lifestyle",
    "pillarName": "Lifestyle"
  },
  {
    "id": "business/2008/aug/04/palmoil",
    "type": "article",
    "sectionId": "business",
    "sectionName": "Business",
    "webPublicationDate": "2008-08-04T08:44:35Z",
    "webTitle": "New Britain Palm Oil to open UK refinery",
    "webUrl": "https://www.theguardian.com/business/2008/aug/04/palmoil",
    "apiUrl": "https://content.guardianapis.com/business/2008/aug/04/palmoil",
    "fields": {
      "headline": "New Britain Palm Oil to open UK refinery",
      "trailText": "<p>Papua New Guinea's largest palm oil producer to build \u00a318m processing plant for product used in bread, margarine, and chocolate</p>",
      "byline": "Angela Balakrishnan",
      "main": "",
      "body": "<p>New Britain Palm Oil is opening a refinery in the UK which it claims will allow shoppers to know exactly where the palm oil in their shopping basket comes from.</p> <p>Papua New Guinea's largest palm oil producer said it will invest \u00a318m to build a processing plant in the UK to produce refined palm oil aimed at satisfying growing demand from the European Union. The site will enable customers to buy goods with \"fully traceable and sustainable\" palm oil down to the tree from which the oil came from, it said.</p> <p><a href=\"http://www.theguardian.com/world/2008/may/12/colombia.food\">Palm oil is a controversial product</a>, and its growing popularity has been blamed for destroying parts of the rainforest. It is used in a wide range of products on supermarket shelves - including bread, margarine, chocolate and shampoo - as well as being used as a biofuel.</p> <p>According to environmental campaigners <a href=\"http://www.theguardian.com/commentisfree/2008/may/01/palmedoff\">the damage caused by palm oil production is particularly rife in Malaysia and Indonesia</a>, where around 80% of palm oil is produced. As a result many species of wildlife such as the Asian elephant, Sumatran tiger and orang-utan of Borneo have become endangered from habitat loss.</p> <p>However, New Britain Palm Oil, which is renowned for having some of the best plantations in the world, says it does not grow the plant on high conservation land and no rainforests are destroyed in the process. It added that it currently does not use any of its output for biofuels.</p> <p>Nick Thompson, chief executive officer, said the processing plant will put the company closer to customers in the UK and wider EU. </p> <p>\"The UK facility will also ensure that New Britain Palm Oil will be one of the first palm oil producers to offer customers the chance to order fully traceable, sustainable palm oil product,\" Thompson said. The location of the UK site is not yet known.</p> <p>The company already sells 95% of its output in the EU which is mainly used in food production. One in 10 goods on supermarket shelves contain palm oil.</p> <p>The announcement came alongside record first-half pre-tax profits on the back of high palm oil prices. Profits jumped a hefty 93% to $68.1m (\u00a334.6m). The company said it was confident about its outlook as it expects palm oil prices to remain high.</p>",
      "wordcount": "378",
      "commentable": "false",
      "isPremoderated": "false",
      "lastModified": "2008-08-04T08:44:25Z",
      "newspaperEditionDate": "2008-08-04T00:00:00Z",
      "productionOffice": "UK",
      "publication": "theguardian.com",
      "shortUrl": "https://gu.com/p/xzt8x",
      "shouldHideAdverts": "false",
      "showInRelatedContent": "true",
      "legallySensitive": "false",
      "lang": "en",
      "bodyText": "New Britain Palm Oil is opening a refinery in the UK which it claims will allow shoppers to know exactly where the palm oil in their shopping basket comes from. Papua New Guinea's largest palm oil producer said it will invest \u00a318m to build a processing plant in the UK to produce refined palm oil aimed at satisfying growing demand from the European Union. The site will enable customers to buy goods with \"fully traceable and sustainable\" palm oil down to the tree from which the oil came from, it said. Palm oil is a controversial product, and its growing popularity has been blamed for destroying parts of the rainforest. It is used in a wide range of products on supermarket shelves - including bread, margarine, chocolate and shampoo - as well as being used as a biofuel. According to environmental campaigners the damage caused by palm oil production is particularly rife in Malaysia and Indonesia, where around 80% of palm oil is produced. As a result many species of wildlife such as the Asian elephant, Sumatran tiger and orang-utan of Borneo have become endangered from habitat loss. However, New Britain Palm Oil, which is renowned for having some of the best plantations in the world, says it does not grow the plant on high conservation land and no rainforests are destroyed in the process. It added that it currently does not use any of its output for biofuels. Nick Thompson, chief executive officer, said the processing plant will put the company closer to customers in the UK and wider EU. \"The UK facility will also ensure that New Britain Palm Oil will be one of the first palm oil producers to offer customers the chance to order fully traceable, sustainable palm oil product,\" Thompson said. The location of the UK site is not yet known. The company already sells 95% of its output in the EU which is mainly used in food production. One in 10 goods on supermarket shelves contain palm oil. The announcement came alongside record first-half pre-tax profits on the back of high palm oil prices. Profits jumped a hefty 93% to $68.1m (\u00a334.6m). The company said it was confident about its outlook as it expects palm oil prices to remain high.",
      "charCount": "2158"
    },
    "isHosted": false,
    "pillarId": "pillar/news",
    "pillarName": "News"
  }
]