[
  {
    "id": "commentisfree/2008/aug/26/food.eu",
    "type": "article",
    "sectionId": "commentisfree",
    "sectionName": "Opinion",
    "webPublicationDate": "2008-08-25T23:01:00Z",
    "webTitle": "Rich countries once used gunboats to seize food. Now they use trade deals",
    "webUrl": "https://www.theguardian.com/commentisfree/2008/aug/26/food.eu",
    "apiUrl": "https://content.guardianapis.com/commentisfree/2008/aug/26/food.eu",
    "fields": {
      "headline": "Rich countries once used gunboats to seize food. Now they use trade deals",
      "standfirst": "The world's hungriest are the losers as an old colonialism returns to govern relations between wealthy and poor nations",
      "trailText": "<p><strong>George Monbiot:</strong> The world's hungriest are the losers as an old colonialism returns to govern relations between wealthy and poor nations</p>",
      "byline": "George Monbiot",
      "main": "",
      "body": "<p>In his book Late Victorian Holocausts, Mike Davis tells the story of the famines that sucked the guts out of India in the 1870s. The hunger began when a drought, caused by El Ni\u00f1o, killed the crops on the Deccan plateau. As starvation bit, the viceroy, Lord Lytton, oversaw the export to England of a record 6.4m hundredweight of wheat. While Lytton lived in imperial splendour and commissioned, among other extravagances, \"the most colossal and expensive meal in world history\", between 12 million and 29 million people died. Only Stalin manufactured a comparable hunger.</p> <p>Now a new Lord Lytton is seeking to engineer another brutal food grab. As Tony Blair's favoured courtier, Peter Mandelson often created the impression that he would do anything to please his master. Today he is the European trade commissioner. From his sumptuous offices in Brussels and Strasbourg, he hopes to impose a treaty that will permit Europe to snatch food from the mouths of some of the world's poorest people.</p> <p>Seventy per cent of the protein eaten by the people of Senegal comes from fish. Traditionally cheaper than other animal products, it sustains a population that ranks close to the bottom of the human development index. One in six of the working population is employed in the fishing industry; about two-thirds of these workers are women. Over the past three decades, their means of subsistence has started to collapse as other nations have plundered Senegal's stocks.</p> <p>The EU has two big fish problems. One is that, partly as a result of its failure to manage them properly, its own fisheries can no longer meet European demand. The other is that its governments won't confront their fishing lobbies and decommission all the surplus boats. The EU has tried to solve both problems by sending its fishermen to west Africa. Since 1979 it has struck agreements with the government of Senegal, granting our fleets access to its waters. As a result, Senegal's marine ecosystem has started to go the same way as ours. Between 1994 and 2005, the weight of fish taken from the country's waters fell from 95,000 tonnes to 45,000 tonnes. Muscled out by European trawlers, the indigenous fishery is crumpling: the number of boats run by local people has fallen by 48% since 1997.</p> <p>In a recent report on this pillage, ActionAid shows that fishing families that once ate three times a day are now eating only once or twice. As the price of fish rises, their customers also go hungry. The same thing has happened in all the west African countries with which the EU has maintained fisheries agreements. In return for wretched amounts of foreign exchange, their primary source of protein has been looted.</p> <p>The government of Senegal knows this, and in 2006 it refused to renew its fishing agreement with the EU. But European fishermen - mostly from Spain and France - have found ways round the ban. They have been registering their boats as Senegalese, buying up quotas from local fishermen and transferring catches at sea from local boats. These practices mean that they can continue to take the country's fish, and have no obligation to land them in Senegal. Their profits are kept on ice until the catch arrives in Europe.</p> <p>Mandelson's office is trying to negotiate economic partnership agreements with African countries. They were supposed to have been concluded by the end of last year, but many countries, including Senegal, have refused to sign. The agreements insist that European companies have the right both to establish themselves freely on African soil, and to receive national treatment. This means that the host country is not allowed to discriminate between its own businesses and European companies. Senegal would be forbidden to ensure that its fish are used to sustain its own industry and to feed its own people. The dodges used by European trawlers would be legalised.</p> <p>The UN's Economic Commission for Africa has described the EU's negotiations as \"not sufficiently inclusive\". They suffer from a \"lack of transparency\" and from the African countries' lack of capacity to handle the legal complexities. ActionAid shows that Mandelson's office has ignored these problems, raised the pressure on reluctant countries and \"moved ahead in the negotiations at a pace much faster than the [African nations] could handle\". If these agreements are forced on west Africa, Lord Mandelson will be responsible for another imperial famine.</p> <p>This is one instance of the food colonialism that is again coming to govern the relations between rich and poor counties. As global food supplies tighten, rich consumers are pushed into competition with the hungry. Last week the environmental group WWF published a report on the UK's indirect consumption of water, purchased in the form of food. We buy much of our rice and cotton, for example, from the Indus valley, which contains most of Pakistan's best farmland. To meet the demand for exports, the valley's aquifers are being pumped out faster than they can be recharged. At the same time, rain and snow in the Himalayan headwaters have decreased, probably as a result of climate change. In some places, salt and other crop poisons are being drawn through the diminishing water table, knocking out farmland for good. The crops we buy are, for the most part, freely traded, but the unaccounted costs all accrue to Pakistan.</p> <p>Now we learn that Middle Eastern countries, led by Saudi Arabia, are securing their future food supplies by trying to buy land in poorer nations. The Financial Times reports that Saudi Arabia wants to set up a series of farms abroad, each of which could exceed 100,000 hectares. Their produce would not be traded: it would be shipped directly to the owners. The FT, which usually agitates for the sale of everything, frets over \"the nightmare scenario of crops being transported out of fortified farms as hungry locals look on\". Through \"secretive bilateral agreements\", the paper reports, \"the investors hope to be able to bypass any potential trade restriction that the host country might impose during a crisis\".</p> <p>Both Ethiopia and Sudan have offered the oil states hundreds of thousands of hectares. This is easy for the corrupt governments of these countries: in Ethiopia the state claims to own most of the land; in Sudan an envelope passed across the right desk magically transforms other people's property into foreign exchange. But 5.6 million Sudanese and 10 million Ethiopians are currently in need of food aid. The deals their governments propose can only exacerbate such famines.</p> <p>None of this is to suggest that the poor nations should not sell food to the rich. To escape from famine, countries must enhance their purchasing power. This often means selling farm products, and increasing their value by processing them locally. But there is nothing fair about the deals I have described. Where once they used gunboats and sepoys, the rich nations now use chequebooks and lawyers to seize food from the hungry. The scramble for resources has begun, but - in the short term, at any rate - we will hardly notice. The rich world's governments will protect themselves from the political cost of shortages, even if it means that other people must starve. </p> <p><a href=\"http://www.monbiot.com\">monbiot.com</a></p>",
      "newspaperPageNumber": "25",
      "wordcount": "1206",
      "commentCloseDate": "2008-08-28T23:04:30Z",
      "commentable": "true",
      "isPremoderated": "false",
      "lastModified": "2017-05-08T03:37:27Z",
      "newspaperEditionDate": "2008-08-26T00:00:00Z",
      "productionOffice": "UK",
      "publication": "The Guardian",
      "shortUrl": "https://gu.com/p/xpj9p",
      "shouldHideAdverts": "false",
      "showInRelatedContent": "true",
      "legallySensitive": "false",
      "lang": "en",
      "bodyText": "In his book Late Victorian Holocausts, Mike Davis tells the story of the famines that sucked the guts out of India in the 1870s. The hunger began when a drought, caused by El Ni\u00f1o, killed the crops on the Deccan plateau. As starvation bit, the viceroy, Lord Lytton, oversaw the export to England of a record 6.4m hundredweight of wheat. While Lytton lived in imperial splendour and commissioned, among other extravagances, \"the most colossal and expensive meal in world history\", between 12 million and 29 million people died. Only Stalin manufactured a comparable hunger. Now a new Lord Lytton is seeking to engineer another brutal food grab. As Tony Blair's favoured courtier, Peter Mandelson often created the impression that he would do anything to please his master. Today he is the European trade commissioner. From his sumptuous offices in Brussels and Strasbourg, he hopes to impose a treaty that will permit Europe to snatch food from the mouths of some of the world's poorest people. Seventy per cent of the protein eaten by the people of Senegal comes from fish. Traditionally cheaper than other animal products, it sustains a population that ranks close to the bottom of the human development index. One in six of the working population is employed in the fishing industry; about two-thirds of these workers are women. Over the past three decades, their means of subsistence has started to collapse as other nations have plundered Senegal's stocks. The EU has two big fish problems. One is that, partly as a result of its failure to manage them properly, its own fisheries can no longer meet European demand. The other is that its governments won't confront their fishing lobbies and decommission all the surplus boats. The EU has tried to solve both problems by sending its fishermen to west Africa. Since 1979 it has struck agreements with the government of Senegal, granting our fleets access to its waters. As a result, Senegal's marine ecosystem has started to go the same way as ours. Between 1994 and 2005, the weight of fish taken from the country's waters fell from 95,000 tonnes to 45,000 tonnes. Muscled out by European trawlers, the indigenous fishery is crumpling: the number of boats run by local people has fallen by 48% since 1997. In a recent report on this pillage, ActionAid shows that fishing families that once ate three times a day are now eating only once or twice. As the price of fish rises, their customers also go hungry. The same thing has happened in all the west African countries with which the EU has maintained fisheries agreements. In return for wretched amounts of foreign exchange, their primary source of protein has been looted. The government of Senegal knows this, and in 2006 it refused to renew its fishing agreement with the EU. But European fishermen - mostly from Spain and France - have found ways round the ban. They have been registering their boats as Senegalese, buying up quotas from local fishermen and transferring catches at sea from local boats. These practices mean that they can continue to take the country's fish, and have no obligation to land them in Senegal. Their profits are kept on ice until the catch arrives in Europe. Mandelson's office is trying to negotiate economic partnership agreements with African countries. They were supposed to have been concluded by the end of last year, but many countries, including Senegal, have refused to sign. The agreements insist that European companies have the right both to establish themselves freely on African soil, and to receive national treatment. This means that the host country is not allowed to discriminate between its own businesses and European companies. Senegal would be forbidden to ensure that its fish are used to sustain its own industry and to feed its own people. The dodges used by European trawlers would be legalised. The UN's Economic Commission for Africa has described the EU's negotiations as \"not sufficiently inclusive\". They suffer from a \"lack of transparency\" and from the African countries' lack of capacity to handle the legal complexities. ActionAid shows that Mandelson's office has ignored these problems, raised the pressure on reluctant countries and \"moved ahead in the negotiations at a pace much faster than the [African nations] could handle\". If these agreements are forced on west Africa, Lord Mandelson will be responsible for another imperial famine. This is one instance of the food colonialism that is again coming to govern the relations between rich and poor counties. As global food supplies tighten, rich consumers are pushed into competition with the hungry. Last week the environmental group WWF published a report on the UK's indirect consumption of water, purchased in the form of food. We buy much of our rice and cotton, for example, from the Indus valley, which contains most of Pakistan's best farmland. To meet the demand for exports, the valley's aquifers are being pumped out faster than they can be recharged. At the same time, rain and snow in the Himalayan headwaters have decreased, probably as a result of climate change. In some places, salt and other crop poisons are being drawn through the diminishing water table, knocking out farmland for good. The crops we buy are, for the most part, freely traded, but the unaccounted costs all accrue to Pakistan. Now we learn that Middle Eastern countries, led by Saudi Arabia, are securing their future food supplies by trying to buy land in poorer nations. The Financial Times reports that Saudi Arabia wants to set up a series of farms abroad, each of which could exceed 100,000 hectares. Their produce would not be traded: it would be shipped directly to the owners. The FT, which usually agitates for the sale of everything, frets over \"the nightmare scenario of crops being transported out of fortified farms as hungry locals look on\". Through \"secretive bilateral agreements\", the paper reports, \"the investors hope to be able to bypass any potential trade restriction that the host country might impose during a crisis\". Both Ethiopia and Sudan have offered the oil states hundreds of thousands of hectares. This is easy for the corrupt governments of these countries: in Ethiopia the state claims to own most of the land; in Sudan an envelope passed across the right desk magically transforms other people's property into foreign exchange. But 5.6 million Sudanese and 10 million Ethiopians are currently in need of food aid. The deals their governments propose can only exacerbate such famines. None of this is to suggest that the poor nations should not sell food to the rich. To escape from famine, countries must enhance their purchasing power. This often means selling farm products, and increasing their value by processing them locally. But there is nothing fair about the deals I have described. Where once they used gunboats and sepoys, the rich nations now use chequebooks and lawyers to seize food from the hungry. The scramble for resources has begun, but - in the short term, at any rate - we will hardly notice. The rich world's governments will protect themselves from the political cost of shortages, even if it means that other people must starve. monbiot.com",
      "charCount": "7218"
    },
    "isHosted": false,
    "pillarId": "pillar/opinion",
    "pillarName": "Opinion"
  },
  {
    "id": "culture/2008/aug/26/television.bbc",
    "type": "article",
    "sectionId": "tv-and-radio",
    "sectionName": "Television & radio",
    "webPublicationDate": "2008-08-25T23:01:00Z",
    "webTitle": "Rachel Shabi talks to Israeli actor Igal Naor about his portrayal of Saddam Hussein",
    "webUrl": "https://www.theguardian.com/culture/2008/aug/26/television.bbc",
    "apiUrl": "https://content.guardianapis.com/culture/2008/aug/26/television.bbc",
    "fields": {
      "headline": "'I am Saddam and he is me'",
      "standfirst": "Israeli actor Igal Naor mesmerised critics and viewers as the Iraqi ruler in the BBC series House of Saddam. He tells Rachel Shabi why he came to empathise with the dictator - and how he landed the part thanks to a fake moustache and sticky tape",
      "trailText": "<p>Israeli actor Igal Naor mesmerised critics and viewers as the Iraqi ruler in the BBC series House of Saddam. He tells <strong>Rachel Shabi</strong> why he came to empathise with the dictator</p>",
      "byline": "Rachel Shabi",
      "main": "<figure class=\"element element-image\" data-media-id=\"gu-image-336953932\"> <img src=\"http://static.guim.co.uk/sys-images/Guardian/Pix/pictures/2008/08/25/igal460.jpg\" alt=\"Igal Naor\" width=\"460\" height=\"276\" class=\"gu-image\" /> <figcaption> <span class=\"element-image__caption\">Igal Naor, actor who played Saddam Hussein on the small screen. Photograph: Gali Tibbon</span> </figcaption> </figure>",
      "body": "<p>The BBC's just-screened, rave-reviewed drama House of Saddam was billed as an ensemble piece but it was obviously going to triumph or be trashed on the strength of one role: the dictator himself. And the reviews for this character were effusive: critics described the performance as \"transfixing\", \"bombastic\" and \"unnervingly charismatic\". He was the main reason viewers kept tuning in to the four-part television series about the Iraqi ruler. Everybody just loved the BBC's Saddam.</p> <p>\"The minute I heard about it, I knew that I and no one else would play him,\" says the Israeli actor Igal Naor. It's a curious sense of conviction, because when the BBC was casting for the role, Naor was virtually unknown outside Israel. True, he had appeared in the 2005 blockbuster film Munich, in which he played one of the Black September gunmen blown up by Mossad agents to avenge the assassination of 11 Israeli Olympian athletes. But his screen time was, by his own reckoning, \"less than five minutes - you know, the Mossad works quickly.\" </p> <p>Naor, who says he always dreamed of playing Saddam Hussein, contacted the BBC series' casting director and received no response. Then he emailed photos of himself sporting a swiftly improvised, sticky-taped-on block moustache and kefiyeh head scarf. \"Within less than an hour they called and asked how soon I could be in London.\" </p> <p>It's not just the on-screen resemblance that made Naor a stunning Saddam. Dominating every frame, the actor conveyed with his very presence the bone-chilling, cultish charisma of the Iraqi dictator who ruled by bloody, ideologically-convinced terror. Neither was it a case of copycat acting. </p> <p>\"I wasn't interested in recreating his every gesture and I didn't impersonate Saddam's voice, which was very high-pitched, like Kermit the Frog.\" He does a flash impression of Saddam talking, a nasal, drawling Arabic that instantly turns heads in the sedate Tel Aviv cafe where we are sitting. </p> <p>His portrayal of the Iraqi ruler is \"beyond acting, it's just being,\" says Naor. \"I am him, and he is me.\" What, he is Saddam? \"Yes. I won't kill you, but it's me,\" he says. \"You don't find many opportunities to play someone that you know is you, perfectly you. The soul, the essence, we share it, me and him. I was astonished to realise that, but playing him, I felt that everything he did was exactly what I would do if I were in his place.\" We are talking about the ruthless dictator, torturer and murderer of thousands, including close friends, long-time colleagues and family-in-law? \"I understood him perfectly,\" says Naor. \"It is something that is connected with childhood, with pains that you have in your first years.\" </p> <p>Similarities between the two men's childhoods are not glaringly obvious. Saddam's father abandoned him, and his abusive stepfather forced him to leave the family home, aged 10, and live with his uncle. Naor was born in 1958 in Givatayim, a well-heeled suburb of Tel Aviv. His Iraqi-Jewish parents migrated from Baghdad in the early 1950s, soon after the creation of Israel (they were \"strongly encouraged\" to drop their original, Arabic family name and adopt the Hebrew Naor). Naor describes a happy childhood home, but relates that he grew up in \"strange conditions\". During early toddler years he was raised by his grandmother - like any Iraqi child, he says - while his parents worked. As a result, his mother tongue is Arabic and he didn't speak a word of Hebrew when he first attended nursery school. </p> <p>\"Iraqi grandmothers are obsessively clean and so I always wanted to wash my hands at kindergarten,\" recalls Naor. \"I'd say it in Arabic and nobody would understand. One day I must have just kept asking, nagging, and they got fed up and locked me in the toilet, and I stood on the seat shouting through the window, [In Arabic] 'Granny, granny, come and get me!'\" </p> <p>He grew up feeling different. \"I thought, I don't speak the language, I don't belong to you ... and life is a fight, a struggle and you have to change the world,\" he says. \"Sometimes you realise that the biggest revolutionaries just wanted to change something in their childhood that was painful - and Saddam was a socialist revolutionary in the beginning. He did many great things for his country at first, like building a health system, education and nationalising oil revenues. And then he took the country to war with Iran and destroyed everything.\"</p> <p>Naor's Saddam comprised a dimension of the Iraqi dictator as a victim of geo-politics: a classic tragic hero. The series ending, which closed on Saddam moments before his hanging, managed to evince some sympathy for the dictator, hunted down, found hiding in a hole and executed for crimes against humanity. \"When you hear his name, you immediately, instinctively connect it with evil, a murderer, craziness, and so on,\" he says. \"If I played him only as that, I would just be fulfilling people's expectations and that's not interesting.\" The Iraqi ruler clearly came over as a brutal tyrant in the series. \"My role was to build tension between the intention of the writers and my own performance,\" says Naor. \"So, as Saddam, I believe every word I say, and I believe every terrible thing I do is for the good of the nation and every mistake I make is because I can't do things in any other way, because of who I am. That's the duty of any actor playing any role, but especially this role where there is so much prejudice.\" </p> <p>While the BBC was scouting for a Saddam, Naor was on location for last year's film Rendition, in which he plays the Arab torturer-interrogator hired by the CIA to deal with terror suspects that the organisation has \"disappeared\" to a secret detention facility somewhere in the Middle East. He is currently working on Green Zone, a big-budget thriller inspired by the book Imperial Life in the Emerald City, Rajiv Chandrasekaran's expos\u00e9 of the US-controlled zone of Baghdad as an enclave of luxury and ignorance. In the film, due for release next year, Naor plays a politically ambiguous Iraqi general chased by American agents who are trying, post-2003 invasion, to find evidence of WMDs. </p> <p>Both films raise bold questions over western policy in the Middle East and Naor's own sentiments echo that. He thinks that blanket US support gives Israel licence not to do anything \"to solve the problem with our brothers the Palestinians, the biggest problem in the Middle East\". He talks about present-day Iraq, where the American administration \"just doesn't care. They only care about their interests. And the people are paying the price, with their blood.\" A communist since he was a teenager, Naor is decidedly anti-imperialist. \"I was born in a period of ideology. I never liked capitalism. I don't like people who think they can invade a country to change the regime or to kill the elected leader,\" he says. \"You are not the judge and not the police of the world. Who asked you? And how dare you? And what do you understand about it, anyway?\" </p> <p>By his own admission, Naor's concern for Iraq goes deeper than the compassion he feels for human suffering, anywhere. \"My blood, my mentality is Iraqi,\" he says, pronouncing the country with a strong guttural \"Q\" just like his BBC Saddam. \"I really know the western game well and I play it,\" he says. \"But I felt at home when I was filming in Morocco and Tunisia. I speak the language; I like the food, the Araq [aniseed drink], the nargile [hookah]. Me and my Iraqi friends [in Israel] talk only in Arabic when we are together. We enjoy it - there is a lot of humour and nuances that we can never express in Hebrew.\" Among those friends are the Iraqi-Israeli actors Sasson Gabai and Uri Gavriel, who both featured in the House of Saddam. </p> <p>In his home country, Naor is better known as a stage actor, having played countless lead roles spanning more than two decades in theatre. He is still remembered for roles in classic productions performed years ago. He is due to return to theatre later in the year, schedule permitting. Does he worry about being stereotyped as the Arab movie villain? \"I don't talk in terms of goodies and baddies,\" he says. \"I won't do roles that are just 'an Arab' with nothing interesting about it. I also just turned down a big role because the script was anti-Israeli, it was coming from a place of hatred.\" </p> <p>Despite the array of \"very nice\" roles he is offered these days, he does not think that he has achieved global stature. \"It is not an international career,\" he says. \"There is currently a wave of Middle Eastern films and it will pass. Anyway, my days of big dreams are behind me - I am 50; for an Iraqi that is beyond retirement!\".</p>",
      "newspaperPageNumber": "12",
      "wordcount": "1490",
      "commentable": "false",
      "isPremoderated": "false",
      "lastModified": "2017-12-19T22:31:32Z",
      "newspaperEditionDate": "2008-08-26T00:00:00Z",
      "productionOffice": "UK",
      "publication": "The Guardian",
      "shortUrl": "https://gu.com/p/xpjcv",
      "shouldHideAdverts": "false",
      "showInRelatedContent": "true",
      "legallySensitive": "false",
      "lang": "en",
      "bodyText": "The BBC's just-screened, rave-reviewed drama House of Saddam was billed as an ensemble piece but it was obviously going to triumph or be trashed on the strength of one role: the dictator himself. And the reviews for this character were effusive: critics described the performance as \"transfixing\", \"bombastic\" and \"unnervingly charismatic\". He was the main reason viewers kept tuning in to the four-part television series about the Iraqi ruler. Everybody just loved the BBC's Saddam. \"The minute I heard about it, I knew that I and no one else would play him,\" says the Israeli actor Igal Naor. It's a curious sense of conviction, because when the BBC was casting for the role, Naor was virtually unknown outside Israel. True, he had appeared in the 2005 blockbuster film Munich, in which he played one of the Black September gunmen blown up by Mossad agents to avenge the assassination of 11 Israeli Olympian athletes. But his screen time was, by his own reckoning, \"less than five minutes - you know, the Mossad works quickly.\" Naor, who says he always dreamed of playing Saddam Hussein, contacted the BBC series' casting director and received no response. Then he emailed photos of himself sporting a swiftly improvised, sticky-taped-on block moustache and kefiyeh head scarf. \"Within less than an hour they called and asked how soon I could be in London.\" It's not just the on-screen resemblance that made Naor a stunning Saddam. Dominating every frame, the actor conveyed with his very presence the bone-chilling, cultish charisma of the Iraqi dictator who ruled by bloody, ideologically-convinced terror. Neither was it a case of copycat acting. \"I wasn't interested in recreating his every gesture and I didn't impersonate Saddam's voice, which was very high-pitched, like Kermit the Frog.\" He does a flash impression of Saddam talking, a nasal, drawling Arabic that instantly turns heads in the sedate Tel Aviv cafe where we are sitting. His portrayal of the Iraqi ruler is \"beyond acting, it's just being,\" says Naor. \"I am him, and he is me.\" What, he is Saddam? \"Yes. I won't kill you, but it's me,\" he says. \"You don't find many opportunities to play someone that you know is you, perfectly you. The soul, the essence, we share it, me and him. I was astonished to realise that, but playing him, I felt that everything he did was exactly what I would do if I were in his place.\" We are talking about the ruthless dictator, torturer and murderer of thousands, including close friends, long-time colleagues and family-in-law? \"I understood him perfectly,\" says Naor. \"It is something that is connected with childhood, with pains that you have in your first years.\" Similarities between the two men's childhoods are not glaringly obvious. Saddam's father abandoned him, and his abusive stepfather forced him to leave the family home, aged 10, and live with his uncle. Naor was born in 1958 in Givatayim, a well-heeled suburb of Tel Aviv. His Iraqi-Jewish parents migrated from Baghdad in the early 1950s, soon after the creation of Israel (they were \"strongly encouraged\" to drop their original, Arabic family name and adopt the Hebrew Naor). Naor describes a happy childhood home, but relates that he grew up in \"strange conditions\". During early toddler years he was raised by his grandmother - like any Iraqi child, he says - while his parents worked. As a result, his mother tongue is Arabic and he didn't speak a word of Hebrew when he first attended nursery school. \"Iraqi grandmothers are obsessively clean and so I always wanted to wash my hands at kindergarten,\" recalls Naor. \"I'd say it in Arabic and nobody would understand. One day I must have just kept asking, nagging, and they got fed up and locked me in the toilet, and I stood on the seat shouting through the window, [In Arabic] 'Granny, granny, come and get me!'\" He grew up feeling different. \"I thought, I don't speak the language, I don't belong to you ... and life is a fight, a struggle and you have to change the world,\" he says. \"Sometimes you realise that the biggest revolutionaries just wanted to change something in their childhood that was painful - and Saddam was a socialist revolutionary in the beginning. He did many great things for his country at first, like building a health system, education and nationalising oil revenues. And then he took the country to war with Iran and destroyed everything.\" Naor's Saddam comprised a dimension of the Iraqi dictator as a victim of geo-politics: a classic tragic hero. The series ending, which closed on Saddam moments before his hanging, managed to evince some sympathy for the dictator, hunted down, found hiding in a hole and executed for crimes against humanity. \"When you hear his name, you immediately, instinctively connect it with evil, a murderer, craziness, and so on,\" he says. \"If I played him only as that, I would just be fulfilling people's expectations and that's not interesting.\" The Iraqi ruler clearly came over as a brutal tyrant in the series. \"My role was to build tension between the intention of the writers and my own performance,\" says Naor. \"So, as Saddam, I believe every word I say, and I believe every terrible thing I do is for the good of the nation and every mistake I make is because I can't do things in any other way, because of who I am. That's the duty of any actor playing any role, but especially this role where there is so much prejudice.\" While the BBC was scouting for a Saddam, Naor was on location for last year's film Rendition, in which he plays the Arab torturer-interrogator hired by the CIA to deal with terror suspects that the organisation has \"disappeared\" to a secret detention facility somewhere in the Middle East. He is currently working on Green Zone, a big-budget thriller inspired by the book Imperial Life in the Emerald City, Rajiv Chandrasekaran's expos\u00e9 of the US-controlled zone of Baghdad as an enclave of luxury and ignorance. In the film, due for release next year, Naor plays a politically ambiguous Iraqi general chased by American agents who are trying, post-2003 invasion, to find evidence of WMDs. Both films raise bold questions over western policy in the Middle East and Naor's own sentiments echo that. He thinks that blanket US support gives Israel licence not to do anything \"to solve the problem with our brothers the Palestinians, the biggest problem in the Middle East\". He talks about present-day Iraq, where the American administration \"just doesn't care. They only care about their interests. And the people are paying the price, with their blood.\" A communist since he was a teenager, Naor is decidedly anti-imperialist. \"I was born in a period of ideology. I never liked capitalism. I don't like people who think they can invade a country to change the regime or to kill the elected leader,\" he says. \"You are not the judge and not the police of the world. Who asked you? And how dare you? And what do you understand about it, anyway?\" By his own admission, Naor's concern for Iraq goes deeper than the compassion he feels for human suffering, anywhere. \"My blood, my mentality is Iraqi,\" he says, pronouncing the country with a strong guttural \"Q\" just like his BBC Saddam. \"I really know the western game well and I play it,\" he says. \"But I felt at home when I was filming in Morocco and Tunisia. I speak the language; I like the food, the Araq [aniseed drink], the nargile [hookah]. Me and my Iraqi friends [in Israel] talk only in Arabic when we are together. We enjoy it - there is a lot of humour and nuances that we can never express in Hebrew.\" Among those friends are the Iraqi-Israeli actors Sasson Gabai and Uri Gavriel, who both featured in the House of Saddam. In his home country, Naor is better known as a stage actor, having played countless lead roles spanning more than two decades in theatre. He is still remembered for roles in classic productions performed years ago. He is due to return to theatre later in the year, schedule permitting. Does he worry about being stereotyped as the Arab movie villain? \"I don't talk in terms of goodies and baddies,\" he says. \"I won't do roles that are just 'an Arab' with nothing interesting about it. I also just turned down a big role because the script was anti-Israeli, it was coming from a place of hatred.\" Despite the array of \"very nice\" roles he is offered these days, he does not think that he has achieved global stature. \"It is not an international career,\" he says. \"There is currently a wave of Middle Eastern films and it will pass. Anyway, my days of big dreams are behind me - I am 50; for an Iraqi that is beyond retirement!\".",
      "charCount": "8627"
    },
    "isHosted": false,
    "pillarId": "pillar/arts",
    "pillarName": "Arts"
  },
  {
    "id": "business/2008/aug/26/useconomy.shares",
    "type": "article",
    "sectionId": "business",
    "sectionName": "Business",
    "webPublicationDate": "2008-08-25T23:01:00Z",
    "webTitle": "Market nerves hit Wall Street",
    "webUrl": "https://www.theguardian.com/business/2008/aug/26/useconomy.shares",
    "apiUrl": "https://content.guardianapis.com/business/2008/aug/26/useconomy.shares",
    "fields": {
      "headline": "Market nerves hit Wall Street",
      "trailText": "<p>Shares tumble to biggest fall of month in mood of gloom deepened by uninspiring housing figures</p>",
      "byline": "Andrew Clark in New York",
      "main": "",
      "body": "<p>A fresh tremor of disquiet over the future of America's leading financial institutions sent Wall Street shares tumbling to their biggest fall of the month in a mood of gloom deepened by uninspiring housing figures.</p> <p>Despite thin trading volumes, the Dow Jones Industrial Average dived by 241 points to 11,386. All 30 of the index's constituent stocks ended the day in negative territory. The technology-dominated Nasdaq index fell by 49 to 2,365.</p> <p>Economists and investors remain jittery about the stability of banks as the credit crunch plays out. The Columbian Bank &amp; Trust of Kansas collapsed on Friday - the ninth US banking failure of the year. </p> <p>The world's biggest insurer, AIG, slumped by 6% after analysts at Credit Suisse suggested it could be facing losses of $2.4bn (\u00a31.91bn) in mortgage-related write-downs. The investment bank Lehman Brothers dropped 6.6% as the Korean Development Bank played down speculation that it might buy it.</p> <p>A tropical storm in the Caribbean pushed the price of oil up by 52 cents to $115.11 per barrel amid concern about production in the Gulf of Mexico.</p> <p>On dry land, figures from US estate agents offered little sign of hope for an upturn in the property market. Although the number of home sales rose by 3.1% in July, the National Association of Realtors reported that the number of unsold properties on the market had risen to its highest level since 1968 as foreclosures wreak havoc. Prices are down 7.1% year-on-year.</p> <p>\"There is still too much uncertainty,\" said Lawrence Yun, the realtors' chief economist, who said there was no sign yet of house prices bottoming out.</p> <p>The New York Stock Exchange is thinly populated in the run-up to next week's Labour Day holiday and analysts said light trading tended to aggravate volatility.</p> <p>\"We're in a very nervous market,\" said Alfred Goldman, chief strategist at Wachovia Securities.</p>",
      "newspaperPageNumber": "22",
      "wordcount": "316",
      "commentable": "false",
      "isPremoderated": "false",
      "lastModified": "2017-11-26T20:42:08Z",
      "newspaperEditionDate": "2008-08-26T00:00:00Z",
      "productionOffice": "UK",
      "publication": "The Guardian",
      "shortUrl": "https://gu.com/p/xpjet",
      "shouldHideAdverts": "false",
      "showInRelatedContent": "true",
      "legallySensitive": "false",
      "lang": "en",
      "bodyText": "A fresh tremor of disquiet over the future of America's leading financial institutions sent Wall Street shares tumbling to their biggest fall of the month in a mood of gloom deepened by uninspiring housing figures. Despite thin trading volumes, the Dow Jones Industrial Average dived by 241 points to 11,386. All 30 of the index's constituent stocks ended the day in negative territory. The technology-dominated Nasdaq index fell by 49 to 2,365. Economists and investors remain jittery about the stability of banks as the credit crunch plays out. The Columbian Bank &amp; Trust of Kansas collapsed on Friday - the ninth US banking failure of the year. The world's biggest insurer, AIG, slumped by 6% after analysts at Credit Suisse suggested it could be facing losses of $2.4bn (\u00a31.91bn) in mortgage-related write-downs. The investment bank Lehman Brothers dropped 6.6% as the Korean Development Bank played down speculation that it might buy it. A tropical storm in the Caribbean pushed the price of oil up by 52 cents to $115.11 per barrel amid concern about production in the Gulf of Mexico. On dry land, figures from US estate agents offered little sign of hope for an upturn in the property market. Although the number of home sales rose by 3.1% in July, the National Association of Realtors reported that the number of unsold properties on the market had risen to its highest level since 1968 as foreclosures wreak havoc. Prices are down 7.1% year-on-year. \"There is still too much uncertainty,\" said Lawrence Yun, the realtors' chief economist, who said there was no sign yet of house prices bottoming out. The New York Stock Exchange is thinly populated in the run-up to next week's Labour Day holiday and analysts said light trading tended to aggravate volatility. \"We're in a very nervous market,\" said Alfred Goldman, chief strategist at Wachovia Securities.",
      "charCount": "1869"
    },
    "isHosted": false,
    "pillarId": "pillar/news",
    "pillarName": "News"
  }
]