[
  {
    "id": "lifeandstyle/2008/dec/21/jay-rayner-restaurant-black-boy",
    "type": "article",
    "sectionId": "lifeandstyle",
    "sectionName": "Life and style",
    "webPublicationDate": "2008-12-21T00:01:00Z",
    "webTitle": "Jay Rayner on restaurants: The Black Boy, Oxford",
    "webUrl": "https://www.theguardian.com/lifeandstyle/2008/dec/21/jay-rayner-restaurant-black-boy",
    "apiUrl": "https://content.guardianapis.com/lifeandstyle/2008/dec/21/jay-rayner-restaurant-black-boy",
    "fields": {
      "headline": "Simply irresistible",
      "trailText": "<p>A gastropub has hit upon a novel idea: great food at a great price. <strong>Jay Rayner</strong> can't believe it</p>",
      "byline": "Jay Rayner",
      "main": "",
      "body": "<p><strong>The Black Boy<br>91 Old High Street,<br>Headington, Oxford<br>(01865 741 137)<br>Meal for two, including service, \u00a360<br></strong><br>Because I have the boredom threshold of a three-year-old who's been at the Jaffa Cakes then dropped face first into the sugar bowl like Al Pacino in Scarface, I can become easily irritated by the claims made for each gastropub that opens. If I had a penny for every one that has tried to sell itself to me this year because its kitchen will be using seasonal and local produce I'd have, er, 37p. Local and seasonal is no longer a unique selling point. It's a minimum qualifying standard. Frankly, if a gastropub happened along declaring its commitment to unseasonal produce, flown in from a very long way away, I'd probably book my table immediately. (No, not really. For God's sake don't see it as an invitation.)</p> <p>I do understand the problem. The gastropub movement is such a success, and so established, that most now fit under the bland heading: that place not far from where you live, where it's possible to get a decent meal. Trying to get attention for one of those is like trying to get tabloid column inches for a page three model who has embarked on a loving relationship with a Premier League footballer, in which neither side has ever been unfaithful or tried to get their partner to dress up as a pony. Where's the story?</p> <p>Happily, the Black Boy pub at Headington, on the outskirts of Oxford, does have a unique selling point. It serves nice food which is cheap. The latter is not at all common. The dividing line between gastropub and restaurant is now so hazy that the \u00a319 gastro-pub main course is now nothing to write either home, or to you, about. The Black Boy, a tidily renovated Thirties roadhouse with an unfussy monochrome-papered dining room to one side, is attempting to re-engineer the proposition. I hope they succeed, because it's exactly what we need. Starters are generally under a fiver. Mains cluster around the \u00a37.95 mark. If you manage to spend more than \u00a360 on three courses it's only because you are trying really hard.</p> <p>The one dish that didn't work was a celeriac and bramley apple soup that was too sweet. Nothing a hefty dose of salt couldn't sort. A ham hock terrine, the friable meat bound by a wobbly, savoury jelly that paid homage to the animals boiled down for it, came with its own chunky piccalilli and still-warm bread rolls. In the main courses, virtue lay in the details: not just the big, solid smoked haddock fish cake but the smear of smooth lemon beurre blanc that came with it; not just the thick gravy and properly braised meat in the steak and kidney pie, but the slab of crumbly, burnished suet pastry that lay on top of it. </p> <p>Nothing on this menu will shock or surprise. The dessert list includes both bread-and-butter and sticky toffee puddings, but, like almost everything else, they deliver. It's good food at a good price. Gosh, it just might catch on.</p> <p><a href=\"mailto:jay.rayner@observer.co.uk\">jay.rayner@observer.co.uk</a></p>",
      "newspaperPageNumber": "63",
      "wordcount": "523",
      "commentable": "false",
      "isPremoderated": "false",
      "lastModified": "2018-06-19T11:48:13Z",
      "newspaperEditionDate": "2008-12-21T00:00:00Z",
      "productionOffice": "UK",
      "publication": "The Observer",
      "shortUrl": "https://gu.com/p/23jt5",
      "shouldHideAdverts": "false",
      "showInRelatedContent": "true",
      "legallySensitive": "false",
      "lang": "en",
      "bodyText": "The Black Boy 91 Old High Street, Headington, Oxford (01865 741 137) Meal for two, including service, \u00a360 Because I have the boredom threshold of a three-year-old who's been at the Jaffa Cakes then dropped face first into the sugar bowl like Al Pacino in Scarface, I can become easily irritated by the claims made for each gastropub that opens. If I had a penny for every one that has tried to sell itself to me this year because its kitchen will be using seasonal and local produce I'd have, er, 37p. Local and seasonal is no longer a unique selling point. It's a minimum qualifying standard. Frankly, if a gastropub happened along declaring its commitment to unseasonal produce, flown in from a very long way away, I'd probably book my table immediately. (No, not really. For God's sake don't see it as an invitation.) I do understand the problem. The gastropub movement is such a success, and so established, that most now fit under the bland heading: that place not far from where you live, where it's possible to get a decent meal. Trying to get attention for one of those is like trying to get tabloid column inches for a page three model who has embarked on a loving relationship with a Premier League footballer, in which neither side has ever been unfaithful or tried to get their partner to dress up as a pony. Where's the story? Happily, the Black Boy pub at Headington, on the outskirts of Oxford, does have a unique selling point. It serves nice food which is cheap. The latter is not at all common. The dividing line between gastropub and restaurant is now so hazy that the \u00a319 gastro-pub main course is now nothing to write either home, or to you, about. The Black Boy, a tidily renovated Thirties roadhouse with an unfussy monochrome-papered dining room to one side, is attempting to re-engineer the proposition. I hope they succeed, because it's exactly what we need. Starters are generally under a fiver. Mains cluster around the \u00a37.95 mark. If you manage to spend more than \u00a360 on three courses it's only because you are trying really hard. The one dish that didn't work was a celeriac and bramley apple soup that was too sweet. Nothing a hefty dose of salt couldn't sort. A ham hock terrine, the friable meat bound by a wobbly, savoury jelly that paid homage to the animals boiled down for it, came with its own chunky piccalilli and still-warm bread rolls. In the main courses, virtue lay in the details: not just the big, solid smoked haddock fish cake but the smear of smooth lemon beurre blanc that came with it; not just the thick gravy and properly braised meat in the steak and kidney pie, but the slab of crumbly, burnished suet pastry that lay on top of it. Nothing on this menu will shock or surprise. The dessert list includes both bread-and-butter and sticky toffee puddings, but, like almost everything else, they deliver. It's good food at a good price. Gosh, it just might catch on. jay.rayner@observer.co.uk",
      "charCount": "2943"
    },
    "isHosted": false,
    "pillarId": "pillar/lifestyle",
    "pillarName": "Lifestyle"
  },
  {
    "id": "music/2008/dec/21/apple-itunes-amazon-mp3-online-downloads",
    "type": "article",
    "sectionId": "money",
    "sectionName": "Money",
    "webPublicationDate": "2008-12-21T00:01:00Z",
    "webTitle": "Amazon's budget MP3s give Apple food for thought",
    "webUrl": "https://www.theguardian.com/music/2008/dec/21/apple-itunes-amazon-mp3-online-downloads",
    "apiUrl": "https://content.guardianapis.com/music/2008/dec/21/apple-itunes-amazon-mp3-online-downloads",
    "fields": {
      "headline": "Amazon's budget MP3s give Apple food for thought",
      "trailText": "<p>Dominance of iTunes under threat as online store starts price war by offering cheaper alternatives</p>",
      "byline": "Jon Robins",
      "main": "",
      "body": "<p>Last month Amazon kickstarted an online music price war when it launched its MP3 store. Some of this year's top-selling albums are available for download for just \u00a33, including Guns N' Roses's Chinese Democracy, Elbow's Seldom Seen Kid. Tracks are on sale from 59p, undercutting iTunes's 79p-a-track pricing structure.</p> <p>Online music fans are becoming spoilt for choice as the previously unassailable dominance of Apple, secured through our collective love of iPods, is challenged by cheaper alternatives. </p> <p>Simon James, shopping expert at <a href=\"http://www.moneysupermarket.com\">moneysupermarket.com</a> and \"massive iPod addict\", reckons the Amazon service will break the Apple stranglehold. \"Amazon has a widget you can download on to your desktop and import anything that you buy from Amazon into Windows Media Player or iTunes,\" he says. \"That is going to be the revolution. Apple might have tried as hard as it could to ring-fence its user base , so if you have an iPod you must use them - but it can't do that for ever.\" </p> <p>Price aside, there's nothing new about what Amazon is offering. In September, 7digital.com became the first online retailer in Europe to go \"DRM-free\". DRM, or digital rights management, can only be used on certain players and cannot be copied. \"It has become a level playing field because we can now sell tracks to iPods, iPhones, BlackBerrys and Sony Walkmans,\" says Ben Drury, 7digital's chief executive. </p> <p>The real significance of Amazon's launch is that it has a database of 84 million potential customers (7digital has 1.5 million registered customers). </p> <p>In industry speak, iTunes, Amazon and 7digital are \u00e0 la carte: you see the track you like and pay your 79p. But there are also \"all-you-can-eat\" subscription services such as Napster's \u00a314.95-a-month To Go service which lets users download as much music as they like and transfer files on to their MP3 player. eMusic's model, which has 400,000 users, costs \u00a314.99 a month for 75 downloads, or 20p a track. </p> <p>Madeleine Milne, managing director of eMusic Europe, likens the site to a traditional indie record store. It has no major labels but 3,000 smaller labels are represented. The idea is that you browse the site, read the critics and use its recommendation engine. </p> <p>Mobile providers are also getting in on the act, with Nokia having launched its Comes with Music deal in October. For a \u00a3130 handset, you get unlimited music downloads with Vodafone's MusicStation service for \u00a31.99 a week.</p>",
      "newspaperPageNumber": "13",
      "wordcount": "406",
      "commentable": "false",
      "isPremoderated": "false",
      "lastModified": "2017-02-21T21:44:49Z",
      "newspaperEditionDate": "2008-12-21T00:00:00Z",
      "productionOffice": "UK",
      "publication": "The Observer",
      "shortUrl": "https://gu.com/p/23yd7",
      "shouldHideAdverts": "false",
      "showInRelatedContent": "true",
      "legallySensitive": "false",
      "lang": "en",
      "bodyText": "Last month Amazon kickstarted an online music price war when it launched its MP3 store. Some of this year's top-selling albums are available for download for just \u00a33, including Guns N' Roses's Chinese Democracy, Elbow's Seldom Seen Kid. Tracks are on sale from 59p, undercutting iTunes's 79p-a-track pricing structure. Online music fans are becoming spoilt for choice as the previously unassailable dominance of Apple, secured through our collective love of iPods, is challenged by cheaper alternatives. Simon James, shopping expert at moneysupermarket.com and \"massive iPod addict\", reckons the Amazon service will break the Apple stranglehold. \"Amazon has a widget you can download on to your desktop and import anything that you buy from Amazon into Windows Media Player or iTunes,\" he says. \"That is going to be the revolution. Apple might have tried as hard as it could to ring-fence its user base , so if you have an iPod you must use them - but it can't do that for ever.\" Price aside, there's nothing new about what Amazon is offering. In September, 7digital.com became the first online retailer in Europe to go \"DRM-free\". DRM, or digital rights management, can only be used on certain players and cannot be copied. \"It has become a level playing field because we can now sell tracks to iPods, iPhones, BlackBerrys and Sony Walkmans,\" says Ben Drury, 7digital's chief executive. The real significance of Amazon's launch is that it has a database of 84 million potential customers (7digital has 1.5 million registered customers). In industry speak, iTunes, Amazon and 7digital are \u00e0 la carte: you see the track you like and pay your 79p. But there are also \"all-you-can-eat\" subscription services such as Napster's \u00a314.95-a-month To Go service which lets users download as much music as they like and transfer files on to their MP3 player. eMusic's model, which has 400,000 users, costs \u00a314.99 a month for 75 downloads, or 20p a track. Madeleine Milne, managing director of eMusic Europe, likens the site to a traditional indie record store. It has no major labels but 3,000 smaller labels are represented. The idea is that you browse the site, read the critics and use its recommendation engine. Mobile providers are also getting in on the act, with Nokia having launched its Comes with Music deal in October. For a \u00a3130 handset, you get unlimited music downloads with Vodafone's MusicStation service for \u00a31.99 a week.",
      "charCount": "2427"
    },
    "isHosted": false,
    "pillarId": "pillar/lifestyle",
    "pillarName": "Lifestyle"
  }
]