[
  {
    "id": "world/2008/may/05/1",
    "type": "article",
    "sectionId": "world",
    "sectionName": "World news",
    "webPublicationDate": "2008-05-04T23:23:02Z",
    "webTitle": "Papa Bongo's 40 years in power",
    "webUrl": "https://www.theguardian.com/world/2008/may/05/1",
    "apiUrl": "https://content.guardianapis.com/world/2008/may/05/1",
    "fields": {
      "headline": "Papa Bongo's 40 years in power",
      "standfirst": "Record-breaking rule thanks to oil cash but cronysim and corruption taint future",
      "trailText": "<p>Record-breaking rule thanks to oil cash but cronysim and corruption taint future</p>",
      "byline": "Xan Rice in Libreville",
      "main": "<figure class=\"element element-image\" data-media-id=\"gu-image-333927411\"> <img src=\"http://static.guim.co.uk/sys-images/Guardian/Pix/pictures/2008/05/05/Omar-Bongo-460x276.jpg\" alt=\"Omar Bongo\" width=\"460\" height=\"276\" class=\"gu-image\" /> <figcaption> <span class=\"element-image__caption\">Omar Bongo heads on of the world's richest first families. Photograph: Charles Platiau/Reuters</span> </figcaption> </figure>",
      "body": "<p>There are many ways of measuring Omar Bongo's rule. You could count the monuments: the Omar Bongo Triumphal Boulevard, the Senate Palace Omar Bongo, and the university, football stadium, gymnasium and military hospital that all bear his name. You could look at a map of Gabon, and find the name of his hometown, Bongoville, or work out how many French presidents he has befriended and outlasted: five, from Charles de Gaulle to Jacques Chirac. </p> <p>Or you could gaze at any of the dozens of giant billboards dotted around the capital, Libreville, congratulating \"Papa Bongo\", who is pictured with his trademark moustache and his hands clasped together, for completing 40 years as president in December. Had it been known that Fidel Castro would step down as Cuba's leader just two months later, the signwriters would surely have stencilled on the title that Castro passed on to Bongo: the world's longest-serving leader that isn't a monarch.</p> <p>That is no mean achievement, considering Gabon's neighbourhood. Since gaining independence, most countries in west Africa have experienced lengthy civil wars or successive military coups. Yet Bongo, who came to power in 1967 aged 31, has ruled largely unchallenged, and mostly without force, despite squandering much of the country's natural wealth and leaving it facing a deeply uncertain economic future. </p> <p>\"The man is a political genius,\" said Guy Rossatanga-Rignault, a political science professor at Omar Bongo University. \"You think he's coming near to the end, but it's never the end with Bongo.\"</p> <p>Bongo's rule has been a masterclass in the use of patronage. His ascent to the presidency coincided with Gabon's rise to being Africa's third-biggest oil producer, and he quickly realised that money could be more effective than bullets in keeping power. </p> <p>He built some basic infrastructure in Libreville and, ignoring advice to establish a road network instead, constructed the $4bn (\u00a32.02bn) Transgabonais railway line deep into the forested interior. </p> <p>Petrodollars funded the salaries of a bloated civil service, spreading enough of the state's wealth among the population to keep most of them fed and dressed. France, whose companies were happily extracting Gabon's oil, guaranteed security by maintaining a military base in Libreville that still exists today. </p> <p>When multipartyism was ushered in during the early 1990s following months of unrest, Bongo again found that money could solve any problem. Opposition politicians who criticised him in public, or showed any signs of popularity, were brought into the government, and soon compromised.</p> <p>\"This is Bongo's main secret to remaining in power for 40 years: corruption,\" said Mark Ona, the head of Brainforest, a leading NGO that was recently suspended by the government for speaking out about the misuse of state funds. \"Nobody ever leaves the president's cabinet empty-handed.\"</p> <p>The best cabinet positions, however, have always been reserved for Bongo's family. His son, Ali-Ben Bongo, is the minister of defence, and, it is whispered on the streets, the heir apparent. Bongo's daughter, Pascaline, is the head of the cabinet. Her husband, Paul Toungui, is minister of finance. </p> <p>The scale of the high-level cronyism and corruption astonishes diplomats from other African countries. \"In Gabon, government and business are one and the same,\" said one. \"If you want to do business here, you must know a minister, or at least somebody with the surname Bongo.\"</p> <p>Indeed, they may be one of the richest first families in the world. Bongo has a vast hilltop mansion, where passing motorists can view ostriches roaming the gardens and a couple of Rolls-Royces. </p> <p>Most of his wealth is hidden overseas. In the 90s, US investigators found that more than $100m had passed through US bank accounts linked to Bongo, while in France it was alleged he had received tens of millions of dollars in kickbacks from the oil company Elf. </p> <p>Last year, French prosecutors found the Bongo family owned 33 properties in France alone, including a $27m villa. At the same time, Ali-Ben Bongo's wife, Inge, appeared on a US reality television show, Really Rich Real Estate, shopping for a $25m mansion in California. </p> <p>The theft of billions of dollars of oil money has stalled the country's development. Nearly 50 years after independence, Gabon has fewer miles of paved road than it has of oil pipelines. </p> <p>Even within Libreville - which can seem deceptively well-off if you keep to the seaboard, with its hotels, casinos and patisseries - the lack of infrastructure is glaringly obvious. Many houses are connected by tiny footpaths filled with rubbish and tangles of hosepipes that serve as the mains water supply. </p> <p>There is a serious shortage of schools and clinics. On paper, Gabon has one of the highest per-capita incomes in Africa, yet half of the population remains poor.</p> <p>Paskhal Nkoulou Nguema of the Bongo Must Go political party, said that Gabon, with its small population of 1.3 million and its vast natural riches, should be like Dubai. \"Bongo has somehow put in the mind of all Gabonese that this is the best place in Africa, the richest country that everybody wants to visit. He is like Machiavelli.\" </p> <p>It is true that many Gabonese are proud of their country, and of Bongo. His success in keeping peace in a country with 40 different ethnic groups, while neighbouring countries have all experienced serious strife, is regarded as a significant accomplishment. But there is growing worry about what sort of legacy he will leave. Gabon's oil, which still provides the vast bulk of government revenue, is fast running out. </p> <p>Gabon produces some sugar, beer and bottled water. Despite the rich soil and tropical climate, there is only a tiny amount of agricultural production. Fruit and vegetables arrive on trucks from Cameroon. Milk is flown in from France. </p> <p>And years of dependence on relatives with civil service jobs means that many Gabonese have no interest in seeking work outside the state sector - most manual jobs are taken by immigrants. </p> <p>\"I love the president; he is our father, our chief,\" said Louis Gaston Mayila, a wealthy lawyer, and a former top government minister. \"But stability is not enough. Our world is changing, and we need to look to the future.\"</p> <p>A future without Bongo? Shortly after winning the 2005 election, Bongo quashed any public talk of succession by saying that he would run again in 2012. \"The best is yet to come,\" he likes to say.</p> <h2>Profile</h2> <p>Albert-Bernard Bongo was born in Lewai (now Bongoville), in south-eastern Gabon in 1935.</p> <p>A former lieutenant in the French air force, he became Gabon's leader in 1967 following the death of President Leon M'ba.</p> <p>Six years later he converted to Islam, taking the name Omar.</p> <p>He held Gabon's first multiparty elections in 1993, winning 51% of the vote. After term limits were removed from the constitution, he increased his share of the vote to 79% in 2005. </p> <p>He is married to Edith Lucie Sassou-Nguesso, the daughter of Denis Sassou-Nguesso, president of the Republic of the Congo.</p>",
      "newspaperPageNumber": "15",
      "wordcount": "1152",
      "commentable": "false",
      "isPremoderated": "false",
      "lastModified": "2017-11-27T00:22:45Z",
      "newspaperEditionDate": "2008-05-05T00:00:00Z",
      "productionOffice": "UK",
      "publication": "The Guardian",
      "shortUrl": "https://gu.com/p/xb737",
      "shouldHideAdverts": "false",
      "showInRelatedContent": "true",
      "legallySensitive": "false",
      "lang": "en",
      "bodyText": "There are many ways of measuring Omar Bongo's rule. You could count the monuments: the Omar Bongo Triumphal Boulevard, the Senate Palace Omar Bongo, and the university, football stadium, gymnasium and military hospital that all bear his name. You could look at a map of Gabon, and find the name of his hometown, Bongoville, or work out how many French presidents he has befriended and outlasted: five, from Charles de Gaulle to Jacques Chirac. Or you could gaze at any of the dozens of giant billboards dotted around the capital, Libreville, congratulating \"Papa Bongo\", who is pictured with his trademark moustache and his hands clasped together, for completing 40 years as president in December. Had it been known that Fidel Castro would step down as Cuba's leader just two months later, the signwriters would surely have stencilled on the title that Castro passed on to Bongo: the world's longest-serving leader that isn't a monarch. That is no mean achievement, considering Gabon's neighbourhood. Since gaining independence, most countries in west Africa have experienced lengthy civil wars or successive military coups. Yet Bongo, who came to power in 1967 aged 31, has ruled largely unchallenged, and mostly without force, despite squandering much of the country's natural wealth and leaving it facing a deeply uncertain economic future. \"The man is a political genius,\" said Guy Rossatanga-Rignault, a political science professor at Omar Bongo University. \"You think he's coming near to the end, but it's never the end with Bongo.\" Bongo's rule has been a masterclass in the use of patronage. His ascent to the presidency coincided with Gabon's rise to being Africa's third-biggest oil producer, and he quickly realised that money could be more effective than bullets in keeping power. He built some basic infrastructure in Libreville and, ignoring advice to establish a road network instead, constructed the $4bn (\u00a32.02bn) Transgabonais railway line deep into the forested interior. Petrodollars funded the salaries of a bloated civil service, spreading enough of the state's wealth among the population to keep most of them fed and dressed. France, whose companies were happily extracting Gabon's oil, guaranteed security by maintaining a military base in Libreville that still exists today. When multipartyism was ushered in during the early 1990s following months of unrest, Bongo again found that money could solve any problem. Opposition politicians who criticised him in public, or showed any signs of popularity, were brought into the government, and soon compromised. \"This is Bongo's main secret to remaining in power for 40 years: corruption,\" said Mark Ona, the head of Brainforest, a leading NGO that was recently suspended by the government for speaking out about the misuse of state funds. \"Nobody ever leaves the president's cabinet empty-handed.\" The best cabinet positions, however, have always been reserved for Bongo's family. His son, Ali-Ben Bongo, is the minister of defence, and, it is whispered on the streets, the heir apparent. Bongo's daughter, Pascaline, is the head of the cabinet. Her husband, Paul Toungui, is minister of finance. The scale of the high-level cronyism and corruption astonishes diplomats from other African countries. \"In Gabon, government and business are one and the same,\" said one. \"If you want to do business here, you must know a minister, or at least somebody with the surname Bongo.\" Indeed, they may be one of the richest first families in the world. Bongo has a vast hilltop mansion, where passing motorists can view ostriches roaming the gardens and a couple of Rolls-Royces. Most of his wealth is hidden overseas. In the 90s, US investigators found that more than $100m had passed through US bank accounts linked to Bongo, while in France it was alleged he had received tens of millions of dollars in kickbacks from the oil company Elf. Last year, French prosecutors found the Bongo family owned 33 properties in France alone, including a $27m villa. At the same time, Ali-Ben Bongo's wife, Inge, appeared on a US reality television show, Really Rich Real Estate, shopping for a $25m mansion in California. The theft of billions of dollars of oil money has stalled the country's development. Nearly 50 years after independence, Gabon has fewer miles of paved road than it has of oil pipelines. Even within Libreville - which can seem deceptively well-off if you keep to the seaboard, with its hotels, casinos and patisseries - the lack of infrastructure is glaringly obvious. Many houses are connected by tiny footpaths filled with rubbish and tangles of hosepipes that serve as the mains water supply. There is a serious shortage of schools and clinics. On paper, Gabon has one of the highest per-capita incomes in Africa, yet half of the population remains poor. Paskhal Nkoulou Nguema of the Bongo Must Go political party, said that Gabon, with its small population of 1.3 million and its vast natural riches, should be like Dubai. \"Bongo has somehow put in the mind of all Gabonese that this is the best place in Africa, the richest country that everybody wants to visit. He is like Machiavelli.\" It is true that many Gabonese are proud of their country, and of Bongo. His success in keeping peace in a country with 40 different ethnic groups, while neighbouring countries have all experienced serious strife, is regarded as a significant accomplishment. But there is growing worry about what sort of legacy he will leave. Gabon's oil, which still provides the vast bulk of government revenue, is fast running out. Gabon produces some sugar, beer and bottled water. Despite the rich soil and tropical climate, there is only a tiny amount of agricultural production. Fruit and vegetables arrive on trucks from Cameroon. Milk is flown in from France. And years of dependence on relatives with civil service jobs means that many Gabonese have no interest in seeking work outside the state sector - most manual jobs are taken by immigrants. \"I love the president; he is our father, our chief,\" said Louis Gaston Mayila, a wealthy lawyer, and a former top government minister. \"But stability is not enough. Our world is changing, and we need to look to the future.\" A future without Bongo? Shortly after winning the 2005 election, Bongo quashed any public talk of succession by saying that he would run again in 2012. \"The best is yet to come,\" he likes to say. Profile Albert-Bernard Bongo was born in Lewai (now Bongoville), in south-eastern Gabon in 1935. A former lieutenant in the French air force, he became Gabon's leader in 1967 following the death of President Leon M'ba. Six years later he converted to Islam, taking the name Omar. He held Gabon's first multiparty elections in 1993, winning 51% of the vote. After term limits were removed from the constitution, he increased his share of the vote to 79% in 2005. He is married to Edith Lucie Sassou-Nguesso, the daughter of Denis Sassou-Nguesso, president of the Republic of the Congo.",
      "charCount": "7012"
    },
    "isHosted": false,
    "pillarId": "pillar/news",
    "pillarName": "News"
  },
  {
    "id": "environment/2008/may/05/fossilfuels.oil",
    "type": "article",
    "sectionId": "environment",
    "sectionName": "Environment",
    "webPublicationDate": "2008-05-04T23:20:09Z",
    "webTitle": "As oil prices soar, crofters return to the old ways and get their heat from peat",
    "webUrl": "https://www.theguardian.com/environment/2008/may/05/fossilfuels.oil",
    "apiUrl": "https://content.guardianapis.com/environment/2008/may/05/fossilfuels.oil",
    "fields": {
      "headline": "As oil prices soar, crofters return to the old ways and get their heat from peat",
      "trailText": "<p>Crofters re-install peat-burning stoves as concerns are raised about the environmental impact of peat-cutting</p>",
      "byline": "Severin Carrell, Scotland correspondent",
      "main": "<figure class=\"element element-image\" data-media-id=\"gu-image-333927398\"> <img src=\"http://static.guim.co.uk/sys-images/Guardian/Pix/pictures/2008/05/04/Peat-cutters-460x276.jpg\" alt=\"Peat cutters on Lewis\" width=\"460\" height=\"276\" class=\"gu-image\" /> <figcaption> <span class=\"element-image__caption\">Islanders Alastair and Alex Macleod extract peat on Lewis. Photograph: Murdo Macleod</span> </figcaption> </figure>",
      "body": "<p>The soaring price of fuel is leading cash-conscious crofters in the Outer Hebrides to revive the ancient tradition of cutting peat to fire their kitchen stoves and central heating. Over the past few months the steep surge in the price of oil, now routinely used by residents on islands such as Lewis, has led to a rush in orders for traditional, hand-made peat cutters and peat-cutting permits. </p> <p>Some crofters are re-installing peat-burning stoves alongside oil-burning stoves and combi-boilers, or even using them as a replacement heating source.</p> <p>Calum Macleod, 73, a blacksmith in Stornoway, whose father began making the 12in (30cm) peat cutters by hand in the 1920s, said orders for the tools had risen sixfold over the past few weeks. He has made nearly 40 cutters this year, compared with the six he made last year. Orders are still arriving. </p> <p>\"This year they've really snowballed,\" Macleod said. \"I reckon it's the price of fuel. With prices going up, I was thinking, oh well, they may be wanting peat irons this year; then it turned out true enough. People were saying to me, 'I'll cut peat this year to help out'.\" </p> <p>Known as tarasgeirs in Gaelic the standard peat iron he makes has a hefty foot-long blade clasped by a long wooden handle. There are variations on the design: in Shetland the blades are roughly 6in long and diggers are helped by the addition of a small foot-hold or stirrup on the cutter's side.</p> <p>For most of the crofters peat cutting began this weekend, the May bank holiday. The activity was once central to life across the Highlands and Islands; each spring families would spend long days cutting out and stacking rectangular bricks of peat from their peat banks, piling them up to dry as fuel for use during the following winter. That tradition almost entirely died out with the electrification of Scotland's remotest areas and the availability of the more efficient oil-fired combi-boilers. Households have had their peat fires bricked up, and peat-burning stoves and peat irons have been discarded. </p> <p>But this year the price of oil has doubled, rising to more than 57p a litre on Lewis, and driving families back to the peat. </p> <p>Alasdair Macleod, a crofter in Shawbost, on the west coast of Lewis, said he had had six people \"chasing him\", wanting to buy his mother's Stanley Superstar peat-burning stove, which is hefty enough to heat a domestic water supply and six radiators. The buyer, a local man, needed a cheaper source of fuel for his father, who required heat all year round. The stove will be connected to the household's heating system.</p> <p>There are concerns, however, about the environmental impact of the trend. Iain MacIver, chairman of the Stornoway Trust, one of Lewis's largest landowners, said that since the cessation of peat-cutting most of the peatlands had won protection under wildlife legislation. And most peat banks available outside the traditionally cut areas were already heavily depleted. \"There's nowhere left, unless we start getting into the designated zones,\" he said.</p>",
      "newspaperPageNumber": "9",
      "wordcount": "505",
      "commentable": "false",
      "isPremoderated": "false",
      "lastModified": "2017-11-27T15:40:55Z",
      "newspaperEditionDate": "2008-05-05T00:00:00Z",
      "productionOffice": "UK",
      "publication": "The Guardian",
      "shortUrl": "https://gu.com/p/xb74d",
      "shouldHideAdverts": "false",
      "showInRelatedContent": "true",
      "legallySensitive": "false",
      "lang": "en",
      "bodyText": "The soaring price of fuel is leading cash-conscious crofters in the Outer Hebrides to revive the ancient tradition of cutting peat to fire their kitchen stoves and central heating. Over the past few months the steep surge in the price of oil, now routinely used by residents on islands such as Lewis, has led to a rush in orders for traditional, hand-made peat cutters and peat-cutting permits. Some crofters are re-installing peat-burning stoves alongside oil-burning stoves and combi-boilers, or even using them as a replacement heating source. Calum Macleod, 73, a blacksmith in Stornoway, whose father began making the 12in (30cm) peat cutters by hand in the 1920s, said orders for the tools had risen sixfold over the past few weeks. He has made nearly 40 cutters this year, compared with the six he made last year. Orders are still arriving. \"This year they've really snowballed,\" Macleod said. \"I reckon it's the price of fuel. With prices going up, I was thinking, oh well, they may be wanting peat irons this year; then it turned out true enough. People were saying to me, 'I'll cut peat this year to help out'.\" Known as tarasgeirs in Gaelic the standard peat iron he makes has a hefty foot-long blade clasped by a long wooden handle. There are variations on the design: in Shetland the blades are roughly 6in long and diggers are helped by the addition of a small foot-hold or stirrup on the cutter's side. For most of the crofters peat cutting began this weekend, the May bank holiday. The activity was once central to life across the Highlands and Islands; each spring families would spend long days cutting out and stacking rectangular bricks of peat from their peat banks, piling them up to dry as fuel for use during the following winter. That tradition almost entirely died out with the electrification of Scotland's remotest areas and the availability of the more efficient oil-fired combi-boilers. Households have had their peat fires bricked up, and peat-burning stoves and peat irons have been discarded. But this year the price of oil has doubled, rising to more than 57p a litre on Lewis, and driving families back to the peat. Alasdair Macleod, a crofter in Shawbost, on the west coast of Lewis, said he had had six people \"chasing him\", wanting to buy his mother's Stanley Superstar peat-burning stove, which is hefty enough to heat a domestic water supply and six radiators. The buyer, a local man, needed a cheaper source of fuel for his father, who required heat all year round. The stove will be connected to the household's heating system. There are concerns, however, about the environmental impact of the trend. Iain MacIver, chairman of the Stornoway Trust, one of Lewis's largest landowners, said that since the cessation of peat-cutting most of the peatlands had won protection under wildlife legislation. And most peat banks available outside the traditionally cut areas were already heavily depleted. \"There's nowhere left, unless we start getting into the designated zones,\" he said.",
      "charCount": "3021"
    },
    "isHosted": false,
    "pillarId": "pillar/news",
    "pillarName": "News"
  },
  {
    "id": "business/2008/may/04/royaldutchshell.oil",
    "type": "article",
    "sectionId": "business",
    "sectionName": "Business",
    "webPublicationDate": "2008-05-04T13:11:46Z",
    "webTitle": "Bears could halt Shell Arctic plan",
    "webUrl": "https://www.theguardian.com/business/2008/may/04/royaldutchshell.oil",
    "apiUrl": "https://content.guardianapis.com/business/2008/may/04/royaldutchshell.oil",
    "fields": {
      "headline": "Bears could halt Shell Arctic plan",
      "trailText": "<p>Company's aim to drill billions of barrels of oil could be stopped by endangered species</p>",
      "byline": "Nick Mathiason",
      "main": "",
      "body": "<p>Royal Dutch Shell's ambition to drill billions of barrels of oil from waters close to the Arctic Circle could be stopped by the polar bear.</p> <p>Within 10 days the US government will rule on whether the polar bear is an endangered species.</p> <p>If it is, environmentalists have vowed to take legal action to halt any exploration in Alaska's Chukchi Sea, under which lie 7 billion barrels of oil and 32 trillion cubic feet of gas. </p> <p>Last week, a federal court forced George Bush to make a decision on the bear's classification, which should have been made 18 months ago.</p> <p>In February, Shell paid hundreds of millions of dollars to the US government for licences to extract oil and gas there. Environmentalists say polar bears, declining as ice melts, will be wiped out if oil is drilled. Last year, Arctic ice melted at a faster rate than ever before. Shell said it is complying with all regulations and is taking every step possible to minimise disruption.</p> <p>Environmentalists say Bush is determined to force through oil licences in the last months of his presidency.</p>",
      "newspaperPageNumber": "3",
      "wordcount": "182",
      "commentable": "false",
      "isPremoderated": "false",
      "lastModified": "2018-02-14T19:58:10Z",
      "newspaperEditionDate": "2008-05-04T00:00:00Z",
      "productionOffice": "UK",
      "publication": "The Observer",
      "shortUrl": "https://gu.com/p/xb6kx",
      "shouldHideAdverts": "false",
      "showInRelatedContent": "true",
      "legallySensitive": "false",
      "lang": "en",
      "bodyText": "Royal Dutch Shell's ambition to drill billions of barrels of oil from waters close to the Arctic Circle could be stopped by the polar bear. Within 10 days the US government will rule on whether the polar bear is an endangered species. If it is, environmentalists have vowed to take legal action to halt any exploration in Alaska's Chukchi Sea, under which lie 7 billion barrels of oil and 32 trillion cubic feet of gas. Last week, a federal court forced George Bush to make a decision on the bear's classification, which should have been made 18 months ago. In February, Shell paid hundreds of millions of dollars to the US government for licences to extract oil and gas there. Environmentalists say polar bears, declining as ice melts, will be wiped out if oil is drilled. Last year, Arctic ice melted at a faster rate than ever before. Shell said it is complying with all regulations and is taking every step possible to minimise disruption. Environmentalists say Bush is determined to force through oil licences in the last months of his presidency.",
      "charCount": "1052"
    },
    "isHosted": false,
    "pillarId": "pillar/news",
    "pillarName": "News"
  },
  {
    "id": "football/2008/may/04/premierleague2",
    "type": "article",
    "sectionId": "football",
    "sectionName": "Football",
    "webPublicationDate": "2008-05-04T10:20:08Z",
    "webTitle": "Rule change adds to Bosingwa price tag",
    "webUrl": "https://www.theguardian.com/football/2008/may/04/premierleague2",
    "apiUrl": "https://content.guardianapis.com/football/2008/may/04/premierleague2",
    "fields": {
      "headline": "Rule change adds to Bosingwa price tag",
      "trailText": "<p>The third-party ownership or Man Utd target Jos&eacute; Bosingwa is causing Alex Ferguson headaches</p>",
      "byline": "Duncan Castles",
      "main": "",
      "body": "<p>Manchester United target Jos\u00e9 Bosingwa is part-owned by an agent and will have to have his economic rights bought out in full by the club to adhere to new Premier League rules against third-party ownership.</p> <p>United have offered Porto \u20ac20million (\u00a315.5m) for the right-back, but, conscious that 20 per cent of any fee will be paid to his agent, Rui Neno, the Portuguese champions want \u20ac30m.</p> <p>A deal is expected to be agreed before Bosingwa represents Portugal at Euro 2008, but United will be required to buy the player in full to comply with statutes due to be formally introduced in the close season.</p>",
      "newspaperPageNumber": "9",
      "wordcount": "105",
      "commentable": "false",
      "isPremoderated": "false",
      "lastModified": "2017-02-20T19:36:43Z",
      "newspaperEditionDate": "2008-05-04T00:00:00Z",
      "productionOffice": "UK",
      "publication": "The Observer",
      "shortUrl": "https://gu.com/p/xb6qy",
      "shouldHideAdverts": "false",
      "showInRelatedContent": "true",
      "legallySensitive": "false",
      "lang": "en",
      "bodyText": "Manchester United target Jos\u00e9 Bosingwa is part-owned by an agent and will have to have his economic rights bought out in full by the club to adhere to new Premier League rules against third-party ownership. United have offered Porto \u20ac20million (\u00a315.5m) for the right-back, but, conscious that 20 per cent of any fee will be paid to his agent, Rui Neno, the Portuguese champions want \u20ac30m. A deal is expected to be agreed before Bosingwa represents Portugal at Euro 2008, but United will be required to buy the player in full to comply with statutes due to be formally introduced in the close season.",
      "charCount": "599"
    },
    "isHosted": false,
    "pillarId": "pillar/sport",
    "pillarName": "Sport"
  },
  {
    "id": "technology/2008/may/04/microsoft.yahoo",
    "type": "article",
    "sectionId": "technology",
    "sectionName": "Technology",
    "webPublicationDate": "2008-05-04T09:36:37Z",
    "webTitle": "Microsoft's attempt to buy internet company Yahoo has collapsed after the software firm refused to meet Yahoo's asking price",
    "webUrl": "https://www.theguardian.com/technology/2008/may/04/microsoft.yahoo",
    "apiUrl": "https://content.guardianapis.com/technology/2008/may/04/microsoft.yahoo",
    "fields": {
      "headline": "Microsoft abandons Yahoo bid",
      "trailText": "<p>Microsoft's attempt to buy internet company Yahoo has collapsed after the software firm refused to meet Yahoo's asking price. By <strong>Allegra Stratton</strong></p>",
      "byline": "Allegra Stratton and agencies",
      "main": "",
      "body": "<p>Microsoft's attempt to buy internet company Yahoo has collapsed after the software firm refused to meet Yahoo's asking price.</p> <p>Announcing he was pulling out of the purchase, Microsoft's chief<br>executive, Steve Ballmer, said in a letter to his Yahoo counterpart,<br>Jerry Yang, that Microsoft had raised its offer to $47.5bn or $33 per share but was unprepared to meet the $53bn Yahoo wanted. That would have<br>been nearly double Yahoo's share price of $19.18 at the time Microsoft<br>declared its interest three months ago.</p> <p>Microsoft wanted to buy Yahoo to enable it to compete with Google in the lucrative market for internet advertising, worth $40bn in 2007 and predicted to double in value by 2010.</p> <p>Ballmer said: \"Despite our best efforts, including raising our bid by roughly $5bn, Yahoo has not moved toward accepting our offer.\"</p> <p>\"After careful consideration, we believe the economics demanded by<br>Yahoo do not make sense for us and it is in the best interests of<br>Microsoft stockholders, employees and other stakeholders, to withdraw<br>our proposal.\"</p> <p>Many analysts had predicted Microsoft would go direct to shareholders<br>in order to secure Yahoo.</p> <p>Microsoft's approach came a year after the two companies held talks<br>over a possible tie-up to challenge search engine Google, although<br>Yahoo rejected those proposals because it hoped to reap benefits from<br>an overhaul of the business.</p> <p>The software giant hoped the latest move would offer greater choice to<br>advertisers, increased research and development spending and a route<br>to removing overhead costs.</p> <p>Ballmer admitted this weekend that a deal with Yahoo would have<br>accelerated the company's strategy, but said Microsoft still had<br>the tools to move forward.</p> <p>He said: \"We have a talented team in place and a compelling plan to<br>grow our business through innovative new services and strategic<br>transactions with other business partners.\"</p> <p>The company could renew its bid later this year if Yahoo continues to<br>struggle and its share price remains under pressure.</p> <p>Yang said: \"With the distraction of Microsoft's unsolicited proposal now behind us, we will be able to focus all of our energies on executing the most important transition in our history so that we can maximise our potential to the benefit of our shareholders, employees, partners and users.\"</p> <p>He has projected that Yahoo's revenues will rise by 25% in 2009 and<br>2010, helped by an expanded internet advertising network and more<br>sophisticated tools to target consumers.</p>",
      "wordcount": "380",
      "commentable": "false",
      "isPremoderated": "false",
      "lastModified": "2017-02-21T22:03:39Z",
      "newspaperEditionDate": "2008-05-04T00:00:00Z",
      "productionOffice": "UK",
      "publication": "theguardian.com",
      "shortUrl": "https://gu.com/p/xb72b",
      "shouldHideAdverts": "false",
      "showInRelatedContent": "true",
      "legallySensitive": "false",
      "lang": "en",
      "bodyText": "Microsoft's attempt to buy internet company Yahoo has collapsed after the software firm refused to meet Yahoo's asking price. Announcing he was pulling out of the purchase, Microsoft's chief executive, Steve Ballmer, said in a letter to his Yahoo counterpart, Jerry Yang, that Microsoft had raised its offer to $47.5bn or $33 per share but was unprepared to meet the $53bn Yahoo wanted. That would have been nearly double Yahoo's share price of $19.18 at the time Microsoft declared its interest three months ago. Microsoft wanted to buy Yahoo to enable it to compete with Google in the lucrative market for internet advertising, worth $40bn in 2007 and predicted to double in value by 2010. Ballmer said: \"Despite our best efforts, including raising our bid by roughly $5bn, Yahoo has not moved toward accepting our offer.\" \"After careful consideration, we believe the economics demanded by Yahoo do not make sense for us and it is in the best interests of Microsoft stockholders, employees and other stakeholders, to withdraw our proposal.\" Many analysts had predicted Microsoft would go direct to shareholders in order to secure Yahoo. Microsoft's approach came a year after the two companies held talks over a possible tie-up to challenge search engine Google, although Yahoo rejected those proposals because it hoped to reap benefits from an overhaul of the business. The software giant hoped the latest move would offer greater choice to advertisers, increased research and development spending and a route to removing overhead costs. Ballmer admitted this weekend that a deal with Yahoo would have accelerated the company's strategy, but said Microsoft still had the tools to move forward. He said: \"We have a talented team in place and a compelling plan to grow our business through innovative new services and strategic transactions with other business partners.\" The company could renew its bid later this year if Yahoo continues to struggle and its share price remains under pressure. Yang said: \"With the distraction of Microsoft's unsolicited proposal now behind us, we will be able to focus all of our energies on executing the most important transition in our history so that we can maximise our potential to the benefit of our shareholders, employees, partners and users.\" He has projected that Yahoo's revenues will rise by 25% in 2009 and 2010, helped by an expanded internet advertising network and more sophisticated tools to target consumers.",
      "charCount": "2463"
    },
    "isHosted": false,
    "pillarId": "pillar/news",
    "pillarName": "News"
  },
  {
    "id": "politics/2008/may/04/labour.gordonbrown",
    "type": "article",
    "sectionId": "politics",
    "sectionName": "Politics",
    "webPublicationDate": "2008-05-04T08:27:31Z",
    "webTitle": "Prime minister admits Labour party may now be 'underdog' of British politics following its worst local election results for 40 years",
    "webUrl": "https://www.theguardian.com/politics/2008/may/04/labour.gordonbrown",
    "apiUrl": "https://content.guardianapis.com/politics/2008/may/04/labour.gordonbrown",
    "fields": {
      "headline": "'Underdog' Brown begins fightback after Labour election flop",
      "trailText": "<p>Gordon Brown this morning admitted Labour may now be the \"underdog\" of British politics following its worst local election results for 40 years, but said the party was \"fighting hard\"</p>",
      "byline": "Allegra Stratton and agencies",
      "main": "<figure class=\"element element-image\" data-media-id=\"gu-image-333942304\"> <img src=\"http://static.guim.co.uk/sys-images/Guardian/Pix/pictures/2008/05/04/Brown460.jpg\" alt=\"Gordon Brown appears on the Andrew Marr Show\" width=\"460\" height=\"276\" class=\"gu-image\" /> <figcaption> <span class=\"element-image__caption\">Gordon Brown began his fightback on the Andrew Marr Show after Labour's worst electoral performance in 40 years. Photograph: Getty Images</span> </figcaption> </figure>",
      "body": "<p>Gordon Brown this morning admitted Labour may now be the \"underdog\" of British politics following its worst local election results for 40 years, but said the party was \"fighting hard\".</p> <p>In the first of a pair of a television interviews, the prime minister told Andrew Marr on the BBC's Sunday AM show that he had a \"clear and unequivocal sense of direction\".</p> <p>It was vital for his government to show voters it understood their anxieties about rising prices and standard of living, he said, adding: \"I feel the hurt they feel.\"</p> <p>Later on Sky News he refused to end speculation that a measure to ease the cost of living - such as a further postponement of the fuel duty increase -<br>would be announced.</p> <p>Visibly uncomfortable at times in both interviews, Brown fielded a series of questions about his personal leadership style and health and admitted to Marr it had \"not been the best weekend\".</p> <p>The prime minister conceded mistakes had been made over the abolition of the 10p tax rate and allowing speculation about a snap election to run too long last year. He said he did not expect a challenge to his leadership of the party, however.</p> <p>\"Of course we can recover from this position,\" he said, \"and I will tell you how.\"</p> <p>\"First of all by sorting out the immediate problem with the economy and showing people we can come through, as we have in the past, very difficult economic times.</p> <p>\"Secondly by showing people we have a vision of the future that will carry the country - optimistically in my view - into its next phase.</p> <p>\"That is all about chances, opportunities, a fair deal for working families, helping people get on to the first rung of the housing ladder, helping people get opportunity in education - more universities and more colleges - the big building blocks for the future that we are putting in place.\"</p> <p>Speaking on Sky News, Brown fuelled speculation that the government would this week unveil a series of measures designed to ease household spending and help Labour recover from Thursday's election results.</p> <p>He did not rule out the possibility of eventually dropping the 2p fuel duty increase already deferred six months in chancellor Alistair Darling's budget, and due to take effect in the autumn.</p> <p>Asked whether the rise would go ahead, Brown said: \"This is a decision for the chancellor. It's a decision in time.\"<br> \"He said he would review it and he will review it.\"</p> <p>However he indicated that his immediate priority in relation to fuel was to encourage international pressure on the oil-producing countries in Opec to reduce their prices. He said: \"I think there is a strong case for putting on pressure.</p> <p>\"Clearly also there needs to be some international effort with Opec to get the oil price down.\"</p> <p>Marr asked Brown if this week's elections - which saw Labour trailing 20 points behind David Cameron's Conservatives and forced into third place behind the Liberal Democrats - meant his party was now the \"underdog\" in British politics.</p> <p>Brown said: \"If we are the underdog, we are certainly fighting and we are fighting hard.</p> <p>\"We are standing up for people facing difficulties, standing up for what I believe - and what I believe is that opportunity for every citizen in this country should be greater than it is at the moment - standing up against a Conservative party that looks like slick salesmen but actually doesn't have the answers to the real challenges this country is facing.</p> <p>\"That is the choice the country will face over the next few years,\" he said.</p> <p>Brown said the lesson he had learnt from the bruising blows dealt him this week at the ballot box was that \"you have got to be resilient in the face of adversity but you have also got to understand, and understand very clearly, how people are seeing things\".</p> <p>He added: \"I think I am someone who believes passionately in opportunity and fairness. I believe that, over the last 10 years, I have shown that I can take people through difficult circumstances, including economic problems.</p> <p>\"I believe that the real Gordon Brown is someone who is standing up at all times for hard-working families in this country.</p> <p>\"That's what makes me tick. That's what I am about. That's what the dividing line in politics is.\"</p> <p>Responding to criticism about his personality, Brown said: \"I think its true that I am a more private person in a public arena.</p> <p>\"Perhaps I have spent too much time ... looking at the detail to solving people's problems.</p> <p>\"But to solve people's problems you have got to understand their problems.\"</p> <p>He conceded he was more private than his predecessor, Tony Blair, but said he realised he had to be an \"open book\" so people could know who he was and what he stood for.</p> <p>Before Brown's interviews, the shadow defence secretary, Liam Fox, personalised the Conservative attack on the prime minister.</p> <p>Fox said of Brown: \"He's a man who spent his entire life trying to get to be prime minister but doesn't seem to know what he wants to do with it now he's there.\"</p> <p>Speaking on Sky News, the Scottish first minister, Alex Salmond, predicted Brown would struggle to turn the Labour party's fortunes around, saying that, after 11 years as chancellor, Brown was not a fresh enough face.</p> <p>Salmond pointed out that the prime minister not only now works in a city run by a Conservative and has a constituency in a country run by the SNP, but that Brown's local council was also run by Salmond's Scottish Nationalists.</p>",
      "wordcount": "937",
      "commentable": "false",
      "isPremoderated": "false",
      "lastModified": "2017-06-20T19:48:11Z",
      "newspaperEditionDate": "2008-05-04T00:00:00Z",
      "productionOffice": "UK",
      "publication": "theguardian.com",
      "shortUrl": "https://gu.com/p/xb7xa",
      "shouldHideAdverts": "false",
      "showInRelatedContent": "true",
      "legallySensitive": "false",
      "lang": "en",
      "bodyText": "Gordon Brown this morning admitted Labour may now be the \"underdog\" of British politics following its worst local election results for 40 years, but said the party was \"fighting hard\". In the first of a pair of a television interviews, the prime minister told Andrew Marr on the BBC's Sunday AM show that he had a \"clear and unequivocal sense of direction\". It was vital for his government to show voters it understood their anxieties about rising prices and standard of living, he said, adding: \"I feel the hurt they feel.\" Later on Sky News he refused to end speculation that a measure to ease the cost of living - such as a further postponement of the fuel duty increase - would be announced. Visibly uncomfortable at times in both interviews, Brown fielded a series of questions about his personal leadership style and health and admitted to Marr it had \"not been the best weekend\". The prime minister conceded mistakes had been made over the abolition of the 10p tax rate and allowing speculation about a snap election to run too long last year. He said he did not expect a challenge to his leadership of the party, however. \"Of course we can recover from this position,\" he said, \"and I will tell you how.\" \"First of all by sorting out the immediate problem with the economy and showing people we can come through, as we have in the past, very difficult economic times. \"Secondly by showing people we have a vision of the future that will carry the country - optimistically in my view - into its next phase. \"That is all about chances, opportunities, a fair deal for working families, helping people get on to the first rung of the housing ladder, helping people get opportunity in education - more universities and more colleges - the big building blocks for the future that we are putting in place.\" Speaking on Sky News, Brown fuelled speculation that the government would this week unveil a series of measures designed to ease household spending and help Labour recover from Thursday's election results. He did not rule out the possibility of eventually dropping the 2p fuel duty increase already deferred six months in chancellor Alistair Darling's budget, and due to take effect in the autumn. Asked whether the rise would go ahead, Brown said: \"This is a decision for the chancellor. It's a decision in time.\" \"He said he would review it and he will review it.\" However he indicated that his immediate priority in relation to fuel was to encourage international pressure on the oil-producing countries in Opec to reduce their prices. He said: \"I think there is a strong case for putting on pressure. \"Clearly also there needs to be some international effort with Opec to get the oil price down.\" Marr asked Brown if this week's elections - which saw Labour trailing 20 points behind David Cameron's Conservatives and forced into third place behind the Liberal Democrats - meant his party was now the \"underdog\" in British politics. Brown said: \"If we are the underdog, we are certainly fighting and we are fighting hard. \"We are standing up for people facing difficulties, standing up for what I believe - and what I believe is that opportunity for every citizen in this country should be greater than it is at the moment - standing up against a Conservative party that looks like slick salesmen but actually doesn't have the answers to the real challenges this country is facing. \"That is the choice the country will face over the next few years,\" he said. Brown said the lesson he had learnt from the bruising blows dealt him this week at the ballot box was that \"you have got to be resilient in the face of adversity but you have also got to understand, and understand very clearly, how people are seeing things\". He added: \"I think I am someone who believes passionately in opportunity and fairness. I believe that, over the last 10 years, I have shown that I can take people through difficult circumstances, including economic problems. \"I believe that the real Gordon Brown is someone who is standing up at all times for hard-working families in this country. \"That's what makes me tick. That's what I am about. That's what the dividing line in politics is.\" Responding to criticism about his personality, Brown said: \"I think its true that I am a more private person in a public arena. \"Perhaps I have spent too much time ... looking at the detail to solving people's problems. \"But to solve people's problems you have got to understand their problems.\" He conceded he was more private than his predecessor, Tony Blair, but said he realised he had to be an \"open book\" so people could know who he was and what he stood for. Before Brown's interviews, the shadow defence secretary, Liam Fox, personalised the Conservative attack on the prime minister. Fox said of Brown: \"He's a man who spent his entire life trying to get to be prime minister but doesn't seem to know what he wants to do with it now he's there.\" Speaking on Sky News, the Scottish first minister, Alex Salmond, predicted Brown would struggle to turn the Labour party's fortunes around, saying that, after 11 years as chancellor, Brown was not a fresh enough face. Salmond pointed out that the prime minister not only now works in a city run by a Conservative and has a constituency in a country run by the SNP, but that Brown's local council was also run by Salmond's Scottish Nationalists.",
      "charCount": "5377"
    },
    "isHosted": false,
    "pillarId": "pillar/news",
    "pillarName": "News"
  }
]