[
  {
    "id": "business/2008/jan/26/theairlineindustry",
    "type": "article",
    "sectionId": "business",
    "sectionName": "Business",
    "webPublicationDate": "2008-01-26T23:44:55Z",
    "webTitle": "Push for high Stansted price cap",
    "webUrl": "https://www.theguardian.com/business/2008/jan/26/theairlineindustry",
    "apiUrl": "https://content.guardianapis.com/business/2008/jan/26/theairlineindustry",
    "fields": {
      "headline": "Push for high Stansted price cap",
      "trailText": "<p>The Civil Aviation Authority yesterday opened its consultation over charges for airlines using Stansted airport in a move which could re-ignite a row over whether the regulator should set a price cap at all</p>",
      "byline": "Mark Milner",
      "main": "",
      "body": "<p>The Civil Aviation Authority yesterday opened its consultation over charges for airlines using Stansted airport in a move which could re-ignite a row over whether the regulator should set a price cap at all.</p> <p>The transport secretary, Ruth Kelly, this month rejected the regulator's advice that Stansted should be \"de-designated\", which would have left it up to the airport's owner, BAA, not the CAA, to set the amount it charges airlines. The Department for Transport said price caps were the best way of protecting passengers.</p> <p>The CAA has responded with yesterday's consultation which looks at a range of options including a market-led price cap and a precautionary price cap. The latter would potentially be set towards the top end of an \u00a38.50 to \u00a312.50 a passenger range - well ahead of the current cap of \u00a36.40 and an actual price of \u00a35.50.</p> <p>In its consultation document the CAA noted: \"It is important to recognise that, historically, the CAA's price cap regulation of Stansted has not had any significant impact on the operation of, or charges set, by the airport.\"</p> <p>A spokesman for easyJet, which has put forward proposals for a price cap regime, said the idea of a cap so far above the actual rate suggested the CAA could be pushing de-designation \"by the back door\".</p> <p>CAA director Harry Bush said the regulator was not trying to \"revisit the issue of de-designation. We are not trying to fight that decision ... The consultation we have begun represents a first step in the process of developing an appropriate framework and price cap controls for Stansted.\"</p> <p>A BAA spokesperson commented: \"We will continue to argue strongly for a regulatory framework which delivers investments in new runway capacity at Stansted and then Heathrow and we look forward to engaging in this consultation.\"</p>",
      "newspaperPageNumber": "39",
      "wordcount": "302",
      "commentable": "false",
      "isPremoderated": "false",
      "lastModified": "2017-11-26T21:35:56Z",
      "newspaperEditionDate": "2008-01-26T00:00:00Z",
      "productionOffice": "UK",
      "publication": "The Guardian",
      "shortUrl": "https://gu.com/p/x2m2j",
      "shouldHideAdverts": "false",
      "showInRelatedContent": "true",
      "legallySensitive": "false",
      "lang": "en",
      "bodyText": "The Civil Aviation Authority yesterday opened its consultation over charges for airlines using Stansted airport in a move which could re-ignite a row over whether the regulator should set a price cap at all. The transport secretary, Ruth Kelly, this month rejected the regulator's advice that Stansted should be \"de-designated\", which would have left it up to the airport's owner, BAA, not the CAA, to set the amount it charges airlines. The Department for Transport said price caps were the best way of protecting passengers. The CAA has responded with yesterday's consultation which looks at a range of options including a market-led price cap and a precautionary price cap. The latter would potentially be set towards the top end of an \u00a38.50 to \u00a312.50 a passenger range - well ahead of the current cap of \u00a36.40 and an actual price of \u00a35.50. In its consultation document the CAA noted: \"It is important to recognise that, historically, the CAA's price cap regulation of Stansted has not had any significant impact on the operation of, or charges set, by the airport.\" A spokesman for easyJet, which has put forward proposals for a price cap regime, said the idea of a cap so far above the actual rate suggested the CAA could be pushing de-designation \"by the back door\". CAA director Harry Bush said the regulator was not trying to \"revisit the issue of de-designation. We are not trying to fight that decision ... The consultation we have begun represents a first step in the process of developing an appropriate framework and price cap controls for Stansted.\" A BAA spokesperson commented: \"We will continue to argue strongly for a regulatory framework which delivers investments in new runway capacity at Stansted and then Heathrow and we look forward to engaging in this consultation.\"",
      "charCount": "1791"
    },
    "isHosted": false,
    "pillarId": "pillar/news",
    "pillarName": "News"
  },
  {
    "id": "world/2008/jan/26/international.mainsection",
    "type": "article",
    "sectionId": "world",
    "sectionName": "World news",
    "webPublicationDate": "2008-01-26T23:40:42Z",
    "webTitle": "International news in brief",
    "webUrl": "https://www.theguardian.com/world/2008/jan/26/international.mainsection",
    "apiUrl": "https://content.guardianapis.com/world/2008/jan/26/international.mainsection",
    "fields": {
      "headline": "News in brief",
      "trailText": "Flight instructor gets $5m for Moussaoui tipoff | Five arrested in illegal kidney transplant case | Former oil firm chairman facing corruption charges | Former chancellor and wife face smoking case",
      "main": "",
      "body": "<b>Flight instructor gets $5m for Moussaoui tipoff</b> <p>An instructor at the flying school that al-Qaida conspirator Zacarias Moussaoui attended before 9/11 is $5m (\u00a32.5m) richer for his efforts to alert authorities. Clarence Prevost, 69, received the payout on Thursday as part of the US Rewards for Justice programme. At Moussaoui's trial Prevost testified that he urged his bosses at the Pan Am academy to call the FBI in August 2001 because he was suspicious of Moussaoui. Moussaoui was arrested in August 2001 on an immigration violation and was in jail at the time of the attacks. He later confessed to being the \"20th hijacker\" and was jailed for life.<br><b>Associated Press in Minneapolis</b></p> <p> <b>Five arrested in illegal kidney transplant case</b></p> <p>Police arrested a doctor and four other people in Delhi yesterday for allegedly removing kidneys without permission and selling them. Reports said that at least 500 kidneys had been transplanted. Police commissioner Mahender Lal said officers found three victims whose kidneys had been removed. It is alleged that labourers were lured to the clinic with job offers then asked to donate their kidneys for a fee, and that those who refused were drugged and operated on. Four Greeks and a British couple of Indian descent were reportedly detained on suspicion of trying to buy kidneys.<br><b>Randeep Ramesh in Delhi</b></p> <p> <b>Former oil firm chairman facing corruption chargess</b></p> <p>The former chairman of China's second largest oil firm, Sinopec, has been expelled from the Communist party and referred to prosecutors on charges of corruption and bribe-taking. Chen Tonghai \"abused his position to obtain improper benefits for his mistress and others and led a corrupt life\", the state broadcaster CCTV said yesterday. It added he also took bribes. Chen resigned last June from Sinopec and immediately disappeared from public view. Hong Kong media reported last year that this may have been a factor in the sudden resignation of the finance minister Jin Renqing.<br><b>Associated Press in Beijing </b></p> <p> <b>Former chancellor and wife face smoking case</b></p> <p>The former German chancellor Helmut Schmidt and his wife, Loki, may face legal proceedings after they flouted a smoking ban. Schmidt, 89, the West German chancellor from 1974-82, has been criticised for setting a bad example. The No Smoking Initiative reported the couple to the Hamburg authorities after pictures of them puffing at a Hamburg theatre were splashed across the German media. Prosecutors are said to be looking into the case. A smoking ban was introduced in public places across most of Germany on January 1, but so far it has not been enforced by police.<br><b>Kate Connolly in Berlin</b></p>",
      "newspaperPageNumber": "30",
      "wordcount": "432",
      "commentable": "false",
      "isPremoderated": "false",
      "lastModified": "2017-11-27T00:43:13Z",
      "newspaperEditionDate": "2008-01-26T00:00:00Z",
      "productionOffice": "UK",
      "publication": "The Guardian",
      "shortUrl": "https://gu.com/p/x2nce",
      "shouldHideAdverts": "false",
      "showInRelatedContent": "true",
      "legallySensitive": "false",
      "lang": "en",
      "bodyText": "Flight instructor gets $5m for Moussaoui tipoff An instructor at the flying school that al-Qaida conspirator Zacarias Moussaoui attended before 9/11 is $5m (\u00a32.5m) richer for his efforts to alert authorities. Clarence Prevost, 69, received the payout on Thursday as part of the US Rewards for Justice programme. At Moussaoui's trial Prevost testified that he urged his bosses at the Pan Am academy to call the FBI in August 2001 because he was suspicious of Moussaoui. Moussaoui was arrested in August 2001 on an immigration violation and was in jail at the time of the attacks. He later confessed to being the \"20th hijacker\" and was jailed for life. Associated Press in Minneapolis Five arrested in illegal kidney transplant case Police arrested a doctor and four other people in Delhi yesterday for allegedly removing kidneys without permission and selling them. Reports said that at least 500 kidneys had been transplanted. Police commissioner Mahender Lal said officers found three victims whose kidneys had been removed. It is alleged that labourers were lured to the clinic with job offers then asked to donate their kidneys for a fee, and that those who refused were drugged and operated on. Four Greeks and a British couple of Indian descent were reportedly detained on suspicion of trying to buy kidneys. Randeep Ramesh in Delhi Former oil firm chairman facing corruption chargess The former chairman of China's second largest oil firm, Sinopec, has been expelled from the Communist party and referred to prosecutors on charges of corruption and bribe-taking. Chen Tonghai \"abused his position to obtain improper benefits for his mistress and others and led a corrupt life\", the state broadcaster CCTV said yesterday. It added he also took bribes. Chen resigned last June from Sinopec and immediately disappeared from public view. Hong Kong media reported last year that this may have been a factor in the sudden resignation of the finance minister Jin Renqing. Associated Press in Beijing Former chancellor and wife face smoking case The former German chancellor Helmut Schmidt and his wife, Loki, may face legal proceedings after they flouted a smoking ban. Schmidt, 89, the West German chancellor from 1974-82, has been criticised for setting a bad example. The No Smoking Initiative reported the couple to the Hamburg authorities after pictures of them puffing at a Hamburg theatre were splashed across the German media. Prosecutors are said to be looking into the case. A smoking ban was introduced in public places across most of Germany on January 1, but so far it has not been enforced by police. Kate Connolly in Berlin",
      "charCount": "2638"
    },
    "isHosted": false,
    "pillarId": "pillar/news",
    "pillarName": "News"
  },
  {
    "id": "environment/2008/jan/26/biofuels.carbonemissions",
    "type": "article",
    "sectionId": "environment",
    "sectionName": "Environment",
    "webPublicationDate": "2008-01-26T09:07:33Z",
    "webTitle": "Are 'green' fuels really good for the earth?",
    "webUrl": "https://www.theguardian.com/environment/2008/jan/26/biofuels.carbonemissions",
    "apiUrl": "https://content.guardianapis.com/environment/2008/jan/26/biofuels.carbonemissions",
    "fields": {
      "headline": "To bio or not to bio - are 'green' fuels really good for the earth?",
      "standfirst": "The EU says we need them, some experts say they damage the planet. Who is right?",
      "trailText": "<p>The EU says we need them, some experts say they damage the planet. Who is right?</p>",
      "byline": "David Adam, environment correspondent",
      "main": "",
      "body": "<p>From the top of the Greenergy refinery in Immingham you can see across the Humber estuary to Hull. A hum of equipment fills the air, along with a curious smell. Popcorn.</p> <p>Greenergy processes vegetable oil. It takes the gloopy juice squeezed from inside rape seeds harvested on surrounding Lincolnshire fields, strips out the waste and chemically tweaks the leftovers to make it easier to burn. Greenergy pipes almost 100,000 tonnes a year of its veggie option to ConocoPhillips and Texaco, just across the road, which mix it with their diesel fuel.</p> <p>Until recently, the operation was viewed as a good thing. Because the oilseed rape plants absorb carbon dioxide, the company says the carbon emissions of the mixed fuel are lower, which helps the fight against global warming. And because oil companies that supply the blend pay less tax, everybody wins. Greenergy is expanding and similar facilities are going up elsewhere. </p> <p>But now a chill wind is blowing through this emerging industry. Fuels from vegetable oil, sugar, corn and a number of other crops and plants, collectively known as biofuels, are taking flak. There are doubts about their carbon savings, and concern over their impact on food supplies, prices and the land needed to grow them. This week, a parliamentary committee called for a moratorium on efforts to increase their use. Yet on Wednesday, the EU confirmed it will force oil companies to mix biofuel into petrol and diesel, while separate UK action on climate change will make all suppliers use biofuels by April. </p> <p>It is a confusing situation, which provoked New Scientist to call on the UN's Intergovernmental Panel on Climate Change to \"determine whether biofuels are good or bad\". The issue splits even the green campaigners: Friends of the Earth said this week's European move was a disaster; WWF welcomed it.</p> <p><strong>Challenge</strong></p> <p>Jeremy Tomkinson, head of the National Non-Food Crops Centre in York, which promotes biofuels, says the New Scientist question misses the point. \"We need people to understand not all biofuels are the same,\" he says. \"You can't say whether all biofuels are good or bad. The challenge is to use more of the good ones and less of the others.\"</p> <p>The Greenergy refinery illustrates the point. At the moment, the plant is running on British rape seed oil, but later in the year it will include oils from US soya beans. In the summer, it could blend palm oil from the tropics into the mix. Sometimes it uses waste cooking oil. </p> <p>Like others in the oil industry, biofuel companies source their feedstocks from suppliers across the world, depending on price and availability. Greenergy has a similar biofuel facility in Rotterdam, using rape from France and Germany.</p> <p>The company is also involved in ethanol, which it mixes into petrol. Most ethanol from plants comes from fermented sugar cane in Brazil, but batches can also come from sugar beet, wheat and corn, grown in different ways across different countries. Andrew Owens, managing director of Greenergy, says it takes the environmental impact into account. The company has blacklisted some suppliers, and will not buy bioethanol from the US, because of the amounts of nitrogen fertiliser required to grow the crops. </p> <p>Its website says the carbon savings of bioethanol produced in the northern hemisphere, such as from another British biofuel facility owned by British Sugar in Norfolk, are \"questionable\". Greenergy has lined up a sugar cane-based bioethanol supplier in Africa, to combat rising demand for the Brazilian version, which is generally agreed to be the greenest biofuel around.</p> <p>On biodiesel, it points out that tropical fuels such as palm oil produce less carbon-intensive fuels, because they require less greenhouse gas-fuelled effort to grow, and claims associated problems such as deforestation to start plantations are \"managerial rather than intrinsic\". </p> <p>Owens says it tries to buy from companies which have joined the Round Table on Sustainable Palm Oil, an industry body that is working to green the supply chain, and inspect non-members. \"I can trace our supplies through to specific farmers and plantations. I believe we're driving up standards across the board.\" </p> <p>Owens argues that the food industry, which still takes the vast majority of palm oil, has caused more damage in countries such as Indonesia but escaped the level of criticism aimed at green fuels.</p> <p><strong>Demand</strong></p> <p>Tomkinson says the new mood against biofuels could even make the situation worse. European investors have lost their nerve, he says, and are planning to build fewer refineries. To meet increased demand for biodiesel, oil companies would have to look elsewhere. Under the UK and European regulations, Britain alone will need about 2m tonnes of biofuel by 2010. Current production is about 300,000 tonnes. (Though UK use of palm oil as biofuel is limited by our colder climate, which makes it waxy and unsuitable for engines).</p> <p>It is this expansion of biofuel use that most worries opponents and critics. Even if companies such as Greenergy manage to make their products sustainable and climate-friendly - and campaigners point out that some palm oil companies registered with the Round Table have still been linked with illegal logging - how could such checks be maintained on a huge scale?</p> <p>Besides deforestation, campaigners say wider biofuel cultivation could cause water shortages and increase pollution, and that converting land could release more carbon emissions than the fuels save. Scientists have questioned whether there is enough suitable land to grow sufficient crops. </p> <p>There are also uncertainties over the life cycle analyses used to work out the overall carbon saving of different biofuels. Paul Crutzen, the Nobel prize-winning physicist, recently suggested that more nitrogen compounds, potent greenhouse gases, could escape into the atmosphere from fertiliser than officially counted. Some say, per tonne of carbon saved, biofuels are simply not cost-effective. </p> <p>The parliamentary environmental audit committee concluded on Monday that the possible risks outweighed the benefits and that UK and European targets on biofuel use should be scrapped until their environmental advantages can be guaranteed. Tim Yeo, chair of the committee, said: \"The government must ensure its biofuels policy balances greenhouse gas emission cuts with wider environmental benefits.\" </p> <p>Andris Piebalgs, the EU energy commissioner, strongly disagreed and said the only realistic alternative was oil, which he described as \"a shrinking source of energy with serious environmental concerns in regions where it is produced, that generates large amounts of carbon dioxide not only when it is burned, but also when it is extracted, transported and refined\". </p> <p>The UK government, this week handed down a stiff EU target to produce 15% of all its energy from renewable sources by 2020, was also in no mood to abandon its biofuel targets, which it reckons can save a million tons of carbon pollution by 2010.</p> <p>Both the UK and EU say they will apply strict sustainability criteria to the new fuels, and demand audited carbon savings. Britain has created the Renewable Fuels Agency and plans to publish the results for each supplier. By 2010, it says the process will be able to link tax benefits received by the oil giants to how green their biofuels are.</p> <p>The Royal Society, in a study that was more supportive of biofuels than was reported, recently gave cautious backing to the sustainability criteria, though it pointed out they were riddled with uncertainties. Friends of the Earth said the government had given people no easy way to distinguish good biofuels from bad, and that indirect effects, such as people being displaced from land seized to grow crops, were not assessed.</p> <p>Andrew Owens of Greenergy says: \"We are trying to introduce unprecedented standards. We're the good guys here.\"</p>",
      "newspaperPageNumber": "16",
      "wordcount": "1267",
      "commentable": "false",
      "isPremoderated": "false",
      "lastModified": "2018-02-14T20:20:23Z",
      "newspaperEditionDate": "2008-01-26T00:00:00Z",
      "productionOffice": "UK",
      "publication": "The Guardian",
      "shortUrl": "https://gu.com/p/x2m26",
      "shouldHideAdverts": "false",
      "showInRelatedContent": "true",
      "legallySensitive": "false",
      "lang": "en",
      "bodyText": "From the top of the Greenergy refinery in Immingham you can see across the Humber estuary to Hull. A hum of equipment fills the air, along with a curious smell. Popcorn. Greenergy processes vegetable oil. It takes the gloopy juice squeezed from inside rape seeds harvested on surrounding Lincolnshire fields, strips out the waste and chemically tweaks the leftovers to make it easier to burn. Greenergy pipes almost 100,000 tonnes a year of its veggie option to ConocoPhillips and Texaco, just across the road, which mix it with their diesel fuel. Until recently, the operation was viewed as a good thing. Because the oilseed rape plants absorb carbon dioxide, the company says the carbon emissions of the mixed fuel are lower, which helps the fight against global warming. And because oil companies that supply the blend pay less tax, everybody wins. Greenergy is expanding and similar facilities are going up elsewhere. But now a chill wind is blowing through this emerging industry. Fuels from vegetable oil, sugar, corn and a number of other crops and plants, collectively known as biofuels, are taking flak. There are doubts about their carbon savings, and concern over their impact on food supplies, prices and the land needed to grow them. This week, a parliamentary committee called for a moratorium on efforts to increase their use. Yet on Wednesday, the EU confirmed it will force oil companies to mix biofuel into petrol and diesel, while separate UK action on climate change will make all suppliers use biofuels by April. It is a confusing situation, which provoked New Scientist to call on the UN's Intergovernmental Panel on Climate Change to \"determine whether biofuels are good or bad\". The issue splits even the green campaigners: Friends of the Earth said this week's European move was a disaster; WWF welcomed it. Challenge Jeremy Tomkinson, head of the National Non-Food Crops Centre in York, which promotes biofuels, says the New Scientist question misses the point. \"We need people to understand not all biofuels are the same,\" he says. \"You can't say whether all biofuels are good or bad. The challenge is to use more of the good ones and less of the others.\" The Greenergy refinery illustrates the point. At the moment, the plant is running on British rape seed oil, but later in the year it will include oils from US soya beans. In the summer, it could blend palm oil from the tropics into the mix. Sometimes it uses waste cooking oil. Like others in the oil industry, biofuel companies source their feedstocks from suppliers across the world, depending on price and availability. Greenergy has a similar biofuel facility in Rotterdam, using rape from France and Germany. The company is also involved in ethanol, which it mixes into petrol. Most ethanol from plants comes from fermented sugar cane in Brazil, but batches can also come from sugar beet, wheat and corn, grown in different ways across different countries. Andrew Owens, managing director of Greenergy, says it takes the environmental impact into account. The company has blacklisted some suppliers, and will not buy bioethanol from the US, because of the amounts of nitrogen fertiliser required to grow the crops. Its website says the carbon savings of bioethanol produced in the northern hemisphere, such as from another British biofuel facility owned by British Sugar in Norfolk, are \"questionable\". Greenergy has lined up a sugar cane-based bioethanol supplier in Africa, to combat rising demand for the Brazilian version, which is generally agreed to be the greenest biofuel around. On biodiesel, it points out that tropical fuels such as palm oil produce less carbon-intensive fuels, because they require less greenhouse gas-fuelled effort to grow, and claims associated problems such as deforestation to start plantations are \"managerial rather than intrinsic\". Owens says it tries to buy from companies which have joined the Round Table on Sustainable Palm Oil, an industry body that is working to green the supply chain, and inspect non-members. \"I can trace our supplies through to specific farmers and plantations. I believe we're driving up standards across the board.\" Owens argues that the food industry, which still takes the vast majority of palm oil, has caused more damage in countries such as Indonesia but escaped the level of criticism aimed at green fuels. Demand Tomkinson says the new mood against biofuels could even make the situation worse. European investors have lost their nerve, he says, and are planning to build fewer refineries. To meet increased demand for biodiesel, oil companies would have to look elsewhere. Under the UK and European regulations, Britain alone will need about 2m tonnes of biofuel by 2010. Current production is about 300,000 tonnes. (Though UK use of palm oil as biofuel is limited by our colder climate, which makes it waxy and unsuitable for engines). It is this expansion of biofuel use that most worries opponents and critics. Even if companies such as Greenergy manage to make their products sustainable and climate-friendly - and campaigners point out that some palm oil companies registered with the Round Table have still been linked with illegal logging - how could such checks be maintained on a huge scale? Besides deforestation, campaigners say wider biofuel cultivation could cause water shortages and increase pollution, and that converting land could release more carbon emissions than the fuels save. Scientists have questioned whether there is enough suitable land to grow sufficient crops. There are also uncertainties over the life cycle analyses used to work out the overall carbon saving of different biofuels. Paul Crutzen, the Nobel prize-winning physicist, recently suggested that more nitrogen compounds, potent greenhouse gases, could escape into the atmosphere from fertiliser than officially counted. Some say, per tonne of carbon saved, biofuels are simply not cost-effective. The parliamentary environmental audit committee concluded on Monday that the possible risks outweighed the benefits and that UK and European targets on biofuel use should be scrapped until their environmental advantages can be guaranteed. Tim Yeo, chair of the committee, said: \"The government must ensure its biofuels policy balances greenhouse gas emission cuts with wider environmental benefits.\" Andris Piebalgs, the EU energy commissioner, strongly disagreed and said the only realistic alternative was oil, which he described as \"a shrinking source of energy with serious environmental concerns in regions where it is produced, that generates large amounts of carbon dioxide not only when it is burned, but also when it is extracted, transported and refined\". The UK government, this week handed down a stiff EU target to produce 15% of all its energy from renewable sources by 2020, was also in no mood to abandon its biofuel targets, which it reckons can save a million tons of carbon pollution by 2010. Both the UK and EU say they will apply strict sustainability criteria to the new fuels, and demand audited carbon savings. Britain has created the Renewable Fuels Agency and plans to publish the results for each supplier. By 2010, it says the process will be able to link tax benefits received by the oil giants to how green their biofuels are. The Royal Society, in a study that was more supportive of biofuels than was reported, recently gave cautious backing to the sustainability criteria, though it pointed out they were riddled with uncertainties. Friends of the Earth said the government had given people no easy way to distinguish good biofuels from bad, and that indirect effects, such as people being displaced from land seized to grow crops, were not assessed. Andrew Owens of Greenergy says: \"We are trying to introduce unprecedented standards. We're the good guys here.\"",
      "charCount": "7846"
    },
    "isHosted": false,
    "pillarId": "pillar/news",
    "pillarName": "News"
  }
]