[
  {
    "id": "sport/blog/2008/sep/28/boxing",
    "type": "article",
    "sectionId": "sport",
    "sectionName": "Sport",
    "webPublicationDate": "2008-09-27T23:05:00Z",
    "webTitle": "Sam Peter could have to pay heavy price for fighting Vitali Klitschko",
    "webUrl": "https://www.theguardian.com/sport/blog/2008/sep/28/boxing",
    "apiUrl": "https://content.guardianapis.com/sport/blog/2008/sep/28/boxing",
    "fields": {
      "headline": "Peter could have to pay heavy price for fighting Vitali",
      "standfirst": "Nigerian world heavyweight champion Sam Peter should not be defending his title against Vitali Klitschko",
      "trailText": "<p>Nigerian world heavyweight champion Sam Peter should not be defending his title against Vitali Klitschko</p>",
      "byline": "Kevin Mitchell",
      "main": "",
      "body": "<p>Sam Peter stands 6ft tall (or a little under, according to some hawk-eyed cynics) and is rightly proud of being world heavyweight champion. Having endured all manner of interruptions, delays and frustrations in his career, Peter is making serious money to go with the belt he wears on behalf of the World Boxing Council. </p> <p>You have to admire his perseverance. In 2006 and 2007, Peter had to beat James Toney twice in title eliminators (in itself, preposterous), but victory over Jameel McCline in his next bout did not land him the title. He was, according to the WBC, only their interim champion. Who could they have been waiting for?</p> <p>Peter, 28, finally got his hands on the WBC belt when he knocked out the fading Russian Oleg Maskaev in a Mexican bullring in March. Now, however, the Nigerian champion has been handed a most curious fight for his first defence, at the O2 World arena in Berlin on 11 October.</p> <p>It is not that the challenger, Vitali Klitschko, will besmirch the sport's fine name with a lousy performance. In fact, it should be some show while it lasts, as both can hit and be hit - dangerous and vulnerable at the same time.</p> <p>It is just that, logically and fairly - words not overused in boxing - the Nigerian should not be defending his championship against Klitschko.</p> <p>Even though he is 37, has a history of fight-delaying injuries and has not been in a ring for nearly four years, Klitschko is not called Dr Ironfist for reasons of hype alone. Certainly he is physically vulnerable, whatever his imposing ring presence, but he is probably the most concussive hitter in the division. One punch, and Peter's world could come crashing down around him. Vitali did it to Julius Francis in 1998. He did it to Herbie Hide in 1999. He took eight rounds to do it to Danny Williams in 2004, his last fight. Twenty-two of his 37 contests have not gone past the second round. </p> <p>You would not imagine that Peter, no matter his pride in his abilities, would have chosen Klitschko as the first man to test his own dodgy whiskers. This would seem to be matchmaking of which Amir Khan's recently dismissed trainer, Jorge Rubio, would be proud. </p> <p>The man ultimately responsible for the paring is Jos\u00e9 Sulaim\u00e1n, who has been president of the WBC for 33 years and has promised to go on for as long as his health allows, a prospect that pleases some people in boxing more than others. </p> <p>Klitschko has reason to be grateful to Don Jos\u00e9. He revealed last week that the president told him a year ago he would get this chance, as champion emeritus, the organisation's grandiose title bestowed on the Ukrainian in recognition of his achievements when champion - which was in 2004. </p> <p>Jack Dempsey was so venerated and valued when he was the world heavyweight champion that he was allowed to go two years without a defence between beating George Carpentier and Tommy Gibbons in the early 1920s. Jack preferred Hollywood to the gym and was never the same again.</p> <p>Klitschko is big in Kiev - at 6ft 8in, he is big all over - but he is no Dempsey. How can an old man shake off all that ring rust, even a Dr Ironfist? He cannot, but he maintains it will not be an issue. He will take his title back, brutally, he says. </p> <p>Commonsense says the younger, fresher, hungrier Peter should win. If he does, it looks like it will be against the odds. </p> <p>Peter's handlers call him the Nigerian Nightmare - and nightmares are what they were having the evening last October when their meal ticket went down three times early in the fight before getting the decision over so-so McCline at Madison Square Garden. Peter showed a lot of grit, but the invincibility he had cultivated since his debut in 2001 was gone. This was a contender only for as long as he looked after his chin.</p> <p>It is no secret that the big-money fight the promoters wanted for Vitali's comeback, after his retirement in 2005, was against Maskaev in Moscow. It is why they kept the title on hold. But, while their representatives and TV negotiators haggled, Peter stepped in to spoil all that last March. He looked impressive stopping Maskaev in six rounds, although he was rocked a couple of times on the way to his 30th and most significant win. </p> <p>In any fair scenario - which the boxing business does not do - Klitschko should be ranked down the WBC list behind such boxers as Vladimir Virchis, of Ukraine, their next in line, the Cuban Juan Carlos G\u00f3mez, Alexander Dimitrenko (another Ukrainian), the new American hope Chris Arreola and Britain's David Haye, who has given up his cruiserweight titles to go with the big boys. </p> <p>But the WBC seem fascinated by Klitschko - or, more to the point, his clout in Europe and Russia, which is the new powerhouse of heavyweight boxing since the decline of the American heavyweights over the past several years. </p> <p>When the fighters spoke on the phone during the week - Klitschko from his training camp in Austria, Peter from his in the Black Forest - it was the champion who sounded as if he were the challenger. </p> <p>They struggled to work up much enmity - both are gentlemen, if not gentle men - and the best Peter could do by way of insult was to say he has been chopping wood to get fit and would chop down the tree that is Klitschko. The doctor said there was nothing personal in it, but he was going to have to take his title back. Not very Tysonesque. </p> <p>Peter sounded more grateful than a champion should do. 'I just want to thank God for everything and giving me an opportunity to redeem myself,' he said. Redemption? Perhaps he was talking about his fight against other half of the fighting Klitschkos, younger brother Wladimir, who outpointed him narrowly three years ago. </p> <p>Wladimir holds the other three recognised versions of the title - and all that stands in the way of a Klitschko shutout is big Sam Peter, a man with a suspect chin and reliable fists.</p> <p>If he does prevail, it could be something intangible that inspires him - like anger. 'I'm still the WBC heavyweight champion of the world,' he said defensively. 'I don't know what gives him a right to step in my spotlight. My dream was to be the first African, Nigerian to be the heavyweight champion of the world. I made it. I think that dream will stay.'</p> <p>Turning his attention to Klitschko, he added: 'I don't have anything in my heart against you.' </p> <p>No, but he has reason to.</p> <p><strong>\u00b7</strong> This article was amended on October 5 2008. Sam Peter was described as 'Africa's first world heavyweight champion' but Gerry Coetzee and Corrie Sanders precede him. This has been corrected.</p>",
      "newspaperPageNumber": "17",
      "wordcount": "1170",
      "commentCloseDate": "2008-10-04T23:17:00Z",
      "commentable": "true",
      "isPremoderated": "false",
      "lastModified": "2018-02-21T19:20:08Z",
      "newspaperEditionDate": "2008-09-28T00:00:00Z",
      "productionOffice": "UK",
      "publication": "The Observer",
      "shortUrl": "https://gu.com/p/2xd97",
      "shouldHideAdverts": "false",
      "showInRelatedContent": "true",
      "legallySensitive": "false",
      "lang": "en",
      "bodyText": "Sam Peter stands 6ft tall (or a little under, according to some hawk-eyed cynics) and is rightly proud of being world heavyweight champion. Having endured all manner of interruptions, delays and frustrations in his career, Peter is making serious money to go with the belt he wears on behalf of the World Boxing Council. You have to admire his perseverance. In 2006 and 2007, Peter had to beat James Toney twice in title eliminators (in itself, preposterous), but victory over Jameel McCline in his next bout did not land him the title. He was, according to the WBC, only their interim champion. Who could they have been waiting for? Peter, 28, finally got his hands on the WBC belt when he knocked out the fading Russian Oleg Maskaev in a Mexican bullring in March. Now, however, the Nigerian champion has been handed a most curious fight for his first defence, at the O2 World arena in Berlin on 11 October. It is not that the challenger, Vitali Klitschko, will besmirch the sport's fine name with a lousy performance. In fact, it should be some show while it lasts, as both can hit and be hit - dangerous and vulnerable at the same time. It is just that, logically and fairly - words not overused in boxing - the Nigerian should not be defending his championship against Klitschko. Even though he is 37, has a history of fight-delaying injuries and has not been in a ring for nearly four years, Klitschko is not called Dr Ironfist for reasons of hype alone. Certainly he is physically vulnerable, whatever his imposing ring presence, but he is probably the most concussive hitter in the division. One punch, and Peter's world could come crashing down around him. Vitali did it to Julius Francis in 1998. He did it to Herbie Hide in 1999. He took eight rounds to do it to Danny Williams in 2004, his last fight. Twenty-two of his 37 contests have not gone past the second round. You would not imagine that Peter, no matter his pride in his abilities, would have chosen Klitschko as the first man to test his own dodgy whiskers. This would seem to be matchmaking of which Amir Khan's recently dismissed trainer, Jorge Rubio, would be proud. The man ultimately responsible for the paring is Jos\u00e9 Sulaim\u00e1n, who has been president of the WBC for 33 years and has promised to go on for as long as his health allows, a prospect that pleases some people in boxing more than others. Klitschko has reason to be grateful to Don Jos\u00e9. He revealed last week that the president told him a year ago he would get this chance, as champion emeritus, the organisation's grandiose title bestowed on the Ukrainian in recognition of his achievements when champion - which was in 2004. Jack Dempsey was so venerated and valued when he was the world heavyweight champion that he was allowed to go two years without a defence between beating George Carpentier and Tommy Gibbons in the early 1920s. Jack preferred Hollywood to the gym and was never the same again. Klitschko is big in Kiev - at 6ft 8in, he is big all over - but he is no Dempsey. How can an old man shake off all that ring rust, even a Dr Ironfist? He cannot, but he maintains it will not be an issue. He will take his title back, brutally, he says. Commonsense says the younger, fresher, hungrier Peter should win. If he does, it looks like it will be against the odds. Peter's handlers call him the Nigerian Nightmare - and nightmares are what they were having the evening last October when their meal ticket went down three times early in the fight before getting the decision over so-so McCline at Madison Square Garden. Peter showed a lot of grit, but the invincibility he had cultivated since his debut in 2001 was gone. This was a contender only for as long as he looked after his chin. It is no secret that the big-money fight the promoters wanted for Vitali's comeback, after his retirement in 2005, was against Maskaev in Moscow. It is why they kept the title on hold. But, while their representatives and TV negotiators haggled, Peter stepped in to spoil all that last March. He looked impressive stopping Maskaev in six rounds, although he was rocked a couple of times on the way to his 30th and most significant win. In any fair scenario - which the boxing business does not do - Klitschko should be ranked down the WBC list behind such boxers as Vladimir Virchis, of Ukraine, their next in line, the Cuban Juan Carlos G\u00f3mez, Alexander Dimitrenko (another Ukrainian), the new American hope Chris Arreola and Britain's David Haye, who has given up his cruiserweight titles to go with the big boys. But the WBC seem fascinated by Klitschko - or, more to the point, his clout in Europe and Russia, which is the new powerhouse of heavyweight boxing since the decline of the American heavyweights over the past several years. When the fighters spoke on the phone during the week - Klitschko from his training camp in Austria, Peter from his in the Black Forest - it was the champion who sounded as if he were the challenger. They struggled to work up much enmity - both are gentlemen, if not gentle men - and the best Peter could do by way of insult was to say he has been chopping wood to get fit and would chop down the tree that is Klitschko. The doctor said there was nothing personal in it, but he was going to have to take his title back. Not very Tysonesque. Peter sounded more grateful than a champion should do. 'I just want to thank God for everything and giving me an opportunity to redeem myself,' he said. Redemption? Perhaps he was talking about his fight against other half of the fighting Klitschkos, younger brother Wladimir, who outpointed him narrowly three years ago. Wladimir holds the other three recognised versions of the title - and all that stands in the way of a Klitschko shutout is big Sam Peter, a man with a suspect chin and reliable fists. If he does prevail, it could be something intangible that inspires him - like anger. 'I'm still the WBC heavyweight champion of the world,' he said defensively. 'I don't know what gives him a right to step in my spotlight. My dream was to be the first African, Nigerian to be the heavyweight champion of the world. I made it. I think that dream will stay.' Turning his attention to Klitschko, he added: 'I don't have anything in my heart against you.' No, but he has reason to. \u00b7 This article was amended on October 5 2008. Sam Peter was described as 'Africa's first world heavyweight champion' but Gerry Coetzee and Corrie Sanders precede him. This has been corrected.",
      "charCount": "6493"
    },
    "isHosted": false,
    "pillarId": "pillar/sport",
    "pillarName": "Sport"
  },
  {
    "id": "lifeandstyle/2008/sep/28/wines.foodanddrink",
    "type": "article",
    "sectionId": "lifeandstyle",
    "sectionName": "Life and style",
    "webPublicationDate": "2008-09-27T23:01:00Z",
    "webTitle": "Tim Atkin: Ignore the price tag and steer clear of the latest credit-crunch bottles",
    "webUrl": "https://www.theguardian.com/lifeandstyle/2008/sep/28/wines.foodanddrink",
    "apiUrl": "https://content.guardianapis.com/lifeandstyle/2008/sep/28/wines.foodanddrink",
    "fields": {
      "headline": "El vino cheapo",
      "standfirst": "Ignore the price tag and steer clear of the latest credit-crunch bottles, says Tim Atkin. For the sake of your tooth enamel at least",
      "trailText": "<p>Ignore the price tag and steer clear of the latest credit-crunch bottles, says <strong>Tim Atkin</strong>. For the sake of your tooth enamel at least</p>",
      "byline": "Tim Atkin",
      "main": "",
      "body": "<p>What's the worst wine you've ever tasted? A litre of gros rouge swigged from a plastic bottle? Own-label Liebfraumilch? Taverna retsina? If you're looking to compare those never-again vinous moments with something really vile, might I suggest a bottle of Don Sim\u00f3n Selecci\u00f3n Tempranillo, available from Sainsbury's at \u00a32.99? This is the nastiest vino I've sampled this year: a thin, acidic, fruitless, over-cropped red with raw, palate-puckering tannins. If this is a selection, I'd hate to sample what they rejected.</p> <p>The Don Sim\u00f3n Selecci\u00f3n is one of a number of 'great value' wines that Sainsbury's has introduced in response to the credit crunch. In fact, the centrepiece of its autumn press tasting was a table of 27 listings under \u00a34. I know that wine writing isn't the most arduous of jobs, but putting some of them in my mouth was like being tortured by the sadistic dentist played by Sir Laurence Olivier in Marathon Man. There were a few decent wines, mostly at \u00a33.79 and above, but the overall quality was profoundly depressing.</p> <p>Why is Sainsbury's listing wines at \u00a32.99? The answer is Aldi. For a business that sells a mere 3% of the wine we drink, the German discount chain is having a disproportionate influence on its competitors. Asda, Tesco, Morrisons and now Sainsbury's are all falling over themselves to put more cheap wines on their shelves. Even Waitrose is rumoured to be asking suppliers to come up with some \u00a32.99ers.</p> <p>There is nothing wrong with cheap wines per se, but under \u00a33 the economics don't add up. Or rather they do, but only if the retailer decides to make very little if any money. Chris Hardy at Majestic (a chain that refuses to go so low) says that 'it's not commercially viable to sell wine at this price with currency and duty where they are at the moment'. Hardy reckons that the cost of the actual liquid in a \u00a32.99 bottle is about 30p once you've taken taxes, shipping and packaging into account.</p> <p>Aldi promises a combination of 'exquisite pedigree' and 'extraordinary price' on its website, but this is almost impossible to achieve. I'm not saying that more expensive bottles are always worth their price tags, but with wine you generally get what you pay for. At \u00a32.99, the best you can hope for is that the liquid leaves your tooth enamel intact. Aldi's best seller, its Baron Saint Jean Vin de Pays du Gard, is a case in point.</p> <p>The only wine under \u00a33 that I would actively recommend is the spicy, juicy, raspberryish <strong>2007 Montepulciano d'Abruzzo</strong> <strong>(\u00a32.98, 12.5%, Asda)</strong>. Three sub-\u00a33.50 cheapies that deliver at a slightly higher level are the dry, strawberry fruity <strong>2007 Vi\u00f1a Decana Rosado, Utiel Requena</strong> <strong>(\u00a33.29, 12%, Aldi)</strong>, the appealingly rustic Sainsbury's <strong>Portuguese Red, Vinho de Mesa (\u00a33.29, 13%)</strong> and the crisp, grapefruity <strong>2007 Vieille Fontaine White, Plaimont (\u00a33.45, 11.5%, Tesco)</strong></p> <p>The irony of all this low-end, Aldi-generated activity is that the company itself is moving upmarket as its aisles fill up with cash-strapped members of the middle classes. Its underrated wine buyer Danny Gibson has introduced eight wines at \u00a34.99 over the past two years, some of which, such as the plum and damson fruity <strong>2005</strong> <strong>Cantina di Merlara Valpolicella Ripasso</strong>, are excellent. Look out, too, for its scented, tea-leafy <strong>2004 Barolo, Rari Nobili</strong>, sold from November onwards, according to Gibson, at a loss-leading \u00a36.99 for Christmas.</p> <p>Economic downturn or not, I believe that the best-value wines are to be found between \u00a36 and \u00a310, rather than at \u00a32.99. Even if you can't, or don't want to, spend that much on a bottle, I would encourage you to trade up to \u00a34.99 unless you're buying for a big party or want something to tip into your mulled wine. But even that would be too good for the Don Sim\u00f3n Selecci\u00f3n Tempranillo.</p> <h2>Buy of the week</h2> <p><strong>2006 Pinot Blanc d'Alsace, Albert Boxler (\u00a311.25, 13%, Lay &amp; Wheeler, 0845 330 1855) </strong></p> <p>A ripe, creamy white from a top domaine, with a touch of sweetness, refreshing pear and apple fruit and remarkable palate length</p> <p><a href=\"mailto:tim.atkin@observer.co.uk\">tim.atkin@observer.co.uk</a></p>",
      "newspaperPageNumber": "83",
      "wordcount": "712",
      "commentable": "false",
      "isPremoderated": "false",
      "lastModified": "2008-09-27T14:15:45Z",
      "newspaperEditionDate": "2008-09-28T00:00:00Z",
      "productionOffice": "UK",
      "publication": "The Observer",
      "shortUrl": "https://gu.com/p/2xb28",
      "shouldHideAdverts": "false",
      "showInRelatedContent": "true",
      "legallySensitive": "false",
      "lang": "en",
      "bodyText": "What's the worst wine you've ever tasted? A litre of gros rouge swigged from a plastic bottle? Own-label Liebfraumilch? Taverna retsina? If you're looking to compare those never-again vinous moments with something really vile, might I suggest a bottle of Don Sim\u00f3n Selecci\u00f3n Tempranillo, available from Sainsbury's at \u00a32.99? This is the nastiest vino I've sampled this year: a thin, acidic, fruitless, over-cropped red with raw, palate-puckering tannins. If this is a selection, I'd hate to sample what they rejected. The Don Sim\u00f3n Selecci\u00f3n is one of a number of 'great value' wines that Sainsbury's has introduced in response to the credit crunch. In fact, the centrepiece of its autumn press tasting was a table of 27 listings under \u00a34. I know that wine writing isn't the most arduous of jobs, but putting some of them in my mouth was like being tortured by the sadistic dentist played by Sir Laurence Olivier in Marathon Man. There were a few decent wines, mostly at \u00a33.79 and above, but the overall quality was profoundly depressing. Why is Sainsbury's listing wines at \u00a32.99? The answer is Aldi. For a business that sells a mere 3% of the wine we drink, the German discount chain is having a disproportionate influence on its competitors. Asda, Tesco, Morrisons and now Sainsbury's are all falling over themselves to put more cheap wines on their shelves. Even Waitrose is rumoured to be asking suppliers to come up with some \u00a32.99ers. There is nothing wrong with cheap wines per se, but under \u00a33 the economics don't add up. Or rather they do, but only if the retailer decides to make very little if any money. Chris Hardy at Majestic (a chain that refuses to go so low) says that 'it's not commercially viable to sell wine at this price with currency and duty where they are at the moment'. Hardy reckons that the cost of the actual liquid in a \u00a32.99 bottle is about 30p once you've taken taxes, shipping and packaging into account. Aldi promises a combination of 'exquisite pedigree' and 'extraordinary price' on its website, but this is almost impossible to achieve. I'm not saying that more expensive bottles are always worth their price tags, but with wine you generally get what you pay for. At \u00a32.99, the best you can hope for is that the liquid leaves your tooth enamel intact. Aldi's best seller, its Baron Saint Jean Vin de Pays du Gard, is a case in point. The only wine under \u00a33 that I would actively recommend is the spicy, juicy, raspberryish 2007 Montepulciano d'Abruzzo (\u00a32.98, 12.5%, Asda). Three sub-\u00a33.50 cheapies that deliver at a slightly higher level are the dry, strawberry fruity 2007 Vi\u00f1a Decana Rosado, Utiel Requena (\u00a33.29, 12%, Aldi), the appealingly rustic Sainsbury's Portuguese Red, Vinho de Mesa (\u00a33.29, 13%) and the crisp, grapefruity 2007 Vieille Fontaine White, Plaimont (\u00a33.45, 11.5%, Tesco) The irony of all this low-end, Aldi-generated activity is that the company itself is moving upmarket as its aisles fill up with cash-strapped members of the middle classes. Its underrated wine buyer Danny Gibson has introduced eight wines at \u00a34.99 over the past two years, some of which, such as the plum and damson fruity 2005 Cantina di Merlara Valpolicella Ripasso, are excellent. Look out, too, for its scented, tea-leafy 2004 Barolo, Rari Nobili, sold from November onwards, according to Gibson, at a loss-leading \u00a36.99 for Christmas. Economic downturn or not, I believe that the best-value wines are to be found between \u00a36 and \u00a310, rather than at \u00a32.99. Even if you can't, or don't want to, spend that much on a bottle, I would encourage you to trade up to \u00a34.99 unless you're buying for a big party or want something to tip into your mulled wine. But even that would be too good for the Don Sim\u00f3n Selecci\u00f3n Tempranillo. Buy of the week 2006 Pinot Blanc d'Alsace, Albert Boxler (\u00a311.25, 13%, Lay &amp; Wheeler, 0845 330 1855) A ripe, creamy white from a top domaine, with a touch of sweetness, refreshing pear and apple fruit and remarkable palate length tim.atkin@observer.co.uk",
      "charCount": "4019"
    },
    "isHosted": false,
    "pillarId": "pillar/lifestyle",
    "pillarName": "Lifestyle"
  },
  {
    "id": "business/2008/sep/28/globalrecession.useconomicgrowth",
    "type": "article",
    "sectionId": "business",
    "sectionName": "Business",
    "webPublicationDate": "2008-09-27T23:01:00Z",
    "webTitle": "$700bn won't save America from a slump",
    "webUrl": "https://www.theguardian.com/business/2008/sep/28/globalrecession.useconomicgrowth",
    "apiUrl": "https://content.guardianapis.com/business/2008/sep/28/globalrecession.useconomicgrowth",
    "fields": {
      "headline": "$700bn won't save America from a slump",
      "standfirst": "Whatever happens to Henry Paulson's plan to rescue the banks, he cannot forestall a crippling financial downturn, writes James Doran in New York",
      "trailText": "<p><strong>James Doran</strong> argues that the proposed $700bn rescue will not work</p>",
      "byline": "James Doran",
      "main": "",
      "body": "<p>There is a simple reason why US Treasury Secretary Henry Paulson's $700bn bail-out package has been so hard to sell to politicians and the American people: it won't really work. Despite the historically massive expenditure and all the little clauses to make sure Wall Street fat cats get their comeuppance, the plan is unlikely to do anything to save the world's biggest economy from a long and crippling downturn.</p> <p>It will doubtless save some banks from collapse, but is that worth the government putting itself on the hook for nearly a trillion dollars - more than $3,000 for every man, woman and child in America? And that's not the half of it. Not bailing out Wall Street - with as much money as it would take to launch an American National Health Service - presents an even bleaker prospect: a financial nuclear winter that could last a generation. In short, America is doomed if it does and even more doomed if it doesn't get Paulson's billions, perhaps the ugliest economic choice it has ever faced.</p> <p>You can always rely on 'Neutron Jack' Welch, the former GE boss and all-round tough talker, to tell it how it is. 'I now believe we are in for one hell of a deep downturn,' he told the World Business Forum in New York last Wednesday, adding that the first quarter of 2009 will be 'brutal'.</p> <p>Until recently, Welch said, he had believed the American economy could avoid recession, but he has changed his mind, despite the bail-out. 'I am now caving,' he said. 'Get ready for real tough times. They're coming.'</p> <p>Welch is not alone in his gloomy outlook. A day after the New York meeting, Peer Steinbr\u00fcck, the German finance minister, predicted America will soon be knocked off its perch as the world's leading economic superpower.</p> <p>If you peel away this hyperbole, however, and consider the ramifications of such large-scale government intervention into the market as Paulson's bail-out represents, even Steinbr\u00fcck's seemingly gratuitous slight sounds plausible.</p> <p>The first question anyone thinking about the bail-out should surely ask is whether $700bn is enough, or indeed too much, to fix things. And where did that figure come from? David Wyss, chief economist at Standard &amp; Poor's, the New York credit rating agency, suggests that all the 'level 3' assets of all the biggest financial firms on Wall Street adds up to about $630bn. But this valuation is arbitrary at best, seeing as these sub-prime or toxic securities are only really worth what the market - or in this case the US Treasury Department - is willing to pay for them.</p> <p>'I think the biggest risk to the financial system is if it turns out to be not enough,' says Barry Bosworth, a former economic adviser to President Carter and a senior economist at The Brookings Institution, a left-leaning Washington think-tank.</p> <p>It is impossible to know how much money will be needed to mop up all of America's sub-prime- related securitised debt because we don't yet know how the Treasury intends to go about buying it. 'There is so little agreement on this point - on whether it should be a traditional auction or a reverse auction or some other process - that the whole structure could very well fracture,' Bosworth says. 'There is not enough detail.' </p> <p>And the seemingly flawed mechanics of the bail-out are just the tip of the iceberg. Assuming the plan actually gets off the ground and the Treasury is able to organise some kind of workable asset sale, what will happen to the US economy once the banks have been 'saved'? Will house prices automatically start to stabilise? Will jobs be created as if by magic? Will Americans suddenly find they have disposable income on hand to get their consumer-weighted economy whirring away again? Of course not.</p> <p>And that is the plan's biggest flaw. 'My biggest fear is that all of this money, and it really is a very large amount, is going to be spent and none of it will be used to stimulate the economy,' Bosworth says.</p> <p>In fact it is entirely possible that the economy will become even more paralysed after the bail-out than it is today, because the government will put such a strain on the already-creaking public finances that it will not be in a position to provide any sort of stimulus for a long time to come. America will be unable to spend its way out of this crisis.</p> <p>Most critics of Paulson's plan express concern over US taxpayers shelling out billions of dollars to bail out greedy Wall Street bankers, but this is a misconception. Taxpayers, who have been shocked by the scale of earnings of all-too-fallible 'masters of the universe' such as Lehman Brothers' Dick Fuld and Bear Stearns' Jimmy Cayne (see panel) are not directly paying for this; nor will they ever, because America does not have $700bn of taxpayers' money. The government is in debt to the tune of $9.8 trillion. The entire sum will probably be borrowed from foreign governments and other purchasers of US Treasury bonds - which creates further problems.</p> <p>'Borrowing every penny of this $700bn could have very serious consequences,' Bosworth says. 'Firstly, investors from other countries are going to see this as the biggest example yet of America's lack of financial discipline. They may then very well decide they should not invest so heavily here and diversify their portfolios to invest less in US Treasuries, dollars and US equities and more in European bonds and the euro.'</p> <p>This, of course, will drive the already weakened dollar down even further, which will not only suck more lifeblood out of the American economy but drive up the dollar-denominated price of oil and other commodities, adding inflationary pressure into the bargain. Talk about kicking a country while it is down.</p> <p>Vincent Reinhart is a senior economist at the American Enterprise Institute, a conservative think-tank normally the antithesis of Brookings and its liberal scholars. He is in a particularly good position to criticise Paulson and Fed chairman Ben Bernanke's latest work because he worked for the Federal Reserve for more than 25 years, much of it as a director on the monetary affairs board.</p> <p>On the subject of the bail-out, however, he agrees almost entirely with Bosworth. In fact he goes even further, suggesting that what has been dubbed 'Tarp' (the Troubled Asset Relief Programme) will all but cripple whoever wins the presidential election in November.</p> <p>'Who would want to be President and inherit this mess?' Reinhart asks, adding that most of the big decisions in the victor's entire four-year term will be made by the Bush administration before inauguration day in January. 'The whole four years will likely be bogged down in very dull financial regulation and legislation relating to this bill.'</p> <p>What is more, with such immense pressure on public finances from the size of the debt incurred to fund it, Barack Obama can forget about spending increases and John McCain won't have any room for tax cuts. So whoever wins will be unable to fulfil many of their manifesto pledges.</p> <p>The next President will also face the prospect of a global depression to manage, and with it the possibility of strained relations with foreign governments.</p> <p>China, so dependent on the US as top buyer of its manufactured goods, faces an abrupt slowdown as Americans tighten their belts. This of course will mean that China and other nations will be less able to purchase huge wads of US Treasuries even if they wanted to, further restricting America's access to funds. 'It certainly will change our relationship with our trading partners,' Reinhart says.</p> <p>It is almost as if Paulson and Bernanke have created a plan that will see them through the next few months without concern for the long-term effects of their actions. 'I regard this as nothing more than a stopgap measure to get us through the election,' says S&amp;P's Wyss.</p> <p>After the Latin American financial crisis in the 1980s, the leading countries of Asia and the Pacific Rim said such a collapse could never happen to them. But in just a few years their economies were falling like dominoes.</p> <p>And as Japan, Singapore and Taiwan were failing, Americans looked on and observed that such endemic economic troubles only happened in developing economies such as Asia and Latin America, and could never happen in their great nation. They were wrong.</p>",
      "newspaperPageNumber": "4",
      "wordcount": "1421",
      "commentable": "false",
      "isPremoderated": "false",
      "lastModified": "2017-07-15T02:21:32Z",
      "newspaperEditionDate": "2008-09-28T00:00:00Z",
      "productionOffice": "UK",
      "publication": "The Observer",
      "shortUrl": "https://gu.com/p/2xcpv",
      "shouldHideAdverts": "false",
      "showInRelatedContent": "true",
      "legallySensitive": "false",
      "lang": "en",
      "bodyText": "There is a simple reason why US Treasury Secretary Henry Paulson's $700bn bail-out package has been so hard to sell to politicians and the American people: it won't really work. Despite the historically massive expenditure and all the little clauses to make sure Wall Street fat cats get their comeuppance, the plan is unlikely to do anything to save the world's biggest economy from a long and crippling downturn. It will doubtless save some banks from collapse, but is that worth the government putting itself on the hook for nearly a trillion dollars - more than $3,000 for every man, woman and child in America? And that's not the half of it. Not bailing out Wall Street - with as much money as it would take to launch an American National Health Service - presents an even bleaker prospect: a financial nuclear winter that could last a generation. In short, America is doomed if it does and even more doomed if it doesn't get Paulson's billions, perhaps the ugliest economic choice it has ever faced. You can always rely on 'Neutron Jack' Welch, the former GE boss and all-round tough talker, to tell it how it is. 'I now believe we are in for one hell of a deep downturn,' he told the World Business Forum in New York last Wednesday, adding that the first quarter of 2009 will be 'brutal'. Until recently, Welch said, he had believed the American economy could avoid recession, but he has changed his mind, despite the bail-out. 'I am now caving,' he said. 'Get ready for real tough times. They're coming.' Welch is not alone in his gloomy outlook. A day after the New York meeting, Peer Steinbr\u00fcck, the German finance minister, predicted America will soon be knocked off its perch as the world's leading economic superpower. If you peel away this hyperbole, however, and consider the ramifications of such large-scale government intervention into the market as Paulson's bail-out represents, even Steinbr\u00fcck's seemingly gratuitous slight sounds plausible. The first question anyone thinking about the bail-out should surely ask is whether $700bn is enough, or indeed too much, to fix things. And where did that figure come from? David Wyss, chief economist at Standard &amp; Poor's, the New York credit rating agency, suggests that all the 'level 3' assets of all the biggest financial firms on Wall Street adds up to about $630bn. But this valuation is arbitrary at best, seeing as these sub-prime or toxic securities are only really worth what the market - or in this case the US Treasury Department - is willing to pay for them. 'I think the biggest risk to the financial system is if it turns out to be not enough,' says Barry Bosworth, a former economic adviser to President Carter and a senior economist at The Brookings Institution, a left-leaning Washington think-tank. It is impossible to know how much money will be needed to mop up all of America's sub-prime- related securitised debt because we don't yet know how the Treasury intends to go about buying it. 'There is so little agreement on this point - on whether it should be a traditional auction or a reverse auction or some other process - that the whole structure could very well fracture,' Bosworth says. 'There is not enough detail.' And the seemingly flawed mechanics of the bail-out are just the tip of the iceberg. Assuming the plan actually gets off the ground and the Treasury is able to organise some kind of workable asset sale, what will happen to the US economy once the banks have been 'saved'? Will house prices automatically start to stabilise? Will jobs be created as if by magic? Will Americans suddenly find they have disposable income on hand to get their consumer-weighted economy whirring away again? Of course not. And that is the plan's biggest flaw. 'My biggest fear is that all of this money, and it really is a very large amount, is going to be spent and none of it will be used to stimulate the economy,' Bosworth says. In fact it is entirely possible that the economy will become even more paralysed after the bail-out than it is today, because the government will put such a strain on the already-creaking public finances that it will not be in a position to provide any sort of stimulus for a long time to come. America will be unable to spend its way out of this crisis. Most critics of Paulson's plan express concern over US taxpayers shelling out billions of dollars to bail out greedy Wall Street bankers, but this is a misconception. Taxpayers, who have been shocked by the scale of earnings of all-too-fallible 'masters of the universe' such as Lehman Brothers' Dick Fuld and Bear Stearns' Jimmy Cayne (see panel) are not directly paying for this; nor will they ever, because America does not have $700bn of taxpayers' money. The government is in debt to the tune of $9.8 trillion. The entire sum will probably be borrowed from foreign governments and other purchasers of US Treasury bonds - which creates further problems. 'Borrowing every penny of this $700bn could have very serious consequences,' Bosworth says. 'Firstly, investors from other countries are going to see this as the biggest example yet of America's lack of financial discipline. They may then very well decide they should not invest so heavily here and diversify their portfolios to invest less in US Treasuries, dollars and US equities and more in European bonds and the euro.' This, of course, will drive the already weakened dollar down even further, which will not only suck more lifeblood out of the American economy but drive up the dollar-denominated price of oil and other commodities, adding inflationary pressure into the bargain. Talk about kicking a country while it is down. Vincent Reinhart is a senior economist at the American Enterprise Institute, a conservative think-tank normally the antithesis of Brookings and its liberal scholars. He is in a particularly good position to criticise Paulson and Fed chairman Ben Bernanke's latest work because he worked for the Federal Reserve for more than 25 years, much of it as a director on the monetary affairs board. On the subject of the bail-out, however, he agrees almost entirely with Bosworth. In fact he goes even further, suggesting that what has been dubbed 'Tarp' (the Troubled Asset Relief Programme) will all but cripple whoever wins the presidential election in November. 'Who would want to be President and inherit this mess?' Reinhart asks, adding that most of the big decisions in the victor's entire four-year term will be made by the Bush administration before inauguration day in January. 'The whole four years will likely be bogged down in very dull financial regulation and legislation relating to this bill.' What is more, with such immense pressure on public finances from the size of the debt incurred to fund it, Barack Obama can forget about spending increases and John McCain won't have any room for tax cuts. So whoever wins will be unable to fulfil many of their manifesto pledges. The next President will also face the prospect of a global depression to manage, and with it the possibility of strained relations with foreign governments. China, so dependent on the US as top buyer of its manufactured goods, faces an abrupt slowdown as Americans tighten their belts. This of course will mean that China and other nations will be less able to purchase huge wads of US Treasuries even if they wanted to, further restricting America's access to funds. 'It certainly will change our relationship with our trading partners,' Reinhart says. It is almost as if Paulson and Bernanke have created a plan that will see them through the next few months without concern for the long-term effects of their actions. 'I regard this as nothing more than a stopgap measure to get us through the election,' says S&amp;P's Wyss. After the Latin American financial crisis in the 1980s, the leading countries of Asia and the Pacific Rim said such a collapse could never happen to them. But in just a few years their economies were falling like dominoes. And as Japan, Singapore and Taiwan were failing, Americans looked on and observed that such endemic economic troubles only happened in developing economies such as Asia and Latin America, and could never happen in their great nation. They were wrong.",
      "charCount": "8254"
    },
    "isHosted": false,
    "pillarId": "pillar/news",
    "pillarName": "News"
  },
  {
    "id": "business/2008/sep/28/travelleisure.mangroup",
    "type": "article",
    "sectionId": "business",
    "sectionName": "Business",
    "webPublicationDate": "2008-09-27T23:01:00Z",
    "webTitle": "Market forces: Travelling hopefully",
    "webUrl": "https://www.theguardian.com/business/2008/sep/28/travelleisure.mangroup",
    "apiUrl": "https://content.guardianapis.com/business/2008/sep/28/travelleisure.mangroup",
    "fields": {
      "headline": "Market forces",
      "trailText": "<p>Travelling hopefully | Watch Saatchi trim the fat | Man trapped in hedge</p>",
      "byline": "Richard Wachman",
      "main": "",
      "body": "<h2>Travelling hopefully</h2> <p>The financial world may be falling apart but people are still going on holiday, the bosses of package holiday operators Thomas Cook and Tui will tell investors this week. However, the downturn and high oil prices are squeezing the operators: winter bookings are forecast to be well down. Both Cook and Tui have indicated that together they could reduce capacity by at least 15 per cent next summer. But there is good news further ahead: the companies have recently made large acquisitions. Thomas Cook bought MyTravel and Tui acquired First Choice. Analysts have pencilled in cost savings from the deals of \u00a3150m apiece by 2010. The shares have hardly soared, but they have held up well against other consumer sectors such as gambling, pubs and retail.</p> <h2>Watch Saatchi trim the fat</h2> <p>Shares in M&amp;C Saatchi have been clobbered over the past year as the deteriorating economic outlook brings with it the prospect of a sharp fall in global advertising. But broker Numis Securities reckons the current share price, at around 100p, represents good value and that the market hasn't factored in scope for cost-cutting or evidence that management, led by David Kershaw, pictured, is adept at winning new business - witness his clinching of the Department of Health's anti-obesity campaign. Numis says buy up to 138p.</p> <h2>Man trapped in hedge</h2> <p>Man Group, the world's biggest listed hedge fund manager, wants the Financial Services Authority to protect it from short-sellers - rival hedge funds seeking to exploit the panic surrounding financial stocks. That may seem rich coming from a firm that has made millions shorting the shares of others, but the decline in its stock price has caught the attention of researchers at Keefe, Bruyette and Woods. They reckon the shares have been massively oversold at Friday's close of 374p and point out that dividend yield is 6.4 per cent and the company has excess capital of about $1.5bn. But it may need more than that to persuade the short-sellers to look elsewhere.</p>",
      "newspaperPageNumber": "10",
      "wordcount": "338",
      "commentable": "false",
      "isPremoderated": "false",
      "lastModified": "2017-06-06T01:15:47Z",
      "newspaperEditionDate": "2008-09-28T00:00:00Z",
      "productionOffice": "UK",
      "publication": "The Observer",
      "shortUrl": "https://gu.com/p/2xcpa",
      "shouldHideAdverts": "false",
      "showInRelatedContent": "true",
      "legallySensitive": "false",
      "lang": "en",
      "bodyText": "Travelling hopefully The financial world may be falling apart but people are still going on holiday, the bosses of package holiday operators Thomas Cook and Tui will tell investors this week. However, the downturn and high oil prices are squeezing the operators: winter bookings are forecast to be well down. Both Cook and Tui have indicated that together they could reduce capacity by at least 15 per cent next summer. But there is good news further ahead: the companies have recently made large acquisitions. Thomas Cook bought MyTravel and Tui acquired First Choice. Analysts have pencilled in cost savings from the deals of \u00a3150m apiece by 2010. The shares have hardly soared, but they have held up well against other consumer sectors such as gambling, pubs and retail. Watch Saatchi trim the fat Shares in M&amp;C Saatchi have been clobbered over the past year as the deteriorating economic outlook brings with it the prospect of a sharp fall in global advertising. But broker Numis Securities reckons the current share price, at around 100p, represents good value and that the market hasn't factored in scope for cost-cutting or evidence that management, led by David Kershaw, pictured, is adept at winning new business - witness his clinching of the Department of Health's anti-obesity campaign. Numis says buy up to 138p. Man trapped in hedge Man Group, the world's biggest listed hedge fund manager, wants the Financial Services Authority to protect it from short-sellers - rival hedge funds seeking to exploit the panic surrounding financial stocks. That may seem rich coming from a firm that has made millions shorting the shares of others, but the decline in its stock price has caught the attention of researchers at Keefe, Bruyette and Woods. They reckon the shares have been massively oversold at Friday's close of 374p and point out that dividend yield is 6.4 per cent and the company has excess capital of about $1.5bn. But it may need more than that to persuade the short-sellers to look elsewhere.",
      "charCount": "2016"
    },
    "isHosted": false,
    "pillarId": "pillar/news",
    "pillarName": "News"
  },
  {
    "id": "money/2008/sep/28/creditcards.interestrates",
    "type": "article",
    "sectionId": "money",
    "sectionName": "Money",
    "webPublicationDate": "2008-09-27T23:01:00Z",
    "webTitle": "Balance deals the battleground as credit card firms fight to attract new customers",
    "webUrl": "https://www.theguardian.com/money/2008/sep/28/creditcards.interestrates",
    "apiUrl": "https://content.guardianapis.com/money/2008/sep/28/creditcards.interestrates",
    "fields": {
      "headline": "Balance deals the battleground as credit card firms fight to attract new customers",
      "standfirst": "Huma Qureshi on an unexpected 'price war' over transfer fees",
      "trailText": "<p><strong>Huma Qureshi</strong> reports on the surprising news that credit card issuers are preparing for a new price war</p>",
      "byline": "Huma Qureshi",
      "main": "",
      "body": "<p>Unlikely as it may seem in the middle of a crunch, credit card providers look poised to start a 'price war' by offering new incentives - such as reduced balance-transfer fees - to draw customers in.</p> <p>Barclaycard has already reduced the fee for 0 per cent balance transfers to its OnePulse card from 3 per cent to 2.5 per cent, and price comparison website Moneyexpert.com predicts others follow suit by offering new incentives such as lower fees or cashback - even though balance transfer fees have been rising over the past 18 months, from 1.7 per cent in January last year to 2.4 per cent now.</p> <p>Sean Gardner of Moneyexpert.com says: 'This is surprising, because you would think that, during the credit crunch, providers wouldn't want to chase people's balance transfers. But it's still a competitive market, and providers can't just compete solely on offering 0 per cent deals; Barclaycard has signalled that there's a new front to consider. Providers are looking for new incentives to pull in business and low transfer fees are a clear solution.'</p> <p>There are currently 182 credit cards on the market offering 0 per cent interest periods on balance transfers, varying from three to 15 months. Virgin Money is currently topping the tables with 0 per cent for 15 months on transfers and 0 per cent for three months on new purchases (after which it charges 15.9 per cent interest), and charging a balance transfer fee of 2.98 per cent. Virgin Money says it has no current plans to drop its balance transfer fee.</p> <p>'There's obviously a trade-off between how high the balance transfer fee is and how long the 0 per cent deal runs for,' says Gardner. 'A lot of people can overlook the fee, but since it is added on to your credit card balance, it is worth comparing them, otherwise you could be hit by a nasty surprise. It's worth calculating how much it costs you to transfer and how much it will cost to clear the balance depending on the transfer period to weigh up whether it's worth it.'</p> <p>If, for instance, you were to transfer a balance of \u00a35,000 on to the Virgin Money card with a 2.98 per cent fee and a 15-month balance transfer deal, it would cost you \u00a3149 for the fee and require 15 monthly payments of just over \u00a3333 to clear the balance. If you transferred the same amount to the OnePulse card with a fee of 2.5 per cent, it would cost \u00a3125, but with one month less under the balance transfer period, it would cost you \u00a324 more a month (\u00a3357) to clear the balance before the 0 per cent deal expires.</p> <p>And if you have no chance of clearing your balance before the interest-free period ends, says Andrew Hagger from comparison website Moneynet, then the length of the interest 'holiday' is much more important than the size of the transfer fee. 'You'll save more money by opting for a longer interest-free period than by going for a lower fee. Essentially, you'll be making a bigger saving in interest than you would from the one-off saving on the fee.'</p> <p>Other than the Virgin Money credit card, Hagger recommends the Egg card, which has a balance transfer fee of 3 per cent and 0 per cent on balance transfers until the end of 2009, after which it charges 16.9 per cent. He also suggests the Tesco Personal Finance Bonus credit card, which carries a 2.9 per cent balance transfer fee and has an interest-free period of 14 months on balance transfers, and then charges 15.9 per cent, and the Mint credit card, which has a balance transfer fee of 3 per cent, with 0 per cent on balance transfers for 13 months, reverting to 15.9 per cent thereafter. </p> <p>But Hagger says: 'Not everyone will be able to get these cards, especially as we don't yet know what the impact of last week's events will be. Ultimately, it's certainly going to be even harder to get credit, and lenders will scrutinise applications even more carefully as they won't want to take on bad credit.'</p> <p>Once you've transferred your balance to a 0 per cent interest-free deal, you should also keep in mind a plan to pay it off . </p> <p>'In the past, it was very easy to just switch from one interest-free balance transfer card to another and keep going on indefinitely,' says Hagger. 'But that's just not an option now; you need to think about how you'll bring your balance down.'</p>",
      "newspaperPageNumber": "21",
      "wordcount": "777",
      "commentable": "false",
      "isPremoderated": "false",
      "lastModified": "2008-09-29T10:00:51Z",
      "newspaperEditionDate": "2008-09-28T00:00:00Z",
      "productionOffice": "UK",
      "publication": "The Observer",
      "shortUrl": "https://gu.com/p/2xd3k",
      "shouldHideAdverts": "false",
      "showInRelatedContent": "true",
      "legallySensitive": "false",
      "lang": "en",
      "bodyText": "Unlikely as it may seem in the middle of a crunch, credit card providers look poised to start a 'price war' by offering new incentives - such as reduced balance-transfer fees - to draw customers in. Barclaycard has already reduced the fee for 0 per cent balance transfers to its OnePulse card from 3 per cent to 2.5 per cent, and price comparison website Moneyexpert.com predicts others follow suit by offering new incentives such as lower fees or cashback - even though balance transfer fees have been rising over the past 18 months, from 1.7 per cent in January last year to 2.4 per cent now. Sean Gardner of Moneyexpert.com says: 'This is surprising, because you would think that, during the credit crunch, providers wouldn't want to chase people's balance transfers. But it's still a competitive market, and providers can't just compete solely on offering 0 per cent deals; Barclaycard has signalled that there's a new front to consider. Providers are looking for new incentives to pull in business and low transfer fees are a clear solution.' There are currently 182 credit cards on the market offering 0 per cent interest periods on balance transfers, varying from three to 15 months. Virgin Money is currently topping the tables with 0 per cent for 15 months on transfers and 0 per cent for three months on new purchases (after which it charges 15.9 per cent interest), and charging a balance transfer fee of 2.98 per cent. Virgin Money says it has no current plans to drop its balance transfer fee. 'There's obviously a trade-off between how high the balance transfer fee is and how long the 0 per cent deal runs for,' says Gardner. 'A lot of people can overlook the fee, but since it is added on to your credit card balance, it is worth comparing them, otherwise you could be hit by a nasty surprise. It's worth calculating how much it costs you to transfer and how much it will cost to clear the balance depending on the transfer period to weigh up whether it's worth it.' If, for instance, you were to transfer a balance of \u00a35,000 on to the Virgin Money card with a 2.98 per cent fee and a 15-month balance transfer deal, it would cost you \u00a3149 for the fee and require 15 monthly payments of just over \u00a3333 to clear the balance. If you transferred the same amount to the OnePulse card with a fee of 2.5 per cent, it would cost \u00a3125, but with one month less under the balance transfer period, it would cost you \u00a324 more a month (\u00a3357) to clear the balance before the 0 per cent deal expires. And if you have no chance of clearing your balance before the interest-free period ends, says Andrew Hagger from comparison website Moneynet, then the length of the interest 'holiday' is much more important than the size of the transfer fee. 'You'll save more money by opting for a longer interest-free period than by going for a lower fee. Essentially, you'll be making a bigger saving in interest than you would from the one-off saving on the fee.' Other than the Virgin Money credit card, Hagger recommends the Egg card, which has a balance transfer fee of 3 per cent and 0 per cent on balance transfers until the end of 2009, after which it charges 16.9 per cent. He also suggests the Tesco Personal Finance Bonus credit card, which carries a 2.9 per cent balance transfer fee and has an interest-free period of 14 months on balance transfers, and then charges 15.9 per cent, and the Mint credit card, which has a balance transfer fee of 3 per cent, with 0 per cent on balance transfers for 13 months, reverting to 15.9 per cent thereafter. But Hagger says: 'Not everyone will be able to get these cards, especially as we don't yet know what the impact of last week's events will be. Ultimately, it's certainly going to be even harder to get credit, and lenders will scrutinise applications even more carefully as they won't want to take on bad credit.' Once you've transferred your balance to a 0 per cent interest-free deal, you should also keep in mind a plan to pay it off . 'In the past, it was very easy to just switch from one interest-free balance transfer card to another and keep going on indefinitely,' says Hagger. 'But that's just not an option now; you need to think about how you'll bring your balance down.'",
      "charCount": "4229"
    },
    "isHosted": false,
    "pillarId": "pillar/lifestyle",
    "pillarName": "Lifestyle"
  },
  {
    "id": "commentisfree/2008/sep/27/lebanon.middleeast",
    "type": "article",
    "sectionId": "commentisfree",
    "sectionName": "Opinion",
    "webPublicationDate": "2008-09-27T13:04:01Z",
    "webTitle": "Leila Shahid: An urgent call for aid for Nahr el Bared in Lebanon",
    "webUrl": "https://www.theguardian.com/commentisfree/2008/sep/27/lebanon.middleeast",
    "apiUrl": "https://content.guardianapis.com/commentisfree/2008/sep/27/lebanon.middleeast",
    "fields": {
      "headline": "An urgent call for aid",
      "standfirst": "More than 90% of funds pledged towards short-term relief for Nahr el Bared in Lebanon have come from the West. Where are the Arab donors?",
      "trailText": "<p><strong>Leila Shahid:</strong> More than 90% of funds pledged towards short-term relief for Nahr el Bared in Lebanon have come from the West. Where are the Arab donors?</p>",
      "byline": "Leila Shahid",
      "main": "",
      "body": "<p>In Beirut on September 11, before 22 diplomatic missions, the government of Lebanon and <a href=\"http://www.un.org/unrwa/\">United Nations Relief and Works Agency</a> (UNRWA) launched an appeal for short term relief for some 30, 000 Palestinian refugees displaced by the fighting last year at the <a href=\"http://www.theguardian.com/world/2007/sep/03/syria.lebanon\">Nahr el Bared camp in northern Lebanon</a>. Egypt was the only Arab mission that attended besides the hosts, Lebanon. From UNRWA's Islamic Conference donors, only Iran was present. </p> <p>UNRWA was appealing for nearly US$43m to address the immediate and urgent needs, such as food and shelter, of some of the most disadvantaged people in the Middle East. Not only were their homes destroyed last year, not only did they flee in fear for their lives, not only did they lose almost all of their possessions, but they are also now, in the month of Ramadan, facing the threat of hunger and homelessness. </p> <p>All of UNRWA's funds available at present for Nahr el Bared emergency relief, including a new American commitment of US$4.3m, will be exhausted by the end of October. If no funds are forthcoming in response to the latest appeal, UNRWA will be unable to pay rental subsidies for 3,100 families housed in temporary accommodation. Neither will it be possible to maintain nearly 600 temporary shelters and 11 community buildings. Most worryingly of all, UNRWA will not be able to give food assistance to some 27,000 displaced refugees. What signal does this send to a people dispossessed for more than 60 years? </p> <p>At the appeal launch on September 11, only the United States came forward with new money. More than 90% of the funds pledged so far towards short-term relief for Nahr el Bared have come from Western donors. In addition, of the money pledged for the long-term reconstruction of the camp and surrounding areas, 88% are Western donations. </p> <p>Sadly this is part of a pattern. Luxembourg donates more than any Arab government to UNRWA's regular budget, while Norway gives more to the same budget annually than all Arab governments combined. </p> <p>I hesitate to ask, and I do so only because the refugees are suffering: where are the Arab donors in the face of the alarming reality that will soon be upon us? </p> <p>My question in no way masks heartfelt gratitude towards those in the Arab world who have given to UNRWA so willingly. Organisations, such as the Saudi Committee for the Relief of the Palestinian People, the United Arab Emirates Red Crescent Society, International Islamic Relief Organisation of Saudi Arabia, the Arab Authority for Agricultural Investment and Development, the Qatari Red Crescent Society and Dubai Cares have donated generously to UNRWA, demonstrating that public opinion in the Arab world is far from indifferent to the suffering of Palestinian refugees. The countries that host the refugees \u2013 Jordan, Syria and Lebanon \u2013 and we in the Palestinian Authority, contribute substantially to the welfare of our Palestinian sisters and brothers. And of course many Arab countries generously assist the Palestinian Authority. </p> <p>A year ago the Saudi Arabian government donated to UNRWA $12m for the refugees of Nahr El Bared while the United Arab Emirates donated $5m. Since then, Arab donors (mostly NGOs) contributed $8m, most of which is already spent due to the severity of the emergency. To date, however, Arab governments have not pledged anything to the long-term reconstruction of the camp, the largest single project in UNRWA's history, offering hope for a dignified future to people whose lives have been devastated. </p> <p>Some say that the reconstruction of Nahr El Bared must await clarification of the political situation in Lebanon. This is frankly inhuman. People's basic needs cannot be kept on hold for months or even weeks. </p> <p>The dramatic rise in the price of oil has had a deleterious impact on many. For UNRWA, the resulting rise in food and transport costs has hit hard, threatening the distribution of food to needy households and raising the cost of all UNRWA services. </p> <p>This is yet another reason why I am now compelled, as a Palestine refugee from Lebanon myself, to renew my strong support for the appeal made earlier in September for the displaced refugees of Nahr El Bared. This situation is unprecedented in the recent history of UNRWA. We must do everything possible to avoid the agency being forced by financial necessity to make thousands of Palestine refugees homeless yet again.</p>",
      "wordcount": "727",
      "commentCloseDate": "2008-09-30T13:04:00Z",
      "commentable": "true",
      "isPremoderated": "false",
      "lastModified": "2009-01-26T13:03:24Z",
      "newspaperEditionDate": "2008-09-27T00:00:00Z",
      "productionOffice": "UK",
      "publication": "theguardian.com",
      "shortUrl": "https://gu.com/p/2xcbv",
      "shouldHideAdverts": "false",
      "showInRelatedContent": "true",
      "legallySensitive": "false",
      "lang": "en",
      "bodyText": "In Beirut on September 11, before 22 diplomatic missions, the government of Lebanon and United Nations Relief and Works Agency (UNRWA) launched an appeal for short term relief for some 30, 000 Palestinian refugees displaced by the fighting last year at the Nahr el Bared camp in northern Lebanon. Egypt was the only Arab mission that attended besides the hosts, Lebanon. From UNRWA's Islamic Conference donors, only Iran was present. UNRWA was appealing for nearly US$43m to address the immediate and urgent needs, such as food and shelter, of some of the most disadvantaged people in the Middle East. Not only were their homes destroyed last year, not only did they flee in fear for their lives, not only did they lose almost all of their possessions, but they are also now, in the month of Ramadan, facing the threat of hunger and homelessness. All of UNRWA's funds available at present for Nahr el Bared emergency relief, including a new American commitment of US$4.3m, will be exhausted by the end of October. If no funds are forthcoming in response to the latest appeal, UNRWA will be unable to pay rental subsidies for 3,100 families housed in temporary accommodation. Neither will it be possible to maintain nearly 600 temporary shelters and 11 community buildings. Most worryingly of all, UNRWA will not be able to give food assistance to some 27,000 displaced refugees. What signal does this send to a people dispossessed for more than 60 years? At the appeal launch on September 11, only the United States came forward with new money. More than 90% of the funds pledged so far towards short-term relief for Nahr el Bared have come from Western donors. In addition, of the money pledged for the long-term reconstruction of the camp and surrounding areas, 88% are Western donations. Sadly this is part of a pattern. Luxembourg donates more than any Arab government to UNRWA's regular budget, while Norway gives more to the same budget annually than all Arab governments combined. I hesitate to ask, and I do so only because the refugees are suffering: where are the Arab donors in the face of the alarming reality that will soon be upon us? My question in no way masks heartfelt gratitude towards those in the Arab world who have given to UNRWA so willingly. Organisations, such as the Saudi Committee for the Relief of the Palestinian People, the United Arab Emirates Red Crescent Society, International Islamic Relief Organisation of Saudi Arabia, the Arab Authority for Agricultural Investment and Development, the Qatari Red Crescent Society and Dubai Cares have donated generously to UNRWA, demonstrating that public opinion in the Arab world is far from indifferent to the suffering of Palestinian refugees. The countries that host the refugees \u2013 Jordan, Syria and Lebanon \u2013 and we in the Palestinian Authority, contribute substantially to the welfare of our Palestinian sisters and brothers. And of course many Arab countries generously assist the Palestinian Authority. A year ago the Saudi Arabian government donated to UNRWA $12m for the refugees of Nahr El Bared while the United Arab Emirates donated $5m. Since then, Arab donors (mostly NGOs) contributed $8m, most of which is already spent due to the severity of the emergency. To date, however, Arab governments have not pledged anything to the long-term reconstruction of the camp, the largest single project in UNRWA's history, offering hope for a dignified future to people whose lives have been devastated. Some say that the reconstruction of Nahr El Bared must await clarification of the political situation in Lebanon. This is frankly inhuman. People's basic needs cannot be kept on hold for months or even weeks. The dramatic rise in the price of oil has had a deleterious impact on many. For UNRWA, the resulting rise in food and transport costs has hit hard, threatening the distribution of food to needy households and raising the cost of all UNRWA services. This is yet another reason why I am now compelled, as a Palestine refugee from Lebanon myself, to renew my strong support for the appeal made earlier in September for the displaced refugees of Nahr El Bared. This situation is unprecedented in the recent history of UNRWA. We must do everything possible to avoid the agency being forced by financial necessity to make thousands of Palestine refugees homeless yet again.",
      "charCount": "4360"
    },
    "isHosted": false,
    "pillarId": "pillar/opinion",
    "pillarName": "Opinion"
  }
]