[
  {
    "id": "business/2008/sep/10/qinetiqgroup.defence",
    "type": "article",
    "sectionId": "business",
    "sectionName": "Business",
    "webPublicationDate": "2008-09-09T23:01:00Z",
    "webTitle": "Defence industry: Government sells remainder of QinetiQ stake for \u00a3260m",
    "webUrl": "https://www.theguardian.com/business/2008/sep/10/qinetiqgroup.defence",
    "apiUrl": "https://content.guardianapis.com/business/2008/sep/10/qinetiqgroup.defence",
    "fields": {
      "headline": "Defence industry: Government sells remainder of QinetiQ stake for \u00a3260m",
      "standfirst": "<strong>&#183;</strong> State retains golden share to protect national interest <br /><strong>&#183;</strong> Underlying pre-tax profits increase 16% to &pound;109m",
      "trailText": "<p>Privatisation of the military research company completed during share price boom</p>",
      "byline": "Terry Macalister",
      "main": "",
      "body": "<p>The government has taken advantage of a recent share price boom at QinetiQ to complete the privatisation of the military research company to raise \u00a3260m for the Treasury.</p> <p>The Ministry of Defence (MoD) said yesterday it had disposed of its 18.9% stake in QinetiQ but would retain a golden share to prevent any unwelcome bids.</p> <p>Shares in the business, which reached a record high on September 3 on the back of a string of good financial news, fell 6% to 210p yesterday after news of the state sell-off was unveiled.</p> <p>\"The government always made it clear that ultimately it anticipated selling its entire financial investment to achieve the best value for money for the taxpayer,\" said an MoD spokesman.</p> <p>Sir John Chisholm, QinetiQ's chairman, said: \"The MOD retains its special share in the company which has no economic value but, in common with other privatised companies with strategically important roles, allows the government to protect the national interest.\" </p> <p>QinetiQ was set up in 1991 when parts of the business were spun out of the Defence Evaluation and Research Agency. It began to move out of the public sector in 2003 when a 31% stake was sold for \u00a342m to US private equity group Carlyle. Ministers went further in 2006 when they said that shares should be floated on the London stock exchange and a price of 200p was agreed, putting a value of \u00a3374m on the Carlyle stake.</p> <p>These transactions were highly controversial, with some MPs worrying that sensitive defence information could fall into the wrong hands. And when the National Audit Office criticised the Carlyle deal, the public accounts committee claimed the MoD had behaved like \"an innocent at a table of card sharps\" during the deal. </p> <p>The NAO also lambasted an \"excessive\" share incentive scheme that netted QinetiQ's 10 most senior managers \u00a3107.5m - a return of 19,900% for their \u00a3540,000 investment in shares - when the firm moved onto the stockmarket. Graham Love, the chief executive, made a \u00a322m paper profit.</p> <p>Numis Securities said yesterday that the government announcement was good news for the company. </p> <p>\"It will remove an overhang from the stock because everyone expected it but there was uncertainty about exactly when it would happen,\" said Roger Johnston, an analyst at Numis in London. The stockbroker is upbeat about QinetiQ's potential in the middle of a credit crunch. \"This is a good defensive stock that has long-term growth potential,\" Johnston explained.</p> <p>QinetiQ beat City forecasts with a 16% rise in underlying pre-tax profits to \u00a3109m in the year to March 31, helped by strong growth in the US with fresh sales of its Talon bomb disposal robots, which have been used in Iraq and Afghanistan. </p> <p>The company employs 14,000 people at 39 sites in Britain, including Salisbury, Portsmouth, Plymouth, Glasgow and Christchurch, Dorset.</p>",
      "newspaperPageNumber": "27",
      "wordcount": "473",
      "commentable": "false",
      "isPremoderated": "false",
      "lastModified": "2017-11-26T20:38:32Z",
      "newspaperEditionDate": "2008-09-10T00:00:00Z",
      "productionOffice": "UK",
      "publication": "The Guardian",
      "shortUrl": "https://gu.com/p/2vqe9",
      "shouldHideAdverts": "false",
      "showInRelatedContent": "true",
      "legallySensitive": "false",
      "lang": "en",
      "bodyText": "The government has taken advantage of a recent share price boom at QinetiQ to complete the privatisation of the military research company to raise \u00a3260m for the Treasury. The Ministry of Defence (MoD) said yesterday it had disposed of its 18.9% stake in QinetiQ but would retain a golden share to prevent any unwelcome bids. Shares in the business, which reached a record high on September 3 on the back of a string of good financial news, fell 6% to 210p yesterday after news of the state sell-off was unveiled. \"The government always made it clear that ultimately it anticipated selling its entire financial investment to achieve the best value for money for the taxpayer,\" said an MoD spokesman. Sir John Chisholm, QinetiQ's chairman, said: \"The MOD retains its special share in the company which has no economic value but, in common with other privatised companies with strategically important roles, allows the government to protect the national interest.\" QinetiQ was set up in 1991 when parts of the business were spun out of the Defence Evaluation and Research Agency. It began to move out of the public sector in 2003 when a 31% stake was sold for \u00a342m to US private equity group Carlyle. Ministers went further in 2006 when they said that shares should be floated on the London stock exchange and a price of 200p was agreed, putting a value of \u00a3374m on the Carlyle stake. These transactions were highly controversial, with some MPs worrying that sensitive defence information could fall into the wrong hands. And when the National Audit Office criticised the Carlyle deal, the public accounts committee claimed the MoD had behaved like \"an innocent at a table of card sharps\" during the deal. The NAO also lambasted an \"excessive\" share incentive scheme that netted QinetiQ's 10 most senior managers \u00a3107.5m - a return of 19,900% for their \u00a3540,000 investment in shares - when the firm moved onto the stockmarket. Graham Love, the chief executive, made a \u00a322m paper profit. Numis Securities said yesterday that the government announcement was good news for the company. \"It will remove an overhang from the stock because everyone expected it but there was uncertainty about exactly when it would happen,\" said Roger Johnston, an analyst at Numis in London. The stockbroker is upbeat about QinetiQ's potential in the middle of a credit crunch. \"This is a good defensive stock that has long-term growth potential,\" Johnston explained. QinetiQ beat City forecasts with a 16% rise in underlying pre-tax profits to \u00a3109m in the year to March 31, helped by strong growth in the US with fresh sales of its Talon bomb disposal robots, which have been used in Iraq and Afghanistan. The company employs 14,000 people at 39 sites in Britain, including Salisbury, Portsmouth, Plymouth, Glasgow and Christchurch, Dorset.",
      "charCount": "2817"
    },
    "isHosted": false,
    "pillarId": "pillar/news",
    "pillarName": "News"
  },
  {
    "id": "business/2008/sep/10/google.yahoo",
    "type": "article",
    "sectionId": "business",
    "sectionName": "Business",
    "webPublicationDate": "2008-09-09T23:01:00Z",
    "webTitle": "Top US lawyer hired to prepare Google-Yahoo anti-cartel case",
    "webUrl": "https://www.theguardian.com/business/2008/sep/10/google.yahoo",
    "apiUrl": "https://content.guardianapis.com/business/2008/sep/10/google.yahoo",
    "fields": {
      "headline": "Top US lawyer hired to prepare Google-Yahoo anti-cartel case",
      "standfirst": "<strong>&#183;</strong> Justice department targets internet advertising deal <br /><strong>&#183;</strong> Microsoft protests over price control dominance",
      "trailText": "<p>The US justice department has hired a top Washington lawyer to lead a possible anti-cartel investigation into Google. By <strong>Bobbie Johnson</strong></p>",
      "byline": "Bobbie Johnson in San Francisco",
      "main": "",
      "body": "<p>The US justice department has hired a top Washington lawyer to lead a possible anti-cartel investigation into the activities of the internet firm Google.</p> <p>Sanford Litvack, the well-known litigator, will be advising the government as it prepares a case challenging a recent advertising deal between Google and its Silicon Valley rival Yahoo.</p> <p>The arrangement, which was made in June and lets Google sell advertising on Yahoo's site in return for a share of profits, has been widely criticised for handing even more power to the dominant force in internet advertising. One analysis suggests that it could result in Google having control of more than 80% of the American online advertising market.</p> <p>Google said that it believed the impact would be much less drastic than predicted and hoped government officials would not kill the deal. \"While there has been a lot of speculation about this agreement's potential impact on advertisers or ad prices, we think it would be premature for regulators to halt the agreement before we implement it and everyone can judge the actual impact,\" it added.</p> <p>Meanwhile, Yahoo responded by saying that it was monitoring the news but that \"we remain confident that the deal is lawful\".</p> <p>Litvack, 72, a former vice-chairman of Disney, has many connections inside the technology industry. He was previously a board member of the computer manufacturers Hewlett-Packard and Compaq, and was also an assistant attorney general in the justice department's antitrust division during the late 1970s.</p> <p>It remains unclear what the scope of any possible antitrust investigation will be, with speculation that the government could widen its remit to examine Google's increasingly powerful reach across the internet industry.</p> <p>The announcement of the advertising deal in June was primarily seen as an attempt to disrupt Microsoft's $44bn (\u00a325.2bn) attempt to buy Yahoo. That gambit proved ultimately successful, as the takeover was rejected soon afterwards. But the nature of the Google-Yahoo deal left a bitter taste in the mouths of many industry insiders. Complaints about the pact were widespread, including from the Association of National Advertisers, which represents more than 400 companies including Ford and Wal-Mart. </p> <p>Microsoft, too, protested strongly over the implications of the deal. \"Never before in the history of advertising has one company been in a position to control prices on up to 90% of advertising in a single medium,\" Brad Smith, Microsoft's lawyer, told a US congressional committee in July. \"Not in television, not in radio, not in publishing. It should not happen on the internet.\"</p> <p>That brought echoes of Microsoft's notorious antitrust case of the 1990s, which saw government lawyers primarily focused on the anti-competitive practices involving the Seattle-based company's web browser, Internet Explorer. The Microsoft investigation almost led to the break-up of the company - until the arrival of George Bush in the White House in 2001, which saw the government backtrack and reach an alternative settlement.</p> <p>At the same time as news of Litvack's appointment was made public, Google also announced a series of initiatives it hoped would boost its public image as it hits its 10th anniversary. The Californian firm announced yesterday that it was joining forces with HSBC and John Malone, the communications expert and Liberty Media boss, to create a new company, O3b, which would focus on bringing internet access to the developing world.</p> <p>The new group plans to provide an extensive network of new satellites, dedicated to offering a web connection to the \"other 3 billion\" people who cannot access a traditional internet line.</p> <p>Meanwhile, Google also sought to allay fears over privacy by announcing that it would be cutting the length of time that it keeps identifiable information on users by half to nine months.</p>",
      "newspaperPageNumber": "28",
      "wordcount": "612",
      "commentable": "false",
      "isPremoderated": "false",
      "lastModified": "2017-11-26T20:38:40Z",
      "newspaperEditionDate": "2008-09-10T00:00:00Z",
      "productionOffice": "UK",
      "publication": "The Guardian",
      "shortUrl": "https://gu.com/p/2vqey",
      "shouldHideAdverts": "false",
      "showInRelatedContent": "true",
      "legallySensitive": "false",
      "lang": "en",
      "bodyText": "The US justice department has hired a top Washington lawyer to lead a possible anti-cartel investigation into the activities of the internet firm Google. Sanford Litvack, the well-known litigator, will be advising the government as it prepares a case challenging a recent advertising deal between Google and its Silicon Valley rival Yahoo. The arrangement, which was made in June and lets Google sell advertising on Yahoo's site in return for a share of profits, has been widely criticised for handing even more power to the dominant force in internet advertising. One analysis suggests that it could result in Google having control of more than 80% of the American online advertising market. Google said that it believed the impact would be much less drastic than predicted and hoped government officials would not kill the deal. \"While there has been a lot of speculation about this agreement's potential impact on advertisers or ad prices, we think it would be premature for regulators to halt the agreement before we implement it and everyone can judge the actual impact,\" it added. Meanwhile, Yahoo responded by saying that it was monitoring the news but that \"we remain confident that the deal is lawful\". Litvack, 72, a former vice-chairman of Disney, has many connections inside the technology industry. He was previously a board member of the computer manufacturers Hewlett-Packard and Compaq, and was also an assistant attorney general in the justice department's antitrust division during the late 1970s. It remains unclear what the scope of any possible antitrust investigation will be, with speculation that the government could widen its remit to examine Google's increasingly powerful reach across the internet industry. The announcement of the advertising deal in June was primarily seen as an attempt to disrupt Microsoft's $44bn (\u00a325.2bn) attempt to buy Yahoo. That gambit proved ultimately successful, as the takeover was rejected soon afterwards. But the nature of the Google-Yahoo deal left a bitter taste in the mouths of many industry insiders. Complaints about the pact were widespread, including from the Association of National Advertisers, which represents more than 400 companies including Ford and Wal-Mart. Microsoft, too, protested strongly over the implications of the deal. \"Never before in the history of advertising has one company been in a position to control prices on up to 90% of advertising in a single medium,\" Brad Smith, Microsoft's lawyer, told a US congressional committee in July. \"Not in television, not in radio, not in publishing. It should not happen on the internet.\" That brought echoes of Microsoft's notorious antitrust case of the 1990s, which saw government lawyers primarily focused on the anti-competitive practices involving the Seattle-based company's web browser, Internet Explorer. The Microsoft investigation almost led to the break-up of the company - until the arrival of George Bush in the White House in 2001, which saw the government backtrack and reach an alternative settlement. At the same time as news of Litvack's appointment was made public, Google also announced a series of initiatives it hoped would boost its public image as it hits its 10th anniversary. The Californian firm announced yesterday that it was joining forces with HSBC and John Malone, the communications expert and Liberty Media boss, to create a new company, O3b, which would focus on bringing internet access to the developing world. The new group plans to provide an extensive network of new satellites, dedicated to offering a web connection to the \"other 3 billion\" people who cannot access a traditional internet line. Meanwhile, Google also sought to allay fears over privacy by announcing that it would be cutting the length of time that it keeps identifiable information on users by half to nine months.",
      "charCount": "3856"
    },
    "isHosted": false,
    "pillarId": "pillar/news",
    "pillarName": "News"
  },
  {
    "id": "business/2008/sep/10/manufacturing.interestrates",
    "type": "article",
    "sectionId": "business",
    "sectionName": "Business",
    "webPublicationDate": "2008-09-09T23:01:00Z",
    "webTitle": "Production drops for fifth month",
    "webUrl": "https://www.theguardian.com/business/2008/sep/10/manufacturing.interestrates",
    "apiUrl": "https://content.guardianapis.com/business/2008/sep/10/manufacturing.interestrates",
    "fields": {
      "headline": "Production drops for fifth month",
      "trailText": "<p>Call for interest rates to be cut set to follow continued decline of British factories</p>",
      "byline": "Ashley Seager",
      "main": "",
      "body": "<p>Output from Britain's factories fell for the fifth month in a row in July, the longest run of decline for seven years and one set to bring new calls for interest rate cuts.</p> <p>The Office for National Statistics said manufacturing output fell 0.2% from June to be 1.4% lower on the year, worse than City pundits expected. In the three months to July, production fell 1.1% from the previous three months - the worst since November 2005 - while the year-on-year fall of 1.7% was the weakest since May 2003.</p> <p>Andrew Goodwin, economist at the Ernst &amp; Young ITEM Club, said: \"Such weak data raises the odds of a November rate cut but the Bank of England has a delicate balancing act to perform. The economy badly needs an interest rate cut to stimulate weakening demand but, while inflation continues to accelerate, the Bank is wary of stoking price pressures.\"</p> <p>The wider industrial production measure, including North Sea oil and gas production as well as utility sales of electricity, also fell more than expected in July, by 0.4%, taking output down 1.9% year on year.</p> <p>The National Institute of Economic and Social Research also released its monthly estimate of economic growth. It suggested output contracted 0.2% in the three months to August from the previous three months, against a 0.1% fall in the three months to July.</p>",
      "newspaperPageNumber": "28",
      "wordcount": "235",
      "commentable": "false",
      "isPremoderated": "false",
      "lastModified": "2017-11-26T20:38:38Z",
      "newspaperEditionDate": "2008-09-10T00:00:00Z",
      "productionOffice": "UK",
      "publication": "The Guardian",
      "shortUrl": "https://gu.com/p/2vqez",
      "shouldHideAdverts": "false",
      "showInRelatedContent": "true",
      "legallySensitive": "false",
      "lang": "en",
      "bodyText": "Output from Britain's factories fell for the fifth month in a row in July, the longest run of decline for seven years and one set to bring new calls for interest rate cuts. The Office for National Statistics said manufacturing output fell 0.2% from June to be 1.4% lower on the year, worse than City pundits expected. In the three months to July, production fell 1.1% from the previous three months - the worst since November 2005 - while the year-on-year fall of 1.7% was the weakest since May 2003. Andrew Goodwin, economist at the Ernst &amp; Young ITEM Club, said: \"Such weak data raises the odds of a November rate cut but the Bank of England has a delicate balancing act to perform. The economy badly needs an interest rate cut to stimulate weakening demand but, while inflation continues to accelerate, the Bank is wary of stoking price pressures.\" The wider industrial production measure, including North Sea oil and gas production as well as utility sales of electricity, also fell more than expected in July, by 0.4%, taking output down 1.9% year on year. The National Institute of Economic and Social Research also released its monthly estimate of economic growth. It suggested output contracted 0.2% in the three months to August from the previous three months, against a 0.1% fall in the three months to July.",
      "charCount": "1322"
    },
    "isHosted": false,
    "pillarId": "pillar/news",
    "pillarName": "News"
  },
  {
    "id": "politics/2008/sep/10/tradeunions.alistairdarling",
    "type": "article",
    "sectionId": "politics",
    "sectionName": "Politics",
    "webPublicationDate": "2008-09-09T23:01:00Z",
    "webTitle": "Britain well placed to ride out credit crunch, Darling tells TUC",
    "webUrl": "https://www.theguardian.com/politics/2008/sep/10/tradeunions.alistairdarling",
    "apiUrl": "https://content.guardianapis.com/politics/2008/sep/10/tradeunions.alistairdarling",
    "fields": {
      "headline": "Britain well placed to ride out credit crunch, Darling tells TUC",
      "standfirst": "<strong>&#183;</strong> Workers 'must accept below-inflation pay rises'  <br /><strong>&#183;</strong> Delegates welcome attack on 'excessive' City bonuses",
      "trailText": "<p>Workers 'must accept below-inflation pay rises' and big rise in fuel and food bills</p>",
      "byline": "David Hencke, Westminster correspondent",
      "main": "",
      "body": "<p>Alistair Darling weathered a potentially difficult confrontation with a disillusioned TUC conference yesterday by declaring that Britain was in a good position to ride out the credit crunch even though workers will face short-term, below inflation pay rises and a big rise in fuel and food bills.</p> <p>The chancellor was jeered and faced cries of \"rubbish\" from the delegates when he insisted public sector workers had done well until now under Labour by receiving pay rises worth 39% since 2000, higher than the private sector.</p> <p>But his comments attacking banks for their irresponsible lending and City executives for taking excessive bonuses, whether they succeed or fail, went down well with delegates at Brighton.</p> <p>Overall his speech was received in polite silence with jeering and clapping reserved for the question and answer session that followed. Union leaders afterwards expressed disappointment over his failure to commit himself to a windfall tax, and for offering little comfort to low-paid workers and families struggling with high bills.</p> <p>Darling's main theme was that the government had to live within its means and could not risk creating home grown inflation by allowing higher pay awards to make himself popular with delegates.</p> <p>He accepted the TUC's main point that the current 5% inflation had been caused mainly by the huge rise in oil and food prices. But he insisted that if the oil price continued to fall inflation would come down next year. \"That's why it would be so damaging to allow inflation to become entrenched, as it did in the past,\" he said. \"That's why, in the private and public sectors, pay rises must be consistent with our inflation target. Otherwise every penny in pay rises will be quickly swallowed up by higher inflation. And we all remember the job losses that followed in the past once inflation takes a grip.</p> <p>\"Hundreds of thousands out of work, as happened in the 80s and 90s. We cannot allow that to happen.\"</p> <p>Delegates were right to be incensed about City bonuses. \"You're rightly concerned about excessive bonuses - especially when people seem to get money for failing not succeeding. And that's got to change.</p> <p>\"A bonus should be for hard work, not big mistakes. Excessive bonuses, which encourage traders to take excessive risks, at a time of easy global credit - one of the major reasons for the global credit crunch. We need to learn the lessons to prevent this happening again.\" Treasury officials said afterwards that his comments on executive pay referred to a review by the Financial Services Authority.</p> <p>During questions from delegates from the Public and Commercial Services Union and Unite, Darling insisted that he could not increase public sector pay and would not pledge a windfall tax. But he did offer two small concessions - a review of pay rises at the Department for Work and Pensions where 40% of staff receive no rise this year, and possible pay rises for railway and nuclear inspectors because nobody was applying for jobs.</p> <p>Brendan Barber, the TUC general secretary, praised Darling's performance. \"Not every response will have satisfied, but the chancellor will have won respect for his clear answers and his insistence that fairness must be the watchword of the government's response to the slowdown.\"</p> <p>But Paul Kenny, GMB general secretary, said Darling's performance was an attempt to warm the delegates \"but was only as warm as a toaster that had been unplugged for two hours\". He welcomed the comments on executive bonuses.</p> <p>Keith Sonnet, deputy general secretary of Unison, said: \"There was little comfort in that speech for millions of hard-working families struggling to make ends meet, unable to pay their bills and facing harsh choices. They deserve better than that.</p> <p>\"It's all very well saying that the government has to live within its means, when it is taking the means to live from working people, denying them a fair pay rise and pushing them into debt.\"</p> <p>The PCS and Unite were particularly unhappy about the chancellor's speech. Mark Serwotka, general secretary of the PCS, criticised him for failing to do anything about low pay and expressed scepticism on whether the Treasury would agree to higher pay for staff at DWP.</p> <p>Tony Woodley, joint general secretary of Unite, condemned the chancellor for not taking stronger action against exorbitant rises in windfall profits by the utility companies. Earlier at the conference he had called for the nationalisation of all utility companies and backed the renationalisation of the rail network.</p> <p><strong>\u00b7</strong> This article was amended on Thursday September 11 2008. Keith Sonnet is deputy general secretary of Unison, not of the GMB as we originally implied in this article.</p>",
      "newspaperPageNumber": "12",
      "wordcount": "771",
      "commentable": "false",
      "isPremoderated": "false",
      "lastModified": "2017-11-27T13:41:15Z",
      "newspaperEditionDate": "2008-09-10T00:00:00Z",
      "productionOffice": "UK",
      "publication": "The Guardian",
      "shortUrl": "https://gu.com/p/2vqdh",
      "shouldHideAdverts": "false",
      "showInRelatedContent": "true",
      "legallySensitive": "false",
      "lang": "en",
      "bodyText": "Alistair Darling weathered a potentially difficult confrontation with a disillusioned TUC conference yesterday by declaring that Britain was in a good position to ride out the credit crunch even though workers will face short-term, below inflation pay rises and a big rise in fuel and food bills. The chancellor was jeered and faced cries of \"rubbish\" from the delegates when he insisted public sector workers had done well until now under Labour by receiving pay rises worth 39% since 2000, higher than the private sector. But his comments attacking banks for their irresponsible lending and City executives for taking excessive bonuses, whether they succeed or fail, went down well with delegates at Brighton. Overall his speech was received in polite silence with jeering and clapping reserved for the question and answer session that followed. Union leaders afterwards expressed disappointment over his failure to commit himself to a windfall tax, and for offering little comfort to low-paid workers and families struggling with high bills. Darling's main theme was that the government had to live within its means and could not risk creating home grown inflation by allowing higher pay awards to make himself popular with delegates. He accepted the TUC's main point that the current 5% inflation had been caused mainly by the huge rise in oil and food prices. But he insisted that if the oil price continued to fall inflation would come down next year. \"That's why it would be so damaging to allow inflation to become entrenched, as it did in the past,\" he said. \"That's why, in the private and public sectors, pay rises must be consistent with our inflation target. Otherwise every penny in pay rises will be quickly swallowed up by higher inflation. And we all remember the job losses that followed in the past once inflation takes a grip. \"Hundreds of thousands out of work, as happened in the 80s and 90s. We cannot allow that to happen.\" Delegates were right to be incensed about City bonuses. \"You're rightly concerned about excessive bonuses - especially when people seem to get money for failing not succeeding. And that's got to change. \"A bonus should be for hard work, not big mistakes. Excessive bonuses, which encourage traders to take excessive risks, at a time of easy global credit - one of the major reasons for the global credit crunch. We need to learn the lessons to prevent this happening again.\" Treasury officials said afterwards that his comments on executive pay referred to a review by the Financial Services Authority. During questions from delegates from the Public and Commercial Services Union and Unite, Darling insisted that he could not increase public sector pay and would not pledge a windfall tax. But he did offer two small concessions - a review of pay rises at the Department for Work and Pensions where 40% of staff receive no rise this year, and possible pay rises for railway and nuclear inspectors because nobody was applying for jobs. Brendan Barber, the TUC general secretary, praised Darling's performance. \"Not every response will have satisfied, but the chancellor will have won respect for his clear answers and his insistence that fairness must be the watchword of the government's response to the slowdown.\" But Paul Kenny, GMB general secretary, said Darling's performance was an attempt to warm the delegates \"but was only as warm as a toaster that had been unplugged for two hours\". He welcomed the comments on executive bonuses. Keith Sonnet, deputy general secretary of Unison, said: \"There was little comfort in that speech for millions of hard-working families struggling to make ends meet, unable to pay their bills and facing harsh choices. They deserve better than that. \"It's all very well saying that the government has to live within its means, when it is taking the means to live from working people, denying them a fair pay rise and pushing them into debt.\" The PCS and Unite were particularly unhappy about the chancellor's speech. Mark Serwotka, general secretary of the PCS, criticised him for failing to do anything about low pay and expressed scepticism on whether the Treasury would agree to higher pay for staff at DWP. Tony Woodley, joint general secretary of Unite, condemned the chancellor for not taking stronger action against exorbitant rises in windfall profits by the utility companies. Earlier at the conference he had called for the nationalisation of all utility companies and backed the renationalisation of the rail network. \u00b7 This article was amended on Thursday September 11 2008. Keith Sonnet is deputy general secretary of Unison, not of the GMB as we originally implied in this article.",
      "charCount": "4682"
    },
    "isHosted": false,
    "pillarId": "pillar/news",
    "pillarName": "News"
  },
  {
    "id": "business/2008/sep/10/housingmarket.mortgagelendingfigures",
    "type": "article",
    "sectionId": "money",
    "sectionName": "Money",
    "webPublicationDate": "2008-09-09T23:01:00Z",
    "webTitle": "Housing: UK property auction prices slump 23%, while loans to first-time buyers hit record low",
    "webUrl": "https://www.theguardian.com/business/2008/sep/10/housingmarket.mortgagelendingfigures",
    "apiUrl": "https://content.guardianapis.com/business/2008/sep/10/housingmarket.mortgagelendingfigures",
    "fields": {
      "headline": "Housing: UK property auction prices slump 23%, while loans to first-time buyers hit record low",
      "trailText": "<p>First-time buyers adopt 'wait and see' approach to market due to tighter lending criteria</p>",
      "byline": "Kathryn Hopkins",
      "main": "<figure class=\"element element-image\" data-media-id=\"gu-image-337478588\"> <img src=\"http://static.guim.co.uk/sys-images/Money/Pix/pictures/2008/09/10/HammerRexGMBH460.jpg\" alt=\"Auction hammer\" width=\"460\" height=\"276\" class=\"gu-image\" /> <figcaption> <span class=\"element-image__caption\">Auctions: \"Real deals show the prices paid by real buyers\". Photo: Rex/GMBH</span> </figcaption> </figure>",
      "body": "<p>The average price of a house sold at auction plunged by nearly a quarter in the year to August, dealing a further blow to Britain's battered <a href=\"http://www.theguardian.com/money/property\">property</a> market, according to data unveiled today.</p> <p>Calculations by the Liberal Democrat treasury spokesman, Lord Oakeshott, show the average price of the 3,993 homes sold at auction between June and August was \u00a3130,400 - down 23% from \u00a3170,300 in the same period a year ago.</p> <p>\"Auctions are the sharp end of the housing market where real deals show the prices paid by real buyers. The published <a href=\"http://www.theguardian.com/money/houseprices\">house price</a> indices are well behind the game,\" said Oakeshott. </p> <p>\"Unlike [housing minister] Caroline Flint and the other amateurs in Whitehall talking about 5% to 10% falls, property professionals are pricing in a 16.5% fall in the Halifax house price index over the next year and 26.5% over the next three years. Ministers must wake up now and let housing associations and councils buy empty homes for social housing to rent. The feeble government response to the housing crash has been like throwing pennies down a drain.\"</p> <p>The auction figures came just after the Council of Mortgage Lenders said loans to <a href=\"http://www.theguardian.com/money/firsttimebuyers\">first-time buyers</a> fell to a record low in July as would-be homeowners adopted a \"wait-and-see\" approach to the market. </p> <p>The number of first-time buyer loans dropped to 17,300 - the lowest number since the CML began publishing figures in 2002 - down 5% from June and 48% from July 2007. Last week the government raised from \u00a3125,000 to \u00a3175,000 the purchase price at which stamp duty is payable and revamped a shared equity scheme for new homes, to try and stimulate activity.</p> <p>CML's director general, Michael Coogan, said: \"Tighter lending criteria have clearly made it more difficult for first-time buyers to enter the market. </p> <p>\"The stamp duty and shared equity measures announced by the government will be helpful to those first-time buyers looking to enter now, but many may be waiting for house prices to stabilise.</p> <p>\"Restoring the flow of funding to the mortgage market is crucial to housing market recovery and we look forward to the findings of the Crosby review at the end of the month,\" he said, referring to a government-sponsored review by former HBOS chief executive Sir James Crosby. </p> <p>Tighter lending conditions now mean first-time buyers need their largest deposit since the early 1980s to step on to the property ladder.</p> <p>The average first-time buyer needed a 15% deposit of \u00a319,400 in July, up from 13% in June, the CML said.</p>",
      "newspaperPageNumber": "25",
      "wordcount": "427",
      "commentable": "false",
      "isPremoderated": "false",
      "lastModified": "2017-11-26T20:38:45Z",
      "newspaperEditionDate": "2008-09-10T00:00:00Z",
      "productionOffice": "UK",
      "publication": "The Guardian",
      "shortUrl": "https://gu.com/p/2vqd8",
      "shouldHideAdverts": "false",
      "showInRelatedContent": "true",
      "legallySensitive": "false",
      "lang": "en",
      "bodyText": "The average price of a house sold at auction plunged by nearly a quarter in the year to August, dealing a further blow to Britain's battered property market, according to data unveiled today. Calculations by the Liberal Democrat treasury spokesman, Lord Oakeshott, show the average price of the 3,993 homes sold at auction between June and August was \u00a3130,400 - down 23% from \u00a3170,300 in the same period a year ago. \"Auctions are the sharp end of the housing market where real deals show the prices paid by real buyers. The published house price indices are well behind the game,\" said Oakeshott. \"Unlike [housing minister] Caroline Flint and the other amateurs in Whitehall talking about 5% to 10% falls, property professionals are pricing in a 16.5% fall in the Halifax house price index over the next year and 26.5% over the next three years. Ministers must wake up now and let housing associations and councils buy empty homes for social housing to rent. The feeble government response to the housing crash has been like throwing pennies down a drain.\" The auction figures came just after the Council of Mortgage Lenders said loans to first-time buyers fell to a record low in July as would-be homeowners adopted a \"wait-and-see\" approach to the market. The number of first-time buyer loans dropped to 17,300 - the lowest number since the CML began publishing figures in 2002 - down 5% from June and 48% from July 2007. Last week the government raised from \u00a3125,000 to \u00a3175,000 the purchase price at which stamp duty is payable and revamped a shared equity scheme for new homes, to try and stimulate activity. CML's director general, Michael Coogan, said: \"Tighter lending criteria have clearly made it more difficult for first-time buyers to enter the market. \"The stamp duty and shared equity measures announced by the government will be helpful to those first-time buyers looking to enter now, but many may be waiting for house prices to stabilise. \"Restoring the flow of funding to the mortgage market is crucial to housing market recovery and we look forward to the findings of the Crosby review at the end of the month,\" he said, referring to a government-sponsored review by former HBOS chief executive Sir James Crosby. Tighter lending conditions now mean first-time buyers need their largest deposit since the early 1980s to step on to the property ladder. The average first-time buyer needed a 15% deposit of \u00a319,400 in July, up from 13% in June, the CML said.",
      "charCount": "2474"
    },
    "isHosted": false,
    "pillarId": "pillar/lifestyle",
    "pillarName": "Lifestyle"
  },
  {
    "id": "business/2008/sep/10/stockmarkets.lehmanbrothers",
    "type": "article",
    "sectionId": "business",
    "sectionName": "Business",
    "webPublicationDate": "2008-09-09T23:01:00Z",
    "webTitle": "Wall Street bank fears return as Lehman shares suffer 45% plunge",
    "webUrl": "https://www.theguardian.com/business/2008/sep/10/stockmarkets.lehmanbrothers",
    "apiUrl": "https://content.guardianapis.com/business/2008/sep/10/stockmarkets.lehmanbrothers",
    "fields": {
      "headline": "Wall Street bank fears return as Lehman shares suffer 45% plunge",
      "standfirst": "&#183; Alarm at reports of Korean pullout from rescue plan <br/>&#183; Dow sheds most of gains from Fannie Mae bail-out",
      "trailText": "<p>Mood sours for traders just a day after Freddie Mac and Fannie Mae are bailed out</p>",
      "byline": "David Teather in New York",
      "main": "",
      "body": "<p>Shares in Lehman Brothers fell by 45% last night amid fears the investment bank would fail to raise much-needed capital to shore up its finances, plunging Wall Street back into a state of high anxiety.</p> <p>The Dow Jones index of leading shares closed more than 280 points lower, almost entirely erasing the gains made on Monday when the markets had reacted with enthusiasm to the bail-out of stricken mortgage finance firms Freddie Mac and Fannie Mae.</p> <p>The oil price also fell sharply, with Brent crude back under $100 a barrel for the first time since April.</p> <p>Lehman's options for raising fresh financing appeared to be running out after talks to sell a stake in the bank to the South Korean government-owned Korea Development Bank were reported to have broken down.</p> <p>Lehman is facing billions of dollars in losses from ill-judged gambles on the mortgage market and the investment bank has become the latest victim of the credit crunch. The bank had hoped to secure an investor ahead of its third quarter results, due next week, but that is now looking increasingly unlikely.</p> <p>\"The market fears that no one will inject capital in the company,\" said Nick Kalivas, an analyst at MF Global Research in Chicago.</p> <p>Lehman is also said to be considering the sale of its asset management division, Neuberger Berman, or its commercial real estate portfolio to raise cash.</p> <p>Shares in the bank are at their lowest point in a decade and the decline accelerated toward the end of the trading session, closing $6.36 lower at $7.79.</p> <p>There had been rumours that Lehman would bring its figures forward yesterday in an attempt to calm the markets. The bank made no comment yesterday but senior managers worked late into the night and will be under pressure to make a statement before the market opens today.</p> <p>After the market closed, other banks, including Goldman Sachs, Citigroup and Morgan Stanley, stressed that they were still trading with Lehman.</p> <p>Investors are on high alert after the near collapse of Bear Stearns in March. The credit agency Standard &amp; Poor's put Lehman on notice yesterday that it may lower its debt rating because of the \"heightened uncertainty\" about its ability to raise further capital.</p> <p>The Federal Reserve, the US central bank, and the securities and exchange commission declined to comment.</p> <p>Lehman had been in discussions with KDB for the past two months but South Korean regulators told Dow Jones that the conversations had ended. The troubled US bank is understood to have held discussions with at least two other potential investors which have come to nothing.</p> <p>Lehman lost $2.8bn in the second quarter.</p> <p>The mood on Wall Street was further soured by fresh housing data, which showed home sales continuing to fall. The National Association of Realtors said pending home sales were down by 6.8% in July compared with the same month a year ago, a steeper decline than expected.</p> <p>Share price falls were reflected across the ranges of indices. The S&amp;P 500 dropped 3.4% and the Nasdaq composite was down 2.6%.</p> <p>The decision by the US government to seize control of the troubled mortgage lenders Freddie Mac and Fannie Mae had given the markets a shot in the arm on Monday, lifting the Dow Jones industrial average 289 points.</p> <p>But the future of the government-sponsored enterprises was still far from clear yesterday. Politicians in Washington began squaring up for a fight over the future of Fannie and Freddie, which were effectively taken into public ownership in the largest bailout in American history</p> <p>The House financial services committee yesterday set a hearing date for September 24 and the Senate is expected to announce its own hearing in the coming days.</p> <p>An ideological battle appeared to be brewing over the future of the lenders with Democrats hoping to protect Fannie and Freddie's public policy role of helping low income families and widening home ownership, while Republicans mostly favoured their break-up and full privatisation.</p> <p>Treasury secretary Henry Paulson wants them to start reducing the size of their mortgage books in 2010, mirroring the situation that faced British lender Northern Rock after its nationalisation.</p>",
      "newspaperPageNumber": "25",
      "wordcount": "695",
      "commentable": "false",
      "isPremoderated": "false",
      "lastModified": "2017-11-26T20:38:42Z",
      "newspaperEditionDate": "2008-09-10T00:00:00Z",
      "productionOffice": "UK",
      "publication": "The Guardian",
      "shortUrl": "https://gu.com/p/2vqcz",
      "shouldHideAdverts": "false",
      "showInRelatedContent": "true",
      "legallySensitive": "false",
      "lang": "en",
      "bodyText": "Shares in Lehman Brothers fell by 45% last night amid fears the investment bank would fail to raise much-needed capital to shore up its finances, plunging Wall Street back into a state of high anxiety. The Dow Jones index of leading shares closed more than 280 points lower, almost entirely erasing the gains made on Monday when the markets had reacted with enthusiasm to the bail-out of stricken mortgage finance firms Freddie Mac and Fannie Mae. The oil price also fell sharply, with Brent crude back under $100 a barrel for the first time since April. Lehman's options for raising fresh financing appeared to be running out after talks to sell a stake in the bank to the South Korean government-owned Korea Development Bank were reported to have broken down. Lehman is facing billions of dollars in losses from ill-judged gambles on the mortgage market and the investment bank has become the latest victim of the credit crunch. The bank had hoped to secure an investor ahead of its third quarter results, due next week, but that is now looking increasingly unlikely. \"The market fears that no one will inject capital in the company,\" said Nick Kalivas, an analyst at MF Global Research in Chicago. Lehman is also said to be considering the sale of its asset management division, Neuberger Berman, or its commercial real estate portfolio to raise cash. Shares in the bank are at their lowest point in a decade and the decline accelerated toward the end of the trading session, closing $6.36 lower at $7.79. There had been rumours that Lehman would bring its figures forward yesterday in an attempt to calm the markets. The bank made no comment yesterday but senior managers worked late into the night and will be under pressure to make a statement before the market opens today. After the market closed, other banks, including Goldman Sachs, Citigroup and Morgan Stanley, stressed that they were still trading with Lehman. Investors are on high alert after the near collapse of Bear Stearns in March. The credit agency Standard &amp; Poor's put Lehman on notice yesterday that it may lower its debt rating because of the \"heightened uncertainty\" about its ability to raise further capital. The Federal Reserve, the US central bank, and the securities and exchange commission declined to comment. Lehman had been in discussions with KDB for the past two months but South Korean regulators told Dow Jones that the conversations had ended. The troubled US bank is understood to have held discussions with at least two other potential investors which have come to nothing. Lehman lost $2.8bn in the second quarter. The mood on Wall Street was further soured by fresh housing data, which showed home sales continuing to fall. The National Association of Realtors said pending home sales were down by 6.8% in July compared with the same month a year ago, a steeper decline than expected. Share price falls were reflected across the ranges of indices. The S&amp;P 500 dropped 3.4% and the Nasdaq composite was down 2.6%. The decision by the US government to seize control of the troubled mortgage lenders Freddie Mac and Fannie Mae had given the markets a shot in the arm on Monday, lifting the Dow Jones industrial average 289 points. But the future of the government-sponsored enterprises was still far from clear yesterday. Politicians in Washington began squaring up for a fight over the future of Fannie and Freddie, which were effectively taken into public ownership in the largest bailout in American history The House financial services committee yesterday set a hearing date for September 24 and the Senate is expected to announce its own hearing in the coming days. An ideological battle appeared to be brewing over the future of the lenders with Democrats hoping to protect Fannie and Freddie's public policy role of helping low income families and widening home ownership, while Republicans mostly favoured their break-up and full privatisation. Treasury secretary Henry Paulson wants them to start reducing the size of their mortgage books in 2010, mirroring the situation that faced British lender Northern Rock after its nationalisation.",
      "charCount": "4147"
    },
    "isHosted": false,
    "pillarId": "pillar/news",
    "pillarName": "News"
  },
  {
    "id": "commentisfree/2008/sep/09/dickcheney.usforeignpolicy",
    "type": "article",
    "sectionId": "commentisfree",
    "sectionName": "Opinion",
    "webPublicationDate": "2008-09-09T18:08:38Z",
    "webTitle": "Lionel Beehner: The real motives behind Dick Cheney's pledge of solidarity with Georgia",
    "webUrl": "https://www.theguardian.com/commentisfree/2008/sep/09/dickcheney.usforeignpolicy",
    "apiUrl": "https://content.guardianapis.com/commentisfree/2008/sep/09/dickcheney.usforeignpolicy",
    "fields": {
      "headline": "No, we are not all Georgians",
      "standfirst": "Dick Cheney's pledge of solidarity with Georgia is all about antagonising Russia, securing oil and helping the Republicans",
      "trailText": "<p><strong>Lionel Beehner:</strong> Dick Cheney's pledge of solidarity with Georgia is all about antagonising Russia, securing oil and helping the Republicans</p>",
      "byline": "Lionel Beehner",
      "main": "",
      "body": "<p>Rarely does Dick Cheney venture abroad without setting off some sort of tempest in foreign policy circles. And his most recent trip to Azerbaijan, Ukraine and Georgia did not disappoint. The US vice-president offered Ukraine and Georgia Nato membership and promised the latter <a href=\"http://www.iht.com/articles/2008/09/04/europe/04cheney.php\">$1bn in humanitarian aid </a>to put itself back together after its <a href=\"http://www.theguardian.com/world/georgia\">war with Russia</a>.</p> <p>When did Georgia become America's 51st state? I applaud moves to send humanitarian aid, but $1bn to a country of 4 million inhabitants? What makes me sick to my stomach is that the aid is not one of American generosity - it is a cold, calculated move aimed squarely at Russia. Moreover, we are rewarding the Georgian government's reckless behaviour - invading a separatist province despite reported warnings from Washington not to - and creating a moral hazard in the process.</p> <p>Cheney, on his visit, called the Georgians \"courageous\" and said Americans <a href=\"http://www.whitehouse.gov/news/releases/2008/09/20080904.html\">\"stand in solidarity with people of Georgia\"</a>. Really? I bet most Americans couldn't even pinpoint South Ossetia on a map, much less pronounce the name of the province. </p> <p>The reason for Americans' sudden love of all things Georgian is manifold. First, a renewed cold war-style confrontation with Russia has been in the offing for the past few years. The <a href=\"http://news.bbc.co.uk/1/hi/business/3231429.stm\">Yukos affair</a>, Russia's <a href=\"http://www.slate.com/id/2166749/\">cyber war with Estonia</a> and the British Council row were all signs pointing in this direction. Every time Vladimir Putin clears his throat, something anti-western comes blurting out. </p> <p>Second, Georgia falls on an important energy corridor. The Baku-Ceyhan pipeline runs east-west beneath its ground and is vital to keeping the paws of Iran and Russia off Caspian crude. Nobody knows this better than Cheney. Before he leaves office, he is eager to shore up energy projects for future clients - the better to pad his retirement earnings out of office. And Georgia pays handsomely, as <a href=\"http://www.washingtonpost.com/wp-dyn/content/article/2008/08/12/AR2008081202932.html\">Randy Scheunemann</a> - who penned a $200,000 contract back in April with Tbilisi while working as John McCain's senior foreign policy adviser - surely knows. </p> <p>Third, Georgia's President Mikhail Saakashvili has launched a charm offensive of Ahmed Chalabi-like proportions. Every neoconservative in Washington has been wined and dined by the dapper young English-speaking president. To return the favour, nearly all of Washington turned a blind eye when Saakashvili ordered his troops to <a href=\"http://www.nytimes.com/2007/11/09/world/europe/09georgia.html\">fire on unarmed protestors last November</a> and shut down independent television stations, prompting a snap presidential election. </p> <p>Finally, a cold war with Russia helps the Republicans. The more American voters are twitchy on national security, the more they lean right. Even Putin has hinted that the Georgian operation was hatched in Washington to help McCain. While that idea is a bit far-fetched and conspiratorial, the beneficiary of worsened US-Russian relations is no doubt McCain (and of course Sarah Palin is a well-seasoned Kremlinologist, thanks to her state's <a href=\"http://thinkprogress.org/2008/08/31/cindy-palin-russia/\">close proximity to Russia</a>!). </p> <p>This is not to excuse Russian behaviour. It would be difficult to defend the Kremlin's actions anywhere in its near abroad over the past decade. But recklessly siding with any state that stands up to Russia or haphazardly expanding Nato eastward is neither a sound policy nor a strategic priority, what with Iran racing forward on its nuclear ambitions and Afghanistan looking more like Iraq every week. Russian cooperation on these issues is needed. That does not mean we should not criticise Moscow, but by poking the Russian bear in the eye, Cheney will only bequeath to the next president a foreign policy mess in the making. </p> <p>Georgia fits neatly into the Republicans' black-and-white fiction of its foreign policy - the narrative that there is good and evil in this world and Russia falls squarely under the latter. Attempting to parse situations such as Russia's war with Georgia and find nuance is something Democrats like to do, akin to negotiating with evil, a phrase often heard last week in St Paul. </p> <p>Cheney's reckless foreign policy should be reined in. Promising all sorts of handouts to Georgia, Ukraine and Azerbaijan is not a coherent policy. It is a knee-jerk response to Russian aggression that will only fan the flames. </p> <p>Interestingly, if Saakashvili is a <a href=\"http://news.bbc.co.uk/2/hi/europe/7594860.stm\">\"political corpse\"</a>, as Russian President Dmitry Medvedev described him in a fit of anger, then Cheney's recent meeting with the Georgian leader was just one political corpse talking to another.</p>",
      "wordcount": "713",
      "commentCloseDate": "2008-09-12T18:08:00Z",
      "commentable": "true",
      "isPremoderated": "false",
      "lastModified": "2017-07-15T02:24:27Z",
      "newspaperEditionDate": "2008-09-09T00:00:00Z",
      "productionOffice": "UK",
      "publication": "theguardian.com",
      "shortUrl": "https://gu.com/p/2vq2k",
      "shouldHideAdverts": "false",
      "showInRelatedContent": "true",
      "legallySensitive": "false",
      "lang": "en",
      "bodyText": "Rarely does Dick Cheney venture abroad without setting off some sort of tempest in foreign policy circles. And his most recent trip to Azerbaijan, Ukraine and Georgia did not disappoint. The US vice-president offered Ukraine and Georgia Nato membership and promised the latter $1bn in humanitarian aid to put itself back together after its war with Russia. When did Georgia become America's 51st state? I applaud moves to send humanitarian aid, but $1bn to a country of 4 million inhabitants? What makes me sick to my stomach is that the aid is not one of American generosity - it is a cold, calculated move aimed squarely at Russia. Moreover, we are rewarding the Georgian government's reckless behaviour - invading a separatist province despite reported warnings from Washington not to - and creating a moral hazard in the process. Cheney, on his visit, called the Georgians \"courageous\" and said Americans \"stand in solidarity with people of Georgia\". Really? I bet most Americans couldn't even pinpoint South Ossetia on a map, much less pronounce the name of the province. The reason for Americans' sudden love of all things Georgian is manifold. First, a renewed cold war-style confrontation with Russia has been in the offing for the past few years. The Yukos affair, Russia's cyber war with Estonia and the British Council row were all signs pointing in this direction. Every time Vladimir Putin clears his throat, something anti-western comes blurting out. Second, Georgia falls on an important energy corridor. The Baku-Ceyhan pipeline runs east-west beneath its ground and is vital to keeping the paws of Iran and Russia off Caspian crude. Nobody knows this better than Cheney. Before he leaves office, he is eager to shore up energy projects for future clients - the better to pad his retirement earnings out of office. And Georgia pays handsomely, as Randy Scheunemann - who penned a $200,000 contract back in April with Tbilisi while working as John McCain's senior foreign policy adviser - surely knows. Third, Georgia's President Mikhail Saakashvili has launched a charm offensive of Ahmed Chalabi-like proportions. Every neoconservative in Washington has been wined and dined by the dapper young English-speaking president. To return the favour, nearly all of Washington turned a blind eye when Saakashvili ordered his troops to fire on unarmed protestors last November and shut down independent television stations, prompting a snap presidential election. Finally, a cold war with Russia helps the Republicans. The more American voters are twitchy on national security, the more they lean right. Even Putin has hinted that the Georgian operation was hatched in Washington to help McCain. While that idea is a bit far-fetched and conspiratorial, the beneficiary of worsened US-Russian relations is no doubt McCain (and of course Sarah Palin is a well-seasoned Kremlinologist, thanks to her state's close proximity to Russia!). This is not to excuse Russian behaviour. It would be difficult to defend the Kremlin's actions anywhere in its near abroad over the past decade. But recklessly siding with any state that stands up to Russia or haphazardly expanding Nato eastward is neither a sound policy nor a strategic priority, what with Iran racing forward on its nuclear ambitions and Afghanistan looking more like Iraq every week. Russian cooperation on these issues is needed. That does not mean we should not criticise Moscow, but by poking the Russian bear in the eye, Cheney will only bequeath to the next president a foreign policy mess in the making. Georgia fits neatly into the Republicans' black-and-white fiction of its foreign policy - the narrative that there is good and evil in this world and Russia falls squarely under the latter. Attempting to parse situations such as Russia's war with Georgia and find nuance is something Democrats like to do, akin to negotiating with evil, a phrase often heard last week in St Paul. Cheney's reckless foreign policy should be reined in. Promising all sorts of handouts to Georgia, Ukraine and Azerbaijan is not a coherent policy. It is a knee-jerk response to Russian aggression that will only fan the flames. Interestingly, if Saakashvili is a \"political corpse\", as Russian President Dmitry Medvedev described him in a fit of anger, then Cheney's recent meeting with the Georgian leader was just one political corpse talking to another.",
      "charCount": "4408"
    },
    "isHosted": false,
    "pillarId": "pillar/opinion",
    "pillarName": "Opinion"
  },
  {
    "id": "football/2008/sep/09/englandfootballteam.worldcup2010qualifiers2",
    "type": "article",
    "sectionId": "football",
    "sectionName": "Football",
    "webPublicationDate": "2008-09-09T17:29:41Z",
    "webTitle": "Sport media: Croatia v England talks end in stalemate",
    "webUrl": "https://www.theguardian.com/football/2008/sep/09/englandfootballteam.worldcup2010qualifiers2",
    "apiUrl": "https://content.guardianapis.com/football/2008/sep/09/englandfootballteam.worldcup2010qualifiers2",
    "fields": {
      "headline": "Croatia v England talks end in stalemate",
      "standfirst": "\u00b7 Highlights will not be shown on free-to-air channels<br />\u00b7 Setanta believes rivals not offering market price",
      "trailText": "<p>Highlights of the crucial World Cup qualifier will not be shown on terrestrial TV after Setanta were unable to resolve the row</p>",
      "byline": "Owen Gibson",
      "main": "",
      "body": "<p>Unless they subscribe to pay-TV channel Setanta Sports or go to their nearest pub with a big screen, fans will not be able to see tomorrow's crucial clash between England and Croatia after talks over the sale of highlights to free-to-air channels ended in stalemate. </p> <p>The blackout has provoked widespread debate among fans and FA officials about the wisdom of Setanta's strategy. But the ambitious Irish pay-TV broadcaster believes its terrestrial rivals are guilty of trying to wage a campaign against a new force in sports broadcasting, just as they did with Sky Sports in the early 1990s.</p> <p>Despite offers from the BBC, ITV and Channel 4 to buy the rights to highlights, Setanta continues to believe that the broadcasters are refusing to pay the market price and are hoping instead to bounce it into accepting a cut-price last-minute offer. </p> <p>It paid around \u00a35m for the exclusive live rights and is looking for a fifth of that for the highlights. But the free-to-air broadcasters are equally adamant that Setanta is hugely overvaluing the rights and is purposely setting a high bar in order to maintain exclusivity and drive subscriptions. Bar an unlikely last-minute compromise, a deal now looks highly unlikely.</p> <p>While there are believed to have been isolated examples of international highlights not being bought by terrestrial channels, this is the first time it has blown up into such a huge row - partly because the Croatia game is seen as such an important one. Setanta also hold the rights to the rest of England's away matches during the qualifying campaign. </p> <p>Earlier this week Labour MP John Grogan called for the rights to the highlights of qualifying matches, home and away, to be added to the government's list of protected sporting events. </p> <p>The last time there was a comparable situation, when Sky had the rights to England's climactic away clash with Turkey in 2003, the rights to the highlights were eventually sold to ITV. The FA has no control over the situation, with away matches being sold to the highest bidder by overseas football authorities often seeking a big pay day for their clash with England. </p> <p>An earlier precedent established that only the rights to highlights of \"decisive\" matches in qualifying groups were required be sold on to a free to air broadcaster, following a similar dispute over England's clash with Italy during the qualifying campaign for the 1998 World Cup under Glenn Hoddle.</p> <p>\"There is no commercial value to Setanta in holding on to the rights to the highlights at this stage. They will not increase their subscriber figures in the days before the match by withholding highlights that would run after 11pm on the same day. It seems to me they are walking into a PR disaster,\" said a senior executive at one of the terrestrial broadcasters. </p> <p>But Setanta insiders believe they now offer a good value alternative to Sky Sports and see no evidence of a public backlash.</p>",
      "wordcount": "491",
      "commentable": "false",
      "isPremoderated": "false",
      "lastModified": "2017-02-20T19:23:55Z",
      "newspaperEditionDate": "2008-09-09T00:00:00Z",
      "productionOffice": "UK",
      "publication": "theguardian.com",
      "shortUrl": "https://gu.com/p/2vq9k",
      "shouldHideAdverts": "false",
      "showInRelatedContent": "true",
      "legallySensitive": "false",
      "lang": "en",
      "bodyText": "Unless they subscribe to pay-TV channel Setanta Sports or go to their nearest pub with a big screen, fans will not be able to see tomorrow's crucial clash between England and Croatia after talks over the sale of highlights to free-to-air channels ended in stalemate. The blackout has provoked widespread debate among fans and FA officials about the wisdom of Setanta's strategy. But the ambitious Irish pay-TV broadcaster believes its terrestrial rivals are guilty of trying to wage a campaign against a new force in sports broadcasting, just as they did with Sky Sports in the early 1990s. Despite offers from the BBC, ITV and Channel 4 to buy the rights to highlights, Setanta continues to believe that the broadcasters are refusing to pay the market price and are hoping instead to bounce it into accepting a cut-price last-minute offer. It paid around \u00a35m for the exclusive live rights and is looking for a fifth of that for the highlights. But the free-to-air broadcasters are equally adamant that Setanta is hugely overvaluing the rights and is purposely setting a high bar in order to maintain exclusivity and drive subscriptions. Bar an unlikely last-minute compromise, a deal now looks highly unlikely. While there are believed to have been isolated examples of international highlights not being bought by terrestrial channels, this is the first time it has blown up into such a huge row - partly because the Croatia game is seen as such an important one. Setanta also hold the rights to the rest of England's away matches during the qualifying campaign. Earlier this week Labour MP John Grogan called for the rights to the highlights of qualifying matches, home and away, to be added to the government's list of protected sporting events. The last time there was a comparable situation, when Sky had the rights to England's climactic away clash with Turkey in 2003, the rights to the highlights were eventually sold to ITV. The FA has no control over the situation, with away matches being sold to the highest bidder by overseas football authorities often seeking a big pay day for their clash with England. An earlier precedent established that only the rights to highlights of \"decisive\" matches in qualifying groups were required be sold on to a free to air broadcaster, following a similar dispute over England's clash with Italy during the qualifying campaign for the 1998 World Cup under Glenn Hoddle. \"There is no commercial value to Setanta in holding on to the rights to the highlights at this stage. They will not increase their subscriber figures in the days before the match by withholding highlights that would run after 11pm on the same day. It seems to me they are walking into a PR disaster,\" said a senior executive at one of the terrestrial broadcasters. But Setanta insiders believe they now offer a good value alternative to Sky Sports and see no evidence of a public backlash.",
      "charCount": "2908"
    },
    "isHosted": false,
    "pillarId": "pillar/sport",
    "pillarName": "Sport"
  },
  {
    "id": "politics/2008/sep/09/tradeunions.policy",
    "type": "article",
    "sectionId": "politics",
    "sectionName": "Politics",
    "webPublicationDate": "2008-09-09T17:28:28Z",
    "webTitle": "Alistair Darling faces down TUC pay rise demands",
    "webUrl": "https://www.theguardian.com/politics/2008/sep/09/tradeunions.policy",
    "apiUrl": "https://content.guardianapis.com/politics/2008/sep/09/tradeunions.policy",
    "fields": {
      "headline": "Alistair Darling faces down TUC pay rise demands",
      "standfirst": "Chancellor warns unions that wage increases would cause inflationary spiral",
      "trailText": "<p>Chancellor warns unions that wage increases would cause inflationary spiral</p>",
      "byline": "H\u00e9l\u00e8ne Mulholland",
      "main": "",
      "body": "<p>Alistair Darling today faced down calls for above-inflation public sector pay rises as he warned unions that such a move risked sparking a \"damaging\" inflationary spiral. </p> <p>Darling was met by a lukewarm reaction when he told TUC delegates in Brighton that a stable economy was \"not an optional extra\" for the government.</p> <p>The chancellor made his keynote speech to trade unions just a day after they backed a motion demanding the government rethink its pay restraint policy for public sector workers in the face of rising household bills.</p> <p>He refused to budge on the issue as he insisted there was \"good reason to be confident\" about the economy's future as long as the government did not sacrifice stability by allowing inflation to get out of hand. </p> <p>Darling told union leaders they were right to be concerned about \"excessive\" bonuses in private sector boardrooms, which he said were one of the major causes of the global credit crunch.</p> <p>But he went on to say that pay rises for ordinary workers had to be consistent with the government's 2% inflation target to avoid widespread job losses.</p> <p>Darling said: \"It would be so damaging for us to allow inflation to become entrenched, as it did in the past. </p> <p>\"That's why, in the private and public sectors, pay rises must be consistent with our inflation target. Otherwise every penny in pay rises will be very quickly swallowed up by higher prices. And we all remember the job losses that followed in the past once inflation takes a grip. </p> <p>\"Hundreds of thousands out of work, as happened in the 80s and 90s. We cannot allow that to happen.\" </p> <p>As the chancellor began his address, a small number of delegates held up banners saying that food, housing and education were \"not an additional extra\". </p> <p>The protesting delegates were members of the college lecturers' union UCU, which has been involved in a long-running dispute with the government over pay. </p> <p>Many of the 100-strong delegation from Unite, the biggest union in the country, wore bright yellow T-shirts bearing the slogan: \"Cut my pay - no way.\"</p> <p>The chancellor was challenged by Janice Godrich, a civil servant and president of the Public and Commercial Services union, about the plight of staff in the Department of Work and Pensions who were facing a 0% pay rise.</p> <p>Darling conceded that the primary cause of inflation was the rising price of oil and food, rather than public sector pay, before insisting that staging higher pay awards would fuel inflation and in turn \"completely swallow up\" the benefits of the increases.</p> <p>He said that while in the short term higher pay rises would prompt cheers for the government, the fallout would be felt later down the line.</p> <p>But he added that the government was looking at the lot of DWP staff, where lower pay was \"a particular problem\".</p> <p>The chancellor also poured cold water on union hopes for a windfall tax on energy companies to pay for help for those struggling with soaring fuel bills. </p> <p>He said the government will soon announce how it will help people reduce their bills on a permanent basis by making Britain's homes more energy efficient, and said the companies must \"face their responsibilities\" to help their customers through a difficult period. </p> <p>But he cautioned those calling for a windfall tax that the government's ambitions to invest in green energy and alternatives to oil and gas depended on \"continuous investment over many years\" from the power companies - something which energy producers have warned may be jeopardised by an additional levy on their profits. </p> <p>Darling also criticised those who \"knocked\" government plans to help curb future energy bills through better insulation \u2013 a move expected to be announced as part of a package of government measures due to be unveiled. </p> <p>He said that, as well as reducing bills, improving home insulation would also create jobs, and a balance needed to be struck between long-term investment and helping people who are feeling the squeeze. </p> <p>The chancellor said Labour had changed the country \"for the better, not at the expense of economic stability, but because of it\".</p> <p>He said: \"Let's not take for granted how we've changed the country. It is what the Tories want you to do - to pretend there has not been any change or progress. Of course we need to do more. But don't let that overshadow what we've achieved.\"</p>",
      "wordcount": "733",
      "commentable": "false",
      "isPremoderated": "false",
      "lastModified": "2017-09-20T09:09:19Z",
      "newspaperEditionDate": "2008-09-09T00:00:00Z",
      "productionOffice": "UK",
      "publication": "theguardian.com",
      "shortUrl": "https://gu.com/p/2vq9j",
      "shouldHideAdverts": "false",
      "showInRelatedContent": "true",
      "legallySensitive": "false",
      "lang": "en",
      "bodyText": "Alistair Darling today faced down calls for above-inflation public sector pay rises as he warned unions that such a move risked sparking a \"damaging\" inflationary spiral. Darling was met by a lukewarm reaction when he told TUC delegates in Brighton that a stable economy was \"not an optional extra\" for the government. The chancellor made his keynote speech to trade unions just a day after they backed a motion demanding the government rethink its pay restraint policy for public sector workers in the face of rising household bills. He refused to budge on the issue as he insisted there was \"good reason to be confident\" about the economy's future as long as the government did not sacrifice stability by allowing inflation to get out of hand. Darling told union leaders they were right to be concerned about \"excessive\" bonuses in private sector boardrooms, which he said were one of the major causes of the global credit crunch. But he went on to say that pay rises for ordinary workers had to be consistent with the government's 2% inflation target to avoid widespread job losses. Darling said: \"It would be so damaging for us to allow inflation to become entrenched, as it did in the past. \"That's why, in the private and public sectors, pay rises must be consistent with our inflation target. Otherwise every penny in pay rises will be very quickly swallowed up by higher prices. And we all remember the job losses that followed in the past once inflation takes a grip. \"Hundreds of thousands out of work, as happened in the 80s and 90s. We cannot allow that to happen.\" As the chancellor began his address, a small number of delegates held up banners saying that food, housing and education were \"not an additional extra\". The protesting delegates were members of the college lecturers' union UCU, which has been involved in a long-running dispute with the government over pay. Many of the 100-strong delegation from Unite, the biggest union in the country, wore bright yellow T-shirts bearing the slogan: \"Cut my pay - no way.\" The chancellor was challenged by Janice Godrich, a civil servant and president of the Public and Commercial Services union, about the plight of staff in the Department of Work and Pensions who were facing a 0% pay rise. Darling conceded that the primary cause of inflation was the rising price of oil and food, rather than public sector pay, before insisting that staging higher pay awards would fuel inflation and in turn \"completely swallow up\" the benefits of the increases. He said that while in the short term higher pay rises would prompt cheers for the government, the fallout would be felt later down the line. But he added that the government was looking at the lot of DWP staff, where lower pay was \"a particular problem\". The chancellor also poured cold water on union hopes for a windfall tax on energy companies to pay for help for those struggling with soaring fuel bills. He said the government will soon announce how it will help people reduce their bills on a permanent basis by making Britain's homes more energy efficient, and said the companies must \"face their responsibilities\" to help their customers through a difficult period. But he cautioned those calling for a windfall tax that the government's ambitions to invest in green energy and alternatives to oil and gas depended on \"continuous investment over many years\" from the power companies - something which energy producers have warned may be jeopardised by an additional levy on their profits. Darling also criticised those who \"knocked\" government plans to help curb future energy bills through better insulation \u2013 a move expected to be announced as part of a package of government measures due to be unveiled. He said that, as well as reducing bills, improving home insulation would also create jobs, and a balance needed to be struck between long-term investment and helping people who are feeling the squeeze. The chancellor said Labour had changed the country \"for the better, not at the expense of economic stability, but because of it\". He said: \"Let's not take for granted how we've changed the country. It is what the Tories want you to do - to pretend there has not been any change or progress. Of course we need to do more. But don't let that overshadow what we've achieved.\"",
      "charCount": "4304"
    },
    "isHosted": false,
    "pillarId": "pillar/news",
    "pillarName": "News"
  },
  {
    "id": "business/marketforceslive/2008/sep/09/mining.banks",
    "type": "article",
    "sectionId": "business",
    "sectionName": "Business",
    "webPublicationDate": "2008-09-09T16:04:23Z",
    "webTitle": "Mining shares bear the brunt of London falls",
    "webUrl": "https://www.theguardian.com/business/marketforceslive/2008/sep/09/mining.banks",
    "apiUrl": "https://content.guardianapis.com/business/marketforceslive/2008/sep/09/mining.banks",
    "fields": {
      "headline": "Mining shares bear the brunt of London falls",
      "trailText": "<p>The euphoria over the Freddie Mac and Fannie Mae bail-out was short lived, with leading shares turning negative in late trading after a dip on Wall Street</p>",
      "byline": "Nick Fletcher",
      "main": "",
      "body": "<p>The euphoria over the Freddie Mac and Fannie Mae bail-out was short lived, with leading shares turning negative in late trading after a dip on Wall Street.</p> <p>Mining stocks bore the brunt of the falls in London, but worries about American banking group <strong>Lehman Brothers</strong> also undermined the market. </p> <p>Commodity prices suffered another sharp drop on worries about a fall in global demand, with copper down to a seven month low.</p> <p>So <strong><a href=\"http://www.guardian.co.uk/business/kazakhmys\">Kazakhmys</a></strong> fell 92.5p to 904.5p, and <strong>Xstrata</strong> dropped 206p to \u00a323.58. <strong><a href=\"http://www.guardian.co.uk/business/lonmin\">Lonmin</a></strong>, currently facing a hostile \u00a333 a share offer from <strong><a href=\"http://www.guardian.co.uk/business/xstrata\">Xstrata</a></strong>, lost 184p to \u00a330.75, with suggestions the predator might walk away ahead of an October 2 deadline.</p> <p>Iron ore specialist <strong><a href=\"http://www.guardian.co.uk/business/ferrexpo\">Ferrexpo</a></strong> - which is due to lose its place in the FTSE 100 index when the<a href=\"http://www.guardian.co.uk/business/marketforceslive/2008/sep/09/ftse\"> latest changes</a> are confirmed tomorrow - fell 13.4p to 172.1p.</p> <p>By the close of play, the FTSE 100 had lost 30.7 points to 5415.6 as the concerns surrounding Lehman helped send the Dow Jones Industrial Average sharply lower by the time London closed. Traders said doubts had emerged about whether Korea Development Bank would finalise a proposed investment in the bank.</p> <p>Disappointing US pending home sales also hit sentiment by confirming the continuing weak state of the country's housing market. Earlier Credit Suisse analysts had advised clients to sell into the rally, saying they believed US house prices had another 10-15% to fall.</p> <p>\"The FTSE 100 doesn't really know which way to go, especially since we didn't have a full trading day yesterday,\" said one trader. \"It's great news about Freddie and Fannie, but on the other hand it shows how bad the problems are out there. This won't go away and people are likely to start worrying again.\"</p> <p>David Buik of BGC Partners concurred: \"We are not out of the woods. We have just chopped a few twigs away.\"</p> <p>But UK banks continued to recover, with <strong><a href=\"http://www.guardian.co.uk/business/barclay\">Barclays</a></strong> 10.75p better at 365.75p and <strong><a href=\"http://www.guardian.co.uk/business/royalbankofscotlandgroup\">Royal Bank of Scotland</a></strong> up 4.5p to 249p. Other financial stocks were helped by news that <strong>Resolution</strong>, entrepreneur Clive Cowdrey's investment vehicle, planned to spend \u00a35bn on acquisitions. <strong><a href=\"http://www.guardian.co.uk/business/friendsprovident\">Friends Provident</a></strong>, up 0.5p at 102.2p, and <strong><a href=\"http://www.guardian.co.uk/business/bradfordbingley\">Bradford &amp; Bingley</a></strong>, down 0.5p to 41.75p, have both been linked with Resolution in the past.</p> <p>Crude prices slipped around $2 as the threat of Hurricane Ike faded and Opec was set to leave production quotas unchanged. Airlines were boosted by the prospect of cheaper fuel, with <strong><a href=\"http://www.guardian.co.uk/business/britishairways\">British Airways</a></strong> climbing 10.25p to 263.25p and <strong><a href=\"http://www.guardian.co.uk/business/easyjet\">easyJet</a></strong> ahead 26.75p at 375.5p.</p> <p>But oil services companies fell back, with <strong>Wood Group</strong> down 32.5p to 393.75p and <strong>Petrofac</strong> off 34.5p at 562p. Petrofac was also hit by Goldman Sachs removing the company from its conviction buy list. It said: \"We now see more potential upside elsewhere in the sector.\"</p> <p>Another Goldman recommendation - downgrading <strong>Shire</strong> from buy to neutral - left the pharmaceutical group 26p lower at 934p.</p> <p>Elsewhere property companies benefited from a positive note from Lehman Brothers, with <strong>British Land</strong> 20.5p better at 775p and <strong>Land Securities</strong> up 35p to \u00a313.75. Royal Bank of Scotland analysts lifted <strong>InterContinental Hotels</strong> 17p to 787p with a buy recommendation.</p> <p>Lower down the market, search engine group <strong>Blinkx</strong> added 1.75p to 28.25p on claims it was the fastest growing video site in the US.</p> <p>Drug development company <strong>Alizyme</strong> soared 37% to 12.75p on talk of a possible 20p a share bid. The company's finance director stepped down on Friday.</p> <p><strong>Oxford BioMedica</strong> slipped 1p to 10p despite the company announcing what it said was promising results from a trial of its gene therapy ProSavin for the treatment of Parkinson's disease. </p> <p>Panmure Gordon, which repeated its sell recommendation, commented: \"We believe this news is positive, but due to the fact that too few patients have been dosed and that the data is without control to compare against, it is too early to increase our [price target] to account for ProSavin. Parkinson's is notorious for patients having a spontaneous and non-treatment related bounce which may in fact have been caused by better standard of care [due to] having the patients looked at in hospital by some of the world's greatest neurologists.\"</p>",
      "wordcount": "717",
      "commentable": "false",
      "isPremoderated": "false",
      "lastModified": "2008-09-09T16:33:04Z",
      "newspaperEditionDate": "2008-09-09T00:00:00Z",
      "productionOffice": "UK",
      "publication": "theguardian.com",
      "shortUrl": "https://gu.com/p/2vq7z",
      "shouldHideAdverts": "false",
      "showInRelatedContent": "true",
      "legallySensitive": "false",
      "lang": "en",
      "bodyText": "The euphoria over the Freddie Mac and Fannie Mae bail-out was short lived, with leading shares turning negative in late trading after a dip on Wall Street. Mining stocks bore the brunt of the falls in London, but worries about American banking group Lehman Brothers also undermined the market. Commodity prices suffered another sharp drop on worries about a fall in global demand, with copper down to a seven month low. So Kazakhmys fell 92.5p to 904.5p, and Xstrata dropped 206p to \u00a323.58. Lonmin, currently facing a hostile \u00a333 a share offer from Xstrata, lost 184p to \u00a330.75, with suggestions the predator might walk away ahead of an October 2 deadline. Iron ore specialist Ferrexpo - which is due to lose its place in the FTSE 100 index when the latest changes are confirmed tomorrow - fell 13.4p to 172.1p. By the close of play, the FTSE 100 had lost 30.7 points to 5415.6 as the concerns surrounding Lehman helped send the Dow Jones Industrial Average sharply lower by the time London closed. Traders said doubts had emerged about whether Korea Development Bank would finalise a proposed investment in the bank. Disappointing US pending home sales also hit sentiment by confirming the continuing weak state of the country's housing market. Earlier Credit Suisse analysts had advised clients to sell into the rally, saying they believed US house prices had another 10-15% to fall. \"The FTSE 100 doesn't really know which way to go, especially since we didn't have a full trading day yesterday,\" said one trader. \"It's great news about Freddie and Fannie, but on the other hand it shows how bad the problems are out there. This won't go away and people are likely to start worrying again.\" David Buik of BGC Partners concurred: \"We are not out of the woods. We have just chopped a few twigs away.\" But UK banks continued to recover, with Barclays 10.75p better at 365.75p and Royal Bank of Scotland up 4.5p to 249p. Other financial stocks were helped by news that Resolution, entrepreneur Clive Cowdrey's investment vehicle, planned to spend \u00a35bn on acquisitions. Friends Provident, up 0.5p at 102.2p, and Bradford &amp; Bingley, down 0.5p to 41.75p, have both been linked with Resolution in the past. Crude prices slipped around $2 as the threat of Hurricane Ike faded and Opec was set to leave production quotas unchanged. Airlines were boosted by the prospect of cheaper fuel, with British Airways climbing 10.25p to 263.25p and easyJet ahead 26.75p at 375.5p. But oil services companies fell back, with Wood Group down 32.5p to 393.75p and Petrofac off 34.5p at 562p. Petrofac was also hit by Goldman Sachs removing the company from its conviction buy list. It said: \"We now see more potential upside elsewhere in the sector.\" Another Goldman recommendation - downgrading Shire from buy to neutral - left the pharmaceutical group 26p lower at 934p. Elsewhere property companies benefited from a positive note from Lehman Brothers, with British Land 20.5p better at 775p and Land Securities up 35p to \u00a313.75. Royal Bank of Scotland analysts lifted InterContinental Hotels 17p to 787p with a buy recommendation. Lower down the market, search engine group Blinkx added 1.75p to 28.25p on claims it was the fastest growing video site in the US. Drug development company Alizyme soared 37% to 12.75p on talk of a possible 20p a share bid. The company's finance director stepped down on Friday. Oxford BioMedica slipped 1p to 10p despite the company announcing what it said was promising results from a trial of its gene therapy ProSavin for the treatment of Parkinson's disease. Panmure Gordon, which repeated its sell recommendation, commented: \"We believe this news is positive, but due to the fact that too few patients have been dosed and that the data is without control to compare against, it is too early to increase our [price target] to account for ProSavin. Parkinson's is notorious for patients having a spontaneous and non-treatment related bounce which may in fact have been caused by better standard of care [due to] having the patients looked at in hospital by some of the world's greatest neurologists.\"",
      "charCount": "4122"
    },
    "isHosted": false,
    "pillarId": "pillar/news",
    "pillarName": "News"
  },
  {
    "id": "politics/2008/sep/09/tradeunions.taxandspending",
    "type": "article",
    "sectionId": "politics",
    "sectionName": "Politics",
    "webPublicationDate": "2008-09-09T14:20:00Z",
    "webTitle": "Union calls on government to produce 'coherent energy policy'",
    "webUrl": "https://www.theguardian.com/politics/2008/sep/09/tradeunions.taxandspending",
    "apiUrl": "https://content.guardianapis.com/politics/2008/sep/09/tradeunions.taxandspending",
    "fields": {
      "headline": "Union calls on government to produce 'coherent energy policy'",
      "standfirst": "Emergency motion tabled at TUC conference attacks Ofgem for failing to curb 'excessive price rises' by energy companies",
      "trailText": "<p>Emergency motion tabled at TUC conference attacks Ofgem for failing to curb 'excessive price rises' by energy companies</p>",
      "byline": "H\u00e9l\u00e8ne Mulholland",
      "main": "",
      "body": "<p><a href=\"http://www.theguardian.com/politics/tradeunions\">Unions</a> today ratcheted up pressure on the government to impose a windfall tax on the profits of energy firms to prevent households from being forced to choose between \"heating and eating\" this winter.</p> <p>The GMB union has submitted an emergency motion at the TUC's annual gathering in Brighton which attacks the government and energy regulator Ofgem for failing to curb the \"excessive price rises\" being imposed on hard-pressed consumers,</p> <p>The motion criticises the \"big six\" energy firms for making \u00a31.6bn last year, while raising prices by 42% this year.</p> <p>The GMB motion, backed by the National Union of Mineworkers, has been tabled ahead of a keynote speech by the chancellor, <a href=\"http://www.theguardian.com/politics/alistairdarling\">Alistair Darling</a>, who is expected to face down calls for a windfall tax on energy companies on the grounds that such a move would damage the economy.</p> <p>The motion states that the poor and elderly should not be forced to choose between \"heating and eating\" and calls on the government to produce a \"coherent energy policy\".</p> <p>It also condemns the \"phoney competition\" between the energy companies.</p> <p>The motion states: \"Congress calls upon the government to take urgent action on rising fuel bills by levying a windfall tax on energy companies and use this revenue to provide assistance to the neediest households.\"</p> <p>It also attacks Ofgem as \"inadequate\", claiming it is more concerned with \"raiding workers' pension schemes than tackling the greedy utilities companies or standing up for consumers\".</p> <p>Unions are furious that a package of measures due to be announced to help those struggling to cope with rising energy bills is unlikely to include a windfall tax, despite calls from affiliated trade unions and around 100 Labour MPs who have put their names to a list organised by the leftwing pressure group, Compass.</p> <p>Unite, the largest trade union, has also registered the need for a \"windfall tax on the huge profits of energy companies\" as part of a wider motion on the economy. </p> <p>The government is expected to announce plans this week which will see energy companies contribute towards a scheme to improve home insulation, cutting wastage and reducing bills.</p>",
      "wordcount": "351",
      "commentable": "false",
      "isPremoderated": "false",
      "lastModified": "2017-09-20T09:09:19Z",
      "newspaperEditionDate": "2008-09-09T00:00:00Z",
      "productionOffice": "UK",
      "publication": "theguardian.com",
      "shortUrl": "https://gu.com/p/2vpzf",
      "shouldHideAdverts": "false",
      "showInRelatedContent": "true",
      "legallySensitive": "false",
      "lang": "en",
      "bodyText": "Unions today ratcheted up pressure on the government to impose a windfall tax on the profits of energy firms to prevent households from being forced to choose between \"heating and eating\" this winter. The GMB union has submitted an emergency motion at the TUC's annual gathering in Brighton which attacks the government and energy regulator Ofgem for failing to curb the \"excessive price rises\" being imposed on hard-pressed consumers, The motion criticises the \"big six\" energy firms for making \u00a31.6bn last year, while raising prices by 42% this year. The GMB motion, backed by the National Union of Mineworkers, has been tabled ahead of a keynote speech by the chancellor, Alistair Darling, who is expected to face down calls for a windfall tax on energy companies on the grounds that such a move would damage the economy. The motion states that the poor and elderly should not be forced to choose between \"heating and eating\" and calls on the government to produce a \"coherent energy policy\". It also condemns the \"phoney competition\" between the energy companies. The motion states: \"Congress calls upon the government to take urgent action on rising fuel bills by levying a windfall tax on energy companies and use this revenue to provide assistance to the neediest households.\" It also attacks Ofgem as \"inadequate\", claiming it is more concerned with \"raiding workers' pension schemes than tackling the greedy utilities companies or standing up for consumers\". Unions are furious that a package of measures due to be announced to help those struggling to cope with rising energy bills is unlikely to include a windfall tax, despite calls from affiliated trade unions and around 100 Labour MPs who have put their names to a list organised by the leftwing pressure group, Compass. Unite, the largest trade union, has also registered the need for a \"windfall tax on the huge profits of energy companies\" as part of a wider motion on the economy. The government is expected to announce plans this week which will see energy companies contribute towards a scheme to improve home insulation, cutting wastage and reducing bills.",
      "charCount": "2128"
    },
    "isHosted": false,
    "pillarId": "pillar/news",
    "pillarName": "News"
  },
  {
    "id": "media/greenslade/2008/sep/09/ninedayinterrogationforusj",
    "type": "article",
    "sectionId": "media",
    "sectionName": "Media",
    "webPublicationDate": "2008-09-09T07:14:00Z",
    "webTitle": "Nine-day interrogation for US journalist",
    "webUrl": "https://www.theguardian.com/media/greenslade/2008/sep/09/ninedayinterrogationforusj",
    "apiUrl": "https://content.guardianapis.com/media/greenslade/2008/sep/09/ninedayinterrogationforusj",
    "fields": {
      "headline": "Nine-day interrogation for US journalist",
      "trailText": "<p>Documentary filmmaker <strong>Andrew Berends</strong> and his translator <strong>Samuel George</strong> have undergone nine days of interrogation by Nigerian security forces following their arrest for alleged espionage. Both have had periods of temporary release in between questioning. Berends, a US citizen, was working on a documentary called <em>Delta Boys</em> about the country's oil conflict. (Via CPJ)</p>",
      "byline": "Roy Greenslade",
      "main": "",
      "body": "<p>Documentary filmmaker <strong>Andrew Berends</strong> and his translator <strong>Samuel George</strong> have undergone nine days of interrogation by Nigerian security forces following their arrest for alleged espionage. Both have had periods of temporary release in between questioning. Berends, a US citizen, was working on a documentary called <em>Delta Boys</em> about the country's oil conflict. (Via <a href=\"http://www.cpj.org/news/2008/africa/nigeria08sep08na.html\">CPJ</a>)</p>",
      "wordcount": "54",
      "commentCloseDate": "2008-09-16T07:14:00Z",
      "commentable": "true",
      "isPremoderated": "false",
      "lastModified": "2018-03-06T15:01:33Z",
      "newspaperEditionDate": "2008-09-09T00:00:00Z",
      "productionOffice": "UK",
      "publication": "theguardian.com",
      "shortUrl": "https://gu.com/p/2vq68",
      "shouldHideAdverts": "false",
      "showInRelatedContent": "true",
      "legallySensitive": "false",
      "lang": "en",
      "bodyText": "Documentary filmmaker Andrew Berends and his translator Samuel George have undergone nine days of interrogation by Nigerian security forces following their arrest for alleged espionage. Both have had periods of temporary release in between questioning. Berends, a US citizen, was working on a documentary called Delta Boys about the country's oil conflict. (Via CPJ)",
      "charCount": "366"
    },
    "isHosted": false,
    "pillarId": "pillar/news",
    "pillarName": "News"
  }
]