[
  {
    "id": "technology/2008/jun/09/iphone.apple",
    "type": "article",
    "sectionId": "technology",
    "sectionName": "Technology",
    "webPublicationDate": "2008-06-08T23:01:00Z",
    "webTitle": "Cheaper, smaller iPhone on the cards",
    "webUrl": "https://www.theguardian.com/technology/2008/jun/09/iphone.apple",
    "apiUrl": "https://content.guardianapis.com/technology/2008/jun/09/iphone.apple",
    "fields": {
      "headline": "Apple hopes to entice customers with cheaper, smaller iPhone",
      "trailText": "<p>Apple is preparing to slash the price of its iPhone handset in an attempt to convince millions more customers to get on board. By<strong> Bobbie Johnson</strong> and <strong>Richard Wray</strong></p>",
      "byline": "Bobbie Johnson and Richard Wray",
      "main": "<figure class=\"element element-image\" data-media-id=\"gu-image-334697704\"> <img src=\"http://static.guim.co.uk/sys-images/Business/Pix/pictures/2008/02/11/iphone460276.jpg\" alt=\"iPhone\" width=\"460\" height=\"276\" class=\"gu-image\" /> </figure>",
      "body": "<p>Apple is preparing to slash the price of its iPhone handset in an attempt to convince millions more customers to get on board.</p> <p>The iPod-maker is due to launch an improved version of its much-vaunted touchscreen mobile phone today. Although the announcement is being closely guarded, sources have confirmed a number of details to the Guardian.</p> <p>The handset will offer faster connections to the internet, using the 3G phone networks prevalent across Britain, and will be smaller than the current model.</p> <p>The second-generation iPhone will go on sale immediately in the US, with British customers due to get their hands on it next month. It will also be available to pre-pay customers. And crucially, the handset will be offered at lower prices - or even for free. Those who sign up for a contract costing \u00a375 a month will be offered the handset for no extra charge, breaking with Apple's earlier attempts to avoid the large subsidies common in the rest of the industry. Elsewhere, the gadget is likely to be subsidised to lower the price, which could drop from \u00a3269 to as little as \u00a3100.</p> <p>While the iPhone has proved a hit in America, where the majority of its sales have taken place, it has managed only a moderate level of success in Europe. Many customers have complained about the lack of higher-speed 3G connections, and it has been hampered by a general impression of high price.</p> <p>Apple will be attempting to shift those perceptions in San Francisco today, where chief executive Steve Jobs will take the stage to lay out his plans. He will also be hoping that the new iPhone will give a fillip to the sales figures. A study by the industry analyst IDC last week claimed the iPhone's share of the American smartphone market fell from 26% at Christmas to just over 19% in the first three months of 2008.</p>",
      "newspaperPageNumber": "8",
      "wordcount": "315",
      "commentable": "false",
      "isPremoderated": "false",
      "lastModified": "2017-11-27T15:09:00Z",
      "newspaperEditionDate": "2008-06-09T00:00:00Z",
      "productionOffice": "UK",
      "publication": "The Guardian",
      "shortUrl": "https://gu.com/p/xche7",
      "shouldHideAdverts": "false",
      "showInRelatedContent": "true",
      "legallySensitive": "false",
      "lang": "en",
      "bodyText": "Apple is preparing to slash the price of its iPhone handset in an attempt to convince millions more customers to get on board. The iPod-maker is due to launch an improved version of its much-vaunted touchscreen mobile phone today. Although the announcement is being closely guarded, sources have confirmed a number of details to the Guardian. The handset will offer faster connections to the internet, using the 3G phone networks prevalent across Britain, and will be smaller than the current model. The second-generation iPhone will go on sale immediately in the US, with British customers due to get their hands on it next month. It will also be available to pre-pay customers. And crucially, the handset will be offered at lower prices - or even for free. Those who sign up for a contract costing \u00a375 a month will be offered the handset for no extra charge, breaking with Apple's earlier attempts to avoid the large subsidies common in the rest of the industry. Elsewhere, the gadget is likely to be subsidised to lower the price, which could drop from \u00a3269 to as little as \u00a3100. While the iPhone has proved a hit in America, where the majority of its sales have taken place, it has managed only a moderate level of success in Europe. Many customers have complained about the lack of higher-speed 3G connections, and it has been hampered by a general impression of high price. Apple will be attempting to shift those perceptions in San Francisco today, where chief executive Steve Jobs will take the stage to lay out his plans. He will also be hoping that the new iPhone will give a fillip to the sales figures. A study by the industry analyst IDC last week claimed the iPhone's share of the American smartphone market fell from 26% at Christmas to just over 19% in the first three months of 2008.",
      "charCount": "1800"
    },
    "isHosted": false,
    "pillarId": "pillar/news",
    "pillarName": "News"
  },
  {
    "id": "business/2008/jun/09/housingmarket.houseprices",
    "type": "article",
    "sectionId": "business",
    "sectionName": "Business",
    "webPublicationDate": "2008-06-08T23:01:00Z",
    "webTitle": "Traders predict house prices will fall by 50% in four years",
    "webUrl": "https://www.theguardian.com/business/2008/jun/09/housingmarket.houseprices",
    "apiUrl": "https://content.guardianapis.com/business/2008/jun/09/housingmarket.houseprices",
    "fields": {
      "headline": "Traders predict house prices will fall by 50% in four years",
      "standfirst": "<strong>&#183;</strong> Investments based on property 'fall off a cliff' <br /><strong>&#183;</strong> Job losses hit estate agents and mortgage firms",
      "trailText": "<p>Property values now dropping more rapidly than at any time since the early 90s crash</p>",
      "byline": "Phillip Inman",
      "main": "",
      "body": "<p>The slide in house prices will continue for at least three years and crush the value of a home by almost 50% in real terms, according to a key index of property price futures. Indications from futures trading on long term property prices shows that the average UK home will recover its current value only in 2017.</p> <p>By the end of this year prices will be down by 10% and by a further 10.5% in 2009, according to the index. Prices will keep dropping through 2010 and cut values by 23.5% when they hit rock bottom in 2011. House prices will then begin a slow climb back to current market values over a period of about six years.</p> <p>If an average retail price inflation rate of 4% is included in the calculation and in addition the 8% drop in prices over the last eight months already registered by the Halifax index, the fall in values over almost four years will reach 47.5% in real terms.</p> <p>The Liberal Democrat Treasury spokesman, Lord Oakeshott, said the figures revealed that property investors had little confidence in the market and were predicting steep and prolonged falls in prices.</p> <p>\"This government says this housing depression will be different from the early 1990s. Yes, that's right. It will be worse.\"</p> <p>When not attacking government policy in the Lords, Oakeshott invests in property on behalf of pension funds through his investment vehicle Olim. He says he has watched the index steadily fall over recent weeks. On Friday it \"fell off a cliff\" after the Halifax published its latest house price survey.</p> <p>Halifax said the value of a home fell by 2.4% in May, the seventh month in the past eight when prices have fallen. </p> <p>The May figure spooked investors, who said prices were now falling more rapidly than at any time since the early 90s property crash. House buyers benefited from low prices until 1995 when values began to pick up.</p> <p>Last week an economic consultancy, the Centre for Economics and Business Research, predicted that in 2008 almost 15,000 estate agents would lose their jobs. It said real estate output will also decline during the year by 3% in real terms, as the drop in mortgage approvals and housing transactions take its toll.</p> <p>The slide is also hitting mortgage brokers, illustrated by John Charcol, which last week announced job cuts and made Katie Tucker, product specialist and one of the public faces of the broker, redundant. </p> <p>The firm's chief executive, Ian Kennedy, is also reported to be in discussion with chairman John Garfield - one of the founders of the business - about his future. In January, the broker announced it was putting itself up for sale. But no buyer turned up and instead its founders were expected to inject more funds into the business.</p> <p>The residential property futures market is based on the Halifax monthly house price index, published by the bank. It is an-over-the-counter market designed for banks, pension funds, insurance companies and housebuilders to trade on the future values of property. Tradition Property, a City-based property broker, operates a derivatives futures index based on the Halifax figures.</p>",
      "newspaperPageNumber": "22",
      "wordcount": "528",
      "commentable": "false",
      "isPremoderated": "false",
      "lastModified": "2017-11-26T21:01:58Z",
      "newspaperEditionDate": "2008-06-09T00:00:00Z",
      "productionOffice": "UK",
      "publication": "The Guardian",
      "shortUrl": "https://gu.com/p/xcheg",
      "shouldHideAdverts": "false",
      "showInRelatedContent": "true",
      "legallySensitive": "false",
      "lang": "en",
      "bodyText": "The slide in house prices will continue for at least three years and crush the value of a home by almost 50% in real terms, according to a key index of property price futures. Indications from futures trading on long term property prices shows that the average UK home will recover its current value only in 2017. By the end of this year prices will be down by 10% and by a further 10.5% in 2009, according to the index. Prices will keep dropping through 2010 and cut values by 23.5% when they hit rock bottom in 2011. House prices will then begin a slow climb back to current market values over a period of about six years. If an average retail price inflation rate of 4% is included in the calculation and in addition the 8% drop in prices over the last eight months already registered by the Halifax index, the fall in values over almost four years will reach 47.5% in real terms. The Liberal Democrat Treasury spokesman, Lord Oakeshott, said the figures revealed that property investors had little confidence in the market and were predicting steep and prolonged falls in prices. \"This government says this housing depression will be different from the early 1990s. Yes, that's right. It will be worse.\" When not attacking government policy in the Lords, Oakeshott invests in property on behalf of pension funds through his investment vehicle Olim. He says he has watched the index steadily fall over recent weeks. On Friday it \"fell off a cliff\" after the Halifax published its latest house price survey. Halifax said the value of a home fell by 2.4% in May, the seventh month in the past eight when prices have fallen. The May figure spooked investors, who said prices were now falling more rapidly than at any time since the early 90s property crash. House buyers benefited from low prices until 1995 when values began to pick up. Last week an economic consultancy, the Centre for Economics and Business Research, predicted that in 2008 almost 15,000 estate agents would lose their jobs. It said real estate output will also decline during the year by 3% in real terms, as the drop in mortgage approvals and housing transactions take its toll. The slide is also hitting mortgage brokers, illustrated by John Charcol, which last week announced job cuts and made Katie Tucker, product specialist and one of the public faces of the broker, redundant. The firm's chief executive, Ian Kennedy, is also reported to be in discussion with chairman John Garfield - one of the founders of the business - about his future. In January, the broker announced it was putting itself up for sale. But no buyer turned up and instead its founders were expected to inject more funds into the business. The residential property futures market is based on the Halifax monthly house price index, published by the bank. It is an-over-the-counter market designed for banks, pension funds, insurance companies and housebuilders to trade on the future values of property. Tradition Property, a City-based property broker, operates a derivatives futures index based on the Halifax figures.",
      "charCount": "3068"
    },
    "isHosted": false,
    "pillarId": "pillar/news",
    "pillarName": "News"
  },
  {
    "id": "business/2008/jun/09/economicgrowth.economy",
    "type": "article",
    "sectionId": "commentisfree",
    "sectionName": "Opinion",
    "webPublicationDate": "2008-06-08T23:01:00Z",
    "webTitle": "The economy has gone to meet its maker. It is no more",
    "webUrl": "https://www.theguardian.com/business/2008/jun/09/economicgrowth.economy",
    "apiUrl": "https://content.guardianapis.com/business/2008/jun/09/economicgrowth.economy",
    "fields": {
      "headline": "It's gone to meet its maker. It is no more",
      "standfirst": "In Monty Python terms, voters are not convinced the economy is just resting",
      "trailText": "<p><strong>Larry Elliott:</strong> In Monty Python terms, voters are not convinced the economy is just resting</p>",
      "byline": "Larry Elliott, economics editor",
      "main": "",
      "body": "<p>If only. Two of the saddest words in the English language and ones that have been swirling round the head of every Labour MP from the prime minister downwards over the past couple of months. If only the election had been called for early last November. If only Gordon Brown had not waited until the financial crisis of last Autumn had crystallised into an economic slowdown of threatening proportions. If only the prime minister had learned the lesson from Jim Callaghan's inability to go for it back in 1978. If only, if only, if only.</p> <p>When Brown took over from Tony Blair a year ago this month, his intention was to establish himself with some early bold initiatives before seeking a mandate this spring. May 2008 seemed like a good date because at that stage few people were aware of what was happening in the sub-prime mortgage market and even fewer expected the problems to erupt into a financial crisis of such length and magnitude.</p> <p>This time last year the UK economy was humming along, with house prices rising rapidly and banks like Northern Rock and Bradford &amp; Bingley packaging up their mortgages for the securitisation market. As far as the Treasury and the Bank of England were concerned there was no reason to think that much was amiss. The economy was growing at above trend and the Bank was raising rates in an attempt to slow things down.</p> <p>There was always a large element of fantasy in all this. The strength of the economy was more illusory than real, with excess lending and borrowing leading to a housing bubble similar to that in America. But last Autumn, consumers were still living in a dream-like state, confident that house prices would keep rising no matter how expensive they became.</p> <p>The economy helped Brown in his early months, and he was pleasantly surprised at his poll ratings. He was also acutely aware that the Tory party was in some disarray; David Cameron was in a mess with his own party over grammar schools and was criticised for being in Rwanda when Britain was knee-deep in flood water. Feelgood factor plus Labour popularity plus Tories in crisis started to make the Brown camp think about a snap election and the momentum grew and grew to the point where even those close to the prime minister thought he was going for it. Then, within 24 hours, he changed his mind, for reasons still not entirely clear. What is clear, however, is that the state of the economy has deteriorated markedly over the past 12 months and it is this - far more than any supposed flaws in Brown's character - that has changed the nature of the political debate.</p> <p>When he was chancellor, Brown's pitch to the electorate had been the man of prudence and probity, the equivalent of the solid shopkeeper who would never sell his customers shoddy goods.</p> <p>Today the situation is somewhat different, with the voters - in the immortal words of Monty Python - registering a complaint and ministers seeking to reassure, loudly but unconvincingly, that the parrot is not quite dead but is just resting. </p> <p>There is much talk from Alistair Darling about how the economy is better placed than those of other countries to withstand the global downturn (\"the Norwegian Blue prefers kipping on its back\"), and that there are parts of Britain - away from the financial sector and the housing market - that are still doing well (Remarkable bird, the Norwegian Blue, beautiful plumage).</p> <p>As far as the voters are concerned, the plumage don't enter into it. They seem utterly unmoved by the idea that Britain is, by all accounts, envied as a bastion of creativity when their homes are dropping in value and their real incomes are being squeezed. Rather like the angry customer in the pet shop, they have taken a closer look at the parrot and decided that the only reason it stood on the perch for so long was that the government nailed it there with both public and private debt.</p> <p>To be fair, the Treasury is not alone in being in full Monty Python mode.</p> <p>The Bank of England seems to think that unless the parrot is nailed down with excessively high interest rates it will nuzzle up to the bars, bend 'em apart with its little beak, and Voom.</p> <p>Last week, the news on the economy was as follows. On Monday, the Bank of England reported that mortgage applications have halved over the past year to the lowest level since records began in the early 1990s. The Chartered Institute for Purchasing and Supply said manufacturing - despite the beneficial impact of a weaker pound - was on the cusp of recession. Bradford &amp; Bingley, after a weekend of arm-twisting involving the Treasury and the Financial Services Authority, changed the terms of its rights issue to prevent the offer failing, an eventuality that would have raised fears that the government potentially had another Northern Rock on its hands.</p> <p>On Tuesday, the CIPS said the construction sector was in freefall and on Wednesday the same body said that services - which account for three- quarters of the economy's output - had also slipped into recession territory. The Organisation for Economic Cooperation and Development cut its growth forecasts for the UK and warned that two tough years lie ahead.</p> <p>On Thursday, the Halifax reported that house prices were down by 2.4% in May and by 6.1% over the past three months. The bank has been publishing house-price data for 25 years: in all that time, there has never been a three-month period - even in 1992 when George Soros orchestrated the removal of the pound from the Exchange Rate Mechanism on Black Wednesday - when the cost of a home has been falling so fast. Four hours after Halifax released its data, Threadneedle Street left the bank rate unchanged at 5%.</p> <p>On Friday came crude oil's biggest one-day price rise in history, taking oil prices up to more than $139 a barrel, a new record, while Bradford &amp; Bingley raised interest rates it charges on its buy-to-let mortgages by more than half a percentage point. How much worse could it get? Quite a lot, as it happens. The housing market has come off the boil far more quickly than the industry experts predicted, with the fall in prices in the first half of the year bigger than that predicted for 2008 as a whole. </p> <p><strong>Further falls</strong></p> <p>The weakness of activity and the dearth of credit means that further falls are inevitable, particularly given the Bank's approach to interest rates. City analysts are busily revising their forecasts of how far house prices will fall; six months ago only the hard core gloomsters were pencilling in a 20% fall in 2008 and 2009, but that is now the consensus.</p> <p>Even more worrying for the government is that spending growth has moderated and the jobless total is edging up, but with pay deals modest, real incomes hit by the rising cost of food and energy and equity withdrawal a thing of the past, the prospect is for a far more pronounced retrenchment in the domestic economy continuing well into 2009.</p> <p>At present, the government's problem with the economy is that it is reacting rather than getting ahead of events with measures that - for example - might tackle the looming problem of housing arrears and repossession. Unless they can do so, voters will conclude that Brown's economy has expired and gone to meet his maker. What's more, they might try another pet shop.</p> <p><a href=\"mailto:Larry.elliott@theguardian.com\">Larry.elliott@theguardian.com</a></p>",
      "newspaperPageNumber": "24",
      "wordcount": "1274",
      "commentCloseDate": "2008-06-10T23:05:00Z",
      "commentable": "true",
      "isPremoderated": "false",
      "lastModified": "2017-11-26T21:02:02Z",
      "newspaperEditionDate": "2008-06-09T00:00:00Z",
      "productionOffice": "UK",
      "publication": "The Guardian",
      "shortUrl": "https://gu.com/p/xchd5",
      "shouldHideAdverts": "false",
      "showInRelatedContent": "true",
      "legallySensitive": "false",
      "lang": "en",
      "bodyText": "If only. Two of the saddest words in the English language and ones that have been swirling round the head of every Labour MP from the prime minister downwards over the past couple of months. If only the election had been called for early last November. If only Gordon Brown had not waited until the financial crisis of last Autumn had crystallised into an economic slowdown of threatening proportions. If only the prime minister had learned the lesson from Jim Callaghan's inability to go for it back in 1978. If only, if only, if only. When Brown took over from Tony Blair a year ago this month, his intention was to establish himself with some early bold initiatives before seeking a mandate this spring. May 2008 seemed like a good date because at that stage few people were aware of what was happening in the sub-prime mortgage market and even fewer expected the problems to erupt into a financial crisis of such length and magnitude. This time last year the UK economy was humming along, with house prices rising rapidly and banks like Northern Rock and Bradford &amp; Bingley packaging up their mortgages for the securitisation market. As far as the Treasury and the Bank of England were concerned there was no reason to think that much was amiss. The economy was growing at above trend and the Bank was raising rates in an attempt to slow things down. There was always a large element of fantasy in all this. The strength of the economy was more illusory than real, with excess lending and borrowing leading to a housing bubble similar to that in America. But last Autumn, consumers were still living in a dream-like state, confident that house prices would keep rising no matter how expensive they became. The economy helped Brown in his early months, and he was pleasantly surprised at his poll ratings. He was also acutely aware that the Tory party was in some disarray; David Cameron was in a mess with his own party over grammar schools and was criticised for being in Rwanda when Britain was knee-deep in flood water. Feelgood factor plus Labour popularity plus Tories in crisis started to make the Brown camp think about a snap election and the momentum grew and grew to the point where even those close to the prime minister thought he was going for it. Then, within 24 hours, he changed his mind, for reasons still not entirely clear. What is clear, however, is that the state of the economy has deteriorated markedly over the past 12 months and it is this - far more than any supposed flaws in Brown's character - that has changed the nature of the political debate. When he was chancellor, Brown's pitch to the electorate had been the man of prudence and probity, the equivalent of the solid shopkeeper who would never sell his customers shoddy goods. Today the situation is somewhat different, with the voters - in the immortal words of Monty Python - registering a complaint and ministers seeking to reassure, loudly but unconvincingly, that the parrot is not quite dead but is just resting. There is much talk from Alistair Darling about how the economy is better placed than those of other countries to withstand the global downturn (\"the Norwegian Blue prefers kipping on its back\"), and that there are parts of Britain - away from the financial sector and the housing market - that are still doing well (Remarkable bird, the Norwegian Blue, beautiful plumage). As far as the voters are concerned, the plumage don't enter into it. They seem utterly unmoved by the idea that Britain is, by all accounts, envied as a bastion of creativity when their homes are dropping in value and their real incomes are being squeezed. Rather like the angry customer in the pet shop, they have taken a closer look at the parrot and decided that the only reason it stood on the perch for so long was that the government nailed it there with both public and private debt. To be fair, the Treasury is not alone in being in full Monty Python mode. The Bank of England seems to think that unless the parrot is nailed down with excessively high interest rates it will nuzzle up to the bars, bend 'em apart with its little beak, and Voom. Last week, the news on the economy was as follows. On Monday, the Bank of England reported that mortgage applications have halved over the past year to the lowest level since records began in the early 1990s. The Chartered Institute for Purchasing and Supply said manufacturing - despite the beneficial impact of a weaker pound - was on the cusp of recession. Bradford &amp; Bingley, after a weekend of arm-twisting involving the Treasury and the Financial Services Authority, changed the terms of its rights issue to prevent the offer failing, an eventuality that would have raised fears that the government potentially had another Northern Rock on its hands. On Tuesday, the CIPS said the construction sector was in freefall and on Wednesday the same body said that services - which account for three- quarters of the economy's output - had also slipped into recession territory. The Organisation for Economic Cooperation and Development cut its growth forecasts for the UK and warned that two tough years lie ahead. On Thursday, the Halifax reported that house prices were down by 2.4% in May and by 6.1% over the past three months. The bank has been publishing house-price data for 25 years: in all that time, there has never been a three-month period - even in 1992 when George Soros orchestrated the removal of the pound from the Exchange Rate Mechanism on Black Wednesday - when the cost of a home has been falling so fast. Four hours after Halifax released its data, Threadneedle Street left the bank rate unchanged at 5%. On Friday came crude oil's biggest one-day price rise in history, taking oil prices up to more than $139 a barrel, a new record, while Bradford &amp; Bingley raised interest rates it charges on its buy-to-let mortgages by more than half a percentage point. How much worse could it get? Quite a lot, as it happens. The housing market has come off the boil far more quickly than the industry experts predicted, with the fall in prices in the first half of the year bigger than that predicted for 2008 as a whole. Further falls The weakness of activity and the dearth of credit means that further falls are inevitable, particularly given the Bank's approach to interest rates. City analysts are busily revising their forecasts of how far house prices will fall; six months ago only the hard core gloomsters were pencilling in a 20% fall in 2008 and 2009, but that is now the consensus. Even more worrying for the government is that spending growth has moderated and the jobless total is edging up, but with pay deals modest, real incomes hit by the rising cost of food and energy and equity withdrawal a thing of the past, the prospect is for a far more pronounced retrenchment in the domestic economy continuing well into 2009. At present, the government's problem with the economy is that it is reacting rather than getting ahead of events with measures that - for example - might tackle the looming problem of housing arrears and repossession. Unless they can do so, voters will conclude that Brown's economy has expired and gone to meet his maker. What's more, they might try another pet shop. Larry.elliott@theguardian.com",
      "charCount": "7293"
    },
    "isHosted": false,
    "pillarId": "pillar/opinion",
    "pillarName": "Opinion"
  },
  {
    "id": "commentisfree/2008/jun/09/law",
    "type": "article",
    "sectionId": "commentisfree",
    "sectionName": "Opinion",
    "webPublicationDate": "2008-06-08T23:01:00Z",
    "webTitle": "Writ large: Bringing justice to the provinces - at a price",
    "webUrl": "https://www.theguardian.com/commentisfree/2008/jun/09/law",
    "apiUrl": "https://content.guardianapis.com/commentisfree/2008/jun/09/law",
    "fields": {
      "headline": "Bringing justice to the provinces - at a price",
      "trailText": "<p><strong>Marcel Berlins: </strong>It is absurd that places an hour or less from London continue to shell out for judges' lodgings</p>",
      "byline": "Marcel Berlins",
      "main": "",
      "body": "<p>On the latest figures, it costs the taxpayer more than \u00a3160,000 a year to maintain the lodgings where high court judges stay when they're conducting a trial in Norwich. The statistics (in a written parliamentary answer last week) go on to reveal that just four judges occupied the premises for only four weeks last year - \u00a341,233 a week. Admittedly, that's not typical, but there are many other figures that should raise the whole issue of the future of judges' lodgings. </p> <p>We spend about \u00a35m a year playing host to judges in 32 towns and cities - sometimes catering for only one judge in a whole year (as in Lincoln, Warwick and Worcester).</p> <p>The practice of judges based in London travelling to other centres in England and Wales was established several centuries ago, when judges could take days to reach some of the more distant towns of the kingdom. Today, many towns and cities with judges' lodgings are within easy reach of the capital. Reading, Lewes, Oxford and St Albans are an hour or less away by train; I know judges who spend longer than that commuting daily to the London courts. It is absurd that those places continue to have judges' lodgings - St Albans costing more than \u00a315,000 a judge a week, Reading only \u00a31,000 less. </p> <p>Moreover, judges are compelled to stay in the lodgings, even though their homes are an easy distance away. One high court judge told me how he used to sneak out of lodgings late at night, returning in the early morning, to spend the night in his own, nearby, bed. The figures also reveal that Manchester had 27 judges using the lodgings during the year, Leeds 29, Cardiff 19. Surely if high court judges are needed so much, they ought to be a permanent presence in the large, busy cities.</p> <p>The obvious alternative is for the judges to stay in hotels. The official reasons for rejecting that option are that \"lodgings offer a safe and secure environment where security can be assured ... particularly important when judges are trying terrorism and organised crime cases\"; secondly, that \"lodgings help to guarantee privacy. Unlike in hotels, there is no prospect of judges coming into contact with counsel, witnesses or any other parties in a case while proceedings are taking place.\" </p> <p>Perhaps special security or privacy arrangements may need to be made for a few sensitive criminal trials, but that does not justify keeping a whole network of permanent posh accommodation just in case.</p> <p>An inquiry in 2000 dealt mainly with the costs of judges' lodgings, not the principle. It is time to think more deeply. There must be a more efficient and cheaper way of bringing justice to the provinces.</p>",
      "newspaperPageNumber": "10",
      "wordcount": "458",
      "commentCloseDate": "2008-06-10T23:05:00Z",
      "commentable": "true",
      "isPremoderated": "false",
      "lastModified": "2017-11-27T15:09:20Z",
      "newspaperEditionDate": "2008-06-09T00:00:00Z",
      "productionOffice": "UK",
      "publication": "The Guardian",
      "shortUrl": "https://gu.com/p/xchdt",
      "shouldHideAdverts": "false",
      "showInRelatedContent": "true",
      "legallySensitive": "false",
      "lang": "en",
      "bodyText": "On the latest figures, it costs the taxpayer more than \u00a3160,000 a year to maintain the lodgings where high court judges stay when they're conducting a trial in Norwich. The statistics (in a written parliamentary answer last week) go on to reveal that just four judges occupied the premises for only four weeks last year - \u00a341,233 a week. Admittedly, that's not typical, but there are many other figures that should raise the whole issue of the future of judges' lodgings. We spend about \u00a35m a year playing host to judges in 32 towns and cities - sometimes catering for only one judge in a whole year (as in Lincoln, Warwick and Worcester). The practice of judges based in London travelling to other centres in England and Wales was established several centuries ago, when judges could take days to reach some of the more distant towns of the kingdom. Today, many towns and cities with judges' lodgings are within easy reach of the capital. Reading, Lewes, Oxford and St Albans are an hour or less away by train; I know judges who spend longer than that commuting daily to the London courts. It is absurd that those places continue to have judges' lodgings - St Albans costing more than \u00a315,000 a judge a week, Reading only \u00a31,000 less. Moreover, judges are compelled to stay in the lodgings, even though their homes are an easy distance away. One high court judge told me how he used to sneak out of lodgings late at night, returning in the early morning, to spend the night in his own, nearby, bed. The figures also reveal that Manchester had 27 judges using the lodgings during the year, Leeds 29, Cardiff 19. Surely if high court judges are needed so much, they ought to be a permanent presence in the large, busy cities. The obvious alternative is for the judges to stay in hotels. The official reasons for rejecting that option are that \"lodgings offer a safe and secure environment where security can be assured ... particularly important when judges are trying terrorism and organised crime cases\"; secondly, that \"lodgings help to guarantee privacy. Unlike in hotels, there is no prospect of judges coming into contact with counsel, witnesses or any other parties in a case while proceedings are taking place.\" Perhaps special security or privacy arrangements may need to be made for a few sensitive criminal trials, but that does not justify keeping a whole network of permanent posh accommodation just in case. An inquiry in 2000 dealt mainly with the costs of judges' lodgings, not the principle. It is time to think more deeply. There must be a more efficient and cheaper way of bringing justice to the provinces.",
      "charCount": "2625"
    },
    "isHosted": false,
    "pillarId": "pillar/opinion",
    "pillarName": "Opinion"
  },
  {
    "id": "money/2008/jun/09/householdbills.oil",
    "type": "article",
    "sectionId": "money",
    "sectionName": "Money",
    "webPublicationDate": "2008-06-08T23:01:00Z",
    "webTitle": "Domestic energy bills expected to soar as cost of oil keeps increasing",
    "webUrl": "https://www.theguardian.com/money/2008/jun/09/householdbills.oil",
    "apiUrl": "https://content.guardianapis.com/money/2008/jun/09/householdbills.oil",
    "fields": {
      "headline": "Domestic energy bills expected to soar as cost of oil keeps increasing",
      "standfirst": "<strong>&#183;</strong> Wholesale trends suggest 40% rise in gas prices <br /><strong>&#183;</strong> Hopes fade of pressing Opec for output increase",
      "trailText": "<p>Cost of oil has doubled and wholesale gas prices are up 76% in the past year</p>",
      "byline": "Ashley Seager",
      "main": "<figure class=\"element element-image\" data-media-id=\"gu-image-334685005\"> <img src=\"http://static.guim.co.uk/sys-images/Money/Pix/pictures/2007/11/02/GasRings_LindaNylind.jpg\" alt=\"Gas rings\" width=\"460\" height=\"276\" class=\"gu-image\" /> <figcaption> <span class=\"element-image__caption\">It has been warned that gas prices could rise by 40%</span> </figcaption> </figure>",
      "body": "<p>Fresh warnings have emerged that oil prices could go even higher than Friday's record close and domestic gas prices in Britain may surge by 40% on the back of the trend.</p> <p>Oil saw its biggest-ever one-day price jump on Friday with a leap of more than $11 a barrel to yet another all-time high of $139.12, meaning that the cost of the fuel has risen sevenfold since 2002 and doubled in the past 12 months, raising fears of both inflation and recession in oil-consuming nations.</p> <p>Website <a href=\"http://www.theenergyshop.com/getHomePage.do;jsessionid=55B7A8D13953E38E2116A4ADB61AA58C\">theEnergyShop.com</a> warned over the weekend that gas prices to retail customers could soon rise 40% and electricity by 20%. On Friday, forward wholesale gas prices rose 5.3%, meaning they are up 76% in the past year.</p> <p>Joe Malinowski, founder of <a href=\"http://www.theenergyshop.com/getHomePage.do;jsessionid=55B7A8D13953E38E2116A4ADB61AA58C\">theEnergyShop.com</a>, said wholesale prices for gas have risen above retail prices.</p> <p>\"The last time wholesale gas prices broke above retail gas prices was two years ago, in June 2005. In the following 18 months energy bills rose by a record 47%. A very similar thing is going to happen this time around, except that the money value of the increase is going to be even higher,\" he said.</p> <p>Prices look set to open higher this morning after Mohammad Ali Khatibi, Iran's representative at the oil producers' cartel Opec, forecast yesterday that prices would hit the $150 a barrel mark by the end of summer.</p> <p>Similarly bullish comments came from Shokri Ghanem, head of Libya's National Oil Corporation, who said there were no moves within Opec, which pumps a third of the world's oil, to increase supplies further. \"I think it [the oil price] will go higher. That is a trend that will continue for some time. The easy, cheap oil is over, peak oil is looming,\" Ghanem said, referring to the theory that world oil supplies may be about to peak and start declining.</p> <p>Ghanem added, however, that oil prices were rising at the moment for other reasons, such as speculation and concern over political tension in the Middle East.</p> <p>Energy ministers of the Group of Eight rich nations failed over the weekend to back Gordon Brown's demand to urge Opec to increase supplies of crude oil.</p> <p>Instead the ministers, meeting in Japan with non-G8 countries China, India and South Korea, which jointly with the G8 consume two-thirds of the world's oil, talked of the need to promote energy efficiency.</p> <p>\"We will continue to vigorously promote policies and measures for improving energy efficiency,\" they said.</p> <p>Surging oil and food prices over the past couple of years have pushed up inflation in many countries at a time when economies are slowing, preventing central banks such as the Bank of England and European Central Bank from cutting interest rates to head off recession.</p> <p>Governments around the world are struggling with street protests and even riots against rising food and petrol prices. In Britain, pump prices are already at record highs, leading to pressure on the chancellor, Alistair Darling, to scrap a planned 2p a litre fuel duty rise scheduled for October - even though that would make little difference to prices. Diesel is already more than \u00a31.30 a litre in many parts of the country.</p> <p>Airlines are warning that they cannot make money with fuel prices at these levels and many expect to plunge into losses. Ryanair boss Michael O'Leary has predicted that several European airlines will go out of business and US carriers have signalled they are to start charging for baggage. </p> <p>The aerospace group Boeing warned yesterday that orders for its new planes were \"on a knife edge\".</p> <p>However, the US energy secretary, Sam Bodman, acknowledged at the weekend that the Bush government was powerless: \"There are relatively few things we can do short term.\"</p> <p>The German economy minister, Michael Glos, said yesterday he was worried at the rapid rise in oil prices and wanted greater international cooperation on the issue.</p>",
      "newspaperPageNumber": "21",
      "wordcount": "652",
      "commentable": "false",
      "isPremoderated": "false",
      "lastModified": "2017-11-26T21:02:07Z",
      "newspaperEditionDate": "2008-06-09T00:00:00Z",
      "productionOffice": "UK",
      "publication": "The Guardian",
      "shortUrl": "https://gu.com/p/xchdj",
      "shouldHideAdverts": "false",
      "showInRelatedContent": "true",
      "legallySensitive": "false",
      "lang": "en",
      "bodyText": "Fresh warnings have emerged that oil prices could go even higher than Friday's record close and domestic gas prices in Britain may surge by 40% on the back of the trend. Oil saw its biggest-ever one-day price jump on Friday with a leap of more than $11 a barrel to yet another all-time high of $139.12, meaning that the cost of the fuel has risen sevenfold since 2002 and doubled in the past 12 months, raising fears of both inflation and recession in oil-consuming nations. Website theEnergyShop.com warned over the weekend that gas prices to retail customers could soon rise 40% and electricity by 20%. On Friday, forward wholesale gas prices rose 5.3%, meaning they are up 76% in the past year. Joe Malinowski, founder of theEnergyShop.com, said wholesale prices for gas have risen above retail prices. \"The last time wholesale gas prices broke above retail gas prices was two years ago, in June 2005. In the following 18 months energy bills rose by a record 47%. A very similar thing is going to happen this time around, except that the money value of the increase is going to be even higher,\" he said. Prices look set to open higher this morning after Mohammad Ali Khatibi, Iran's representative at the oil producers' cartel Opec, forecast yesterday that prices would hit the $150 a barrel mark by the end of summer. Similarly bullish comments came from Shokri Ghanem, head of Libya's National Oil Corporation, who said there were no moves within Opec, which pumps a third of the world's oil, to increase supplies further. \"I think it [the oil price] will go higher. That is a trend that will continue for some time. The easy, cheap oil is over, peak oil is looming,\" Ghanem said, referring to the theory that world oil supplies may be about to peak and start declining. Ghanem added, however, that oil prices were rising at the moment for other reasons, such as speculation and concern over political tension in the Middle East. Energy ministers of the Group of Eight rich nations failed over the weekend to back Gordon Brown's demand to urge Opec to increase supplies of crude oil. Instead the ministers, meeting in Japan with non-G8 countries China, India and South Korea, which jointly with the G8 consume two-thirds of the world's oil, talked of the need to promote energy efficiency. \"We will continue to vigorously promote policies and measures for improving energy efficiency,\" they said. Surging oil and food prices over the past couple of years have pushed up inflation in many countries at a time when economies are slowing, preventing central banks such as the Bank of England and European Central Bank from cutting interest rates to head off recession. Governments around the world are struggling with street protests and even riots against rising food and petrol prices. In Britain, pump prices are already at record highs, leading to pressure on the chancellor, Alistair Darling, to scrap a planned 2p a litre fuel duty rise scheduled for October - even though that would make little difference to prices. Diesel is already more than \u00a31.30 a litre in many parts of the country. Airlines are warning that they cannot make money with fuel prices at these levels and many expect to plunge into losses. Ryanair boss Michael O'Leary has predicted that several European airlines will go out of business and US carriers have signalled they are to start charging for baggage. The aerospace group Boeing warned yesterday that orders for its new planes were \"on a knife edge\". However, the US energy secretary, Sam Bodman, acknowledged at the weekend that the Bush government was powerless: \"There are relatively few things we can do short term.\" The German economy minister, Michael Glos, said yesterday he was worried at the rapid rise in oil prices and wanted greater international cooperation on the issue.",
      "charCount": "3820"
    },
    "isHosted": false,
    "pillarId": "pillar/lifestyle",
    "pillarName": "Lifestyle"
  },
  {
    "id": "media/2008/jun/09/pressandpublishing.sun",
    "type": "article",
    "sectionId": "media",
    "sectionName": "Media",
    "webPublicationDate": "2008-06-08T23:01:00Z",
    "webTitle": "Papers can't afford to discount price cuts",
    "webUrl": "https://www.theguardian.com/media/2008/jun/09/pressandpublishing.sun",
    "apiUrl": "https://content.guardianapis.com/media/2008/jun/09/pressandpublishing.sun",
    "fields": {
      "headline": "Papers can't afford to discount price cuts",
      "trailText": "<p>We are a nation of bargain hunters and what happens in grocery promotions sets the pattern for all our shopping, including newspapers. <strong>Jim Bilton</strong> reports</p>",
      "byline": "Jim Bilton",
      "main": "",
      "body": "<p>We are a nation of bargain hunters. A third of all grocery products are now sold on promotion and the number of promotions is running at 25% up on last year - and what happens in grocery sets the pattern for all our shopping, including newspapers. The May ABCs for national newspapers show that 14% of the total industry's sales are at below full retail price, a one percentage point increase over a year ago. The Telegraph titles have the highest proportion (53% for the daily and 66% for the Sunday). This is part of their long-term strategy of offering heavily discounted subscriptions which lock in readers for as long as possible. </p> <p>A more traditional cut-price approach is used by the Sun which, although it is edging its prices up, is still discounting well below cover price in Scotland, London and the south-east (32% of its sale is at below full rate). The result is that the Sun has put in three successive year-on-year sales increases in its ABC figures - the May figure (+3.5%) being the strongest of the three.</p> <p>The only other national to show a year-on-year ABC increase is the Observer (+0.5%), which is making a different value-offer to the consumer. Instead of discounting its cover price, the Observer packaged magazine supplements, books and give-aways during May. The strategy helped it to distance itself from its quality rivals. The overall decline in the quality Sunday sector slowed to -2.4% this month; a much stronger figure than the -4.1% for the Sunday midmarkets - the Sunday Express continues to suffer (-12%) - and the -4.5% for the Sunday populars, where the People stands out (-11%). These titles are the two fastest dropping papers across the industry, and Sunday generally remains the most difficult day of the week, pressured by both changing consumer leisure habits and the growth of the Saturday editions. </p> <p>But standing back from the detail, the total national newspaper market continues to look relatively settled. Its rate of year-on-year decline has averaged -2.5% over the last three months, following a -3.4% slide at the start of the year. However, the gap between the Sundays (-4.0%) and the dailies (-1.0%) continues to widen. For popular dailies, the rate of decline slowed to -0.4% in May, due mainly to the buoyancy of the Sun. The Mirror (-5%) and the Daily Star (-7%) continue to suffer despite the Mirror's progressive redesign. </p> <p>Among the midmarkets, the rate of decline slowed to -0.9%, due to the ongoing strength of the Daily Mail (-0.1%), despite its 5p price increase. But for the qualities, the rate of decline accelerated slightly to -2.6%. The FT has come to the end of its 10-month circulation spurt; and while the Times' rate of decline slowed, the slides of the Guardian and Telegraph accelerated.</p> <p>Going back to the grocery market, a recent survey by Billetts, commissioned by the Grocer magazine, showed that there is a slow but real shift away from multi-buys, such as bogofs, into straight money-off promotions. In that context, the added-value packages so popular with the nationals look a bit old hat next to a price discount. Yet the trouble with discounting is that, at a time when publishers are trying to build up the value of their products in the minds of consumers, particularly in contrast to the free internet, the pursuit of volume will continue to drive the industry down the discounting route, from which ultimately there is no escape.</p> <p><strong>\u00b7</strong> The writer is managing partner of Wessenden Marketing, an independent media research firm. <a href=\"http://www.wessenden.com\">wessenden.com</a></p>",
      "newspaperPageNumber": "8",
      "wordcount": "606",
      "commentable": "false",
      "isPremoderated": "false",
      "lastModified": "2017-05-31T19:18:26Z",
      "newspaperEditionDate": "2008-06-09T00:00:00Z",
      "productionOffice": "UK",
      "publication": "The Guardian",
      "shortUrl": "https://gu.com/p/xchbz",
      "shouldHideAdverts": "false",
      "showInRelatedContent": "true",
      "legallySensitive": "false",
      "lang": "en",
      "bodyText": "We are a nation of bargain hunters. A third of all grocery products are now sold on promotion and the number of promotions is running at 25% up on last year - and what happens in grocery sets the pattern for all our shopping, including newspapers. The May ABCs for national newspapers show that 14% of the total industry's sales are at below full retail price, a one percentage point increase over a year ago. The Telegraph titles have the highest proportion (53% for the daily and 66% for the Sunday). This is part of their long-term strategy of offering heavily discounted subscriptions which lock in readers for as long as possible. A more traditional cut-price approach is used by the Sun which, although it is edging its prices up, is still discounting well below cover price in Scotland, London and the south-east (32% of its sale is at below full rate). The result is that the Sun has put in three successive year-on-year sales increases in its ABC figures - the May figure (+3.5%) being the strongest of the three. The only other national to show a year-on-year ABC increase is the Observer (+0.5%), which is making a different value-offer to the consumer. Instead of discounting its cover price, the Observer packaged magazine supplements, books and give-aways during May. The strategy helped it to distance itself from its quality rivals. The overall decline in the quality Sunday sector slowed to -2.4% this month; a much stronger figure than the -4.1% for the Sunday midmarkets - the Sunday Express continues to suffer (-12%) - and the -4.5% for the Sunday populars, where the People stands out (-11%). These titles are the two fastest dropping papers across the industry, and Sunday generally remains the most difficult day of the week, pressured by both changing consumer leisure habits and the growth of the Saturday editions. But standing back from the detail, the total national newspaper market continues to look relatively settled. Its rate of year-on-year decline has averaged -2.5% over the last three months, following a -3.4% slide at the start of the year. However, the gap between the Sundays (-4.0%) and the dailies (-1.0%) continues to widen. For popular dailies, the rate of decline slowed to -0.4% in May, due mainly to the buoyancy of the Sun. The Mirror (-5%) and the Daily Star (-7%) continue to suffer despite the Mirror's progressive redesign. Among the midmarkets, the rate of decline slowed to -0.9%, due to the ongoing strength of the Daily Mail (-0.1%), despite its 5p price increase. But for the qualities, the rate of decline accelerated slightly to -2.6%. The FT has come to the end of its 10-month circulation spurt; and while the Times' rate of decline slowed, the slides of the Guardian and Telegraph accelerated. Going back to the grocery market, a recent survey by Billetts, commissioned by the Grocer magazine, showed that there is a slow but real shift away from multi-buys, such as bogofs, into straight money-off promotions. In that context, the added-value packages so popular with the nationals look a bit old hat next to a price discount. Yet the trouble with discounting is that, at a time when publishers are trying to build up the value of their products in the minds of consumers, particularly in contrast to the free internet, the pursuit of volume will continue to drive the industry down the discounting route, from which ultimately there is no escape. \u00b7 The writer is managing partner of Wessenden Marketing, an independent media research firm. wessenden.com",
      "charCount": "3519"
    },
    "isHosted": false,
    "pillarId": "pillar/news",
    "pillarName": "News"
  }
]