[
  {
    "id": "lifeandstyle/2008/oct/06/foodanddrink.recipe",
    "type": "article",
    "sectionId": "lifeandstyle",
    "sectionName": "Life and style",
    "webPublicationDate": "2008-10-05T23:01:00Z",
    "webTitle": "Mouth-watering recipes from Allegra McEvedy's new Leon cookbook",
    "webUrl": "https://www.theguardian.com/lifeandstyle/2008/oct/06/foodanddrink.recipe",
    "apiUrl": "https://content.guardianapis.com/lifeandstyle/2008/oct/06/foodanddrink.recipe",
    "fields": {
      "headline": "Fresh flavours",
      "standfirst": "Restaurant chain Leon has won a string of awards for its tasty, healthy fast food  since it opened in 2004. All this week, we have exclusive recipes from its first cookbook. Today, founder and G2 chef Allegra McEvedy explains how to make some of the dishes that became instant favourites. Introduction by Jay Rayner",
      "trailText": "<p>Exclusive recipes from the restaurant chain Leon, has won a string of awards for its tasty, healthy fast food since it opened in 2004.</p>",
      "byline": "Allegra McEvedy and Jay Rayner",
      "main": "<figure class=\"element element-image\" data-media-id=\"gu-image-338427177\"> <img src=\"http://static.guim.co.uk/sys-images/Observer/Pix/pictures/2008/06/19/al460x276.jpg\" alt=\"Allegra McEvedy\" width=\"460\" height=\"276\" class=\"gu-image\" /> <figcaption> <span class=\"element-image__caption\">Allegra McEvedy, chef at Leon. Photograph: Suki Dhanda</span> </figcaption> </figure>",
      "body": "<p>Allegra McEvedy is the sort of person who has always been famous; doubtless, at nursery other kids used to trail after her, hoping for crumbs of attention. I'm sure she dispensed them. She's a generous soul, Allegra. </p> <p>Guardian readers who follow her weekly columns, and those who have taken part in her regular cookery workshops on our Word of Mouth food blog, will already have a sense of her: encouraging, jolly, noisy and, above all, enthusiastic. In person, she is all these things, and tactile to boot. At a party she will always be at the head of her own little herd, identified by the gales of rude throaty laughter.</p> <p>In short, McEvedy won't bloody shut up, and nor, thank God, will her food. When she cooks, it's always big-fisted stuff. It's the enemy of prissiness, friend to flavour. Sure, she's done her time at the pass in fancy restaurants; she once led the kitchens at Robert De Niro's Tribeca Grill in New York. She has done stints at the Groucho club - from which she was sacked for being found in the shower with a friend and a bottle - and the famed River Cafe. But it is the role she has now, as the food queen for the nine-strong, quality, seasonal fast-food chain Leon, that suits her best. Its slogan - \"food which tastes good and does you good\" - speaks to the woman's instinctive need to nurture. </p> <p>The recipes brought together in the new Leon cookbook, which we begin serialising today, make it obvious that this is a whole lot more than bald, corporate sloganeering. Allegra and her team at Leon mean it. There really is no arguing with her recipes for butterbean and chorizo stew or her butternut and bacon chowder, her chilli con carne made with braised hunks of chuck steak rather than crumbly mince, or her Moroccan chicken tagine, which has been a Leon bestseller for years. And for good reason. It's fantastic, gutsy, Technicolor stuff. Sure, none of her dishes is exactly elegant. Allegra doesn't do elegant, or at least not in the classical sense. (No one who has seen her in her trademark tweed trilby would argue.) But most of the time that's not what we want from dinner. We just need sustenance, stuff that tastes great and makes us feel good about both ourselves, and the fields that supplied the ingredients that fed us. All of that is what McEvedy does best. Enjoy. </p> <h2>Moroccan meatballs</h2>  <figure class=\"element element-image\" data-media-id=\"gu-image-338308783\"> <img src=\"https://static.guim.co.uk/sys-images/Lifeandhealth/Pix/pictures/2008/10/06/meatballs5.jpg\" alt=\"Leon's Moroccan meatballs\" width=\"140\" height=\"140\" class=\"gu-image\" /> </figure>  <p>When you meet a Leon regular, especially blokes, and ask them what they usually have there, more often than not the answer is \"Meatballs!\" This recipe was the subject of much hot debate and flowery language, but time has proved it was all worth it - not only because they're still on the menu in exactly the same recipe, but because they are always in our top five year-round best sellers.</p> <p><strong>Handsome supper for six</strong></p> <p><strong>The meatballs</strong></p> <p>1\u00bd wholemeal flatbreads (the smaller size, roughly 20cm in diameter) or pitta</p> <p>120ml milk</p> <p>1kg minced lamb</p> <p>A small bunch of parsley, finely chopped</p> <p>A small handful of mint, finely chopped</p> <p>1 tsp dried oregano</p> <p>2 cloves of garlic, chopped</p> <p><strong>The sauce</strong></p> <p>30ml olive oil</p> <p>3 cloves of garlic, crushed</p> <p>2 x 800g tins of chopped tomatoes</p> <p>1\u00bd tbsp harissa</p> <p>A handful of basil, leaves picked and chopped</p> <p>A handful of parsley, chopped</p> <p>Salt and pepper</p> <p>Rip the flatbread into pieces and soak in the milk for 10 minutes. Then put the bread into a mixing bowl, add the mince and stir in the parsley, mint, oregano, garlic and some seasoning.</p> <p>Mix well, then roll the mixture into walnut-sized balls (about 20g each).</p> <p>Either on a griddle pan (best) or under a very hot grill, brown the balls quickly - it's all about colouring them and not cooking them through ... five minutes total cooking time with about three turns on the griddle.</p> <p>To make the sauce, heat the olive oil in a heavy-bottomed pan and gently fry the crushed garlic. Tip in the chopped tomatoes and harissa and simmer for 25-30 minutes, until the sauce has reduced. Put in the meatballs and continue to simmer for a further 20 minutes with a lid on until the sauce looks about right.</p> <p>Lastly, stir in the herbs and have a final seasoning check.</p> <h2>Chicken (or salmon) superfood salad</h2> <p>This is a perfectly balanced lunch. We have some wonderful regulars who have been eating this three times a week for years.</p> <p><strong>Serves two</strong></p> <p>2 tbsp quinoa</p> <p>\u00bd head of broccoli</p> <p>300g free-range chicken thighs, each cut into 4 pieces and marinated overnight, or 4 x 70g slices of salmon fillet</p> <p>2 handfuls of rocket</p> <p>2 handfuls of baby spinach</p> <p>2 vine-ripened tomatoes, roughly chopped</p> <p>120g frozen peas (if using fresh, use 500g unshelled pods)</p> <p>1 lemon</p> <p>2 tbsp extra virgin olive oil</p> <p>A light sprinkling of alfalfa sprouts</p> <p>3 tbsp a\u00efoli</p> <p>2 tbsp toasted seeds</p> <p>A hefty sprinkling of chopped mint and parsley</p> <p>Salt and pepper</p> <p>Put 80ml of water into a small pan and bring to the boil. Stir in the quinoa and boil fast for five minutes, then turn the heat down and simmer for five minutes more. Turn the heat off, fluff with a fork, and leave until cooled.</p> <p>Preheat your grill to very hot, or get your griddle pan smoking.</p> <p>Cut the broccoli into small florets and slice the stalks into 1cm thick circles. Drop into a pan of rapidly boiling salted water for three minutes, then drain and run under the tap until cold.</p> <p>Season your protein. Then for chicken, grill for five minutes, turn it over, then five minutes more; a scant three minutes each side for the salmon slices.</p> <p>While all this is going on, build your salad: toss the leaves, tomatoes, broccoli and peas in the juice of half a lemon and the olive oil. Lift on to one big serving dish or individuals, scatter on the cooled quinoa and alfalfa. The next layer is the protein (try feta if you're veggie). Top with the a\u00efoli, seeds and herbs, with the other half lemon, wedged, on the side.</p> <h2>Sweet potato falafel</h2> <p>We wanted falafel on the menu, but couldn't make the normal ones because we chose not to have any deep-fat fryers and baking them made them dry and crumbly. Benny had a stroke of genius about basing them on roasted sweet potatoes, then binding the mix with chickpea flour, giving them their falafelly credentials. Back flavours of spices, punched up with fresh herbage, make these a year-round winner and our most popular veggie dish to date. As a mezze, we serve these with chopped tomatoes and pickles and a\u00efoli.</p> <p><strong>Makes around 18 falafel - enough for four</strong></p> <p>2 medium sweet potatoes (orange inside), around 700g in total</p> <p>1\u00bd tsp ground cumin</p> <p>2 small cloves of garlic, chopped</p> <p>1\u00bd tsp ground coriander</p> <p>2 big handfuls of fresh coriander, chopped (about 30g)</p> <p>Juice of half a lemon</p> <p>120g gram flour</p> <p>A splash of olive oil</p> <p>A sprinkling of sesame seeds</p> <p>Salt and pepper</p> <p>Preheat the oven to 220C/425F and roast the sweet potatoes whole until just tender (45 minutes to 1 hour). Turn off oven, leave the potatoes to cool, then peel.</p> <p>Put the sweet potatoes, cumin, garlic, ground and fresh coriander, lemon juice and gram flour into a large bowl. Season well, and mash until smooth with no large chunks. Stick in the fridge to firm up for an hour, or the freezer for 20-30 minutes. When you take it out, your mix should be sticky rather than really wet. You can add a tablespoon or so more of gram flour if necessary (the water content of sweet potatoes varies enormously).</p> <p>Reheat the oven to 200C/400F. Using a couple of soup spoons (put a well-heaped spoonful of mix in one spoon and use the concave side of the other to shape the sides) or a falafel scoop if you have one, make the mixture into falafelly looking things and put them on an oiled tray. Sprinkle sesame seeds on top and bake in the oven for around 15 minutes, until the bases are golden brown.</p> <h2>Magic mackerel</h2>  <figure class=\"element element-image\" data-media-id=\"gu-image-338308475\"> <img src=\"https://static.guim.co.uk/sys-images/Lifeandhealth/Pix/pictures/2008/10/06/mackerel.jpg\" alt=\"Leon's magic mackerel\" width=\"140\" height=\"140\" class=\"gu-image\" /> </figure>  <p>These days you have to choose your fish carefully. Mackerel ticks all our boxes: tastes great, full of good oils that make you think better, from the seas around here and not endangered.</p> <p><strong>Serves four for a light lunch</strong></p> <p>200g couscous</p> <p>2\u00bd tbsp extra virgin olive oil</p> <p>1 tsp ground cumin</p> <p>2 juicy lemons</p> <p>\u00bd head of broccoli, cut into florets</p> <p>5 fillets of undyed smoked mackerel</p> <p>80g hazelnuts, toasted and very roughly chopped</p> <p>75g dried apricots, chopped</p> <p>2 tbsp toasted seeds</p> <p>2 tbsp dill, finely chopped</p> <p>2 big handfuls of rocket, roughly chopped</p> <p>4 tbsp extra virgin olive oil</p> <p>salt and pepper</p> <p>Put the couscous into a large bowl and stir in the oil, cumin and a hefty pinch of salt, plus the zest and juice of half a lemon, making sure each granule is well coated. Pour 300ml of boiling water over the couscous, stirring well to ensure there are no dry areas left. Cover with clingfilm and leave for 10 minutes somewhere warm.</p> <p>Blanch the broccoli for three minutes in boiling salted water, then run under the tap until cold.</p> <p>Once the couscous has done its thing, break it up by gently rubbing it between the palms of your hands. Take the skin off one of the mackerel fillets and flake it through the couscous in small pieces that you can't really see. Mix in the nuts, apricots, broccoli, seeds, dill and lastly the rocket (be gentle). Adjust the seasoning and dress with lemon juice (about \u00bd-1 lemon - use the rest as wedges) and extra virgin olive oil. Gently break each of the remaining fillets into two or three pieces and sit atop the couscous.</p> <h2>Butternut &amp; bacon chowder</h2> <p>Chowders are associated with clams, summertime and New England, but this is a slightly heartier recipe that gently slides into autumnal eating.</p> <p><strong>Serves four</strong></p> <p>3 tbsp butter</p> <p>200g streaky bacon, diced small</p> <p>3 cloves of garlic, chopped</p> <p>1 large onion, diced</p> <p>1 small butternut squash (about 650g), peeled and cut into 2cm dice</p> <p>2 medium floury potatoes, scrubbed and cut into 2cm dice</p> <p>500ml chicken stock</p> <p>100ml double cream</p> <p>500ml full-fat milk</p> <p>3 big handfuls of flat-leaf parsley, leaves picked and roughly chopped</p> <p>1 tbsp thyme, roughly chopped</p> <p>Salt and pepper</p> <p>Over a medium heat melt the butter in a big heavy-bottomed pan. When it's just about going nutty brown, scatter in the bacon in separate pieces, not a clump. Keep cooking on a medium heat until the bacon starts to crisp and takes on a nicely golden brown appearance. Then stir in the garlic and cook for a further few minutes to release the flavours.</p> <p>Add the onion and some salt and cook gently for a further 10-ish minutes with a lid on the pan until the onion is very soft but not browning. Splosh in a couple of tablespoons of water to get the colour and any sticky bits off the bottom of the pan.</p> <p>Once the onions are super-soft, add the squash and spuds, turn the heat down a tad and continue to cook and stir occasionally for a further 10 minutes. When they are all well-coated, whack the heat up a bit and pour in the chicken stock and cream. Simmer the soup for 15-20 minutes, until the squash and spuds are soft but not collapsing.</p> <p>Now add the milk and bring to a simmer; as soon as this has happened, turn the heat off: do not let it boil or the milk will split.</p> <p>Using a slotted spoon, take out about half the veggies, letting the liquid drain back into the pan. Blend the veg to a smooth pur\u00e9e and add back to the soup. Check the seasoning, stir in the chopped parsley and sprinkle with thyme just before serving.</p> <h2>Leon gobi</h2>  <figure class=\"element element-image\" data-media-id=\"gu-image-338308476\"> <img src=\"https://static.guim.co.uk/sys-images/Lifeandhealth/Pix/pictures/2008/10/06/gobi.jpg\" alt=\"Leon gobi\" width=\"140\" height=\"140\" class=\"gu-image\" /> </figure>  <p>At Leon we give the veggies who eat with us quite a lot of TLC, and this curry took a long time to get spot on before it went on the menu: it's all about the balance of spices, sweetness and making sure you time the veg right so it doesn't all fall apart. The Gobi refers to the cauliflower. It's the addition of ground almonds that provides the wonderful consistency.</p> <p><strong>Gobi good for six</strong></p> <p>1 medium onion, halved and thickly sliced</p> <p>1 carrot, thickly sliced</p> <p>2 tbsp sunflower or peanut oil</p> <p>1 red chilli (go for a bird's-eye if you like it hot - some do)</p> <p>2 thumb-sized pieces of root ginger, washed but not peeled</p> <p>5 cloves garlic, peeled</p> <p>1 large tsp Madras curry powder</p> <p>1 tsp turmeric</p> <p>1 tsp black onion seeds</p> <p>1 medium sweet potato, washed and cut into 2.5cm dice</p> <p>4 heaped tbsp ground almonds</p> <p>A good handful of sultanas</p> <p>\u00bd a small cauliflower, broken into florets</p> <p>1 x 400ml tin of coconut milk</p> <p>150g frozen peas</p> <p>Juice of \u00bd a lemon</p> <p>A really big handful of coriander, roughly chopped</p> <p>Salt</p> <p>2 heaped tbsp desiccated coconut, to serve</p> <p>In a large saucepan, cook the onion and carrot over a medium to low heat in the oil for 15-20 minutes with the lid on, stirring occasionally. Season with salt.</p> <p>Blitz the chilli, ginger and garlic to a paste in a food processor. Stir the paste into the onions once they have begun to soften, along with the spices (including the onion seeds). After another five minutes, season with salt, add the sweet potato chunks and the almonds and mix well so that everything is well coated.</p> <p>Turn the heat up a bit and stir in 500ml of water and the sultanas. Bring to a simmer and leave it to bubble gently for 10-15 minutes with the lid off, stirring occasionally.</p> <p>Add the cauliflower florets and the coconut milk and simmer for a further 10-15 minutes, covered. Check that the sweet potato and cauliflower are both cooked, turn the heat off and stir in the peas.</p> <p>It will need more salt, plus the lemon juice and chopped coriander to finish it off right. We serve it with a sprinkling of dried coconut on top.</p> <h2>The Leon better brownie</h2>  <figure class=\"element element-image\" data-media-id=\"gu-image-338308477\"> <img src=\"https://static.guim.co.uk/sys-images/Lifeandhealth/Pix/pictures/2008/10/06/brownie.jpg\" alt=\"Leon's better brownie\" width=\"140\" height=\"140\" class=\"gu-image\" /> </figure>  <p>This is the lovely Emma's recipe, which she's been making for us down in Dorset since day one and which has won many admirers. As you can tell, she is a bit particular about the way it's done, but all power to her - it's the best brownie in the world.</p> <p><strong>Makes 12 big 'uns</strong></p> <p><strong>The melting</strong></p> <p>180g unsalted butter</p> <p>200g dark chocolate (Belgian 54% cocoa solids)</p> <p>2 tsp espresso at room temperature, or other very strong coffee</p> <p><strong>The mixing</strong></p> <p>1 tsp organic cold-pressed sweet orange oil or finely grated zest of 1 orange</p> <p>80g sweet Spanish almonds (skin on), toasted and chopped</p> <p>4 free-range eggs</p> <p>100g ground sweet Spanish almonds</p> <p>160g dark chocolate chunks (Belgian 54% cocoa solids)</p> <p>160g very dark chocolate chunks (Belgian 72% cocoa solids)</p> <p>150g fructose</p> <p>Pinch of sea salt</p> <p>3-4 drops of Madagascan bourbon vanilla extract</p> <p>Preheat the oven to 180C/350F.</p> <p>Melt the butter on full power in a microwave for 1 minute (this can also be done in a small pan on the hob) and separately melt the dark chocolate in a bowl over a pan of hot water on the stove. Stir the chocolate well, ensure it is completely melted, and be careful not to burn it.</p> <p>Once the butter is melted and allowed to cool slightly, add the coffee and stir well, then add whichever orange bits you are using (if you add anything too hot or too cold to the mix it can cause it to shrink - have your ingredients at room temperature and not straight from the fridge).</p> <p>Roughly chop and toast the skin-on almonds for 10 minutes and leave to cool.</p> <p>(When it comes to this next bit take special care to place the ingredients into the mixing bowl in the order stated - this ensures a nice even mix of all ingredients and the eggs don't come into contact with the warmed butter.)</p> <p>Put the eggs in first, then all the ground almonds, then the dark choc and very dark choc chunks, and lastly the fructose. Stir in the salt and vanilla, followed by the butter mixture. Mix well until creamy and thickened but be careful not to over-mix - too much air will cause the brownie to crumble when baked.</p> <p>Spoon the mix into a well-buttered baking tray 30 x 30cm, or something with similar volume.</p> <p>Take extreme care not to over-bake. The brownie is ready when the edges are slightly crusty and the middle is still soft. The middle should be very moist but should have a firmish feel to it - about 20-25 minutes. Remember that fructose goes much darker when baked than sugar. The brownie also develops a glossy sheen and does not look baked when it is. I'll say it again - you need to be very careful not to over-bake.</p> <p>\u2022 Extracted from Leon: Ingredients and Recipes, by Allegra McEvedy, published by Conran Octopus on October 13, price \u00a320. To order a copy of for \u00a318 with free UK p&amp;p, go to guardian.co.uk/bookshop, or call 0870 836 0875. Tomorrow: Seasonal cooking</p> <p>\u2022 Catch up with Allegra McEvedy's weekly column and browse thousands more recipe ideas <a href=\"http://guardian.co.uk/food\">guardian.co.uk/food</a></p>",
      "newspaperPageNumber": "4",
      "wordcount": "2909",
      "commentable": "false",
      "isPremoderated": "false",
      "lastModified": "2017-11-25T22:42:44Z",
      "newspaperEditionDate": "2008-10-06T00:00:00Z",
      "productionOffice": "UK",
      "publication": "The Guardian",
      "shortUrl": "https://gu.com/p/2xtkh",
      "shouldHideAdverts": "false",
      "showInRelatedContent": "true",
      "legallySensitive": "false",
      "lang": "en",
      "bodyText": "Allegra McEvedy is the sort of person who has always been famous; doubtless, at nursery other kids used to trail after her, hoping for crumbs of attention. I'm sure she dispensed them. She's a generous soul, Allegra. Guardian readers who follow her weekly columns, and those who have taken part in her regular cookery workshops on our Word of Mouth food blog, will already have a sense of her: encouraging, jolly, noisy and, above all, enthusiastic. In person, she is all these things, and tactile to boot. At a party she will always be at the head of her own little herd, identified by the gales of rude throaty laughter. In short, McEvedy won't bloody shut up, and nor, thank God, will her food. When she cooks, it's always big-fisted stuff. It's the enemy of prissiness, friend to flavour. Sure, she's done her time at the pass in fancy restaurants; she once led the kitchens at Robert De Niro's Tribeca Grill in New York. She has done stints at the Groucho club - from which she was sacked for being found in the shower with a friend and a bottle - and the famed River Cafe. But it is the role she has now, as the food queen for the nine-strong, quality, seasonal fast-food chain Leon, that suits her best. Its slogan - \"food which tastes good and does you good\" - speaks to the woman's instinctive need to nurture. The recipes brought together in the new Leon cookbook, which we begin serialising today, make it obvious that this is a whole lot more than bald, corporate sloganeering. Allegra and her team at Leon mean it. There really is no arguing with her recipes for butterbean and chorizo stew or her butternut and bacon chowder, her chilli con carne made with braised hunks of chuck steak rather than crumbly mince, or her Moroccan chicken tagine, which has been a Leon bestseller for years. And for good reason. It's fantastic, gutsy, Technicolor stuff. Sure, none of her dishes is exactly elegant. Allegra doesn't do elegant, or at least not in the classical sense. (No one who has seen her in her trademark tweed trilby would argue.) But most of the time that's not what we want from dinner. We just need sustenance, stuff that tastes great and makes us feel good about both ourselves, and the fields that supplied the ingredients that fed us. All of that is what McEvedy does best. Enjoy. Moroccan meatballs When you meet a Leon regular, especially blokes, and ask them what they usually have there, more often than not the answer is \"Meatballs!\" This recipe was the subject of much hot debate and flowery language, but time has proved it was all worth it - not only because they're still on the menu in exactly the same recipe, but because they are always in our top five year-round best sellers. Handsome supper for six The meatballs 1\u00bd wholemeal flatbreads (the smaller size, roughly 20cm in diameter) or pitta 120ml milk 1kg minced lamb A small bunch of parsley, finely chopped A small handful of mint, finely chopped 1 tsp dried oregano 2 cloves of garlic, chopped The sauce 30ml olive oil 3 cloves of garlic, crushed 2 x 800g tins of chopped tomatoes 1\u00bd tbsp harissa A handful of basil, leaves picked and chopped A handful of parsley, chopped Salt and pepper Rip the flatbread into pieces and soak in the milk for 10 minutes. Then put the bread into a mixing bowl, add the mince and stir in the parsley, mint, oregano, garlic and some seasoning. Mix well, then roll the mixture into walnut-sized balls (about 20g each). Either on a griddle pan (best) or under a very hot grill, brown the balls quickly - it's all about colouring them and not cooking them through ... five minutes total cooking time with about three turns on the griddle. To make the sauce, heat the olive oil in a heavy-bottomed pan and gently fry the crushed garlic. Tip in the chopped tomatoes and harissa and simmer for 25-30 minutes, until the sauce has reduced. Put in the meatballs and continue to simmer for a further 20 minutes with a lid on until the sauce looks about right. Lastly, stir in the herbs and have a final seasoning check. Chicken (or salmon) superfood salad This is a perfectly balanced lunch. We have some wonderful regulars who have been eating this three times a week for years. Serves two 2 tbsp quinoa \u00bd head of broccoli 300g free-range chicken thighs, each cut into 4 pieces and marinated overnight, or 4 x 70g slices of salmon fillet 2 handfuls of rocket 2 handfuls of baby spinach 2 vine-ripened tomatoes, roughly chopped 120g frozen peas (if using fresh, use 500g unshelled pods) 1 lemon 2 tbsp extra virgin olive oil A light sprinkling of alfalfa sprouts 3 tbsp a\u00efoli 2 tbsp toasted seeds A hefty sprinkling of chopped mint and parsley Salt and pepper Put 80ml of water into a small pan and bring to the boil. Stir in the quinoa and boil fast for five minutes, then turn the heat down and simmer for five minutes more. Turn the heat off, fluff with a fork, and leave until cooled. Preheat your grill to very hot, or get your griddle pan smoking. Cut the broccoli into small florets and slice the stalks into 1cm thick circles. Drop into a pan of rapidly boiling salted water for three minutes, then drain and run under the tap until cold. Season your protein. Then for chicken, grill for five minutes, turn it over, then five minutes more; a scant three minutes each side for the salmon slices. While all this is going on, build your salad: toss the leaves, tomatoes, broccoli and peas in the juice of half a lemon and the olive oil. Lift on to one big serving dish or individuals, scatter on the cooled quinoa and alfalfa. The next layer is the protein (try feta if you're veggie). Top with the a\u00efoli, seeds and herbs, with the other half lemon, wedged, on the side. Sweet potato falafel We wanted falafel on the menu, but couldn't make the normal ones because we chose not to have any deep-fat fryers and baking them made them dry and crumbly. Benny had a stroke of genius about basing them on roasted sweet potatoes, then binding the mix with chickpea flour, giving them their falafelly credentials. Back flavours of spices, punched up with fresh herbage, make these a year-round winner and our most popular veggie dish to date. As a mezze, we serve these with chopped tomatoes and pickles and a\u00efoli. Makes around 18 falafel - enough for four 2 medium sweet potatoes (orange inside), around 700g in total 1\u00bd tsp ground cumin 2 small cloves of garlic, chopped 1\u00bd tsp ground coriander 2 big handfuls of fresh coriander, chopped (about 30g) Juice of half a lemon 120g gram flour A splash of olive oil A sprinkling of sesame seeds Salt and pepper Preheat the oven to 220C/425F and roast the sweet potatoes whole until just tender (45 minutes to 1 hour). Turn off oven, leave the potatoes to cool, then peel. Put the sweet potatoes, cumin, garlic, ground and fresh coriander, lemon juice and gram flour into a large bowl. Season well, and mash until smooth with no large chunks. Stick in the fridge to firm up for an hour, or the freezer for 20-30 minutes. When you take it out, your mix should be sticky rather than really wet. You can add a tablespoon or so more of gram flour if necessary (the water content of sweet potatoes varies enormously). Reheat the oven to 200C/400F. Using a couple of soup spoons (put a well-heaped spoonful of mix in one spoon and use the concave side of the other to shape the sides) or a falafel scoop if you have one, make the mixture into falafelly looking things and put them on an oiled tray. Sprinkle sesame seeds on top and bake in the oven for around 15 minutes, until the bases are golden brown. Magic mackerel These days you have to choose your fish carefully. Mackerel ticks all our boxes: tastes great, full of good oils that make you think better, from the seas around here and not endangered. Serves four for a light lunch 200g couscous 2\u00bd tbsp extra virgin olive oil 1 tsp ground cumin 2 juicy lemons \u00bd head of broccoli, cut into florets 5 fillets of undyed smoked mackerel 80g hazelnuts, toasted and very roughly chopped 75g dried apricots, chopped 2 tbsp toasted seeds 2 tbsp dill, finely chopped 2 big handfuls of rocket, roughly chopped 4 tbsp extra virgin olive oil salt and pepper Put the couscous into a large bowl and stir in the oil, cumin and a hefty pinch of salt, plus the zest and juice of half a lemon, making sure each granule is well coated. Pour 300ml of boiling water over the couscous, stirring well to ensure there are no dry areas left. Cover with clingfilm and leave for 10 minutes somewhere warm. Blanch the broccoli for three minutes in boiling salted water, then run under the tap until cold. Once the couscous has done its thing, break it up by gently rubbing it between the palms of your hands. Take the skin off one of the mackerel fillets and flake it through the couscous in small pieces that you can't really see. Mix in the nuts, apricots, broccoli, seeds, dill and lastly the rocket (be gentle). Adjust the seasoning and dress with lemon juice (about \u00bd-1 lemon - use the rest as wedges) and extra virgin olive oil. Gently break each of the remaining fillets into two or three pieces and sit atop the couscous. Butternut &amp; bacon chowder Chowders are associated with clams, summertime and New England, but this is a slightly heartier recipe that gently slides into autumnal eating. Serves four 3 tbsp butter 200g streaky bacon, diced small 3 cloves of garlic, chopped 1 large onion, diced 1 small butternut squash (about 650g), peeled and cut into 2cm dice 2 medium floury potatoes, scrubbed and cut into 2cm dice 500ml chicken stock 100ml double cream 500ml full-fat milk 3 big handfuls of flat-leaf parsley, leaves picked and roughly chopped 1 tbsp thyme, roughly chopped Salt and pepper Over a medium heat melt the butter in a big heavy-bottomed pan. When it's just about going nutty brown, scatter in the bacon in separate pieces, not a clump. Keep cooking on a medium heat until the bacon starts to crisp and takes on a nicely golden brown appearance. Then stir in the garlic and cook for a further few minutes to release the flavours. Add the onion and some salt and cook gently for a further 10-ish minutes with a lid on the pan until the onion is very soft but not browning. Splosh in a couple of tablespoons of water to get the colour and any sticky bits off the bottom of the pan. Once the onions are super-soft, add the squash and spuds, turn the heat down a tad and continue to cook and stir occasionally for a further 10 minutes. When they are all well-coated, whack the heat up a bit and pour in the chicken stock and cream. Simmer the soup for 15-20 minutes, until the squash and spuds are soft but not collapsing. Now add the milk and bring to a simmer; as soon as this has happened, turn the heat off: do not let it boil or the milk will split. Using a slotted spoon, take out about half the veggies, letting the liquid drain back into the pan. Blend the veg to a smooth pur\u00e9e and add back to the soup. Check the seasoning, stir in the chopped parsley and sprinkle with thyme just before serving. Leon gobi At Leon we give the veggies who eat with us quite a lot of TLC, and this curry took a long time to get spot on before it went on the menu: it's all about the balance of spices, sweetness and making sure you time the veg right so it doesn't all fall apart. The Gobi refers to the cauliflower. It's the addition of ground almonds that provides the wonderful consistency. Gobi good for six 1 medium onion, halved and thickly sliced 1 carrot, thickly sliced 2 tbsp sunflower or peanut oil 1 red chilli (go for a bird's-eye if you like it hot - some do) 2 thumb-sized pieces of root ginger, washed but not peeled 5 cloves garlic, peeled 1 large tsp Madras curry powder 1 tsp turmeric 1 tsp black onion seeds 1 medium sweet potato, washed and cut into 2.5cm dice 4 heaped tbsp ground almonds A good handful of sultanas \u00bd a small cauliflower, broken into florets 1 x 400ml tin of coconut milk 150g frozen peas Juice of \u00bd a lemon A really big handful of coriander, roughly chopped Salt 2 heaped tbsp desiccated coconut, to serve In a large saucepan, cook the onion and carrot over a medium to low heat in the oil for 15-20 minutes with the lid on, stirring occasionally. Season with salt. Blitz the chilli, ginger and garlic to a paste in a food processor. Stir the paste into the onions once they have begun to soften, along with the spices (including the onion seeds). After another five minutes, season with salt, add the sweet potato chunks and the almonds and mix well so that everything is well coated. Turn the heat up a bit and stir in 500ml of water and the sultanas. Bring to a simmer and leave it to bubble gently for 10-15 minutes with the lid off, stirring occasionally. Add the cauliflower florets and the coconut milk and simmer for a further 10-15 minutes, covered. Check that the sweet potato and cauliflower are both cooked, turn the heat off and stir in the peas. It will need more salt, plus the lemon juice and chopped coriander to finish it off right. We serve it with a sprinkling of dried coconut on top. The Leon better brownie This is the lovely Emma's recipe, which she's been making for us down in Dorset since day one and which has won many admirers. As you can tell, she is a bit particular about the way it's done, but all power to her - it's the best brownie in the world. Makes 12 big 'uns The melting 180g unsalted butter 200g dark chocolate (Belgian 54% cocoa solids) 2 tsp espresso at room temperature, or other very strong coffee The mixing 1 tsp organic cold-pressed sweet orange oil or finely grated zest of 1 orange 80g sweet Spanish almonds (skin on), toasted and chopped 4 free-range eggs 100g ground sweet Spanish almonds 160g dark chocolate chunks (Belgian 54% cocoa solids) 160g very dark chocolate chunks (Belgian 72% cocoa solids) 150g fructose Pinch of sea salt 3-4 drops of Madagascan bourbon vanilla extract Preheat the oven to 180C/350F. Melt the butter on full power in a microwave for 1 minute (this can also be done in a small pan on the hob) and separately melt the dark chocolate in a bowl over a pan of hot water on the stove. Stir the chocolate well, ensure it is completely melted, and be careful not to burn it. Once the butter is melted and allowed to cool slightly, add the coffee and stir well, then add whichever orange bits you are using (if you add anything too hot or too cold to the mix it can cause it to shrink - have your ingredients at room temperature and not straight from the fridge). Roughly chop and toast the skin-on almonds for 10 minutes and leave to cool. (When it comes to this next bit take special care to place the ingredients into the mixing bowl in the order stated - this ensures a nice even mix of all ingredients and the eggs don't come into contact with the warmed butter.) Put the eggs in first, then all the ground almonds, then the dark choc and very dark choc chunks, and lastly the fructose. Stir in the salt and vanilla, followed by the butter mixture. Mix well until creamy and thickened but be careful not to over-mix - too much air will cause the brownie to crumble when baked. Spoon the mix into a well-buttered baking tray 30 x 30cm, or something with similar volume. Take extreme care not to over-bake. The brownie is ready when the edges are slightly crusty and the middle is still soft. The middle should be very moist but should have a firmish feel to it - about 20-25 minutes. Remember that fructose goes much darker when baked than sugar. The brownie also develops a glossy sheen and does not look baked when it is. I'll say it again - you need to be very careful not to over-bake. \u2022 Extracted from Leon: Ingredients and Recipes, by Allegra McEvedy, published by Conran Octopus on October 13, price \u00a320. To order a copy of for \u00a318 with free UK p&amp;p, go to guardian.co.uk/bookshop, or call 0870 836 0875. Tomorrow: Seasonal cooking \u2022 Catch up with Allegra McEvedy's weekly column and browse thousands more recipe ideas guardian.co.uk/food",
      "charCount": "15964"
    },
    "isHosted": false,
    "pillarId": "pillar/lifestyle",
    "pillarName": "Lifestyle"
  },
  {
    "id": "business/2008/oct/06/creditcrunch.eu",
    "type": "article",
    "sectionId": "business",
    "sectionName": "Business",
    "webPublicationDate": "2008-10-05T23:01:00Z",
    "webTitle": "Contagion could fracture the eurozone",
    "webUrl": "https://www.theguardian.com/business/2008/oct/06/creditcrunch.eu",
    "apiUrl": "https://content.guardianapis.com/business/2008/oct/06/creditcrunch.eu",
    "fields": {
      "headline": "Contagion could fracture the eurozone",
      "standfirst": "Assertions of the credit crunch's Anglo-Saxon nature look foolish now",
      "trailText": "<p>Economic meltdown pushes the EU both towards closer integration and disintegration</p>",
      "byline": "Larry Elliott, economics editor",
      "main": "",
      "body": "<p>Somehow you always sensed that it was tempting fate when the German finance minister, Peer Steinbr\u00fcck, said last month that the credit crunch was an American matter. How long would it be before the contagion that knocked the stuffing out of Wall Street and the City would claim a eurozone bank or two?</p> <p>Well, the hubristic words were barely out of Steinbr\u00fcck's mouth before we had our answer. The Belgians and the Dutch bailed out Fortis bank; the Irish made a blanket guarantee on deposits amid fears that at least one, and probably two, of their big banks were about to go belly up.</p> <p>Steinbr\u00fcck's musings on whether the US was losing its status as the world's economic hegemon were interrupted by the need to seek approval from Brussels for the ill-fated \u20ac35bn (\u00a327bn) rescue of Germany's Hypo Real Estate banking group. And by the weekend the leaders of Europe's big four - Germany, France, Italy and Britain - were calling for an emergency global summit next month. A lesson for finance ministers: try not to anger the gods. </p> <p>The week's events have challenged the smug notion that the credit crunch is a purely Anglo-Saxon affair. A glance around Europe shows this is far from the truth: from Iceland to Greece, there are signs of acute stress accentuated by the same marked slowdown as in the UK.</p> <p>France's quarterly growth rate slowed from 0.7% in the third quarter of last year to 0.4% in each of the next two quarters, then went negative by 0.3% in quarter two of this year. Christine Lagarde, finance minister, expects GDP to contract again in the third quarter. This is technically a recession: two consecutive quarters of falling output.</p> <p>Italy has performed even less well. GDP fell in both the fourth quarter of 2007 and the second quarter of this year, dragging the already anaemic annual growth rate down to zero. In France it is 1.1% and in Britain 1.4%. Germany has been the best performing of Europe's big four economies, but it too is slowing as demand for its exports is affected by the global slowdown. Germany's output fell by 0.5% in the second quarter, pulling its annual growth rate down to 1.7%.</p> <p>By comparison, annual growth in the US is 2.2%, although the strong performance in the second quarter was due to a one-off $150bn (\u00a385bn) tax cut, and the economy now appears to be slowing fast. The evidence is that there is a slowdown across the developed world and it is in countries that follow the continental European as well as the Anglo-Saxon model; in countries that had housing market bubbles as well as those that did not, and in countries that joined the euro as well as those that stayed out. Spain, for example, is in the monetary union but announced a huge 7% annual drop in industrial output last Friday and is seeing a sharp rise in unemployment. All three British purchasing managers' surveys last week - manufacturing, services and construction - warned of recession. The first meeting of Gordon Brown's economic war cabinet today will have plenty to talk about.</p> <p>The picture is mixed for Iceland, Norway and Switzerland, which are not in the European Union at all. Iceland is in a terrible state, with confidence in its banking system shot to pieces and the economy already going backwards fast. Norway, helped by the booming oil price, is growing at 3.3%, a percentage point higher than Switzerland.</p> <p>Staring through this statistical fog is not easy, but a few conclusions can be drawn. The first is that no part of the developed world will be immune. The second is that the \"real economy\" effects took time to have an impact but are now intensifying.</p> <p>In this respect, the actions - or rather inactions - of the European Central Bank are curious. Unlike the Federal Reserve or the Bank of England, the ECB decided that the rise in inflation this year caused by higher oil and food prices merited raising interest rates.</p> <p>Inflation is now falling and, judging by the comments of Jean-Claude Trichet, its president, the ECB is moving towards easing policy by early 2009. By which time there will be abundant evidence that Europe, Japan and the US are in recession, and this will have a marked impact on Britain, where 50% of exports go to the rest of Europe. Trichet is doing a fair impression of the emperor Nero; perhaps Mervyn King would run him closest among central bank governors. </p> <p>A third conclusion is that the slow-burn effect on the European banking system probably has more to do with differences in accounting procedures than the way they were run. As Steinbr\u00fcck well knows, German banks joined their British and American counterparts in the sub-prime casino and made the same dumb bets on risky derivatives. It has simply taken longer for the losses to surface.</p> <p>A fourth observation - again fairly obvious - is that the eurozone remains a hybrid. It is a monetary union but not a political union, and so countries such as Ireland have had to go it alone in bailing out struggling banks. There is a clear distinction between the US, where the government has financial clout across all 50 states, and the EU. Calling a global summit is not the same as actually doing something, and Angela Merkel has made clear that Germany will not bail out dodgy banks in other EU countries. The European Investment Bank is releasing \u00a312bn of emergency aid to small businesses, but given the EU's size and the scale of the crisis, that is chicken-feed.</p> <p>In the long term, monetary unions do not survive without political union, and so the fifth conclusion is that there are pressures both for closer integration and for disintegration. The crisis could strengthen those who argue that the halfway house is inherently unstable and will remain so until there is fiscal as well as monetary union. On the other hand, the growing threat of recession may make some countries question the value of remaining in a monetary union.</p> <p>The London School of Economics' Charles Goodhart noted last week that the past few years have seen extreme movements in competitiveness, unit labour costs and trade balances across the eurozone. Given the ECB's concerns about inflation, these can only be rectified by the countries running large current account deficits, such as Spain, or suffering from an acute lack of competitiveness, such as Italy, growing more slowly and squeezing living standards. Clearly, this will not be wildly popular: Goodhart concludes that some members of the monetary union would vote against entry if deciding now.</p> <p>Deciding not to join is quite different from deciding to leave, and there would be considerable repercussions for a country that reinstated its own national currency in place of the euro. Goodhart puts the risk that monetary union will break up at 10-20%, which is small but certainly not insignificant.</p> <p><a href=\"mailto:larry.elliott@theguardian.com\">larry.elliott@theguardian.com</a></p>",
      "newspaperPageNumber": "30",
      "wordcount": "1175",
      "commentCloseDate": "2008-10-08T23:06:27Z",
      "commentable": "true",
      "isPremoderated": "false",
      "lastModified": "2017-11-26T20:33:29Z",
      "newspaperEditionDate": "2008-10-06T00:00:00Z",
      "productionOffice": "UK",
      "publication": "The Guardian",
      "shortUrl": "https://gu.com/p/2xtt3",
      "shouldHideAdverts": "false",
      "showInRelatedContent": "true",
      "legallySensitive": "false",
      "lang": "en",
      "bodyText": "Somehow you always sensed that it was tempting fate when the German finance minister, Peer Steinbr\u00fcck, said last month that the credit crunch was an American matter. How long would it be before the contagion that knocked the stuffing out of Wall Street and the City would claim a eurozone bank or two? Well, the hubristic words were barely out of Steinbr\u00fcck's mouth before we had our answer. The Belgians and the Dutch bailed out Fortis bank; the Irish made a blanket guarantee on deposits amid fears that at least one, and probably two, of their big banks were about to go belly up. Steinbr\u00fcck's musings on whether the US was losing its status as the world's economic hegemon were interrupted by the need to seek approval from Brussels for the ill-fated \u20ac35bn (\u00a327bn) rescue of Germany's Hypo Real Estate banking group. And by the weekend the leaders of Europe's big four - Germany, France, Italy and Britain - were calling for an emergency global summit next month. A lesson for finance ministers: try not to anger the gods. The week's events have challenged the smug notion that the credit crunch is a purely Anglo-Saxon affair. A glance around Europe shows this is far from the truth: from Iceland to Greece, there are signs of acute stress accentuated by the same marked slowdown as in the UK. France's quarterly growth rate slowed from 0.7% in the third quarter of last year to 0.4% in each of the next two quarters, then went negative by 0.3% in quarter two of this year. Christine Lagarde, finance minister, expects GDP to contract again in the third quarter. This is technically a recession: two consecutive quarters of falling output. Italy has performed even less well. GDP fell in both the fourth quarter of 2007 and the second quarter of this year, dragging the already anaemic annual growth rate down to zero. In France it is 1.1% and in Britain 1.4%. Germany has been the best performing of Europe's big four economies, but it too is slowing as demand for its exports is affected by the global slowdown. Germany's output fell by 0.5% in the second quarter, pulling its annual growth rate down to 1.7%. By comparison, annual growth in the US is 2.2%, although the strong performance in the second quarter was due to a one-off $150bn (\u00a385bn) tax cut, and the economy now appears to be slowing fast. The evidence is that there is a slowdown across the developed world and it is in countries that follow the continental European as well as the Anglo-Saxon model; in countries that had housing market bubbles as well as those that did not, and in countries that joined the euro as well as those that stayed out. Spain, for example, is in the monetary union but announced a huge 7% annual drop in industrial output last Friday and is seeing a sharp rise in unemployment. All three British purchasing managers' surveys last week - manufacturing, services and construction - warned of recession. The first meeting of Gordon Brown's economic war cabinet today will have plenty to talk about. The picture is mixed for Iceland, Norway and Switzerland, which are not in the European Union at all. Iceland is in a terrible state, with confidence in its banking system shot to pieces and the economy already going backwards fast. Norway, helped by the booming oil price, is growing at 3.3%, a percentage point higher than Switzerland. Staring through this statistical fog is not easy, but a few conclusions can be drawn. The first is that no part of the developed world will be immune. The second is that the \"real economy\" effects took time to have an impact but are now intensifying. In this respect, the actions - or rather inactions - of the European Central Bank are curious. Unlike the Federal Reserve or the Bank of England, the ECB decided that the rise in inflation this year caused by higher oil and food prices merited raising interest rates. Inflation is now falling and, judging by the comments of Jean-Claude Trichet, its president, the ECB is moving towards easing policy by early 2009. By which time there will be abundant evidence that Europe, Japan and the US are in recession, and this will have a marked impact on Britain, where 50% of exports go to the rest of Europe. Trichet is doing a fair impression of the emperor Nero; perhaps Mervyn King would run him closest among central bank governors. A third conclusion is that the slow-burn effect on the European banking system probably has more to do with differences in accounting procedures than the way they were run. As Steinbr\u00fcck well knows, German banks joined their British and American counterparts in the sub-prime casino and made the same dumb bets on risky derivatives. It has simply taken longer for the losses to surface. A fourth observation - again fairly obvious - is that the eurozone remains a hybrid. It is a monetary union but not a political union, and so countries such as Ireland have had to go it alone in bailing out struggling banks. There is a clear distinction between the US, where the government has financial clout across all 50 states, and the EU. Calling a global summit is not the same as actually doing something, and Angela Merkel has made clear that Germany will not bail out dodgy banks in other EU countries. The European Investment Bank is releasing \u00a312bn of emergency aid to small businesses, but given the EU's size and the scale of the crisis, that is chicken-feed. In the long term, monetary unions do not survive without political union, and so the fifth conclusion is that there are pressures both for closer integration and for disintegration. The crisis could strengthen those who argue that the halfway house is inherently unstable and will remain so until there is fiscal as well as monetary union. On the other hand, the growing threat of recession may make some countries question the value of remaining in a monetary union. The London School of Economics' Charles Goodhart noted last week that the past few years have seen extreme movements in competitiveness, unit labour costs and trade balances across the eurozone. Given the ECB's concerns about inflation, these can only be rectified by the countries running large current account deficits, such as Spain, or suffering from an acute lack of competitiveness, such as Italy, growing more slowly and squeezing living standards. Clearly, this will not be wildly popular: Goodhart concludes that some members of the monetary union would vote against entry if deciding now. Deciding not to join is quite different from deciding to leave, and there would be considerable repercussions for a country that reinstated its own national currency in place of the euro. Goodhart puts the risk that monetary union will break up at 10-20%, which is small but certainly not insignificant. larry.elliott@theguardian.com",
      "charCount": "6780"
    },
    "isHosted": false,
    "pillarId": "pillar/news",
    "pillarName": "News"
  }
]