[
  {
    "id": "media/2008/nov/29/digital-media-television-simon-garfield",
    "type": "article",
    "sectionId": "media",
    "sectionName": "Media",
    "webPublicationDate": "2008-11-29T00:01:00Z",
    "webTitle": "Simon Garfield: Cable, digital, satellite ... or Strictly Come Dancing?",
    "webUrl": "https://www.theguardian.com/media/2008/nov/29/digital-media-television-simon-garfield",
    "apiUrl": "https://content.guardianapis.com/media/2008/nov/29/digital-media-television-simon-garfield",
    "fields": {
      "headline": "Cable, digital, satellite ... or Strictly Come Dancing?",
      "standfirst": "It is 20 years since the first TV satellite was launched and multi-channel television  was born. Its fans revel in increased choice, but others argue we were better off before",
      "trailText": "<p><strong>Simon Garfield: </strong>It is 20 years since the first TV satellite was launched and multi-channel television was born. Its fans revel in increased choice, but others argue we were better off before</p>",
      "byline": "Simon Garfield",
      "main": "",
      "body": "<p>In the early hours of yesterday, a fair reflection of British culture and aspirations: Cops Uncut 3 (Virgin), Special Victims Unit (Hallmark), Boozed-Up Brits Abroad Unleashed (Bravo+1), 12 Steps to Poker Heaven (Information TV), Live Roulette (Open Access 3), Sextastic Double Header (Nuts TV), America's Fattest City (Sky Real Lives +1), Single In The Hamptons (Wedding TV +1), Extreme Championship Wrestling (Sky Sports 3), Anal Babes (Adult Channel), Don't Pay More This Christmas (Price-Drop TV). </p> <p>Finally, a boom industry. At the darkest end of 2008, Satellite television is showing few signs of the slowdown. Advertising may be thinning, but the creative endeavours of programmers are blossoming: World's Most Extreme Homes (Real Estate TV); Yummy Mummies (Climax 3); Swapna Kinare (Zee Gujarati); Late Night Flirting (GayDate TV); Husn-e-Qirat (ARY QTV); Primary Health and Safety (Teachers TV). And why should these programmes ever feel the pinch? Once you have Cops Uncut 3, who amongst us is brave enough not to predict a sequel?</p> <p> For something so beamed, satellite has a lot of landmarks these days. In a fortnight it will be 20 years since the launch of the first Astra satellite, the initial home of Sky. It is 25 years since Rupert Murdoch bought a majority shareholding in a little-known company called Satellite Television Ltd, which had been transmitting to a few hundred people in Europe for about a year. And a few weeks ago, another milestone: Sky exceeded 9 million subscribers, and came out with enough stats and slogans to suggest that, as a carrier if not a programmer, it had become the most influential, unpredictable and lucrative player in British broadcasting. </p> <p>\"Sky is a valued part of everyday life in the homes of more than one in three families in the UK and Ireland,\" its 2008 Review stated. \"We entertain, excite and inspire ... we believe in better.\" (On its cover, the Review featured a ballerina's legs swathed in red silk, a subtle nod to its arts coverage and fetish channels.) </p> <p>The basics were on the contents page - a group revenue of \u00a34.95bn (including phone and broadband services), with an operating profit of \u00a3724m. This compared with ITV's 2007 revenue figures of \u00a32,082m and an operating profit of \u00a3192m. The key thing, Sky's glossy brochure said, was choice, which is the only thing that satellite television has been reliably good at since inception. These days, Sky is not alone in this claim: the company and its competitors (Virgin, BT Vision, Freesat and many foreign and cable possibilities), have made available a choice of more than 2,000 digital television and radio stations. It's the usual noise: thousands of channels and nothing on; a belief that very soon there will be one channel for every viewer; a dislocation of those mythical domestic evenings when everyone in our huge and pungent households crammed in to a oil-lit front room to watch the same flickering images in the shape of light entertainment and the Play for Today. </p> <p>Tonight on television we may detect something strange - the oil-lit front-room returns. Strictly Come Dancing and X Factor, the shows that dominate popular discourse, are on terrestrial and still bind a nation, or at least a large and shameless proportion of it. The shows no longer clash in the schedules and claim more than 10 million viewers each. The streets empty, people know not to phone, or they only phone to vote. It is community like it used to be, where parents and children have found their only shared interest, and gather to watch and judge and gasp and choose, as we used to do for Morecambe and Wise and the Generation Game and New Faces, and before then round the gallows. The only difference between the golden age and now is that we have worked out how to press the record button for the results show. </p> <p>But it's an illusion, like all the best television. Tonight's shows are only remarkable because they are an exception - the Doctor Who of late autumn. We are celebrating something only because we missed it so much, and because it is fleeting. </p> <p>People used to be smug about not having a television. This was replaced by being smug about watching only documentaries and Newsnight, and a few years ago this was nudged aside by those who only enjoyed Doctor Who and shows written by Russell T Davies. But now the reluctant viewer finds five channels are not an option any more. </p> <p>You cannot buy a nice television these days without finding it comes with Freeview, which has many channels you may never have heard of. Everything is going digital. The fact that the singing and dancing tonight are on the old channels has become irrelevant. The distinction between terrestrial and satellite is so blurred in so many homes that the BBC and ITV claims of identity and loyalty are increasingly hard to maintain. Viewers with the choice are likely to access tonight's terrestrial offerings through their satellite dishes. </p> <p>As we move towards an analogue switch-off in the next three years, the digital array before us has made channel loyalty as ancient a concept as getting up off the sofa to turn a bakelite dial. The fact that the BBC has become increasingly tarnished through Russell Brand and Jonathan Ross and deceitful competitions cannot be its long-term concern, a fact it belatedly announced in May when it launched Freesat with ITV (a satellite service available without subscription) and tacitly acknowledges each evening with the transmission of such BBC Three shows as Britain's Really Disgusting Foods or its sporting coverage of international bowls. </p> <p>One mean hope for the terrestrial channels is that the recession will decrease subscriptions to Sky, although the perceived evidence from the tower blocks, where dishes stud the sides of buildings like buttons on a matelot's trousers, is that the satellite now forms part of the immovable triumvirate alongside fags and booze. </p> <p>The terrestrial channels have already tried everything else - the popularisation of Panorama and Horizon, the lateness of the evening news - but the main message it receives every Saturday is that ordinary people want to see famous people trying to dance. It used to be a fair assumption that television reflected the country it broadcast to: if this is still true, we may be the most diverse country on earth, and the most confused, and the least demanding. </p> <p>But one thing hasn't changed with satellite - our insatiable appreciation of nostalgia. This Christmas, Sky's advertising campaign has assumed a nostalgic and homely mantel, as if the company that did most to promote the technology of high definition pictures and multiroom hard-disc recorders hadn't forgotten its softer side: \"Come Home To Sky Movies\", the strapline reads, above a picture of a snowy landscape and a warm house glowing with magnolia wallpaper. The likes of The Great Escape, The Sound of Music and The Wizard of Oz are more likely to be found at this house than on the BBC. </p> <p>Skymag, issued to subscribers each month has long since abandoned any ambitions to be like the Radio Times. There are no ads for stairlifts or cruising opportunities with the stars of gardening shows; there are certainly no listings for Radio Three's lunchtime concert. Instead there are M&amp;S vouchers for signing up a friend to Sky+, a 300-page \"sets the record straight\" interview with Britney Spears, a useful profile of the mother of a son with Down's syndrome. This is the Britain it is interested in, a place of shopping for useless things for under \u00a310, a little trivia ('I love junk food and occasionally will still splurge,\" opines Britney), and some caring for the family (there is also mention of how to use your security pin to hide adult channels from the younger ones). Everything in the December issue is bursting with tinsel and stars and baubles, like Woolworths before the bad news.</p> <p>Rupert Murdoch once called the emergence of satellite TV \"the most important single advance since Caxton invented the printing press,\" an observation so woefully absurd that we should never for one minute doubt its veracity. Why buy books when you've already spent your money on Sky One's new Guinness World Records Smashed? A more accurate claim could be made for Sky's transformation of professional sport - the improvement in camera angles, the money the players receive, the money we pay to watch them. A little credit is due for the company's sponsorship of the arts. And we may reasonably ask whether BBC iPlayer would have existed without the ability to timeshift and \"series record\" with faultless simplicity (faultless until some tiny unforeseeable problem causes the loss of your entire hard disk). </p> <p> Last week on Desert Island Discs, (the last word in unrepentantly old-style formats), Kirsty Young asked Janet Street-Porter to recall her McTaggart lecture at the Edinburgh Television festival, in which she derided television as middle-aged, middle-class and mediocre. Street-Porter had tried to challenge it with the cable fiasco that was Live TV (it's OK, Street-Porter claimed, Topless Darts was only introduced after she left). But most channels aren't middle-class or middle-aged any more: they are populist, voyeuristic, venal, cynical and exploitative, and some of them are quite entertaining and good at what they do. </p> <p>There are some brilliant, shining examples of bought-in TV, largely from the US, that hit us on satellite first: the Simpsons, Family Guy, West Wing, 24, Curb Your Enthusiasm, The Wire - most of it from HBO, the stuff we buy as box sets because we're so pleased to have found something watchable. But they are gems in a slurry. Many of the channels on television today are only \"television\" because they are broadcast; the people who dreamed up the shopping channels were former-life market hawkers, or they ran those hi-fi and kitchen gadget shops that sprang up for one day on the high street to sell you things that weren't as described when you got them home. </p> <p>When I watched in the early hours of yesterday morning television looked as though it had fallen on very hard times. But it never looked happier. Hale and Pace were on Men &amp; Motors. The Africa Channel looked colourful in all its promotional headdresses. Honey I Ruined The House was on Discovery RT+1. Sexetera was on Virgin+1, and was focussing on people who have sex dressed as clowns. Most of the ethnic channels, which often feature very long mass singing sessions, looked as though they had been shot on phone cameras. Television, meet recession: I think you may have things in common.</p>",
      "newspaperPageNumber": "40",
      "wordcount": "1769",
      "commentable": "false",
      "isPremoderated": "false",
      "lastModified": "2017-12-19T22:29:29Z",
      "newspaperEditionDate": "2008-11-29T00:00:00Z",
      "productionOffice": "UK",
      "publication": "The Guardian",
      "shortUrl": "https://gu.com/p/235ym",
      "shouldHideAdverts": "false",
      "showInRelatedContent": "true",
      "legallySensitive": "false",
      "lang": "en",
      "bodyText": "In the early hours of yesterday, a fair reflection of British culture and aspirations: Cops Uncut 3 (Virgin), Special Victims Unit (Hallmark), Boozed-Up Brits Abroad Unleashed (Bravo+1), 12 Steps to Poker Heaven (Information TV), Live Roulette (Open Access 3), Sextastic Double Header (Nuts TV), America's Fattest City (Sky Real Lives +1), Single In The Hamptons (Wedding TV +1), Extreme Championship Wrestling (Sky Sports 3), Anal Babes (Adult Channel), Don't Pay More This Christmas (Price-Drop TV). Finally, a boom industry. At the darkest end of 2008, Satellite television is showing few signs of the slowdown. Advertising may be thinning, but the creative endeavours of programmers are blossoming: World's Most Extreme Homes (Real Estate TV); Yummy Mummies (Climax 3); Swapna Kinare (Zee Gujarati); Late Night Flirting (GayDate TV); Husn-e-Qirat (ARY QTV); Primary Health and Safety (Teachers TV). And why should these programmes ever feel the pinch? Once you have Cops Uncut 3, who amongst us is brave enough not to predict a sequel? For something so beamed, satellite has a lot of landmarks these days. In a fortnight it will be 20 years since the launch of the first Astra satellite, the initial home of Sky. It is 25 years since Rupert Murdoch bought a majority shareholding in a little-known company called Satellite Television Ltd, which had been transmitting to a few hundred people in Europe for about a year. And a few weeks ago, another milestone: Sky exceeded 9 million subscribers, and came out with enough stats and slogans to suggest that, as a carrier if not a programmer, it had become the most influential, unpredictable and lucrative player in British broadcasting. \"Sky is a valued part of everyday life in the homes of more than one in three families in the UK and Ireland,\" its 2008 Review stated. \"We entertain, excite and inspire ... we believe in better.\" (On its cover, the Review featured a ballerina's legs swathed in red silk, a subtle nod to its arts coverage and fetish channels.) The basics were on the contents page - a group revenue of \u00a34.95bn (including phone and broadband services), with an operating profit of \u00a3724m. This compared with ITV's 2007 revenue figures of \u00a32,082m and an operating profit of \u00a3192m. The key thing, Sky's glossy brochure said, was choice, which is the only thing that satellite television has been reliably good at since inception. These days, Sky is not alone in this claim: the company and its competitors (Virgin, BT Vision, Freesat and many foreign and cable possibilities), have made available a choice of more than 2,000 digital television and radio stations. It's the usual noise: thousands of channels and nothing on; a belief that very soon there will be one channel for every viewer; a dislocation of those mythical domestic evenings when everyone in our huge and pungent households crammed in to a oil-lit front room to watch the same flickering images in the shape of light entertainment and the Play for Today. Tonight on television we may detect something strange - the oil-lit front-room returns. Strictly Come Dancing and X Factor, the shows that dominate popular discourse, are on terrestrial and still bind a nation, or at least a large and shameless proportion of it. The shows no longer clash in the schedules and claim more than 10 million viewers each. The streets empty, people know not to phone, or they only phone to vote. It is community like it used to be, where parents and children have found their only shared interest, and gather to watch and judge and gasp and choose, as we used to do for Morecambe and Wise and the Generation Game and New Faces, and before then round the gallows. The only difference between the golden age and now is that we have worked out how to press the record button for the results show. But it's an illusion, like all the best television. Tonight's shows are only remarkable because they are an exception - the Doctor Who of late autumn. We are celebrating something only because we missed it so much, and because it is fleeting. People used to be smug about not having a television. This was replaced by being smug about watching only documentaries and Newsnight, and a few years ago this was nudged aside by those who only enjoyed Doctor Who and shows written by Russell T Davies. But now the reluctant viewer finds five channels are not an option any more. You cannot buy a nice television these days without finding it comes with Freeview, which has many channels you may never have heard of. Everything is going digital. The fact that the singing and dancing tonight are on the old channels has become irrelevant. The distinction between terrestrial and satellite is so blurred in so many homes that the BBC and ITV claims of identity and loyalty are increasingly hard to maintain. Viewers with the choice are likely to access tonight's terrestrial offerings through their satellite dishes. As we move towards an analogue switch-off in the next three years, the digital array before us has made channel loyalty as ancient a concept as getting up off the sofa to turn a bakelite dial. The fact that the BBC has become increasingly tarnished through Russell Brand and Jonathan Ross and deceitful competitions cannot be its long-term concern, a fact it belatedly announced in May when it launched Freesat with ITV (a satellite service available without subscription) and tacitly acknowledges each evening with the transmission of such BBC Three shows as Britain's Really Disgusting Foods or its sporting coverage of international bowls. One mean hope for the terrestrial channels is that the recession will decrease subscriptions to Sky, although the perceived evidence from the tower blocks, where dishes stud the sides of buildings like buttons on a matelot's trousers, is that the satellite now forms part of the immovable triumvirate alongside fags and booze. The terrestrial channels have already tried everything else - the popularisation of Panorama and Horizon, the lateness of the evening news - but the main message it receives every Saturday is that ordinary people want to see famous people trying to dance. It used to be a fair assumption that television reflected the country it broadcast to: if this is still true, we may be the most diverse country on earth, and the most confused, and the least demanding. But one thing hasn't changed with satellite - our insatiable appreciation of nostalgia. This Christmas, Sky's advertising campaign has assumed a nostalgic and homely mantel, as if the company that did most to promote the technology of high definition pictures and multiroom hard-disc recorders hadn't forgotten its softer side: \"Come Home To Sky Movies\", the strapline reads, above a picture of a snowy landscape and a warm house glowing with magnolia wallpaper. The likes of The Great Escape, The Sound of Music and The Wizard of Oz are more likely to be found at this house than on the BBC. Skymag, issued to subscribers each month has long since abandoned any ambitions to be like the Radio Times. There are no ads for stairlifts or cruising opportunities with the stars of gardening shows; there are certainly no listings for Radio Three's lunchtime concert. Instead there are M&amp;S vouchers for signing up a friend to Sky+, a 300-page \"sets the record straight\" interview with Britney Spears, a useful profile of the mother of a son with Down's syndrome. This is the Britain it is interested in, a place of shopping for useless things for under \u00a310, a little trivia ('I love junk food and occasionally will still splurge,\" opines Britney), and some caring for the family (there is also mention of how to use your security pin to hide adult channels from the younger ones). Everything in the December issue is bursting with tinsel and stars and baubles, like Woolworths before the bad news. Rupert Murdoch once called the emergence of satellite TV \"the most important single advance since Caxton invented the printing press,\" an observation so woefully absurd that we should never for one minute doubt its veracity. Why buy books when you've already spent your money on Sky One's new Guinness World Records Smashed? A more accurate claim could be made for Sky's transformation of professional sport - the improvement in camera angles, the money the players receive, the money we pay to watch them. A little credit is due for the company's sponsorship of the arts. And we may reasonably ask whether BBC iPlayer would have existed without the ability to timeshift and \"series record\" with faultless simplicity (faultless until some tiny unforeseeable problem causes the loss of your entire hard disk). Last week on Desert Island Discs, (the last word in unrepentantly old-style formats), Kirsty Young asked Janet Street-Porter to recall her McTaggart lecture at the Edinburgh Television festival, in which she derided television as middle-aged, middle-class and mediocre. Street-Porter had tried to challenge it with the cable fiasco that was Live TV (it's OK, Street-Porter claimed, Topless Darts was only introduced after she left). But most channels aren't middle-class or middle-aged any more: they are populist, voyeuristic, venal, cynical and exploitative, and some of them are quite entertaining and good at what they do. There are some brilliant, shining examples of bought-in TV, largely from the US, that hit us on satellite first: the Simpsons, Family Guy, West Wing, 24, Curb Your Enthusiasm, The Wire - most of it from HBO, the stuff we buy as box sets because we're so pleased to have found something watchable. But they are gems in a slurry. Many of the channels on television today are only \"television\" because they are broadcast; the people who dreamed up the shopping channels were former-life market hawkers, or they ran those hi-fi and kitchen gadget shops that sprang up for one day on the high street to sell you things that weren't as described when you got them home. When I watched in the early hours of yesterday morning television looked as though it had fallen on very hard times. But it never looked happier. Hale and Pace were on Men &amp; Motors. The Africa Channel looked colourful in all its promotional headdresses. Honey I Ruined The House was on Discovery RT+1. Sexetera was on Virgin+1, and was focussing on people who have sex dressed as clowns. Most of the ethnic channels, which often feature very long mass singing sessions, looked as though they had been shot on phone cameras. Television, meet recession: I think you may have things in common.",
      "charCount": "10541"
    },
    "isHosted": false,
    "pillarId": "pillar/news",
    "pillarName": "News"
  },
  {
    "id": "politics/2008/nov/29/ian-blair-knife-crime",
    "type": "article",
    "sectionId": "uk-news",
    "sectionName": "UK news",
    "webPublicationDate": "2008-11-29T00:01:00Z",
    "webTitle": "Death threats, intimidation and attacks, the price of being a 'grass'",
    "webUrl": "https://www.theguardian.com/politics/2008/nov/29/ian-blair-knife-crime",
    "apiUrl": "https://content.guardianapis.com/politics/2008/nov/29/ian-blair-knife-crime",
    "fields": {
      "headline": "Death threats, intimidation and attacks, the price of being a 'grass'",
      "standfirst": "Sir Ian Blair left the Metropolitan police citing neighbourhood policing and a fall in violent crime as his legacy. One mother who turned whistleblower tells a different story, writes Sandra Laville",
      "trailText": "<p>Sir Ian Blair cites neighbourhood policing and a fall in violent crime as his legacy. One mother tells a different story</p>",
      "byline": "Sandra Laville",
      "main": "",
      "body": "<p>The pictures in the hall of a smiling toddler and a fashionable teenage boy are the only evidence that Sally and her son ever lived as a normal family.</p> <p>In the last two years the boy in the photographs, a particularly vulnerable young man who suffers from autism, has been forced to leave his home, suffered a mental breakdown and had to abandon his education as a result of his mother's decision to do the right thing in a culture where police officers are routinely met with a wall of silence as they tackle gun and knife crime. </p> <p>Sally (her name has been changed) has been left to live among a gang who repeatedly bullied and targeted her son. She has suffered violent attacks, constant intimidation and death threats after telephoning the police when she discovered her son was storing a firearm in his bedroom.</p> <p>Finding the weapon helped detectives convict two men for murder and track six other shooting incidents, all of which involved the gun. \"They would never have found this weapon without me,\" she said. \"But I feel like I've been treated as a criminal.\" Terrified for her life after receiving death threats she was told by one officer: \"Don't worry. They've never shot a mother yet.\"</p> <p>Sally's son was one example to add to the growing evidence that younger teenagers living in inner-city areas where street gangs prevail are being intimidated into storing firearms by older hoods.</p> <p>The government has responded with a three point action plan against gun crime, including tougher punishments for those who force minors to store guns. </p> <p>To tackle witness intimidation the Home Office formed the National Witness Mobility Service to \"arrange the timely and effective relocation of witnesses living in social housing\", and teams are also in place to identify and help young people at risk of being sucked into gang culture.</p> <p>But Sally's story suggests the policies are not feeding down to the grassroots. It was her son, who had a mental age of 11, who was arrested and charged, while the older man who gave him the weapon remains at large.</p> <p>Sally was expected to give testimony against her own son in public gaze and despite asking to be moved from the area remains at her address. </p> <p>It was one morning two years ago that her son left for school telling her: \"Mum, whatever you do, don't look in my room.\"</p> <p>Already concerned at the bullying her son was suffering at the hands of gang members and aware the autism made him more vulnerable, she went to his bedroom where she discovered a large bundle, wrapped in a sock and hidden in a rucksack. Inside she found a black handgun and ammunition.</p> <p>It had been in the house less than 24 hours. Her son confessed that he had been called out the night before to meet a gang member who ordered him to store it. As text messages on his mobile phone revealed, the same man had been intimidating him for months.</p> <p>\"My son didn't know it was a gun,\" she said. \"When I opened the bundle I was just in shock. My son has a mental health worker because of his autism. She told me to phone the youth offending team.\"</p> <p>Within an hour a detective called her to say his officers would kick down her front door to get access to the firearm. \"I said please don't do that, I'm on my way home. He said he was going to arrest my son, and I said he has special needs, he has a mental age of 11, he always comes home, please don't arrest him at school, he will come home.\"</p> <p>A few hours later the school rang to say her son had been taken from his classes and arrested. \"That was the end of his education. He never did his GCSEs and has had no education since,\" his mother said.</p> <p>The boy spent that night in a police cell before appearing in court the next day charged with possession of a firearm and ammunition.</p> <p>In a statement seen by the Guardian the teenager provided information to detectives. He denied knowing there was a gun in the bag, and said he had been told to look after it by someone who regularly bullied and intimidated him. A property was raided but no one else was charged in connection with the discovery.</p> <p>Police and crown prosecutors decided that it was in the public interest to charge Sally's son. They acknowledged the danger he was in and placed him a safe house but she remained in the area and in the weeks that followed the intimidation and threats began.</p> <p>On the day of her son's appearance in a crown court Sally received two calls on her mobile at 7.30am. \"A man's voice said 'you are going to die ... bitch'.\" She informed the police who said they would flag her address up as sensitive.</p> <p>A DVD film of rappers singing about killing anyone who grasses was posted through her letterbox, her car was trashed with concrete blocks, she was threatened repeatedly and asked to reveal where her son was, and one of his friends was stabbed to frighten him into giving away the boy's whereabouts.</p> <p>\"I was going through all this and everyone kept saying my son was going to prison. I said he is not going to prison. He knew nothing about it. There was no DNA on the gun, he was bullied and frightened.\"</p> <p>Charges against her son were dropped when she refused to give evidence in court. \"If he had been an obnoxious unruly boy with a criminal history it would be different,\" she said. \"But I knew he was being bullied, I knew they had been coming to my house threatening him. He was not the criminal.\"</p> <p>Shortly after the case he suffered a mental breakdown. On the wall of the bedroom in the safe house he had scrawled: \"Someone please help me, get me out of here.\"</p> <p>Today he is still unable to return home and suffers from deteriorating mental health. In a statement he said: \"Before this happened I really loved going to school. I'm not allowed to go to school now, and I have received no education whatsoever since arriving [at the safe house]. It has been very difficult for me.\" </p> <p>Recounting how he was involved in storing the weapon, he said: \"When I got home I did begin to panic about what might be in the bag. I was arrested the following day. I told police who had given me the gun but as far as I am aware he has not been arrested. In fact people just keep calling my mum asking where I am and what I have said to police.\"</p> <p>A police source said the issue of rehousing witnesses was complex and far from perfect. He said temporary accommodation was often offered as a first resort, but that could mean bed and breakfast rooms which not everyone would accept.</p> <p>\"In a perfect world we would have a number of suitable flats available so that we could move people quickly into suitable accommodation. But it's not a perfect world.\" </p> <p>He said officers were now trying to work with Sally to find her a suitable new home.</p>",
      "newspaperPageNumber": "20",
      "wordcount": "1217",
      "commentable": "false",
      "isPremoderated": "false",
      "lastModified": "2017-11-27T12:42:45Z",
      "newspaperEditionDate": "2008-11-29T00:00:00Z",
      "productionOffice": "UK",
      "publication": "The Guardian",
      "shortUrl": "https://gu.com/p/235kz",
      "shouldHideAdverts": "false",
      "showInRelatedContent": "true",
      "legallySensitive": "false",
      "lang": "en",
      "bodyText": "The pictures in the hall of a smiling toddler and a fashionable teenage boy are the only evidence that Sally and her son ever lived as a normal family. In the last two years the boy in the photographs, a particularly vulnerable young man who suffers from autism, has been forced to leave his home, suffered a mental breakdown and had to abandon his education as a result of his mother's decision to do the right thing in a culture where police officers are routinely met with a wall of silence as they tackle gun and knife crime. Sally (her name has been changed) has been left to live among a gang who repeatedly bullied and targeted her son. She has suffered violent attacks, constant intimidation and death threats after telephoning the police when she discovered her son was storing a firearm in his bedroom. Finding the weapon helped detectives convict two men for murder and track six other shooting incidents, all of which involved the gun. \"They would never have found this weapon without me,\" she said. \"But I feel like I've been treated as a criminal.\" Terrified for her life after receiving death threats she was told by one officer: \"Don't worry. They've never shot a mother yet.\" Sally's son was one example to add to the growing evidence that younger teenagers living in inner-city areas where street gangs prevail are being intimidated into storing firearms by older hoods. The government has responded with a three point action plan against gun crime, including tougher punishments for those who force minors to store guns. To tackle witness intimidation the Home Office formed the National Witness Mobility Service to \"arrange the timely and effective relocation of witnesses living in social housing\", and teams are also in place to identify and help young people at risk of being sucked into gang culture. But Sally's story suggests the policies are not feeding down to the grassroots. It was her son, who had a mental age of 11, who was arrested and charged, while the older man who gave him the weapon remains at large. Sally was expected to give testimony against her own son in public gaze and despite asking to be moved from the area remains at her address. It was one morning two years ago that her son left for school telling her: \"Mum, whatever you do, don't look in my room.\" Already concerned at the bullying her son was suffering at the hands of gang members and aware the autism made him more vulnerable, she went to his bedroom where she discovered a large bundle, wrapped in a sock and hidden in a rucksack. Inside she found a black handgun and ammunition. It had been in the house less than 24 hours. Her son confessed that he had been called out the night before to meet a gang member who ordered him to store it. As text messages on his mobile phone revealed, the same man had been intimidating him for months. \"My son didn't know it was a gun,\" she said. \"When I opened the bundle I was just in shock. My son has a mental health worker because of his autism. She told me to phone the youth offending team.\" Within an hour a detective called her to say his officers would kick down her front door to get access to the firearm. \"I said please don't do that, I'm on my way home. He said he was going to arrest my son, and I said he has special needs, he has a mental age of 11, he always comes home, please don't arrest him at school, he will come home.\" A few hours later the school rang to say her son had been taken from his classes and arrested. \"That was the end of his education. He never did his GCSEs and has had no education since,\" his mother said. The boy spent that night in a police cell before appearing in court the next day charged with possession of a firearm and ammunition. In a statement seen by the Guardian the teenager provided information to detectives. He denied knowing there was a gun in the bag, and said he had been told to look after it by someone who regularly bullied and intimidated him. A property was raided but no one else was charged in connection with the discovery. Police and crown prosecutors decided that it was in the public interest to charge Sally's son. They acknowledged the danger he was in and placed him a safe house but she remained in the area and in the weeks that followed the intimidation and threats began. On the day of her son's appearance in a crown court Sally received two calls on her mobile at 7.30am. \"A man's voice said 'you are going to die ... bitch'.\" She informed the police who said they would flag her address up as sensitive. A DVD film of rappers singing about killing anyone who grasses was posted through her letterbox, her car was trashed with concrete blocks, she was threatened repeatedly and asked to reveal where her son was, and one of his friends was stabbed to frighten him into giving away the boy's whereabouts. \"I was going through all this and everyone kept saying my son was going to prison. I said he is not going to prison. He knew nothing about it. There was no DNA on the gun, he was bullied and frightened.\" Charges against her son were dropped when she refused to give evidence in court. \"If he had been an obnoxious unruly boy with a criminal history it would be different,\" she said. \"But I knew he was being bullied, I knew they had been coming to my house threatening him. He was not the criminal.\" Shortly after the case he suffered a mental breakdown. On the wall of the bedroom in the safe house he had scrawled: \"Someone please help me, get me out of here.\" Today he is still unable to return home and suffers from deteriorating mental health. In a statement he said: \"Before this happened I really loved going to school. I'm not allowed to go to school now, and I have received no education whatsoever since arriving [at the safe house]. It has been very difficult for me.\" Recounting how he was involved in storing the weapon, he said: \"When I got home I did begin to panic about what might be in the bag. I was arrested the following day. I told police who had given me the gun but as far as I am aware he has not been arrested. In fact people just keep calling my mum asking where I am and what I have said to police.\" A police source said the issue of rehousing witnesses was complex and far from perfect. He said temporary accommodation was often offered as a first resort, but that could mean bed and breakfast rooms which not everyone would accept. \"In a perfect world we would have a number of suitable flats available so that we could move people quickly into suitable accommodation. But it's not a perfect world.\" He said officers were now trying to work with Sally to find her a suitable new home.",
      "charCount": "6645"
    },
    "isHosted": false,
    "pillarId": "pillar/news",
    "pillarName": "News"
  },
  {
    "id": "world/2008/nov/29/russia-oligarchs-millionaire-fair",
    "type": "article",
    "sectionId": "world",
    "sectionName": "World news",
    "webPublicationDate": "2008-11-29T00:01:00Z",
    "webTitle": "Russia's elite turn out for millionaire fair despite economic crisis",
    "webUrl": "https://www.theguardian.com/world/2008/nov/29/russia-oligarchs-millionaire-fair",
    "apiUrl": "https://content.guardianapis.com/world/2008/nov/29/russia-oligarchs-millionaire-fair",
    "fields": {
      "headline": "Down to their last hundred million but Russia's elite still enjoy fun of the fair",
      "standfirst": "Show's yachts and flash cars draw in oligarchs, despite huge stock market falls",
      "trailText": "<p>Moscow millionaire show's yachts and flash cars draw in oligarchs, despite huge stock market falls</p>",
      "byline": "Luke Harding in Moscow",
      "main": "",
      "body": "<p>Holding a glass of warm champagne, Alexander Aivazov mused on the question of whether Russia still had money. </p> <p>\"This clearly isn't a good time to invest. But we Russians have always got money hidden away somewhere, often in the refrigerator,\" Aivazov said, strolling off to look at designer skis. Nearby was a stand selling Gulfstream private jets; around the corner a property company was offering a private island. Other items on sale included an 18-metre yacht at \u00a31m.</p> <p>Welcome to Moscow's millionaire fair - a luxury goods and entertainment event in a giant exhibition hall on the edge of the capital. The fair is a sort of one-stop supermarket for the super-rich, where you can simultaneously purchase a beachside villa and a helicopter to take you there.</p> <p>The problem this year is that Russia's \u00fcber-wealthy have fallen on hard times. Since the summer, the country's economy has been badly hit by the global economic crisis. The rouble has taken a battering, while the Russian stock market has fallen by more than 70%. </p> <p>Suddenly the country that redefined the word oligarch is feeling the pinch. This month Russia's richest man, Oleg Deripaska, was forced to borrow $4.5bn from the state to pay his debts. Other capitalist frontrunners are rumoured to be down to their last $100m.</p> <p>And instead of buying a new Aston Martin (on sale here for 11,637,795 roubles, or \u00a3260,000), Aivazov yesterday bought himself a lawnmower - albeit an expensive one. \"It cost $4,000,\" he said. </p> <p>Like most male visitors to the show, Aivazov was wearing a tuxedo. Nearby, young women were pouring Laurent Perrier champagne while hanging upside down from a hoop. Being a millionaire - there are at least 103,000 of them across Russia - gets you a free invitation. Non-millionaires can visit if they stump up $64 for a ticket, and put on a suitable frock. </p> <p>Many of those who turned up to Thursday's opening gala were young, attractive, female, and wearing cocktail dresses. Though not millionaires themselves, it appeared they were quite keen to meet some.</p> <p>\"I'm not looking for a rich husband. I'm looking for someone with a big personality,\" said Irina, 26, photographing her friend Olga in an Aston Martin. After a few seconds of reflection she conceded: \"Obviously if he was an oligarch with a big personality that would be OK.\"</p> <p>More than 200 brands are represented at the fair, ranging from a German dental clinic to a sculptor selling bronze female nudes. For \u20ac12m you could buy a helicopter with a Versace interior. Other items include Iranian silk carpets and a diamond-encrusted laptop.</p> <p>A Dutch entrepreneur, Yves Gijrath, founded the event, which is now in its fourth year in Moscow and also takes place in Amsterdam and Shanghai. According to Gijrath, Russians have a more prodigal attitude to money than many Europeans. </p> <p>\"Russian customers like to buy, like to live and like to spend,\" he said. The Russian economy was \"stronger than ever\", he insisted.</p> <p>Over the past eight years Russians have experienced unprecedented economic growth under former president Vladimir Putin. While most have seen only a modest increase in their prosperity, a few have become dazzlingly rich. This spring Russia had 110 billionaires, more than any other country apart from the US. Since then, however, the price of Russia's main export, oil, has collapsed. There is now a growing fear that the country could be lurching towards a repeat of the 1998 crash, which saw the rouble devalued and the savings of millions of ordinary Russians wiped out overnight.</p> <p>At the yacht display, Yevgeny Kochman was taking potential customers on a tour of a sleek white Princess yacht. The boat, made in Plymouth, looked like a dinky penthouse, complete with plasma TVs, comfy double beds and a kitchenette. The only thing missing was a British politician.</p> <p>Given the dreadful state of relations between London and the Kremlin, though, wouldn't Russians be wary of buying anything British?</p> <p>\"The politics is bad, yes,\" said Kochman. \"But among normal people it's fine. We buy your yachts and you buy our gas.\" Roman Abramovich had bought a boat from the British firm Nordmarine, he pointed out - although \"that was a long time ago. He's got a bigger boat now.\"</p>",
      "newspaperPageNumber": "35",
      "wordcount": "712",
      "commentable": "false",
      "isPremoderated": "false",
      "lastModified": "2017-11-26T23:39:06Z",
      "newspaperEditionDate": "2008-11-29T00:00:00Z",
      "productionOffice": "UK",
      "publication": "The Guardian",
      "shortUrl": "https://gu.com/p/235tz",
      "shouldHideAdverts": "false",
      "showInRelatedContent": "true",
      "legallySensitive": "false",
      "lang": "en",
      "bodyText": "Holding a glass of warm champagne, Alexander Aivazov mused on the question of whether Russia still had money. \"This clearly isn't a good time to invest. But we Russians have always got money hidden away somewhere, often in the refrigerator,\" Aivazov said, strolling off to look at designer skis. Nearby was a stand selling Gulfstream private jets; around the corner a property company was offering a private island. Other items on sale included an 18-metre yacht at \u00a31m. Welcome to Moscow's millionaire fair - a luxury goods and entertainment event in a giant exhibition hall on the edge of the capital. The fair is a sort of one-stop supermarket for the super-rich, where you can simultaneously purchase a beachside villa and a helicopter to take you there. The problem this year is that Russia's \u00fcber-wealthy have fallen on hard times. Since the summer, the country's economy has been badly hit by the global economic crisis. The rouble has taken a battering, while the Russian stock market has fallen by more than 70%. Suddenly the country that redefined the word oligarch is feeling the pinch. This month Russia's richest man, Oleg Deripaska, was forced to borrow $4.5bn from the state to pay his debts. Other capitalist frontrunners are rumoured to be down to their last $100m. And instead of buying a new Aston Martin (on sale here for 11,637,795 roubles, or \u00a3260,000), Aivazov yesterday bought himself a lawnmower - albeit an expensive one. \"It cost $4,000,\" he said. Like most male visitors to the show, Aivazov was wearing a tuxedo. Nearby, young women were pouring Laurent Perrier champagne while hanging upside down from a hoop. Being a millionaire - there are at least 103,000 of them across Russia - gets you a free invitation. Non-millionaires can visit if they stump up $64 for a ticket, and put on a suitable frock. Many of those who turned up to Thursday's opening gala were young, attractive, female, and wearing cocktail dresses. Though not millionaires themselves, it appeared they were quite keen to meet some. \"I'm not looking for a rich husband. I'm looking for someone with a big personality,\" said Irina, 26, photographing her friend Olga in an Aston Martin. After a few seconds of reflection she conceded: \"Obviously if he was an oligarch with a big personality that would be OK.\" More than 200 brands are represented at the fair, ranging from a German dental clinic to a sculptor selling bronze female nudes. For \u20ac12m you could buy a helicopter with a Versace interior. Other items include Iranian silk carpets and a diamond-encrusted laptop. A Dutch entrepreneur, Yves Gijrath, founded the event, which is now in its fourth year in Moscow and also takes place in Amsterdam and Shanghai. According to Gijrath, Russians have a more prodigal attitude to money than many Europeans. \"Russian customers like to buy, like to live and like to spend,\" he said. The Russian economy was \"stronger than ever\", he insisted. Over the past eight years Russians have experienced unprecedented economic growth under former president Vladimir Putin. While most have seen only a modest increase in their prosperity, a few have become dazzlingly rich. This spring Russia had 110 billionaires, more than any other country apart from the US. Since then, however, the price of Russia's main export, oil, has collapsed. There is now a growing fear that the country could be lurching towards a repeat of the 1998 crash, which saw the rouble devalued and the savings of millions of ordinary Russians wiped out overnight. At the yacht display, Yevgeny Kochman was taking potential customers on a tour of a sleek white Princess yacht. The boat, made in Plymouth, looked like a dinky penthouse, complete with plasma TVs, comfy double beds and a kitchenette. The only thing missing was a British politician. Given the dreadful state of relations between London and the Kremlin, though, wouldn't Russians be wary of buying anything British? \"The politics is bad, yes,\" said Kochman. \"But among normal people it's fine. We buy your yachts and you buy our gas.\" Roman Abramovich had bought a boat from the British firm Nordmarine, he pointed out - although \"that was a long time ago. He's got a bigger boat now.\"",
      "charCount": "4207"
    },
    "isHosted": false,
    "pillarId": "pillar/news",
    "pillarName": "News"
  },
  {
    "id": "money/2008/nov/29/10",
    "type": "article",
    "sectionId": "money",
    "sectionName": "Money",
    "webPublicationDate": "2008-11-29T00:01:00Z",
    "webTitle": "Letters",
    "webUrl": "https://www.theguardian.com/money/2008/nov/29/10",
    "apiUrl": "https://content.guardianapis.com/money/2008/nov/29/10",
    "fields": {
      "headline": "Letters",
      "trailText": "<p>Nice v nasty in the house price debate | Time for Ofgem to be taken to task | How my dentist polished off \u00a346 | Solar panels ... there is a ray of sunshine | Credit card tactics are just the limit</p>",
      "main": "",
      "body": "<h2>Nice v nasty in the house price debate</h2> <p>Patrick Collinson (November 22) rightly welcomes the fall in house prices. It needs to happen so that our children can actually afford somewhere to live. In fact, to bring housing costs back to the historically prudent building society lending yardstick of three times salary plus a 10% deposit, they need to level out at around 50% of their 2008 high. Then, perhaps, we can return to regarding houses as places to live in, rather than speculative ways of making theoretical profits.<br><strong>Michael Thorn, Helston, Cornwal</strong>l</p> <p>It's a great article you've written \"Here's to the end of a nasty bubble\". So why, then, does the same edition of Money contain a front page item proclaiming that \"it isn't all bad news across the country\" as some areas are still bucking the falling trend? I thought you said it was a nasty bubble? </p> <p>I find it frustrating trying to read articles like this, much as I appreciate the sentiment. I never saw any mainstream commentary suggesting things were bad when prices were on the way up. </p> <p>Indeed, the media has been heavily responsible for pumping the bubble from \"property porn\" tv shows, to newspapers exclaiming the joy of 15% annual price rises. Sadly, most people in the UK are economically/financially and mathematically illiterate (my favourite example being \"My house has risen 100% in value so what do I care if it falls by 50%, I've still made 50% profit!\" or the fact that it is only speculators, downsizers and estate agents who prosper from the property boom). </p> <p>I agree with your comment about us, hopefully, never seeing prices rise to their real 2007 equivalents, but I disagree that the Bank of England should have the pivotal role. The key will be preventing land prices rocketing as they are the bedrock for house prices booming - a land value tax and changes to the planning permission system as per the Barker report will be far more effective. Divert the cheap credit into some other asset next time, perhaps tulip bulbs, so people can see how silly they really are. <br><strong>Bob Ibbotson, via email</strong></p> <h2>Time for Ofgem to be taken to task</h2> <p>Further to your comments in last week's Money about energy companies informing customers of price rises retrospectively, I received information on Friday, November 21 from Ebico that my electricity and gas would be rising by 24% and 32% respectively from October 2, 2008. </p> <p>Ebico's ethical stance is to be commended, but this certainly does not, and is far from ethical. I remember the energy companies claiming they bought their supplies (far) in advance, so they must have been aware of the price rises. </p> <p>What interested me were your comments regarding Ofgem no longer being \"fit for purpose\". I seem to recall a comment on the radio from Ofgem, in answer to claims that about energy companies increasing customers' direct debits when they were in credit, that they did not consider this to be a widespread problem. </p> <p>I am sure I have read letters in Your Shout concerning this underhand practice and it has recently happened to my parents with EDF. Although they were \u00a3200 in credit, they were told that if they did not agree to the increase in their direct debit they would have to move on to a more expensive tariff. </p> <p>I am in the process of writing to Ofgem and my MP, Nick Clegg, regarding these unnecessary practices. <br><strong>Gareth Bradley, Sheffield, S Yorks</strong></p> <h2>How my dentist polished off \u00a346</h2> <p>Very recently my dentist (of five-plus years) after doing my six-monthly check-up, refused to clean and polish my teeth as part of my NHS treatment. I was told that I would have to pay \u00a346 for 1/2 hour of the hygienist's time. I contacted my local PALS (NHS Patient Advice and Liaison Service) who told me that NHS Band 1 treatment, costing \u00a316.20, included a scale and polish as well as an examination and, by refusing to clean and polish, the dentist was breaking his contract.</p> <p>After telling my dentist that I would report the practice to PALS if they wouldn't clean and polish my teeth they reluctantly agreed to do it. There was also a suggestion that they would only give 10 minutes. </p> <p>PALS says that as much time as is necessary should be taken. My dentist did, in fact, take 15 minutes but on close examination not all the plaque had been removed. I am going to wait until my next check-up to tackle this one. If I dare!</p> <p>Dentists who do NHS work are required to display charges. They are displayed in my dentist ... but behind the reception desk and at such a distance it is very difficult/impossible to read the small print which says that Band 1 (\u00a316.20) treatment includes scale and polish.</p> <p>Is it a coincidence that the surgery's expensive makeover coincides with the introduction of charges for cleaning and polishing?<br><strong>Name and address supplied</strong></p> <h2>Solar panels ... there is a ray of sunshine</h2> <p>On solar panels (Your Shout, November 22) yes, some of the companies selling solar thermal panels are reminiscent of the bad old days of double-glazing.</p> <p>But there are also honest companies doing it. One of the advantages of applying for a government grant for solar panels is that both the panels and the installer must be approved. The low carbon buildings programme website has lists for you to check. In the course of installing both thermal and photovoltaic solar panels I talked to five companies, and I would have been confident to use any of them. </p> <p>They were honest about pay-back time - yes, it is long, they didn't make exaggerated claims - the prices seemed reasonable, and the companies we chose did the jobs well.<br><strong>Eric Eisenhandler, Oxford</strong></p> <p>I was surprised that your correspondent who listed some of the benefits of installing solar panels should have ended by saying he bitterly regretted getting his \u00a36,000 system. </p> <p>If he paid more than he should have, I can understand his annoyance. But otherwise he seems to me not to be looking at expenditure of this kind in the right way. </p> <p>True, anyone would have to wait many years to get their original capital back in terms of savings in cost of power equalling the cost of installation. But many investments are like that and some (for example, the purchase and running of a car) never give you a financial pay-back - in fact they leave you worse off than if you had never bought in the first place. </p> <p>Many people who are not \"filthy rich\" spend much more on such things than the cost of solar panels. Some of the capital can be regarded as increasing the value of the house and meanwhile the lower cost of energy is a tangible benefit along with the other benefits your correspondent mentioned. </p> <p>There are many things that cost you something, that are well worth doing, but which are not valued solely in terms of financial return on investment. By the way, I am not in any way involved in selling or installing solar panels!<br><strong> Robert Hinton, Hove, East Sussex</strong></p> <h2>Credit card tactics are just the limit</h2> <p>I have held an MBNA credit card for some 30 years and have always paid off the full balance each month to avoid interest charges. In the last two years, however, \"payment-due\" dates seem to have been increasingly designed so as to trip cardholders into penalties. </p> <p>I do not do computer banking and rely on cheques paid into the bank (ie, not through the post). Typically, this month the bill (statement date November 15 - there is no date stamp on the envelope) arrived in the post on Friday, November 21. The payment due date is Monday, December 1. This gives the cardholder ONE full working day over and above the four full working days required in order to pay in time to avoid penalty charges and interest. Is this reasonable?</p> <p>On similar occasions in March and November last year, a complaint to customer services resulted in a remission of the late payment penalty fee, but not the interest. The \"late\" payment was the result of the \"payment due\" date falling on a weekend, ie, not on a \"full working day\". If a Saturday/Sunday can be a \"full working day\" in terms of clocking up a penalty, why can it not be a \"full working day\" in terms of receiving payment?<br><strong>Name and address supplied</strong></p> <p>After my Halifax MasterCard was inexplicably and embarrassingly refused in stores three times, I contacted the bank, to be informed that they had reduced my credit limit by 95% with immediate effect, and a letter was in the post. I was told that there was no problem with my payments - the account is settled in full every month - or with my credit rating. </p> <p>However, over the past year I have rarely used more than 10% of my credit limit in any month. Apparently this constitutes a risk and as responsible lenders in a credit crunch they have decided to reduce the risk. </p> <p>Our household income is in six figures and we had only two days previously, deposited a large sum of money - around six times my credit limit - in a Halifax joint savings bond. </p> <p>Since no checks were made with me, that, and my good credit history count for nothing in the risk assessment. I have now closed my card account, and will consider moving the investment from the Halifax when it matures in six months. Other readers who are irresponsibly failing to use a significant proportion of their credit limit may wish to be alert. <br><strong>Catharine Pusey, St Albans, Herts</strong></p>",
      "newspaperPageNumber": "4",
      "wordcount": "1626",
      "commentable": "false",
      "isPremoderated": "false",
      "lastModified": "2008-11-28T13:06:12Z",
      "newspaperEditionDate": "2008-11-29T00:00:00Z",
      "productionOffice": "UK",
      "publication": "The Guardian",
      "shortUrl": "https://gu.com/p/23535",
      "shouldHideAdverts": "false",
      "showInRelatedContent": "true",
      "legallySensitive": "false",
      "lang": "en",
      "bodyText": "Nice v nasty in the house price debate Patrick Collinson (November 22) rightly welcomes the fall in house prices. It needs to happen so that our children can actually afford somewhere to live. In fact, to bring housing costs back to the historically prudent building society lending yardstick of three times salary plus a 10% deposit, they need to level out at around 50% of their 2008 high. Then, perhaps, we can return to regarding houses as places to live in, rather than speculative ways of making theoretical profits. Michael Thorn, Helston, Cornwall It's a great article you've written \"Here's to the end of a nasty bubble\". So why, then, does the same edition of Money contain a front page item proclaiming that \"it isn't all bad news across the country\" as some areas are still bucking the falling trend? I thought you said it was a nasty bubble? I find it frustrating trying to read articles like this, much as I appreciate the sentiment. I never saw any mainstream commentary suggesting things were bad when prices were on the way up. Indeed, the media has been heavily responsible for pumping the bubble from \"property porn\" tv shows, to newspapers exclaiming the joy of 15% annual price rises. Sadly, most people in the UK are economically/financially and mathematically illiterate (my favourite example being \"My house has risen 100% in value so what do I care if it falls by 50%, I've still made 50% profit!\" or the fact that it is only speculators, downsizers and estate agents who prosper from the property boom). I agree with your comment about us, hopefully, never seeing prices rise to their real 2007 equivalents, but I disagree that the Bank of England should have the pivotal role. The key will be preventing land prices rocketing as they are the bedrock for house prices booming - a land value tax and changes to the planning permission system as per the Barker report will be far more effective. Divert the cheap credit into some other asset next time, perhaps tulip bulbs, so people can see how silly they really are. Bob Ibbotson, via email Time for Ofgem to be taken to task Further to your comments in last week's Money about energy companies informing customers of price rises retrospectively, I received information on Friday, November 21 from Ebico that my electricity and gas would be rising by 24% and 32% respectively from October 2, 2008. Ebico's ethical stance is to be commended, but this certainly does not, and is far from ethical. I remember the energy companies claiming they bought their supplies (far) in advance, so they must have been aware of the price rises. What interested me were your comments regarding Ofgem no longer being \"fit for purpose\". I seem to recall a comment on the radio from Ofgem, in answer to claims that about energy companies increasing customers' direct debits when they were in credit, that they did not consider this to be a widespread problem. I am sure I have read letters in Your Shout concerning this underhand practice and it has recently happened to my parents with EDF. Although they were \u00a3200 in credit, they were told that if they did not agree to the increase in their direct debit they would have to move on to a more expensive tariff. I am in the process of writing to Ofgem and my MP, Nick Clegg, regarding these unnecessary practices. Gareth Bradley, Sheffield, S Yorks How my dentist polished off \u00a346 Very recently my dentist (of five-plus years) after doing my six-monthly check-up, refused to clean and polish my teeth as part of my NHS treatment. I was told that I would have to pay \u00a346 for 1/2 hour of the hygienist's time. I contacted my local PALS (NHS Patient Advice and Liaison Service) who told me that NHS Band 1 treatment, costing \u00a316.20, included a scale and polish as well as an examination and, by refusing to clean and polish, the dentist was breaking his contract. After telling my dentist that I would report the practice to PALS if they wouldn't clean and polish my teeth they reluctantly agreed to do it. There was also a suggestion that they would only give 10 minutes. PALS says that as much time as is necessary should be taken. My dentist did, in fact, take 15 minutes but on close examination not all the plaque had been removed. I am going to wait until my next check-up to tackle this one. If I dare! Dentists who do NHS work are required to display charges. They are displayed in my dentist ... but behind the reception desk and at such a distance it is very difficult/impossible to read the small print which says that Band 1 (\u00a316.20) treatment includes scale and polish. Is it a coincidence that the surgery's expensive makeover coincides with the introduction of charges for cleaning and polishing? Name and address supplied Solar panels ... there is a ray of sunshine On solar panels (Your Shout, November 22) yes, some of the companies selling solar thermal panels are reminiscent of the bad old days of double-glazing. But there are also honest companies doing it. One of the advantages of applying for a government grant for solar panels is that both the panels and the installer must be approved. The low carbon buildings programme website has lists for you to check. In the course of installing both thermal and photovoltaic solar panels I talked to five companies, and I would have been confident to use any of them. They were honest about pay-back time - yes, it is long, they didn't make exaggerated claims - the prices seemed reasonable, and the companies we chose did the jobs well. Eric Eisenhandler, Oxford I was surprised that your correspondent who listed some of the benefits of installing solar panels should have ended by saying he bitterly regretted getting his \u00a36,000 system. If he paid more than he should have, I can understand his annoyance. But otherwise he seems to me not to be looking at expenditure of this kind in the right way. True, anyone would have to wait many years to get their original capital back in terms of savings in cost of power equalling the cost of installation. But many investments are like that and some (for example, the purchase and running of a car) never give you a financial pay-back - in fact they leave you worse off than if you had never bought in the first place. Many people who are not \"filthy rich\" spend much more on such things than the cost of solar panels. Some of the capital can be regarded as increasing the value of the house and meanwhile the lower cost of energy is a tangible benefit along with the other benefits your correspondent mentioned. There are many things that cost you something, that are well worth doing, but which are not valued solely in terms of financial return on investment. By the way, I am not in any way involved in selling or installing solar panels! Robert Hinton, Hove, East Sussex Credit card tactics are just the limit I have held an MBNA credit card for some 30 years and have always paid off the full balance each month to avoid interest charges. In the last two years, however, \"payment-due\" dates seem to have been increasingly designed so as to trip cardholders into penalties. I do not do computer banking and rely on cheques paid into the bank (ie, not through the post). Typically, this month the bill (statement date November 15 - there is no date stamp on the envelope) arrived in the post on Friday, November 21. The payment due date is Monday, December 1. This gives the cardholder ONE full working day over and above the four full working days required in order to pay in time to avoid penalty charges and interest. Is this reasonable? On similar occasions in March and November last year, a complaint to customer services resulted in a remission of the late payment penalty fee, but not the interest. The \"late\" payment was the result of the \"payment due\" date falling on a weekend, ie, not on a \"full working day\". If a Saturday/Sunday can be a \"full working day\" in terms of clocking up a penalty, why can it not be a \"full working day\" in terms of receiving payment? Name and address supplied After my Halifax MasterCard was inexplicably and embarrassingly refused in stores three times, I contacted the bank, to be informed that they had reduced my credit limit by 95% with immediate effect, and a letter was in the post. I was told that there was no problem with my payments - the account is settled in full every month - or with my credit rating. However, over the past year I have rarely used more than 10% of my credit limit in any month. Apparently this constitutes a risk and as responsible lenders in a credit crunch they have decided to reduce the risk. Our household income is in six figures and we had only two days previously, deposited a large sum of money - around six times my credit limit - in a Halifax joint savings bond. Since no checks were made with me, that, and my good credit history count for nothing in the risk assessment. I have now closed my card account, and will consider moving the investment from the Halifax when it matures in six months. Other readers who are irresponsibly failing to use a significant proportion of their credit limit may wish to be alert. Catharine Pusey, St Albans, Herts",
      "charCount": "9159"
    },
    "isHosted": false,
    "pillarId": "pillar/lifestyle",
    "pillarName": "Lifestyle"
  },
  {
    "id": "culture/2008/nov/29/restaurant-review-the-angel-manchester",
    "type": "article",
    "sectionId": "culture",
    "sectionName": "Culture",
    "webPublicationDate": "2008-11-29T00:01:00Z",
    "webTitle": "Restaurant review: The Angel, Manchester",
    "webUrl": "https://www.theguardian.com/culture/2008/nov/29/restaurant-review-the-angel-manchester",
    "apiUrl": "https://content.guardianapis.com/culture/2008/nov/29/restaurant-review-the-angel-manchester",
    "fields": {
      "headline": "Restaurant review: The Angel, Manchester",
      "trailText": "<p>6 Angel St (Tel: 0161-833 4786), price per head &pound;22</p>",
      "byline": "Tony Naylor",
      "main": "",
      "body": "<p>The end of chef-owner Robert Owen Brown's reign at the Bridge was a blow to Mancunians who crave honest British food at similarly straightforward prices. But now this maverick is back, at a spartan boozer on the wrong side of, if not the tracks, then certainly Swan Street. Paper tablecloths and tea lights are about as \"frilly\" as the upstairs dining room gets. It's an unpretentious, fuss-free place, as is the primary focus, the food. Morecambe Bay shrimp fishcakes are a touch potato-heavy, but come with good chive mayo and a sparky tarragon-spiked herb salad. Seasonally, game is a big feature here. Robust roast pigeon, with claret gravy and a cake of lustrous RS Ireland black pudding, is a serious, grown-up feast; while the hot pot - which could have done with some poky pickled, rather than plain, red cabbage - is full of fatty, flavoursome lamb in a hearty gravy. For dessert, pre-heart attack, try the barmy, brilliant Cadbury's Miniature Hero terrine. Good ales and efficient, chatty service, too.</p> <p>\u2022 6 Angel St (Tel: 0161-833 4786), price per head \u00a322</p>",
      "newspaperPageNumber": "42",
      "wordcount": "180",
      "commentable": "false",
      "isPremoderated": "false",
      "lastModified": "2017-12-29T23:42:39Z",
      "newspaperEditionDate": "2008-11-29T00:00:00Z",
      "productionOffice": "UK",
      "publication": "The Guardian",
      "shortUrl": "https://gu.com/p/2343t",
      "shouldHideAdverts": "false",
      "showInRelatedContent": "true",
      "legallySensitive": "false",
      "lang": "en",
      "bodyText": "The end of chef-owner Robert Owen Brown's reign at the Bridge was a blow to Mancunians who crave honest British food at similarly straightforward prices. But now this maverick is back, at a spartan boozer on the wrong side of, if not the tracks, then certainly Swan Street. Paper tablecloths and tea lights are about as \"frilly\" as the upstairs dining room gets. It's an unpretentious, fuss-free place, as is the primary focus, the food. Morecambe Bay shrimp fishcakes are a touch potato-heavy, but come with good chive mayo and a sparky tarragon-spiked herb salad. Seasonally, game is a big feature here. Robust roast pigeon, with claret gravy and a cake of lustrous RS Ireland black pudding, is a serious, grown-up feast; while the hot pot - which could have done with some poky pickled, rather than plain, red cabbage - is full of fatty, flavoursome lamb in a hearty gravy. For dessert, pre-heart attack, try the barmy, brilliant Cadbury's Miniature Hero terrine. Good ales and efficient, chatty service, too. \u2022 6 Angel St (Tel: 0161-833 4786), price per head \u00a322",
      "charCount": "1066"
    },
    "isHosted": false,
    "pillarId": "pillar/arts",
    "pillarName": "Arts"
  },
  {
    "id": "culture/2008/nov/29/aubergine-compleat-angler-marlow",
    "type": "article",
    "sectionId": "culture",
    "sectionName": "Culture",
    "webPublicationDate": "2008-11-29T00:01:00Z",
    "webTitle": "Restaurant review: Aubergine At The Compleat Angler, Marlow",
    "webUrl": "https://www.theguardian.com/culture/2008/nov/29/aubergine-compleat-angler-marlow",
    "apiUrl": "https://content.guardianapis.com/culture/2008/nov/29/aubergine-compleat-angler-marlow",
    "fields": {
      "headline": "Restaurant review: Aubergine At The Compleat Angler, Marlow",
      "trailText": "<p>Bisham Road (Tel: 01628-405405), price per head &pound;55</p>",
      "byline": "Humayun Hussain",
      "main": "",
      "body": "<p>Chef William Drabble has steered his classical French repertoire at London's well-respected Aubergine for over a decade and now he's replicating his award-winning formula at this new site in Marlow. The riverside setting is diverting enough and the interior warm and spacious, albeit with a corporate whiff about it, but there's no doubting the sound cooking. Seasonal British ingredients are married with astute flavouring, beautifully demonstrated by starters such as the tortellini of lobster with cauliflower puree and truffle butter sauce, and a main of fillets of John Dory with fricassee of girolles and watercress.</p> <p>\u2022 Bisham Road (Tel: 01628-405405), price per head \u00a355</p>",
      "newspaperPageNumber": "42",
      "wordcount": "103",
      "commentable": "false",
      "isPremoderated": "false",
      "lastModified": "2017-12-29T23:42:39Z",
      "newspaperEditionDate": "2008-11-29T00:00:00Z",
      "productionOffice": "UK",
      "publication": "The Guardian",
      "shortUrl": "https://gu.com/p/2343j",
      "shouldHideAdverts": "false",
      "showInRelatedContent": "true",
      "legallySensitive": "false",
      "lang": "en",
      "bodyText": "Chef William Drabble has steered his classical French repertoire at London's well-respected Aubergine for over a decade and now he's replicating his award-winning formula at this new site in Marlow. The riverside setting is diverting enough and the interior warm and spacious, albeit with a corporate whiff about it, but there's no doubting the sound cooking. Seasonal British ingredients are married with astute flavouring, beautifully demonstrated by starters such as the tortellini of lobster with cauliflower puree and truffle butter sauce, and a main of fillets of John Dory with fricassee of girolles and watercress. \u2022 Bisham Road (Tel: 01628-405405), price per head \u00a355",
      "charCount": "676"
    },
    "isHosted": false,
    "pillarId": "pillar/arts",
    "pillarName": "Arts"
  }
]