[
  {
    "id": "media/2008/feb/07/aegis.advertising",
    "type": "article",
    "sectionId": "media",
    "sectionName": "Media",
    "webPublicationDate": "2008-02-07T18:26:13Z",
    "webTitle": "Aegis shares leap amid Vincent Bollor\u00e9 bid speculation",
    "webUrl": "https://www.theguardian.com/media/2008/feb/07/aegis.advertising",
    "apiUrl": "https://content.guardianapis.com/media/2008/feb/07/aegis.advertising",
    "fields": {
      "headline": "Aegis shares leap amid bid speculation",
      "trailText": "<p>UK media group Aegis's share price has surged by more than 6% following speculation that Vincent Bollor&#233; may look to mount a takeover bid. By <strong>Mark Sweney</strong></p>",
      "byline": "Mark Sweney",
      "main": "",
      "body": "<p>UK media group Aegis has seen its share price surge by more than 6% today following speculation that French financier Vincent Bollor\u00e9 may look to mount a takeover bid.</p> <p>Shares in Aegis, which owns media buying agency Carat and digital network Isobar, had risen by 6.62%, or just over 7p, on its opening price this morning to 116.75p at 4.27pm.</p> <p>Reports today said that Bollor\u00e9, the Havas chairman who controls just under 30% of Aegis through his Bollor\u00e9 Group, has been \"marshalling his forces\" and is \"so confident of success that senior managers within the group are being invited to suggest how some of the Aegis operating companies might be absorbed\".</p> <p>The report, in Campaign magazine, argued that any attempt by Bollor\u00e9 to seize Aegis could result in a renewed bidding war from rivals such as WPP and Publicis, which have both expressed interest in the UK company in the past.</p> <p>Last month, lieutenant Fernando Rodes Vila, the chief executive of Havas, <a href=\"http://www.theguardian.com/media/2008/jan/14/aegis.havas\">told MediaGuardian.co.uk</a> that the two companies were once again \"in dialogue\" at a senior management level and that a downturn in the economic climate had created a \"more favourable\" situation for working together.</p> <p>Bollor\u00e9 Group, which has fruitlessly attempted to win two seats on the Aegis board at a string of shareholder meetings, is likely to put the issue to the vote once again at the company's annual general meeting on May 23 and could, if it desired, call an extraordinary general meeting before then.</p> <p>A Reuters report today described the news of a potential bid as \"ill-informed speculation\", citing an anonymous source \"close to Vincent Bollor\u00e9\".</p> <p>Aegis's share price has fallen recently, despite an upbeat trading update last month, from 130p to just over 100p.</p> <p>Bollor\u00e9 Group is also hoping that a change in the shareholder structure of Aegis - which until now has resolutely defeated all of Bollor\u00e9's board representation bids - might start to work in its favour.</p> <p>Investment company Fidelity, a key anti-Bollor\u00e9 investor, sold some of its stake last year.</p> <p><strong>\u00b7</strong> To contact the MediaGuardian newsdesk email <a href=\"mailto:editor@mediatheguardian.com\">editor@mediatheguardian.com</a> or phone 020 7239 9857. For all other inquiries please call the main Guardian switchboard on 020 7278 2332.</p> <p><strong>\u00b7</strong> If you are writing a comment for publication, please mark clearly \"for publication\".</p>",
      "wordcount": "384",
      "commentable": "false",
      "isPremoderated": "false",
      "lastModified": "2017-06-06T01:22:59Z",
      "newspaperEditionDate": "2008-02-07T00:00:00Z",
      "productionOffice": "UK",
      "publication": "theguardian.com",
      "shortUrl": "https://gu.com/p/x36k2",
      "shouldHideAdverts": "false",
      "showInRelatedContent": "true",
      "legallySensitive": "false",
      "lang": "en",
      "bodyText": "UK media group Aegis has seen its share price surge by more than 6% today following speculation that French financier Vincent Bollor\u00e9 may look to mount a takeover bid. Shares in Aegis, which owns media buying agency Carat and digital network Isobar, had risen by 6.62%, or just over 7p, on its opening price this morning to 116.75p at 4.27pm. Reports today said that Bollor\u00e9, the Havas chairman who controls just under 30% of Aegis through his Bollor\u00e9 Group, has been \"marshalling his forces\" and is \"so confident of success that senior managers within the group are being invited to suggest how some of the Aegis operating companies might be absorbed\". The report, in Campaign magazine, argued that any attempt by Bollor\u00e9 to seize Aegis could result in a renewed bidding war from rivals such as WPP and Publicis, which have both expressed interest in the UK company in the past. Last month, lieutenant Fernando Rodes Vila, the chief executive of Havas, told MediaGuardian.co.uk that the two companies were once again \"in dialogue\" at a senior management level and that a downturn in the economic climate had created a \"more favourable\" situation for working together. Bollor\u00e9 Group, which has fruitlessly attempted to win two seats on the Aegis board at a string of shareholder meetings, is likely to put the issue to the vote once again at the company's annual general meeting on May 23 and could, if it desired, call an extraordinary general meeting before then. A Reuters report today described the news of a potential bid as \"ill-informed speculation\", citing an anonymous source \"close to Vincent Bollor\u00e9\". Aegis's share price has fallen recently, despite an upbeat trading update last month, from 130p to just over 100p. Bollor\u00e9 Group is also hoping that a change in the shareholder structure of Aegis - which until now has resolutely defeated all of Bollor\u00e9's board representation bids - might start to work in its favour. Investment company Fidelity, a key anti-Bollor\u00e9 investor, sold some of its stake last year. \u00b7 To contact the MediaGuardian newsdesk email editor@mediatheguardian.com or phone 020 7239 9857. For all other inquiries please call the main Guardian switchboard on 020 7278 2332. \u00b7 If you are writing a comment for publication, please mark clearly \"for publication\".",
      "charCount": "2291"
    },
    "isHosted": false,
    "pillarId": "pillar/news",
    "pillarName": "News"
  },
  {
    "id": "commentisfree/2008/feb/07/acheaptrick",
    "type": "article",
    "sectionId": "commentisfree",
    "sectionName": "Opinion",
    "webPublicationDate": "2008-02-07T15:00:00Z",
    "webTitle": "A cheap trick",
    "webUrl": "https://www.theguardian.com/commentisfree/2008/feb/07/acheaptrick",
    "apiUrl": "https://content.guardianapis.com/commentisfree/2008/feb/07/acheaptrick",
    "fields": {
      "headline": "A cheap trick",
      "standfirst": "Is Tesco's plan for cut-price chickens helping budget-conscious families or treating them with contempt?",
      "trailText": "<p><strong>Graham Harvey:</strong> Is Tesco's plan for cut-price chickens helping budget-conscious families or treating them with contempt?</p>",
      "byline": "Graham Harvey",
      "main": "",
      "body": "<p>Tesco's <a href=\"http://www.theguardian.com/animalrights/story/0,,2253063,00.html\">decision</a> to sell chickens for \u00a31.99 in its stores is a telling indictment of our attitude to food. It's no longer about nutrition or health, it's simply a matter of marketing.</p> <p>While researching my book, <a href=\"http://www.amazon.co.uk/Want-Real-Food-Graham-Harvey/dp/1845292677/\">We Want Real Food</a>, I was frequently struck by the way agrarian societies - however poor - would produce food in the best way they knew how, without compromise. Typical were the people of <a href=\"http://www.photoseek.com/alps.html#Loetschental\">Loetschental</a>, a remote valley high in the Swiss Alps. When the American dentist-turned-nutritionist <a href=\"http://www.westonaprice.org/\">Weston Price</a> visited the valley in the 1920s he found a supremely healthy community with no infections, no degenerative disease and no tooth decay. He discovered there had never been a case of TB in the valley, even though \"the white scourge\" was rife in Swiss cities.</p> <p>The people of the valley lived principally on dairy foods produced from cows grazing the herb-rich Alpine pastures. In spring, when the snow retreated and they turned their cows out on to the fast-growing pasture, they would fashion the first butter of the year into a candle. This would be the centrepiece of a thanksgiving service in the village church - such was the respect the people had for the health-giving properties of their food.</p> <p>It would be inconceivable that they would attempt to produce cheaper butter by feeding some of the cows on vegetable scraps or wheat bran. Today science is revealing that milk produced from cows on fast-growing spring pastures is high in fat-soluble vitamins, omega-3s and the cancer-fighting CLA, all the things that protect people from disease. Without knowing the science, agrarian communities invariably knew the foods that would keep them healthy. These were available to all, rich and poor.</p> <p>Something of that philosophy survived in my own childhood days back in the 1950s. The quality of staple foods varied, of course, but there was a general presumption that farmers would produce them in the best way they knew how. To this day I believe the local milk delivered to our Reading council estate was nutritionally superior to anything available now - including organic milk.</p> <p>That culture has been totally eclipsed by the profit-centred philosophy of modern marketing. Supermarkets stock 50 different brands of instant coffee so there is something - so they claim - to suit all requirements. Tesco's \u00a31.99 chicken sits alongside free range, organic and a host of other birds. It's called market fragmentation, or some such thing, and it allows the company to maximise its take at the checkout. It's also supposed to give consumers a greater choice.</p> <p>In reality there's no choice at all. While the strategy may work for washing-up liquid or torch batteries - where the consumer can pretty well estimate what they're getting for their money - it's a nonsense when applied to food. Until science comes up with a way of measuring the total nutrient content of a food, there's no way the consumer can make a sensible choice.</p> <p>It's now becoming clear that the healthiest chicken - like the healthiest dairy products - comes from birds that are raised on fresh pasture. In a society that cared about the health of its citizens, this kind of chicken would be the norm. If there were people in society who were unable to afford it, the question would become one of income distribution and social justice. It would not become a justification for producing a less-healthy version.</p> <p>Tesco managers may convince themselves that in offering foods that are less than the best they are simply giving all their customers what they want. But measured by the food culture of the Loetschental it looks more like treating them with contempt.</p>",
      "wordcount": "612",
      "commentCloseDate": "2008-02-09T15:00:00Z",
      "commentable": "true",
      "isPremoderated": "false",
      "lastModified": "2017-09-20T20:39:28Z",
      "newspaperEditionDate": "2008-02-07T00:00:00Z",
      "productionOffice": "UK",
      "publication": "theguardian.com",
      "shortUrl": "https://gu.com/p/xcxjg",
      "shouldHideAdverts": "false",
      "showInRelatedContent": "true",
      "legallySensitive": "false",
      "lang": "en",
      "bodyText": "Tesco's decision to sell chickens for \u00a31.99 in its stores is a telling indictment of our attitude to food. It's no longer about nutrition or health, it's simply a matter of marketing. While researching my book, We Want Real Food, I was frequently struck by the way agrarian societies - however poor - would produce food in the best way they knew how, without compromise. Typical were the people of Loetschental, a remote valley high in the Swiss Alps. When the American dentist-turned-nutritionist Weston Price visited the valley in the 1920s he found a supremely healthy community with no infections, no degenerative disease and no tooth decay. He discovered there had never been a case of TB in the valley, even though \"the white scourge\" was rife in Swiss cities. The people of the valley lived principally on dairy foods produced from cows grazing the herb-rich Alpine pastures. In spring, when the snow retreated and they turned their cows out on to the fast-growing pasture, they would fashion the first butter of the year into a candle. This would be the centrepiece of a thanksgiving service in the village church - such was the respect the people had for the health-giving properties of their food. It would be inconceivable that they would attempt to produce cheaper butter by feeding some of the cows on vegetable scraps or wheat bran. Today science is revealing that milk produced from cows on fast-growing spring pastures is high in fat-soluble vitamins, omega-3s and the cancer-fighting CLA, all the things that protect people from disease. Without knowing the science, agrarian communities invariably knew the foods that would keep them healthy. These were available to all, rich and poor. Something of that philosophy survived in my own childhood days back in the 1950s. The quality of staple foods varied, of course, but there was a general presumption that farmers would produce them in the best way they knew how. To this day I believe the local milk delivered to our Reading council estate was nutritionally superior to anything available now - including organic milk. That culture has been totally eclipsed by the profit-centred philosophy of modern marketing. Supermarkets stock 50 different brands of instant coffee so there is something - so they claim - to suit all requirements. Tesco's \u00a31.99 chicken sits alongside free range, organic and a host of other birds. It's called market fragmentation, or some such thing, and it allows the company to maximise its take at the checkout. It's also supposed to give consumers a greater choice. In reality there's no choice at all. While the strategy may work for washing-up liquid or torch batteries - where the consumer can pretty well estimate what they're getting for their money - it's a nonsense when applied to food. Until science comes up with a way of measuring the total nutrient content of a food, there's no way the consumer can make a sensible choice. It's now becoming clear that the healthiest chicken - like the healthiest dairy products - comes from birds that are raised on fresh pasture. In a society that cared about the health of its citizens, this kind of chicken would be the norm. If there were people in society who were unable to afford it, the question would become one of income distribution and social justice. It would not become a justification for producing a less-healthy version. Tesco managers may convince themselves that in offering foods that are less than the best they are simply giving all their customers what they want. But measured by the food culture of the Loetschental it looks more like treating them with contempt.",
      "charCount": "3630"
    },
    "isHosted": false,
    "pillarId": "pillar/opinion",
    "pillarName": "Opinion"
  },
  {
    "id": "environment/2008/feb/07/energy.conservation",
    "type": "article",
    "sectionId": "environment",
    "sectionName": "Environment",
    "webPublicationDate": "2008-02-07T14:48:21Z",
    "webTitle": "Polar bears threatened by new drilling rights",
    "webUrl": "https://www.theguardian.com/environment/2008/feb/07/energy.conservation",
    "apiUrl": "https://content.guardianapis.com/environment/2008/feb/07/energy.conservation",
    "fields": {
      "headline": "Polar bears threatened by new drilling rights",
      "trailText": "<p>The sale of licences to drill for oil and gas rights in Alaska will threaten the future of the region's polar bears, conservationists warn</p>",
      "byline": "Jessica Aldred",
      "main": "<figure class=\"element element-image\" data-media-id=\"gu-image-332420297\"> <img src=\"http://static.guim.co.uk/sys-images/Travel/Pix/pictures/2007/01/27/zpolar460.jpg\" alt=\"A mother polar bear and her cub sleep near the ice outside Churchill, Canada\" width=\"460\" height=\"276\" class=\"gu-image\" /> <figcaption> <span class=\"element-image__caption\">A mother polar bear and her cub. Photograph: Jonathan Hayward/AP</span> </figcaption> </figure>",
      "body": "<p>The sale of licences to drill for oil and gas rights in Alaska will threaten the future of the region's polar bears, conservationists warned today.</p> <p>The oil and gas rights to drill in 29.4m acres in the Chukchi sea, which were made available by the US government's Minerals Management Service (MMS) yesterday, have attracted record bids of $2.66bn from the likes of Shell and ConocoPhillips.</p> <p>The MMS believes that up to 15bn barrels of recoverable oil and 77 trillion cubic feet of gas reserves lie beneath the Chukchi Sea, which lies between Alaska and Siberia.</p> <p>But environmentalists say too little is known about the possible impact of drilling on populations of polar bears and walrus in the area. </p> <p>The WWF says the Chukchi Sea is a critical habitat for polar bears, walrus, whales, seals, and migratory birds, and that the auctioning of the \"prime\" polar bear habitat will threaten the region's populations. It is also experiencing some of the most rapid loss of sea ice in the world due to climate change.</p> <p>\"The technology to effectively contain and clean up oil spills does not currently exist and this oil lease is a disaster waiting to happen,\" said James Leaton, the oil and gas policy adviser for WWF UK.</p> <p>\"It's also unacceptable that oil companies and the US government are effectively seeking to make a profit from the potential demise of a species,\" he added.</p> <p>The WWF says that the US interior secretary, Dirk Kempthorne, has ignored repeated requests from the American public, Arctic communities and conservation groups to delay or withdraw the lease sale until there is a better understanding of its potential impact on Arctic wildlife and habitats. </p> <p>The WWF and another group, the International Fund for Animal Welfare (IFAW), also allege that the US Fish and Wildlife Services has delayed its final decision on whether polar bears will be listed as an endangered species to allow the sale to proceed without further controversy. </p> <p>The listing, which would have had an impact upon the release of the leases, would have recognised the grave threat to polar bears from loss of sea ice and habitats due to global warming. </p> <p>Brendan Frazier, IFAW's US spokesman, said: \"An endangered listing can affect the sell-off of the oil drilling rights.</p> <p>\"The authorities would have to get approval through the Fish and Wildlife Service to conduct drilling if there is an endangered species that inhabits the area.\"</p> <p>American legislators have proposed listing the polar bear as \"threatened\", but that did not go far enough, said IFAW.</p> <p>\"A 'threatened' listing leaves open the possibility for exemptions and doesn't shut loopholes, such as the one that allows Americans to trophy-hunt for polar bears in Canada and bring their heads and hides back to the US,\" said Mr Frazier.</p> <p>\"Selling off our natural heritage to the highest bidder is a sad spectacle and represents a step backwards in our efforts to save the Arctic and polar bears for future generations,\" said Carter Roberts, the president and CEO of World Wildlife Fund US.</p> <p>The MMS announced its intention to sell oil and gas leases in the Chukchi Sea in early January, and bidding opened yesterday. </p> <p>The highest bid received for the sale was $105,304,581, submitted by Shell. Other bidding companies included ConocoPhillips, StatoilHydro, NACRA, Repsol, ENI and Iona Energy.</p> <p>Alaska native groups and environmentalists are already fighting Shell's plans to drill on acreage in the adjacent Beaufort Sea. </p> <p>Shell had planned to drill four wells on its Sivulliq prospect during the summer of 2007 but was blocked by a court challenge to its environmental permits. </p> <p>Oil production from the Chukchi sea is at least a decade away, MMS officials said, citing the need for an undersea pipeline to connect the remote area with the Trans Alaska Pipeline.</p>",
      "wordcount": "633",
      "commentable": "false",
      "isPremoderated": "false",
      "lastModified": "2018-02-14T20:16:31Z",
      "newspaperEditionDate": "2008-02-07T00:00:00Z",
      "productionOffice": "UK",
      "publication": "theguardian.com",
      "shortUrl": "https://gu.com/p/x35qe",
      "shouldHideAdverts": "false",
      "showInRelatedContent": "true",
      "legallySensitive": "false",
      "lang": "en",
      "bodyText": "The sale of licences to drill for oil and gas rights in Alaska will threaten the future of the region's polar bears, conservationists warned today. The oil and gas rights to drill in 29.4m acres in the Chukchi sea, which were made available by the US government's Minerals Management Service (MMS) yesterday, have attracted record bids of $2.66bn from the likes of Shell and ConocoPhillips. The MMS believes that up to 15bn barrels of recoverable oil and 77 trillion cubic feet of gas reserves lie beneath the Chukchi Sea, which lies between Alaska and Siberia. But environmentalists say too little is known about the possible impact of drilling on populations of polar bears and walrus in the area. The WWF says the Chukchi Sea is a critical habitat for polar bears, walrus, whales, seals, and migratory birds, and that the auctioning of the \"prime\" polar bear habitat will threaten the region's populations. It is also experiencing some of the most rapid loss of sea ice in the world due to climate change. \"The technology to effectively contain and clean up oil spills does not currently exist and this oil lease is a disaster waiting to happen,\" said James Leaton, the oil and gas policy adviser for WWF UK. \"It's also unacceptable that oil companies and the US government are effectively seeking to make a profit from the potential demise of a species,\" he added. The WWF says that the US interior secretary, Dirk Kempthorne, has ignored repeated requests from the American public, Arctic communities and conservation groups to delay or withdraw the lease sale until there is a better understanding of its potential impact on Arctic wildlife and habitats. The WWF and another group, the International Fund for Animal Welfare (IFAW), also allege that the US Fish and Wildlife Services has delayed its final decision on whether polar bears will be listed as an endangered species to allow the sale to proceed without further controversy. The listing, which would have had an impact upon the release of the leases, would have recognised the grave threat to polar bears from loss of sea ice and habitats due to global warming. Brendan Frazier, IFAW's US spokesman, said: \"An endangered listing can affect the sell-off of the oil drilling rights. \"The authorities would have to get approval through the Fish and Wildlife Service to conduct drilling if there is an endangered species that inhabits the area.\" American legislators have proposed listing the polar bear as \"threatened\", but that did not go far enough, said IFAW. \"A 'threatened' listing leaves open the possibility for exemptions and doesn't shut loopholes, such as the one that allows Americans to trophy-hunt for polar bears in Canada and bring their heads and hides back to the US,\" said Mr Frazier. \"Selling off our natural heritage to the highest bidder is a sad spectacle and represents a step backwards in our efforts to save the Arctic and polar bears for future generations,\" said Carter Roberts, the president and CEO of World Wildlife Fund US. The MMS announced its intention to sell oil and gas leases in the Chukchi Sea in early January, and bidding opened yesterday. The highest bid received for the sale was $105,304,581, submitted by Shell. Other bidding companies included ConocoPhillips, StatoilHydro, NACRA, Repsol, ENI and Iona Energy. Alaska native groups and environmentalists are already fighting Shell's plans to drill on acreage in the adjacent Beaufort Sea. Shell had planned to drill four wells on its Sivulliq prospect during the summer of 2007 but was blocked by a court challenge to its environmental permits. Oil production from the Chukchi sea is at least a decade away, MMS officials said, citing the need for an undersea pipeline to connect the remote area with the Trans Alaska Pipeline.",
      "charCount": "3785"
    },
    "isHosted": false,
    "pillarId": "pillar/news",
    "pillarName": "News"
  },
  {
    "id": "money/2008/feb/07/householdbills.consumeraffairs",
    "type": "article",
    "sectionId": "money",
    "sectionName": "Money",
    "webPublicationDate": "2008-02-07T13:43:35Z",
    "webTitle": "Eon announces energy price rises",
    "webUrl": "https://www.theguardian.com/money/2008/feb/07/householdbills.consumeraffairs",
    "apiUrl": "https://content.guardianapis.com/money/2008/feb/07/householdbills.consumeraffairs",
    "fields": {
      "headline": "Eon announces energy price rises",
      "trailText": "<p>Firm will raise electricity rates by 9.7% and gas prices by 15% from tomorrow</p>",
      "byline": "Hilary Osborne",
      "main": "<figure class=\"element element-image\" data-media-id=\"gu-image-332418923\"> <img src=\"http://static.guim.co.uk/sys-images/Money/Pix/pictures/2008/01/15/ElectricityRex460.jpg\" alt=\"Electricity pylons\" width=\"460\" height=\"276\" class=\"gu-image\" /> <figcaption> <span class=\"element-image__caption\">Wholesale cost of electricity and gas blamed for rises. Photograph: Rex/Cosmo Condina/Stock Connection/Rex Features</span> </figcaption> </figure>",
      "body": "<p>Energy firm Eon today became the latest power company to announce inflation-busting price rises for its residential customers.</p> <p>The firm, which used to be called Powergen, will raise electricity prices by 9.7% and gas prices by 15%.</p> <p>The increases will push the average dual fuel bill up from \u00a3913 to \u00a31,031 a year.</p> <p>For the majority of customers the price rises will come into effect from tomorrow, but customers who signed up with the supplier through Age Concern and those on pre-payment meters will not be affected until April 1.</p> <p>Eon, which is the fifth big energy provider to increase prices this year, blamed rising wholesale costs for its decision. </p> <p>It said that since it cut prices for residential customers in February last year, the wholesale cost of gas and electricity had risen by 60% and 88% respectively.</p> <p>The managing director of Eon Energy, Graham Bartlett, said: \"We realise the impact this price increase will have on our customers and we're doing everything we can to minimise this. Our announcement has been made in response to sustained pressures from the wholesale market. </p> <p>\"We are offering a new product to allow more customers to join the half-a-million already benefiting from protected prices, while also helping those customers who are most in need.\"</p> <p>The industry watchdog Energywatch said the size of the rises were \"depressingly similar\" to those applied by other energy suppliers.</p> <p>\"You can hardly put a pin between the suppliers' percentage rises, said director of campaigns, Adam Scorer. </p> <p>\"All the companies have quoted different percentage rises in wholesale gas costs, all the companies have different electricity generation, they all have different hedging strategies, yet they come within \u00a313 of each other on a \u00a31,000 bill.\"</p> <p>Scorer also welcomed the <a href=\"http://www.theguardian.com/business/2008/feb/06/utilities\">announcement earlier this week</a> that a committee of MPs will be investigating the UK energy market following increasing concern about a lack of competition between suppliers.</p> <p>Already this year, customers of British Gas, Scottish Power, EDF and npower have seen double-digit rises in their bills, with all of the companies blaming rising wholesale prices and increasing distribution costs.</p> <p>Of the major energy providers, only Scottish and Southern Energy has said it won't raise prices on winter bills. It has pledged not to change its tariffs until April at the earliest.</p>",
      "wordcount": "382",
      "commentable": "false",
      "isPremoderated": "false",
      "lastModified": "2008-02-07T13:43:18Z",
      "newspaperEditionDate": "2008-02-07T00:00:00Z",
      "productionOffice": "UK",
      "publication": "theguardian.com",
      "shortUrl": "https://gu.com/p/x36v2",
      "shouldHideAdverts": "false",
      "showInRelatedContent": "true",
      "legallySensitive": "false",
      "lang": "en",
      "bodyText": "Energy firm Eon today became the latest power company to announce inflation-busting price rises for its residential customers. The firm, which used to be called Powergen, will raise electricity prices by 9.7% and gas prices by 15%. The increases will push the average dual fuel bill up from \u00a3913 to \u00a31,031 a year. For the majority of customers the price rises will come into effect from tomorrow, but customers who signed up with the supplier through Age Concern and those on pre-payment meters will not be affected until April 1. Eon, which is the fifth big energy provider to increase prices this year, blamed rising wholesale costs for its decision. It said that since it cut prices for residential customers in February last year, the wholesale cost of gas and electricity had risen by 60% and 88% respectively. The managing director of Eon Energy, Graham Bartlett, said: \"We realise the impact this price increase will have on our customers and we're doing everything we can to minimise this. Our announcement has been made in response to sustained pressures from the wholesale market. \"We are offering a new product to allow more customers to join the half-a-million already benefiting from protected prices, while also helping those customers who are most in need.\" The industry watchdog Energywatch said the size of the rises were \"depressingly similar\" to those applied by other energy suppliers. \"You can hardly put a pin between the suppliers' percentage rises, said director of campaigns, Adam Scorer. \"All the companies have quoted different percentage rises in wholesale gas costs, all the companies have different electricity generation, they all have different hedging strategies, yet they come within \u00a313 of each other on a \u00a31,000 bill.\" Scorer also welcomed the announcement earlier this week that a committee of MPs will be investigating the UK energy market following increasing concern about a lack of competition between suppliers. Already this year, customers of British Gas, Scottish Power, EDF and npower have seen double-digit rises in their bills, with all of the companies blaming rising wholesale prices and increasing distribution costs. Of the major energy providers, only Scottish and Southern Energy has said it won't raise prices on winter bills. It has pledged not to change its tariffs until April at the earliest.",
      "charCount": "2350"
    },
    "isHosted": false,
    "pillarId": "pillar/lifestyle",
    "pillarName": "Lifestyle"
  },
  {
    "id": "technology/blog/2008/feb/07/microsoftsharepriceplunges",
    "type": "article",
    "sectionId": "technology",
    "sectionName": "Technology",
    "webPublicationDate": "2008-02-07T12:14:01Z",
    "webTitle": "Microsoft share price plunges following Yahoo takeover bid",
    "webUrl": "https://www.theguardian.com/technology/blog/2008/feb/07/microsoftsharepriceplunges",
    "apiUrl": "https://content.guardianapis.com/technology/blog/2008/feb/07/microsoftsharepriceplunges",
    "fields": {
      "headline": "Microsoft share price plunges following Yahoo takeover bid",
      "standfirst": "Pull out, Steve, before it's too late!",
      "trailText": "<p>Pull out, Steve, before it's too late!</p>",
      "byline": "Jack Schofield",
      "main": "",
      "body": "<p> <em>Chart from <a href=\"http://finance.yahoo.com/q/bc?s=MSFT&amp;t=3m\">Yahoo Finance</a></em></p> <p>It seems that shareholders don't think a Yahoo takeover is a good idea. Even though Microsoft just reported some outstanding financial results, its share price is taking a beating. As has been pointed out, this reduces the value of the bid, which is half cash-half shares.</p> <p>Amusingly enough, this decline is hitting two of Microsoft's biggest shareholders -- Steve Ballmer and Bill Gates -- where it hurts.</p> <p>Considering that Silicon Valley hates foreigners from the far north (Seattle? They're worse than Canadians) and Microsoft is also taking a beating in the press, this might be a good time to pull out. Before it gets worse.</p> <p><strong>Update</strong>: Or maybe not. As fred2 points out in a comment below: \"Microsoft, Apple and Red Hat all fell on 1 February and have fallen since, and at an almost identical rate. The North American stock markets are all tanking at the moment, so how much can be read into this?\" See <a href=\"http://tinyurl.com/2sphjg\">here</a>....</p> <p><strong>Charles Arthur adds:</strong> the MSFTextrememakeover blog, which is pushing for downsizing, has <a href=\"http://msftextrememakeover.blogspot.com/2008/02/having-fun-yet.html\">some in-depth financial analysis</a> of the proposed deal, with the coda:</p> <blockquote> So at some future point, MSFT is going to have to take a huge charge to write down the \"goodwill\" difference between what they paid, versus what YHOO was actually worth. I guesstimate that that charge will be at least $1/share, and it could easily be $2 or more depending on what the final price is, how the integration goes, etc.. Needless to say, a $1-2 charge in some future fiscal will have the effect of wiping out a large part of MSFT's overall earnings for that entire year. </blockquote>And that <blockquote> if you're a MSFT shareholder you should be hoping this deal gets kiboshed by either YHOO or regulators (however unlikely). Alternatively, you should hope that MSFT and YHOO come to some other accommodation. The best option there would be a standalone entity (either under the YHOO listing or a new one), into which both YHOO and MSFT contribute and MSFT shareholders get stock. </blockquote> <br> <p>(To the latter suggestion, I'd just point out that almost all joint ventures fail. I can only think of one in the past decade that's worked well: Sony Ericsson.)</p>",
      "wordcount": "369",
      "commentCloseDate": "2008-02-14T12:14:01Z",
      "commentable": "true",
      "isPremoderated": "false",
      "lastModified": "2017-02-21T22:10:47Z",
      "newspaperEditionDate": "2008-02-07T00:00:00Z",
      "productionOffice": "UK",
      "publication": "theguardian.com",
      "shortUrl": "https://gu.com/p/2v823",
      "shouldHideAdverts": "false",
      "showInRelatedContent": "true",
      "legallySensitive": "false",
      "lang": "en",
      "bodyText": "Chart from Yahoo Finance It seems that shareholders don't think a Yahoo takeover is a good idea. Even though Microsoft just reported some outstanding financial results, its share price is taking a beating. As has been pointed out, this reduces the value of the bid, which is half cash-half shares. Amusingly enough, this decline is hitting two of Microsoft's biggest shareholders -- Steve Ballmer and Bill Gates -- where it hurts. Considering that Silicon Valley hates foreigners from the far north (Seattle? They're worse than Canadians) and Microsoft is also taking a beating in the press, this might be a good time to pull out. Before it gets worse. Update: Or maybe not. As fred2 points out in a comment below: \"Microsoft, Apple and Red Hat all fell on 1 February and have fallen since, and at an almost identical rate. The North American stock markets are all tanking at the moment, so how much can be read into this?\" See here.... Charles Arthur adds: the MSFTextrememakeover blog, which is pushing for downsizing, has some in-depth financial analysis of the proposed deal, with the coda: So at some future point, MSFT is going to have to take a huge charge to write down the \"goodwill\" difference between what they paid, versus what YHOO was actually worth. I guesstimate that that charge will be at least $1/share, and it could easily be $2 or more depending on what the final price is, how the integration goes, etc.. Needless to say, a $1-2 charge in some future fiscal will have the effect of wiping out a large part of MSFT's overall earnings for that entire year. And that if you're a MSFT shareholder you should be hoping this deal gets kiboshed by either YHOO or regulators (however unlikely). Alternatively, you should hope that MSFT and YHOO come to some other accommodation. The best option there would be a standalone entity (either under the YHOO listing or a new one), into which both YHOO and MSFT contribute and MSFT shareholders get stock. (To the latter suggestion, I'd just point out that almost all joint ventures fail. I can only think of one in the past decade that's worked well: Sony Ericsson.)",
      "charCount": "2125"
    },
    "isHosted": false,
    "pillarId": "pillar/news",
    "pillarName": "News"
  },
  {
    "id": "uk/2008/feb/07/art.artnews",
    "type": "article",
    "sectionId": "uk-news",
    "sectionName": "UK news",
    "webPublicationDate": "2008-02-07T11:51:18Z",
    "webTitle": "Bacon triptych sells for \u00a326.3m",
    "webUrl": "https://www.theguardian.com/uk/2008/feb/07/art.artnews",
    "apiUrl": "https://content.guardianapis.com/uk/2008/feb/07/art.artnews",
    "fields": {
      "headline": "What recession? Bacon sells for \u00a326.3m",
      "standfirst": "<a href=\"http://blogs.guardian.co.uk/podcasts/2008/02/its_our_second_highest_sale_in.html\">Listen to audio from the sale (4min 19sec) </a>",
      "trailText": "A Francis Bacon triptych was sold to an anonymous buyer for &#163;26.3m last night, creating another record as the highest price ever paid in Europe for a postwar work",
      "byline": "Mark Brown, arts correspondent",
      "main": "<figure class=\"element element-image\" data-media-id=\"gu-image-332451923\"> <img src=\"http://static.guim.co.uk/sys-images/Guardian/Pix/pictures/2008/01/08/bacon10c.jpg\" alt=\"A Francis Bacon masterpiece, Triptych 1974-77, which is on sale in Christies Post War & Contemporary Art sale at in February 2008. It is estimated to make around \u00a325 million pounds at auction\" width=\"372\" height=\"192\" class=\"gu-image\" /> <figcaption> <span class=\"element-image__caption\">Record breaker ... the Francis Bacon masterpiece, Triptych 1974-77. Photograph: Linda Nylind</span> </figcaption> </figure>",
      "body": "A Francis Bacon triptych was sold to an anonymous buyer for \u00a326.3m last night, creating another record as the highest price ever paid in Europe for a postwar work. <p>The work, Triptych 1974-77, above, is either deeply disturbing or faintly optimistic depending on your point of view. It was painted as Bacon mourned the loss of his lover of seven years George Dyer, who took his own life in 1971.</p> <p>Part of a \"black triptych\" series, it depicts Dyer writhing and struggling on a near-deserted beach watched by two disconcerting figures.</p> <p>For the seller last night, the work was enormously rewarding as it came down to two bidders battling it out at Christie's in London. Although it beat the record set by one of Van Gogh's Sunflowers paintings in 1987, the sale was not the record many had been anticipating. Estimated at \u00a325m, there had been talk of the work beating the price set by the sale of Bacon's Study from Innocent X (1962) which sold for \u00a326.6m in New York last May.</p> <p>The Christie's postwar and contemporary art sale last night was a brisk one and it capped off a remarkable week in the sales rooms. Analysts have been predicting that the high prices for fine art have to come down because of the global economic downturn.</p> <p>But on the evidence of the last three days, art sales are as healthy as ever. Christie's on Monday had the second highest total sales for an individual European sale at \u00a3105m, only for Sotheby's to take that title 24 hours later when it made \u00a3117m.</p> <p>Last night's sale made \u00a372.9m and saw a record paid for a Bridget Riley work - Static 2 (1966) - as well as artist records for Lucio Fontana (\u00a36.7m) and Gerhard Richter (\u00a37.3m). Pilar Ordovas, head of postwar art at Christie's, said the sale showed the incredible strength of London: \"It's a fantastic result, I'm incredibly proud. We beat Van Gogh you know - it's great.\"</p> <p>Bill Jackson, an independent art and auction consultant, who advises Deloitte on its art collection, said there was no sign of any downturn. \"The market is very buoyant, it's extraordinary. I think it can last because there are a lot of very rich people who are not affected by mini-recessions or the market effect. People are more discerning and are getting good professional advice; when exceptional work comes up for sale they buy it.\"</p>",
      "newspaperPageNumber": "16",
      "wordcount": "409",
      "commentable": "false",
      "isPremoderated": "false",
      "lastModified": "2018-02-22T18:16:08Z",
      "newspaperEditionDate": "2008-02-07T00:00:00Z",
      "productionOffice": "UK",
      "publication": "The Guardian",
      "shortUrl": "https://gu.com/p/x3bxz",
      "shouldHideAdverts": "false",
      "showInRelatedContent": "true",
      "legallySensitive": "false",
      "lang": "en",
      "bodyText": "A Francis Bacon triptych was sold to an anonymous buyer for \u00a326.3m last night, creating another record as the highest price ever paid in Europe for a postwar work. The work, Triptych 1974-77, above, is either deeply disturbing or faintly optimistic depending on your point of view. It was painted as Bacon mourned the loss of his lover of seven years George Dyer, who took his own life in 1971. Part of a \"black triptych\" series, it depicts Dyer writhing and struggling on a near-deserted beach watched by two disconcerting figures. For the seller last night, the work was enormously rewarding as it came down to two bidders battling it out at Christie's in London. Although it beat the record set by one of Van Gogh's Sunflowers paintings in 1987, the sale was not the record many had been anticipating. Estimated at \u00a325m, there had been talk of the work beating the price set by the sale of Bacon's Study from Innocent X (1962) which sold for \u00a326.6m in New York last May. The Christie's postwar and contemporary art sale last night was a brisk one and it capped off a remarkable week in the sales rooms. Analysts have been predicting that the high prices for fine art have to come down because of the global economic downturn. But on the evidence of the last three days, art sales are as healthy as ever. Christie's on Monday had the second highest total sales for an individual European sale at \u00a3105m, only for Sotheby's to take that title 24 hours later when it made \u00a3117m. Last night's sale made \u00a372.9m and saw a record paid for a Bridget Riley work - Static 2 (1966) - as well as artist records for Lucio Fontana (\u00a36.7m) and Gerhard Richter (\u00a37.3m). Pilar Ordovas, head of postwar art at Christie's, said the sale showed the incredible strength of London: \"It's a fantastic result, I'm incredibly proud. We beat Van Gogh you know - it's great.\" Bill Jackson, an independent art and auction consultant, who advises Deloitte on its art collection, said there was no sign of any downturn. \"The market is very buoyant, it's extraordinary. I think it can last because there are a lot of very rich people who are not affected by mini-recessions or the market effect. People are more discerning and are getting good professional advice; when exceptional work comes up for sale they buy it.\"",
      "charCount": "2289"
    },
    "isHosted": false,
    "pillarId": "pillar/news",
    "pillarName": "News"
  },
  {
    "id": "business/2008/feb/07/manufacturing.economics",
    "type": "article",
    "sectionId": "business",
    "sectionName": "Business",
    "webPublicationDate": "2008-02-07T10:54:47Z",
    "webTitle": "Manufacturing output falls unexpectedly",
    "webUrl": "https://www.theguardian.com/business/2008/feb/07/manufacturing.economics",
    "apiUrl": "https://content.guardianapis.com/business/2008/feb/07/manufacturing.economics",
    "fields": {
      "headline": "Manufacturing output falls unexpectedly",
      "trailText": "<p>Manufacturing output fell unexpectedly in December for a second month running</p>",
      "byline": "Teena Lyons",
      "main": "",
      "body": "<p>Manufacturing output fell unexpectedly in December for a second month running, reinforcing expectations that the Bank of England will announce an interest rate cut at noon today.</p> <p>Data released this morning by the Office for National Statistics showed that manufacturing output fell 0.2% on the month, after a 0.1% fall in November. Analysts had been forecasting a 0.1% gain.</p> <p>Howard Archer, the chief UK and European economist at Global Insight said: \"An unexpected second successive fall in output in December indicates that the previously resilient manufacuring sector is now increasingly succumbing to the strong handicaps stemming from slowing domestic demand, the credit crunch, an elevated oil price and faltering demand in key export markets.\"</p> <p>\"The manufacturing sector seems set for increasingly difficult times over the coming months,\" Archer warned.</p> <p>Philip Shaw at Investec said the news was disappointing, as the fall in the value of sterling over the last few months should have given the manufacturing sector a boost by making exports more competitive.</p> <p>The Bank of England is seen as all but certain to cut rates by a quarter percentage point to 5.25% at its monthly meeting.</p> <p>However, Howard Archer said there was now a case to cut interest rates \"significantly further\" over the next few months.</p> <p>According to the Office for National Statistics, the weakness in manufacturing was broad-based, especially in metals and metal products where output has now fallen for six consecutive months.</p> <p>The ONS said the weak readings would take 0.04% off fourth-quarter gross domestic product.</p>",
      "wordcount": "255",
      "commentable": "false",
      "isPremoderated": "false",
      "lastModified": "2017-05-25T13:08:09Z",
      "newspaperEditionDate": "2008-02-07T00:00:00Z",
      "productionOffice": "UK",
      "publication": "theguardian.com",
      "shortUrl": "https://gu.com/p/x35pf",
      "shouldHideAdverts": "false",
      "showInRelatedContent": "true",
      "legallySensitive": "false",
      "lang": "en",
      "bodyText": "Manufacturing output fell unexpectedly in December for a second month running, reinforcing expectations that the Bank of England will announce an interest rate cut at noon today. Data released this morning by the Office for National Statistics showed that manufacturing output fell 0.2% on the month, after a 0.1% fall in November. Analysts had been forecasting a 0.1% gain. Howard Archer, the chief UK and European economist at Global Insight said: \"An unexpected second successive fall in output in December indicates that the previously resilient manufacuring sector is now increasingly succumbing to the strong handicaps stemming from slowing domestic demand, the credit crunch, an elevated oil price and faltering demand in key export markets.\" \"The manufacturing sector seems set for increasingly difficult times over the coming months,\" Archer warned. Philip Shaw at Investec said the news was disappointing, as the fall in the value of sterling over the last few months should have given the manufacturing sector a boost by making exports more competitive. The Bank of England is seen as all but certain to cut rates by a quarter percentage point to 5.25% at its monthly meeting. However, Howard Archer said there was now a case to cut interest rates \"significantly further\" over the next few months. According to the Office for National Statistics, the weakness in manufacturing was broad-based, especially in metals and metal products where output has now fallen for six consecutive months. The ONS said the weak readings would take 0.04% off fourth-quarter gross domestic product.",
      "charCount": "1591"
    },
    "isHosted": false,
    "pillarId": "pillar/news",
    "pillarName": "News"
  },
  {
    "id": "media/2008/feb/07/bskyb.itv",
    "type": "article",
    "sectionId": "media",
    "sectionName": "Media",
    "webPublicationDate": "2008-02-07T07:15:04Z",
    "webTitle": "ITV's share price drop puts BSkyB in the red",
    "webUrl": "https://www.theguardian.com/media/2008/feb/07/bskyb.itv",
    "apiUrl": "https://content.guardianapis.com/media/2008/feb/07/bskyb.itv",
    "fields": {
      "headline": "ITV's share price drop puts BSkyB in the red",
      "standfirst": "<strong>&#183;</strong> Investors welcome large increase in subscribers <br /><strong>&#183;</strong> Broadcaster relaxed about downturn in spending",
      "trailText": "<p>ITV's plunging share price pushed BSkyB &pound;36m into the red yesterday as the satellite broadcaster slashed the value of its 17.9% stake by &pound;343m. By<strong> Richard Wray</strong></p>",
      "byline": "Richard Wray",
      "main": "",
      "body": "<p>ITV's plunging share price pushed BSkyB \u00a336m into the red yesterday as the satellite broadcaster slashed the value of its controversial 17.9% stake by \u00a3343m. </p> <p>The company, 39% owned by Rupert Murdoch's News Corp, nevertheless pleased investors with an increase in the amount of money it makes from subscribers, and chief executive Jeremy Darroch said Sky is well placed to weather any downturn in consumer spending as storm clouds gather over the British economy. \"If people are going to tighten their belts a bit they spend more time at home so in-home entertainment becomes quite important,\" he said.</p> <p>Sky added 167,000 subscribers in the last three months of 2007, taking its total customer base above 8.8 million - on track to meet its target of 10 million by 2010. The figure was down from 183,000 in the same period in 2006, slightly lower than some in the City had predicted.</p> <p>However, Sky said that a 7% increase in average revenue per user to \u00a3421 and lower customer defections proved the business was still performing well, despite worries by retailers and pub groups that consumer spending is slowing. </p> <p>Over the last three months of 2007 Sky also persuaded 434,000 of its customers to sign up for its Sky+ personal video recorder product meaning the boxes are used by more than 3 million households.</p> <p>\"A lot of people said that they found it difficult over Christmas but as you can see we are growing ... and across our product range we are seeing strong demand with Sky+ leading the pack,\" said Darroch, who took over from James Murdoch last year.</p> <p>Overall Sky made a \u00a336m loss for the six months to end December as the company slashed the value of its stake in ITV, compared with a profit of \u00a3356m in the previous year.</p> <p>Sky bought its stake over a year ago in an audacious dawn raid that scuppered Sir Richard Branson's ambitions of merging his Virgin Media cable empire with the commercial broadcaster. The shares were bought at 135p each but have since fallen, closing yesterday at 76.6p.</p> <p>\"I would certainly like it [the share price] to be higher than it is today but I am sure that is something that the ITV board are thinking a lot about,\" said Darroch. Following scrutiny from the Office of Fair Trading, Ofcom and the Competition Commission, business secretary John Hutton last month ruled that Sky must sell its stake down to under 7.5%. The company is expected to appeal against the decision but yesterday Darroch would only say \"we have got about three weeks to decide and we will take that time and think about it carefully\".</p> <p>Sky also announced it added 260,000 new broadband customers in the last three months of 2007. It has just under 1.2 million customers a year, with its sights on 3 million by 2010. The company is experimenting with placing its equipment in BT's telephone exchanges - a process known as local loop unbundling which makes customers more profitable - and will make a further announcement about its broadband plans later in the year.</p>",
      "newspaperPageNumber": "34",
      "wordcount": "525",
      "commentable": "false",
      "isPremoderated": "false",
      "lastModified": "2017-11-26T21:33:06Z",
      "newspaperEditionDate": "2008-02-07T00:00:00Z",
      "productionOffice": "UK",
      "publication": "The Guardian",
      "shortUrl": "https://gu.com/p/x35mz",
      "shouldHideAdverts": "false",
      "showInRelatedContent": "true",
      "legallySensitive": "false",
      "lang": "en",
      "bodyText": "ITV's plunging share price pushed BSkyB \u00a336m into the red yesterday as the satellite broadcaster slashed the value of its controversial 17.9% stake by \u00a3343m. The company, 39% owned by Rupert Murdoch's News Corp, nevertheless pleased investors with an increase in the amount of money it makes from subscribers, and chief executive Jeremy Darroch said Sky is well placed to weather any downturn in consumer spending as storm clouds gather over the British economy. \"If people are going to tighten their belts a bit they spend more time at home so in-home entertainment becomes quite important,\" he said. Sky added 167,000 subscribers in the last three months of 2007, taking its total customer base above 8.8 million - on track to meet its target of 10 million by 2010. The figure was down from 183,000 in the same period in 2006, slightly lower than some in the City had predicted. However, Sky said that a 7% increase in average revenue per user to \u00a3421 and lower customer defections proved the business was still performing well, despite worries by retailers and pub groups that consumer spending is slowing. Over the last three months of 2007 Sky also persuaded 434,000 of its customers to sign up for its Sky+ personal video recorder product meaning the boxes are used by more than 3 million households. \"A lot of people said that they found it difficult over Christmas but as you can see we are growing ... and across our product range we are seeing strong demand with Sky+ leading the pack,\" said Darroch, who took over from James Murdoch last year. Overall Sky made a \u00a336m loss for the six months to end December as the company slashed the value of its stake in ITV, compared with a profit of \u00a3356m in the previous year. Sky bought its stake over a year ago in an audacious dawn raid that scuppered Sir Richard Branson's ambitions of merging his Virgin Media cable empire with the commercial broadcaster. The shares were bought at 135p each but have since fallen, closing yesterday at 76.6p. \"I would certainly like it [the share price] to be higher than it is today but I am sure that is something that the ITV board are thinking a lot about,\" said Darroch. Following scrutiny from the Office of Fair Trading, Ofcom and the Competition Commission, business secretary John Hutton last month ruled that Sky must sell its stake down to under 7.5%. The company is expected to appeal against the decision but yesterday Darroch would only say \"we have got about three weeks to decide and we will take that time and think about it carefully\". Sky also announced it added 260,000 new broadband customers in the last three months of 2007. It has just under 1.2 million customers a year, with its sights on 3 million by 2010. The company is experimenting with placing its equipment in BT's telephone exchanges - a process known as local loop unbundling which makes customers more profitable - and will make a further announcement about its broadband plans later in the year.",
      "charCount": "2971"
    },
    "isHosted": false,
    "pillarId": "pillar/news",
    "pillarName": "News"
  },
  {
    "id": "world/2008/feb/07/iraq.letters",
    "type": "article",
    "sectionId": "world",
    "sectionName": "World news",
    "webPublicationDate": "2008-02-07T00:15:21Z",
    "webTitle": "Letters: Oil and blood in Iraq",
    "webUrl": "https://www.theguardian.com/world/2008/feb/07/iraq.letters",
    "apiUrl": "https://content.guardianapis.com/world/2008/feb/07/iraq.letters",
    "fields": {
      "headline": "Oil and blood in Iraq",
      "trailText": "<b>Letters: </b>Your report that BP has been holding meetings with Iraqi oil officials as it speeds up plans to re-enter the country (Report, February 5) is disturbing",
      "main": "",
      "body": "Your report that \"BP has been holding meetings with Iraqi oil officials as it speeds up plans to re-enter\" the country (Report, February 5) is disturbing. Both Shell and BP - with British government assistance - have been pushing the Iraqi government to pass legislation that would allow foreign oil companies to control most of Iraq's oil reserves, depriving Iraqis of scores of billions of dollars. Such an effective privatisation of Iraq's key natural resource is opposed by Iraq's trade unions, many senior Iraqi oil experts and most Iraqis. On February 23, people will be at petrol stations around the country to highlight the role of Shell and BP in this looming theft of Iraq's future. We urge readers to join us. <br> <b>Jonathan Stevenson</b> <br>Hands Off Iraqi Oil <p>Over a week ago the respected polling company Opinion Research Business released the results of a follow-up survey to their August 2007 poll on violent deaths in Iraq. They conclude that over a million Iraqis have been killed since the 2003 invasion. You might have thought this would be front-page news, especially given Britain's role in these crimes. But to date I've yet to see a single reference to ORB's latest poll in the mainstream press. <br><b>Andrea Needham</b><br>Hastings, East Sussex</p>",
      "newspaperPageNumber": "39",
      "wordcount": "208",
      "commentable": "false",
      "isPremoderated": "false",
      "lastModified": "2016-06-15T08:23:04Z",
      "newspaperEditionDate": "2008-02-07T00:00:00Z",
      "productionOffice": "UK",
      "publication": "The Guardian",
      "shortUrl": "https://gu.com/p/x3bgk",
      "shouldHideAdverts": "false",
      "showInRelatedContent": "true",
      "legallySensitive": "false",
      "lang": "en",
      "bodyText": "Your report that \"BP has been holding meetings with Iraqi oil officials as it speeds up plans to re-enter\" the country (Report, February 5) is disturbing. Both Shell and BP - with British government assistance - have been pushing the Iraqi government to pass legislation that would allow foreign oil companies to control most of Iraq's oil reserves, depriving Iraqis of scores of billions of dollars. Such an effective privatisation of Iraq's key natural resource is opposed by Iraq's trade unions, many senior Iraqi oil experts and most Iraqis. On February 23, people will be at petrol stations around the country to highlight the role of Shell and BP in this looming theft of Iraq's future. We urge readers to join us. Jonathan Stevenson Hands Off Iraqi Oil Over a week ago the respected polling company Opinion Research Business released the results of a follow-up survey to their August 2007 poll on violent deaths in Iraq. They conclude that over a million Iraqis have been killed since the 2003 invasion. You might have thought this would be front-page news, especially given Britain's role in these crimes. But to date I've yet to see a single reference to ORB's latest poll in the mainstream press. Andrea Needham Hastings, East Sussex",
      "charCount": "1243"
    },
    "isHosted": false,
    "pillarId": "pillar/news",
    "pillarName": "News"
  },
  {
    "id": "uk/2008/feb/07/uknews4.mainsection1",
    "type": "article",
    "sectionId": "global",
    "sectionName": "Global",
    "webPublicationDate": "2008-02-07T00:05:42Z",
    "webTitle": "Maev Kennedy: People",
    "webUrl": "https://www.theguardian.com/uk/2008/feb/07/uknews4.mainsection1",
    "apiUrl": "https://content.guardianapis.com/uk/2008/feb/07/uknews4.mainsection1",
    "fields": {
      "headline": "People",
      "trailText": "Chiwetel Ejiofor | Sir Ian McKellen | Patrick Stewart | Michael Grandage | Michael Grandage | Mark Rylance | Anne-Marie Duff | Kelly Reilly | Kristen Scott Thomas | Fiona Shaw | Penelope Wilton | Elaine Paige | Gunther von Hagens | Nigel McCulloch | Tony Hill | Kylie Minogue | George Clooney | Katie Price | Peter Andre | Pete Doherty | David Cameron | Rose Hacker | Bill Maynard",
      "byline": "Maev Kennedy",
      "main": "",
      "body": "It's the Giant Haystacks vs Big Daddy of theatre awards, Othello vs King Lear vs Macbeth - incarnated as <b>Chiwetel Ejiofor</b>, <b>Sir Ian McKellen</b> and <b>Patrick Stewart</b>, who will slug it out for best actor in this year's Laurence Olivier awards. Last year every ticket to see Ejiofor, in <b>Michael Grandage's </b>production at the Donmar, sold out weeks before opening: the New Yorker praised his \"natural nobility and a decency that are a kind of poetic revelation\". By the end of the run blackmarket tickets for the tiny theatre had topped \u00a3500. <b>John Simm</b> and <b>Mark Rylance</b>, in Elling and Boeing Boeing, complete the nominations but must be feeling a bit naked without doublet and hose. Best actress contenders include Shameless star <b>Anne-Marie Duff's </b>luminous St Joan, and <b>Kelly Reilly</b>, <b>Kristen Scott Thomas</b>, <b>Fiona Shaw</b> and <b>Penelope Wilton</b>. The eternal rivals the Royal Opera and English National Opera have five and two nominations respectively, and the musical The Drowsy Chaperone, which took five Tonys on Broadway, but got dreadful reviews and closed six months early in London despite starring <b>Elaine Paige</b>, won five nominations. <p>Body World, human remains preserved by the black-fedora-wearing German anatomist <b>Gunther von Hagens</b> through his \"plastination\" technique, has toured the world, thrilling some and revolting others, and is due to open at the Museum of Science and Industry in Manchester this month. However, the Bishop of Manchester, <b>Nigel McCulloch</b>, called it \"a little shop of horrors\" in a letter to the museum's acting director, <b>Tony Hill</b>, and von Hagens's customary invitation to people to donate their own bodies \"a modern twist on body snatching\".</p> <p>There is a part of <b>Kylie Minogue</b> that 15% of men would like to get to grips with - her tiny size 3 feet. A survey, commissioned for Carnation Footcare, found most men would like to play footsie with Kylie, most women with <b>George Clooney</b>, hardly anyone with either <b>Katie Price</b> or <b>Peter Andre</b>, and nobody at all with <b>Pete Doherty</b> or Tory leader <b>David Cameron</b></p> <p>A bad week for senior media stars: <b>Rose Hacker</b>, of the Camden Journal, believed to be the world's oldest columnist, has died aged 101, and now actor <b>Bill Maynard</b>, 79, learns that Radio Leicester is dropping his Sunday show, Bill of Fare. He's too much for them, he thinks.</p> <p><b>\u00b7 </b>maev.kennedy@theguardian.com</p>",
      "newspaperPageNumber": "14",
      "wordcount": "387",
      "commentable": "false",
      "isPremoderated": "false",
      "lastModified": "2008-02-07T00:09:13Z",
      "newspaperEditionDate": "2008-02-07T00:00:00Z",
      "productionOffice": "UK",
      "publication": "The Guardian",
      "shortUrl": "https://gu.com/p/xbvtn",
      "shouldHideAdverts": "false",
      "showInRelatedContent": "true",
      "legallySensitive": "false",
      "lang": "en",
      "bodyText": "It's the Giant Haystacks vs Big Daddy of theatre awards, Othello vs King Lear vs Macbeth - incarnated as Chiwetel Ejiofor, Sir Ian McKellen and Patrick Stewart, who will slug it out for best actor in this year's Laurence Olivier awards. Last year every ticket to see Ejiofor, in Michael Grandage's production at the Donmar, sold out weeks before opening: the New Yorker praised his \"natural nobility and a decency that are a kind of poetic revelation\". By the end of the run blackmarket tickets for the tiny theatre had topped \u00a3500. John Simm and Mark Rylance, in Elling and Boeing Boeing, complete the nominations but must be feeling a bit naked without doublet and hose. Best actress contenders include Shameless star Anne-Marie Duff's luminous St Joan, and Kelly Reilly, Kristen Scott Thomas, Fiona Shaw and Penelope Wilton. The eternal rivals the Royal Opera and English National Opera have five and two nominations respectively, and the musical The Drowsy Chaperone, which took five Tonys on Broadway, but got dreadful reviews and closed six months early in London despite starring Elaine Paige, won five nominations. Body World, human remains preserved by the black-fedora-wearing German anatomist Gunther von Hagens through his \"plastination\" technique, has toured the world, thrilling some and revolting others, and is due to open at the Museum of Science and Industry in Manchester this month. However, the Bishop of Manchester, Nigel McCulloch, called it \"a little shop of horrors\" in a letter to the museum's acting director, Tony Hill, and von Hagens's customary invitation to people to donate their own bodies \"a modern twist on body snatching\". There is a part of Kylie Minogue that 15% of men would like to get to grips with - her tiny size 3 feet. A survey, commissioned for Carnation Footcare, found most men would like to play footsie with Kylie, most women with George Clooney, hardly anyone with either Katie Price or Peter Andre, and nobody at all with Pete Doherty or Tory leader David Cameron A bad week for senior media stars: Rose Hacker, of the Camden Journal, believed to be the world's oldest columnist, has died aged 101, and now actor Bill Maynard, 79, learns that Radio Leicester is dropping his Sunday show, Bill of Fare. He's too much for them, he thinks. \u00b7 maev.kennedy@theguardian.com",
      "charCount": "2319"
    },
    "isHosted": false
  },
  {
    "id": "business/2008/feb/07/mobilephones",
    "type": "article",
    "sectionId": "business",
    "sectionName": "Business",
    "webPublicationDate": "2008-02-07T00:05:29Z",
    "webTitle": "3 joins mobile rivals in deal on charges to sidestep Brussels",
    "webUrl": "https://www.theguardian.com/business/2008/feb/07/mobilephones",
    "apiUrl": "https://content.guardianapis.com/business/2008/feb/07/mobilephones",
    "fields": {
      "headline": "3 joins mobile rivals in deal on charges to sidestep Brussels",
      "trailText": "<p>The mobile phone operator 3 will try today to head off the threat of EU regulator-imposed cuts in the price of using the mobile internet abroad by linking with European rivals and slashing the 'wholesale' access price they charge each other</p>",
      "byline": "Richard Wray",
      "main": "",
      "body": "<p>The mobile phone operator 3 will try today to head off the threat of EU regulator-imposed cuts in the price of using the mobile internet abroad by linking with European rivals and slashing the \"wholesale\" access price they charge each other.</p> <p>The company, owned by the Hong Kong-based group Hutchison Whampoa, has invited other networks, including E Plus in Germany and Base in Belgium, to join the consortium, which spans 10 markets and a population of more than 295 million. It wants to agree to a flat rate of \u20ac0.25 (19p) per megabyte of data - roughly enough to view up to 200 mobile web pages.</p> <p>But others said it made no difference what operators charged each other for roaming if the retail price did not come down. The average price of 1MB of mobile data on a UK network is \u00a31.50; the average retail roaming price in Europe is \u00a33.90. </p> <p>O2, owned by Spain's Telef\u00f3nica, has cut its retail roaming price to \u00a33/MB. Other major players, such as Vodafone, are expected to make announcements soon.</p>",
      "newspaperPageNumber": "31",
      "wordcount": "181",
      "commentable": "false",
      "isPremoderated": "false",
      "lastModified": "2017-11-26T21:33:12Z",
      "newspaperEditionDate": "2008-02-07T00:00:00Z",
      "productionOffice": "UK",
      "publication": "The Guardian",
      "shortUrl": "https://gu.com/p/x35nn",
      "shouldHideAdverts": "false",
      "showInRelatedContent": "true",
      "legallySensitive": "false",
      "lang": "en",
      "bodyText": "The mobile phone operator 3 will try today to head off the threat of EU regulator-imposed cuts in the price of using the mobile internet abroad by linking with European rivals and slashing the \"wholesale\" access price they charge each other. The company, owned by the Hong Kong-based group Hutchison Whampoa, has invited other networks, including E Plus in Germany and Base in Belgium, to join the consortium, which spans 10 markets and a population of more than 295 million. It wants to agree to a flat rate of \u20ac0.25 (19p) per megabyte of data - roughly enough to view up to 200 mobile web pages. But others said it made no difference what operators charged each other for roaming if the retail price did not come down. The average price of 1MB of mobile data on a UK network is \u00a31.50; the average retail roaming price in Europe is \u00a33.90. O2, owned by Spain's Telef\u00f3nica, has cut its retail roaming price to \u00a33/MB. Other major players, such as Vodafone, are expected to make announcements soon.",
      "charCount": "995"
    },
    "isHosted": false,
    "pillarId": "pillar/news",
    "pillarName": "News"
  },
  {
    "id": "environment/blog/2008/feb/07/bigoilstokesthefiresfort",
    "type": "article",
    "sectionId": "environment",
    "sectionName": "Environment",
    "webPublicationDate": "2008-02-07T00:01:25Z",
    "webTitle": "Big oil stokes the fires for the planet to burn",
    "webUrl": "https://www.theguardian.com/environment/blog/2008/feb/07/bigoilstokesthefiresfort",
    "apiUrl": "https://content.guardianapis.com/environment/blog/2008/feb/07/bigoilstokesthefiresfort",
    "fields": {
      "headline": "Big oil stokes the fires for the planet to burn",
      "standfirst": "BP promised to go 'beyond petroleum'. But carbon remains at the heart of big energy firms",
      "trailText": "<p>BP promised to go 'beyond petroleum'. But carbon remains at the heart of big energy firms</p>",
      "byline": "Terry Macalister",
      "main": "",
      "body": "<p><br>Mining trucks at the Albian Sands tar sands project tin Alberta, Canada. Photograph: Jeff McIntosh/AP</p> <p>There is a parallel universe in operation out there. Politicians try to negotiate a reduction in greenhouse gas emissions, while business executives lay plans to expand their carbon footprint.</p> <p>While the pace of negotiations on a post-Kyoto treaty has picked up, and the European Union has outlined new schemes for increasing the price of carbon, oil companies seem intent on ensuring carbon remains at the centre of their businesses.</p> <p>BP was once promising to go \"beyond petroleum\" and turn itself into a broadly based energy group under John Browne. </p> <p>But his exit seems to have triggered a U-turn, with new boss Tony Hayward taking BP into Canada's dirty tar sands and abandoning schemes for a revolutionary carbon capture and storage operation at Peterhead, Scotland.</p> <p>Meanwhile rival Shell has been putting increasing amounts of investment into its tar sands business and various other \"unconventional\" gas projects, while selling off its once-proud solar operations in Asia and elsewhere.</p> <p>Many green groups have always been highly sceptical of the claims made by these and other oil companies. Parts of Big Oil talked about sustainability and renewables yet the level of actual investment in them were always pitiful compared to the sums put into hydrocarbons.</p> <p>It is worrying that under the guise of energy security, Jeroen van der Veer at Shell and Hayward at BP seemed to be abandoning even a figleaf of environmental respectability and <a href=\"http://www.theguardian.com/business/2007/dec/11/oil.bp\">going all out for oil</a>.</p> <p>With crude prices at $100 per barrel and record profits to be made, its easy to see the allure to executives frightened by their failure to find, or hang on to, reserves in the way they found easy in the past.</p> <p>Russia, Venezuela and other developing countries are pushing the big multinationals about and seizing their assets. At present, Van der Veer and Hayward are more worried about that than pleasing public opinion in the west.</p> <p>But in the longer term they are digging their companies' graves. When proper carbon pricing does eventually kick in, these businesses will find themselves with heavy liabilities round their necks. Like the tobacco companies, oil executives could one day find themselves in court. But for now, they seem willing to stoke the fires for the planet to burn.</p>",
      "wordcount": "387",
      "commentCloseDate": "2008-02-14T00:01:25Z",
      "commentable": "true",
      "isPremoderated": "false",
      "lastModified": "2008-02-07T00:01:25Z",
      "newspaperEditionDate": "2008-02-07T00:00:00Z",
      "productionOffice": "UK",
      "publication": "theguardian.com",
      "shortUrl": "https://gu.com/p/xp3ap",
      "shouldHideAdverts": "false",
      "showInRelatedContent": "true",
      "legallySensitive": "false",
      "lang": "en",
      "bodyText": "Mining trucks at the Albian Sands tar sands project tin Alberta, Canada. Photograph: Jeff McIntosh/AP There is a parallel universe in operation out there. Politicians try to negotiate a reduction in greenhouse gas emissions, while business executives lay plans to expand their carbon footprint. While the pace of negotiations on a post-Kyoto treaty has picked up, and the European Union has outlined new schemes for increasing the price of carbon, oil companies seem intent on ensuring carbon remains at the centre of their businesses. BP was once promising to go \"beyond petroleum\" and turn itself into a broadly based energy group under John Browne. But his exit seems to have triggered a U-turn, with new boss Tony Hayward taking BP into Canada's dirty tar sands and abandoning schemes for a revolutionary carbon capture and storage operation at Peterhead, Scotland. Meanwhile rival Shell has been putting increasing amounts of investment into its tar sands business and various other \"unconventional\" gas projects, while selling off its once-proud solar operations in Asia and elsewhere. Many green groups have always been highly sceptical of the claims made by these and other oil companies. Parts of Big Oil talked about sustainability and renewables yet the level of actual investment in them were always pitiful compared to the sums put into hydrocarbons. It is worrying that under the guise of energy security, Jeroen van der Veer at Shell and Hayward at BP seemed to be abandoning even a figleaf of environmental respectability and going all out for oil. With crude prices at $100 per barrel and record profits to be made, its easy to see the allure to executives frightened by their failure to find, or hang on to, reserves in the way they found easy in the past. Russia, Venezuela and other developing countries are pushing the big multinationals about and seizing their assets. At present, Van der Veer and Hayward are more worried about that than pleasing public opinion in the west. But in the longer term they are digging their companies' graves. When proper carbon pricing does eventually kick in, these businesses will find themselves with heavy liabilities round their necks. Like the tobacco companies, oil executives could one day find themselves in court. But for now, they seem willing to stoke the fires for the planet to burn.",
      "charCount": "2351"
    },
    "isHosted": false,
    "pillarId": "pillar/news",
    "pillarName": "News"
  }
]