[
  {
    "id": "business/2008/aug/25/mining.riotinto",
    "type": "article",
    "sectionId": "business",
    "sectionName": "Business",
    "webPublicationDate": "2008-08-24T23:01:00Z",
    "webTitle": "Mining firms: China's stake in Rio Tinto gets all-clear from Australia",
    "webUrl": "https://www.theguardian.com/business/2008/aug/25/mining.riotinto",
    "apiUrl": "https://content.guardianapis.com/business/2008/aug/25/mining.riotinto",
    "fields": {
      "headline": "Mining firms: China's stake in Rio Tinto gets all-clear from Australia",
      "trailText": "<p>Acquisition of 12% of company's London shares is obstacle to BHP Billiton's &pound;70bn bid</p>",
      "byline": "David Teather",
      "main": "",
      "body": "<p>The Australian government has approved the Chinese acquisition of a stake in the mining group Rio Tinto, potentially throwing an obstacle in the path of BHP Billiton's \u00a370bn bid for the company. </p> <p>Chinalco, in partnership with the American mining group Alcoa, spent \u00a37bn to become Rio Tinto's largest shareholder in February. The acquisition of 12% of Rio Tinto's London shares was the biggest single foreign investment made by a Chinese company to date and had to overcome serious political concerns in Canberra.</p> <p>In a statement released yesterday the Australian treasurer, Wayne Swan, said he would allow the Chinese company to buy as much as 14.99% of Rio Tinto's London shares. Rio Tinto has a dual listing in Sydney and a 14.99% stake in London would equate to around 11% in the entire group.</p> <p>But he set two conditions; that Chinalco does not raise its stake above that level without fresh approval from the Australian government and that it will not seek to appoint a director to the Rio Tinto board as long as its stake remains below 15%. </p> <p>It is debatable whether Chinalco will feel bound by the conditions. In an interview in June, Chinalco president Xiao Yaqing suggested that the company did not need Canberra's approval because it had bought the shares in London.</p> <p>Chinalco's swoop on Rio Tinto was widely regarded as an attempt to block the BHP bid rather than a precursor to its own takeover attempt. Beijing is said to fear that a merger of BHP and Rio Tinto would spark an increase in the price of raw materials. A combined BHP and Rio Tinto would be worth \u00a3170bn and control about 35% of the world's traded iron ore.</p> <p>BHP Billiton chief executive Marius Kloppers has played down the significance of the Chinese stake in Rio Tinto. BHP made its hostile all-share offer conditional on only 50% acceptances, which means it is not necessarily reliant on the support of Chinalco. But Stephen Bartrop, a resources analyst at Stock Resource in Sydney, told Bloomberg that the Chinese stake in Rio Tinto \"creates uncertainty about whether or not BHP will get its deal over the line\".</p> <p>The west has been wary about the growing financial clout of China, with governments scrutinising deals for political intent. In the United States, a Chinese company was allowed to take over the personal computer business of IBM, but another, CNOOC, was blocked from buying oil company Unocal. The Australian government recently blocked the Chinese steelmaker Shougang from buying a 20% stake in Perth-based iron ore producer Mount Gibson. A Chinese bid for the Canadian aluminium group Noranda was also scuppered by political objections.</p> <p>Swan said the conditions imposed upon Chinalco would be sufficient to protect Australia's national interests.</p> <p>BHP is awaiting regulatory approval before sending out its offer document. Washington has already given its approval while Europe is expected to rule by December 9. Australian regulators will give their final verdict in October.</p>",
      "newspaperPageNumber": "21",
      "wordcount": "493",
      "commentable": "false",
      "isPremoderated": "false",
      "lastModified": "2017-11-26T20:42:18Z",
      "newspaperEditionDate": "2008-08-25T00:00:00Z",
      "productionOffice": "UK",
      "publication": "The Guardian",
      "shortUrl": "https://gu.com/p/xptpn",
      "shouldHideAdverts": "false",
      "showInRelatedContent": "true",
      "legallySensitive": "false",
      "lang": "en",
      "bodyText": "The Australian government has approved the Chinese acquisition of a stake in the mining group Rio Tinto, potentially throwing an obstacle in the path of BHP Billiton's \u00a370bn bid for the company. Chinalco, in partnership with the American mining group Alcoa, spent \u00a37bn to become Rio Tinto's largest shareholder in February. The acquisition of 12% of Rio Tinto's London shares was the biggest single foreign investment made by a Chinese company to date and had to overcome serious political concerns in Canberra. In a statement released yesterday the Australian treasurer, Wayne Swan, said he would allow the Chinese company to buy as much as 14.99% of Rio Tinto's London shares. Rio Tinto has a dual listing in Sydney and a 14.99% stake in London would equate to around 11% in the entire group. But he set two conditions; that Chinalco does not raise its stake above that level without fresh approval from the Australian government and that it will not seek to appoint a director to the Rio Tinto board as long as its stake remains below 15%. It is debatable whether Chinalco will feel bound by the conditions. In an interview in June, Chinalco president Xiao Yaqing suggested that the company did not need Canberra's approval because it had bought the shares in London. Chinalco's swoop on Rio Tinto was widely regarded as an attempt to block the BHP bid rather than a precursor to its own takeover attempt. Beijing is said to fear that a merger of BHP and Rio Tinto would spark an increase in the price of raw materials. A combined BHP and Rio Tinto would be worth \u00a3170bn and control about 35% of the world's traded iron ore. BHP Billiton chief executive Marius Kloppers has played down the significance of the Chinese stake in Rio Tinto. BHP made its hostile all-share offer conditional on only 50% acceptances, which means it is not necessarily reliant on the support of Chinalco. But Stephen Bartrop, a resources analyst at Stock Resource in Sydney, told Bloomberg that the Chinese stake in Rio Tinto \"creates uncertainty about whether or not BHP will get its deal over the line\". The west has been wary about the growing financial clout of China, with governments scrutinising deals for political intent. In the United States, a Chinese company was allowed to take over the personal computer business of IBM, but another, CNOOC, was blocked from buying oil company Unocal. The Australian government recently blocked the Chinese steelmaker Shougang from buying a 20% stake in Perth-based iron ore producer Mount Gibson. A Chinese bid for the Canadian aluminium group Noranda was also scuppered by political objections. Swan said the conditions imposed upon Chinalco would be sufficient to protect Australia's national interests. BHP is awaiting regulatory approval before sending out its offer document. Washington has already given its approval while Europe is expected to rule by December 9. Australian regulators will give their final verdict in October.",
      "charCount": "2962"
    },
    "isHosted": false,
    "pillarId": "pillar/news",
    "pillarName": "News"
  },
  {
    "id": "business/2008/aug/25/economicgrowth.globalrecession",
    "type": "article",
    "sectionId": "business",
    "sectionName": "Business",
    "webPublicationDate": "2008-08-24T23:01:00Z",
    "webTitle": "Larry Elliott: Can a dose of recession solve climate change?",
    "webUrl": "https://www.theguardian.com/business/2008/aug/25/economicgrowth.globalrecession",
    "apiUrl": "https://content.guardianapis.com/business/2008/aug/25/economicgrowth.globalrecession",
    "fields": {
      "headline": "Can a dose of recession solve climate change?",
      "standfirst": "Subverting the growth-at-all-costs model is appealing but not politically feasible",
      "trailText": "<p>Subverting the growth-at-all-costs model is appealing but not politically feasible</p>",
      "byline": "Larry Elliott, economics editor",
      "main": "",
      "body": "<p>Britain has just suffered its weakest period of growth since the recession of the early 1990s. The economy \"ground to a halt\" in the second quarter of the year - the worst performance since the first quarter of 1992. The signs are that the news will get even more grim in the second half of this year.</p> <p>Note the deliberate use of language. In the world of conventional economics, countries suffer periods of weak expansion but enjoy spells of strong growth. When the economy fails to grow that is axiomatically a worse performance than when it does. It is \"grim\" news that Britain may fulfil the technical definition of recession - two consecutive quarters of negative growth - in the second half of 2008.</p> <p>This may strike some as a strange way of looking at things. Sure, the global economy is slowing. But what's so bad about that? Is it, in fact, bad news that the world economy will no longer grow at its recent rate of 5% a year? And if the answer to that question is \"no\", wouldn't it be good news if this modest retrenchment was turned into a full-blown slump? Indeed, why stop there? Shouldn't those who fear for the future of the planet pursue something akin to the Great Depression of the 1930s? </p> <p>It's an interesting thought. Logically, if the obsession with growth at all costs has increased emissions to the point where rising temperatures pose a threat to mankind's existence (as many experts believe) then a prolonged period of slow or negative growth will limit the damage to the environment. At the very least, it would provide a breathing space to come up with an international agreement on how to tackle the problem.</p> <p>There are many reasons why it is not quite as simple as that. My rudimentary understanding of the science of climate change is that concentrations of greenhouse gases have been building up over many decades, and you can't simply turn them off like a tap. Even a three- or four-year 1930s-style global slump would have little or no impact, particularly if it was followed by a period of vigorous catch-up growth. On a chart showing growth since the dawn of the industrial age 250 years ago, the Great Depression is a blip. Similarly, Britain's trade deficit always comes down in recessions because imports go down, but then widens again once the economy returns to its trend rate of growth.</p> <p>Politically, recessions are not helpful to the cause of environmentalism. Climate change is replaced by concerns about unemployment and stimulating growth. To be fair, politicians respond to what they hear from voters: Gordon Brown's survival as prime minister depends on how well his package of economic measures is received, not on what he does or doesn't do to limit greenhouse gases.</p> <p>Looking back, it is clear that every advance in the green movement has coincided with period of strong growth - the early 1970s, the late 1980s and the first half of the current decade. It was tough enough to get world leaders to make tackling climate change a priority when the world economy was experiencing its longest period of sustained growth: it will be mightily difficult to persuade them to take measures that might have a dampen growth while the dole queues are lengthening. </p> <p>Those most likely to suffer are workers in the most marginal jobs and pensioners who will have to pay perhaps 20% of their income on energy bills.</p> <p>Hence, recession does not offer even a temporary solution to the problem of climate change and it is a fantasy to imagine that it does. The real issue is whether it is possible to challenge the \"growth-at-any-cost model\" and come up with an alternative that is environmentally benign, economically robust and politically feasible. Hitting all three buttons is mightily difficult but attempting to do so is a heck of a lot more constructive than waiting for industrial capitalism to collapse under the weight of its own contradictions.</p> <p>Richard Douthwaite, author of the Growth Illusion in the 1990s, has come up with one possible way forward, which he calls Cap and Share. His analysis begins with three propositions - firstly that there needs to be a ceiling on carbon emissions at their current level; secondly, that rising oil and gas prices are leading to windfall gains - so-called economic rents - for oil producing countries and energy companies; and thirdly, that this redistribution of wealth will have the same sort of detrimental impact on the global economy and its tottering financial system as the first wave of petro-dollars from the Opec countries in the 1970s and early 1980s.</p> <p>According to Douthwaite, most oil fields were developed on the assumption of oil prices at $20 (\u00a310) a barrel. Last year, the cost of crude averaged $64 a barrel, and Douthwaite estimates that half of the $1,975bn paid for oil last year was a \"scarcity\" rent to fossil fuel producers. That represented a loss of income of $150 to each person on the planet. Oil prices look certain to average well over $70 a barrel in 2008, and at $120 a barrel, Douthwaite says oil producers would be making excess profits worth around 6% of global output.</p> <p>\"The problem with that is that the producers are not buying and consuming anything like that part of the world's production,\" he added. \"Instead, they are either lending the rent out through the wholesale money markets or using it to buy stakes in banks or property in heavily oil dependent countries.\"</p> <p>Douthwaite's idea is that everybody should get their fair share of the rent that derives from the scarcity of fossil fuels. There would be a new world energy agency with the task of cutting carbon emissions and it would do so by issuing permits for the amount of CO2 it believed consistent with this objective. These permits would be scarcer than the supplies of fossil fuels, which would raise their price. Consumers would realise their share of the economic rent from the sale of such permits to the oil producers. People in the poorest parts of the world, with low energy consumption, would gain most.</p> <p>The proposal is certainly an alternative to the \"growth-at-all-costs model\" and has definite economic attractions - the avoidance of a slump caused by the ferocious squeeze on energy consumers. Whether it is politically feasible is another matter. Douthwaite believes his scheme may be considered hopelessly utopian. Sadly, he may be right.</p> <p><strong>\u00b7</strong> Cap &amp; Share: Richard Douthwaite <a href=\"http://www.feasta.org\">feasta.org</a></p> <p><a href=\"mailto:larry.elliott@theguardian.com\">larry.elliott@theguardian.com</a></p>",
      "newspaperPageNumber": "24",
      "wordcount": "1093",
      "commentable": "false",
      "isPremoderated": "false",
      "lastModified": "2018-02-14T20:10:01Z",
      "newspaperEditionDate": "2008-08-25T00:00:00Z",
      "productionOffice": "UK",
      "publication": "The Guardian",
      "shortUrl": "https://gu.com/p/xpj2j",
      "shouldHideAdverts": "false",
      "showInRelatedContent": "true",
      "legallySensitive": "false",
      "lang": "en",
      "bodyText": "Britain has just suffered its weakest period of growth since the recession of the early 1990s. The economy \"ground to a halt\" in the second quarter of the year - the worst performance since the first quarter of 1992. The signs are that the news will get even more grim in the second half of this year. Note the deliberate use of language. In the world of conventional economics, countries suffer periods of weak expansion but enjoy spells of strong growth. When the economy fails to grow that is axiomatically a worse performance than when it does. It is \"grim\" news that Britain may fulfil the technical definition of recession - two consecutive quarters of negative growth - in the second half of 2008. This may strike some as a strange way of looking at things. Sure, the global economy is slowing. But what's so bad about that? Is it, in fact, bad news that the world economy will no longer grow at its recent rate of 5% a year? And if the answer to that question is \"no\", wouldn't it be good news if this modest retrenchment was turned into a full-blown slump? Indeed, why stop there? Shouldn't those who fear for the future of the planet pursue something akin to the Great Depression of the 1930s? It's an interesting thought. Logically, if the obsession with growth at all costs has increased emissions to the point where rising temperatures pose a threat to mankind's existence (as many experts believe) then a prolonged period of slow or negative growth will limit the damage to the environment. At the very least, it would provide a breathing space to come up with an international agreement on how to tackle the problem. There are many reasons why it is not quite as simple as that. My rudimentary understanding of the science of climate change is that concentrations of greenhouse gases have been building up over many decades, and you can't simply turn them off like a tap. Even a three- or four-year 1930s-style global slump would have little or no impact, particularly if it was followed by a period of vigorous catch-up growth. On a chart showing growth since the dawn of the industrial age 250 years ago, the Great Depression is a blip. Similarly, Britain's trade deficit always comes down in recessions because imports go down, but then widens again once the economy returns to its trend rate of growth. Politically, recessions are not helpful to the cause of environmentalism. Climate change is replaced by concerns about unemployment and stimulating growth. To be fair, politicians respond to what they hear from voters: Gordon Brown's survival as prime minister depends on how well his package of economic measures is received, not on what he does or doesn't do to limit greenhouse gases. Looking back, it is clear that every advance in the green movement has coincided with period of strong growth - the early 1970s, the late 1980s and the first half of the current decade. It was tough enough to get world leaders to make tackling climate change a priority when the world economy was experiencing its longest period of sustained growth: it will be mightily difficult to persuade them to take measures that might have a dampen growth while the dole queues are lengthening. Those most likely to suffer are workers in the most marginal jobs and pensioners who will have to pay perhaps 20% of their income on energy bills. Hence, recession does not offer even a temporary solution to the problem of climate change and it is a fantasy to imagine that it does. The real issue is whether it is possible to challenge the \"growth-at-any-cost model\" and come up with an alternative that is environmentally benign, economically robust and politically feasible. Hitting all three buttons is mightily difficult but attempting to do so is a heck of a lot more constructive than waiting for industrial capitalism to collapse under the weight of its own contradictions. Richard Douthwaite, author of the Growth Illusion in the 1990s, has come up with one possible way forward, which he calls Cap and Share. His analysis begins with three propositions - firstly that there needs to be a ceiling on carbon emissions at their current level; secondly, that rising oil and gas prices are leading to windfall gains - so-called economic rents - for oil producing countries and energy companies; and thirdly, that this redistribution of wealth will have the same sort of detrimental impact on the global economy and its tottering financial system as the first wave of petro-dollars from the Opec countries in the 1970s and early 1980s. According to Douthwaite, most oil fields were developed on the assumption of oil prices at $20 (\u00a310) a barrel. Last year, the cost of crude averaged $64 a barrel, and Douthwaite estimates that half of the $1,975bn paid for oil last year was a \"scarcity\" rent to fossil fuel producers. That represented a loss of income of $150 to each person on the planet. Oil prices look certain to average well over $70 a barrel in 2008, and at $120 a barrel, Douthwaite says oil producers would be making excess profits worth around 6% of global output. \"The problem with that is that the producers are not buying and consuming anything like that part of the world's production,\" he added. \"Instead, they are either lending the rent out through the wholesale money markets or using it to buy stakes in banks or property in heavily oil dependent countries.\" Douthwaite's idea is that everybody should get their fair share of the rent that derives from the scarcity of fossil fuels. There would be a new world energy agency with the task of cutting carbon emissions and it would do so by issuing permits for the amount of CO2 it believed consistent with this objective. These permits would be scarcer than the supplies of fossil fuels, which would raise their price. Consumers would realise their share of the economic rent from the sale of such permits to the oil producers. People in the poorest parts of the world, with low energy consumption, would gain most. The proposal is certainly an alternative to the \"growth-at-all-costs model\" and has definite economic attractions - the avoidance of a slump caused by the ferocious squeeze on energy consumers. Whether it is politically feasible is another matter. Douthwaite believes his scheme may be considered hopelessly utopian. Sadly, he may be right. \u00b7 Cap &amp; Share: Richard Douthwaite feasta.org larry.elliott@theguardian.com",
      "charCount": "6403"
    },
    "isHosted": false,
    "pillarId": "pillar/news",
    "pillarName": "News"
  },
  {
    "id": "world/2008/aug/25/russia.georgia",
    "type": "article",
    "sectionId": "world",
    "sectionName": "World news",
    "webPublicationDate": "2008-08-24T23:01:00Z",
    "webTitle": "Russia accused of violating ceasefire deal",
    "webUrl": "https://www.theguardian.com/world/2008/aug/25/russia.georgia",
    "apiUrl": "https://content.guardianapis.com/world/2008/aug/25/russia.georgia",
    "fields": {
      "headline": "Russia accused of violating ceasefire deal",
      "trailText": "<p>Georgia to appeal to international community to pressure Russia to end its 'occupation' as troops continue to dig in</p>",
      "byline": "Luke Harding in Tbilisi",
      "main": "<figure class=\"element element-image\" data-media-id=\"gu-image-336932008\"> <img src=\"http://static.guim.co.uk/sys-images/Guardian/Pix/pictures/2008/08/24/Train-460x276.jpg\" alt=\"Burning fuel train in Gori\" width=\"460\" height=\"276\" class=\"gu-image\" /> <figcaption> <span class=\"element-image__caption\">A firefighter walks in front of a burning fuel train with oil from Azerbaijan in Gori. Photograph: David Mdzinarishvili/Reuters</span> </figcaption> </figure>",
      "body": "<p>Georgia said yesterday that it would appeal to the international community this week to pressure Russia to end its \"occupation\", adding that Russian troops were now digging in across the country in violation of the ceasefire deal.</p> <p>Russian soldiers established about 25 checkpoints over the weekend, including some outside the original conflict zone and in areas adjacent to the borders of South Ossetia and Abkhazia, Georgian officials said. Russia said its troops were no longer an occupying force but merely performing peacekeeping operations. It added that it could keep soldiers on Georgian territory under an agreement following civil wars in both breakaway republics in the early 90s.</p> <p>Georgia said the troops' presence on its territory was illegal. \"Russia has no right to establish checkpoints in Georgia. The ceasefire agreement is the only agreement that is still alive. All others are broken,\" interior ministry spokesman Shota Utiashviavi told the Guardian.</p> <p>He added: \"Georgia considers this as a continuation of occupation. They have just changed their helmets. Georgia will continue to observe the ceasefire and launch international diplomatic initiatives to force Russia to keep its word.\"</p> <p>French president Nicolas Sarkozy signalled continuing European dismay at the situation by announcing a special meeting devoted to Georgia for next Monday at which the EU will consider future relations with Moscow.</p> <p>Also yesterday, firefighters tried to extinguish a blaze on a railway line near Gori - caused when a train carrying crude oil from Kazakhstan rolled over a mine. Twelve tanker cars slithered off the line. </p> <p>Georgian officials said the attack was the latest attempt by Russia to destroy its infrastructure and to stop the transit through Georgia of oil from Azerbaijan and other Caspian Sea nations. A large artillery shell had been wedged under the tracks and hidden by stones, Georgian investigators said.</p> <p>Under the ceasefire deal brokered by Sarkozy, Russia is obliged to withdraw its forces to their pre-August 7 positions - before Georgia launched its brief, disastrous incursion into rebel-held South Ossetia. On Saturday, however, the deputy chief of Russia's army, Colonel General Anatoly Nogovitsyn, said this wouldn't happen. Instead, he unveiled a comprehensive network of new checkpoints leaving Russia in control of Georgia's strategic road links and the Black Sea port of Poti.</p> <p>Under Russia's \"peacekeeping plan\", soldiers would establish checkpoints outside the conflict zone, he admitted. These included two outside Poti, several others next to the main east-west highway linking Tbilisi to the Black Sea, and one at Shavshebi, 25 miles west of the capital.</p> <p>On Saturday, about 1,000 Georgians marched on the checkpoint four miles from Poti. They waved Georgian flags and threw leaflets at the Russian soldiers with the slogan \"No to Russian chauvinism and Russian fascism\". </p> <p>In neighbouring Batumi, the US naval warship McFaul delivered humanitarian aid supplies yesterday in the latest sign of Washington's support for its beleaguered ally. Moscow has criticised the growing number of US and other Nato ships in the Black Sea, saying they do not \"contribute\" to solving the conflict.</p>",
      "newspaperPageNumber": "16",
      "wordcount": "499",
      "commentable": "false",
      "isPremoderated": "false",
      "lastModified": "2017-11-27T00:00:48Z",
      "newspaperEditionDate": "2008-08-25T00:00:00Z",
      "productionOffice": "UK",
      "publication": "The Guardian",
      "shortUrl": "https://gu.com/p/xptzf",
      "shouldHideAdverts": "false",
      "showInRelatedContent": "true",
      "legallySensitive": "false",
      "lang": "en",
      "bodyText": "Georgia said yesterday that it would appeal to the international community this week to pressure Russia to end its \"occupation\", adding that Russian troops were now digging in across the country in violation of the ceasefire deal. Russian soldiers established about 25 checkpoints over the weekend, including some outside the original conflict zone and in areas adjacent to the borders of South Ossetia and Abkhazia, Georgian officials said. Russia said its troops were no longer an occupying force but merely performing peacekeeping operations. It added that it could keep soldiers on Georgian territory under an agreement following civil wars in both breakaway republics in the early 90s. Georgia said the troops' presence on its territory was illegal. \"Russia has no right to establish checkpoints in Georgia. The ceasefire agreement is the only agreement that is still alive. All others are broken,\" interior ministry spokesman Shota Utiashviavi told the Guardian. He added: \"Georgia considers this as a continuation of occupation. They have just changed their helmets. Georgia will continue to observe the ceasefire and launch international diplomatic initiatives to force Russia to keep its word.\" French president Nicolas Sarkozy signalled continuing European dismay at the situation by announcing a special meeting devoted to Georgia for next Monday at which the EU will consider future relations with Moscow. Also yesterday, firefighters tried to extinguish a blaze on a railway line near Gori - caused when a train carrying crude oil from Kazakhstan rolled over a mine. Twelve tanker cars slithered off the line. Georgian officials said the attack was the latest attempt by Russia to destroy its infrastructure and to stop the transit through Georgia of oil from Azerbaijan and other Caspian Sea nations. A large artillery shell had been wedged under the tracks and hidden by stones, Georgian investigators said. Under the ceasefire deal brokered by Sarkozy, Russia is obliged to withdraw its forces to their pre-August 7 positions - before Georgia launched its brief, disastrous incursion into rebel-held South Ossetia. On Saturday, however, the deputy chief of Russia's army, Colonel General Anatoly Nogovitsyn, said this wouldn't happen. Instead, he unveiled a comprehensive network of new checkpoints leaving Russia in control of Georgia's strategic road links and the Black Sea port of Poti. Under Russia's \"peacekeeping plan\", soldiers would establish checkpoints outside the conflict zone, he admitted. These included two outside Poti, several others next to the main east-west highway linking Tbilisi to the Black Sea, and one at Shavshebi, 25 miles west of the capital. On Saturday, about 1,000 Georgians marched on the checkpoint four miles from Poti. They waved Georgian flags and threw leaflets at the Russian soldiers with the slogan \"No to Russian chauvinism and Russian fascism\". In neighbouring Batumi, the US naval warship McFaul delivered humanitarian aid supplies yesterday in the latest sign of Washington's support for its beleaguered ally. Moscow has criticised the growing number of US and other Nato ships in the Black Sea, saying they do not \"contribute\" to solving the conflict.",
      "charCount": "3214"
    },
    "isHosted": false,
    "pillarId": "pillar/news",
    "pillarName": "News"
  },
  {
    "id": "business/2008/aug/25/interestrates.bankofenglandgovernor",
    "type": "article",
    "sectionId": "business",
    "sectionName": "Business",
    "webPublicationDate": "2008-08-24T23:01:00Z",
    "webTitle": "Bank of England: Analysts say sterling slide is no bar to rate cut",
    "webUrl": "https://www.theguardian.com/business/2008/aug/25/interestrates.bankofenglandgovernor",
    "apiUrl": "https://content.guardianapis.com/business/2008/aug/25/interestrates.bankofenglandgovernor",
    "fields": {
      "headline": "Bank of England: Analysts say sterling slide is no bar to rate cut",
      "trailText": "<p>Pound slumps to a two-year low against the dollar after UK economic growth comes to a standstill</p>",
      "byline": "Chris Tryhorn",
      "main": "",
      "body": "<p>The Bank of England should not hold back from a potential cut in interest rates despite sterling's fall against the dollar, according to analysts at the Ernst &amp; Young Item Club.</p> <p>The pound has slumped to a two-year low against the US currency, a slide that gathered momentum last week after it emerged that economic growth in the UK had come to a standstill in the three months to the end of June.</p> <p>But this should not stop the Bank's monetary policy committee cutting rates in an effort to kick-start the economy this autumn, the economic forecasters said in a research note published today.</p> <p>\"The main worry the MPC should have about the fall in sterling is whether it will have a significant positive impact on growth,\" said Hetal Mehta, senior economic adviser to the Item Club. </p> <p>\"There is worrying evidence that UK manufacturers are preferring to use the lower pound as cover to raise their prices and profit margins, rather than to expand market share and production volumes.\"</p> <p>This was dampening hopes that the lower pound would see a rise in exports to make up for weakening domestic demand, Mehta said.</p> <p>The MPC has kept rates at 5% since April, torn between the need to tame inflation, which has risen to more than double the targeted level of 2%, and its desire to revive the flagging housing market and wider economy by easing the cost of borrowing.</p> <p>One potential consequence of cutting rates would be to weaken further the value of the pound, which has fallen more than 7% against the dollar since mid-July to hit its lowest point for two years.</p> <p>But the Item Club said sterling's fall against the dollar should be judged alongside the fact that it had steadied against the euro, and against a recent fall in the price of oil and other commodities. The deteriorating outlook for the economies of east Asia would reduce the demand for UK exports, it added.</p> <p>It said the key factor in assessing what would happen to inflation - which some analysts fear could be driven even higher by a cut in rates - was in fact the cost of labour. \"One of the most striking features of the last year is the way in which wage inflation has remained subdued despite the rise in headline inflation and despite the fall in the exchange rate,\" the report said. \"And with the labour market outlook worsening markedly, there is no reason to expect the latest fall in sterling to generate any second-round inflationary consequences that would concern the MPC.\"</p> <p>This month, only one member of the nine-strong MPC voted for a cut in interest rates, by a quarter-point, with another proposing an increase by the same margin and seven for retaining the status quo.</p>",
      "newspaperPageNumber": "21",
      "wordcount": "464",
      "commentable": "false",
      "isPremoderated": "false",
      "lastModified": "2017-11-26T20:42:23Z",
      "newspaperEditionDate": "2008-08-25T00:00:00Z",
      "productionOffice": "UK",
      "publication": "The Guardian",
      "shortUrl": "https://gu.com/p/xptpy",
      "shouldHideAdverts": "false",
      "showInRelatedContent": "true",
      "legallySensitive": "false",
      "lang": "en",
      "bodyText": "The Bank of England should not hold back from a potential cut in interest rates despite sterling's fall against the dollar, according to analysts at the Ernst &amp; Young Item Club. The pound has slumped to a two-year low against the US currency, a slide that gathered momentum last week after it emerged that economic growth in the UK had come to a standstill in the three months to the end of June. But this should not stop the Bank's monetary policy committee cutting rates in an effort to kick-start the economy this autumn, the economic forecasters said in a research note published today. \"The main worry the MPC should have about the fall in sterling is whether it will have a significant positive impact on growth,\" said Hetal Mehta, senior economic adviser to the Item Club. \"There is worrying evidence that UK manufacturers are preferring to use the lower pound as cover to raise their prices and profit margins, rather than to expand market share and production volumes.\" This was dampening hopes that the lower pound would see a rise in exports to make up for weakening domestic demand, Mehta said. The MPC has kept rates at 5% since April, torn between the need to tame inflation, which has risen to more than double the targeted level of 2%, and its desire to revive the flagging housing market and wider economy by easing the cost of borrowing. One potential consequence of cutting rates would be to weaken further the value of the pound, which has fallen more than 7% against the dollar since mid-July to hit its lowest point for two years. But the Item Club said sterling's fall against the dollar should be judged alongside the fact that it had steadied against the euro, and against a recent fall in the price of oil and other commodities. The deteriorating outlook for the economies of east Asia would reduce the demand for UK exports, it added. It said the key factor in assessing what would happen to inflation - which some analysts fear could be driven even higher by a cut in rates - was in fact the cost of labour. \"One of the most striking features of the last year is the way in which wage inflation has remained subdued despite the rise in headline inflation and despite the fall in the exchange rate,\" the report said. \"And with the labour market outlook worsening markedly, there is no reason to expect the latest fall in sterling to generate any second-round inflationary consequences that would concern the MPC.\" This month, only one member of the nine-strong MPC voted for a cut in interest rates, by a quarter-point, with another proposing an increase by the same margin and seven for retaining the status quo.",
      "charCount": "2644"
    },
    "isHosted": false,
    "pillarId": "pillar/news",
    "pillarName": "News"
  }
]