[
  {
    "id": "environment/2008/feb/06/travelandtransport.carbonemissions",
    "type": "article",
    "sectionId": "environment",
    "sectionName": "Environment",
    "webPublicationDate": "2008-02-06T23:45:57Z",
    "webTitle": "The state holds the key to driving up electric car use",
    "webUrl": "https://www.theguardian.com/environment/2008/feb/06/travelandtransport.carbonemissions",
    "apiUrl": "https://content.guardianapis.com/environment/2008/feb/06/travelandtransport.carbonemissions",
    "fields": {
      "headline": "The state holds the key to driving up electric car use",
      "trailText": "<p><strong> Michael Meacher:</strong> Cars are still the fastest rising cause of UK greenhouse gas emissions - producing 38m tonnes a year ... Yet there is no policy in place to get cars off the road to contain or reverse the trend</p>",
      "byline": "Michael Meacher",
      "main": "",
      "body": "<p>Cars are still the fastest rising cause of UK greenhouse gas emissions - producing 38m tonnes a year - and look set to increase their lead as road traffic continues to grow by 2% a year. Yet there is no policy in place to get cars off the road to contain or reverse the trend. But this does not mean that the government's goal to cut emissions by 60% by 2050 is doomed. An obvious way out of the car impasse is to encourage a switch away from petrol-driven internal combustion engines to electric cars. </p> <p>It has been well understood since the early 1990s that widespread adoption of plug-in electric drive technology could be practical. The only barrier to implementation was the lack of safe and affordable high-power batteries with a vehicle lifetime service rating. But now, as a result of materials innovations, high-power, long-life batteries that recharge in 10 minutes and can power electric plug-in vehicles and hybrids are being manufactured in the US. </p> <p>Several electric cars are now coming off the production line. A Canadian company has produced an all-electric, five-passenger sports utility truck that has a 130-mile range and can cruise at motorway speeds with the air conditioner running. In the US, Phoenix Motorcars has announced it is to introduce a family version SUV that can reach 0-60mph in less than 10 seconds. Moreover, mile for mile, it could be far cheaper to drive electric cars than petrol. More striking still, the maintenance costs of battery electric vehicles are only a quarter of even the most durable regular engines.</p> <p>So why are electric cars not taking the market by storm? Two obvious reasons are cost and a lack of government support, and - more insidiously - there has been resistance by the oil industry. In 1996, the California Air Resources Board required carmakers to offer electric cars for sale as part of an effort to reduce air pollution. The big companies, at great cost, began to produce electric cars in very small numbers. Some then sued the state of California to have this requirement repealed, and the federal government joined the lawsuit on their side - inexplicable until one recalls the close ties between George Bush and the oil industry. The US government won, and all production of electric cars stopped. Some carmakers even demanded that electric cars bought under lease should be returned. They then scrapped them.</p> <p>Electric car production now has new momentum, and new money, but is still stalling. This will continue until carmakers are made to produce them. The UK government should start by requiring that, say, half the cars and light trucks bought by national and local government and state agencies are electric powered. It could also require an equal number to be produced for sale to the public at the same price. Once this production line begins, it should unleash a huge demand for electric cars and bring down prices. </p> <p>Such moves could offer a breathtaking advance not only in tackling climate change but also in creating more efficient and safer consumer transport.</p> <p><strong>\u00b7</strong> Michael Meacher was environment minister from 1997-2003, <a href=\"http://www.michaelmeacher.info\">michaelmeacher.info</a></p>",
      "newspaperPageNumber": "8",
      "wordcount": "521",
      "commentable": "false",
      "isPremoderated": "false",
      "lastModified": "2008-02-05T12:55:33Z",
      "newspaperEditionDate": "2008-02-06T00:00:00Z",
      "productionOffice": "UK",
      "publication": "The Guardian",
      "shortUrl": "https://gu.com/p/x2qvg",
      "shouldHideAdverts": "false",
      "showInRelatedContent": "true",
      "legallySensitive": "false",
      "lang": "en",
      "bodyText": "Cars are still the fastest rising cause of UK greenhouse gas emissions - producing 38m tonnes a year - and look set to increase their lead as road traffic continues to grow by 2% a year. Yet there is no policy in place to get cars off the road to contain or reverse the trend. But this does not mean that the government's goal to cut emissions by 60% by 2050 is doomed. An obvious way out of the car impasse is to encourage a switch away from petrol-driven internal combustion engines to electric cars. It has been well understood since the early 1990s that widespread adoption of plug-in electric drive technology could be practical. The only barrier to implementation was the lack of safe and affordable high-power batteries with a vehicle lifetime service rating. But now, as a result of materials innovations, high-power, long-life batteries that recharge in 10 minutes and can power electric plug-in vehicles and hybrids are being manufactured in the US. Several electric cars are now coming off the production line. A Canadian company has produced an all-electric, five-passenger sports utility truck that has a 130-mile range and can cruise at motorway speeds with the air conditioner running. In the US, Phoenix Motorcars has announced it is to introduce a family version SUV that can reach 0-60mph in less than 10 seconds. Moreover, mile for mile, it could be far cheaper to drive electric cars than petrol. More striking still, the maintenance costs of battery electric vehicles are only a quarter of even the most durable regular engines. So why are electric cars not taking the market by storm? Two obvious reasons are cost and a lack of government support, and - more insidiously - there has been resistance by the oil industry. In 1996, the California Air Resources Board required carmakers to offer electric cars for sale as part of an effort to reduce air pollution. The big companies, at great cost, began to produce electric cars in very small numbers. Some then sued the state of California to have this requirement repealed, and the federal government joined the lawsuit on their side - inexplicable until one recalls the close ties between George Bush and the oil industry. The US government won, and all production of electric cars stopped. Some carmakers even demanded that electric cars bought under lease should be returned. They then scrapped them. Electric car production now has new momentum, and new money, but is still stalling. This will continue until carmakers are made to produce them. The UK government should start by requiring that, say, half the cars and light trucks bought by national and local government and state agencies are electric powered. It could also require an equal number to be produced for sale to the public at the same price. Once this production line begins, it should unleash a huge demand for electric cars and bring down prices. Such moves could offer a breathtaking advance not only in tackling climate change but also in creating more efficient and safer consumer transport. \u00b7 Michael Meacher was environment minister from 1997-2003, michaelmeacher.info",
      "charCount": "3115"
    },
    "isHosted": false,
    "pillarId": "pillar/news",
    "pillarName": "News"
  },
  {
    "id": "commentisfree/2008/feb/06/cheapcheap",
    "type": "article",
    "sectionId": "commentisfree",
    "sectionName": "Opinion",
    "webPublicationDate": "2008-02-06T19:00:00Z",
    "webTitle": "Cheap, cheap",
    "webUrl": "https://www.theguardian.com/commentisfree/2008/feb/06/cheapcheap",
    "apiUrl": "https://content.guardianapis.com/commentisfree/2008/feb/06/cheapcheap",
    "fields": {
      "headline": "Cheap, cheap",
      "standfirst": "Despite the exhortations to eat quality food, it seems we just don't care where our chicken comes from, as long as the price is right",
      "trailText": "<p><strong>Matthew Fort:</strong> Despite the exhortations to eat quality food, it seems we just don't care where our chicken comes from, as long as the price is right</p>",
      "byline": "Matthew Fort",
      "main": "",
      "body": "<p>A chicken for \u00a31.99. It makes you think. What else can you get for \u00a31.99? Six large, organic free-range eggs. A lemon drizzle cake. Two (and a bit) copies of the Guardian (infinitely more nourishing). You couldn't get pint, a 750g packet of Fruit'n Fibre cereal or a copy of GQ. Well, there's a thought.</p> <p>Of course, Tesco's <a href=\"http://www.theguardian.com/animalrights/story/0,,2253063,00.html\">announcement</a> brought out the usual chorus of humbug and bluster on all sides. There's righteous indignation of the animal welfare lobby, the sanctimony of the right-to-eat-chicken brigade, shouting and shoving, hand-wringing and tongue poking-out all round. The chicken has become as socially divisive as our education system or the royal family.</p> <p>Implicit in the Tesco marketing wheeze announcement is a resounding \"sod off\" to those cockscombed crusaders, <a href=\"http://www.theguardian.com/commentisfree/story/0,,2241277,00.html\">Jamie</a> Oliver and Hugh Fearnley-Whittingstall. Oh, and a mountain of free publicity. Incidentally, I believe sales of chickens went up by 10% after the <a href=\"http://www.channel4.com/food/on-tv/the-big-food-fight/the-big-food-fight.html\">TV fowlathon</a> - the more expensive free-range chickens accounting for 3% and the cheap broiler versions for 7%, rather undermining the view that we British really care for animals. Or perhaps we just don't care for chickens. Or perhaps, we care just so long as it doesn't cost us anything.</p> <p>Let's muddy the waters with a few facts. The system for <a href=\"http://lifeandhealth.theguardian.com/food/story/0,,1877003,00.html\">intensively reared</a> broiler chickens was developed by the US department of agriculture at Beltsville, Maryland in 1930, as a response to the deprivation resulting from the Wall Street crash and the resulting Depression. Broiler chickens were a good thing then. They helped feed America at a time when impoverished Americans needed all the help they could get. The broiler chicken didn't get to Britain until after the second world war. Until then, chicken was an aspirational food, something that was eaten perhaps once a week on a Sunday as a treat.</p> <p>Now, I know the economic outlook isn't quite as rosy as it once was. However, it's difficult to believe we are in quite the same pickle as we were in the 1930s, particularly as most of the country is eating itself into an early grave (on cheap chicken, among other things), if government statistics are to be believed. (Incidentally, it's worth remembering as the world trembles on the brink of recession, that the last time the economy took a serious nosedive at the end of the 1980s and the beginning of the 90s, the proportion of income that people spent on food for their families declined. And the proportion they spent on food for their pets stayed the same.)</p> <p>It's still the sad case that price (and so quantity), and not flavour (and so quality), still dictates what most of us put into our shopping trolleys. The vast majority of Britons don't really care about animal welfare because they hardly ever see an animal at all. And they don't care about quality or flavour at all. What they - we - want to do is going on stuffing our faces until we explode. And with Tesco lending a hand, we will. As their advertising says \"Every little helps\".</p>",
      "wordcount": "511",
      "commentCloseDate": "2008-02-08T19:00:00Z",
      "commentable": "true",
      "isPremoderated": "false",
      "lastModified": "2008-02-06T19:00:00Z",
      "newspaperEditionDate": "2008-02-06T00:00:00Z",
      "productionOffice": "UK",
      "publication": "theguardian.com",
      "shortUrl": "https://gu.com/p/xcxj2",
      "shouldHideAdverts": "false",
      "showInRelatedContent": "true",
      "legallySensitive": "false",
      "lang": "en",
      "bodyText": "A chicken for \u00a31.99. It makes you think. What else can you get for \u00a31.99? Six large, organic free-range eggs. A lemon drizzle cake. Two (and a bit) copies of the Guardian (infinitely more nourishing). You couldn't get pint, a 750g packet of Fruit'n Fibre cereal or a copy of GQ. Well, there's a thought. Of course, Tesco's announcement brought out the usual chorus of humbug and bluster on all sides. There's righteous indignation of the animal welfare lobby, the sanctimony of the right-to-eat-chicken brigade, shouting and shoving, hand-wringing and tongue poking-out all round. The chicken has become as socially divisive as our education system or the royal family. Implicit in the Tesco marketing wheeze announcement is a resounding \"sod off\" to those cockscombed crusaders, Jamie Oliver and Hugh Fearnley-Whittingstall. Oh, and a mountain of free publicity. Incidentally, I believe sales of chickens went up by 10% after the TV fowlathon - the more expensive free-range chickens accounting for 3% and the cheap broiler versions for 7%, rather undermining the view that we British really care for animals. Or perhaps we just don't care for chickens. Or perhaps, we care just so long as it doesn't cost us anything. Let's muddy the waters with a few facts. The system for intensively reared broiler chickens was developed by the US department of agriculture at Beltsville, Maryland in 1930, as a response to the deprivation resulting from the Wall Street crash and the resulting Depression. Broiler chickens were a good thing then. They helped feed America at a time when impoverished Americans needed all the help they could get. The broiler chicken didn't get to Britain until after the second world war. Until then, chicken was an aspirational food, something that was eaten perhaps once a week on a Sunday as a treat. Now, I know the economic outlook isn't quite as rosy as it once was. However, it's difficult to believe we are in quite the same pickle as we were in the 1930s, particularly as most of the country is eating itself into an early grave (on cheap chicken, among other things), if government statistics are to be believed. (Incidentally, it's worth remembering as the world trembles on the brink of recession, that the last time the economy took a serious nosedive at the end of the 1980s and the beginning of the 90s, the proportion of income that people spent on food for their families declined. And the proportion they spent on food for their pets stayed the same.) It's still the sad case that price (and so quantity), and not flavour (and so quality), still dictates what most of us put into our shopping trolleys. The vast majority of Britons don't really care about animal welfare because they hardly ever see an animal at all. And they don't care about quality or flavour at all. What they - we - want to do is going on stuffing our faces until we explode. And with Tesco lending a hand, we will. As their advertising says \"Every little helps\".",
      "charCount": "2975"
    },
    "isHosted": false,
    "pillarId": "pillar/opinion",
    "pillarName": "Opinion"
  },
  {
    "id": "uk/2008/feb/06/lifeandhealth.animalwelfare",
    "type": "article",
    "sectionId": "uk-news",
    "sectionName": "UK news",
    "webPublicationDate": "2008-02-06T10:34:13Z",
    "webTitle": "Animal welfare groups protest as Tesco delivers riposte to celebrity chefs - the \u00a31.99 chicken",
    "webUrl": "https://www.theguardian.com/uk/2008/feb/06/lifeandhealth.animalwelfare",
    "apiUrl": "https://content.guardianapis.com/uk/2008/feb/06/lifeandhealth.animalwelfare",
    "fields": {
      "headline": "Animal welfare groups protest as Tesco delivers riposte to celebrity chefs - the \u00a31.99 chicken",
      "trailText": "Tesco was criticised last night by animal welfare groups for slashing the price of whole chickens to &#163;1.99 in a special 'bargain basement' offer which makes its birds the cheapest on the market",
      "byline": "Rebecca Smithers, consumer affairs correspondent",
      "main": "",
      "body": "Tesco was criticised last night by animal welfare groups for slashing the price of whole chickens to \u00a31.99 in a special \"bargain basement\" offer which makes its birds the cheapest on the market. <p>The week-long special offer comes less than a month after a series of television programmes sparked a national debate about the conditions of intensively reared poultry.</p> <p>The supermarket chain, the biggest in Britain, will announce today that it has doubled its orders for premium chicken, which means it will stock more free-range and organic chicken than before.</p> <p>But at the same time it is cutting the price of standard birds from \u00a33.30 to \u00a31.99 \"to ensure shoppers on a budget also benefit\".</p> <p>It claims this means that families will be able to sit down to roast chicken and all the trimmings for less than \u00a31 per person.</p> <p>The 1.4kg birds are on special offer through its stores and its home delivery service until Sunday.</p> <p>A Channel 4 series into chicken production last month, presented by celebrity chefs Jamie Oliver and Hugh Fearnley-Whittingstall, highlighted the lives led by most supermarket chickens - 95% are reared intensively - before they reach the table. Oliver said most people expected to be able to buy a chicken for just \u00a32.50 when it should be sold for at least \u00a34.</p> <p>Last night Dr Lesley Lambert, director of research at Compassion in World Farming, accused Tesco of driving down prices. She said: \"Why doesn't Tesco drop their prices on their higher welfare products and make this affordable to people on all budgets? While Sainsbury's has committed to massive improvements in animal welfare, Tesco is showing its ethical credentials with this race to the bottom.</p> <p>\"Scientific research shows that many of these birds are lame and likely to be in pain and live their lives in their own faeces ... Consumers have shown they will vote with their wallets on the basis of animal welfare.\"</p> <p>Tesco's media director, Jonathan Church, said: \"We have been working hard for a while to increase the amount of higher welfare chicken we sell and the recent debate over chickens in the media has helped raise awareness of choice to customers.\"</p> <p>Research due to be published today into the broiler industry, involving visits to five different UK producers, will highlight the poor conditions of broiler chickens.</p> <p>The huge increase in growth rates of broiler chickens means more than a quarter of these intensively reared birds have difficulty walking, according to the survey, which was funded by the Department for Environment, Food and Rural Affairs and carried out at the University of Bristol.</p>",
      "newspaperPageNumber": "4",
      "wordcount": "437",
      "commentable": "false",
      "isPremoderated": "false",
      "lastModified": "2017-07-05T12:57:40Z",
      "newspaperEditionDate": "2008-02-06T00:00:00Z",
      "productionOffice": "UK",
      "publication": "The Guardian",
      "shortUrl": "https://gu.com/p/x3bx6",
      "shouldHideAdverts": "false",
      "showInRelatedContent": "true",
      "legallySensitive": "false",
      "lang": "en",
      "bodyText": "Tesco was criticised last night by animal welfare groups for slashing the price of whole chickens to \u00a31.99 in a special \"bargain basement\" offer which makes its birds the cheapest on the market. The week-long special offer comes less than a month after a series of television programmes sparked a national debate about the conditions of intensively reared poultry. The supermarket chain, the biggest in Britain, will announce today that it has doubled its orders for premium chicken, which means it will stock more free-range and organic chicken than before. But at the same time it is cutting the price of standard birds from \u00a33.30 to \u00a31.99 \"to ensure shoppers on a budget also benefit\". It claims this means that families will be able to sit down to roast chicken and all the trimmings for less than \u00a31 per person. The 1.4kg birds are on special offer through its stores and its home delivery service until Sunday. A Channel 4 series into chicken production last month, presented by celebrity chefs Jamie Oliver and Hugh Fearnley-Whittingstall, highlighted the lives led by most supermarket chickens - 95% are reared intensively - before they reach the table. Oliver said most people expected to be able to buy a chicken for just \u00a32.50 when it should be sold for at least \u00a34. Last night Dr Lesley Lambert, director of research at Compassion in World Farming, accused Tesco of driving down prices. She said: \"Why doesn't Tesco drop their prices on their higher welfare products and make this affordable to people on all budgets? While Sainsbury's has committed to massive improvements in animal welfare, Tesco is showing its ethical credentials with this race to the bottom. \"Scientific research shows that many of these birds are lame and likely to be in pain and live their lives in their own faeces ... Consumers have shown they will vote with their wallets on the basis of animal welfare.\" Tesco's media director, Jonathan Church, said: \"We have been working hard for a while to increase the amount of higher welfare chicken we sell and the recent debate over chickens in the media has helped raise awareness of choice to customers.\" Research due to be published today into the broiler industry, involving visits to five different UK producers, will highlight the poor conditions of broiler chickens. The huge increase in growth rates of broiler chickens means more than a quarter of these intensively reared birds have difficulty walking, according to the survey, which was funded by the Department for Environment, Food and Rural Affairs and carried out at the University of Bristol.",
      "charCount": "2590"
    },
    "isHosted": false,
    "pillarId": "pillar/news",
    "pillarName": "News"
  },
  {
    "id": "business/2008/feb/06/utilities",
    "type": "article",
    "sectionId": "business",
    "sectionName": "Business",
    "webPublicationDate": "2008-02-06T09:14:45Z",
    "webTitle": "MPs open inquiry into energy suppliers",
    "webUrl": "https://www.theguardian.com/business/2008/feb/06/utilities",
    "apiUrl": "https://content.guardianapis.com/business/2008/feb/06/utilities",
    "fields": {
      "headline": "MPs open inquiry into energy suppliers",
      "standfirst": "<strong>&#183; </strong>Price rises prompt look at effectiveness of market<br /><strong>&#183; </strong>Watchdog urges referral to Competition Commission",
      "trailText": "<p><strong>&#183; </strong>Price rises prompt look at effectiveness of market<br/><strong>&#183; </strong>Watchdog urges referral to Competition Commission</p>",
      "byline": "Mark Milner and Miles Brignall",
      "main": "",
      "body": "<p>An all-party committee of MPs announced yesterday that it was launching a full-scale enquiry into the structure of the UK energy market.</p> <p>The move follows increasing concern about the way the market operates after the latest round of price rises from most of Britain's residential energy suppliers.</p> <p>Peter Luff, the chairman of the business, enterprise and regulatory reform (BERR) select committee, said: \"The continuing controversy over energy prices is an issue that demands to be addressed. It is a complex but vital question and one that affects everyone in the country - individual consumers and households, small businesses and major energy users alike.\"</p> <p>Last week ScottishPower said it was raising energy prices for residential customers by about 15%. Another three of the big six residential energy suppliers, - npower, British Gas, and EDF Energy - had previously raised prices by similar amounts, pushing average combined electricity and gas bills close to \u00a31,000 a year. </p> <p>According to ScottishPower, the difference in dual-fuel bills between the most expensive and the cheapest of the four companies to have raised prices is \u00a313 a year for customers paying by monthly direct debit. </p> <p>Of the two other big suppliers, Scottish and Southern Energy has said it will hold prices at least until the end of March. The sixth, E.ON, has yet to make an announcement.</p> <p>The energy firms blame high world prices for oil, coal and gas for the increases. However, they have led to concern about the market's competitiveness.</p> <p>Yesterday the BERR committee said it would look at a number of areas, including \"whether the current market structure encourages effective competition in the retail markets for gas and electricity\".</p> <p>Other areas to come under scrutiny are the effectiveness of competition in the wholesale market; the implications of consolidation among energy companies, and the interaction of the UK and continental European energy markets. Some in Britain argue that the greater liberalisation of the British market puts it at a disadvantage to other European countries. </p> <p>The committee will also look at market regulation and progress in reducing fuel poverty - an increasingly difficult issue at a time of rising prices.</p> <p>Energywatch, the energy industry watchdog, welcomed the MPs' move last night and said it hoped it would prove to be the forerunner of an investigation by the competition authorities. Adam Scorer, campaigns director, said: \"Energywatch has long voiced concerns that there are serious problems in the way the energy markets works, or rather doesn't work. </p> <p>\"Consumers need this inquiry to provide some clear thinking about how this market lets consumers down and what needs to be done to fix it,\" he said.</p> <p>The industry regulator, Ofgem, said that, if asked, it would \"welcome talking to the select committee and sharing with it our analysis of the market\". It argues that the level of switching between suppliers indicates the competitiveness of the market and noted that other European countries also faced sharp increases in bills.</p>",
      "newspaperPageNumber": "26",
      "wordcount": "490",
      "commentable": "false",
      "isPremoderated": "false",
      "lastModified": "2017-11-26T21:33:29Z",
      "newspaperEditionDate": "2008-02-06T00:00:00Z",
      "productionOffice": "UK",
      "publication": "The Guardian",
      "shortUrl": "https://gu.com/p/x2qpq",
      "shouldHideAdverts": "false",
      "showInRelatedContent": "true",
      "legallySensitive": "false",
      "lang": "en",
      "bodyText": "An all-party committee of MPs announced yesterday that it was launching a full-scale enquiry into the structure of the UK energy market. The move follows increasing concern about the way the market operates after the latest round of price rises from most of Britain's residential energy suppliers. Peter Luff, the chairman of the business, enterprise and regulatory reform (BERR) select committee, said: \"The continuing controversy over energy prices is an issue that demands to be addressed. It is a complex but vital question and one that affects everyone in the country - individual consumers and households, small businesses and major energy users alike.\" Last week ScottishPower said it was raising energy prices for residential customers by about 15%. Another three of the big six residential energy suppliers, - npower, British Gas, and EDF Energy - had previously raised prices by similar amounts, pushing average combined electricity and gas bills close to \u00a31,000 a year. According to ScottishPower, the difference in dual-fuel bills between the most expensive and the cheapest of the four companies to have raised prices is \u00a313 a year for customers paying by monthly direct debit. Of the two other big suppliers, Scottish and Southern Energy has said it will hold prices at least until the end of March. The sixth, E.ON, has yet to make an announcement. The energy firms blame high world prices for oil, coal and gas for the increases. However, they have led to concern about the market's competitiveness. Yesterday the BERR committee said it would look at a number of areas, including \"whether the current market structure encourages effective competition in the retail markets for gas and electricity\". Other areas to come under scrutiny are the effectiveness of competition in the wholesale market; the implications of consolidation among energy companies, and the interaction of the UK and continental European energy markets. Some in Britain argue that the greater liberalisation of the British market puts it at a disadvantage to other European countries. The committee will also look at market regulation and progress in reducing fuel poverty - an increasingly difficult issue at a time of rising prices. Energywatch, the energy industry watchdog, welcomed the MPs' move last night and said it hoped it would prove to be the forerunner of an investigation by the competition authorities. Adam Scorer, campaigns director, said: \"Energywatch has long voiced concerns that there are serious problems in the way the energy markets works, or rather doesn't work. \"Consumers need this inquiry to provide some clear thinking about how this market lets consumers down and what needs to be done to fix it,\" he said. The industry regulator, Ofgem, said that, if asked, it would \"welcome talking to the select committee and sharing with it our analysis of the market\". It argues that the level of switching between suppliers indicates the competitiveness of the market and noted that other European countries also faced sharp increases in bills.",
      "charCount": "3051"
    },
    "isHosted": false,
    "pillarId": "pillar/news",
    "pillarName": "News"
  }
]