[
  {
    "id": "business/2008/feb/29/globaleconomy.oil.sovereignwealthfunds",
    "type": "article",
    "sectionId": "business",
    "sectionName": "Business",
    "webPublicationDate": "2008-02-29T18:38:28Z",
    "webTitle": "Oil money is coming \u2013 and there is little the west can do about it",
    "webUrl": "https://www.theguardian.com/business/2008/feb/29/globaleconomy.oil.sovereignwealthfunds",
    "apiUrl": "https://content.guardianapis.com/business/2008/feb/29/globaleconomy.oil.sovereignwealthfunds",
    "fields": {
      "headline": "Oil money is coming \u2013 and there is little the west can do about it",
      "trailText": "<p>Energy producing countries are buying global power after decades of subjugation</p>",
      "byline": "Larry Elliott, economics editor",
      "main": "",
      "body": "<p>Larry Summers was in full flow. Addressing a packed meeting on sovereign wealth funds at the Davos gathering of the World Economic Forum in January, the former US treasury secretary told the investment arms of foreign governments they should sign up to a code of conduct and be more transparent.</p> <p>In a telling sign of the shift in the balance of global economic power, the sovereign wealth funds told Summers to get lost. The Saudis accused him of double standards: hedge funds were not being regulated despite causing mayhem in the financial markets, so why pick on SWFs? The Russians \u2014 revelling in Washington's discomfort \u2014 said American attempts to restrict investment by wealth funds was \"not helpful\".</p> <p>This week the fears resurfaced. Jos\u00e9 Manuel Barroso, president of the European Commission, said Brussels could not allow non-European funds \"to be run in an opaque manner or used as an implement of geopolitical strategy\". </p> <p>Barroso's main worry is that Russia \u2014 which set up an official SWF last month \u2014 is planning to relaunch the cold war, only this time with oil and gas receipts rather than with the Red Army.</p> <p>Some western governments are suspicious about the motives of sovereign funds that have been buying up assets in developed countries.</p> <p>Washington, which has launched talks with funds in Abu Dhabi and Singapore, has concerns over Russia's one-time rival communist superpower China, which has grown weary of stockpiling US Treasury bonds and has started to size up physical assets in the west.</p> <p>However, the EU and the US are in a weak position. They would like all such funds to follow the example of Norway, which has banked its North Sea receipts from the past 30 years in a \u00a3300bn-plus long-term investment fund, and the International Monetary Fund is finalising a voluntary code of practice.</p> <p>This will be revealed in the coming weeks, but if the SWFs choose not to abide by it, there is little Brussels and Washington can do. The fivefold increase in the price of crude oil to more than $100 a barrel has provided a windfall for the coffers of oil and gas producing countries, while the nations of east Asia have amassed huge holdings as a result of export-led growth. Britain, as a report by PricewaterhouseCoopers pointed out this week, could have built up a \u00a3450bn sovereign wealth fund had it not spent its North Sea bonanza on politically expedient tax cuts and higher public spending.</p> <p>Elsewhere, sovereign funds are rich, they are growing in size and they have been bailing out the west's tottering banks after ill-advised speculation saw their assets slashed in value by the American sub-prime mortgage crisis. The Abu Dhabi Investment Authority \u2014 the world's biggest SWF \u2014 has taken a $7.5bn (\u00a33.8bn) stake in Citigroup; one of Singapore's funds has injected $11bn into the Swiss bank UBS, the other has invested $5bn into Morgan Stanley. China has ploughed $5bn into Merrill Lynch.</p> <p><strong>Train Wreck </strong></p> <p>A study by one of the biggest banks, HSBC, noted: \"The owners of emerging SWFs look unlikely just to roll over. They are enjoying the boot being on the other foot after an awfully long time. The train wreck that was the 1990s, when they had to go cap-in-hand to the developed world, was bad enough. </p> <p>Going back further, western jibes about state capitalism would, perhaps, have more power had they themselves not ruled many of these countries for years via state-licensed companies.\"</p> <p>Gerard Lyons, chief economist at Standard Chartered, said: \"Sovereign wealth funds have existed since 1953 and are here to stay. Their size and influence is set to grow. Already valued at $2.2tn on current trends, they could reach $13.4tn in a decade.</p> <p>\"There is a serious likelihood of western governments and SWFs clashing over what they can buy and where. A protectionist backlash against strategic investments is real and threatens global trade.\" </p> <p>The growing tension erupted in 2006 when the US prevented Dubai Ports from taking control of six American ports on grounds of national security. Lyons believes that western governments will seek to protect national champions and strategic sectors, but that SWFs are also likely to take a tough line. </p> <p>\"Many governments will argue that it is their money and why should they be so transparent when other areas of the financial markets are not. \"Western countries may need to accept the rise of SWFs as a further sign of a shift in the world economy and should seize this opportunity to work with emerging economies such as China and Russia and others to find common ground rules and a code of practice.\"</p> <p>There are few signs that SWFs are being used as an instrument of foreign policy, although Brussels clearly has misgivings about the Kremlin's intentions. Equally, there is evidence that the governments behind the SWFs are enjoying the clout their wealth has given them. And with no immediate end in sight to the credit crunch, their bargaining position is strong and getting stronger.</p> <p><strong>Tequila crisis </strong></p> <p>\"From the Latin American debt crisis of the 1980s, through the Tequila crisis of 1994-5, the Asian crisis of 1997 and Russia's default to Argentina's even larger one in 2001, the emerging world always with its finances in a parlous state, rocked from one crisis to another,\" HSBC said. \"Now, huge quantities of money from the emerging world \u2014 some $60bn at the last count \u2014 are injecting a measure of stability into the developed world's arteries: some of its biggest, boldest and brashest banks, brought low, in their turn, by investments and finances that were themselves, it now transpires, an awful lot less stable than they or most others had assumed.\" </p>",
      "wordcount": "942",
      "commentable": "false",
      "isPremoderated": "false",
      "lastModified": "2018-01-24T13:23:46Z",
      "newspaperEditionDate": "2008-02-29T00:00:00Z",
      "productionOffice": "UK",
      "publication": "theguardian.com",
      "shortUrl": "https://gu.com/p/x3k2t",
      "shouldHideAdverts": "false",
      "showInRelatedContent": "true",
      "legallySensitive": "false",
      "lang": "en",
      "bodyText": "Larry Summers was in full flow. Addressing a packed meeting on sovereign wealth funds at the Davos gathering of the World Economic Forum in January, the former US treasury secretary told the investment arms of foreign governments they should sign up to a code of conduct and be more transparent. In a telling sign of the shift in the balance of global economic power, the sovereign wealth funds told Summers to get lost. The Saudis accused him of double standards: hedge funds were not being regulated despite causing mayhem in the financial markets, so why pick on SWFs? The Russians \u2014 revelling in Washington's discomfort \u2014 said American attempts to restrict investment by wealth funds was \"not helpful\". This week the fears resurfaced. Jos\u00e9 Manuel Barroso, president of the European Commission, said Brussels could not allow non-European funds \"to be run in an opaque manner or used as an implement of geopolitical strategy\". Barroso's main worry is that Russia \u2014 which set up an official SWF last month \u2014 is planning to relaunch the cold war, only this time with oil and gas receipts rather than with the Red Army. Some western governments are suspicious about the motives of sovereign funds that have been buying up assets in developed countries. Washington, which has launched talks with funds in Abu Dhabi and Singapore, has concerns over Russia's one-time rival communist superpower China, which has grown weary of stockpiling US Treasury bonds and has started to size up physical assets in the west. However, the EU and the US are in a weak position. They would like all such funds to follow the example of Norway, which has banked its North Sea receipts from the past 30 years in a \u00a3300bn-plus long-term investment fund, and the International Monetary Fund is finalising a voluntary code of practice. This will be revealed in the coming weeks, but if the SWFs choose not to abide by it, there is little Brussels and Washington can do. The fivefold increase in the price of crude oil to more than $100 a barrel has provided a windfall for the coffers of oil and gas producing countries, while the nations of east Asia have amassed huge holdings as a result of export-led growth. Britain, as a report by PricewaterhouseCoopers pointed out this week, could have built up a \u00a3450bn sovereign wealth fund had it not spent its North Sea bonanza on politically expedient tax cuts and higher public spending. Elsewhere, sovereign funds are rich, they are growing in size and they have been bailing out the west's tottering banks after ill-advised speculation saw their assets slashed in value by the American sub-prime mortgage crisis. The Abu Dhabi Investment Authority \u2014 the world's biggest SWF \u2014 has taken a $7.5bn (\u00a33.8bn) stake in Citigroup; one of Singapore's funds has injected $11bn into the Swiss bank UBS, the other has invested $5bn into Morgan Stanley. China has ploughed $5bn into Merrill Lynch. Train Wreck A study by one of the biggest banks, HSBC, noted: \"The owners of emerging SWFs look unlikely just to roll over. They are enjoying the boot being on the other foot after an awfully long time. The train wreck that was the 1990s, when they had to go cap-in-hand to the developed world, was bad enough. Going back further, western jibes about state capitalism would, perhaps, have more power had they themselves not ruled many of these countries for years via state-licensed companies.\" Gerard Lyons, chief economist at Standard Chartered, said: \"Sovereign wealth funds have existed since 1953 and are here to stay. Their size and influence is set to grow. Already valued at $2.2tn on current trends, they could reach $13.4tn in a decade. \"There is a serious likelihood of western governments and SWFs clashing over what they can buy and where. A protectionist backlash against strategic investments is real and threatens global trade.\" The growing tension erupted in 2006 when the US prevented Dubai Ports from taking control of six American ports on grounds of national security. Lyons believes that western governments will seek to protect national champions and strategic sectors, but that SWFs are also likely to take a tough line. \"Many governments will argue that it is their money and why should they be so transparent when other areas of the financial markets are not. \"Western countries may need to accept the rise of SWFs as a further sign of a shift in the world economy and should seize this opportunity to work with emerging economies such as China and Russia and others to find common ground rules and a code of practice.\" There are few signs that SWFs are being used as an instrument of foreign policy, although Brussels clearly has misgivings about the Kremlin's intentions. Equally, there is evidence that the governments behind the SWFs are enjoying the clout their wealth has given them. And with no immediate end in sight to the credit crunch, their bargaining position is strong and getting stronger. Tequila crisis \"From the Latin American debt crisis of the 1980s, through the Tequila crisis of 1994-5, the Asian crisis of 1997 and Russia's default to Argentina's even larger one in 2001, the emerging world always with its finances in a parlous state, rocked from one crisis to another,\" HSBC said. \"Now, huge quantities of money from the emerging world \u2014 some $60bn at the last count \u2014 are injecting a measure of stability into the developed world's arteries: some of its biggest, boldest and brashest banks, brought low, in their turn, by investments and finances that were themselves, it now transpires, an awful lot less stable than they or most others had assumed.\"",
      "charCount": "5613"
    },
    "isHosted": false,
    "pillarId": "pillar/news",
    "pillarName": "News"
  },
  {
    "id": "business/2008/feb/29/usa",
    "type": "article",
    "sectionId": "business",
    "sectionName": "Business",
    "webPublicationDate": "2008-02-29T18:07:24Z",
    "webTitle": "US commerce department figures reveal flat spending in January and market reacts with plunging prices",
    "webUrl": "https://www.theguardian.com/business/2008/feb/29/usa",
    "apiUrl": "https://content.guardianapis.com/business/2008/feb/29/usa",
    "fields": {
      "headline": "Wall Street stocks plummet",
      "trailText": "<p>Figures from the US commerce department revealed that spending was essentially flat in January with a 0.4% rise wiped out by an identical increase in consumer price inflation. </p>",
      "byline": "Andrew Clark in New York",
      "main": "",
      "body": "<p>New year sales in American shopping malls failed to budge a mood of caution among consumers according to lacklustre high-street spending figures, which sent stocks plummeting downwards on Wall Street today.</p> <p>Figures from the US commerce department revealed that spending was essentially flat in January with a 0.4% rise wiped out by an identical increase in consumer price inflation. </p> <p>A record loss at the insurer AIG compounded an ugly end to the week, as the firm revealed that accounting errors had previously underestimated an $11bn decline in the value of a portfolio of mortgage-linked derivatives. </p> <p>By midday in New York, the Dow Jones Industrial Average had fallen 193 to 12,388 while the broader Standard &amp; Poor's index was down 12 to 1,345.</p> <p>John Silvia, chief economist at the US bank Wachovia, said: \"The American consumer is one of the lynchpins of the economy and this does show that there are confidence issues out there \u2013 the price of gasoline is having an impact.\"</p> <p>He added, however, that the figures were not as bad as those forecasting a recession had predicted, instead pointing to modest first-quarter growth in gross domestic product of less than 1%: \"This looks like enough to give us sub par economic growth but not a recession.\"</p> <p>Others, however, suggested that the situation could get worse. A consumer confidence index by Reuters and the University of Michigan dropped from 78.4 in January to 70.8 in February, down by almost 30% from early 2007.</p> <p>\"Past declines of this magnitude have always been associated with a subsequent recession,\" said survey director Richard Curtin.</p> <p>The world's biggest insurer, AIG, delivered a reminder of the financial havoc wreaked by the global credit crunch by revealing a fourth-quarter loss of $5.3bn \u2013 the largest in its 89-year history. The head of its financial products unit, Joseph Cassano, left by mutual agreement following a massive financial hit compounded by accounting errors which initially missed the extent of the problem.</p> <p>AIG's auditor warned of \"material weakness\" in internal controls and chief executive Martin Sullivan warned that the housing market could underperform for the rest of the year: \"We are in uncharted waters.\"</p> <p>Analysts at UBS published a research note suggesting that credit losses across the economy could reach $600bn as the knock-on impact of the subprime mortgage crisis continues to reverberate.</p> <p>A procession of American companies has been warning of tough conditions. The New York Times revealed a 9.8% drop in monthly advertising revenue while the computer maker Dell disclosed a 6.4% drop in fourth-quarter profits to $679m, hit by financial services firms cutting spending on technology.</p> <p>The carmaker Chrysler said its February sales were trending below last year's levels. Vice chairman Jim Press told reporters at a conference in New York that hopes of a second-half recovery were \"wishful thinking\".</p> <p>\"This year is going to be a pretty severe year,\" said Press</p>",
      "wordcount": "484",
      "commentable": "false",
      "isPremoderated": "false",
      "lastModified": "2017-07-15T02:41:27Z",
      "newspaperEditionDate": "2008-02-29T00:00:00Z",
      "productionOffice": "UK",
      "publication": "theguardian.com",
      "shortUrl": "https://gu.com/p/x3k2a",
      "shouldHideAdverts": "false",
      "showInRelatedContent": "true",
      "legallySensitive": "false",
      "lang": "en",
      "bodyText": "New year sales in American shopping malls failed to budge a mood of caution among consumers according to lacklustre high-street spending figures, which sent stocks plummeting downwards on Wall Street today. Figures from the US commerce department revealed that spending was essentially flat in January with a 0.4% rise wiped out by an identical increase in consumer price inflation. A record loss at the insurer AIG compounded an ugly end to the week, as the firm revealed that accounting errors had previously underestimated an $11bn decline in the value of a portfolio of mortgage-linked derivatives. By midday in New York, the Dow Jones Industrial Average had fallen 193 to 12,388 while the broader Standard &amp; Poor's index was down 12 to 1,345. John Silvia, chief economist at the US bank Wachovia, said: \"The American consumer is one of the lynchpins of the economy and this does show that there are confidence issues out there \u2013 the price of gasoline is having an impact.\" He added, however, that the figures were not as bad as those forecasting a recession had predicted, instead pointing to modest first-quarter growth in gross domestic product of less than 1%: \"This looks like enough to give us sub par economic growth but not a recession.\" Others, however, suggested that the situation could get worse. A consumer confidence index by Reuters and the University of Michigan dropped from 78.4 in January to 70.8 in February, down by almost 30% from early 2007. \"Past declines of this magnitude have always been associated with a subsequent recession,\" said survey director Richard Curtin. The world's biggest insurer, AIG, delivered a reminder of the financial havoc wreaked by the global credit crunch by revealing a fourth-quarter loss of $5.3bn \u2013 the largest in its 89-year history. The head of its financial products unit, Joseph Cassano, left by mutual agreement following a massive financial hit compounded by accounting errors which initially missed the extent of the problem. AIG's auditor warned of \"material weakness\" in internal controls and chief executive Martin Sullivan warned that the housing market could underperform for the rest of the year: \"We are in uncharted waters.\" Analysts at UBS published a research note suggesting that credit losses across the economy could reach $600bn as the knock-on impact of the subprime mortgage crisis continues to reverberate. A procession of American companies has been warning of tough conditions. The New York Times revealed a 9.8% drop in monthly advertising revenue while the computer maker Dell disclosed a 6.4% drop in fourth-quarter profits to $679m, hit by financial services firms cutting spending on technology. The carmaker Chrysler said its February sales were trending below last year's levels. Vice chairman Jim Press told reporters at a conference in New York that hopes of a second-half recovery were \"wishful thinking\". \"This year is going to be a pretty severe year,\" said Press",
      "charCount": "2964"
    },
    "isHosted": false,
    "pillarId": "pillar/news",
    "pillarName": "News"
  },
  {
    "id": "artanddesign/artblog/2008/feb/29/isaberdeengettingitscultur",
    "type": "article",
    "sectionId": "artanddesign",
    "sectionName": "Art and design",
    "webPublicationDate": "2008-02-29T15:45:14Z",
    "webTitle": "Is Aberdeen getting its cultural act together?",
    "webUrl": "https://www.theguardian.com/artanddesign/artblog/2008/feb/29/isaberdeengettingitscultur",
    "apiUrl": "https://content.guardianapis.com/artanddesign/artblog/2008/feb/29/isaberdeengettingitscultur",
    "fields": {
      "headline": "Is Aberdeen getting its cultural act together?",
      "standfirst": "A new \u00a312.5m arts centre and the revival of the Lemon Tree are sure to put the Granite City on the cultural map - can it rise to the challenge?",
      "trailText": "<p>A new \u00a312.5m arts centre and the revival of the Lemon Tree are sure to put the Granite City on the cultural map - can it rise to the challenge?</p>",
      "byline": "Mark Fisher",
      "main": "",
      "body": "<p><br>Bright future ... plans for the new contemporary arts centre in Aberdeen's Union Terrace Gardens</p> <p>The news that the Scottish government has given the go-ahead to the <a href=\"http://www.peacockvisualarts.com/archive/139/ministers-gve-green-light -for-art-centre-of-the-north\">Peacock Visual Arts Project</a> follows close on the heels of the announcement that the <a href=\"http://www.thestage.co.uk/news/newsstory.php/19633/aberdeens-lemon-tre e-rescued\">Lemon Tree</a> arts centre has been rescued after shutting up shop before Christmas. The Granite City's artistic future isn't looking quite as bleak as it did only a few weeks ago.</p> <p>With a price tag of \u00a312.5m, the Peacock Visual Arts Project is to be built in a sunken Victorian garden in the city centre, just down the hill from His Majesty's Theatre. The scheme has aroused the ire of <a href=\"http://news.bbc.co.uk/1/hi/scotland/north_east/7268532.stm\">Norman Marr</a> of the Aberdeen Civic Society who is concerned about the effect on Union Terrace Gardens, although it has been supported, with some caveats, by <a href=\"http://www.ads.org.uk/what_we_do/design_review/reports/224_peacock-visual-arts-centre-aberdeen\">Architecture and Design Scotland</a> for the \"way in which it would help to regenerate\" the gardens while responding \"sympathetically to the surrounding context\".</p> <p>The scheme, by architects <a href=\"http://www.brisacgonzalez.com/pages/aberdeen.html\">Brisac Gonzalez</a>, designers of the award-winning Museum of World Culture in Gothenburg, will be ready by 2010, offering galleries, printmaking facilities, television and dance studios, workshops and an education suite to an estimated 20,000 people a year. According to council leader Kate Dean, it will be an \"iconic building for the city that will not only be used by all of our communities but attract people from outside the area\".</p> <p>If she's right, that'll be a big step forward. Some people feel the city's problem is less the lack of a lively visual arts scene than the failure to tell the wider world about it. That may be the case, but when it comes to theatre, there is virtually nothing going on beyond the mainstream fare at His Majesty's (a venue whose popularity is on the up, having increased attendance by 10 per cent to 255,000 last year). I know of only one independent company (<a href=\"http://www.abderite.co.uk\">Abderite</a>) and a low-profile one at that. As a theatre critic, I am hardly ever called upon to visit Scotland's third largest city, despite frequent visits to the much smaller Dundee, Perth and Pitlochry.</p> <p>Compare this state of affairs to Stavanger, Aberdeen's twin city and only half its size, where the <a href=\"http://www.rogaland-teater.no/newsread/news.asp?n=5192&amp;d=1&amp;wce=dokument_english\">Rogaland Teater</a> has a \"more or less permanent\" ensemble of 24 actors, four auditoria and an output of a dozen plays a year.</p> <p>That Aberdeen City Council and Aberdeen Performing Arts will be running the Lemon Tree from April is not going to bring the city to Norwegian levels of arts provision, but it is great news for an important centre for music, comedy, dance and touring theatre. The challenge ahead, in a city made rich by the oil industry, is to build a comparable appetite for artistic riches and a network of artists ready to fulfil the demand.</p>",
      "wordcount": "471",
      "commentCloseDate": "2008-03-07T15:45:14Z",
      "commentable": "true",
      "isPremoderated": "false",
      "lastModified": "2018-02-22T18:13:27Z",
      "newspaperEditionDate": "2008-02-29T00:00:00Z",
      "productionOffice": "UK",
      "publication": "theguardian.com",
      "shortUrl": "https://gu.com/p/2v998",
      "shouldHideAdverts": "false",
      "showInRelatedContent": "true",
      "legallySensitive": "false",
      "lang": "en",
      "bodyText": "Bright future ... plans for the new contemporary arts centre in Aberdeen's Union Terrace Gardens The news that the Scottish government has given the go-ahead to the Peacock Visual Arts Project follows close on the heels of the announcement that the Lemon Tree arts centre has been rescued after shutting up shop before Christmas. The Granite City's artistic future isn't looking quite as bleak as it did only a few weeks ago. With a price tag of \u00a312.5m, the Peacock Visual Arts Project is to be built in a sunken Victorian garden in the city centre, just down the hill from His Majesty's Theatre. The scheme has aroused the ire of Norman Marr of the Aberdeen Civic Society who is concerned about the effect on Union Terrace Gardens, although it has been supported, with some caveats, by Architecture and Design Scotland for the \"way in which it would help to regenerate\" the gardens while responding \"sympathetically to the surrounding context\". The scheme, by architects Brisac Gonzalez, designers of the award-winning Museum of World Culture in Gothenburg, will be ready by 2010, offering galleries, printmaking facilities, television and dance studios, workshops and an education suite to an estimated 20,000 people a year. According to council leader Kate Dean, it will be an \"iconic building for the city that will not only be used by all of our communities but attract people from outside the area\". If she's right, that'll be a big step forward. Some people feel the city's problem is less the lack of a lively visual arts scene than the failure to tell the wider world about it. That may be the case, but when it comes to theatre, there is virtually nothing going on beyond the mainstream fare at His Majesty's (a venue whose popularity is on the up, having increased attendance by 10 per cent to 255,000 last year). I know of only one independent company (Abderite) and a low-profile one at that. As a theatre critic, I am hardly ever called upon to visit Scotland's third largest city, despite frequent visits to the much smaller Dundee, Perth and Pitlochry. Compare this state of affairs to Stavanger, Aberdeen's twin city and only half its size, where the Rogaland Teater has a \"more or less permanent\" ensemble of 24 actors, four auditoria and an output of a dozen plays a year. That Aberdeen City Council and Aberdeen Performing Arts will be running the Lemon Tree from April is not going to bring the city to Norwegian levels of arts provision, but it is great news for an important centre for music, comedy, dance and touring theatre. The challenge ahead, in a city made rich by the oil industry, is to build a comparable appetite for artistic riches and a network of artists ready to fulfil the demand.",
      "charCount": "2719"
    },
    "isHosted": false,
    "pillarId": "pillar/arts",
    "pillarName": "Arts"
  },
  {
    "id": "technology/blog/2008/feb/29/microsoftslashesretailprice",
    "type": "article",
    "sectionId": "technology",
    "sectionName": "Technology",
    "webPublicationDate": "2008-02-29T15:15:42Z",
    "webTitle": "Microsoft slashes retail price of Vista",
    "webUrl": "https://www.theguardian.com/technology/blog/2008/feb/29/microsoftslashesretailprice",
    "apiUrl": "https://content.guardianapis.com/technology/blog/2008/feb/29/microsoftslashesretailprice",
    "fields": {
      "headline": "Microsoft slashes retail price of Vista",
      "standfirst": "Microsoft has taken the unusual -- almost unknown -- step of cutting the retail price of Windows",
      "trailText": "<p>Microsoft has taken the unusual -- almost unknown -- step of cutting the retail price of Windows</p>",
      "byline": "Jack Schofield",
      "main": "",
      "body": "<p><a href=\"http://www.microsoft.com/presspass/features/2008/feb08/02-28BrooksQA.mspx\">Microsoft says</a> it has cut the price of Several Retail Stand-Alone Versions of Windows Vista. According to Brad Broks: \"In developed markets, the price changes will most notably impact upgrade retail versions of the new editions we introduced in 2007 -- Windows Vista Home Premium and Ultimate editions.\"</p> <p>Microsoft has been experimenting with lower prices, and there were some large reductions in the UK over Christmas. It is now rejigging prices with the SP1 version about to appear.</p> <p><a href=\"http://www.news.com/8301-13860_3-9882510-56.html\">CNet</a> says that, in the US, \"The suggested price for Vista Ultimate drops to $219 from $299, while Home Premium falls to $129, from $159.\" CNet adds:</p> <blockquote> Brooks said that Microsoft had done a lot of research prior to Vista's launch, but noted that both Home Premium and Ultimate were new products for the company. \"We probably got the pricing mix wrong,\" he said. \"You don't always get it right, but you make the adjustment.\" </blockquote> <br> <p>It will be interesting to see whether the new SP1 version actually provides an attractive upgrade path. The retail price of Vista Ultimate was ridiculous, but buyers were more likely to be put off by their inability to get drivers for old peripherals, or by not having a graphics system capable of supporting the Aero interface. A lot of drivers have appeared in the past year, of course, but so far it has been a far better bet to buy Vista preinstalled by an OEM who has worked through the driver issues.</p> <p>Driver and graphics hardware problems affected Microsoft's own staff, as has been revealed following a class action lawsuit about the \"Vista Capable\" designation. <a href=\"http://blog.seattlepi.nwsource.com/microsoft/archives/132891.asp\">Todd Bishop</a> at Seattle-PI has published some of these internal emails, where Steve Sinofsky (now in charge of Windows) writes:</p> <blockquote> Intel has the biggest challenge. Their \"945\" chipset which is the baseline Vista set \"barely\" works right now and is very broadly used. The \"915\" chipset which is not Aero capable is in a huge number of laptops and was tagged as \"Vista Capable\" but not Vista Premium. I don't know if this was a good call. But these function but will never be great. Even a 945 set has new builds of drivers coming out constantly but hopes are on the next chipset rather than this one. </blockquote> <br> <p>Microsoft executive John Kalkman also writes:</p> <blockquote> In the end, we lowered the requirement to help Intel make their quarterly earnings so they could continue to sell motherboards with the 915 graphics embedded. This in turn did two things: 1. Decreased focus of OEMs planning and shipping higher end graphics for Vista-ready programs and 2. Reduced the focus by IHV's to ready great WHQL [Windows Hardware Quality Labs] qualified graphics drivers. We can see this today with Intel's inability to ship a compelling full featured 945 graphics driver for Windows Vista. </blockquote> <br> <p>Intel \"integrated graphics\" chips (ie on the motherboard) are used in many low-priced PCs.</p> <p>Incidentally, <a href=\"http://blogs.theguardian.com/askjack/2007/12/windows_pc_shopping_revisited.html\">my advice</a> has been to use the built-in Windows Experience Index test, and not to buy anything that scores less than 3 for graphics, preferably more. But this is still about buying a new PC. Buying Vista as an upgrade still looks risky, whatever the price.</p> <p><strong>Charles Arthur adds:</strong> our regular commentator Nick Carr <a href=\"http://www.roughtype.com/archives/2008/02/repricing_micro.php\">interprets this</a> as the first clear signs of erosion of Microsoft's dominance:</p> <blockquote> The real threat to Microsoft has always been that the battle would shift away from its turf, that its traditional hegemony over the PC would begin to matter less. The threat, in other words, wasn't so much that Microsoft would lose its control over the operating system and the personal productivity application, control reflected in market share numbers, but that its control would simply fade in importance. And that phenomenon - the loss of importance - would be revealed through a loss of pricing power, not a loss of share. That's what we're seeing beginning to see today. </blockquote> <br>",
      "wordcount": "645",
      "commentCloseDate": "2008-03-07T15:15:42Z",
      "commentable": "true",
      "isPremoderated": "false",
      "lastModified": "2017-02-21T22:08:50Z",
      "newspaperEditionDate": "2008-02-29T00:00:00Z",
      "productionOffice": "UK",
      "publication": "theguardian.com",
      "shortUrl": "https://gu.com/p/2v995",
      "shouldHideAdverts": "false",
      "showInRelatedContent": "true",
      "legallySensitive": "false",
      "lang": "en",
      "bodyText": "Microsoft says it has cut the price of Several Retail Stand-Alone Versions of Windows Vista. According to Brad Broks: \"In developed markets, the price changes will most notably impact upgrade retail versions of the new editions we introduced in 2007 -- Windows Vista Home Premium and Ultimate editions.\" Microsoft has been experimenting with lower prices, and there were some large reductions in the UK over Christmas. It is now rejigging prices with the SP1 version about to appear. CNet says that, in the US, \"The suggested price for Vista Ultimate drops to $219 from $299, while Home Premium falls to $129, from $159.\" CNet adds: Brooks said that Microsoft had done a lot of research prior to Vista's launch, but noted that both Home Premium and Ultimate were new products for the company. \"We probably got the pricing mix wrong,\" he said. \"You don't always get it right, but you make the adjustment.\" It will be interesting to see whether the new SP1 version actually provides an attractive upgrade path. The retail price of Vista Ultimate was ridiculous, but buyers were more likely to be put off by their inability to get drivers for old peripherals, or by not having a graphics system capable of supporting the Aero interface. A lot of drivers have appeared in the past year, of course, but so far it has been a far better bet to buy Vista preinstalled by an OEM who has worked through the driver issues. Driver and graphics hardware problems affected Microsoft's own staff, as has been revealed following a class action lawsuit about the \"Vista Capable\" designation. Todd Bishop at Seattle-PI has published some of these internal emails, where Steve Sinofsky (now in charge of Windows) writes: Intel has the biggest challenge. Their \"945\" chipset which is the baseline Vista set \"barely\" works right now and is very broadly used. The \"915\" chipset which is not Aero capable is in a huge number of laptops and was tagged as \"Vista Capable\" but not Vista Premium. I don't know if this was a good call. But these function but will never be great. Even a 945 set has new builds of drivers coming out constantly but hopes are on the next chipset rather than this one. Microsoft executive John Kalkman also writes: In the end, we lowered the requirement to help Intel make their quarterly earnings so they could continue to sell motherboards with the 915 graphics embedded. This in turn did two things: 1. Decreased focus of OEMs planning and shipping higher end graphics for Vista-ready programs and 2. Reduced the focus by IHV's to ready great WHQL [Windows Hardware Quality Labs] qualified graphics drivers. We can see this today with Intel's inability to ship a compelling full featured 945 graphics driver for Windows Vista. Intel \"integrated graphics\" chips (ie on the motherboard) are used in many low-priced PCs. Incidentally, my advice has been to use the built-in Windows Experience Index test, and not to buy anything that scores less than 3 for graphics, preferably more. But this is still about buying a new PC. Buying Vista as an upgrade still looks risky, whatever the price. Charles Arthur adds: our regular commentator Nick Carr interprets this as the first clear signs of erosion of Microsoft's dominance: The real threat to Microsoft has always been that the battle would shift away from its turf, that its traditional hegemony over the PC would begin to matter less. The threat, in other words, wasn't so much that Microsoft would lose its control over the operating system and the personal productivity application, control reflected in market share numbers, but that its control would simply fade in importance. And that phenomenon - the loss of importance - would be revealed through a loss of pricing power, not a loss of share. That's what we're seeing beginning to see today.",
      "charCount": "3803"
    },
    "isHosted": false,
    "pillarId": "pillar/news",
    "pillarName": "News"
  },
  {
    "id": "business/marketforceslive/2008/feb/29/theoilservicessectorhas",
    "type": "article",
    "sectionId": "business",
    "sectionName": "Business",
    "webPublicationDate": "2008-02-29T13:05:00Z",
    "webTitle": "Expro receives approach",
    "webUrl": "https://www.theguardian.com/business/marketforceslive/2008/feb/29/theoilservicessectorhas",
    "apiUrl": "https://content.guardianapis.com/business/marketforceslive/2008/feb/29/theoilservicessectorhas",
    "fields": {
      "headline": "Expro receives approach",
      "trailText": "<p>The oil services sector has been rife with takeover speculation in recent months, and a possible deal has finally emerged. Reading-based <strong>Expro International</strong> has just announced it has received a preliminary approach.</p>",
      "byline": "Nick Fletcher",
      "main": "",
      "body": "<p>The oil services sector has been rife with takeover speculation in recent months, and a possible deal has finally emerged. Reading-based <strong>Expro International</strong> has just announced it has received a preliminary approach.</p> <p>Expro shares jumped 31% to \u00a312.08, valuing the company at nearly \u00a31.5bn. Last year Amec was said to be interested in rival oil services business John D. Wood, and Abbot group had also been tipped as a bid target.</p> <p>Last year Expro said it was working with US oil services giant Halliburton to provide testing services for Brazil's Petrobras.</p> <p>Expro is currently the biggest riser in the FTSE 250. The biggest loser among the mid-caps is accident claim handling firm <strong>Helphire</strong>, down 95.75p to 194.75p after its first half figures missed City forecasts. Profit for the period rose 7% to \u00a319.4m but analysts had been looking for up to \u00a324m. The discrepancy seems to have been the costs the company has unexpectedly incurred in going all out to win new business. Helphire's shares are heavily shorted, and at the moment the bears are winning out.</p>",
      "wordcount": "182",
      "commentCloseDate": "2008-03-07T13:05:00Z",
      "commentable": "true",
      "isPremoderated": "false",
      "lastModified": "2008-02-29T13:05:00Z",
      "newspaperEditionDate": "2008-02-29T00:00:00Z",
      "productionOffice": "UK",
      "publication": "theguardian.com",
      "shortUrl": "https://gu.com/p/xp3p9",
      "shouldHideAdverts": "false",
      "showInRelatedContent": "true",
      "legallySensitive": "false",
      "lang": "en",
      "bodyText": "The oil services sector has been rife with takeover speculation in recent months, and a possible deal has finally emerged. Reading-based Expro International has just announced it has received a preliminary approach. Expro shares jumped 31% to \u00a312.08, valuing the company at nearly \u00a31.5bn. Last year Amec was said to be interested in rival oil services business John D. Wood, and Abbot group had also been tipped as a bid target. Last year Expro said it was working with US oil services giant Halliburton to provide testing services for Brazil's Petrobras. Expro is currently the biggest riser in the FTSE 250. The biggest loser among the mid-caps is accident claim handling firm Helphire, down 95.75p to 194.75p after its first half figures missed City forecasts. Profit for the period rose 7% to \u00a319.4m but analysts had been looking for up to \u00a324m. The discrepancy seems to have been the costs the company has unexpectedly incurred in going all out to win new business. Helphire's shares are heavily shorted, and at the moment the bears are winning out.",
      "charCount": "1054"
    },
    "isHosted": false,
    "pillarId": "pillar/news",
    "pillarName": "News"
  },
  {
    "id": "money/2008/feb/29/houseprices.property",
    "type": "article",
    "sectionId": "money",
    "sectionName": "Money",
    "webPublicationDate": "2008-02-29T10:35:18Z",
    "webTitle": "House prices drop for fourth consecutive month",
    "webUrl": "https://www.theguardian.com/money/2008/feb/29/houseprices.property",
    "apiUrl": "https://content.guardianapis.com/money/2008/feb/29/houseprices.property",
    "fields": {
      "headline": "House prices drop for fourth consecutive month",
      "trailText": "<p>Nationwide says annual growth rate is at lowest level since 2005, with Bank of England lending figures showing a subdued mortgage market</p>",
      "byline": "Hilary Osborne",
      "main": "<figure class=\"element element-image\" data-media-id=\"gu-image-332756894\"> <img src=\"http://static.guim.co.uk/sys-images/Business/Pix/pictures/2007/10/23/housing5_460x276.jpg\" alt=\"A man looking in the window of an estate agent\" width=\"460\" height=\"276\" class=\"gu-image\" /> <figcaption> <span class=\"element-image__caption\">Three-month figures show a 1% fall in prices. Photograph: Graeme Robertson</span> </figcaption> </figure>",
      "body": "<p>House prices fell by 0.5% in February, reducing the annual rate of growth to its lowest level since November 2005, the UK's biggest building society said today.</p> <p>A fourth consecutive month of falling prices reduced the average cost of a home to \u00a3179,358, according to latest figures from Nationwide.</p> <p>Meanwhile, figures from the Bank of England showed that despite a small increase in the number of approvals for mortgages to fund house purchases in January, by historical standards the market is still subdued. </p> <p>Nationwide's figures showed a sharp fall in the annual rate of house price growth in February, from 4.2% in January to just 2.7%, but the society warned against reading too much into this dramatic decline, saying it \"perhaps overstates the rate of cooling\" as it reflected the particularly strong increase in prices last February.</p> <p>The three-month figures, which are considered to give the most accurate picture of the state of the market, showed a 1% fall in prices, down from a 0.4% fall last month. </p> <p>As recently as December, the three-month figure still showed an upward trend in prices and last February it was running at 3.4%.</p> <p>According to the society, over the past 12 months the average price of a property in the UK has increased by \u00a34,653 or \u00a312.75 a day.</p> <p>Fionnuala Earley, Nationwide's chief economist, said it was no surprise that prices had fallen, given the recent low levels of mortgage approvals and fall-off in interest from potential buyers.</p> <p>Earley said: \"This reluctance on the part of buyers is not surprising given current uncertainties in the market, and it is unlikely that we will see levels of activity returning to trend levels for some time.\"</p> <p>Earley said it was clear that recent rates of growth in the housing market and the UK economy would not be repeated \"for some time\".</p> <p>However, she added: \"If the Bank of England's central projection that the economy continues to grow is correct, conditions for the UK housing market are perhaps less gloomy than some would have us believe.\"</p> <p>Figures from the Bank of England showed 74,000 mortgages were approved for house purchases in January - an increase from December's revised figure of 72,000, but still the second lowest since September 1995.</p> <p>The number was more than a third lower than that January last year, when 121,000 home loans were approved for purchases.</p> <p>The total value of mortgages advanced to borrowers, including remortgages and further advances, also dropped in January, the Bank said. Net mortgage lending fell from \u00a37.9bn in December to a 30-month low of \u00a37.4bn.</p> <p>Howard Archer, chief UK economist at Global Insight, said the figures showed the housing market was \"continuing to suffer\" under the pressure of affordability constraints and the tighter lending conditions that had followed the credit crunch.</p> <p>Archer, who has predicted a 5% fall in prices both this year and next, said it seemed \"highly likely\" that activity and prices would continue to slow down. </p> <p>\"While the Bank of England's trimming of interest rates in December and February will help matters, the overall downward impact on mortgage rates has been limited by a lack of funds for lenders and relatively high money market rates, as well as lenders wanting higher margins due to increased risks,\" he said.</p> <p>Lenders have also been cutting back on high loan-to-value mortgages, with Cheltenham &amp; Gloucester becoming the latest high street name <a href=\"http://www.theguardian.com/money/2008/feb/29/firsttimebuyers.mortgages\"> to pull its 100% loan</a>.</p> <p>This is reducing the number of first-time buyers who can afford to get on to the housing ladder and forcing some homeowners to drop their price to secure a sale.</p>",
      "wordcount": "612",
      "commentable": "false",
      "isPremoderated": "false",
      "lastModified": "2017-09-20T21:40:57Z",
      "newspaperEditionDate": "2008-02-29T00:00:00Z",
      "productionOffice": "UK",
      "publication": "theguardian.com",
      "shortUrl": "https://gu.com/p/x3jmm",
      "shouldHideAdverts": "false",
      "showInRelatedContent": "true",
      "legallySensitive": "false",
      "lang": "en",
      "bodyText": "House prices fell by 0.5% in February, reducing the annual rate of growth to its lowest level since November 2005, the UK's biggest building society said today. A fourth consecutive month of falling prices reduced the average cost of a home to \u00a3179,358, according to latest figures from Nationwide. Meanwhile, figures from the Bank of England showed that despite a small increase in the number of approvals for mortgages to fund house purchases in January, by historical standards the market is still subdued. Nationwide's figures showed a sharp fall in the annual rate of house price growth in February, from 4.2% in January to just 2.7%, but the society warned against reading too much into this dramatic decline, saying it \"perhaps overstates the rate of cooling\" as it reflected the particularly strong increase in prices last February. The three-month figures, which are considered to give the most accurate picture of the state of the market, showed a 1% fall in prices, down from a 0.4% fall last month. As recently as December, the three-month figure still showed an upward trend in prices and last February it was running at 3.4%. According to the society, over the past 12 months the average price of a property in the UK has increased by \u00a34,653 or \u00a312.75 a day. Fionnuala Earley, Nationwide's chief economist, said it was no surprise that prices had fallen, given the recent low levels of mortgage approvals and fall-off in interest from potential buyers. Earley said: \"This reluctance on the part of buyers is not surprising given current uncertainties in the market, and it is unlikely that we will see levels of activity returning to trend levels for some time.\" Earley said it was clear that recent rates of growth in the housing market and the UK economy would not be repeated \"for some time\". However, she added: \"If the Bank of England's central projection that the economy continues to grow is correct, conditions for the UK housing market are perhaps less gloomy than some would have us believe.\" Figures from the Bank of England showed 74,000 mortgages were approved for house purchases in January - an increase from December's revised figure of 72,000, but still the second lowest since September 1995. The number was more than a third lower than that January last year, when 121,000 home loans were approved for purchases. The total value of mortgages advanced to borrowers, including remortgages and further advances, also dropped in January, the Bank said. Net mortgage lending fell from \u00a37.9bn in December to a 30-month low of \u00a37.4bn. Howard Archer, chief UK economist at Global Insight, said the figures showed the housing market was \"continuing to suffer\" under the pressure of affordability constraints and the tighter lending conditions that had followed the credit crunch. Archer, who has predicted a 5% fall in prices both this year and next, said it seemed \"highly likely\" that activity and prices would continue to slow down. \"While the Bank of England's trimming of interest rates in December and February will help matters, the overall downward impact on mortgage rates has been limited by a lack of funds for lenders and relatively high money market rates, as well as lenders wanting higher margins due to increased risks,\" he said. Lenders have also been cutting back on high loan-to-value mortgages, with Cheltenham &amp; Gloucester becoming the latest high street name to pull its 100% loan. This is reducing the number of first-time buyers who can afford to get on to the housing ladder and forcing some homeowners to drop their price to secure a sale.",
      "charCount": "3593"
    },
    "isHosted": false,
    "pillarId": "pillar/lifestyle",
    "pillarName": "Lifestyle"
  },
  {
    "id": "commentisfree/2008/feb/29/dudewheresthepipeline1",
    "type": "article",
    "sectionId": "commentisfree",
    "sectionName": "Opinion",
    "webPublicationDate": "2008-02-29T08:30:03Z",
    "webTitle": "Pipe dreamers",
    "webUrl": "https://www.theguardian.com/commentisfree/2008/feb/29/dudewheresthepipeline1",
    "apiUrl": "https://content.guardianapis.com/commentisfree/2008/feb/29/dudewheresthepipeline1",
    "fields": {
      "headline": "Pipe dreamers",
      "standfirst": "It's time the conspiracy theorists accepted that oil had nothing to do with the US invasion of Afghanistan",
      "trailText": "<p><strong>Conor Foley:</strong> It's time the conspiracy theorists accepted that oil had nothing to do with the US invasion of Afghanistan</p>",
      "byline": "Conor Foley",
      "main": "",
      "body": "<p>After almost every article I have written about Afghanistan, the words \"oil\" and \"pipeline\" have appeared in <a href=\"http://commentisfree.theguardian.com/conor_foley/2008/02/afghan_wasteland.html\">the comments box</a>. Often they are in one of the first responses, and sometimes they are practically <a href=\"http://commentisfree.theguardian.com/conor_foley/2006/09/time_for_a_rethink_on_afghanis.html\">the only words used</a> - as if the commenter had glanced at the headline and rushed to click the \"post your comments\" button without bothering to read anything else.</p> <p>According to this theory, the US did not intervene in Afghanistan in response to the attacks of September 11 2001, but at the behest of the oil company Unocal in order to facilitate the building of a pipeline from Turkmenistan to Pakistan.</p> <p>Some accounts say the Taliban met representatives of the US government a month before the 9/11 attacks and were offered the choice between the pipeline, and diplomatic recognition or military attack.</p> <p>\"Either you accept our offer of a carpet of gold, or we bury you under a carpet of bombs,\" a US representative is <a href=\"http://coat.ncf.ca/our_magazine/links/issue46/articles/real_reasons_oil_french_book.htm\">alleged</a> to have said. Michael Moore claims, in Fahrenheit 9/11, that President Karzai <a href=\"http://www.michaelmoore.com/warroom/f911notes/index.php?id=20\">once worked for Unocal</a>, and some say this may have been why he was foisted on the country after the Taliban were overthrown.</p> <p>Of course, if you really do believe that the \"pipeline project\" was \"the main reason for the invasion and occupation\", then all other discussion becomes superfluous.</p> <p>But, even on its own terms, the theory makes absolutely no sense. It is true that Unocal, for which <a href=\"http://emperors-clothes.com/interviews/lane.htm\">Karzai never worked</a>, was interested in building a pipeline in Afghanistan in the mid-1990s. And a <a href=\"http://www.brown.edu/Departments/Anthropology/publications/AFGHANConflict.htm\">case can be made</a> that the Clinton administration was prepared to overlook the Taliban's appalling human rights record, at this time because it hoped that the stability this might bring to the country could facilitate the project.</p> <p>However, it takes quite a leap from here to argue that this is also why US policy then underwent a complete volte face from supporting the Taliban to overthrowing it.</p> <p>Yet this is what a sizeable number of people believe. Even the Guardian <a href=\"http://www.theguardian.com/society/2001/oct/24/warinafghanistan2001.afghanistan\">wrote</a>, in October 2001, that \"securing control and export of the region's vast oil and gas reserves\" was a major factor in the US invasion strategy.</p> <p>But where is this pipeline? Fahrenheit 9/11 shows footage of a pipeline being laid, but this certainly is not the pipeline in question since, to date, no western company has shown any interest in building one. Unocal shut down its office in Turkmenistan in 1998 and says it <a href=\"http://www.atimes.com/c-asia/DE29Ag02.html\">has no plans to return</a> to the region.</p> <p>There is, in fact, nothing to suggest that oil formed any significant part of US policy towards Afghanistan.</p> <p>Oil certainly was an important factor in the invasion of Iraq, and the occupying forces took care to guard the country's oil installations while everything else descended into chaos. However, this is in complete contrast to Afghanistan, where US forces have been concentrated in the south and east, battling with the Taliban.</p> <p>The north and central regions of the country, through which any proposed pipeline <a href=\"http://www.askasia.org/images/teachers/display/24.jpg\">would have to be built</a>, remain largely in the hands of warlords who have closer ties to <a href=\"http://commentisfree.theguardian.com/conor_foley/2007/06/friend_or_foe.html\">Russia, Iran, Tajikistan and Uzbekistan</a> than they do to the west.</p> <p>The fact that the US armed these forces and provided them with logistical support against the Taliban also flies against the \"pipeline project\" theory.</p> <p>The US was actually <a href=\"http://commentisfree.theguardian.com/conor_foley/2006/05/afghanistan_1.html\">initially very reluctant</a> to get involved in \"nation-building\", and opposed the expansion of the International Security Assistance Force (Isaf) beyond a token strength. Many of Afghanistan's current problems stem from this mistake, which most observers believe shows the US had no long-term strategic plan for, or interest in, the country.</p> <p>The theory's basic assumptions also rest on some extremely curious logic. Either it is a complete coincidence that US policy towards Afghanistan changed at exactly the same time as the 9/11 attacks or, as some believe, these were an \"inside job\" to provide an excuse for the invasion.</p> <p>But why, in either case, was Afghanistan targeted? Surely, if you believe that the Bush administration is awesomely powerful and wicked enough to create such a smokescreen, it would have made much more sense to blame Iraq from the outset.</p> <p>After all if it really was \"all about the oil\", then why not use 9/11 to invade a country that actually had some, rather than one of the only places in the region that did not?</p> <p>Perhaps the problem for some of the theory's supporters is that, once it begins to unravel, they are left with the more plausible explanation about 9/11 and its aftermath, which the rest of us accept.</p> <p>I have written about \"conspiracy theories\" a couple of times before, and on <a href=\"http://commentisfree.theguardian.com/conor_foley/2007/09/the_troof_is_out_there.html\">both occasions</a> I was amazed at both the number and sheer vitriol of the responses.</p> <p>I remain unconvinced by the claims of the supporters of the \"pipeline project\". But before I get accused of being a \"CIA agent\", an antisemite or a \"Zionist media whore\", let me make it clear that I am perfectly prepared to accept the sincerity of those who argue the case. If they are right, it would have very significant implications for the analysis of western policy, and this makes it worth <a href=\"http://www.theguardian.com/world/2001/oct/23/afghanistan.terrorism11\">subjecting</a> their claims to some scrutiny.</p> <p>If they are wrong, though - which all the evidence suggests - I hope some would now be prepared to admit it so that we can get on with more important discussions.</p>",
      "wordcount": "909",
      "commentCloseDate": "2008-03-02T08:30:03Z",
      "commentable": "true",
      "isPremoderated": "false",
      "lastModified": "2016-06-15T08:22:34Z",
      "newspaperEditionDate": "2008-02-29T00:00:00Z",
      "productionOffice": "UK",
      "publication": "theguardian.com",
      "shortUrl": "https://gu.com/p/xc2a2",
      "shouldHideAdverts": "false",
      "showInRelatedContent": "true",
      "legallySensitive": "false",
      "lang": "en",
      "bodyText": "After almost every article I have written about Afghanistan, the words \"oil\" and \"pipeline\" have appeared in the comments box. Often they are in one of the first responses, and sometimes they are practically the only words used - as if the commenter had glanced at the headline and rushed to click the \"post your comments\" button without bothering to read anything else. According to this theory, the US did not intervene in Afghanistan in response to the attacks of September 11 2001, but at the behest of the oil company Unocal in order to facilitate the building of a pipeline from Turkmenistan to Pakistan. Some accounts say the Taliban met representatives of the US government a month before the 9/11 attacks and were offered the choice between the pipeline, and diplomatic recognition or military attack. \"Either you accept our offer of a carpet of gold, or we bury you under a carpet of bombs,\" a US representative is alleged to have said. Michael Moore claims, in Fahrenheit 9/11, that President Karzai once worked for Unocal, and some say this may have been why he was foisted on the country after the Taliban were overthrown. Of course, if you really do believe that the \"pipeline project\" was \"the main reason for the invasion and occupation\", then all other discussion becomes superfluous. But, even on its own terms, the theory makes absolutely no sense. It is true that Unocal, for which Karzai never worked, was interested in building a pipeline in Afghanistan in the mid-1990s. And a case can be made that the Clinton administration was prepared to overlook the Taliban's appalling human rights record, at this time because it hoped that the stability this might bring to the country could facilitate the project. However, it takes quite a leap from here to argue that this is also why US policy then underwent a complete volte face from supporting the Taliban to overthrowing it. Yet this is what a sizeable number of people believe. Even the Guardian wrote, in October 2001, that \"securing control and export of the region's vast oil and gas reserves\" was a major factor in the US invasion strategy. But where is this pipeline? Fahrenheit 9/11 shows footage of a pipeline being laid, but this certainly is not the pipeline in question since, to date, no western company has shown any interest in building one. Unocal shut down its office in Turkmenistan in 1998 and says it has no plans to return to the region. There is, in fact, nothing to suggest that oil formed any significant part of US policy towards Afghanistan. Oil certainly was an important factor in the invasion of Iraq, and the occupying forces took care to guard the country's oil installations while everything else descended into chaos. However, this is in complete contrast to Afghanistan, where US forces have been concentrated in the south and east, battling with the Taliban. The north and central regions of the country, through which any proposed pipeline would have to be built, remain largely in the hands of warlords who have closer ties to Russia, Iran, Tajikistan and Uzbekistan than they do to the west. The fact that the US armed these forces and provided them with logistical support against the Taliban also flies against the \"pipeline project\" theory. The US was actually initially very reluctant to get involved in \"nation-building\", and opposed the expansion of the International Security Assistance Force (Isaf) beyond a token strength. Many of Afghanistan's current problems stem from this mistake, which most observers believe shows the US had no long-term strategic plan for, or interest in, the country. The theory's basic assumptions also rest on some extremely curious logic. Either it is a complete coincidence that US policy towards Afghanistan changed at exactly the same time as the 9/11 attacks or, as some believe, these were an \"inside job\" to provide an excuse for the invasion. But why, in either case, was Afghanistan targeted? Surely, if you believe that the Bush administration is awesomely powerful and wicked enough to create such a smokescreen, it would have made much more sense to blame Iraq from the outset. After all if it really was \"all about the oil\", then why not use 9/11 to invade a country that actually had some, rather than one of the only places in the region that did not? Perhaps the problem for some of the theory's supporters is that, once it begins to unravel, they are left with the more plausible explanation about 9/11 and its aftermath, which the rest of us accept. I have written about \"conspiracy theories\" a couple of times before, and on both occasions I was amazed at both the number and sheer vitriol of the responses. I remain unconvinced by the claims of the supporters of the \"pipeline project\". But before I get accused of being a \"CIA agent\", an antisemite or a \"Zionist media whore\", let me make it clear that I am perfectly prepared to accept the sincerity of those who argue the case. If they are right, it would have very significant implications for the analysis of western policy, and this makes it worth subjecting their claims to some scrutiny. If they are wrong, though - which all the evidence suggests - I hope some would now be prepared to admit it so that we can get on with more important discussions.",
      "charCount": "5274"
    },
    "isHosted": false,
    "pillarId": "pillar/opinion",
    "pillarName": "Opinion"
  },
  {
    "id": "business/2008/feb/29/oil.marketturmoil",
    "type": "article",
    "sectionId": "business",
    "sectionName": "Business",
    "webPublicationDate": "2008-02-29T01:37:08Z",
    "webTitle": "Oil prices jump after fire at gas terminal",
    "webUrl": "https://www.theguardian.com/business/2008/feb/29/oil.marketturmoil",
    "apiUrl": "https://content.guardianapis.com/business/2008/feb/29/oil.marketturmoil",
    "fields": {
      "headline": "Oil prices jump after fire at gas terminal",
      "standfirst": "<strong>&#183;</strong> Explosion at Norfolk plant importing 13% of supplies <br /><strong>&#183;</strong> 'Major incident', but no reports of casualties",
      "trailText": "<p>Explosion at Norfolk plant, which imports 13% of Britain's gas supply, described as major incident</p>",
      "byline": "Martin Hodgson and Dan Milmo",
      "main": "",
      "body": "<p>Emergency teams were last night fighting a big fire at one of Britain's largest gas terminals, which sent more jitters through energy markets.</p> <p>The blaze is believed to have broken out at a water treatment plant at the Bacton gas terminal in north Norfolk. Norfolk fire service said 10 crews had contained the fire, which was described as a major incident.</p> <p>National Grid said the terminal imports 13% of Britain's gas supply, but a spokesman said only part of the terminal had been closed and moved to reassure the public that the facility was still receiving adequate supplies. </p> <p>\"There is plenty of gas coming ashore and there is plenty in storage,\" he said.</p> <p>UK oil prices rose sharply to a new record high above $101 a barrel (\u00a350) as investors speculated that the incident would cause concerns about supply.</p> <p>The terminal, owned jointly by several energy companies and operated by Shell, distributes natural gas between Britain and mainland Europe through pipes beneath the North sea. It also houses gas processing facilities.</p> <p>Gas is brought to the terminal by pipes from the North sea and the low countries. Gas bills have soared by an average of 15% in recent months as wholesale prices have gone up. The incident at Bacton will do little to alleviate the pressure on prices.</p> <p>The National Grid spokesman played down the significance of the incident: \"We have many different supply sources in this country.\" But supplies have been tight, and cold weather can easily cause a sharp rise in wholesale prices.</p> <p>Gas and oil prices tend to move in tandem. If there is not enough gas supply then demand for oil increases. Pressure on prices has risen on the back of fears that Opec ministers, who meet next week, could call for a cut in the cartel's production.</p> <p>John Ellis, an emergency planning officer at the terminal, told the BBC that there had been an explosion related to a fire, which broke out shortly before 6pm. </p> <p>Jean Smith, who lives about half a mile from the plant in Kimberley Road, said she heard an explosion about 6pm and saw a ball of smoke followed by flames.</p> <p>She said: \"We heard a bang, like a plane going through the sound barrier. The place shook and we looked out to see a ball of black smoke above the plant.</p> <p>\"Then all the alarms went off up there.</p> <p>\"It seems to have died down now but there's a lot of flashing lights and a helicopter. It seems to be in just one area of the plant.\"</p> <p>Patricia Myles, who lives near the terminal, said: \"First we heard a bang and then I came out of the back and walked along the track, and all I could see was black smoke.</p> <p>\"Once I got to the end of the lane there were flames shooting up 10 or 20ft, maybe more, in the air. Within about five or six minutes the flames went down and there was just a lot of black smoke.\" Anna Hollis, at a nearby holiday park, said: \"Just after the fire broke out we could see flames and smoke shooting up into the air and the alarm was going off. We could see the fire was right in the centre of the terminal and there were helicopters flying all around.\"</p> <p>The Bacton fire set off a frenzy of speculative buying in New York. US crude oil futures moved above the previous inflation-adjusted record high of $102.53 from 1980. Oil prices have doubled in the past year, causing petrol prices to hit record highs, as well as bringing pain to industry.</p> <p>A Norfolk police spokesman said: \"The fire was in a waste-water treatment plant. All 17 staff working in the area have been accounted for and there are no reports of casualties. The fire is now under control.\" </p> <p>A spokesman for the East of England Ambulance Service said: \"We're there but on standby, just watching over the fire service while they fight the fire. </p> <p>\"We have one ambulance and two staff there. We've had no reports of injuries.\"</p>",
      "newspaperPageNumber": "4",
      "wordcount": "681",
      "commentable": "false",
      "isPremoderated": "false",
      "lastModified": "2017-11-27T16:41:14Z",
      "newspaperEditionDate": "2008-02-29T00:00:00Z",
      "productionOffice": "UK",
      "publication": "The Guardian",
      "shortUrl": "https://gu.com/p/x3jm5",
      "shouldHideAdverts": "false",
      "showInRelatedContent": "true",
      "legallySensitive": "false",
      "lang": "en",
      "bodyText": "Emergency teams were last night fighting a big fire at one of Britain's largest gas terminals, which sent more jitters through energy markets. The blaze is believed to have broken out at a water treatment plant at the Bacton gas terminal in north Norfolk. Norfolk fire service said 10 crews had contained the fire, which was described as a major incident. National Grid said the terminal imports 13% of Britain's gas supply, but a spokesman said only part of the terminal had been closed and moved to reassure the public that the facility was still receiving adequate supplies. \"There is plenty of gas coming ashore and there is plenty in storage,\" he said. UK oil prices rose sharply to a new record high above $101 a barrel (\u00a350) as investors speculated that the incident would cause concerns about supply. The terminal, owned jointly by several energy companies and operated by Shell, distributes natural gas between Britain and mainland Europe through pipes beneath the North sea. It also houses gas processing facilities. Gas is brought to the terminal by pipes from the North sea and the low countries. Gas bills have soared by an average of 15% in recent months as wholesale prices have gone up. The incident at Bacton will do little to alleviate the pressure on prices. The National Grid spokesman played down the significance of the incident: \"We have many different supply sources in this country.\" But supplies have been tight, and cold weather can easily cause a sharp rise in wholesale prices. Gas and oil prices tend to move in tandem. If there is not enough gas supply then demand for oil increases. Pressure on prices has risen on the back of fears that Opec ministers, who meet next week, could call for a cut in the cartel's production. John Ellis, an emergency planning officer at the terminal, told the BBC that there had been an explosion related to a fire, which broke out shortly before 6pm. Jean Smith, who lives about half a mile from the plant in Kimberley Road, said she heard an explosion about 6pm and saw a ball of smoke followed by flames. She said: \"We heard a bang, like a plane going through the sound barrier. The place shook and we looked out to see a ball of black smoke above the plant. \"Then all the alarms went off up there. \"It seems to have died down now but there's a lot of flashing lights and a helicopter. It seems to be in just one area of the plant.\" Patricia Myles, who lives near the terminal, said: \"First we heard a bang and then I came out of the back and walked along the track, and all I could see was black smoke. \"Once I got to the end of the lane there were flames shooting up 10 or 20ft, maybe more, in the air. Within about five or six minutes the flames went down and there was just a lot of black smoke.\" Anna Hollis, at a nearby holiday park, said: \"Just after the fire broke out we could see flames and smoke shooting up into the air and the alarm was going off. We could see the fire was right in the centre of the terminal and there were helicopters flying all around.\" The Bacton fire set off a frenzy of speculative buying in New York. US crude oil futures moved above the previous inflation-adjusted record high of $102.53 from 1980. Oil prices have doubled in the past year, causing petrol prices to hit record highs, as well as bringing pain to industry. A Norfolk police spokesman said: \"The fire was in a waste-water treatment plant. All 17 staff working in the area have been accounted for and there are no reports of casualties. The fire is now under control.\" A spokesman for the East of England Ambulance Service said: \"We're there but on standby, just watching over the fire service while they fight the fire. \"We have one ambulance and two staff there. We've had no reports of injuries.\"",
      "charCount": "3766"
    },
    "isHosted": false,
    "pillarId": "pillar/news",
    "pillarName": "News"
  },
  {
    "id": "business/2008/feb/29/useconomy.creditcrunch",
    "type": "article",
    "sectionId": "business",
    "sectionName": "Business",
    "webPublicationDate": "2008-02-29T00:13:04Z",
    "webTitle": "Single US rogue trader blamed for 25% swings in wheat price",
    "webUrl": "https://www.theguardian.com/business/2008/feb/29/useconomy.creditcrunch",
    "apiUrl": "https://content.guardianapis.com/business/2008/feb/29/useconomy.creditcrunch",
    "fields": {
      "headline": "Single US rogue trader blamed for 25% swings in wheat price",
      "trailText": "<p>Scandal responsible for contributing to record volatility in world markets for the staple food</p>",
      "byline": "Andrew Clark in New York",
      "main": "",
      "body": "<p>A rogue trader at the commodity broker MF Global has lost $141.5m (\u00a371m) by taking huge personal bets on the direction of wheat prices, in a scandal blamed for contributing to record volatility in world markets for the staple food.</p> <p>MF Global was spun off last year by Britain's Man Group, which still holds an 18.6% stake. It revealed yesterday that it had fired a trader in its Memphis office for an \"awful\" position taken on wheat futures on Chicago's derivatives exchange during the early hours of Wednesday morning.</p> <p>The individual, identified by the company as Evan Dooley, was allowed to smash internal limits as MF's risk controls failed. An experienced trader, Dooley was trading on his own personal account rather than using clients' money, but MF was obliged to cover his liability under the rules of the Chicago Board of Trade. </p> <p>\"Everybody's obviously very upset that this has happened. It's embarrassing for all of us; it's embarrassing for our colleagues,\" said MF Global's chief executive, Kevin Davis, who said the loss amounted to 6% of the company's capital. \"For us, this is an absolutely awful event but we believe it was an aberration in risk control and we believe we've fixed it.\"</p> <p>Usually considered a relatively placid investment, wheat futures suffered the largest swings in the market's history on Wednesday with prices changing by as much as 25%. Insiders said Dooley panicked as prices moved and began disastrous attempts to liquidate his position.</p> <p>Analysts have blamed the volatility on a global shortage in hard red spring wheat, a key variety used in bread that has doubled in price since September. Supply has been damaged by two years of drought in Australia, a frozen American midwest and poor harvests in Ukraine.</p> <p>Greg Wagner, senior analyst at AgResource in Chicago, said the scandal unlocked the mystery of Wednesday's price swings: \"This clearly explains some of the price action we've seen.\"</p>",
      "newspaperPageNumber": "31",
      "wordcount": "321",
      "commentable": "false",
      "isPremoderated": "false",
      "lastModified": "2017-11-26T21:27:48Z",
      "newspaperEditionDate": "2008-02-29T00:00:00Z",
      "productionOffice": "UK",
      "publication": "The Guardian",
      "shortUrl": "https://gu.com/p/x3jyj",
      "shouldHideAdverts": "false",
      "showInRelatedContent": "true",
      "legallySensitive": "false",
      "lang": "en",
      "bodyText": "A rogue trader at the commodity broker MF Global has lost $141.5m (\u00a371m) by taking huge personal bets on the direction of wheat prices, in a scandal blamed for contributing to record volatility in world markets for the staple food. MF Global was spun off last year by Britain's Man Group, which still holds an 18.6% stake. It revealed yesterday that it had fired a trader in its Memphis office for an \"awful\" position taken on wheat futures on Chicago's derivatives exchange during the early hours of Wednesday morning. The individual, identified by the company as Evan Dooley, was allowed to smash internal limits as MF's risk controls failed. An experienced trader, Dooley was trading on his own personal account rather than using clients' money, but MF was obliged to cover his liability under the rules of the Chicago Board of Trade. \"Everybody's obviously very upset that this has happened. It's embarrassing for all of us; it's embarrassing for our colleagues,\" said MF Global's chief executive, Kevin Davis, who said the loss amounted to 6% of the company's capital. \"For us, this is an absolutely awful event but we believe it was an aberration in risk control and we believe we've fixed it.\" Usually considered a relatively placid investment, wheat futures suffered the largest swings in the market's history on Wednesday with prices changing by as much as 25%. Insiders said Dooley panicked as prices moved and began disastrous attempts to liquidate his position. Analysts have blamed the volatility on a global shortage in hard red spring wheat, a key variety used in bread that has doubled in price since September. Supply has been damaged by two years of drought in Australia, a frozen American midwest and poor harvests in Ukraine. Greg Wagner, senior analyst at AgResource in Chicago, said the scandal unlocked the mystery of Wednesday's price swings: \"This clearly explains some of the price action we've seen.\"",
      "charCount": "1927"
    },
    "isHosted": false,
    "pillarId": "pillar/news",
    "pillarName": "News"
  },
  {
    "id": "lifeandstyle/2008/feb/29/women",
    "type": "article",
    "sectionId": "lifeandstyle",
    "sectionName": "Life and style",
    "webPublicationDate": "2008-02-29T00:11:43Z",
    "webTitle": "Zoe Williams on all the amazing surprises of motherhood",
    "webUrl": "https://www.theguardian.com/lifeandstyle/2008/feb/29/women",
    "apiUrl": "https://content.guardianapis.com/lifeandstyle/2008/feb/29/women",
    "fields": {
      "headline": "Bonsai tree? Puppy? eBay bargain? Men need to be careful what they buy a new mum for her first Mother's Day",
      "trailText": "<p><strong>Zoe Williams </strong>on all the amazing surprises of motherhood</p>",
      "byline": "Zoe Williams",
      "main": "",
      "body": "<p>It's Mother's Day on Sunday, which would be a good time to ruminate on all the amazing surprises of motherhood; or else to reflect on how my becoming a mother has changed my relationship with my own mother, and led me to reappraise her many sacrifices, yik yak yik yak. But never minding all that for a second, let's worry first about what T might get me on this special day.</p> <p>Of course, he is too young to go shopping. So if he is to please me in any way at this precious time of year, it will only be in collaboration with his father. The relationship tightrope of a new mother's first Mother's Day was something</p> <p>I first became aware of in 2005 when my best friend, J, had her daughter, E. J is absurdly, comically conscious of being boring to non-mothers; well, I say it's absurd but she is quite right. Developmental milestones are very boring to non-parents. I wouldn't have wanted to know that her firstborn could pick a duck out of a farmyard animal line-up, or learned how to roll, but only now do I appreciate the superhuman effort it must have been not to tell me.</p> <p>The consequence of her courtesy and discretion is that I only remember one thing about her first year as a mother, which was that she got herself into a total stew about how upset she was going to be when her boyfriend didn't get her a Mother's Day card. For the whole of the preceding week, she was in a fury. Because it was exactly the kind of thing he might forget to do, and yet reminding him would ruin the whole day. But who else was going to remind him? Definitely not E, who was only three months old.</p> <p>I am going to take on this mantle, on behalf of everyone who's had a baby since March 2007. Menfolk, I don't care that you're resolutely uncommercial and you read the Guardian precisely because you don't want to buy into yet another meaningless Hallmark construct. Your girlfriend/wife will still want a card, and if it has to be one that doesn't cost anything, that just means it must be 10 times better. Perhaps you could dip your baby's hands in paint, and do a handprint card. Or if it's really young, and you're worried about toxicity, you could dip its feet in olive oil, and do a footprint card on to kitchen towel. But then you'll have to mount it on something - you can't just give her a grubby piece of kitchen towel.</p> <p>If you suspect that your girlfriend would like an actual present - and I can't fault your acuity - then don't go crazy, because at some point, remember, your child will have to take on this gift-mantle. My sister's daughter \"got\" her a bonsai tree for her first Mother's Day. This was cute, I think. It doesn't say anything huge. It just says, here's another tiny thing for the house.</p> <p>I would quite like a puppy on this basis. What am I talking about? There is no way C is going to buy me a puppy.</p> <p>Just to run through other appropriately cheap things (I'm still on the bonsai tree, price-wise - puppies are not cheap), I think chocolate is a really bad idea. From even the rosiest perspective the business of motherhood does make its enemy incursions into your sense of self, and I think a gift as generic and impersonal and cosy as chocolate, or any other high concentration of sugar, come to that, would really ram those incursions home. Sure, it's supposed to be from your baby. He doesn't even know what incursion means, though I secretly suspect T of knowing what \"is there a poodle in your nappy, noodle?\" means. But still ... leave the chocolate until Easter. It's only round the corner.</p> <p>So what, then? I bought a vintage baby book from the 50s on eBay. It was only 99p, never used, so I can fill it all in myself; it's full of little sections like \"first word\" and \"christening outfit\". That would have been cool, if C/T had bought me that. Though sadly for them, I now already have it.</p> <p>Instead of just flinging out random ideas, here's a cautionary tale from the experience of J. After all that fretting, her boyfriend had got her a card, imaginatively featuring a photo of her tiny tot, he'd got her a present, and he greeted the day saying, \"It's your day. We're going to do exactly what you want.\" Only, because she'd spent the week silently berating him instead of planning for an eventuality such as this, they ended up in Ikea.</p>",
      "newspaperPageNumber": "25",
      "wordcount": "792",
      "commentable": "false",
      "isPremoderated": "false",
      "lastModified": "2017-11-25T23:45:32Z",
      "newspaperEditionDate": "2008-02-29T00:00:00Z",
      "productionOffice": "UK",
      "publication": "The Guardian",
      "shortUrl": "https://gu.com/p/xka72",
      "shouldHideAdverts": "false",
      "showInRelatedContent": "true",
      "legallySensitive": "false",
      "lang": "en",
      "bodyText": "It's Mother's Day on Sunday, which would be a good time to ruminate on all the amazing surprises of motherhood; or else to reflect on how my becoming a mother has changed my relationship with my own mother, and led me to reappraise her many sacrifices, yik yak yik yak. But never minding all that for a second, let's worry first about what T might get me on this special day. Of course, he is too young to go shopping. So if he is to please me in any way at this precious time of year, it will only be in collaboration with his father. The relationship tightrope of a new mother's first Mother's Day was something I first became aware of in 2005 when my best friend, J, had her daughter, E. J is absurdly, comically conscious of being boring to non-mothers; well, I say it's absurd but she is quite right. Developmental milestones are very boring to non-parents. I wouldn't have wanted to know that her firstborn could pick a duck out of a farmyard animal line-up, or learned how to roll, but only now do I appreciate the superhuman effort it must have been not to tell me. The consequence of her courtesy and discretion is that I only remember one thing about her first year as a mother, which was that she got herself into a total stew about how upset she was going to be when her boyfriend didn't get her a Mother's Day card. For the whole of the preceding week, she was in a fury. Because it was exactly the kind of thing he might forget to do, and yet reminding him would ruin the whole day. But who else was going to remind him? Definitely not E, who was only three months old. I am going to take on this mantle, on behalf of everyone who's had a baby since March 2007. Menfolk, I don't care that you're resolutely uncommercial and you read the Guardian precisely because you don't want to buy into yet another meaningless Hallmark construct. Your girlfriend/wife will still want a card, and if it has to be one that doesn't cost anything, that just means it must be 10 times better. Perhaps you could dip your baby's hands in paint, and do a handprint card. Or if it's really young, and you're worried about toxicity, you could dip its feet in olive oil, and do a footprint card on to kitchen towel. But then you'll have to mount it on something - you can't just give her a grubby piece of kitchen towel. If you suspect that your girlfriend would like an actual present - and I can't fault your acuity - then don't go crazy, because at some point, remember, your child will have to take on this gift-mantle. My sister's daughter \"got\" her a bonsai tree for her first Mother's Day. This was cute, I think. It doesn't say anything huge. It just says, here's another tiny thing for the house. I would quite like a puppy on this basis. What am I talking about? There is no way C is going to buy me a puppy. Just to run through other appropriately cheap things (I'm still on the bonsai tree, price-wise - puppies are not cheap), I think chocolate is a really bad idea. From even the rosiest perspective the business of motherhood does make its enemy incursions into your sense of self, and I think a gift as generic and impersonal and cosy as chocolate, or any other high concentration of sugar, come to that, would really ram those incursions home. Sure, it's supposed to be from your baby. He doesn't even know what incursion means, though I secretly suspect T of knowing what \"is there a poodle in your nappy, noodle?\" means. But still ... leave the chocolate until Easter. It's only round the corner. So what, then? I bought a vintage baby book from the 50s on eBay. It was only 99p, never used, so I can fill it all in myself; it's full of little sections like \"first word\" and \"christening outfit\". That would have been cool, if C/T had bought me that. Though sadly for them, I now already have it. Instead of just flinging out random ideas, here's a cautionary tale from the experience of J. After all that fretting, her boyfriend had got her a card, imaginatively featuring a photo of her tiny tot, he'd got her a present, and he greeted the day saying, \"It's your day. We're going to do exactly what you want.\" Only, because she'd spent the week silently berating him instead of planning for an eventuality such as this, they ended up in Ikea.",
      "charCount": "4254"
    },
    "isHosted": false,
    "pillarId": "pillar/lifestyle",
    "pillarName": "Lifestyle"
  }
]