[
  {
    "id": "football/2008/nov/01/premierleague-tottenhamhotspur",
    "type": "article",
    "sectionId": "football",
    "sectionName": "Football",
    "webPublicationDate": "2008-11-01T13:00:15Z",
    "webTitle": "Tottenham Hotspur v Liverpool - live minute-by-minute report",
    "webUrl": "https://www.theguardian.com/football/2008/nov/01/premierleague-tottenhamhotspur",
    "apiUrl": "https://content.guardianapis.com/football/2008/nov/01/premierleague-tottenhamhotspur",
    "fields": {
      "headline": "Tottenham Hotspur v Liverpool - as it happened",
      "trailText": "<p>Harry Redknapp's Midas touch at Spurs continued with yet another comeback. Scott Murray watched Liverpool miss chance after chance - and pay the price</p>",
      "byline": "Scott Murray",
      "main": "<figure class=\"element element-image\" data-media-id=\"gu-image-339237763\"> <img src=\"http://static.guim.co.uk/sys-images/Football/Pix/pictures/2008/11/01/motah.jpg\" alt=\"Arry's Special Bandwagon\" width=\"460\" height=\"276\" class=\"gu-image\" /> <figcaption> <span class=\"element-image__caption\">The Redknapp bandwagon: what it might look like if it literally was a vehicle (which it isn't, it's a lazy metaphor for his sudden elevation to genius status in all newspapers, though come to think about it, he wouldn't actually be driving it himself, would he)</span> </figcaption> </figure>",
      "body": "<!-- Block 1 --> <p><strong>\"I've got a good feeling about this game,\" says Harry Redknapp.</strong> And why not? Why can't his bottom-of-the-table Spurs beat top-of-the-table Liverpool? His team have just recorded a scrappy win against Bolton, and happened to be there when several Arsenal players suffered rollocking nervous breakdowns, after all.</p> <p><strong>Kick off:</strong> 5.30pm</p> <!-- Block 2 --> <p><strong>Ledley King is back from injury, for the 984th time in his career:</strong> Gomes, Corluka, King, Woodgate, Assou-Ekotto, Bentley, Zokora, Huddlestone, O'Hara, Modric, Bent.<br>Subs: Cesar, Hutton, Bale, Gunter, Lennon, Pavlyuchenko, Campbell.</p> <!-- Block 3 --> <p><strong>Fernando Torres is not even in the squad:</strong> Reina, Arbeloa, Carragher, Agger, Dossena, Kuyt, Mascherano, Alonso, Riera, Gerrard, Keane.<br>Subs: Cavalieri, Hyypia, Aurelio, Benayoun, Babel, Leiva Lucas, El Zhar.</p> <!-- Block 4 --> <p><strong>Referee:</strong> Phil Dowd (Staffordshire)</p> <!-- Block 5 --> <p><strong>Typical Spurs Fan dept.</strong> \"During Harry Redknapp's last few days in charge, we've only picked up one point,\" moans James Bal. \"Time for a new manager!\"</p> <!-- Block 6 --> <p><strong>Typical Manchester United Fan dept.</strong> \"Having just stared in to the entrails of a recently deceased pigeon, I've come to the conclusion that Spurs are doomed today,\" writes Chris Taylor. \"Brothers Andy and Kevin Dawson both turned out today against giants of north-west football. Andy's Hull City lost to Manchester United. Kevin's Worksop Town went down 3-0 at home to FC United of Manchester. And now it's Michael Dawson's turn to have his arse handed to him on a shining silver platter, or crumpled Greggs bag, or whatever. Come on Michael Dawson. Do it for your family. For football, even. You're going to tell me he isn't playing now, aren't you?\" Yes.</p> <!-- Block 7 --> <p><strong>Andrea Dossena, though.</strong> Seven million pounds, he cost. Seven million. \u00a37m. \u00a37,000,000. <strong><em>SEVEN MILLION OF THE NEW POUNDS IN THE QUEEN'S MONEY.</em></strong></p> <!-- Block 8 --> <p><strong>And we're off!</strong> Spurs kick off, hoof it long, long, long, and lose possession after less than ten seconds, Bent climbing all over the back of Carragher.</p> <!-- Block 9 --> <p><strong>2 min:</strong> Gerrard swings a long free kick into the Spurs box. It should be the keeper's, and is, eventually, but Gomes makes one hell of a meal in claiming it, nearly overrunning the ball and dropping it. \"Since Harry Redknapp is a renowned wheeler-dealer,\" writes George Templeton, \"how much do you think he could sell the car in the picture for?\" He could probably get Rafael Benitez to pay \u00a37m for it. Benitez will pay \u00a37m for anything.</p> <!-- Block 10 --> <p><strong>3 min: WHAT A FINISH! Tottenham 0-1 Liverpool.</strong> A beautiful turn from Keane on the edge of the area diddles King with ease. The ball runs to Kuyt in the right-hand side of the area - and the striker absolutely welts a shot into the roof of the net from a tight angle. That's a fantastic finish, and not particularly good defending from King, who was standing off a fair bit.</p> <!-- Block 11 --> <p><strong>6 min:</strong> Oh my word, Spurs are all over the shop at the back. Gomes flaps at a Gerrard free kick to concede a corner. From it, Bent shanks the ball behind him, through Gomes's legs, and onto the right-hand post. That was so close to a second, which won't be long in coming if Spurs keep this up. Their defending is nothing short of pathetic at present.</p> <!-- Block 12 --> <p><strong>7 min:</strong> Riera finds Dossena in around 17 miles of space out on the left wing. It's a decent cross that's subsequently sent into the box by the full back, low and hard towards Keane in the centre, and this time King does his work diligently, slapping the ball clear before it can get to the Liverpool striker.</p> <!-- Block 13 --> <p><strong>10 min:</strong> White Hart Lane is very quiet at the moment. It's absolutely <em>tipping</em> down. Spurs have spent about 13 seconds in the Liverpool half so far.</p> <!-- Block 14 --> <p><strong>12 min:</strong> Huddlestone nearly releases Bent down the inside left channel with a clever pass, but the ball takes off on the greasy surface, allowing Reina to slide out and usher the ball out of his area. He hoofs the ball away as the home fans claim he had handled outside the area, but the cries are more in hope than anything else.</p> <!-- Block 15 --> <p><strong>15 min:</strong> The ball clanks around in a giddy fashion near the Spurs area for a while. Suddenly it breaks to Gerrard, who exchanges crisp passes with Keane then pokes a weak shot towards goal. Liverpool are a lot quicker to the ball than their opponents at the moment.</p> <!-- Block 16 --> <p><strong>19 min:</strong> This game has gone strangely quiet. Both teams trade the ball occasionally, stroke it around to little effect, then lose it. \"Bandwagon or no, Redknapp is surely doomed,\" writes Joe Pearson. \"Manager for Spurs is nearly as temporary a position as Spinal Tap's drummer or Football Weekly's Italian correpondent.\"</p> <!-- Block 17 --> <p><strong>22 min:</strong> Tottenham's best - first - attacking move of the match, and it's a good one. Modric sprays a delicious ball left to right towards Bentley, who knocks the ball back first time to Corluka. The ball's sent fizzing right across the face of the six-yard box, but Bent can't quite get there in time. A lovely move, with absolutely no end product whatsoever.</p> <!-- Block 18 --> <p><strong>25 min:</strong> This is very dead at the moment, this match.</p> <!-- Block 19 --> <p><strong>27 min:</strong> Kuyt, Alonso, Mascherano, Gerrard ping it around nicely for about two minutes, stringing together about 600 passes and losing 30 yards of territory before slicing it out of play.</p> <!-- Block 20 --> <p><strong>29 min:</strong> Kuyt knocks a long ball down to Gerrard, who contemplates hitting it from the edge of the box. With Keane in space wide right, he then thinks about sending it out there. In the end he slices a weak shot well wide left of goal.</p> <!-- Block 21 --> <p><strong>31 min:</strong> Bentley stands over a free kick 30 yards out. He then watches his effort blaze 30 yards over the bar. A terrible effort.</p> <!-- Block 22 --> <p><strong>33 min:</strong> This is a pretty poor match. Liverpool will be more than happy with the way it's going, though: Spurs are achieving absolutely nothing of note, the visitors looking totally assured at the back.</p> <!-- Block 23 --> <p><strong>36 min:</strong> Dossena breaks down the left and slips a cross over which finds its way to Keane on the edge of the box. His shot is easily closed down. Liverpool are certainly bossing this game, but they're not doing much up front.</p> <!-- Block 24 --> <p><strong>40 min:</strong> Spurs pass it around the back for a while. And get nowhere. This is one aimless game alright.</p> <!-- Block 25 --> <p><strong>41 min:</strong> Tottenham's only joy seems to come down the right, where only Mr Dossena awaits. Bentley frees Corluka down that wing; Agger is forced to concede a corner. Nothing comes of it, the ball being cleared, but it immediately comes back at Liverpool again, Modric trying to recreate his shot at the end of the Arsenal game which hit the post and allowed Aaron Lennon to score. This time there's no joy for him, though: Reina manages to get his body behind an excellent shot.</p> <!-- Block 26 --> <p><strong>44 min:</strong> Keane nearly breaks clear down the right... but doesn't. The lack of decent action in this game is making me quite unhappy.</p> <!-- Block 27 --> <p><strong>45 min:</strong> Gerrard is booked for a totally needless lunge on Woodgate, when the ball was careering out of play. He was nowhere near the ball. That's a very stupid booking.</p> <!-- Block 28 --> <p><strong>HALF TIME: Tottenham Hotspur 0-1 Liverpool.</strong> Read the entry for the third minute. That's all that happened.</p> <!-- Block 29 --> <p><strong>Two emails which will guarantee Spurs an equaliser, probably scored by a Croat.</strong> \"Isn't 'Arry thinking of building his team around Luka Modric?\" wonders Gary Naylor. \"Has he seen the size of him? It's big ugly scrappers Tottenham need to get them out of the mire, not delicate playmakers more suited to Futsal than Fratton.\" Meanwhile Mac Millings is of the opinion that this game is over. \"Tell them to stop now because <a href=\"http://www.theguardian.com/football/2008/nov/01/live-premierleague-clockwatch\">Rob Smyth called it right, Spurs 0-1 Liverpool</a>,\" he writes, confusing the art of making calls with transparent desperate fate-tempting on Smyth's part. \"What's the point in going on? Really, they should have stopped after 3 mins, and gone out on a high, like George Costanza leaving an office meeting after a zinger.\"</p> <!-- Block 30 --> <p><strong>And we're off again!</strong> Spurs have made a double substitution, Pavlyuchenko and Hutton replacing O'Hara and Assou-Ekotto.</p> <!-- Block 31 --> <p><strong>46 min:</strong> Pavlychenko is immediately into the action, chesting down a long ball from the left wing and shanking a shot wide. But almost immediately, that's better from Spurs, who were godawful in the first half.</p> <!-- Block 32 --> <p><strong>48 min:</strong> Gerrard swings in a cross from the right which Gomes catches to ironic cheers. From his own fans. That's not really going to help, now, is it?</p> <!-- Block 33 --> <p><strong>49 min:</strong> Pavlychenko slides in on Carragher, a fair old while after the defender had cleared the ball. He gets a ticking off from the referee, but probably should have gone in the book if Gerrard's challenge on the stroke of half time was anything to go by.</p> <!-- Block 34 --> <p><strong>50 min:</strong> Kuyt bustles down the right wing then cuts inside. It's a great run. Once he reaches the box, he attempts a shot, which is blocked. The ball breaks to Gerrard, who hammers it off King's arm - it wasn't a penalty because he was right next to his opponent with his back to the ball - and watches in horror as Gomes fingertips it onto the post. Liverpool were very, very unlucky there.</p> <!-- Block 35 --> <p><strong>52 min:</strong> Spurs race up the other end and win a corner. Woodgate gets his head to the ball but can't guide it on target. This is a much, much better match now.</p> <!-- Block 36 --> <p><strong>54 min:</strong> Gerrard hits the woodwork again! Gomes makes a terribe howler, passing the ball square behind King, allowing Keane to nip in and lay the ball out right to Gerrard. Gomes is in no-man's-land and Gerrard floats a chip over him - only for the ball to bounce off the top of the crossbar.</p> <!-- Block 37 --> <p><strong>54 min and a bit:</strong> Seconds later, Arbeloa rampages down the right and fizzes in a low cross which Kuyt can only guide over the bar. Liverpool should be out of sight by now - and Arsenal will know that feeling.</p> <!-- Block 38 --> <p><strong>57 min:</strong> Spurs can't get out of their own half. They concede a free kick 35 yards out, just to the left. Gerrard whips the ball towards the right-hand post, Alonso racing in to meet with his head. He can't guide it on target, though, heading down and wide. Again, that should have been Liverpool's second.</p> <!-- Block 39 --> <p><strong>59 min:</strong> This is getting stupid now. Riera takes a pop from the edge of the area. It's blocked, but falls to Gerrard - who either hits his own man, or shanks it horribly wide. Either way, yet another needless miss. Liverpool are going to regret this, if Wednesday night at the Emirates is a reliable guide.</p> <!-- Block 40 --> <p><strong>61 min:</strong> Spurs are offering nothing up front whatsoever.</p> <!-- Block 41 --> <p><strong>63 min:</strong> Liverpool are playing some lovely one-touch stuff, Riera and Alonso dinking it around on the edge of the area to nearly release Keane. He's eventually hustled out of it by King. If Liverpool don't win this game they are going to feel very sick.</p> <!-- Block 42 --> <p><strong>64 min:</strong> \"How has Robbie Keane been received by the White Hart fans?\" asks Roger Trimble. I don't know, I'm not in that pub. But at White Hart Lane I can tell you that - as he's replaced by Babel, making this the first-ever game he's played against an old team and failed to score - it's a strange mix of boos and polite applause. I get the feeling the real pelters will be guided in the direction of Dimitar Berbatov.</p> <!-- Block 43 --> <p><strong>66 min:</strong> Carragher is booked for knocking Bent over off the ball.</p> <!-- Block 44 --> <p><strong>69 min: IT HAD TO HAPPEN! Tottenham 1-1 Liverpool.</strong> Great work from Bent, who rips down the left, gets to the byline and whips a cross into the centre. Alonso is forced to head over, conceding a corner. Bentley swings it in from the right - and under pressure from King, Carragher, facing his own goal, heads down past his own keeper into the net. Liverpool's hapless profligacy has come back to haunt them.</p> <!-- Block 45 --> <p><strong>70 min:</strong> Liverpool are rocking all of a sudden. Reina comes out to claim a long ball into the box and totally misses it. The ball sails out of play, but for a while that looked dangerous for the visitors.</p> <!-- Block 46 --> <p><strong>72 min:</strong> Gerrard takes a swipe from just outside the area. It's a frustrated effort, sliced wildly left of target.</p> <!-- Block 47 --> <p><strong>73 min:</strong> Alonso attempts a volley from nearly 40 yards. You can sense the very real annoyance from the Liverpool players, who should have wrapped this game up a long time ago.</p> <!-- Block 48 --> <p><strong>75 min:</strong> Bentley lifts a long free kick into the Liverpool area. It's utterly terrible, allowing Reina to claim on the line. The keeper goes to clear and is impeded by King, who is booked for his trouble.</p> <!-- Block 49 --> <p><strong>76 min:</strong> Modric is replaced by the hero of the Emirates, Lennon.</p> <!-- Block 50 --> <p><strong>77 min:</strong> Good work from Arbeloa down the right releases Kuyt, but his attempt to cut inside from the wing and find the top-left corner is pretty damn poor, especially with Riera waiting at the far post for a cross.</p> <!-- Block 51 --> <p><strong>78 min:</strong> Riera is replaced by Benayoun. \"The real pelters may well be guided in the direction of Dimitar Berbatov,\" writes Mac Millings, but his reaction, I suspect, will be to remove his fag, tap it onto the pitch, and reinsert said fag into his mouth at a jaunty angle. He may then score, having not tried at all.\"</p> <!-- Block 52 --> <p><strong>79 min:</strong> Alonso passes the ball into nowhere, allowing Huddlestone to race away with it. He sends the ball towards Pavlyuchenko, who is in acres in the area, but the pass is too long. Liverpool appear to have lost a lot of confidence very quickly indeed.</p> <!-- Block 53 --> <p><strong>81 min:</strong> Spurs should have scored here. Dossena uselessly gives the ball away on the Spurs right, allowing Bentley to tear clear. He lifts an imaginative high ball into the area, forcing Reina to come out and deal with it. His punch is weak and straight towards Pavlyuchenko - but instead of hammering home, he sends a shot sailing high, wide and right. Liverpool are starting to rock a bit.</p> <!-- Block 54 --> <p><strong>84 min:</strong> Lennon pelts straight down the middle of the pitch, beating four men before being upended by Mascherano. That initally looks like a booking, but he's got a piece of the ball and escapes with a ticking off. Liverpool are now playing a containing game, as Spurs have their tails up.</p> <!-- Block 55 --> <p><strong>88 min:</strong> Lennon is causing Liverpool a lot of bother. He's blocked off the ball by Kuyt wide on the left, allowing Bentley to swing in a free kick. It's not particularly good, though, and easily dealt with.</p> <!-- Block 56 --> <p><strong>89 min:</strong> This is now all Spurs.</p> <!-- Block 57 --> <p><strong>90 min:</strong> There are going to be four more minutes of this.</p> <!-- Block 58 --> <p><strong>90 min: GOAL!!! Tottenham 2-1 Liverpool.</strong> And so the Redknapp bandwagon trundles on. Bentley cuts inside from the left and unleashes a low, swerving shot towards the bottom-right corner. Reina does fantastically well to push the ball wide right, but can't do anything about what happens next: Bent pulls a cross back across goal from the byline towards Pavlyuchenko, who hooks home.</p> <!-- Block 59 --> <p><strong>90 min +3:</strong> Liverpool - who are shellshocked - have a corner but it's wasted by Babel, who barges an opponent over in the area.</p> <!-- Block 60 --> <p><strong>FULL TIME: Tottenham 2-1 Liverpool.</strong> Spurs were second best for 70 minutes and should have been more than one goal down, but... but... well, that's a wonderful comeback by Spurs, who deserve that for their effort alone. But Liverpool will be utterly sick, having had more than enough chances to wrap up the three points. Chelsea are the new league leaders, while Liverpool's strikers will want to take a long, hard look at themselves. \"I've got a good feeling about this game,\" said Harry Redknapp. He wasn't wrong, was he?</p>",
      "wordcount": "2644",
      "commentable": "false",
      "isPremoderated": "false",
      "lastModified": "2017-03-01T10:22:04Z",
      "newspaperEditionDate": "2008-11-01T00:00:00Z",
      "productionOffice": "UK",
      "publication": "theguardian.com",
      "shortUrl": "https://gu.com/p/22bkg",
      "shouldHideAdverts": "false",
      "showInRelatedContent": "true",
      "legallySensitive": "false",
      "lang": "en",
      "bodyText": "\"I've got a good feeling about this game,\" says Harry Redknapp. And why not? Why can't his bottom-of-the-table Spurs beat top-of-the-table Liverpool? His team have just recorded a scrappy win against Bolton, and happened to be there when several Arsenal players suffered rollocking nervous breakdowns, after all. Kick off: 5.30pm Ledley King is back from injury, for the 984th time in his career: Gomes, Corluka, King, Woodgate, Assou-Ekotto, Bentley, Zokora, Huddlestone, O'Hara, Modric, Bent. Subs: Cesar, Hutton, Bale, Gunter, Lennon, Pavlyuchenko, Campbell. Fernando Torres is not even in the squad: Reina, Arbeloa, Carragher, Agger, Dossena, Kuyt, Mascherano, Alonso, Riera, Gerrard, Keane. Subs: Cavalieri, Hyypia, Aurelio, Benayoun, Babel, Leiva Lucas, El Zhar. Referee: Phil Dowd (Staffordshire) Typical Spurs Fan dept. \"During Harry Redknapp's last few days in charge, we've only picked up one point,\" moans James Bal. \"Time for a new manager!\" Typical Manchester United Fan dept. \"Having just stared in to the entrails of a recently deceased pigeon, I've come to the conclusion that Spurs are doomed today,\" writes Chris Taylor. \"Brothers Andy and Kevin Dawson both turned out today against giants of north-west football. Andy's Hull City lost to Manchester United. Kevin's Worksop Town went down 3-0 at home to FC United of Manchester. And now it's Michael Dawson's turn to have his arse handed to him on a shining silver platter, or crumpled Greggs bag, or whatever. Come on Michael Dawson. Do it for your family. For football, even. You're going to tell me he isn't playing now, aren't you?\" Yes. Andrea Dossena, though. Seven million pounds, he cost. Seven million. \u00a37m. \u00a37,000,000. SEVEN MILLION OF THE NEW POUNDS IN THE QUEEN'S MONEY. And we're off! Spurs kick off, hoof it long, long, long, and lose possession after less than ten seconds, Bent climbing all over the back of Carragher. 2 min: Gerrard swings a long free kick into the Spurs box. It should be the keeper's, and is, eventually, but Gomes makes one hell of a meal in claiming it, nearly overrunning the ball and dropping it. \"Since Harry Redknapp is a renowned wheeler-dealer,\" writes George Templeton, \"how much do you think he could sell the car in the picture for?\" He could probably get Rafael Benitez to pay \u00a37m for it. Benitez will pay \u00a37m for anything. 3 min: WHAT A FINISH! Tottenham 0-1 Liverpool. A beautiful turn from Keane on the edge of the area diddles King with ease. The ball runs to Kuyt in the right-hand side of the area - and the striker absolutely welts a shot into the roof of the net from a tight angle. That's a fantastic finish, and not particularly good defending from King, who was standing off a fair bit. 6 min: Oh my word, Spurs are all over the shop at the back. Gomes flaps at a Gerrard free kick to concede a corner. From it, Bent shanks the ball behind him, through Gomes's legs, and onto the right-hand post. That was so close to a second, which won't be long in coming if Spurs keep this up. Their defending is nothing short of pathetic at present. 7 min: Riera finds Dossena in around 17 miles of space out on the left wing. It's a decent cross that's subsequently sent into the box by the full back, low and hard towards Keane in the centre, and this time King does his work diligently, slapping the ball clear before it can get to the Liverpool striker. 10 min: White Hart Lane is very quiet at the moment. It's absolutely tipping down. Spurs have spent about 13 seconds in the Liverpool half so far. 12 min: Huddlestone nearly releases Bent down the inside left channel with a clever pass, but the ball takes off on the greasy surface, allowing Reina to slide out and usher the ball out of his area. He hoofs the ball away as the home fans claim he had handled outside the area, but the cries are more in hope than anything else. 15 min: The ball clanks around in a giddy fashion near the Spurs area for a while. Suddenly it breaks to Gerrard, who exchanges crisp passes with Keane then pokes a weak shot towards goal. Liverpool are a lot quicker to the ball than their opponents at the moment. 19 min: This game has gone strangely quiet. Both teams trade the ball occasionally, stroke it around to little effect, then lose it. \"Bandwagon or no, Redknapp is surely doomed,\" writes Joe Pearson. \"Manager for Spurs is nearly as temporary a position as Spinal Tap's drummer or Football Weekly's Italian correpondent.\" 22 min: Tottenham's best - first - attacking move of the match, and it's a good one. Modric sprays a delicious ball left to right towards Bentley, who knocks the ball back first time to Corluka. The ball's sent fizzing right across the face of the six-yard box, but Bent can't quite get there in time. A lovely move, with absolutely no end product whatsoever. 25 min: This is very dead at the moment, this match. 27 min: Kuyt, Alonso, Mascherano, Gerrard ping it around nicely for about two minutes, stringing together about 600 passes and losing 30 yards of territory before slicing it out of play. 29 min: Kuyt knocks a long ball down to Gerrard, who contemplates hitting it from the edge of the box. With Keane in space wide right, he then thinks about sending it out there. In the end he slices a weak shot well wide left of goal. 31 min: Bentley stands over a free kick 30 yards out. He then watches his effort blaze 30 yards over the bar. A terrible effort. 33 min: This is a pretty poor match. Liverpool will be more than happy with the way it's going, though: Spurs are achieving absolutely nothing of note, the visitors looking totally assured at the back. 36 min: Dossena breaks down the left and slips a cross over which finds its way to Keane on the edge of the box. His shot is easily closed down. Liverpool are certainly bossing this game, but they're not doing much up front. 40 min: Spurs pass it around the back for a while. And get nowhere. This is one aimless game alright. 41 min: Tottenham's only joy seems to come down the right, where only Mr Dossena awaits. Bentley frees Corluka down that wing; Agger is forced to concede a corner. Nothing comes of it, the ball being cleared, but it immediately comes back at Liverpool again, Modric trying to recreate his shot at the end of the Arsenal game which hit the post and allowed Aaron Lennon to score. This time there's no joy for him, though: Reina manages to get his body behind an excellent shot. 44 min: Keane nearly breaks clear down the right... but doesn't. The lack of decent action in this game is making me quite unhappy. 45 min: Gerrard is booked for a totally needless lunge on Woodgate, when the ball was careering out of play. He was nowhere near the ball. That's a very stupid booking. HALF TIME: Tottenham Hotspur 0-1 Liverpool. Read the entry for the third minute. That's all that happened. Two emails which will guarantee Spurs an equaliser, probably scored by a Croat. \"Isn't 'Arry thinking of building his team around Luka Modric?\" wonders Gary Naylor. \"Has he seen the size of him? It's big ugly scrappers Tottenham need to get them out of the mire, not delicate playmakers more suited to Futsal than Fratton.\" Meanwhile Mac Millings is of the opinion that this game is over. \"Tell them to stop now because Rob Smyth called it right, Spurs 0-1 Liverpool,\" he writes, confusing the art of making calls with transparent desperate fate-tempting on Smyth's part. \"What's the point in going on? Really, they should have stopped after 3 mins, and gone out on a high, like George Costanza leaving an office meeting after a zinger.\" And we're off again! Spurs have made a double substitution, Pavlyuchenko and Hutton replacing O'Hara and Assou-Ekotto. 46 min: Pavlychenko is immediately into the action, chesting down a long ball from the left wing and shanking a shot wide. But almost immediately, that's better from Spurs, who were godawful in the first half. 48 min: Gerrard swings in a cross from the right which Gomes catches to ironic cheers. From his own fans. That's not really going to help, now, is it? 49 min: Pavlychenko slides in on Carragher, a fair old while after the defender had cleared the ball. He gets a ticking off from the referee, but probably should have gone in the book if Gerrard's challenge on the stroke of half time was anything to go by. 50 min: Kuyt bustles down the right wing then cuts inside. It's a great run. Once he reaches the box, he attempts a shot, which is blocked. The ball breaks to Gerrard, who hammers it off King's arm - it wasn't a penalty because he was right next to his opponent with his back to the ball - and watches in horror as Gomes fingertips it onto the post. Liverpool were very, very unlucky there. 52 min: Spurs race up the other end and win a corner. Woodgate gets his head to the ball but can't guide it on target. This is a much, much better match now. 54 min: Gerrard hits the woodwork again! Gomes makes a terribe howler, passing the ball square behind King, allowing Keane to nip in and lay the ball out right to Gerrard. Gomes is in no-man's-land and Gerrard floats a chip over him - only for the ball to bounce off the top of the crossbar. 54 min and a bit: Seconds later, Arbeloa rampages down the right and fizzes in a low cross which Kuyt can only guide over the bar. Liverpool should be out of sight by now - and Arsenal will know that feeling. 57 min: Spurs can't get out of their own half. They concede a free kick 35 yards out, just to the left. Gerrard whips the ball towards the right-hand post, Alonso racing in to meet with his head. He can't guide it on target, though, heading down and wide. Again, that should have been Liverpool's second. 59 min: This is getting stupid now. Riera takes a pop from the edge of the area. It's blocked, but falls to Gerrard - who either hits his own man, or shanks it horribly wide. Either way, yet another needless miss. Liverpool are going to regret this, if Wednesday night at the Emirates is a reliable guide. 61 min: Spurs are offering nothing up front whatsoever. 63 min: Liverpool are playing some lovely one-touch stuff, Riera and Alonso dinking it around on the edge of the area to nearly release Keane. He's eventually hustled out of it by King. If Liverpool don't win this game they are going to feel very sick. 64 min: \"How has Robbie Keane been received by the White Hart fans?\" asks Roger Trimble. I don't know, I'm not in that pub. But at White Hart Lane I can tell you that - as he's replaced by Babel, making this the first-ever game he's played against an old team and failed to score - it's a strange mix of boos and polite applause. I get the feeling the real pelters will be guided in the direction of Dimitar Berbatov. 66 min: Carragher is booked for knocking Bent over off the ball. 69 min: IT HAD TO HAPPEN! Tottenham 1-1 Liverpool. Great work from Bent, who rips down the left, gets to the byline and whips a cross into the centre. Alonso is forced to head over, conceding a corner. Bentley swings it in from the right - and under pressure from King, Carragher, facing his own goal, heads down past his own keeper into the net. Liverpool's hapless profligacy has come back to haunt them. 70 min: Liverpool are rocking all of a sudden. Reina comes out to claim a long ball into the box and totally misses it. The ball sails out of play, but for a while that looked dangerous for the visitors. 72 min: Gerrard takes a swipe from just outside the area. It's a frustrated effort, sliced wildly left of target. 73 min: Alonso attempts a volley from nearly 40 yards. You can sense the very real annoyance from the Liverpool players, who should have wrapped this game up a long time ago. 75 min: Bentley lifts a long free kick into the Liverpool area. It's utterly terrible, allowing Reina to claim on the line. The keeper goes to clear and is impeded by King, who is booked for his trouble. 76 min: Modric is replaced by the hero of the Emirates, Lennon. 77 min: Good work from Arbeloa down the right releases Kuyt, but his attempt to cut inside from the wing and find the top-left corner is pretty damn poor, especially with Riera waiting at the far post for a cross. 78 min: Riera is replaced by Benayoun. \"The real pelters may well be guided in the direction of Dimitar Berbatov,\" writes Mac Millings, but his reaction, I suspect, will be to remove his fag, tap it onto the pitch, and reinsert said fag into his mouth at a jaunty angle. He may then score, having not tried at all.\" 79 min: Alonso passes the ball into nowhere, allowing Huddlestone to race away with it. He sends the ball towards Pavlyuchenko, who is in acres in the area, but the pass is too long. Liverpool appear to have lost a lot of confidence very quickly indeed. 81 min: Spurs should have scored here. Dossena uselessly gives the ball away on the Spurs right, allowing Bentley to tear clear. He lifts an imaginative high ball into the area, forcing Reina to come out and deal with it. His punch is weak and straight towards Pavlyuchenko - but instead of hammering home, he sends a shot sailing high, wide and right. Liverpool are starting to rock a bit. 84 min: Lennon pelts straight down the middle of the pitch, beating four men before being upended by Mascherano. That initally looks like a booking, but he's got a piece of the ball and escapes with a ticking off. Liverpool are now playing a containing game, as Spurs have their tails up. 88 min: Lennon is causing Liverpool a lot of bother. He's blocked off the ball by Kuyt wide on the left, allowing Bentley to swing in a free kick. It's not particularly good, though, and easily dealt with. 89 min: This is now all Spurs. 90 min: There are going to be four more minutes of this. 90 min: GOAL!!! Tottenham 2-1 Liverpool. And so the Redknapp bandwagon trundles on. Bentley cuts inside from the left and unleashes a low, swerving shot towards the bottom-right corner. Reina does fantastically well to push the ball wide right, but can't do anything about what happens next: Bent pulls a cross back across goal from the byline towards Pavlyuchenko, who hooks home. 90 min +3: Liverpool - who are shellshocked - have a corner but it's wasted by Babel, who barges an opponent over in the area. FULL TIME: Tottenham 2-1 Liverpool. Spurs were second best for 70 minutes and should have been more than one goal down, but... but... well, that's a wonderful comeback by Spurs, who deserve that for their effort alone. But Liverpool will be utterly sick, having had more than enough chances to wrap up the three points. Chelsea are the new league leaders, while Liverpool's strikers will want to take a long, hard look at themselves. \"I've got a good feeling about this game,\" said Harry Redknapp. He wasn't wrong, was he?",
      "charCount": "14698"
    },
    "isHosted": false,
    "pillarId": "pillar/sport",
    "pillarName": "Sport"
  },
  {
    "id": "commentisfree/2008/nov/01/congo-eastern-nkunda",
    "type": "article",
    "sectionId": "commentisfree",
    "sectionName": "Opinion",
    "webPublicationDate": "2008-11-01T08:00:00Z",
    "webTitle": "William Gumede: Politics and poor governance, rather than ethnic hatred, are responsible for the latest outbreak of violence in Congo",
    "webUrl": "https://www.theguardian.com/commentisfree/2008/nov/01/congo-eastern-nkunda",
    "apiUrl": "https://content.guardianapis.com/commentisfree/2008/nov/01/congo-eastern-nkunda",
    "fields": {
      "headline": "Politics: Congo's downfall",
      "standfirst": "Power games and poor governance, rather than ethnic hatred, are responsible for the latest outbreak of violence in Congo",
      "trailText": "<p><strong>William Gumede:</strong> Power games and poor governance, rather than ethnic hatred, are responsible for the latest outbreak of violence in Congo</p>",
      "byline": "William Gumede",
      "main": "",
      "body": "<p>It will be wrong to label the fresh <a href=\"http://africa.reuters.com/wire/news/usnLU226382.html\">cycle of violence</a> that has shattered the tenuous peace in Congo, as just another outbreak of supposedly deep ethnic hatred, nursed over centuries. Almost a million have fled their homes in eastern Congo, in the worst violence since the country's civil war that ended in 2003, which sucked in five neighbouring countries including Rwanda, Uganda and Zimbabwe.</p> <p>Like in so many other instances in Africa, the latest round of violence unfolding in eastern Congo is rather the calculated use of the ethnic card by cynical local leaders to loot the fabulous mineral wealth of the country and to shore up their own political power-bases. Meanwhile, the great powers of the west and east, as well as regional African leaders, do nothing.</p> <p>The borders of Congo, like most African countries, were drawn randomly by colonial powers. For instance, many inhabitants of Congo's North Kivu province and parts of South Kivu, the sites of the latest outbreak of violence, are Tutsis - the same as in neighbouring Rwanda. President Paul Kagame of Rwanda is cynically exploiting common ethnic backgrounds across the two countries. Tutsi rebel strongmen <a href=\"http://news.bbc.co.uk/1/hi/world/africa/3786883.stm\">Laurent Nkunda</a> and Jean Bosco Ntaganda are encouraged, financed and supported by Kagame.</p> <p>All three men are turning legitimate local grievances over lack of government delivery as \"ethnic\" grievances, in order to take political control of the region, and thus control over the mineral resources. The region is rich in minerals, including oil reserves. Kagame is calculating that by supporting Nkunda and Ntaganda during general instability in the mineral rich eastern Congo provinces, he could gain proxy control of the area, and so access its resources.</p> <p>Congo had \"democratic\" elections \u2013 lauded by the west and regional African governments, for nothing more than the fact they took place and that voterigging was not too \"overwhelming\". The winner, President Joseph Kabila, has not governed inclusively, in one of the world's most ethnically diverse countries \u2013 a ready recipe for fuelling ethic tensions.</p> <p>Of course it is not an easy job to hold together such a diverse nation, but the Kabila government has singularly failed to break the perception that it is only serving people from Kabila's own ethnic group. While the government is failing, a very few locals \u2013 mostly from Kabila's ethnic community \u2013 and foreign multinationals are doing well, causing widespread resentment. Congo suffers hugely from food shortages and price inflation. Failures of government are perceived as harming certain ethnic groups more than others; grievances, and hence mobilisation, along ethnic lines come easy.</p> <p>Meanwhile, a post-cold war power struggle for access to the Congo's mineral wealth is played out with Chinese and Indian-owned companies competing with western businesses. All sides are playing Kabila and none have put pressure on him to rule more inclusively.</p> <p>The west's ideological backing of Congolese dictator <a href=\"http://en.wikipedia.org/wiki/Mobutu_Sese_Seko\">Mobutu Sese Seko</a> (a so-called pillar of its fight against communism) rather than democratic movements, is partly the reason why the country has been in such a intractable mess. Depressingly, in the aftermath of the global financial crisis western and eastern rivalries over commodities in countries like Congo are likely to get worse.</p> <p>Right now there is also a vacuum in African continental leadership. The African Union is rudderless. The tenuous peace that ended the previous Congo conflict in 2003 held because it was underpinned by active support from the major countries in the region, led by South Africa and to a lesser extent Nigeria, under the auspices of the African Union. Now, both countries have internal leadership problems. Unless the UN sends more peacekeepers to Congo, things will get worse.</p> <p>Yet the reality is that the global financial crisis will mean the west is less likely put money into such extensive humanitarian efforts and peacekeeping operations. The UN security council has been sadly ineffective when western and eastern big-power interests are at stake.</p> <p>Kagame's supporters in the west must press him to step out of Congo; and press Kabila to talk to rebel leaders Nkunda and Ntaganda. At the end of the day, the Kabila government must serve all its citizens equitably. In diverse African societies, inclusiveness and sharing public services is the best guard against ethnic violence.</p> <p>Furthermore, western and eastern support for African countries must involve strengthening long-term democracy building, not just five-yearly elections, as has been the case in the Congo. More likely, unfortunately, is that the combination of ongoing economic and political crises will lead to more such clashes.</p>",
      "wordcount": "744",
      "commentCloseDate": "2008-11-04T08:00:00Z",
      "commentable": "true",
      "isPremoderated": "false",
      "lastModified": "2008-10-31T17:47:05Z",
      "newspaperEditionDate": "2008-11-01T00:00:00Z",
      "productionOffice": "UK",
      "publication": "theguardian.com",
      "shortUrl": "https://gu.com/p/22b7m",
      "shouldHideAdverts": "false",
      "showInRelatedContent": "true",
      "legallySensitive": "false",
      "lang": "en",
      "bodyText": "It will be wrong to label the fresh cycle of violence that has shattered the tenuous peace in Congo, as just another outbreak of supposedly deep ethnic hatred, nursed over centuries. Almost a million have fled their homes in eastern Congo, in the worst violence since the country's civil war that ended in 2003, which sucked in five neighbouring countries including Rwanda, Uganda and Zimbabwe. Like in so many other instances in Africa, the latest round of violence unfolding in eastern Congo is rather the calculated use of the ethnic card by cynical local leaders to loot the fabulous mineral wealth of the country and to shore up their own political power-bases. Meanwhile, the great powers of the west and east, as well as regional African leaders, do nothing. The borders of Congo, like most African countries, were drawn randomly by colonial powers. For instance, many inhabitants of Congo's North Kivu province and parts of South Kivu, the sites of the latest outbreak of violence, are Tutsis - the same as in neighbouring Rwanda. President Paul Kagame of Rwanda is cynically exploiting common ethnic backgrounds across the two countries. Tutsi rebel strongmen Laurent Nkunda and Jean Bosco Ntaganda are encouraged, financed and supported by Kagame. All three men are turning legitimate local grievances over lack of government delivery as \"ethnic\" grievances, in order to take political control of the region, and thus control over the mineral resources. The region is rich in minerals, including oil reserves. Kagame is calculating that by supporting Nkunda and Ntaganda during general instability in the mineral rich eastern Congo provinces, he could gain proxy control of the area, and so access its resources. Congo had \"democratic\" elections \u2013 lauded by the west and regional African governments, for nothing more than the fact they took place and that voterigging was not too \"overwhelming\". The winner, President Joseph Kabila, has not governed inclusively, in one of the world's most ethnically diverse countries \u2013 a ready recipe for fuelling ethic tensions. Of course it is not an easy job to hold together such a diverse nation, but the Kabila government has singularly failed to break the perception that it is only serving people from Kabila's own ethnic group. While the government is failing, a very few locals \u2013 mostly from Kabila's ethnic community \u2013 and foreign multinationals are doing well, causing widespread resentment. Congo suffers hugely from food shortages and price inflation. Failures of government are perceived as harming certain ethnic groups more than others; grievances, and hence mobilisation, along ethnic lines come easy. Meanwhile, a post-cold war power struggle for access to the Congo's mineral wealth is played out with Chinese and Indian-owned companies competing with western businesses. All sides are playing Kabila and none have put pressure on him to rule more inclusively. The west's ideological backing of Congolese dictator Mobutu Sese Seko (a so-called pillar of its fight against communism) rather than democratic movements, is partly the reason why the country has been in such a intractable mess. Depressingly, in the aftermath of the global financial crisis western and eastern rivalries over commodities in countries like Congo are likely to get worse. Right now there is also a vacuum in African continental leadership. The African Union is rudderless. The tenuous peace that ended the previous Congo conflict in 2003 held because it was underpinned by active support from the major countries in the region, led by South Africa and to a lesser extent Nigeria, under the auspices of the African Union. Now, both countries have internal leadership problems. Unless the UN sends more peacekeepers to Congo, things will get worse. Yet the reality is that the global financial crisis will mean the west is less likely put money into such extensive humanitarian efforts and peacekeeping operations. The UN security council has been sadly ineffective when western and eastern big-power interests are at stake. Kagame's supporters in the west must press him to step out of Congo; and press Kabila to talk to rebel leaders Nkunda and Ntaganda. At the end of the day, the Kabila government must serve all its citizens equitably. In diverse African societies, inclusiveness and sharing public services is the best guard against ethnic violence. Furthermore, western and eastern support for African countries must involve strengthening long-term democracy building, not just five-yearly elections, as has been the case in the Congo. More likely, unfortunately, is that the combination of ongoing economic and political crises will lead to more such clashes.",
      "charCount": "4708"
    },
    "isHosted": false,
    "pillarId": "pillar/opinion",
    "pillarName": "Opinion"
  },
  {
    "id": "business/2008/nov/01/centrica-british-energy-gas-prices",
    "type": "article",
    "sectionId": "business",
    "sectionName": "Business",
    "webPublicationDate": "2008-11-01T00:01:00Z",
    "webTitle": "Centrica asks shareholders for \u00a32bn to buy British Energy stake",
    "webUrl": "https://www.theguardian.com/business/2008/nov/01/centrica-british-energy-gas-prices",
    "apiUrl": "https://content.guardianapis.com/business/2008/nov/01/centrica-british-energy-gas-prices",
    "fields": {
      "headline": "Centrica asks shareholders for \u00a32bn to buy British Energy stake",
      "trailText": "<p>Parent company of Britain's biggest energy supplier asks shareholders for &pound;2.2bn to help fund purchase</p>",
      "byline": "Mark Milner, industrial editor",
      "main": "",
      "body": "<p>Centrica, the parent company of Britain's biggest energy supplier British Gas, said yesterday it was asking shareholders for \u00a32.2bn to help fund its purchase of a 25% stake in British Energy.</p> <p>Centrica said it would raise the bulk of the expected \u00a33.1bn purchase price through a three-for-eight rights issue priced at 160p a share. </p> <p>The company said the issue was pitched at a 39.9% discount to the theoretical ex-rights price based on Thursday's market price of 306.25p.</p> <p>The issue has been fully underwritten by a consortium of banks including Goldman Sachs, Credit Suisse, and UBS. Centrica said the balance of the purchase price for the British Energy stake would be raised through additional debt and, possibly, asset sales.</p> <p>Centrica considered a bid for British Energy before opting to partner EdF, which made an agreed \u00a312bn bid for Britain's nuclear power generator in September. Centrica will acquire 25% of BE once the takeover has been completed.</p> <p>Centrica wants to increase its generating capacity as a way of reducing its exposure to short term movements in wholesale gas prices. </p> <p>EdF has already said it plans to build four new nuclear reactors in Britain, with Centrica taking its share in the nuclear new build programme.</p> <p>Chairman Roger Carr said: \"Following this rights issue Centrica will be well capitalised to fund the potential acquisition of a 25% interest in British Energy.\"</p> <p>Carr said the company continued to trade in line with expectations. In its interim management statement Centrica said full-year earnings would benefit from a one-off deferred tax credit.</p> <p>The company said that customer churn rates at British Gas had risen in the wake of the price increase in July. \"Churn has now fallen to levels experienced before the price increase and in recent weeks the level of account sales has been ahead of customer withdrawal notifications.\"</p> <p>The company said British Gas Residential now had 15.6 million customer accounts and expected second half operation margins within the business to be \"ahead of those achieved in the first half of the year\".</p> <p>British Gas and other big energy suppliers are under pressure to reduce prices following the slump in the oil price.</p>",
      "newspaperPageNumber": "42",
      "wordcount": "362",
      "commentable": "false",
      "isPremoderated": "false",
      "lastModified": "2017-11-26T20:28:55Z",
      "newspaperEditionDate": "2008-11-01T00:00:00Z",
      "productionOffice": "UK",
      "publication": "The Guardian",
      "shortUrl": "https://gu.com/p/22bby",
      "shouldHideAdverts": "false",
      "showInRelatedContent": "true",
      "legallySensitive": "false",
      "lang": "en",
      "bodyText": "Centrica, the parent company of Britain's biggest energy supplier British Gas, said yesterday it was asking shareholders for \u00a32.2bn to help fund its purchase of a 25% stake in British Energy. Centrica said it would raise the bulk of the expected \u00a33.1bn purchase price through a three-for-eight rights issue priced at 160p a share. The company said the issue was pitched at a 39.9% discount to the theoretical ex-rights price based on Thursday's market price of 306.25p. The issue has been fully underwritten by a consortium of banks including Goldman Sachs, Credit Suisse, and UBS. Centrica said the balance of the purchase price for the British Energy stake would be raised through additional debt and, possibly, asset sales. Centrica considered a bid for British Energy before opting to partner EdF, which made an agreed \u00a312bn bid for Britain's nuclear power generator in September. Centrica will acquire 25% of BE once the takeover has been completed. Centrica wants to increase its generating capacity as a way of reducing its exposure to short term movements in wholesale gas prices. EdF has already said it plans to build four new nuclear reactors in Britain, with Centrica taking its share in the nuclear new build programme. Chairman Roger Carr said: \"Following this rights issue Centrica will be well capitalised to fund the potential acquisition of a 25% interest in British Energy.\" Carr said the company continued to trade in line with expectations. In its interim management statement Centrica said full-year earnings would benefit from a one-off deferred tax credit. The company said that customer churn rates at British Gas had risen in the wake of the price increase in July. \"Churn has now fallen to levels experienced before the price increase and in recent weeks the level of account sales has been ahead of customer withdrawal notifications.\" The company said British Gas Residential now had 15.6 million customer accounts and expected second half operation margins within the business to be \"ahead of those achieved in the first half of the year\". British Gas and other big energy suppliers are under pressure to reduce prices following the slump in the oil price.",
      "charCount": "2185"
    },
    "isHosted": false,
    "pillarId": "pillar/news",
    "pillarName": "News"
  },
  {
    "id": "world/2008/nov/01/billionaire-manchester-city-abu-dhabi",
    "type": "article",
    "sectionId": "world",
    "sectionName": "World news",
    "webPublicationDate": "2008-11-01T00:01:00Z",
    "webTitle": "Gulf states' spending spree goes on as investors buy stakes in Barclays",
    "webUrl": "https://www.theguardian.com/world/2008/nov/01/billionaire-manchester-city-abu-dhabi",
    "apiUrl": "https://content.guardianapis.com/world/2008/nov/01/billionaire-manchester-city-abu-dhabi",
    "fields": {
      "headline": "Gulf states' spending spree goes on as investors buy stakes in Barclays",
      "standfirst": "Middle East deal adds bank share to portfolio of British household names",
      "trailText": "<p>Deal adds bank share to Manchester City sheikh's portfolio of British household names</p>",
      "byline": "David Teather, Jill Treanor and Nicholas Watt",
      "main": "",
      "body": "<p>The billionaire sheikh who last month bought Manchester City Football Club was among a group of oil-rich investors that yesterday announced a deal to buy almost a third of Barclays Bank.</p> <p>While the rest of the world hunkers down to take shelter from the financial crisis, the Arab Gulf states, awash with petrodollars as the oil price reached $147 (\u00a391) a barrel over the summer, are still spending freely. Royal families and government-backed funds from the region have been collecting a growing portfolio of assets, including stakes in supermarket chain Sainsbury and the London Stock Exchange, the Chrysler Building in New York and Aston Martin. </p> <p>Sheikh Mansour Bin Zayed Al Nahyan, the brother of the ruler of Abu Dhabi, has agreed to pump \u00a33.5bn into Barclays for a 16% stake. The Qatar royal family, one of the most prolific investors in the region, is aiming to build up its existing holding in Barclays to more than 15% by injecting another \u00a32.3bn.</p> <p>The investment was announced as the prime minister, Gordon Brown, was preparing to head to the region for a four-day visit to plead with oil-rich nations to play their part in stabilising the world financial system by abandoning attempts to increase the price of oil by cutting production and by investing their multi-trillion dollar profits in ailing economies.</p> <p>The price of oil has slumped as the faltering world economy has weakened demand but the high prices of recent years have still left many families and governments in the region enormously wealthy. Mansour's family is estimated to be worth $750bn, fuelling speculation that the billionaire would indulge in a game of fantasy football at Manchester City by using his vast wealth to buy up the world's best players. He is minister of presidential affairs, chairman of the Abu Dhabi state oil firm and is married to the daughter of the ruler of Dubai.</p> <p>Mansour's part in the Barclays deal was brokered by Amanda Staveley, a senior partner at the private equity firm PCP Gulf Partners. She owned a restaurant near Newmarket racecourse where she built relationships with some of the wealthy horse breeders from the Gulf region. She also helped to agree the deal to buy Manchester City. She described the Barclays investment as \"a vote for the UK financial system as a whole\".</p> <p>The Qatar investment was led by Sheikh Hamad Bin Jabr Al-Thani, a member of the royal family and the Qatar prime minister. The Qataris already own 25% of Sainsbury's, 20% of the London Stock Exchange and are leading the \u00a31bn consortium to redevelop London's Chelsea Barracks.</p> <p>The Barclays deal allows the bank to strengthen its balance sheet without taking taxpayers' money. Mansour is understood to have been looking at Barclays for some time but contacted the bank when it said it would not take part in the government bail-out. Barclays boss John Varley noted that \"there has been quite a significant shift in the availability of capital and economic power in the world over the past five years.\"</p> <p>Will Hadfield, of the Middle East Economic Digest, said the gulf states have \"very detailed plans to remove their dependency on oil stretching out to 20 or 30 years. They are diversifying away and creating industries not reliant on the oil price and part of that is investing overseas. They are looking for flagship assets, companies with powerful brands that will be around for a very long time.\"</p> <p>Many of the deals are strategic but others, like Manchester City, are part of an eagerness to put the small gulf states on the map. Abu Dhabi hopes to rebrand itself as a cultural oasis by attracting new Louvre and Guggenheim museums and a branch of the Sorbonne, France's most prestigious university. Until the 1960s, the tiny kingdom's main source of income was camel herding.</p> <p>Brown will today take a delegation of 27 British business leaders and two of his closest cabinet colleagues, Lord Mandelson and Ed Miliband, on the visit to drum up support for a three-point plan to help with the downturn. </p> <p>He wants the region's government's to adopt a \"transparent\" approach to oil. In addition, Brown wants the oil-rich states to invest billions of dollars from their foreign exchange reserves into the International Monetary Fund. Brown believes the IMF's $250bn fund, of which $29bn is being pumped into the Hungarian and Ukrainian economies, needs to be bolstered and that countries with large surpluses, principally oil producing countries in the Gulf and China, should shore up the IMF.</p> <p>Downing Street denied Brown would take a begging bowl to the Gulf. No 10 said: \"He is not going cap in hand. He recognises that it is in everyone's interests that there is stability and growth in global markets and that is equally in the interests of the Gulf region. They have significant wealth and resources that can contribute to refunding stability in the global financial system.\"</p>",
      "newspaperPageNumber": "15",
      "wordcount": "819",
      "commentable": "false",
      "isPremoderated": "false",
      "lastModified": "2017-11-27T13:02:26Z",
      "newspaperEditionDate": "2008-11-01T00:00:00Z",
      "productionOffice": "UK",
      "publication": "The Guardian",
      "shortUrl": "https://gu.com/p/22bcx",
      "shouldHideAdverts": "false",
      "showInRelatedContent": "true",
      "legallySensitive": "false",
      "lang": "en",
      "bodyText": "The billionaire sheikh who last month bought Manchester City Football Club was among a group of oil-rich investors that yesterday announced a deal to buy almost a third of Barclays Bank. While the rest of the world hunkers down to take shelter from the financial crisis, the Arab Gulf states, awash with petrodollars as the oil price reached $147 (\u00a391) a barrel over the summer, are still spending freely. Royal families and government-backed funds from the region have been collecting a growing portfolio of assets, including stakes in supermarket chain Sainsbury and the London Stock Exchange, the Chrysler Building in New York and Aston Martin. Sheikh Mansour Bin Zayed Al Nahyan, the brother of the ruler of Abu Dhabi, has agreed to pump \u00a33.5bn into Barclays for a 16% stake. The Qatar royal family, one of the most prolific investors in the region, is aiming to build up its existing holding in Barclays to more than 15% by injecting another \u00a32.3bn. The investment was announced as the prime minister, Gordon Brown, was preparing to head to the region for a four-day visit to plead with oil-rich nations to play their part in stabilising the world financial system by abandoning attempts to increase the price of oil by cutting production and by investing their multi-trillion dollar profits in ailing economies. The price of oil has slumped as the faltering world economy has weakened demand but the high prices of recent years have still left many families and governments in the region enormously wealthy. Mansour's family is estimated to be worth $750bn, fuelling speculation that the billionaire would indulge in a game of fantasy football at Manchester City by using his vast wealth to buy up the world's best players. He is minister of presidential affairs, chairman of the Abu Dhabi state oil firm and is married to the daughter of the ruler of Dubai. Mansour's part in the Barclays deal was brokered by Amanda Staveley, a senior partner at the private equity firm PCP Gulf Partners. She owned a restaurant near Newmarket racecourse where she built relationships with some of the wealthy horse breeders from the Gulf region. She also helped to agree the deal to buy Manchester City. She described the Barclays investment as \"a vote for the UK financial system as a whole\". The Qatar investment was led by Sheikh Hamad Bin Jabr Al-Thani, a member of the royal family and the Qatar prime minister. The Qataris already own 25% of Sainsbury's, 20% of the London Stock Exchange and are leading the \u00a31bn consortium to redevelop London's Chelsea Barracks. The Barclays deal allows the bank to strengthen its balance sheet without taking taxpayers' money. Mansour is understood to have been looking at Barclays for some time but contacted the bank when it said it would not take part in the government bail-out. Barclays boss John Varley noted that \"there has been quite a significant shift in the availability of capital and economic power in the world over the past five years.\" Will Hadfield, of the Middle East Economic Digest, said the gulf states have \"very detailed plans to remove their dependency on oil stretching out to 20 or 30 years. They are diversifying away and creating industries not reliant on the oil price and part of that is investing overseas. They are looking for flagship assets, companies with powerful brands that will be around for a very long time.\" Many of the deals are strategic but others, like Manchester City, are part of an eagerness to put the small gulf states on the map. Abu Dhabi hopes to rebrand itself as a cultural oasis by attracting new Louvre and Guggenheim museums and a branch of the Sorbonne, France's most prestigious university. Until the 1960s, the tiny kingdom's main source of income was camel herding. Brown will today take a delegation of 27 British business leaders and two of his closest cabinet colleagues, Lord Mandelson and Ed Miliband, on the visit to drum up support for a three-point plan to help with the downturn. He wants the region's government's to adopt a \"transparent\" approach to oil. In addition, Brown wants the oil-rich states to invest billions of dollars from their foreign exchange reserves into the International Monetary Fund. Brown believes the IMF's $250bn fund, of which $29bn is being pumped into the Hungarian and Ukrainian economies, needs to be bolstered and that countries with large surpluses, principally oil producing countries in the Gulf and China, should shore up the IMF. Downing Street denied Brown would take a begging bowl to the Gulf. No 10 said: \"He is not going cap in hand. He recognises that it is in everyone's interests that there is stability and growth in global markets and that is equally in the interests of the Gulf region. They have significant wealth and resources that can contribute to refunding stability in the global financial system.\"",
      "charCount": "4859"
    },
    "isHosted": false,
    "pillarId": "pillar/news",
    "pillarName": "News"
  },
  {
    "id": "commentisfree/2008/nov/01/labour-housing",
    "type": "article",
    "sectionId": "commentisfree",
    "sectionName": "Opinion",
    "webPublicationDate": "2008-11-01T00:01:00Z",
    "webTitle": "Jon Cruddas and Jonathan Rutherford: This is not just an economic crisis, it is a crisis of democracy",
    "webUrl": "https://www.theguardian.com/commentisfree/2008/nov/01/labour-housing",
    "apiUrl": "https://content.guardianapis.com/commentisfree/2008/nov/01/labour-housing",
    "fields": {
      "headline": "Democratic crunch",
      "standfirst": "After the nadir of Corfu, New Labour must build a new politics, and housing is on the front line",
      "trailText": "<p><strong>Jon Cruddas</strong> and <strong>Jonathan Rutherford</strong>: After the nadir of Corfu, New Labour must build a new politics, and housing is on the front line</p>",
      "byline": "Jon Cruddas and Jonathan Rutherford",
      "main": "",
      "body": "<p>New Labour thrived on good times and bull markets. The culture of easy credit and consumerism disguised its evasions of class and power. Now the markets are in freefall, and its ideological failings are brutally exposed. In the manors and town houses of the super-rich those who have brought about the calamity harbour their wealth. They are untouchable and unaccountable. Their tax havens are sacrosanct. Corfu reveals how our political elites, seduced by their opulence and power, do business with them. This is not just an economic crisis, it is a crisis of democracy.</p> <p>Collective political action and the power of citizenship have been traded in for the ownership society, in which all were assured a small piece of the capitalist dream. In reality it has led to economic bust. House prices are heading for a 35% decline, repossessions are climbing and 2 million homeowners will find themselves in negative equity. The jobseeker's allowance count rose last month to 939,900. By Christmas unemployment could hit 2 million. The celebrated property-owning democracy looks increasingly brittle.</p> <p>The stakes are high. Who will pay for this recession - capital or labour? The Labour party must reinvent itself for this battle. It did so in the 1990s; it can do so again by reconnecting to its traditional constituencies and creating new cross-class alliances. There are no easy solutions, but the goal is simple: a fundamental transfer of wealth and power back to the people. This will help stop the deflationary spiral and lay the foundations for a more just, sustainable and equal society in the future.</p> <p>We need urgent action to address the housing crisis, which is replicating that in banking. Private housebuilders ensured long-term price inflation and profits by banking land and maintaining excess demand for homes, and profitability rose as the state withdrew from social housing supply. The outcome has been barely 150,000 homes built per year. This year it will be half that, against a planned 250,000. Meanwhile, there are an extra 220,000 family units a year in need of housing. About 1.75 million are on allocation and transfer lists. This is market failure on a grand scale.</p> <p>Yet the government colluded in this social disaster. Undersupply ensured inflation and speculation fuelled the good times. But now, as prices fall, there are unprecedented levels of personal debt while toxic mortgage-backed credit derivatives menace the financial system.</p> <p>Building firms are teetering on the brink, as land bank values collapse and cancellation rates hit 40%. The state must step in with an emergency public-sector housebuilding strategy, and if necessary, take a stake in some housebuilders to revive the sector. Local government must be re-empowered to fill the space vacated by the private sector.</p> <p>The relationship between market and state is being redrawn. Nowhere is this more needed than in housing. This is where the battle lines are being drawn up. The left must create a democratic and accountable state capable of strategic intervention in the domestic economy and creating global alliances. A new settlement means a progressive tax system, a restructured financial economy and a Green New Deal. Ahead lie the perils of global warming and peak oil. But now let us give homes to people, and with them the hope of a better life.</p> <p>Jon Cruddas is Labour MP for Dagenham; Jonathan Rutherford is editor of Soundings journal. Cruddas joins Harriet Harman, Chuka Umunna and Jeremy Gilbert to debate After New Labour - the second in the Who Owns the Progressive Future? series, organised by Comment is free and Soundings - at Kings Place, London, on Monday at 7pm. For tickets at a special rate of \u00a35.75 phone 0844 264 0321 and quote \"Guardian reader offer\"</p>",
      "newspaperPageNumber": "37",
      "wordcount": "620",
      "commentCloseDate": "2008-11-04T00:03:00Z",
      "commentable": "true",
      "isPremoderated": "false",
      "lastModified": "2017-09-20T21:37:31Z",
      "newspaperEditionDate": "2008-11-01T00:00:00Z",
      "productionOffice": "UK",
      "publication": "The Guardian",
      "shortUrl": "https://gu.com/p/22bbd",
      "shouldHideAdverts": "false",
      "showInRelatedContent": "true",
      "legallySensitive": "false",
      "lang": "en",
      "bodyText": "New Labour thrived on good times and bull markets. The culture of easy credit and consumerism disguised its evasions of class and power. Now the markets are in freefall, and its ideological failings are brutally exposed. In the manors and town houses of the super-rich those who have brought about the calamity harbour their wealth. They are untouchable and unaccountable. Their tax havens are sacrosanct. Corfu reveals how our political elites, seduced by their opulence and power, do business with them. This is not just an economic crisis, it is a crisis of democracy. Collective political action and the power of citizenship have been traded in for the ownership society, in which all were assured a small piece of the capitalist dream. In reality it has led to economic bust. House prices are heading for a 35% decline, repossessions are climbing and 2 million homeowners will find themselves in negative equity. The jobseeker's allowance count rose last month to 939,900. By Christmas unemployment could hit 2 million. The celebrated property-owning democracy looks increasingly brittle. The stakes are high. Who will pay for this recession - capital or labour? The Labour party must reinvent itself for this battle. It did so in the 1990s; it can do so again by reconnecting to its traditional constituencies and creating new cross-class alliances. There are no easy solutions, but the goal is simple: a fundamental transfer of wealth and power back to the people. This will help stop the deflationary spiral and lay the foundations for a more just, sustainable and equal society in the future. We need urgent action to address the housing crisis, which is replicating that in banking. Private housebuilders ensured long-term price inflation and profits by banking land and maintaining excess demand for homes, and profitability rose as the state withdrew from social housing supply. The outcome has been barely 150,000 homes built per year. This year it will be half that, against a planned 250,000. Meanwhile, there are an extra 220,000 family units a year in need of housing. About 1.75 million are on allocation and transfer lists. This is market failure on a grand scale. Yet the government colluded in this social disaster. Undersupply ensured inflation and speculation fuelled the good times. But now, as prices fall, there are unprecedented levels of personal debt while toxic mortgage-backed credit derivatives menace the financial system. Building firms are teetering on the brink, as land bank values collapse and cancellation rates hit 40%. The state must step in with an emergency public-sector housebuilding strategy, and if necessary, take a stake in some housebuilders to revive the sector. Local government must be re-empowered to fill the space vacated by the private sector. The relationship between market and state is being redrawn. Nowhere is this more needed than in housing. This is where the battle lines are being drawn up. The left must create a democratic and accountable state capable of strategic intervention in the domestic economy and creating global alliances. A new settlement means a progressive tax system, a restructured financial economy and a Green New Deal. Ahead lie the perils of global warming and peak oil. But now let us give homes to people, and with them the hope of a better life. Jon Cruddas is Labour MP for Dagenham; Jonathan Rutherford is editor of Soundings journal. Cruddas joins Harriet Harman, Chuka Umunna and Jeremy Gilbert to debate After New Labour - the second in the Who Owns the Progressive Future? series, organised by Comment is free and Soundings - at Kings Place, London, on Monday at 7pm. For tickets at a special rate of \u00a35.75 phone 0844 264 0321 and quote \"Guardian reader offer\"",
      "charCount": "3757"
    },
    "isHosted": false,
    "pillarId": "pillar/opinion",
    "pillarName": "Opinion"
  },
  {
    "id": "world/2008/nov/01/china-global-economy-dongguan",
    "type": "article",
    "sectionId": "world",
    "sectionName": "World news",
    "webPublicationDate": "2008-11-01T00:01:00Z",
    "webTitle": "Tania Branigan examines the effects of recession on a Chinese city built on exports",
    "webUrl": "https://www.theguardian.com/world/2008/nov/01/china-global-economy-dongguan",
    "apiUrl": "https://content.guardianapis.com/world/2008/nov/01/china-global-economy-dongguan",
    "fields": {
      "headline": "Reverberations of world recession rock a city built on exports",
      "trailText": "<p>Local trade association predicts that Dongguan and two neighbouring cities will lose 9,000 of their 45,000 factories</p>",
      "byline": "Tania Branigan in Dongguan",
      "main": "",
      "body": "<video data-media-id=\"gu-video-339199907\" class=\"gu-video\" controls=\"controls\" poster=\"\"> <source src=\"https://cdn.theguardian.tv/bc/281851582/281851582_1889988513_China-toy-factory-16x9.flv\"/> </video>   <p>The dislocated head of a baby doll stares blindly through the gate; WALL-E and Barbie Pet Doctor boxes are strewn across the yard.</p> <p>Two weeks ago, toymaker Smart Union was churning out playthings for children across the United States and Europe. Now it is in liquidation - leaving 7,000 employees in shock. </p> <p>\"One day we went to work as usual, the next it was all closed,\" said Wei Sunying, at the gate of the factory in Dongguan, southern China, where she spent eight years painting plastic components in a fume-filled room.</p> <p>\"Thousands of us are looking for jobs now. We walk around every day till our feet ache but we can't find anything.\"</p> <p>Few in the west have heard of Dongguan, but the chances are that your shoes, your TV or your children's toys originated here. Exports have built a city of 14 million inhabitants, almost all migrant workers from the countryside. Its economy has sustained 15% annual growth in recent years. The global economic crisis is proving the final straw for exporters punished by rising costs and stronger currency.</p> <p>In the past year, chill winds have blown through the Pearl River Delta. Sixty-seven thousand small firms collapsed in the first half of 2008, many in these manufacturing heartlands, says the national economic planning body. Toy firms have been particularly badly hit, by safety scares and product recalls. Textile firms, with wafer-thin margins, are also reeling. Next came tighter credit for many foreign-owned firms, like Hong Kong's Smart Union. And then, in the past two months, a sharp drop in US and European consumer demand. </p> <p>A local trade association predicts that by late January, Dongguan and its neighbours Shenzhen and Guangzhou will lose 9,000 of their 45,000 factories. </p> <p>\"Many factories are looking at completely empty order books,\" warned Stephen Green, head of China research at Standard Chartered, who believes the export sector may even shrink next year. Green believes China will see 7.9% growth in 2009 - well below the double digit figures of the past five years.</p> <p>That may sound enviable to western countries facing recession, but with the working age population still growing, China needs to grow by at least 8% to maintain its employment rate. The fall-out will be concentrated in provinces such as Guangdong.</p> <p>\"The social impact of this is going to be huge. The problems are getting bigger and bigger,\" said Wooyeal Paik, researching Dongguan's industry and migrant workforce at the University of California at Los Angeles.</p> <p>\"Disgruntled workers left jobless will complain more ... You will see demonstrations and picketing. And probably there's a risk of violence against bosses - especially foreigners.\"</p> <p>Dongguan's government stepped in to reimburse the Smart Union workers to the tune of 24m yuan (\u00a32.2m) after thousands gathered at the factory gates and outside local authority offices. But two month's back pay - 1,200 yuan for most - will not last long. Wei, from Guizhou, is one of many struggling to find work. \"I came here as a migrant worker because my children need money for schooling,\" she said. New job offers aren't always what they seem, added 26-year-old Fang Jianlin, whose friends were recently conned. </p> <p>\"Recruiters told them the salaries were very good, but they were asked for money. They got robbed; some were even beaten,\" he said.</p> <p>Smart Union was such a popular employer that Fang paid a hefty \"introduction fee\" to get his job there. At worst, he and his wife would earn about 600 yuan a month; at the busiest times, when production ran until 2am, they could take home 2,100 yuan each.</p> <p>It's a tragic end to the dream which lures millions of workers to Dongguan each year, where they struggle and study their way towards the promise of a regular income. At the city's night schools, thousands of workers end their days with classes on every subject from car maintenance to law. Bob Li is one of the success stories. He arrived in 1995 as a labourer; \"everyone in my hometown had heard Guangdong was covered in gold,\" he explained.</p> <p>Now he manages a factory for Richall, supplying durable bags to companies such as Walmart, Carlsberg and Disney. He is unnerved by the economic downturn. \"These days it is getting more and more difficult for factories like us,\" he said, citing the cost of wages and materials. \"The price of our materials has risen because they're made from oil ... Taken together, costs have risen by 30-40%.\"</p> <p>To some extent, Dongguan has become a victim of its own success. The rising prosperity of the region has created inflationary pressures. Workers want higher wages; new labour laws are designed to wipe out sweatshops that bring higher costs which squeeze many companies. Manufacturers have already fled inland to cheaper provinces, in many cases encouraged by Guangdong authorities, who hoped to move the province up the value chain - condensing two hundred years of western industrial development into fewer than 15. </p> <p>\"We have a policy to empty the cage for the new birds,\" Guangdong's vice-governor Wan Qingliang told reporters this month. \"The ultimate target is to build the Pearl River Delta into the core region of modern manufacturing.\" </p> <p>Others are unsure of the wisdom of the policy in the face of a worldwide downturn. \"Places like Guangdong miscalculated the development of the economy. They actually tried to push out those labour intensive and small and medium sized enterprises [SMEs] out of the [established industrial] area because they wanted hi-tech industries there. But when something bad happens, like the economic downturn, what are they going to do?\" said Paik. He acknowledges that numerous east Asian economies have moved up the value chain in the same way, and that the Chinese government deserves to be confident given its economic record. \"But they haven't experienced a serious economic downturn except right after 1989 and have been overconfident in their policy of the quick transformation of industrial structure toward hi-tech in Guangdong,\" he cautioned. The risk is that officials might push the city off the economic ladder rather than up it. Whether subsidies, tax rebates and other support for small firms can save them remains to be seen.</p> <p>Yet China's rising living standards in the 30 years since economic reforms were launched has left most people optimistic about its long-term prospects. Migrant workers returning home think they may come back in a few years.</p> <p>\"If we compare the situation to when I first arrived, I have already found my pot of gold,\" said Bob Li. \"But I can still see it's just the beginning.\"</p>",
      "newspaperPageNumber": "43",
      "wordcount": "1098",
      "commentable": "false",
      "isPremoderated": "false",
      "lastModified": "2017-11-26T20:29:00Z",
      "newspaperEditionDate": "2008-11-01T00:00:00Z",
      "productionOffice": "UK",
      "publication": "The Guardian",
      "shortUrl": "https://gu.com/p/22bfb",
      "shouldHideAdverts": "false",
      "showInRelatedContent": "true",
      "legallySensitive": "false",
      "lang": "en",
      "bodyText": "The dislocated head of a baby doll stares blindly through the gate; WALL-E and Barbie Pet Doctor boxes are strewn across the yard. Two weeks ago, toymaker Smart Union was churning out playthings for children across the United States and Europe. Now it is in liquidation - leaving 7,000 employees in shock. \"One day we went to work as usual, the next it was all closed,\" said Wei Sunying, at the gate of the factory in Dongguan, southern China, where she spent eight years painting plastic components in a fume-filled room. \"Thousands of us are looking for jobs now. We walk around every day till our feet ache but we can't find anything.\" Few in the west have heard of Dongguan, but the chances are that your shoes, your TV or your children's toys originated here. Exports have built a city of 14 million inhabitants, almost all migrant workers from the countryside. Its economy has sustained 15% annual growth in recent years. The global economic crisis is proving the final straw for exporters punished by rising costs and stronger currency. In the past year, chill winds have blown through the Pearl River Delta. Sixty-seven thousand small firms collapsed in the first half of 2008, many in these manufacturing heartlands, says the national economic planning body. Toy firms have been particularly badly hit, by safety scares and product recalls. Textile firms, with wafer-thin margins, are also reeling. Next came tighter credit for many foreign-owned firms, like Hong Kong's Smart Union. And then, in the past two months, a sharp drop in US and European consumer demand. A local trade association predicts that by late January, Dongguan and its neighbours Shenzhen and Guangzhou will lose 9,000 of their 45,000 factories. \"Many factories are looking at completely empty order books,\" warned Stephen Green, head of China research at Standard Chartered, who believes the export sector may even shrink next year. Green believes China will see 7.9% growth in 2009 - well below the double digit figures of the past five years. That may sound enviable to western countries facing recession, but with the working age population still growing, China needs to grow by at least 8% to maintain its employment rate. The fall-out will be concentrated in provinces such as Guangdong. \"The social impact of this is going to be huge. The problems are getting bigger and bigger,\" said Wooyeal Paik, researching Dongguan's industry and migrant workforce at the University of California at Los Angeles. \"Disgruntled workers left jobless will complain more ... You will see demonstrations and picketing. And probably there's a risk of violence against bosses - especially foreigners.\" Dongguan's government stepped in to reimburse the Smart Union workers to the tune of 24m yuan (\u00a32.2m) after thousands gathered at the factory gates and outside local authority offices. But two month's back pay - 1,200 yuan for most - will not last long. Wei, from Guizhou, is one of many struggling to find work. \"I came here as a migrant worker because my children need money for schooling,\" she said. New job offers aren't always what they seem, added 26-year-old Fang Jianlin, whose friends were recently conned. \"Recruiters told them the salaries were very good, but they were asked for money. They got robbed; some were even beaten,\" he said. Smart Union was such a popular employer that Fang paid a hefty \"introduction fee\" to get his job there. At worst, he and his wife would earn about 600 yuan a month; at the busiest times, when production ran until 2am, they could take home 2,100 yuan each. It's a tragic end to the dream which lures millions of workers to Dongguan each year, where they struggle and study their way towards the promise of a regular income. At the city's night schools, thousands of workers end their days with classes on every subject from car maintenance to law. Bob Li is one of the success stories. He arrived in 1995 as a labourer; \"everyone in my hometown had heard Guangdong was covered in gold,\" he explained. Now he manages a factory for Richall, supplying durable bags to companies such as Walmart, Carlsberg and Disney. He is unnerved by the economic downturn. \"These days it is getting more and more difficult for factories like us,\" he said, citing the cost of wages and materials. \"The price of our materials has risen because they're made from oil ... Taken together, costs have risen by 30-40%.\" To some extent, Dongguan has become a victim of its own success. The rising prosperity of the region has created inflationary pressures. Workers want higher wages; new labour laws are designed to wipe out sweatshops that bring higher costs which squeeze many companies. Manufacturers have already fled inland to cheaper provinces, in many cases encouraged by Guangdong authorities, who hoped to move the province up the value chain - condensing two hundred years of western industrial development into fewer than 15. \"We have a policy to empty the cage for the new birds,\" Guangdong's vice-governor Wan Qingliang told reporters this month. \"The ultimate target is to build the Pearl River Delta into the core region of modern manufacturing.\" Others are unsure of the wisdom of the policy in the face of a worldwide downturn. \"Places like Guangdong miscalculated the development of the economy. They actually tried to push out those labour intensive and small and medium sized enterprises [SMEs] out of the [established industrial] area because they wanted hi-tech industries there. But when something bad happens, like the economic downturn, what are they going to do?\" said Paik. He acknowledges that numerous east Asian economies have moved up the value chain in the same way, and that the Chinese government deserves to be confident given its economic record. \"But they haven't experienced a serious economic downturn except right after 1989 and have been overconfident in their policy of the quick transformation of industrial structure toward hi-tech in Guangdong,\" he cautioned. The risk is that officials might push the city off the economic ladder rather than up it. Whether subsidies, tax rebates and other support for small firms can save them remains to be seen. Yet China's rising living standards in the 30 years since economic reforms were launched has left most people optimistic about its long-term prospects. Migrant workers returning home think they may come back in a few years. \"If we compare the situation to when I first arrived, I have already found my pot of gold,\" said Bob Li. \"But I can still see it's just the beginning.\"",
      "charCount": "6561"
    },
    "isHosted": false,
    "pillarId": "pillar/news",
    "pillarName": "News"
  }
]