[
  {
    "id": "money/2008/jan/19/householdbills.consumeraffairs",
    "type": "article",
    "sectionId": "money",
    "sectionName": "Money",
    "webPublicationDate": "2008-01-19T23:51:21Z",
    "webTitle": "Inquiry demand after third energy price rise",
    "webUrl": "https://www.theguardian.com/money/2008/jan/19/householdbills.consumeraffairs",
    "apiUrl": "https://content.guardianapis.com/money/2008/jan/19/householdbills.consumeraffairs",
    "fields": {
      "headline": "Inquiry demand after third energy price rise",
      "standfirst": "<strong>&#183; </strong>British Gas move follows EDF and npower increases <br /><strong>&#183; </strong>Consumer groups call for 'collusion' investigation",
      "trailText": "<p><strong>&#183; </strong>British Gas move follows EDF and npower increases <br/><strong>&#183; </strong>Consumer groups call for 'collusion' investigation</p>",
      "byline": "Miles Brignall",
      "main": "",
      "body": "<p>British Gas said yesterday it was raising gas and electricity prices by 15% with immediate effect, meaning most of its 16 million customers will pay around \u00a3130 more over the coming year. The inflation-busting rise is expected to take customers' total spending on heating and lighting to more than \u00a31,050 for the year - and add \u00a31bn to British Gas coffers this year.</p> <p>The government was coming under renewed pressure last night to launch an investigation into the home energy market after Britain's biggest supplier became the third power firm to raise prices substantially. The move, which was blamed on higher wholesale costs, prompted consumer groups to demand a Competition Commission investigation into whether the big six power firms that dominate the market were acting in \"tacit collusion\".</p> <p>They say in other European countries recent price rises have been substantially less than the 15%-plus increases heaped on UK consumers - evidence that the UK market is not working. In Germany some bills have been falling, while in France gas prices have risen by 4%. </p> <p>British Gas said yesterday it had been forced to put its prices up due to a 51% increase in wholesale gas prices, and to pay for new environmental charges. Much of Britain's gas is sourced from the North sea, Norway and continental Europe.</p> <p>On Tuesday rival EDF claimed wholesale gas prices had risen by 117% when it raised its gas prices by almost 13%. Two weeks ago npower argued they had risen by 66% as it put 19% on gas prices. </p> <p>The industry regulator, Ofgem, this week contradicted all three claims, saying one-year forward wholesale gas prices had in fact risen by 31% over the same period. The correct figure for electricity was 40%, it said. In the last three weeks oil and wholesale gas prices have been falling.</p> <p>\"I'm sick and tired of hearing energy companies try to justify the latest bout of pain they are inflicting on their customers,\" said Allan Asher, chief executive of consumer body Energywatch. \"This increase piles on even more agony for consumers - particularly those on lower incomes. It is obvious to anyone who looks at it, this market is not delivering good value to consumers. The reasons are well known and explain why Energywatch has been calling on the government to call in the Competition Commission. The commission is a fantastic resource to be used in precisely these issues of market structure. It is a mystery to me why neither Ofgem nor the government want to use it.\"</p> <p>The managing director of British Gas, Phil Bentley, yesterday called for faster progress on liberalising energy markets in continental Europe to provide greater long-term price stability to the UK energy market. \"As the UK's biggest buyer of gas we want lower gas prices. However, lower availability of supplies from both the UK and the continent coupled with higher global oil prices have forced up wholesale prices. We can't absorb the burden of these higher energy prices and the costs of delivering a cleaner environment.\"</p> <p>He said the company would hold off the increase for its 340,000 most vulnerable customers until after the coldest weather had passed, in March. Those customers who have recently signed up to British Gas's latest internet-only deal involving paperless billing have also been saved the 15% increase in prices for now. </p> <p>Mark Todd, director at energyhelpline.com, claimed the price rise was unjustified. \"When British Gas dropped prices last year it did so in mid-March. If British Gas were being fair to customers it would have waited till the same time to increase them. In February we expect Centrica will report that British Gas has made record profits of up to \u00a3750m. These price rises will be seen by many as being brought in too early and too high. </p> <p>After a meeting between Alistair Darling and Ofgem on Tuesday, a spokesman said the chancellor was not minded to call for an inquiry, after \"he had been reassured the market was working properly\". </p> <p>However, he may want to review that decision. Charity groups have been warning that the current round of price hikes will add to the 4m households living in fuel poverty. Each 1% increase in energy bills sends 40,000 more households to the wrong side of the fuel poverty line.</p>",
      "newspaperPageNumber": "4",
      "wordcount": "719",
      "commentable": "false",
      "isPremoderated": "false",
      "lastModified": "2017-12-01T18:42:31Z",
      "newspaperEditionDate": "2008-01-19T00:00:00Z",
      "productionOffice": "UK",
      "publication": "The Guardian",
      "shortUrl": "https://gu.com/p/xxdn7",
      "shouldHideAdverts": "false",
      "showInRelatedContent": "true",
      "legallySensitive": "false",
      "lang": "en",
      "bodyText": "British Gas said yesterday it was raising gas and electricity prices by 15% with immediate effect, meaning most of its 16 million customers will pay around \u00a3130 more over the coming year. The inflation-busting rise is expected to take customers' total spending on heating and lighting to more than \u00a31,050 for the year - and add \u00a31bn to British Gas coffers this year. The government was coming under renewed pressure last night to launch an investigation into the home energy market after Britain's biggest supplier became the third power firm to raise prices substantially. The move, which was blamed on higher wholesale costs, prompted consumer groups to demand a Competition Commission investigation into whether the big six power firms that dominate the market were acting in \"tacit collusion\". They say in other European countries recent price rises have been substantially less than the 15%-plus increases heaped on UK consumers - evidence that the UK market is not working. In Germany some bills have been falling, while in France gas prices have risen by 4%. British Gas said yesterday it had been forced to put its prices up due to a 51% increase in wholesale gas prices, and to pay for new environmental charges. Much of Britain's gas is sourced from the North sea, Norway and continental Europe. On Tuesday rival EDF claimed wholesale gas prices had risen by 117% when it raised its gas prices by almost 13%. Two weeks ago npower argued they had risen by 66% as it put 19% on gas prices. The industry regulator, Ofgem, this week contradicted all three claims, saying one-year forward wholesale gas prices had in fact risen by 31% over the same period. The correct figure for electricity was 40%, it said. In the last three weeks oil and wholesale gas prices have been falling. \"I'm sick and tired of hearing energy companies try to justify the latest bout of pain they are inflicting on their customers,\" said Allan Asher, chief executive of consumer body Energywatch. \"This increase piles on even more agony for consumers - particularly those on lower incomes. It is obvious to anyone who looks at it, this market is not delivering good value to consumers. The reasons are well known and explain why Energywatch has been calling on the government to call in the Competition Commission. The commission is a fantastic resource to be used in precisely these issues of market structure. It is a mystery to me why neither Ofgem nor the government want to use it.\" The managing director of British Gas, Phil Bentley, yesterday called for faster progress on liberalising energy markets in continental Europe to provide greater long-term price stability to the UK energy market. \"As the UK's biggest buyer of gas we want lower gas prices. However, lower availability of supplies from both the UK and the continent coupled with higher global oil prices have forced up wholesale prices. We can't absorb the burden of these higher energy prices and the costs of delivering a cleaner environment.\" He said the company would hold off the increase for its 340,000 most vulnerable customers until after the coldest weather had passed, in March. Those customers who have recently signed up to British Gas's latest internet-only deal involving paperless billing have also been saved the 15% increase in prices for now. Mark Todd, director at energyhelpline.com, claimed the price rise was unjustified. \"When British Gas dropped prices last year it did so in mid-March. If British Gas were being fair to customers it would have waited till the same time to increase them. In February we expect Centrica will report that British Gas has made record profits of up to \u00a3750m. These price rises will be seen by many as being brought in too early and too high. After a meeting between Alistair Darling and Ofgem on Tuesday, a spokesman said the chancellor was not minded to call for an inquiry, after \"he had been reassured the market was working properly\". However, he may want to review that decision. Charity groups have been warning that the current round of price hikes will add to the 4m households living in fuel poverty. Each 1% increase in energy bills sends 40,000 more households to the wrong side of the fuel poverty line.",
      "charCount": "4221"
    },
    "isHosted": false,
    "pillarId": "pillar/lifestyle",
    "pillarName": "Lifestyle"
  },
  {
    "id": "books/2008/jan/19/crime",
    "type": "article",
    "sectionId": "books",
    "sectionName": "Books",
    "webPublicationDate": "2008-01-19T23:50:00Z",
    "webTitle": "Crime: Jan 19",
    "webUrl": "https://www.theguardian.com/books/2008/jan/19/crime",
    "apiUrl": "https://content.guardianapis.com/books/2008/jan/19/crime",
    "fields": {
      "headline": "Harbouring thieves",
      "standfirst": "Laura Wilson on The Price of Darkness | White Riot | This Night's Foul Work | Bad Traffic",
      "trailText": "<p>Laura Wilson on The Price of Darkness | White Riot | This Night's Foul Work | Bad Traffic</p>",
      "byline": "Laura Wilson",
      "main": "",
      "body": "<p><strong>The Price of Darkness</strong>, by Graham Hurley (Orion, \u00a39.99)</p> <p>Residents of Portsmouth disgruntled by Boris Johnson's description of their town as drug-ridden and populated by obese under-achievers will not necessarily be pleased to learn that it is the setting for Britain's finest and hardest-hitting series of police procedural novels. The Price of Darkness is Graham Hurley's best book yet and should put Pompey firmly on the literary map. Maverick DC Paul Winter has gone under cover and is finding that the rich pickings of the criminal life are too much of a burden for his slender conscience to bear, and stalwart DI Faraday is trying to piece together a jigsaw of graft and corruption in order to solve a murder and an assassination. Hurley presents a world that has lost its moral compass, where selfishness, betrayal and brutality prevail, and the rare instances of decency and kindness seem almost aberrant. Readers who enjoy convincing, well-crafted thrillers won't go wrong with this one.</p> <p><strong>White Riot</strong>, by Martin Waites (Pocket Books, \u00a36.99)</p> <p>It's fair to say that the latest book in the Newcastle-based Joe Donovan series is not a particularly good advertisement for that city, either. Investigator Donovan and his colleagues become embroiled in a mel\u00e9e of white supremacists and Muslim extremists; former members of a 1970s Angry Brigade-style organisation find that their youthful excesses have come back to haunt them. Ageing former agitator Trevor Whitman is receiving death threats and racial hatred is boiling up, fomented by cynical manipulators for their own ends. White Riot is written in the sort of bovver-boots-and-dustbin-lids staccato prose that doesn't so much leap off the page as threaten to smack the reader in the mouth. That said, the suspense is fuelled as much by pathos as by sound and fury, and it will reward those who linger to savour its subtleties.</p> <p><strong>This Night's Foul Work</strong>, by Fred Vargas, translated by Sian Reynolds (Harvill Secker, \u00a312.99)</p> <p>Growing curiouser and curiouser with each book, French novelist Vargas is set fair to become the Lewis Carroll of the crime-writing world. This Night's Foul Work begins with a ghost story and gets weirder, as Commissaire Adamsberg and his team investigate the deaths of two men found on the outskirts of Paris with their throats cut. Then a stag is found with its heart cut out, a grave is disturbed, an \"angel of death\" nurse escapes from prison, a strange new recruit who speaks in extemporised 12-syllable Racinian verse joins the murder squad, and a sniffer-cat is pressed into service. It's been said that a distinctive voice is the hardest thing for an author to achieve, but with her gallery of bizarre characters who converse in gnomic, and sometimes incomprehensible, dialogue, Vargas is often in danger of losing sight of the writer's first and most important objective: lucidity. This is fascinating and infuriating in equal measure.</p> <p><strong>Bad Traffic</strong>, by Simon Lewis (Sort Of Books, \u00a37.99)</p> <p>\"This man have come from China to find his daughter who have some trouble. He do not speak English.\" Jian, a cynical policeman from the Siberian border, has arrived in Britain, armed only with this note and an elastic moral sense, to find his missing daughter, whom he believes to be in grave danger. Ding Ming, an illegal immigrant who is in hock to a gang of people traffickers, is trying to find his wife, from whom he has been forcibly separated. The two men form an uneasy alliance as they journey through an alien world, seeking their loved ones. Lewis's aim was to write a book that was \"fast-paced and pulpy, with a high body count and plenty of action\". He has certainly succeeded, but there's more besides - dark comedy, sensitive characterisation and an incisive rendering of the desperation felt by beleaguered strangers in a foreign land.</p>",
      "newspaperPageNumber": "16",
      "wordcount": "639",
      "commentable": "false",
      "isPremoderated": "false",
      "lastModified": "2018-02-22T13:28:46Z",
      "newspaperEditionDate": "2008-01-19T00:00:00Z",
      "productionOffice": "UK",
      "publication": "The Guardian",
      "shortUrl": "https://gu.com/p/xk48q",
      "shouldHideAdverts": "false",
      "showInRelatedContent": "true",
      "legallySensitive": "false",
      "lang": "en",
      "bodyText": "The Price of Darkness, by Graham Hurley (Orion, \u00a39.99) Residents of Portsmouth disgruntled by Boris Johnson's description of their town as drug-ridden and populated by obese under-achievers will not necessarily be pleased to learn that it is the setting for Britain's finest and hardest-hitting series of police procedural novels. The Price of Darkness is Graham Hurley's best book yet and should put Pompey firmly on the literary map. Maverick DC Paul Winter has gone under cover and is finding that the rich pickings of the criminal life are too much of a burden for his slender conscience to bear, and stalwart DI Faraday is trying to piece together a jigsaw of graft and corruption in order to solve a murder and an assassination. Hurley presents a world that has lost its moral compass, where selfishness, betrayal and brutality prevail, and the rare instances of decency and kindness seem almost aberrant. Readers who enjoy convincing, well-crafted thrillers won't go wrong with this one. White Riot, by Martin Waites (Pocket Books, \u00a36.99) It's fair to say that the latest book in the Newcastle-based Joe Donovan series is not a particularly good advertisement for that city, either. Investigator Donovan and his colleagues become embroiled in a mel\u00e9e of white supremacists and Muslim extremists; former members of a 1970s Angry Brigade-style organisation find that their youthful excesses have come back to haunt them. Ageing former agitator Trevor Whitman is receiving death threats and racial hatred is boiling up, fomented by cynical manipulators for their own ends. White Riot is written in the sort of bovver-boots-and-dustbin-lids staccato prose that doesn't so much leap off the page as threaten to smack the reader in the mouth. That said, the suspense is fuelled as much by pathos as by sound and fury, and it will reward those who linger to savour its subtleties. This Night's Foul Work, by Fred Vargas, translated by Sian Reynolds (Harvill Secker, \u00a312.99) Growing curiouser and curiouser with each book, French novelist Vargas is set fair to become the Lewis Carroll of the crime-writing world. This Night's Foul Work begins with a ghost story and gets weirder, as Commissaire Adamsberg and his team investigate the deaths of two men found on the outskirts of Paris with their throats cut. Then a stag is found with its heart cut out, a grave is disturbed, an \"angel of death\" nurse escapes from prison, a strange new recruit who speaks in extemporised 12-syllable Racinian verse joins the murder squad, and a sniffer-cat is pressed into service. It's been said that a distinctive voice is the hardest thing for an author to achieve, but with her gallery of bizarre characters who converse in gnomic, and sometimes incomprehensible, dialogue, Vargas is often in danger of losing sight of the writer's first and most important objective: lucidity. This is fascinating and infuriating in equal measure. Bad Traffic, by Simon Lewis (Sort Of Books, \u00a37.99) \"This man have come from China to find his daughter who have some trouble. He do not speak English.\" Jian, a cynical policeman from the Siberian border, has arrived in Britain, armed only with this note and an elastic moral sense, to find his missing daughter, whom he believes to be in grave danger. Ding Ming, an illegal immigrant who is in hock to a gang of people traffickers, is trying to find his wife, from whom he has been forcibly separated. The two men form an uneasy alliance as they journey through an alien world, seeking their loved ones. Lewis's aim was to write a book that was \"fast-paced and pulpy, with a high body count and plenty of action\". He has certainly succeeded, but there's more besides - dark comedy, sensitive characterisation and an incisive rendering of the desperation felt by beleaguered strangers in a foreign land.",
      "charCount": "3821"
    },
    "isHosted": false,
    "pillarId": "pillar/arts",
    "pillarName": "Arts"
  },
  {
    "id": "uk/2008/jan/19/animalwelfare.world",
    "type": "article",
    "sectionId": "world",
    "sectionName": "World news",
    "webPublicationDate": "2008-01-19T23:44:47Z",
    "webTitle": "Letters: Paying the price for cheap chicken",
    "webUrl": "https://www.theguardian.com/uk/2008/jan/19/animalwelfare.world",
    "apiUrl": "https://content.guardianapis.com/uk/2008/jan/19/animalwelfare.world",
    "fields": {
      "headline": "Paying the price for cheap chicken",
      "trailText": "<b>Letters: </b>The great chicken debate continues to create news stories",
      "main": "",
      "body": "The great chicken debate continues to create news stories (Battery egg blunder dismays Jamie Oliver, January 17), gossip (People, January 17) and comment (Jamie's fowl sanctimony, January 17) in the Guardian. These various pieces underscore why improvements in animal welfare are so difficult to implement. It is unfortunate that the Guardian joins in with the cynicism and the attempts to ostracise aimed at those who try to make a difference and challenge the practices and ethics of others. <p>Meat has become very cheap - too cheap - due to the postwar intensification of animal husbandry and the complacency of governments that have allowed the introduction of many cruel practices. Society has become used to the low prices, encouraged by supermarkets, and consumption of meat has increased. We have to reverse this process, but this type of change is hampered by factors which, as well as cynicism, include guilt, compassion fatigue and the moral distance between purchase and production.</p> <p>Recent attempts to show us how cheap chicken is produced should be applauded and encouraged. Zoe Williams' comment \"It is, frankly, obnoxious to see a rich person demanding impoverishing consumer choices from a poorer person\" suggests a raw nerve has been touched. We should all be engaged in improving the lives of others (including animals), rich and poor. It so happens that rich people tend to get on the television - due to the media's obsession with celebrity. <br><b>Mark Glover</b><br>Nottingham</p> <p>While it's good to see Zoe Williams putting forward the complexities of consumer attitudes to meat production in Britain, her article continues to promote the misapprehension that chicken farmers need greater regulation.</p> <p>British Poultry Council members rear chickens to the Assured Chicken Production Red Tractor standard that promotes good health, welfare and food safety. We were one of the main players in negotiating the EU welfare directive for chickens kept for meat. To describe animals reared under these scientifically developed standards as cruel is an insult to the stockmen who look after the national flock. Animal welfare is the top priority for poultry producers because their birds are their livelihood.</p> <p>British chicken farmers do agree with Williams that the price we get from the retailers for our birds is too low. It's time that farmers and processors received the full cost of their inputs, with a fair margin for continued investment in high standards that benefit consumers. <br><b>Jeremy Blackburn</b><br>Executive officer, British Poultry Council</p> <p>Cheap supermarket chicken is not only bad for animal welfare, but also for farm workers and for the environment. As a small-scale farmer earning very much less than the \u00a324k median income mentioned by Zoe Williams, I'd like to suggest that if she considers the affordability of chicken to be a marker of a fair society she should be lobbying the government to improve its anti-poverty efforts rather than castigating those who are exposing the obscenities of industrial agriculture. Human society in general and agriculture in particular face limits imposed by nature. To understand this is indeed fundamentally political. The failure of Williams and so many others to do so helps to explain the environmental mess we're in. <br><b>Chris Smaje</b><br>Frome, Somerset</p> <p>A \"three-quid broiler\" might be the norm, but we are wrong to see it as normal; it is made available only by the inhumane treatment of animals. If \u00a310 reflects the price of an ethically reared bird then that is what all chickens should cost. Is it unfair that some people might not be able to afford a \u00a310 chicken? Well, in a sense, yes; but only in the way it's unfair that some people can't afford caviar, lobster or truffles. It is only recently, with the advent of intensive (and often cruel) farming methods, that the price of meat has become low enough to allow its everyday consumption. If a \u00a310 price tag means chicken meat is a luxury to someone then it should be treated as such - perhaps eaten once rather than three or four times per week. Everyday access to cut-price chicken is not something to be enshrined in the Human Rights Act. <br><b>Dan Woolley</b><br>London</p>",
      "newspaperPageNumber": "41",
      "wordcount": "681",
      "commentable": "false",
      "isPremoderated": "false",
      "lastModified": "2017-12-01T18:43:04Z",
      "newspaperEditionDate": "2008-01-19T00:00:00Z",
      "productionOffice": "UK",
      "publication": "The Guardian",
      "shortUrl": "https://gu.com/p/xk4a3",
      "shouldHideAdverts": "false",
      "showInRelatedContent": "true",
      "legallySensitive": "false",
      "lang": "en",
      "bodyText": "The great chicken debate continues to create news stories (Battery egg blunder dismays Jamie Oliver, January 17), gossip (People, January 17) and comment (Jamie's fowl sanctimony, January 17) in the Guardian. These various pieces underscore why improvements in animal welfare are so difficult to implement. It is unfortunate that the Guardian joins in with the cynicism and the attempts to ostracise aimed at those who try to make a difference and challenge the practices and ethics of others. Meat has become very cheap - too cheap - due to the postwar intensification of animal husbandry and the complacency of governments that have allowed the introduction of many cruel practices. Society has become used to the low prices, encouraged by supermarkets, and consumption of meat has increased. We have to reverse this process, but this type of change is hampered by factors which, as well as cynicism, include guilt, compassion fatigue and the moral distance between purchase and production. Recent attempts to show us how cheap chicken is produced should be applauded and encouraged. Zoe Williams' comment \"It is, frankly, obnoxious to see a rich person demanding impoverishing consumer choices from a poorer person\" suggests a raw nerve has been touched. We should all be engaged in improving the lives of others (including animals), rich and poor. It so happens that rich people tend to get on the television - due to the media's obsession with celebrity. Mark Glover Nottingham While it's good to see Zoe Williams putting forward the complexities of consumer attitudes to meat production in Britain, her article continues to promote the misapprehension that chicken farmers need greater regulation. British Poultry Council members rear chickens to the Assured Chicken Production Red Tractor standard that promotes good health, welfare and food safety. We were one of the main players in negotiating the EU welfare directive for chickens kept for meat. To describe animals reared under these scientifically developed standards as cruel is an insult to the stockmen who look after the national flock. Animal welfare is the top priority for poultry producers because their birds are their livelihood. British chicken farmers do agree with Williams that the price we get from the retailers for our birds is too low. It's time that farmers and processors received the full cost of their inputs, with a fair margin for continued investment in high standards that benefit consumers. Jeremy Blackburn Executive officer, British Poultry Council Cheap supermarket chicken is not only bad for animal welfare, but also for farm workers and for the environment. As a small-scale farmer earning very much less than the \u00a324k median income mentioned by Zoe Williams, I'd like to suggest that if she considers the affordability of chicken to be a marker of a fair society she should be lobbying the government to improve its anti-poverty efforts rather than castigating those who are exposing the obscenities of industrial agriculture. Human society in general and agriculture in particular face limits imposed by nature. To understand this is indeed fundamentally political. The failure of Williams and so many others to do so helps to explain the environmental mess we're in. Chris Smaje Frome, Somerset A \"three-quid broiler\" might be the norm, but we are wrong to see it as normal; it is made available only by the inhumane treatment of animals. If \u00a310 reflects the price of an ethically reared bird then that is what all chickens should cost. Is it unfair that some people might not be able to afford a \u00a310 chicken? Well, in a sense, yes; but only in the way it's unfair that some people can't afford caviar, lobster or truffles. It is only recently, with the advent of intensive (and often cruel) farming methods, that the price of meat has become low enough to allow its everyday consumption. If a \u00a310 price tag means chicken meat is a luxury to someone then it should be treated as such - perhaps eaten once rather than three or four times per week. Everyday access to cut-price chicken is not something to be enshrined in the Human Rights Act. Dan Woolley London",
      "charCount": "4159"
    },
    "isHosted": false,
    "pillarId": "pillar/news",
    "pillarName": "News"
  },
  {
    "id": "business/2008/jan/19/housingmarket.houseprices",
    "type": "article",
    "sectionId": "money",
    "sectionName": "Money",
    "webPublicationDate": "2008-01-19T12:44:25Z",
    "webTitle": "London suffers most as house prices fall",
    "webUrl": "https://www.theguardian.com/business/2008/jan/19/housingmarket.houseprices",
    "apiUrl": "https://content.guardianapis.com/business/2008/jan/19/housingmarket.houseprices",
    "fields": {
      "headline": "London suffers most as house prices fall",
      "trailText": "<p>London was hardest-hit by falling house prices in the final quarter of 2007, a new survey from the Halifax shows today</p>",
      "byline": "Angela Balakrishnan",
      "main": "",
      "body": "<p>London was hardest-hit by falling house prices in the final quarter of 2007, a new survey from the Halifax shows today, adding to the gloom in the housing market.</p> <p>Britain's largest mortgage lender said Greater London led price falls in eight regions across the UK with a hefty drop of 6.3%. This was followed by the south east and east Midlands, which each saw a decrease of 2.3%.</p> <p>The news signals a grim time ahead for the housing market, as London and the south-east have previously been the boom areas at the forefront of Britain's double-digit house price growth.</p> <p>Higher interest rates and tighter lending standards have hit demand, however, especially from those in the City.</p> <p>Prices fell in the majority of London boroughs, echoing reports from the Royal Institution of Chartered Surveyors, which said prices in the capital fell for the second successive month in December.</p> <p>Scotland recorded the biggest price rises, with a 2.4% increase over the fourth quarter of last year, taking its annual rate of house price inflation to 13.1%.</p> <p>However, national house prices in 2007 rose by only 5.2%, taking the average price of a home in the UK to \u00a3197,071, an increase of \u00a39,821 over the year.</p> <p>This made 2007 only the second year since 2001 when prices have risen by less than the long-term average of 8%.</p> <p>\"The slowdown in house price growth seen in the first three quarters of 2007 continued in the final three months of the year with prices slightly lower than in the preceding quarter,\" said Martin Ellis, chief economist at Halifax.</p> <p>\"House prices for the UK as a whole are expected to be flat during 2008 but there are likely to be regional variations. Small price rises are expected in Scotland whilst modest falls are predicted in northern England and the Midlands. These falls should however be viewed in context with the substantial house price rises over the past few years.\"</p> <p>Prices in the north have risen by 187% over the past ten years and by 171% in the West Midlands.</p>",
      "wordcount": "350",
      "commentable": "false",
      "isPremoderated": "false",
      "lastModified": "2017-09-20T21:41:20Z",
      "newspaperEditionDate": "2008-01-19T00:00:00Z",
      "productionOffice": "UK",
      "publication": "theguardian.com",
      "shortUrl": "https://gu.com/p/xxdn9",
      "shouldHideAdverts": "false",
      "showInRelatedContent": "true",
      "legallySensitive": "false",
      "lang": "en",
      "bodyText": "London was hardest-hit by falling house prices in the final quarter of 2007, a new survey from the Halifax shows today, adding to the gloom in the housing market. Britain's largest mortgage lender said Greater London led price falls in eight regions across the UK with a hefty drop of 6.3%. This was followed by the south east and east Midlands, which each saw a decrease of 2.3%. The news signals a grim time ahead for the housing market, as London and the south-east have previously been the boom areas at the forefront of Britain's double-digit house price growth. Higher interest rates and tighter lending standards have hit demand, however, especially from those in the City. Prices fell in the majority of London boroughs, echoing reports from the Royal Institution of Chartered Surveyors, which said prices in the capital fell for the second successive month in December. Scotland recorded the biggest price rises, with a 2.4% increase over the fourth quarter of last year, taking its annual rate of house price inflation to 13.1%. However, national house prices in 2007 rose by only 5.2%, taking the average price of a home in the UK to \u00a3197,071, an increase of \u00a39,821 over the year. This made 2007 only the second year since 2001 when prices have risen by less than the long-term average of 8%. \"The slowdown in house price growth seen in the first three quarters of 2007 continued in the final three months of the year with prices slightly lower than in the preceding quarter,\" said Martin Ellis, chief economist at Halifax. \"House prices for the UK as a whole are expected to be flat during 2008 but there are likely to be regional variations. Small price rises are expected in Scotland whilst modest falls are predicted in northern England and the Midlands. These falls should however be viewed in context with the substantial house price rises over the past few years.\" Prices in the north have risen by 187% over the past ten years and by 171% in the West Midlands.",
      "charCount": "1979"
    },
    "isHosted": false,
    "pillarId": "pillar/lifestyle",
    "pillarName": "Lifestyle"
  },
  {
    "id": "sport/2008/jan/19/golf.sport",
    "type": "article",
    "sectionId": "sport",
    "sectionName": "Sport",
    "webPublicationDate": "2008-01-19T00:02:15Z",
    "webTitle": "Golf: Editor sacked over Woods 'lynch' row coverage",
    "webUrl": "https://www.theguardian.com/sport/2008/jan/19/golf.sport",
    "apiUrl": "https://content.guardianapis.com/sport/2008/jan/19/golf.sport",
    "fields": {
      "headline": "Editor sacked over Woods 'lynch' row coverage",
      "trailText": "<p><strong>Golf:</strong> Editor of Golfweek magazine pays the price for putting a noose on his latest front cover</p>",
      "byline": "Lawrence Donegan",
      "main": "",
      "body": "<p>The ongoing row over an American television presenter's joking reference to \"lynching\" Tiger Woods took a bizarre twist yesterday with the sacking of an editor who highlighted his magazine's coverage of the story by putting a noose on the front cover.</p> <p>A week after Kelly Tilghman was suspended from her job as a host of PGA tour coverage on the Golf Channel after joking with her co-host Nick Faldo that Woods' young rivals might want to take him \"down a back alley and lynch him\", David Seanor, the editor of Golfweek magazine, was fired after the magazine's cover attracted criticism as well as threats from advertisers to withdraw their business.</p> <p>The PGA tour commissioner Tim Finchem took the unusual step of issuing a statement condemning the cover, which carried the headline \"Caught in a Noose?\". \"We consider Golfweek's imagery of a swinging noose on its cover to be outrageous and irresponsible. It smacks of tabloid journalism. It was a naked attempt to inflame and keep alive an incident that was heading to an appropriate conclusion,\" said the normally reticent Finchem.</p> <p>The decision to fire Seanor was announced by the magazine's chairman, William Kupper Jr, who said the cover received extreme negative reaction. \"We apologise for creating this graphic cover. We were trying to convey the controversial issues with a strong and provocative graphic image. It is now obvious that the overall reaction to our cover deeply offended many people. For that, we are deeply apologetic.\" It is not known whether Kupper had seen the offending cover before it went to print.</p> <p>Seanor was not available for comment last night, although earlier this week he admitted he had been surprised at the extent of the reaction the cover had attracted and hinted he had regrets. \"There's been a huge, negative reaction. I've had so many emails. It's a little overwhelming. I wish we could have come up with something that made the same statement but didn't create as much negative reaction,\" he said, adding that part of the problem was that the golf industry recoiled when the issue of race was raised.</p> <p>\"Look at the executive suites at the PGA tour, or the USGA, or the PGA of America. There are very, very few people of colour there. This is a situation in golf where there needs to be more dialogue. And when you get more dialogue, people don't want to hear it, and they brush it under the rug. But as this has unfolded, I'm glad there's dialogue.\"</p> <p><strong>\u00b7</strong> Martin Kaymer, last season's European tour rookie of the year, yesterday took a six-shot lead after two rounds of the Abu Dhabi championship. The 23-year-old German added a seven-under-par 65 to his opening-day 66 to finish on 13 under at the halfway point of the $2m (\u00a31m) event. Henrik Stenson was six shots back and the Open Champion, Padraig Harrington, was out of contention on level par for the tournament.</p>",
      "newspaperPageNumber": "12",
      "wordcount": "488",
      "commentable": "false",
      "isPremoderated": "false",
      "lastModified": "2017-11-29T12:41:49Z",
      "newspaperEditionDate": "2008-01-19T00:00:00Z",
      "productionOffice": "UK",
      "publication": "The Guardian",
      "shortUrl": "https://gu.com/p/xa8x9",
      "shouldHideAdverts": "false",
      "showInRelatedContent": "true",
      "legallySensitive": "false",
      "lang": "en",
      "bodyText": "The ongoing row over an American television presenter's joking reference to \"lynching\" Tiger Woods took a bizarre twist yesterday with the sacking of an editor who highlighted his magazine's coverage of the story by putting a noose on the front cover. A week after Kelly Tilghman was suspended from her job as a host of PGA tour coverage on the Golf Channel after joking with her co-host Nick Faldo that Woods' young rivals might want to take him \"down a back alley and lynch him\", David Seanor, the editor of Golfweek magazine, was fired after the magazine's cover attracted criticism as well as threats from advertisers to withdraw their business. The PGA tour commissioner Tim Finchem took the unusual step of issuing a statement condemning the cover, which carried the headline \"Caught in a Noose?\". \"We consider Golfweek's imagery of a swinging noose on its cover to be outrageous and irresponsible. It smacks of tabloid journalism. It was a naked attempt to inflame and keep alive an incident that was heading to an appropriate conclusion,\" said the normally reticent Finchem. The decision to fire Seanor was announced by the magazine's chairman, William Kupper Jr, who said the cover received extreme negative reaction. \"We apologise for creating this graphic cover. We were trying to convey the controversial issues with a strong and provocative graphic image. It is now obvious that the overall reaction to our cover deeply offended many people. For that, we are deeply apologetic.\" It is not known whether Kupper had seen the offending cover before it went to print. Seanor was not available for comment last night, although earlier this week he admitted he had been surprised at the extent of the reaction the cover had attracted and hinted he had regrets. \"There's been a huge, negative reaction. I've had so many emails. It's a little overwhelming. I wish we could have come up with something that made the same statement but didn't create as much negative reaction,\" he said, adding that part of the problem was that the golf industry recoiled when the issue of race was raised. \"Look at the executive suites at the PGA tour, or the USGA, or the PGA of America. There are very, very few people of colour there. This is a situation in golf where there needs to be more dialogue. And when you get more dialogue, people don't want to hear it, and they brush it under the rug. But as this has unfolded, I'm glad there's dialogue.\" \u00b7 Martin Kaymer, last season's European tour rookie of the year, yesterday took a six-shot lead after two rounds of the Abu Dhabi championship. The 23-year-old German added a seven-under-par 65 to his opening-day 66 to finish on 13 under at the halfway point of the $2m (\u00a31m) event. Henrik Stenson was six shots back and the Open Champion, Padraig Harrington, was out of contention on level par for the tournament.",
      "charCount": "2855"
    },
    "isHosted": false,
    "pillarId": "pillar/sport",
    "pillarName": "Sport"
  }
]