[
  {
    "id": "business/2008/oct/22/manufacturing-creditcrunch",
    "type": "article",
    "sectionId": "business",
    "sectionName": "Business",
    "webPublicationDate": "2008-10-21T23:01:00Z",
    "webTitle": "UK manufacturers warn of gloomiest outlook since 1980",
    "webUrl": "https://www.theguardian.com/business/2008/oct/22/manufacturing-creditcrunch",
    "apiUrl": "https://content.guardianapis.com/business/2008/oct/22/manufacturing-creditcrunch",
    "fields": {
      "headline": "UK manufacturers warn of gloomiest outlook since 1980",
      "standfirst": "CBI's survey reveals sharp fall in orders and output",
      "trailText": "<p>Business optimism fell this month to its lowest in almost 30 years, leading the CBI to call for more interest rate cuts </p>",
      "byline": "Kathryn Hopkins and Abhinav Ramnarayan",
      "main": "",
      "body": "<p>Business optimism fell this month to its lowest in almost 30 years, leading the CBI to call for more interest rate cuts as manufacturing companies struggle to keep their heads above water during the credit crunch. </p> <p>The CBI's quarterly survey showed that optimism at British manufacturing companies tumbled to a balance of -60 from -40 in July on the back of the lowest number of new orders on companies' books in five years.</p> <p>Expectations of future output fell to -31 this month from -16, the lowest since July 1980.</p> <p>The credit squeeze has hurt the manufacturing sector, with 9% of companies saying that their output was likely to be constrained by credit or finance in the coming quarter - the highest figure since 1975. </p> <p>Orders for capital goods, usually considered relatively unaffected by credit conditions, has fallen for the first time since 2005. New orders dropped to -12 in October from +23 in July.</p> <p>Ian McCafferty, the CBI's chief economic adviser, said: \"Finance has not been a big issue [for manufacturing companies] but for the first time, in this survey, we see conditions have become more difficult.</p> <p>\"The sharp falls in orders and output show the slowdown in the UK economy is now spreading to sectors previously resilient to weakness in the banking and housing markets.\" </p> <p>Opposition parties used the figures to criticise the government. Philip Hammond, shadow chief secretary to the Treasury, said: \"This is yet more bad news for the British economy. Our manufacturing base, which has shrunk by a million jobs since 1997, is now paying the price for Gordon Brown's failure to prepare Britain for the economic downturn.\"</p> <p>However, there were a couple of bright spots, with the cost of Brent crude oil falling about 33% from the previous quarter.</p> <p>John Cridland, the deputy director general of the CBI, said that costs were likely to ease, while this month's half-point interest rate cut and the government's effort to recapitalise banks could have a positive effect in the following quarter. </p> <p>Unemployment rates were not as high as anticipated. The CBI expects 23,000 manufacturing jobs to be cut in the next quarter and 42,000 in the quarter following that. </p> <p>Meanwhile, more bad news arrived as a leading economic think-tank said today the British economy has entered a recession that could last until the end of 2009 and would leave the country with \"permanent scars\". </p> <p>The National Institute of Economic and Social Research predicted the British economy would contract by 0.9% in 2009 - the first annual fall since 1991. </p> <p>The NIESR said the country entered a recession in the third quarter of this year and that it would last four quarters. However, it acknowledged there was a one-in-three chance that the recession could run until the end of next year and added that growth in 2010 would be only 0.8% per annum. Its report arrived just after Bank of England governor Mervyn King also warned that the economy was heading into recession.</p> <p>The NIESR said consumer spending is expected to fall 3.4% in 2009 due to credit rationing, weak economic growth and negative wealth effects. Unemployment is expected to breach 2 million. </p> <p>Inflation is on course to peak in the final three months of this year, but the NIESR expects King to have to write at least three more letters to the chancellor, Alistair Darling, explaining why inflation has continued to surpass the Bank's target of 2%. </p> <p>The institute said that there would be a global recession in 2009, with the worst recession in industrialised countries since 1982. </p> <p>It called for a co-ordinated rate cut of two and a half percentage points to \"partially offset the output decline in the US and the UK\". It added that US interest rates would have to drop to zero to have a significant impact. </p> <p>The NIESR said property prices would drop 9% in 2009 but would pick up in 2010. </p> <p>The government said yesterday that UK housing transactions dived 53% in the year to September. HM Revenue &amp; Customs reported that 59,000 residential properties worth more than \u00a340,000 were sold in September, against 126,000 in the same month last year.</p> <p>Simon Rubinsohn, chief economist at the Royal Institution of Chartered Surveyors, said: \"While this was only marginally below the August figure on a seasonally adjusted basis, it is more than 50% down on the level of a year ago. </p> <p>\"This is now having a meaningful impact on consumer spending and jobs. It has, as a result, played a large role in pushing the economy to the brink of recession. </p> <p>\"There are some signals that housing market activity could be close to hitting a floor but there is a danger that a sharp rise in unemployment could precipitate a further round of fear on the part of buyers.\"</p>",
      "newspaperPageNumber": "24",
      "wordcount": "804",
      "commentable": "false",
      "isPremoderated": "false",
      "lastModified": "2017-11-26T20:30:54Z",
      "newspaperEditionDate": "2008-10-22T00:00:00Z",
      "productionOffice": "UK",
      "publication": "The Guardian",
      "shortUrl": "https://gu.com/p/223e2",
      "shouldHideAdverts": "false",
      "showInRelatedContent": "true",
      "legallySensitive": "false",
      "lang": "en",
      "bodyText": "Business optimism fell this month to its lowest in almost 30 years, leading the CBI to call for more interest rate cuts as manufacturing companies struggle to keep their heads above water during the credit crunch. The CBI's quarterly survey showed that optimism at British manufacturing companies tumbled to a balance of -60 from -40 in July on the back of the lowest number of new orders on companies' books in five years. Expectations of future output fell to -31 this month from -16, the lowest since July 1980. The credit squeeze has hurt the manufacturing sector, with 9% of companies saying that their output was likely to be constrained by credit or finance in the coming quarter - the highest figure since 1975. Orders for capital goods, usually considered relatively unaffected by credit conditions, has fallen for the first time since 2005. New orders dropped to -12 in October from +23 in July. Ian McCafferty, the CBI's chief economic adviser, said: \"Finance has not been a big issue [for manufacturing companies] but for the first time, in this survey, we see conditions have become more difficult. \"The sharp falls in orders and output show the slowdown in the UK economy is now spreading to sectors previously resilient to weakness in the banking and housing markets.\" Opposition parties used the figures to criticise the government. Philip Hammond, shadow chief secretary to the Treasury, said: \"This is yet more bad news for the British economy. Our manufacturing base, which has shrunk by a million jobs since 1997, is now paying the price for Gordon Brown's failure to prepare Britain for the economic downturn.\" However, there were a couple of bright spots, with the cost of Brent crude oil falling about 33% from the previous quarter. John Cridland, the deputy director general of the CBI, said that costs were likely to ease, while this month's half-point interest rate cut and the government's effort to recapitalise banks could have a positive effect in the following quarter. Unemployment rates were not as high as anticipated. The CBI expects 23,000 manufacturing jobs to be cut in the next quarter and 42,000 in the quarter following that. Meanwhile, more bad news arrived as a leading economic think-tank said today the British economy has entered a recession that could last until the end of 2009 and would leave the country with \"permanent scars\". The National Institute of Economic and Social Research predicted the British economy would contract by 0.9% in 2009 - the first annual fall since 1991. The NIESR said the country entered a recession in the third quarter of this year and that it would last four quarters. However, it acknowledged there was a one-in-three chance that the recession could run until the end of next year and added that growth in 2010 would be only 0.8% per annum. Its report arrived just after Bank of England governor Mervyn King also warned that the economy was heading into recession. The NIESR said consumer spending is expected to fall 3.4% in 2009 due to credit rationing, weak economic growth and negative wealth effects. Unemployment is expected to breach 2 million. Inflation is on course to peak in the final three months of this year, but the NIESR expects King to have to write at least three more letters to the chancellor, Alistair Darling, explaining why inflation has continued to surpass the Bank's target of 2%. The institute said that there would be a global recession in 2009, with the worst recession in industrialised countries since 1982. It called for a co-ordinated rate cut of two and a half percentage points to \"partially offset the output decline in the US and the UK\". It added that US interest rates would have to drop to zero to have a significant impact. The NIESR said property prices would drop 9% in 2009 but would pick up in 2010. The government said yesterday that UK housing transactions dived 53% in the year to September. HM Revenue &amp; Customs reported that 59,000 residential properties worth more than \u00a340,000 were sold in September, against 126,000 in the same month last year. Simon Rubinsohn, chief economist at the Royal Institution of Chartered Surveyors, said: \"While this was only marginally below the August figure on a seasonally adjusted basis, it is more than 50% down on the level of a year ago. \"This is now having a meaningful impact on consumer spending and jobs. It has, as a result, played a large role in pushing the economy to the brink of recession. \"There are some signals that housing market activity could be close to hitting a floor but there is a danger that a sharp rise in unemployment could precipitate a further round of fear on the part of buyers.\"",
      "charCount": "4682"
    },
    "isHosted": false,
    "pillarId": "pillar/news",
    "pillarName": "News"
  },
  {
    "id": "business/2008/oct/22/bank-england-mervyn-king",
    "type": "article",
    "sectionId": "business",
    "sectionName": "Business",
    "webPublicationDate": "2008-10-21T23:01:00Z",
    "webTitle": "Viewpoint: King's dose of realism a point of interest",
    "webUrl": "https://www.theguardian.com/business/2008/oct/22/bank-england-mervyn-king",
    "apiUrl": "https://content.guardianapis.com/business/2008/oct/22/bank-england-mervyn-king",
    "fields": {
      "headline": "King's dose of realism a point of interest",
      "trailText": "<p><strong>Nils Pratley: </strong>It is still possible to find the governor of the Bank of England fretting about inflationary dangers</p>",
      "byline": "Nils Pratley",
      "main": "",
      "body": "<p>If you scrutinise Mervyn King's speech last night, it is still possible to find the governor of the Bank of England fretting about inflationary dangers. Prospects for oil and other commodity prices are \"difficult to assess\"; the credit crunch will affect not only demand but also the supply potential of the economy.</p> <p>But take a step back from these nuanced points and consider the straightforward stuff. The UK economy is entering a recession, said King, and \"during the past month, the balance of risks to inflation in the medium term shifted decisively to the downside\".</p> <p>The word \"decisively\" is the one to focus on. If the risks have shifted to that degree, this month's half-point cut in interest rates is unlikely to be the last. Even before last night, the money markets were pricing in the probability of a similar cut next month, taking the base rate down to 4%. </p> <p>Yesterday's probability now looks a near-certainty.</p> <p>That idea is also encouraged by King's view that \"the age of innocence\" - when banks would lend to each other on an unsecured basis for only a small premium over base rate - may never return. </p> <p>\"We now face a long, slow haul to restore lending to the real economy, and hence growth of our economy, to more normal conditions,\" said the governor.</p> <p>He was making a broader point, but markets may well interpret the comment as further support for the idea that interest rates could go well below 4%. Why? Well, one way to encourage money to flow around the system is to make its price cheaper. King, the man accused of being overly concerned about \"moral hazard\", suddenly sounds like an arch-pragmatist.<br><strong><br>Overburdened</strong></p> <p>Rob Templeman, the chief executive of Debenhams, has been talking about his \"deleveraging initiatives\" - paying back debt, in normal speech - for months. Yesterday he unveiled his latest idea. He cut the final dividend from 3.8p per share to 0.5p to save \u00a328m.</p> <p>This is what happens when a reasonably healthy retailer, producing operating profit of \u00a3176m, tries to carry an unhealthy amount of debt, roughly \u00a31bn in the case of Debenhams. </p> <p>Some 42% of last year's operating profit was consumed by interest payments, a frightening ratio going into a recession.</p> <p>But Templeman seems to have forgotten how Debenhams placed this millstone around its neck. It was because a private equity crew - of which he was a member - did very well for itself by buying the company, selling its freehold properties and then returning the business to the stock market with a barrel-load of debt.</p> <p>Templeman prefers to brush over this fact. The way he tells it, stock market fashion is somehow to blame. \"Previously the market liked the amount of debt we had taken on,\" he said yesterday. \"The market, however, has now changed its mind on debt.\"</p> <p>Come on, Mr Templeman, this won't do. You made a decision about the appropriate capital structure and you were too ambitious.</p> <p>Nor it is clear that your \"deleveraging initiatives\" are radical enough. </p> <p>Saving \u00a330m on dividends, cutting \u00a340m from capital expenditure, squeezing costs and working capital may sound dramatic, but last year's belt-tightening exercises knocked a mere \u00a322m off borrowings. Even on a starvation diet, Debenhams is likely to find itself in 2011-2012 trying to refinance \u00a3700m-\u00a3800m of debt. </p> <p>And that's if everything goes well.<br><strong><br>Prudent indeed</strong></p> <p>Prudential's shareholders can breathe again. There were no nasties in yesterday's figures and the capital surplus of \u00a31.2bn comfortably met expectations. Talk of an imminent rights issue to shore up the balance sheet can be dismissed; the corporate bond market would have to weaken considerably before the Pru was forced to tap shareholders.</p> <p>Meanwhile, the operations in Asia, with the exception of Taiwan, continue to deliver strong flows of new business. The UK business is even perking up. Better, chief executive Mark Tucker is in control of his senses: he is looking at opportunities presented by the implosion of AIG, his chief rival in Asia, but knows that funding a multibillion-pound acquisition would be tricky when the Pru's shares are trading around 350p, rather than the 500p seen in the summer. Realism reigns.</p> <p>As long as that remains so, the Pru looks a decent bet at today's level. A purchase of bits of AIG at a knock-down price could clearly make sense, given the scope for cost savings. But it would be worrying if sovereign wealth funds were ushered in to fund a deal that existing shareholders would regard as too adventurous. Tucker, thankfully, seems to accept the point. Despite the past week's excitements, the script at the Pru looks reassuringly dull. </p> <p><a href=\"mailto:nils.pratley@theguardian.com\">nils.pratley@theguardian.com</a></p>",
      "newspaperPageNumber": "24",
      "wordcount": "781",
      "commentable": "false",
      "isPremoderated": "false",
      "lastModified": "2017-11-26T20:30:55Z",
      "newspaperEditionDate": "2008-10-22T00:00:00Z",
      "productionOffice": "UK",
      "publication": "The Guardian",
      "shortUrl": "https://gu.com/p/223e3",
      "shouldHideAdverts": "false",
      "showInRelatedContent": "true",
      "legallySensitive": "false",
      "lang": "en",
      "bodyText": "If you scrutinise Mervyn King's speech last night, it is still possible to find the governor of the Bank of England fretting about inflationary dangers. Prospects for oil and other commodity prices are \"difficult to assess\"; the credit crunch will affect not only demand but also the supply potential of the economy. But take a step back from these nuanced points and consider the straightforward stuff. The UK economy is entering a recession, said King, and \"during the past month, the balance of risks to inflation in the medium term shifted decisively to the downside\". The word \"decisively\" is the one to focus on. If the risks have shifted to that degree, this month's half-point cut in interest rates is unlikely to be the last. Even before last night, the money markets were pricing in the probability of a similar cut next month, taking the base rate down to 4%. Yesterday's probability now looks a near-certainty. That idea is also encouraged by King's view that \"the age of innocence\" - when banks would lend to each other on an unsecured basis for only a small premium over base rate - may never return. \"We now face a long, slow haul to restore lending to the real economy, and hence growth of our economy, to more normal conditions,\" said the governor. He was making a broader point, but markets may well interpret the comment as further support for the idea that interest rates could go well below 4%. Why? Well, one way to encourage money to flow around the system is to make its price cheaper. King, the man accused of being overly concerned about \"moral hazard\", suddenly sounds like an arch-pragmatist. Overburdened Rob Templeman, the chief executive of Debenhams, has been talking about his \"deleveraging initiatives\" - paying back debt, in normal speech - for months. Yesterday he unveiled his latest idea. He cut the final dividend from 3.8p per share to 0.5p to save \u00a328m. This is what happens when a reasonably healthy retailer, producing operating profit of \u00a3176m, tries to carry an unhealthy amount of debt, roughly \u00a31bn in the case of Debenhams. Some 42% of last year's operating profit was consumed by interest payments, a frightening ratio going into a recession. But Templeman seems to have forgotten how Debenhams placed this millstone around its neck. It was because a private equity crew - of which he was a member - did very well for itself by buying the company, selling its freehold properties and then returning the business to the stock market with a barrel-load of debt. Templeman prefers to brush over this fact. The way he tells it, stock market fashion is somehow to blame. \"Previously the market liked the amount of debt we had taken on,\" he said yesterday. \"The market, however, has now changed its mind on debt.\" Come on, Mr Templeman, this won't do. You made a decision about the appropriate capital structure and you were too ambitious. Nor it is clear that your \"deleveraging initiatives\" are radical enough. Saving \u00a330m on dividends, cutting \u00a340m from capital expenditure, squeezing costs and working capital may sound dramatic, but last year's belt-tightening exercises knocked a mere \u00a322m off borrowings. Even on a starvation diet, Debenhams is likely to find itself in 2011-2012 trying to refinance \u00a3700m-\u00a3800m of debt. And that's if everything goes well. Prudent indeed Prudential's shareholders can breathe again. There were no nasties in yesterday's figures and the capital surplus of \u00a31.2bn comfortably met expectations. Talk of an imminent rights issue to shore up the balance sheet can be dismissed; the corporate bond market would have to weaken considerably before the Pru was forced to tap shareholders. Meanwhile, the operations in Asia, with the exception of Taiwan, continue to deliver strong flows of new business. The UK business is even perking up. Better, chief executive Mark Tucker is in control of his senses: he is looking at opportunities presented by the implosion of AIG, his chief rival in Asia, but knows that funding a multibillion-pound acquisition would be tricky when the Pru's shares are trading around 350p, rather than the 500p seen in the summer. Realism reigns. As long as that remains so, the Pru looks a decent bet at today's level. A purchase of bits of AIG at a knock-down price could clearly make sense, given the scope for cost savings. But it would be worrying if sovereign wealth funds were ushered in to fund a deal that existing shareholders would regard as too adventurous. Tucker, thankfully, seems to accept the point. Despite the past week's excitements, the script at the Pru looks reassuringly dull. nils.pratley@theguardian.com",
      "charCount": "4629"
    },
    "isHosted": false,
    "pillarId": "pillar/news",
    "pillarName": "News"
  },
  {
    "id": "business/2008/oct/22/gas-russia-gazprom-iran-qatar",
    "type": "article",
    "sectionId": "business",
    "sectionName": "Business",
    "webPublicationDate": "2008-10-21T23:01:00Z",
    "webTitle": "Russia, Iran and Qatar announce cartel that will control 60% of world's gas supplies",
    "webUrl": "https://www.theguardian.com/business/2008/oct/22/gas-russia-gazprom-iran-qatar",
    "apiUrl": "https://content.guardianapis.com/business/2008/oct/22/gas-russia-gazprom-iran-qatar",
    "fields": {
      "headline": "Russia, Iran and Qatar announce cartel that will control 60% of world's gas supplies",
      "standfirst": "\u2022 EC fears Opec-style group will drive up prices<br/>\u2022 Gazprom boss tells of end to cheap hydrocarbons",
      "trailText": "<p>European commission poses immediate opposition to Opec-style cartel amid fears of rising prices</p>",
      "byline": "Terry Macalister",
      "main": "",
      "body": "<p>Western concerns about global energy markets hit new heights last night when Russia, Iran and Qatar said they were forming an Opec-style gas cartel.</p> <p>The move by the three countries, which control 60% of the world's gas reserves, was met with immediate opposition from the European commission, which fears the group could drive up prices.</p> <p>Alexey Miller, chairman of Russia's Gazprom, said they were forming a \"big gas troika\" and warned that the era of cheap hydrocarbons had come to an end.</p> <p>\"We are united by the world's largest gas reserves, common strategic interests and, which is of great importance, high cooperation potential in tripartite projects,\" he explained. \"We have agreed to hold regular - three to four times a year - meetings of the gas G3 to discuss the crucial issues of mutual interest.\"</p> <p>Miller's comments, likely to increase pressure on the west to accelerate developments in wind and other renewable energy alternatives, followed a meeting in Tehran with Gholamhossein Nozari, Iran's petroleum minister, and Abdullah bin Hamad al-Attiyah, Qatar's deputy prime minister and oil and energy minister. </p> <p>Miller said the group was establishing a technical committee comprised of specialists and experts to discuss the implementation of joint projects embracing the entire value chain from geological exploration to marketing.</p> <p>The Russians avoided the word cartel but the Iranians spelled it out clearly. \"There is a demand to form this gas Opec and there is a consensus to set up gas Opec,\" Nozari told a news conference. </p> <p>With Opec due to meet on Friday to look at ways of driving up oil prices, Miller said fossil fuels were going to cost more. \"We share the opinion that oil price fluctuations don't put in question the fundamental thesis stating that the era of cheap hydrocarbons has come to an end.\"</p> <p>The European commission said last night that it would oppose the creation of any organisation that could restrict competition. \"The European commission feels that energy supplies have to be sold in a free market,\" said its spokesman, Ferran Tarradellas Espuny.</p> <p>The west already suspects that Russia and Iran are happy to use energy to pursue political goals. The cutting off of gas by Moscow to Ukraine in the middle of a political and commercial spat caused outrage and worry in western Europe.</p> <p>For its part, Iran, in its stand-off with world powers over its nuclear programme, has threatened to choke off oil shipments through the Persian Gulf if it is attacked.</p> <p>A gas cartel could extend both countries' reach in energy and politics, particularly if oil prices bounce back to the highs seen this year, prompting politicians, businesses and consumers to look toward cleaner-burning natural gas and other alternative fuels.</p> <p>The gathering in Iran needs to be ratified by further meetings in Qatar and Russia but is the most significant step toward the formation of such a group since Iran's supreme leader, Ayatollah Ali Khamenei, raised the idea in January 2007.</p> <p>The European Union depends on Russia for nearly half of its natural gas imports. Moscow, which controls many of the pipelines from Russia and central Asia, already has a tight hold on supplies.</p> <p>\"To try to manoeuvre the supply makes perfect sense,\" said James Cordier, president of the US-based Liberty Trading Group and OptionSellers.com. \"Just because it doesn't have the clout of oil, it's still in their best interest to deliver natural gas where it needs to go and manage supply in order to help manage the price.\"</p> <p>Liquefied natural gas, a rapidly growing segment of the market, could be traded as a commodity similar to oil and the move by Russia, Iran and Qatar appears to anticipate that, said Konstantin Batunin, an analyst with Moscow's Alfa Bank.</p> <p>\"My take is that it is just a commitment to create something in the future,\" he said. \"It's just a first step.\"</p>",
      "newspaperPageNumber": "23",
      "wordcount": "641",
      "commentable": "false",
      "isPremoderated": "false",
      "lastModified": "2017-11-26T20:30:59Z",
      "newspaperEditionDate": "2008-10-22T00:00:00Z",
      "productionOffice": "UK",
      "publication": "The Guardian",
      "shortUrl": "https://gu.com/p/223dm",
      "shouldHideAdverts": "false",
      "showInRelatedContent": "true",
      "legallySensitive": "false",
      "lang": "en",
      "bodyText": "Western concerns about global energy markets hit new heights last night when Russia, Iran and Qatar said they were forming an Opec-style gas cartel. The move by the three countries, which control 60% of the world's gas reserves, was met with immediate opposition from the European commission, which fears the group could drive up prices. Alexey Miller, chairman of Russia's Gazprom, said they were forming a \"big gas troika\" and warned that the era of cheap hydrocarbons had come to an end. \"We are united by the world's largest gas reserves, common strategic interests and, which is of great importance, high cooperation potential in tripartite projects,\" he explained. \"We have agreed to hold regular - three to four times a year - meetings of the gas G3 to discuss the crucial issues of mutual interest.\" Miller's comments, likely to increase pressure on the west to accelerate developments in wind and other renewable energy alternatives, followed a meeting in Tehran with Gholamhossein Nozari, Iran's petroleum minister, and Abdullah bin Hamad al-Attiyah, Qatar's deputy prime minister and oil and energy minister. Miller said the group was establishing a technical committee comprised of specialists and experts to discuss the implementation of joint projects embracing the entire value chain from geological exploration to marketing. The Russians avoided the word cartel but the Iranians spelled it out clearly. \"There is a demand to form this gas Opec and there is a consensus to set up gas Opec,\" Nozari told a news conference. With Opec due to meet on Friday to look at ways of driving up oil prices, Miller said fossil fuels were going to cost more. \"We share the opinion that oil price fluctuations don't put in question the fundamental thesis stating that the era of cheap hydrocarbons has come to an end.\" The European commission said last night that it would oppose the creation of any organisation that could restrict competition. \"The European commission feels that energy supplies have to be sold in a free market,\" said its spokesman, Ferran Tarradellas Espuny. The west already suspects that Russia and Iran are happy to use energy to pursue political goals. The cutting off of gas by Moscow to Ukraine in the middle of a political and commercial spat caused outrage and worry in western Europe. For its part, Iran, in its stand-off with world powers over its nuclear programme, has threatened to choke off oil shipments through the Persian Gulf if it is attacked. A gas cartel could extend both countries' reach in energy and politics, particularly if oil prices bounce back to the highs seen this year, prompting politicians, businesses and consumers to look toward cleaner-burning natural gas and other alternative fuels. The gathering in Iran needs to be ratified by further meetings in Qatar and Russia but is the most significant step toward the formation of such a group since Iran's supreme leader, Ayatollah Ali Khamenei, raised the idea in January 2007. The European Union depends on Russia for nearly half of its natural gas imports. Moscow, which controls many of the pipelines from Russia and central Asia, already has a tight hold on supplies. \"To try to manoeuvre the supply makes perfect sense,\" said James Cordier, president of the US-based Liberty Trading Group and OptionSellers.com. \"Just because it doesn't have the clout of oil, it's still in their best interest to deliver natural gas where it needs to go and manage supply in order to help manage the price.\" Liquefied natural gas, a rapidly growing segment of the market, could be traded as a commodity similar to oil and the move by Russia, Iran and Qatar appears to anticipate that, said Konstantin Batunin, an analyst with Moscow's Alfa Bank. \"My take is that it is just a commitment to create something in the future,\" he said. \"It's just a first step.\"",
      "charCount": "3852"
    },
    "isHosted": false,
    "pillarId": "pillar/news",
    "pillarName": "News"
  },
  {
    "id": "business/2008/oct/22/british-american-tobacco-market-forces",
    "type": "article",
    "sectionId": "business",
    "sectionName": "Business",
    "webPublicationDate": "2008-10-21T23:01:00Z",
    "webTitle": "Market forces: BAT falls after spin-off clouds outlook",
    "webUrl": "https://www.theguardian.com/business/2008/oct/22/british-american-tobacco-market-forces",
    "apiUrl": "https://content.guardianapis.com/business/2008/oct/22/british-american-tobacco-market-forces",
    "fields": {
      "headline": "BAT falls after spin-off clouds outlook",
      "trailText": "<p><strong>Nick Fletcher: </strong>Overall, bad news outweighs good as tobacco group is FTSE 100's heaviest faller</p>",
      "byline": "Nick Fletcher",
      "main": "",
      "body": "<p>Tobacco group<strong> BAT</strong> was the heaviest FTSE 100 faller yesterday, after a 30% stake held by Swiss luxury goods group Richemont and South Africa's Remgro was spun off. About 90% of the shares will be distributed to Remgro and Richemont shareholders next month and the rest held in a new investment vehicle, Reinet, which began trading yesterday.</p> <p>There have been concerns about the effect on BAT's price if the new owners of the shares sell them. But analyst Tina Cook at broker Charles Stanley said: \"While there is a risk this [share overhang] might temporarily depress BAT's share price, several options are being put in place to limit the number of forced sellers (including a secondary listing on Johannesburg Stock Exchange at the end of October). Index funds are also likely to emerge as buyers of BAT shares due to the increased free float (with the FTSE weighting increasing from 75% to 100%). We view any technical weakness as a buying opportunity.\" BAT, which reports third-quarter figures next week, closed down 146p at \u00a315.68.</p> <p>Overall, bad news outweighed good, and the <strong>FTSE 100</strong> fell 52.94 points to 4229.73. Libor - the rate at which banks lend to each other - eased to its lowest since the collapse of Lehman Brothers, suggesting the huge efforts by central banks to unfreeze money markets were, slowly but surely, taking effect. But a CBI survey on UK manufacturing painted a gloomy picture while, in the US, poor trading news from Texas Instruments and Dupont set the tone on Wall Street.</p> <p>Investment group <strong>3i</strong> recovered from recent falls, up 66.5p to 517p, after a positive note from Cazenove. The broker also boosted gases group <strong>BG</strong>, up 41.5p to 814p despite a drop in the crude price. Cazenove suggested it could be an acquisition target for a large energy group such as ExxonMobil. </p> <p>Oil slipped more than $3.50 a barrel to around $68 as demand worries took precedence over the prospect of a production cut by Opec this week. <strong>Salamander Energy</strong> withdrew its proposed 70p-a-share all-paper offer for <strong>Serica</strong>, citing uncertainty in capital markets and volatility in the oil price. Serica, which welcomed the news, slid 0.25p to 42.5p, while Salamander added 2.5p to 115.25p.</p> <p>'Although we have some misgivings about the impact on [3i's] net asset value from further market falls, we believe that the shares are fundamentally cheap'.</p>",
      "newspaperPageNumber": "26",
      "wordcount": "404",
      "commentable": "false",
      "isPremoderated": "false",
      "lastModified": "2017-11-26T20:30:58Z",
      "newspaperEditionDate": "2008-10-22T00:00:00Z",
      "productionOffice": "UK",
      "publication": "The Guardian",
      "shortUrl": "https://gu.com/p/223dd",
      "shouldHideAdverts": "false",
      "showInRelatedContent": "true",
      "legallySensitive": "false",
      "lang": "en",
      "bodyText": "Tobacco group BAT was the heaviest FTSE 100 faller yesterday, after a 30% stake held by Swiss luxury goods group Richemont and South Africa's Remgro was spun off. About 90% of the shares will be distributed to Remgro and Richemont shareholders next month and the rest held in a new investment vehicle, Reinet, which began trading yesterday. There have been concerns about the effect on BAT's price if the new owners of the shares sell them. But analyst Tina Cook at broker Charles Stanley said: \"While there is a risk this [share overhang] might temporarily depress BAT's share price, several options are being put in place to limit the number of forced sellers (including a secondary listing on Johannesburg Stock Exchange at the end of October). Index funds are also likely to emerge as buyers of BAT shares due to the increased free float (with the FTSE weighting increasing from 75% to 100%). We view any technical weakness as a buying opportunity.\" BAT, which reports third-quarter figures next week, closed down 146p at \u00a315.68. Overall, bad news outweighed good, and the FTSE 100 fell 52.94 points to 4229.73. Libor - the rate at which banks lend to each other - eased to its lowest since the collapse of Lehman Brothers, suggesting the huge efforts by central banks to unfreeze money markets were, slowly but surely, taking effect. But a CBI survey on UK manufacturing painted a gloomy picture while, in the US, poor trading news from Texas Instruments and Dupont set the tone on Wall Street. Investment group 3i recovered from recent falls, up 66.5p to 517p, after a positive note from Cazenove. The broker also boosted gases group BG, up 41.5p to 814p despite a drop in the crude price. Cazenove suggested it could be an acquisition target for a large energy group such as ExxonMobil. Oil slipped more than $3.50 a barrel to around $68 as demand worries took precedence over the prospect of a production cut by Opec this week. Salamander Energy withdrew its proposed 70p-a-share all-paper offer for Serica, citing uncertainty in capital markets and volatility in the oil price. Serica, which welcomed the news, slid 0.25p to 42.5p, while Salamander added 2.5p to 115.25p. 'Although we have some misgivings about the impact on [3i's] net asset value from further market falls, we believe that the shares are fundamentally cheap'.",
      "charCount": "2337"
    },
    "isHosted": false,
    "pillarId": "pillar/news",
    "pillarName": "News"
  },
  {
    "id": "commentisfree/2008/oct/21/youngpeople-creditcrunch",
    "type": "article",
    "sectionId": "commentisfree",
    "sectionName": "Opinion",
    "webPublicationDate": "2008-10-21T17:30:00Z",
    "webTitle": "Lucy Parsons: Britain's young will have to pay the price for their parents' economic recklessness",
    "webUrl": "https://www.theguardian.com/commentisfree/2008/oct/21/youngpeople-creditcrunch",
    "apiUrl": "https://content.guardianapis.com/commentisfree/2008/oct/21/youngpeople-creditcrunch",
    "fields": {
      "headline": "Stealing sweets from children",
      "standfirst": "Britain's young will have to pay for their parents' economic recklessness. But they are better equipped than they think",
      "trailText": "<p><strong>Lucy Parsons:</strong> Britain's young will have to pay for their parents' economic recklessness. But they are better equipped than they think</p>",
      "byline": "Lucy Parsons",
      "main": "",
      "body": "<p>The latest official figures on the <a href=\"http://www.theguardian.com/politics/2008/oct/21/economy-debt\">public finances</a>, released yesterday show that we are living in broke Britain, not broken Britain. And it is my generation \u2013 <a href=\"http://dictionary.reference.com/browse/generation%20Y\">Generation Y</a> \u2013 that is suffering. Young people around the country are beginning to feel that it's not worth getting into vast amounts of debt to fund going to university. Those who graduated in the summer are struggling to find jobs as <a href=\"http://www.theguardian.com/business/2008/sep/14/economics.redundancy\">companies cut back on recruitment</a>. First-time buyers are being brought back down to reality, suddenly unable to get a mortgage six times their salary at a cheap rate.</p> <p><a href=\"http://www.reform.co.uk/moneystootighttomentionwilltheipodgenerationevertrustfinancialservices_210.php\">A new report</a> from the independent thinktank Reform and the <a href=\"http://www.insurancejournal.com/news/international/2008/10/21/94829.htm\">Chartered Insurance Institute</a> finds that, in many ways, the personal finances of Britain's 18- to 34-year-olds are more troubling than the public finances. We have described this group as the \"IPOD generation\" \u2013 Insecure, Pressurised, Over-taxed and Debt-ridden: they face unprecedented levels of debt, low savings and a broken housing ladder. </p> <p>Britain's young have grown up in a time of economic growth, easy credit and high consumer expectations. They have followed in the footsteps of their baby-boomer parents and, lacking the good housekeeping of older generations, have continued to party long past 1999. Research by Populus for this report found that the mean <a href=\"http://www.theguardian.com/money/2008/oct/21/family-finance-debt\">debt among 18 to 34-year-olds</a> is around \u00a36,000, and 60% have either no savings or less than \u00a31,000. So what is at the root of these trends?</p> <p><a href=\"http://www.theguardian.com/commentisfree/2008/sep/24/equality.workandcareers\">An ageing population</a> means that IPODs are supporting a growing number of pensioners (for the first time in history, there are now more pensioners in the UK than under-16s) through a heavier tax burden and without being able to expect many of the benefits of previous generations. Our report finds that young people do have a sense of the changing welfare bargain. They appreciate that there will be greater co-payment for education and health in the future, and that they will not receive the kind of pensions the baby-boomer generation are retiring comfortably on. But the increased tax burden is restricting their ability to do something about this, stifling investment in themselves.</p> <p>At the same time, their economic prospects are being hampered by the \"financial establishment\". Banks and financial services are out of touch. They are offering advice at a price beyond young people's means, and providing outdated products ill-suited to their flexible lives. Banks are catering to a disappearing generation who set up home young and had jobs for life \u2013 the IPOD generation are already having to postpone key life stages such as marriage, children and buying homes as they cannot afford them yet.</p> <p>A failure to move with the times has created a lack of trust between IPODs and financial services. Our report finds that half of young people rely on friends and family as their main source of financial advice, rather than independent financial advisers. The situation is compounded by government-sponsored regulation. So-called \"consumer protection\" policies are having the unintended consequence of pushing young people into a state of irresponsibility. Heavy regulation has also pushed up the costs of financial advice, effectively pricing the younger generation out of the financial services market.</p> <p>The <a href=\"http://www.theguardian.com/politics/2008/oct/21/taxandspending-economy\">credit crunch</a> is forcing change. For the first time, young people are having to start paying back their debts and curb their spending, but they simply do not know where to start. While this feels painful right now, there could be some silver linings. The credit crunch could provide an opportunity to change the way young people manage their finances. They have a strong sense of responsibility and they are far more tech-savvy and informed than older generations \u2013 potentially more capable of managing their money. </p> <p>If this generation can take stock and accept that the party is over, they could build their prospects for the future. They could take charge of their finances and start engaging with financial services. They could demand new products from the industry designed to fit with gap years, sabbaticals and shorter job periods. They could use Facebook and other social networking sites to share knowledge on financial matters and create peer ratings for financial advisers. They could harness a greater level of information provided by government to create innovative solutions to the economic crisis. Crucially, they could place greater value on investing in their own capability.</p> <p>Young people want to take responsibility and become financially capable \u2013 we must give them the tools to do it.</p>",
      "wordcount": "732",
      "commentCloseDate": "2008-10-24T17:30:00Z",
      "commentable": "true",
      "isPremoderated": "false",
      "lastModified": "2008-10-21T16:35:40Z",
      "newspaperEditionDate": "2008-10-21T00:00:00Z",
      "productionOffice": "UK",
      "publication": "theguardian.com",
      "shortUrl": "https://gu.com/p/22397",
      "shouldHideAdverts": "false",
      "showInRelatedContent": "true",
      "legallySensitive": "false",
      "lang": "en",
      "bodyText": "The latest official figures on the public finances, released yesterday show that we are living in broke Britain, not broken Britain. And it is my generation \u2013 Generation Y \u2013 that is suffering. Young people around the country are beginning to feel that it's not worth getting into vast amounts of debt to fund going to university. Those who graduated in the summer are struggling to find jobs as companies cut back on recruitment. First-time buyers are being brought back down to reality, suddenly unable to get a mortgage six times their salary at a cheap rate. A new report from the independent thinktank Reform and the Chartered Insurance Institute finds that, in many ways, the personal finances of Britain's 18- to 34-year-olds are more troubling than the public finances. We have described this group as the \"IPOD generation\" \u2013 Insecure, Pressurised, Over-taxed and Debt-ridden: they face unprecedented levels of debt, low savings and a broken housing ladder. Britain's young have grown up in a time of economic growth, easy credit and high consumer expectations. They have followed in the footsteps of their baby-boomer parents and, lacking the good housekeeping of older generations, have continued to party long past 1999. Research by Populus for this report found that the mean debt among 18 to 34-year-olds is around \u00a36,000, and 60% have either no savings or less than \u00a31,000. So what is at the root of these trends? An ageing population means that IPODs are supporting a growing number of pensioners (for the first time in history, there are now more pensioners in the UK than under-16s) through a heavier tax burden and without being able to expect many of the benefits of previous generations. Our report finds that young people do have a sense of the changing welfare bargain. They appreciate that there will be greater co-payment for education and health in the future, and that they will not receive the kind of pensions the baby-boomer generation are retiring comfortably on. But the increased tax burden is restricting their ability to do something about this, stifling investment in themselves. At the same time, their economic prospects are being hampered by the \"financial establishment\". Banks and financial services are out of touch. They are offering advice at a price beyond young people's means, and providing outdated products ill-suited to their flexible lives. Banks are catering to a disappearing generation who set up home young and had jobs for life \u2013 the IPOD generation are already having to postpone key life stages such as marriage, children and buying homes as they cannot afford them yet. A failure to move with the times has created a lack of trust between IPODs and financial services. Our report finds that half of young people rely on friends and family as their main source of financial advice, rather than independent financial advisers. The situation is compounded by government-sponsored regulation. So-called \"consumer protection\" policies are having the unintended consequence of pushing young people into a state of irresponsibility. Heavy regulation has also pushed up the costs of financial advice, effectively pricing the younger generation out of the financial services market. The credit crunch is forcing change. For the first time, young people are having to start paying back their debts and curb their spending, but they simply do not know where to start. While this feels painful right now, there could be some silver linings. The credit crunch could provide an opportunity to change the way young people manage their finances. They have a strong sense of responsibility and they are far more tech-savvy and informed than older generations \u2013 potentially more capable of managing their money. If this generation can take stock and accept that the party is over, they could build their prospects for the future. They could take charge of their finances and start engaging with financial services. They could demand new products from the industry designed to fit with gap years, sabbaticals and shorter job periods. They could use Facebook and other social networking sites to share knowledge on financial matters and create peer ratings for financial advisers. They could harness a greater level of information provided by government to create innovative solutions to the economic crisis. Crucially, they could place greater value on investing in their own capability. Young people want to take responsibility and become financially capable \u2013 we must give them the tools to do it.",
      "charCount": "4537"
    },
    "isHosted": false,
    "pillarId": "pillar/opinion",
    "pillarName": "Opinion"
  },
  {
    "id": "business/marketforceslive/2008/oct/21/oil-persimmon",
    "type": "article",
    "sectionId": "business",
    "sectionName": "Business",
    "webPublicationDate": "2008-10-21T16:30:29Z",
    "webTitle": "BAT slumps after share spin-off",
    "webUrl": "https://www.theguardian.com/business/marketforceslive/2008/oct/21/oil-persimmon",
    "apiUrl": "https://content.guardianapis.com/business/marketforceslive/2008/oct/21/oil-persimmon",
    "fields": {
      "headline": "BAT slumps after share spin-off",
      "trailText": "<p>Tobacco group BAT has ended as the day's biggest FTSE 100 faller, following the spin off of a 30% stake in the company held by Swiss luxury group Richemont and South Africa's Remgro.</p>",
      "byline": "Nick Fletcher",
      "main": "",
      "body": "<p>Tobacco group<strong> BAT</strong> has ended as the day's biggest FTSE 100 faller, following the spin off of a 30% stake in the company previously held by Swiss luxury group Richemont and South Africa's Remgro.</p> <p>The bulk of the shares - around 90% - will be distributed to Richemont and Remgro shareholders at the beginning of November, and the rest will be held in a new investment vehicle called Reinet, which began trading for the first time today.</p> <p>There have been concerns about the effect on BAT if the new holders of the shares decide to sell them in the market, while Reinet could well want to diversify its assets at some future point.</p> <p>But Tina Cook at Charles Stanley said:</p> <blockquote> <p>\"While there is a risk that this [share overhang] might temporarily depress BAT's share price, several options are being put in place to limit the number of forced sellers (including a secondary listing on Johannesburg Stock Exchange at the end of October). Index funds are also likely to emerge as buyers of BAT shares due to the increased free float (with the FTSE weighting increasing from 75% to 100%). We view any technical weakness as a buying opportunity.\"</p> </blockquote> <p>BAT - which reports third quarter figures next week - closed down 146p at \u00a315.68.</p> <p>Overall the bad news just about outweighed the good, and the <strong>FTSE 100</strong> fell 52.94 points to 4229.73. Libor - the rate at which banks lend to each other - eased back to its lowest level since the collapse of Lehman Brothers, suggesting the huge efforts by the central banks to unfreeze the money markets were - slowly but surely - having an effect. But the latest CBI survey on UK manufacturing painted another gloomy picture, pointing again to recession, while in the US, poor trading news from Texas Instruments and Dupont set the tone, with Wall Street ignoring more positive figures from 3M.</p> <p>Banks had another volatile day. <strong>HBOS</strong> ended 3.6p higher at 82.5p, on hopes the bid from <strong>Lloyds TSB</strong> would not be allowed to fail. Lloyds edged up 0.5p to 174p, putting a price on its HBOS offer of around 105p a share. <strong>Barclays</strong> added 5.75p to 242.5p on talk it was close to issuing a three year \u00a31bn bond.</p> <p>But <strong>Royal Bank of Scotland</strong> - which had climbed 15.9p yesterday - fell back 5.2p today. Banks with Asian exposure were unwanted after the latest signs of a slowdown in the Chinese economy. So <strong>Standard Chartered</strong> ended 93p lower at \u00a310.37, while <strong>HSBC</strong> fell 30p to 810p.</p> <p>Investment group <strong>3i</strong> recovered from recent falls, up 66.5p to 517p after a positive note from Cazenove.</p> <p>The broker said:</p> <blockquote> <p>\"Although we have some misgivings about the impact on [3i's] net asset value from further market falls, we believe that the shares are fundamentally cheap and thus retain our outperform recommendation.\"</p> </blockquote> <p>Cazenove also gave a lift to gases group <strong>BG</strong>, up 41.5p to 814p despite a drop in the crude price. It said BG's shares had fallen too far, and suggested it could be a possible acquisition target for a large energy group such as Exxon Mobil.</p> <p>Oil slipped more than $3.5 a barrel to around $68 as demand worries took precedence over the prospect of a production cut by Opec later this week.</p> <p>Still with the sector, <strong>Salamander Energy</strong> has withdrawn its proposed 70p a share all paper offer for rival <strong>Serica</strong>, citing the continued uncertainty in the capital markets and the volatility in the oil price. Serica, which welcomed the news, slipp 0.25p to 42.5p, while Salamander added 2.5p to 115.25p.</p> <p>Analysts at Royal Bank of Scotland commented:</p> <blockquote> <p>\"While we believe that consolidating the [two companies'] interests in Kambuna is a logical move, the approach was slightly opportunistic, and it failed to attribute much, if any value, to Serica's Western European development, appraisal and exploration portfolio.\"</p> </blockquote> <p>Housebuilders also continued their rollercoaster ride. After yesterday's falls, <strong>Persimmon </strong>added nearly 18% today to 236.25p, and <strong>Taylor Wimpey</strong> climbed almost 17% to 12.25p.</p>",
      "wordcount": "685",
      "commentCloseDate": "2008-10-28T17:30:00Z",
      "commentable": "true",
      "isPremoderated": "false",
      "lastModified": "2017-05-25T10:28:04Z",
      "newspaperEditionDate": "2008-10-21T00:00:00Z",
      "productionOffice": "UK",
      "publication": "theguardian.com",
      "shortUrl": "https://gu.com/p/2238d",
      "shouldHideAdverts": "false",
      "showInRelatedContent": "true",
      "legallySensitive": "false",
      "lang": "en",
      "bodyText": "Tobacco group BAT has ended as the day's biggest FTSE 100 faller, following the spin off of a 30% stake in the company previously held by Swiss luxury group Richemont and South Africa's Remgro. The bulk of the shares - around 90% - will be distributed to Richemont and Remgro shareholders at the beginning of November, and the rest will be held in a new investment vehicle called Reinet, which began trading for the first time today. There have been concerns about the effect on BAT if the new holders of the shares decide to sell them in the market, while Reinet could well want to diversify its assets at some future point. But Tina Cook at Charles Stanley said: \"While there is a risk that this [share overhang] might temporarily depress BAT's share price, several options are being put in place to limit the number of forced sellers (including a secondary listing on Johannesburg Stock Exchange at the end of October). Index funds are also likely to emerge as buyers of BAT shares due to the increased free float (with the FTSE weighting increasing from 75% to 100%). We view any technical weakness as a buying opportunity.\" BAT - which reports third quarter figures next week - closed down 146p at \u00a315.68. Overall the bad news just about outweighed the good, and the FTSE 100 fell 52.94 points to 4229.73. Libor - the rate at which banks lend to each other - eased back to its lowest level since the collapse of Lehman Brothers, suggesting the huge efforts by the central banks to unfreeze the money markets were - slowly but surely - having an effect. But the latest CBI survey on UK manufacturing painted another gloomy picture, pointing again to recession, while in the US, poor trading news from Texas Instruments and Dupont set the tone, with Wall Street ignoring more positive figures from 3M. Banks had another volatile day. HBOS ended 3.6p higher at 82.5p, on hopes the bid from Lloyds TSB would not be allowed to fail. Lloyds edged up 0.5p to 174p, putting a price on its HBOS offer of around 105p a share. Barclays added 5.75p to 242.5p on talk it was close to issuing a three year \u00a31bn bond. But Royal Bank of Scotland - which had climbed 15.9p yesterday - fell back 5.2p today. Banks with Asian exposure were unwanted after the latest signs of a slowdown in the Chinese economy. So Standard Chartered ended 93p lower at \u00a310.37, while HSBC fell 30p to 810p. Investment group 3i recovered from recent falls, up 66.5p to 517p after a positive note from Cazenove. The broker said: \"Although we have some misgivings about the impact on [3i's] net asset value from further market falls, we believe that the shares are fundamentally cheap and thus retain our outperform recommendation.\" Cazenove also gave a lift to gases group BG, up 41.5p to 814p despite a drop in the crude price. It said BG's shares had fallen too far, and suggested it could be a possible acquisition target for a large energy group such as Exxon Mobil. Oil slipped more than $3.5 a barrel to around $68 as demand worries took precedence over the prospect of a production cut by Opec later this week. Still with the sector, Salamander Energy has withdrawn its proposed 70p a share all paper offer for rival Serica, citing the continued uncertainty in the capital markets and the volatility in the oil price. Serica, which welcomed the news, slipp 0.25p to 42.5p, while Salamander added 2.5p to 115.25p. Analysts at Royal Bank of Scotland commented: \"While we believe that consolidating the [two companies'] interests in Kambuna is a logical move, the approach was slightly opportunistic, and it failed to attribute much, if any value, to Serica's Western European development, appraisal and exploration portfolio.\" Housebuilders also continued their rollercoaster ride. After yesterday's falls, Persimmon added nearly 18% today to 236.25p, and Taylor Wimpey climbed almost 17% to 12.25p.",
      "charCount": "3869"
    },
    "isHosted": false,
    "pillarId": "pillar/news",
    "pillarName": "News"
  },
  {
    "id": "world/2008/oct/21/stradivarius-theft",
    "type": "article",
    "sectionId": "world",
    "sectionName": "World news",
    "webPublicationDate": "2008-10-21T16:03:29Z",
    "webTitle": "Thieves steal \u00a32.3m Stradivarius violin from German manor",
    "webUrl": "https://www.theguardian.com/world/2008/oct/21/stradivarius-theft",
    "apiUrl": "https://content.guardianapis.com/world/2008/oct/21/stradivarius-theft",
    "fields": {
      "headline": "Thieves steal \u00a32.3m Stradivarius violin from German manor",
      "trailText": "<p>Instrument by master craftsman is taken along with silver candlesticks, oil painting and other valuables from venue of classical music festival</p>",
      "byline": "Associated Press",
      "main": "",
      "body": "<p>A \u00a32.3m violin made by Antonio Stradivari has been stolen from a manor house in northern Germany, police said today.</p> <p>Police spokeswoman Edda N\u00f6thel said the break-in at Bennigsen manor near Hannover occurred on Friday evening.</p> <p>She said thieves also took silver candlesticks, an oil painting, medals belonging to the owner's family and a second violin. The manor house is the venue for an annual classical music festival.</p> <p>Antonio Stradivari lived from 1644-1737. He made more than 1,100 violins but only around 600 survive.</p>",
      "wordcount": "87",
      "commentable": "false",
      "isPremoderated": "false",
      "lastModified": "2017-04-18T15:31:19Z",
      "newspaperEditionDate": "2008-10-21T00:00:00Z",
      "productionOffice": "UK",
      "publication": "theguardian.com",
      "shortUrl": "https://gu.com/p/2238v",
      "shouldHideAdverts": "false",
      "showInRelatedContent": "true",
      "legallySensitive": "false",
      "lang": "en",
      "bodyText": "A \u00a32.3m violin made by Antonio Stradivari has been stolen from a manor house in northern Germany, police said today. Police spokeswoman Edda N\u00f6thel said the break-in at Bennigsen manor near Hannover occurred on Friday evening. She said thieves also took silver candlesticks, an oil painting, medals belonging to the owner's family and a second violin. The manor house is the venue for an annual classical music festival. Antonio Stradivari lived from 1644-1737. He made more than 1,100 violins but only around 600 survive.",
      "charCount": "522"
    },
    "isHosted": false,
    "pillarId": "pillar/news",
    "pillarName": "News"
  }
]