[
  {
    "id": "commentisfree/2008/feb/18/payingthefreemarketprice",
    "type": "article",
    "sectionId": "commentisfree",
    "sectionName": "Opinion",
    "webPublicationDate": "2008-02-18T16:30:00Z",
    "webTitle": "Paying the free-market price",
    "webUrl": "https://www.theguardian.com/commentisfree/2008/feb/18/payingthefreemarketprice",
    "apiUrl": "https://content.guardianapis.com/commentisfree/2008/feb/18/payingthefreemarketprice",
    "fields": {
      "headline": "Paying the free-market price",
      "standfirst": "New Labour's love affair with the American finance model has been a disaster and the Northern Rock fiasco proves it",
      "trailText": "<p><strong>Diane Abbott:</strong> New Labour's love affair with the American finance model has been a disaster and the Northern Rock fiasco proves it</p>",
      "byline": "Diane Abbott",
      "main": "",
      "body": "<p>When New Labour was in its pomp and pride they depicted themselves as modern, free-thinking pragmatists. \"We are only interested in what works\", they loved to say. By contrast they insisted that the left (in which they included most of the grassroots of the Labour party) was obsessed with ideology. Now, they have belatedly <a href=\"http://www.theguardian.com/politics/2008/feb/18/economy.northernrock\">nationalised Northern Rock</a>, it is clear how New Labour's ideological fixation with free markets led <a href=\"http://commentisfree.theguardian.com/martin_kettle/2008/02/in_defence_of_darling.html\">Alistair Darling</a> to ignore the obvious solution at the cost of continuing uncertainty and billions of pounds of public money.</p> <p>The bright young men around Gordon Brown have long been awed by the titans of banking and financial services. The American economist John Kenneth Galbraith described the phenomenon many years ago:</p> <blockquote> <p><strong>\"Most people (living in modest circumstances as they do) have a magnified impression of the intelligence of those who live in intimate association with large sums of money. Surely, if they have so much, they must be exceptional. Handling it with insouciant casualness in the manner of speculators and some of the great bankers, they must, it can only be assumed, have special talent, a deeper perception of the way the economic world works.\"</strong></p> </blockquote> <p>So the government was happy to weaken banking regulation by taking it away from the Bank of England and instead substituted an unsatisfactory tripartite system. My mum could have worked out that the Northern Rock business model of borrowing short (from the markets) to lend long (mortgages) would lead to trouble. Yet the bank's adventures in the sub-prime mortgage market (125% mortgages, mortgages of six times income, buy-to-let mortgages, etc) were hailed as triumphs of financial creativity. Now the whole speculative edifice has collapsed. And the same financial markets, who resisted effective regulation by government, now insist on being bailed out by government.</p> <p>America went through an earlier version of the Northern Rock fiasco with the savings and loan associations collapse, which cost the American taxpayer billions of dollars. S&amp;L's were the American equivalent of building societies. But in the 1980s they were deregulated and allowed to engage in orgy of financial speculation. They resisted proper regulation right to the end. As JK Galbraith put it \"A preventative role by government was not allowed; eventual government rescue was highly acceptable\".</p> <p>When Northern Rock became insolvent in September, the government did have a brief window of opportunity when it could have off-loaded it onto the private sector with a loan of a mere \u00a330bn. But they turned down offers by <a href=\"http://www.telegraph.co.uk/money/main.jhtml?xml=/money/2008/02/18/ccrocknat118.xml\">Lloyds TSB and JC Flowers</a>. Instead they wasted five months, and millions of pounds in fees to <a href=\"http://business.timesonline.co.uk/tol/business/industry_sectors/banking_and_finance/article2527359.ece\">Goldman Sachs</a> and others, looking for the mirage of a perfect private sector solution. Nationalisation will now cost the taxpayer over \u00a3110bn in loans etc. And the bank is likely to be on the taxpayer's hands for at least three years.</p> <p>Paradoxically, the political parties that have traditionally represented the interests of capital can be quite ruthless when dealing with the excesses of the market. In 1984, the Conservative government was happy to step in and effectively nationalise the Johnson Matthey Bank. And in 1995, another Conservative government did not lift a finger to save Barings Bank when the Bank of England (then the sole banking regulator) decided the bank should pay the price of its own greed and poor management systems and be allowed to collapse. The problem of a systemic risk to the banking system is obviously more marked with a retail bank like Northern Rock than with a merchant bank like Barings. But the principle that the taxpayer should not have to bail greedy and incompetent bankers is a sound one.</p> <p>New Labour's credulous approach to free markets was never pragmatic, despite attempts to present it as such. Now, as the ramifications of the problems in the financial markets in America start to roll across the Atlantic, the government may find itself paying the political price of an unwise love affair with financiers.</p> <p><strong>For more comment on Northern Rock <a href=\"http://commentisfree.theguardian.com/category/northern_rock/\">click here</a></strong></p>",
      "wordcount": "666",
      "commentCloseDate": "2008-02-20T16:30:00Z",
      "commentable": "true",
      "isPremoderated": "false",
      "lastModified": "2017-07-15T02:42:21Z",
      "newspaperEditionDate": "2008-02-18T00:00:00Z",
      "productionOffice": "UK",
      "publication": "theguardian.com",
      "shortUrl": "https://gu.com/p/xc2x5",
      "shouldHideAdverts": "false",
      "showInRelatedContent": "true",
      "legallySensitive": "false",
      "lang": "en",
      "bodyText": "When New Labour was in its pomp and pride they depicted themselves as modern, free-thinking pragmatists. \"We are only interested in what works\", they loved to say. By contrast they insisted that the left (in which they included most of the grassroots of the Labour party) was obsessed with ideology. Now, they have belatedly nationalised Northern Rock, it is clear how New Labour's ideological fixation with free markets led Alistair Darling to ignore the obvious solution at the cost of continuing uncertainty and billions of pounds of public money. The bright young men around Gordon Brown have long been awed by the titans of banking and financial services. The American economist John Kenneth Galbraith described the phenomenon many years ago: \"Most people (living in modest circumstances as they do) have a magnified impression of the intelligence of those who live in intimate association with large sums of money. Surely, if they have so much, they must be exceptional. Handling it with insouciant casualness in the manner of speculators and some of the great bankers, they must, it can only be assumed, have special talent, a deeper perception of the way the economic world works.\" So the government was happy to weaken banking regulation by taking it away from the Bank of England and instead substituted an unsatisfactory tripartite system. My mum could have worked out that the Northern Rock business model of borrowing short (from the markets) to lend long (mortgages) would lead to trouble. Yet the bank's adventures in the sub-prime mortgage market (125% mortgages, mortgages of six times income, buy-to-let mortgages, etc) were hailed as triumphs of financial creativity. Now the whole speculative edifice has collapsed. And the same financial markets, who resisted effective regulation by government, now insist on being bailed out by government. America went through an earlier version of the Northern Rock fiasco with the savings and loan associations collapse, which cost the American taxpayer billions of dollars. S&amp;L's were the American equivalent of building societies. But in the 1980s they were deregulated and allowed to engage in orgy of financial speculation. They resisted proper regulation right to the end. As JK Galbraith put it \"A preventative role by government was not allowed; eventual government rescue was highly acceptable\". When Northern Rock became insolvent in September, the government did have a brief window of opportunity when it could have off-loaded it onto the private sector with a loan of a mere \u00a330bn. But they turned down offers by Lloyds TSB and JC Flowers. Instead they wasted five months, and millions of pounds in fees to Goldman Sachs and others, looking for the mirage of a perfect private sector solution. Nationalisation will now cost the taxpayer over \u00a3110bn in loans etc. And the bank is likely to be on the taxpayer's hands for at least three years. Paradoxically, the political parties that have traditionally represented the interests of capital can be quite ruthless when dealing with the excesses of the market. In 1984, the Conservative government was happy to step in and effectively nationalise the Johnson Matthey Bank. And in 1995, another Conservative government did not lift a finger to save Barings Bank when the Bank of England (then the sole banking regulator) decided the bank should pay the price of its own greed and poor management systems and be allowed to collapse. The problem of a systemic risk to the banking system is obviously more marked with a retail bank like Northern Rock than with a merchant bank like Barings. But the principle that the taxpayer should not have to bail greedy and incompetent bankers is a sound one. New Labour's credulous approach to free markets was never pragmatic, despite attempts to present it as such. Now, as the ramifications of the problems in the financial markets in America start to roll across the Atlantic, the government may find itself paying the political price of an unwise love affair with financiers. For more comment on Northern Rock click here",
      "charCount": "4082"
    },
    "isHosted": false,
    "pillarId": "pillar/opinion",
    "pillarName": "Opinion"
  },
  {
    "id": "commentisfree/2008/feb/18/thesearchforsustainablepol",
    "type": "article",
    "sectionId": "commentisfree",
    "sectionName": "Opinion",
    "webPublicationDate": "2008-02-18T13:30:00Z",
    "webTitle": "The search for sustainable policies",
    "webUrl": "https://www.theguardian.com/commentisfree/2008/feb/18/thesearchforsustainablepol",
    "apiUrl": "https://content.guardianapis.com/commentisfree/2008/feb/18/thesearchforsustainablepol",
    "fields": {
      "headline": "The search for sustainable policies",
      "standfirst": "Policymakers need to be more imaginative if their ideas are to be up to the challenges of the future",
      "trailText": "<p><strong>David Thorpe:</strong> Policymakers need to be more imaginative if their ideas are to be up to the challenges of the future</p>",
      "byline": "David Thorpe",
      "main": "",
      "body": "<p>Everywhere are signs of a revolution struggling to be born. The old economic model of ever-increasing growth at the expense of all material consequences is over. The new discipline of sustainable economics is about analysing the economic limits imposed by the physical world, and proposing policy and fiscal tools for balancing the economy with the global ecosystem.</p> <p>The transformations that we're in the midst of will take years of work on many levels to complete - from the classrooms and community halls to boardrooms, laboratories and committee rooms. Only part of these will be driven by technologies. Yes, the technologies that are beginning to emerge now are very exciting. But before we get too excited we must bear in mind a powerful message of recent history. This is, that as technologies have become more efficient, their use has multiplied, wiping out any overall energy or resource saving gain. Furthermore, at present, every year over half a trillion tonnes of stuff is dug out of the earth but only 1% of this remains in products six months after being manufactured. All the rest is thrown away. So there are many opportunities for efficiency gains to be made.</p> <p>One new fiscal tool involves putting a price on pollution and using the \"polluter pays\" principle enshrined in <a href=\"http://www.europarl.europa.eu/facts/4_9_1_en.htm\">article 174</a> of the EC treaty, in the same manner as the pricing of carbon to reflect its environmental impact encourages its careful use. This method was pioneered in the US in the 70s to control acid rain. information technology. Cheap and mass-produced chips using radio-frequency identification (RFID) will let us track anything as it moves around the globe with information technology enabling us to target much more effectively fiscal rewards and penalties for unsustainable and unsociable behaviour. An example is tracking procurement supply lines such as sustainable timber. Such systems also support the monitoring of ecosystems and therefore the \"polluter pays\" principle, as well as providing a means to verify claims made by companies in their CSR reports; the records of their sourcing and polluting activities could be checked.</p> <p>Another fiscal tool involves rewarding companies for saving resources, and a good example is the new <a href=\"http://www.defra.gov.uk/corporate/consult/cert2008%2D11/\">carbon emissions reduction target</a>, which encourages UK energy suppliers to help their customers save money. From April 2008 to March 2011 energy suppliers must achieve an overall target of 154 million tonnes of carbon dioxide reduction in carbon emissions, at least 40% of which must come from low-income and elderly consumers. We should expect to see more market shaping tools like this in the future in other areas, such as toxic metals.</p> <p>The new sustainable economics will encourage the use of people and discourage the use of resources. There is no doubt that giving businesses the incentive to innovate is vital. It follows that underpinning this must lie a policy framework that gives business the rationale and rewards-and-penalties that give them long-term security and market signals for doing so. Taxation and other fiscal policies are being developed in Europe and Japan that will reverse the practice of the 20th century to tax people and subsidise resource use. Valuing human energy will value humans and could even create close to zero unemployment.</p> <p>But the challenges are enormous. As we consider the impact of China's growth on global resource use and then imagine that spreading to other developing countries over this century, we can see that resource use is bound to accelerate for the foreseeable future. Logic suggests that one of two things will then happen: either market prices and policies will make resource recycling more cost-effective so that it becomes the absolutely only alternative, and science will discover new ways to use common materials to replace rare elements like iridium; or the sourcing of primary resources, even renewable ones like vegetable oils and timber, becomes so excessive as to precipitate ecological collapses. For example, at today's rate of use, all currently fished species of wild seafood could collapse, at 90% depletion, by 2050, and last September one quarter of all mammals, a third of amphibians and 70% of \"assessed plants\" were put on the \"red list\" of <a href=\"http://scitizen.com/screens/blogPage/viewBlog/sw_viewBlog.php?idTheme=22&amp;idContribution=231\">endangered species</a> by the IUCN.</p> <p>As long as there remain individuals on earth without consumer items an unfettered market will seek to supply them.</p> <p>We are already seeing pressure to open Antarctica, and the seabed beneath the Arctic to prospecting, for example for oil and gas, despite powerful rational arguments that it would be disastrous. A <a href=\"http://www.janes.com/press/press/pc080116_1.shtml\">preliminary assessment</a> by the US Geological Survey (USGS) suggests the Arctic seabed may hold up to a quarter of the world's undiscovered oil and natural gas reserves, but the planet's ecosystem could not absorb without radical adverse change the release of the greenhouse gases their burning would release, nor the seabed's ecosystem survive the mining. It is absolutely vital that the world agree, as it did fifty years ago with Antarctica, to set aside a large percentage of the world's surface as inviolable conservation areas, and it must be made financially worthwhile by their host nations to do so, along the lines of the agreement to pay countries with rainforests not to chop them down in return for carbon credits, in the post-2012 climate negotiations.</p> <p>So policies must still be developed which temper the inevitable greed of capitalism to exploit nature to death. The ones mentioned above are a start but clearly not sufficient alone. Where might we find more? Surprisingly, we only need to look across the Irish Sea for a clue.</p> <p>Ireland is currently engaged in a feasibility study into 'cap-and-share' personal <a href=\"http://www.comharsdc.ie/publications/index.aspx?PAuto=149\">carbon trading</a> in line with Aubrey Meyer's <a href=\"http://www.gci.org.uk/ccbook.html\">convergence and contraction model</a>. This argues that the world should aim to reduce overall carbon use year on year, at the same time equitably distributing carbon credits so that every citizen of the world is eventually allocated the equivalent number of credits to burn or sell. AEA Energy &amp; Environment is undertaking the feasibility study which will complete in July and is co-funded by Ireland's department of transport and the Environmental Protection Agency. The research will focus on how the \"cap and share\" mechanism can be used to cut greenhouse gasses in those sectors which are excluded from the EU emissions trading scheme, such as the transport sector and households.</p> <p>Supporters hope the policy will be adopted not just by Ireland, but eventually by Europe - and then the world. Imagine the consequences: if the carbon profligate have to buy credits from the poor, who do not own carbon-burning possessions, it becomes apparent how over a few decades this process would result in wealth and quality of life becoming much more evenly spread throughout the world. Wealthy citizens with higher impacts will buy pollution credits from the poor, directly, just as large companies now pay for projects in poor countries allowing them to emit carbon under the ETS. This will accelerate development in the poor countries as well as foster prudence in the rich ones.</p> <p>If carbon becomes more prevalent as a unit of exchange, contraction and convergence will reduce global and national income disparities. We know that those countries with lower income disparities between rich and poor experience more social cohesion and reduced crime levels. So there is potential for reducing the type of situation that leads to crime, and social unrest too.</p> <p>However it expresses itself, the emerging revolution promises to be at least as fundamental as the industrial revolution and hopefully not nearly as destructive.</p>",
      "wordcount": "1241",
      "commentCloseDate": "2008-02-20T13:30:00Z",
      "commentable": "true",
      "isPremoderated": "false",
      "lastModified": "2018-02-14T20:19:47Z",
      "newspaperEditionDate": "2008-02-18T00:00:00Z",
      "productionOffice": "UK",
      "publication": "theguardian.com",
      "shortUrl": "https://gu.com/p/xcxn8",
      "shouldHideAdverts": "false",
      "showInRelatedContent": "true",
      "legallySensitive": "false",
      "lang": "en",
      "bodyText": "Everywhere are signs of a revolution struggling to be born. The old economic model of ever-increasing growth at the expense of all material consequences is over. The new discipline of sustainable economics is about analysing the economic limits imposed by the physical world, and proposing policy and fiscal tools for balancing the economy with the global ecosystem. The transformations that we're in the midst of will take years of work on many levels to complete - from the classrooms and community halls to boardrooms, laboratories and committee rooms. Only part of these will be driven by technologies. Yes, the technologies that are beginning to emerge now are very exciting. But before we get too excited we must bear in mind a powerful message of recent history. This is, that as technologies have become more efficient, their use has multiplied, wiping out any overall energy or resource saving gain. Furthermore, at present, every year over half a trillion tonnes of stuff is dug out of the earth but only 1% of this remains in products six months after being manufactured. All the rest is thrown away. So there are many opportunities for efficiency gains to be made. One new fiscal tool involves putting a price on pollution and using the \"polluter pays\" principle enshrined in article 174 of the EC treaty, in the same manner as the pricing of carbon to reflect its environmental impact encourages its careful use. This method was pioneered in the US in the 70s to control acid rain. information technology. Cheap and mass-produced chips using radio-frequency identification (RFID) will let us track anything as it moves around the globe with information technology enabling us to target much more effectively fiscal rewards and penalties for unsustainable and unsociable behaviour. An example is tracking procurement supply lines such as sustainable timber. Such systems also support the monitoring of ecosystems and therefore the \"polluter pays\" principle, as well as providing a means to verify claims made by companies in their CSR reports; the records of their sourcing and polluting activities could be checked. Another fiscal tool involves rewarding companies for saving resources, and a good example is the new carbon emissions reduction target, which encourages UK energy suppliers to help their customers save money. From April 2008 to March 2011 energy suppliers must achieve an overall target of 154 million tonnes of carbon dioxide reduction in carbon emissions, at least 40% of which must come from low-income and elderly consumers. We should expect to see more market shaping tools like this in the future in other areas, such as toxic metals. The new sustainable economics will encourage the use of people and discourage the use of resources. There is no doubt that giving businesses the incentive to innovate is vital. It follows that underpinning this must lie a policy framework that gives business the rationale and rewards-and-penalties that give them long-term security and market signals for doing so. Taxation and other fiscal policies are being developed in Europe and Japan that will reverse the practice of the 20th century to tax people and subsidise resource use. Valuing human energy will value humans and could even create close to zero unemployment. But the challenges are enormous. As we consider the impact of China's growth on global resource use and then imagine that spreading to other developing countries over this century, we can see that resource use is bound to accelerate for the foreseeable future. Logic suggests that one of two things will then happen: either market prices and policies will make resource recycling more cost-effective so that it becomes the absolutely only alternative, and science will discover new ways to use common materials to replace rare elements like iridium; or the sourcing of primary resources, even renewable ones like vegetable oils and timber, becomes so excessive as to precipitate ecological collapses. For example, at today's rate of use, all currently fished species of wild seafood could collapse, at 90% depletion, by 2050, and last September one quarter of all mammals, a third of amphibians and 70% of \"assessed plants\" were put on the \"red list\" of endangered species by the IUCN. As long as there remain individuals on earth without consumer items an unfettered market will seek to supply them. We are already seeing pressure to open Antarctica, and the seabed beneath the Arctic to prospecting, for example for oil and gas, despite powerful rational arguments that it would be disastrous. A preliminary assessment by the US Geological Survey (USGS) suggests the Arctic seabed may hold up to a quarter of the world's undiscovered oil and natural gas reserves, but the planet's ecosystem could not absorb without radical adverse change the release of the greenhouse gases their burning would release, nor the seabed's ecosystem survive the mining. It is absolutely vital that the world agree, as it did fifty years ago with Antarctica, to set aside a large percentage of the world's surface as inviolable conservation areas, and it must be made financially worthwhile by their host nations to do so, along the lines of the agreement to pay countries with rainforests not to chop them down in return for carbon credits, in the post-2012 climate negotiations. So policies must still be developed which temper the inevitable greed of capitalism to exploit nature to death. The ones mentioned above are a start but clearly not sufficient alone. Where might we find more? Surprisingly, we only need to look across the Irish Sea for a clue. Ireland is currently engaged in a feasibility study into 'cap-and-share' personal carbon trading in line with Aubrey Meyer's convergence and contraction model. This argues that the world should aim to reduce overall carbon use year on year, at the same time equitably distributing carbon credits so that every citizen of the world is eventually allocated the equivalent number of credits to burn or sell. AEA Energy &amp; Environment is undertaking the feasibility study which will complete in July and is co-funded by Ireland's department of transport and the Environmental Protection Agency. The research will focus on how the \"cap and share\" mechanism can be used to cut greenhouse gasses in those sectors which are excluded from the EU emissions trading scheme, such as the transport sector and households. Supporters hope the policy will be adopted not just by Ireland, but eventually by Europe - and then the world. Imagine the consequences: if the carbon profligate have to buy credits from the poor, who do not own carbon-burning possessions, it becomes apparent how over a few decades this process would result in wealth and quality of life becoming much more evenly spread throughout the world. Wealthy citizens with higher impacts will buy pollution credits from the poor, directly, just as large companies now pay for projects in poor countries allowing them to emit carbon under the ETS. This will accelerate development in the poor countries as well as foster prudence in the rich ones. If carbon becomes more prevalent as a unit of exchange, contraction and convergence will reduce global and national income disparities. We know that those countries with lower income disparities between rich and poor experience more social cohesion and reduced crime levels. So there is potential for reducing the type of situation that leads to crime, and social unrest too. However it expresses itself, the emerging revolution promises to be at least as fundamental as the industrial revolution and hopefully not nearly as destructive.",
      "charCount": "7671"
    },
    "isHosted": false,
    "pillarId": "pillar/opinion",
    "pillarName": "Opinion"
  },
  {
    "id": "money/2008/feb/18/houseprices.housingmarket",
    "type": "article",
    "sectionId": "money",
    "sectionName": "Money",
    "webPublicationDate": "2008-02-18T13:01:53Z",
    "webTitle": "House price rise bypasses London",
    "webUrl": "https://www.theguardian.com/money/2008/feb/18/houseprices.housingmarket",
    "apiUrl": "https://content.guardianapis.com/money/2008/feb/18/houseprices.housingmarket",
    "fields": {
      "headline": "House price rise bypasses London",
      "standfirst": "<strong>&#183;</strong> Financial markets turmoil offsets usual optimism<br /><strong>&#183;</strong> Prices nationally up by more than &pound;7,400",
      "trailText": "<p>House prices in London see lowest February rise in five years amid turmoil in financial markets</p>",
      "byline": "Marianne Barriaux",
      "main": "",
      "body": "<p>House prices in London saw their lowest February rise in five years, as turmoil in financial markets appeared to offset a traditionally optimistic time for sellers.</p> <p>A survey by Rightmove, the property website, revealed that average asking prices in the capital have risen by 0.9% this month, compared with rises of 1.6% at the same time last year, 4.1% in 2006, 2.1% in 2005 and 1.2% in 2004.</p> <p>The sluggish growth in London, however, was offset by a robust 3.2% increase in prices across the country.</p> <p>February is usually a time of considerable optimism for sellers. Asking prices tend to rise substantially, with fresh sellers tempted to test the market at an ambitious price as they have fewer timescale pressures with the year ahead of them. But the survey shows sellers have been far more modest in their expectations this year.</p> <p>Miles Shipside, commercial director of Rightmove, said: \"The current concerns in the capital's financial sector appear to be restraining the traditionally high levels of seller and agent optimism normally seen at this time of year.\"</p> <p>Despite this, buyers are still faced with average asking prices in London over \u00a33,000 higher than a month ago. Buyer affordability remains stretched as the average price broke through the \u00a3400,000 barrier.</p> <p>Surprisingly, Kensington and Chelsea - London's wealthiest enclave - was the worst-performing borough in the past month, with average house prices down 4.2% on the previous month at \u00a31.56m. However, it still witnessed the biggest rises over the past year, with prices up 30.2% on February 2007.</p> <p>Hammersmith and Fulham has seen the highest prices rises this month. Average house prices in the area rose 3.5% to nearly \u00a3700,000. It was also the second biggest annual riser, with average asking prices up by 23.4%.</p> <p>\"The top end of the London market remains resilient year on year, due to limited supply and the growing wealth and number of international buyers,\" Shipside said. \"The most sought after London addresses have certainly been one of the best investments in the last year.\"</p> <p>Rightmove said house prices nationally rose more than \u00a37,400 this month to nearly \u00a3240,000. This showed optimism remained among the fewer sellers who came to the market. But it warned that there was still some distortion in the market after the full implementation of home information packs (Hips) in December for properties with two or fewer bedrooms.</p> <p>The past month saw the lowest February level of new listings for three years. Rightmove said this could be partly due to the market slowdown but also to a lack of speculative sellers, who have been put off by the costs involved in preparing a Hip. </p> <p>In addition, before the December deadline for the Hips implementation for one-and two-bedroom properties, many of these types of homes were rushed on to the market. As a result, the average price rise this month has been exaggerated by more expensive three- and four-bedroom properties making up a larger proportion of the mix.</p> <p>Rightmove said that without the impact of Hips, asking prices would have risen by between 1.5% and 2% in the past month. It added that the 3.2% gain for February counterbalanced the 3.2% fall reported in December.</p> <p>\"It's not the start of another price boom, but the interest rate cuts have no doubt given some sellers headier hopes,\" it said. \"These are likely to prove to be unwarranted.\"</p>",
      "newspaperPageNumber": "23",
      "wordcount": "580",
      "commentable": "false",
      "isPremoderated": "false",
      "lastModified": "2017-11-26T21:30:26Z",
      "newspaperEditionDate": "2008-02-18T00:00:00Z",
      "productionOffice": "UK",
      "publication": "The Guardian",
      "shortUrl": "https://gu.com/p/x3fmx",
      "shouldHideAdverts": "false",
      "showInRelatedContent": "true",
      "legallySensitive": "false",
      "lang": "en",
      "bodyText": "House prices in London saw their lowest February rise in five years, as turmoil in financial markets appeared to offset a traditionally optimistic time for sellers. A survey by Rightmove, the property website, revealed that average asking prices in the capital have risen by 0.9% this month, compared with rises of 1.6% at the same time last year, 4.1% in 2006, 2.1% in 2005 and 1.2% in 2004. The sluggish growth in London, however, was offset by a robust 3.2% increase in prices across the country. February is usually a time of considerable optimism for sellers. Asking prices tend to rise substantially, with fresh sellers tempted to test the market at an ambitious price as they have fewer timescale pressures with the year ahead of them. But the survey shows sellers have been far more modest in their expectations this year. Miles Shipside, commercial director of Rightmove, said: \"The current concerns in the capital's financial sector appear to be restraining the traditionally high levels of seller and agent optimism normally seen at this time of year.\" Despite this, buyers are still faced with average asking prices in London over \u00a33,000 higher than a month ago. Buyer affordability remains stretched as the average price broke through the \u00a3400,000 barrier. Surprisingly, Kensington and Chelsea - London's wealthiest enclave - was the worst-performing borough in the past month, with average house prices down 4.2% on the previous month at \u00a31.56m. However, it still witnessed the biggest rises over the past year, with prices up 30.2% on February 2007. Hammersmith and Fulham has seen the highest prices rises this month. Average house prices in the area rose 3.5% to nearly \u00a3700,000. It was also the second biggest annual riser, with average asking prices up by 23.4%. \"The top end of the London market remains resilient year on year, due to limited supply and the growing wealth and number of international buyers,\" Shipside said. \"The most sought after London addresses have certainly been one of the best investments in the last year.\" Rightmove said house prices nationally rose more than \u00a37,400 this month to nearly \u00a3240,000. This showed optimism remained among the fewer sellers who came to the market. But it warned that there was still some distortion in the market after the full implementation of home information packs (Hips) in December for properties with two or fewer bedrooms. The past month saw the lowest February level of new listings for three years. Rightmove said this could be partly due to the market slowdown but also to a lack of speculative sellers, who have been put off by the costs involved in preparing a Hip. In addition, before the December deadline for the Hips implementation for one-and two-bedroom properties, many of these types of homes were rushed on to the market. As a result, the average price rise this month has been exaggerated by more expensive three- and four-bedroom properties making up a larger proportion of the mix. Rightmove said that without the impact of Hips, asking prices would have risen by between 1.5% and 2% in the past month. It added that the 3.2% gain for February counterbalanced the 3.2% fall reported in December. \"It's not the start of another price boom, but the interest rate cuts have no doubt given some sellers headier hopes,\" it said. \"These are likely to prove to be unwarranted.\"",
      "charCount": "3369"
    },
    "isHosted": false,
    "pillarId": "pillar/lifestyle",
    "pillarName": "Lifestyle"
  },
  {
    "id": "lifeandstyle/2008/feb/18/fashion.thecloseup",
    "type": "article",
    "sectionId": "fashion",
    "sectionName": "Fashion",
    "webPublicationDate": "2008-02-18T10:03:33Z",
    "webTitle": "The close-up",
    "webUrl": "https://www.theguardian.com/lifeandstyle/2008/feb/18/fashion.thecloseup",
    "apiUrl": "https://content.guardianapis.com/lifeandstyle/2008/feb/18/fashion.thecloseup",
    "fields": {
      "headline": "The close-up",
      "standfirst": "Ima Doll, dancer",
      "trailText": "<p>Ima Doll, dancer</p>",
      "byline": "Imogen Fox",
      "main": "<figure class=\"element element-image\" data-media-id=\"gu-image-334950735\"> <img src=\"http://static.guim.co.uk/sys-images/Lifeandhealth/Pix/pictures/2008/02/18/imadoll1.jpg\" alt=\"The close-up: Ima Doll\" width=\"128\" height=\"256\" class=\"gu-image\" /> <figcaption> <span class=\"element-image__caption\">The close-up: Ima Doll. Photograph: Sarah Lee</span> </figcaption> </figure>",
      "body": "<p><strong>What are you wearing today?</strong></p> <p>Miu Miu shoes and socks. Very old Levi's Red jeans and a Sonia Rykiel studded belt. A shirt by Silas from a sample sale and an Alexander McQueen cashmere sweater, which matches my shoes. My barbed wire necklace is from Agent Provocateur, my coat is Eley Kishimoto and my bag is Marc by Marc Jacobs. I bought it in patent leather because I thought it would be more</p> <p>stain resistant.</p> <p><strong>That's a lot of designer labels. Do you always wear posh things?</strong></p> <p>I try to. You don't get the same satisfaction if you buy something that falls apart in a week.</p> <p><strong>Do you always match your socks with </strong></p> <p><strong>your lipstick?</strong></p> <p>Not always: this is a lucky occasion.</p> <p><strong>Describe your style. </strong></p> <p>A bit rock'n'roll and a bit dolly. I try to look</p> <p>like a lady, but I always end up looking more</p> <p>like Gidget [a 1959 film].</p> <p><strong>Tell me about your hair.</strong></p> <p>I used to have a very severe bob like a sex shop wig before this. It was real hair but once a week</p> <p>I would get asked if it was a wig, so I just decided to go with something else.</p> <p><strong>What's the most expensive item of clothing you have ever bought?</strong></p> <p>This is tough. I'm a bit naughty with my shopping. I have some McQueen boots that I got in the sale but they were still a hefty price - hundreds.</p> <p><strong>What's your favourite thing in your wardrobe?</strong></p> <p>A giant babysuit by Marc by Marc Jacobs. If you stuffed it with newspapers I would look like a pumpkin. It's black with buttons down the</p> <p>front and it goes into pants. I guess you would</p> <p>call it a One-sey. I just love it - you can eat what you want and you don't have to worry about popping buttons.</p> <p><strong>What's the oldest thing in your wardrobe?</strong></p> <p>That's tricky because I have half a wardrobe here and the rest of it is still in Canada where I'm from. So it's like shopping all over again without spending any money because you go there and you think, \"Oh my God, I forgot I had that.\"</p> <p><strong>What does this outfit say about you?</strong></p> <p>That I have good taste?</p> <p><strong>What would you never wear?</strong></p> <p>Probably a tracksuit. Not even for sporting events.</p> <p><strong>Are you a spontaneous shopper?</strong></p> <p>Completely. I always have to be talked into</p> <p>buying things that make sense. I will see</p> <p>something that I love and then my partner will say, \"Now, what do you have that goes with that?\" To which I'll reply, \"Oh, I'm sure we'll get something that will go with it.\"</p> <p><strong>Are you happy with the way you look</strong></p> <p>Aside from my incredibly large head, I would say yes. I'd like to be more Barbie but I'm always more Skipper [Barbie's younger sister].</p> <p><strong>Do you always paint your nails?</strong></p> <p>Yes. I don't think I have very lady-like hands,</p> <p>so I've tried my best. I used to have proper</p> <p>Bio Sculpture gel nails, and now I take flax oil</p> <p>to get better nail health.</p> <p><strong>How quickly can you get ready?</strong></p> <p>In about five minutes. I can apply makeup like nobody's business.</p> <p><strong>What do you wear to dance in?</strong></p> <p>As little as possible. For pole dancing, you need more body contact to get a better grip. I have specially made heels - I have one pair that I say are eight inches of fun.</p> <p><strong>Do you keep in shape by dancing?</strong></p> <p>Yes. I have quite good upper-body strength:</p> <p>I wouldn't want to get into a fight with me. I'm supposed to do yoga too but I always forget, but I do brain exercises every day.</p> <p><strong>You must be very confident of your body?</strong></p> <p>Yes I am. I did Ukrainian folk dancing for</p> <p>14 years and ice-skating, so I've been wearing spandex for a long time.</p> <p>imadoll.net</p>",
      "newspaperPageNumber": "18",
      "wordcount": "643",
      "commentable": "false",
      "isPremoderated": "false",
      "lastModified": "2018-07-02T14:32:36Z",
      "newspaperEditionDate": "2008-02-18T00:00:00Z",
      "productionOffice": "UK",
      "publication": "The Guardian",
      "shortUrl": "https://gu.com/p/xk9vd",
      "shouldHideAdverts": "false",
      "showInRelatedContent": "true",
      "legallySensitive": "false",
      "lang": "en",
      "bodyText": "What are you wearing today? Miu Miu shoes and socks. Very old Levi's Red jeans and a Sonia Rykiel studded belt. A shirt by Silas from a sample sale and an Alexander McQueen cashmere sweater, which matches my shoes. My barbed wire necklace is from Agent Provocateur, my coat is Eley Kishimoto and my bag is Marc by Marc Jacobs. I bought it in patent leather because I thought it would be more stain resistant. That's a lot of designer labels. Do you always wear posh things? I try to. You don't get the same satisfaction if you buy something that falls apart in a week. Do you always match your socks with your lipstick? Not always: this is a lucky occasion. Describe your style. A bit rock'n'roll and a bit dolly. I try to look like a lady, but I always end up looking more like Gidget [a 1959 film]. Tell me about your hair. I used to have a very severe bob like a sex shop wig before this. It was real hair but once a week I would get asked if it was a wig, so I just decided to go with something else. What's the most expensive item of clothing you have ever bought? This is tough. I'm a bit naughty with my shopping. I have some McQueen boots that I got in the sale but they were still a hefty price - hundreds. What's your favourite thing in your wardrobe? A giant babysuit by Marc by Marc Jacobs. If you stuffed it with newspapers I would look like a pumpkin. It's black with buttons down the front and it goes into pants. I guess you would call it a One-sey. I just love it - you can eat what you want and you don't have to worry about popping buttons. What's the oldest thing in your wardrobe? That's tricky because I have half a wardrobe here and the rest of it is still in Canada where I'm from. So it's like shopping all over again without spending any money because you go there and you think, \"Oh my God, I forgot I had that.\" What does this outfit say about you? That I have good taste? What would you never wear? Probably a tracksuit. Not even for sporting events. Are you a spontaneous shopper? Completely. I always have to be talked into buying things that make sense. I will see something that I love and then my partner will say, \"Now, what do you have that goes with that?\" To which I'll reply, \"Oh, I'm sure we'll get something that will go with it.\" Are you happy with the way you look Aside from my incredibly large head, I would say yes. I'd like to be more Barbie but I'm always more Skipper [Barbie's younger sister]. Do you always paint your nails? Yes. I don't think I have very lady-like hands, so I've tried my best. I used to have proper Bio Sculpture gel nails, and now I take flax oil to get better nail health. How quickly can you get ready? In about five minutes. I can apply makeup like nobody's business. What do you wear to dance in? As little as possible. For pole dancing, you need more body contact to get a better grip. I have specially made heels - I have one pair that I say are eight inches of fun. Do you keep in shape by dancing? Yes. I have quite good upper-body strength: I wouldn't want to get into a fight with me. I'm supposed to do yoga too but I always forget, but I do brain exercises every day. You must be very confident of your body? Yes I am. I did Ukrainian folk dancing for 14 years and ice-skating, so I've been wearing spandex for a long time. imadoll.net",
      "charCount": "3318"
    },
    "isHosted": false,
    "pillarId": "pillar/lifestyle",
    "pillarName": "Lifestyle"
  },
  {
    "id": "commentisfree/2008/feb/18/thepriceisntright",
    "type": "article",
    "sectionId": "commentisfree",
    "sectionName": "Opinion",
    "webPublicationDate": "2008-02-18T10:00:00Z",
    "webTitle": "The price isn't right",
    "webUrl": "https://www.theguardian.com/commentisfree/2008/feb/18/thepriceisntright",
    "apiUrl": "https://content.guardianapis.com/commentisfree/2008/feb/18/thepriceisntright",
    "fields": {
      "headline": "The price isn't right",
      "standfirst": "Politics and media attention, rather than rigorous scrutiny, too often dictate the spending decisions of our policy makers",
      "trailText": "<p><strong>Bj\u00f6rn Lomborg:</strong> Politics and media attention, rather than rigorous scrutiny, too often dictate the spending decisions of our policy makers</p>",
      "byline": "Bj\u00f6rn Lomborg",
      "main": "",
      "body": "<p>Terrorism and global warming loom, in many people's minds, as the greatest threats to the planet. In the United States, the Bush administration wants to increase funding for border security and immigration enforcement by nearly 20%. More than $150m is being <a href=\"http://www.iht.com/articles/ap/2008/01/31/america/NA-GEN-US-Security-Grants.php\">spent</a> to help transit systems in New York, New Jersey, and Connecticut prevent and respond to terrorist attacks.</p> <p>But international terrorism kills about 400 people in total each year. How much should we be willing to pay to reduce that death toll by, say, 25%? A billion dollars? A hundred billion?</p> <p>Meanwhile, in Hawaii, policymakers gathered to discuss a climate change treaty to replace the Kyoto protocol. The environmental lobby groups want the next treaty to go much further than Kyoto, which is already setting the world back $180bn a year. Indeed, efforts to slow global warming through the Kyoto protocol or a similar treaty will make a miniscule difference, delaying temperature rises by just seven days by 2100.</p> <p>A tenth of the annual cost of the Kyoto protocol - or a tenth of the US budget this year for the wars in <a href=\"http://www.washingtonpost.com/wp-dyn/content/article/2008/02/04/AR2008020402043.html\">Iraq and Afghanistan</a> - would prevent nearly 30 million new infections of HIV/Aids. The same sum could similarly be used to help the 4 million people who will die from malnutrition this year, the 2.5 million killed by indoor and outdoor air pollution, the 2 million who will die because they lack micronutrients (iron, zinc, and vitamin A), or the 2 million whose deaths will be caused by a lack of clean drinking water.</p> <p>We know how to stop people from dying from malnutrition, pollution, HIV/Aids, and malaria. Effective strategies are cheap and simple: it's mostly a question of getting what's needed (micronutrients, cleaner forms of fuel, free condoms, mosquito nets) to those in need. Death tolls remain high because we have limited resources to solve all the world's problems, and these problems are not our biggest concerns.</p> <p>Governments and NGOs spend billions of dollars each year trying to help the world without explicitly considering whether they are achieving the most they can. They set priorities among the well-intentioned projects they finance, merely by deciding to do some things and not others - often based on political realities and media attention rather than rigorous scrutiny.</p> <p>Panic about terrorism and climate change doesn't blind us entirely to other problems facing the planet, but our fear does distort the lens through which we see the big picture.</p> <p>I hope that a clearer picture will emerge when a roundtable of international economists convenes in May to assess more than 50 solutions to different global challenges as part of the \"<a href=\"http://www.copenhagenconsensus.com/Default.aspx?ID=788\">Copenhagen Consensus</a>\" project.</p> <p>The participants will use cost-benefit analysis to weigh up different strategies. The result will be a prioritised list of solutions, showing which projects promise the greatest benefits compared to their costs. Should the world steam head-on into another Kyoto Protocol-style agreement? Should we make air pollution our top priority?</p> <p>Some object strongly to the idea of using economic tools to weigh the world's biggest problems. But this is a way to get honest about what works and what doesn't. It's too easy for politicians to throw more money at problems like terrorism, when some nations may already spend too much on security measures that merely shift attacks around. We need to know.</p> <p>When we acknowledge that some policies achieve little, we can debate other options. Maybe there are smarter ways to combat terrorism than expensive wars and ever more homeland security. Maybe we can tackle climate change better through less costly, more effective technology pushes. Maybe we will end up helping the world more by focusing on air pollution, education, or the condition of women.</p> <p>We know how politicians make their spending decisions today. In May, we'll see how some of the world's best economists - including five Nobel laureates - would invest the same money to get the biggest benefits possible.</p> <p>We will discover what could happen if politicians would rise above the distortion of the media's intense concentration on terrorism and climate change. The result should be a clearer focus on the world's biggest issues and their best solutions.</p> <p><em>In cooperation with <a href=\"http://www.project-syndicate.org\">Project Syndicate</a>, 2008.</em></p>",
      "wordcount": "703",
      "commentCloseDate": "2008-02-20T10:00:00Z",
      "commentable": "true",
      "isPremoderated": "false",
      "lastModified": "2018-02-14T20:16:12Z",
      "newspaperEditionDate": "2008-02-18T00:00:00Z",
      "productionOffice": "UK",
      "publication": "theguardian.com",
      "shortUrl": "https://gu.com/p/xcxn6",
      "shouldHideAdverts": "false",
      "showInRelatedContent": "true",
      "legallySensitive": "false",
      "lang": "en",
      "bodyText": "Terrorism and global warming loom, in many people's minds, as the greatest threats to the planet. In the United States, the Bush administration wants to increase funding for border security and immigration enforcement by nearly 20%. More than $150m is being spent to help transit systems in New York, New Jersey, and Connecticut prevent and respond to terrorist attacks. But international terrorism kills about 400 people in total each year. How much should we be willing to pay to reduce that death toll by, say, 25%? A billion dollars? A hundred billion? Meanwhile, in Hawaii, policymakers gathered to discuss a climate change treaty to replace the Kyoto protocol. The environmental lobby groups want the next treaty to go much further than Kyoto, which is already setting the world back $180bn a year. Indeed, efforts to slow global warming through the Kyoto protocol or a similar treaty will make a miniscule difference, delaying temperature rises by just seven days by 2100. A tenth of the annual cost of the Kyoto protocol - or a tenth of the US budget this year for the wars in Iraq and Afghanistan - would prevent nearly 30 million new infections of HIV/Aids. The same sum could similarly be used to help the 4 million people who will die from malnutrition this year, the 2.5 million killed by indoor and outdoor air pollution, the 2 million who will die because they lack micronutrients (iron, zinc, and vitamin A), or the 2 million whose deaths will be caused by a lack of clean drinking water. We know how to stop people from dying from malnutrition, pollution, HIV/Aids, and malaria. Effective strategies are cheap and simple: it's mostly a question of getting what's needed (micronutrients, cleaner forms of fuel, free condoms, mosquito nets) to those in need. Death tolls remain high because we have limited resources to solve all the world's problems, and these problems are not our biggest concerns. Governments and NGOs spend billions of dollars each year trying to help the world without explicitly considering whether they are achieving the most they can. They set priorities among the well-intentioned projects they finance, merely by deciding to do some things and not others - often based on political realities and media attention rather than rigorous scrutiny. Panic about terrorism and climate change doesn't blind us entirely to other problems facing the planet, but our fear does distort the lens through which we see the big picture. I hope that a clearer picture will emerge when a roundtable of international economists convenes in May to assess more than 50 solutions to different global challenges as part of the \"Copenhagen Consensus\" project. The participants will use cost-benefit analysis to weigh up different strategies. The result will be a prioritised list of solutions, showing which projects promise the greatest benefits compared to their costs. Should the world steam head-on into another Kyoto Protocol-style agreement? Should we make air pollution our top priority? Some object strongly to the idea of using economic tools to weigh the world's biggest problems. But this is a way to get honest about what works and what doesn't. It's too easy for politicians to throw more money at problems like terrorism, when some nations may already spend too much on security measures that merely shift attacks around. We need to know. When we acknowledge that some policies achieve little, we can debate other options. Maybe there are smarter ways to combat terrorism than expensive wars and ever more homeland security. Maybe we can tackle climate change better through less costly, more effective technology pushes. Maybe we will end up helping the world more by focusing on air pollution, education, or the condition of women. We know how politicians make their spending decisions today. In May, we'll see how some of the world's best economists - including five Nobel laureates - would invest the same money to get the biggest benefits possible. We will discover what could happen if politicians would rise above the distortion of the media's intense concentration on terrorism and climate change. The result should be a clearer focus on the world's biggest issues and their best solutions. In cooperation with Project Syndicate, 2008.",
      "charCount": "4274"
    },
    "isHosted": false,
    "pillarId": "pillar/opinion",
    "pillarName": "Opinion"
  },
  {
    "id": "environment/2008/feb/18/energy.economy",
    "type": "article",
    "sectionId": "environment",
    "sectionName": "Environment",
    "webPublicationDate": "2008-02-18T09:40:26Z",
    "webTitle": "Reasons to see red over green energy",
    "webUrl": "https://www.theguardian.com/environment/2008/feb/18/energy.economy",
    "apiUrl": "https://content.guardianapis.com/environment/2008/feb/18/energy.economy",
    "fields": {
      "headline": "Reasons to see red over green energy",
      "standfirst": "Government apathy sabotages Britain's shift to a low-carbon economy",
      "trailText": "<p>Government apathy sabotages Britain's shift to a low-carbon economy</p>",
      "byline": "Ashley Seager",
      "main": "<figure class=\"element element-image\" data-media-id=\"gu-image-332560879\"> <img src=\"http://static.guim.co.uk/sys-images/Guardian/Pix/pictures/2008/02/17/silvertown460x276.jpg\" alt=\"Solar panels\" width=\"460\" height=\"276\" class=\"gu-image\" /> <figcaption> <span class=\"element-image__caption\">Engineers fitting solar panels to a roof at Silvertown solar village, Docklands, London. Photograph: Alamy</span> </figcaption> </figure>",
      "body": "<p>You'd hope, wouldn't you, that the government department responsible for energy to heat our homes, power our cars and so on would be on top of two key issues - a switch to a low-carbon economy and the possibility that oil might run out sooner than we thought.</p> <p>Both these issues should concern us greatly and, indeed, there is growing discussion of them everywhere. But, the Department of Business As Usual (DBERR) doesn't seem to be on the case at all.</p> <p>It spends most of its time pointlessly changing its name (from the Department for Trade and Industry, you will recall) or changing ministers so often that few have time to get their feet under the desk before they are gone.</p> <p>Ed Matthew of Friends of the Earth puts it bluntly. \"BERR [the department has inexplicably even dropped the D] is not fit to govern. They should all be sacked.\"</p> <p>That may sound a bit harsh but you have to wonder whether he has a point.</p> <p>First, renewable energy. The figures we uncovered last week were shocking.</p> <p>BERR is set to under spend the paltry \u00a318m in domestic grants of its low carbon buildings programme by \u00a310m over the three years to March 2009. This in spite of strong demand for renewables among the general public.</p> <p>How bad is the situation? Well, BERR handed out grants for part of the cost of fitting solar photovoltaic systems covering only 270 houses last year. The Germans fitted 130,000. We have a total installed capacity (including commercial) of 16 Megawatt peak (Mwp). They have 3,800 Mwp.</p> <p>But even worse, during the year the pace of grant-giving slowed. Last May BERR simply slashed the grants and made them more difficult to get. The result, entirely predictably, was a collapse.</p> <p>Throughout much of 2006, for example, it was making 30-40 grants a month for ground source heat pumps. In the last three months of 2007, no such grants were made. There is a similar decline for solar thermal (hot water) and micro wind turbines. Not a single grant was allocated for a domestic solar PV system last month while the Germans installed about 12,000 systems.</p> <p>Malcolm Wicks, BERR's energy minister, recently acknowledged that Britain needed a \"revolution\" to have any chance of raising the share of its energy derived from renewables to 15% by 2020, as the EU demanded last month, from 2% - the lowest in the EU after Malta and Luxembourg.</p> <p>It's important to remember, though, that the EU wants 20% of its energy from renewables by 2020 but allowed Britain to shave that to 15%. Thank goodness the EU has set a demanding target. So why is Wicks still trying to claim that Britain is showing \"leadership\" on renewables? The UK has about 40% of the EU's wind, yet only 10% of the installed wind capacity of Germany. Sorry to go on about this but it really does bear repeating.</p> <p><strong>German revolution</strong> </p> <p>I am hearing, though, that many branches of government are fed up with the situation and are putting pressure on BERR to get real with its policies, particularly regarding the feed-in tariff (FIT) behind Germany's renewables revolution that has been copied in so many other countries.</p> <p>This works by rewarding those who produce power from wind or solar power with an above-market payment guaranteed for 20 years. The additional cost is spread across all power users, since the saving in carbon is shared by all. It is a market-supporting mechanism since the FIT is reduced slightly each year for new projects as increasing scale reduces the cost of the equipment (a solar PV system in Germany, for example, now costs half the UK level).</p> <p>A properly designed FIT rewards early adaptors, helps kick-start a new industry and creates jobs. The German PV industry added 10,000 jobs last year.</p> <p>Friends of the Earth want the chancellor, Alistair Darling, to put tackling climate change at the heart of next month's budget. They want a FIT for households and businesses generating their own power and a top-up of the LCBP to \u00a31bn a year to meet half the cost of any renewables anybody wants to fit.</p> <p>The Treasury, after all, commissioned Lord Stern to write his review of the economics of climate change in 2006. He recommended spending 1% of gross domestic product each year, straight away, to combat climate change. That would be \u00a313-14bn in the UK's case. So \u00a31bn in the LCBP is not a lot to ask.</p> <p>Another key reason to push for a dash for renewables is energy security.</p> <p>There is a growing fear among academics and many in the oil industry, that oil may be running out quicker than we thought.</p> <p>I used to write about the oil industry 15 years ago and more and back then the conventional wisdom was that \"peak oil\" theories had been right about US oil production but were fantasy for the world as a whole. As soon as the oil price rose, went the argument, producers would spend more on getting oil out of the ground.</p> <p>Well, oil prices have been rising for about a decade. They've gone up 500% roughly. That's a lot. You might expect that, even allowing for the lags in developing new fields, supply might have responded by now. This is basic economics.</p> <p><strong>Argument</strong></p> <p>But it hasn't, not really. We are stuck at about 85m barrels a day in global production. And the output of the oil majors Exxon, Shell and BP fell last year!</p> <p>I don't want to get into an argument about whether peak oil is upon us but you have to admit that it could be. After all, UK oil production peaked at 3.2m bpd in 1999 and has since halved. Dirty tar sands in Alberta could perhaps produce 3m bpd (Canadian estimates, not mine), but that's not going to be enough. Not that it ever should be dug out - it's filthy stuff that requires huge amounts of energy to produce.</p> <p>The point is that you may hope BERR would have a plan for coping with oil at $200 or $300 a barrel in a few years' time, or a physical shortage (remember the fuel protests of 2000?). As my colleague George Monbiot noted last week, when asked about peak oil, BERR also quotes the International Energy Agency as saying the peak won't be till 2030. But the IEA doesn't say that any more - it has said there is a great deal of uncertainty about the issue.</p> <p>So you might think BERR would have a Plan A in case peak oil is upon us. But no, they don't want to work on a contingency plan in case news gets out about what they are doing and causes a panic.</p> <p>That panic, though, would be nothing compared to the panic if oil starts to run short. If I were BERR I would be having a dash for renewables. They plan to subsidise nuclear power for decades to come so why not bung some money at proper green energy that won't need subsidy for very long?</p>",
      "newspaperPageNumber": "26",
      "wordcount": "1186",
      "commentable": "false",
      "isPremoderated": "false",
      "lastModified": "2018-02-14T20:16:12Z",
      "newspaperEditionDate": "2008-02-18T00:00:00Z",
      "productionOffice": "UK",
      "publication": "The Guardian",
      "shortUrl": "https://gu.com/p/x3fy6",
      "shouldHideAdverts": "false",
      "showInRelatedContent": "true",
      "legallySensitive": "false",
      "lang": "en",
      "bodyText": "You'd hope, wouldn't you, that the government department responsible for energy to heat our homes, power our cars and so on would be on top of two key issues - a switch to a low-carbon economy and the possibility that oil might run out sooner than we thought. Both these issues should concern us greatly and, indeed, there is growing discussion of them everywhere. But, the Department of Business As Usual (DBERR) doesn't seem to be on the case at all. It spends most of its time pointlessly changing its name (from the Department for Trade and Industry, you will recall) or changing ministers so often that few have time to get their feet under the desk before they are gone. Ed Matthew of Friends of the Earth puts it bluntly. \"BERR [the department has inexplicably even dropped the D] is not fit to govern. They should all be sacked.\" That may sound a bit harsh but you have to wonder whether he has a point. First, renewable energy. The figures we uncovered last week were shocking. BERR is set to under spend the paltry \u00a318m in domestic grants of its low carbon buildings programme by \u00a310m over the three years to March 2009. This in spite of strong demand for renewables among the general public. How bad is the situation? Well, BERR handed out grants for part of the cost of fitting solar photovoltaic systems covering only 270 houses last year. The Germans fitted 130,000. We have a total installed capacity (including commercial) of 16 Megawatt peak (Mwp). They have 3,800 Mwp. But even worse, during the year the pace of grant-giving slowed. Last May BERR simply slashed the grants and made them more difficult to get. The result, entirely predictably, was a collapse. Throughout much of 2006, for example, it was making 30-40 grants a month for ground source heat pumps. In the last three months of 2007, no such grants were made. There is a similar decline for solar thermal (hot water) and micro wind turbines. Not a single grant was allocated for a domestic solar PV system last month while the Germans installed about 12,000 systems. Malcolm Wicks, BERR's energy minister, recently acknowledged that Britain needed a \"revolution\" to have any chance of raising the share of its energy derived from renewables to 15% by 2020, as the EU demanded last month, from 2% - the lowest in the EU after Malta and Luxembourg. It's important to remember, though, that the EU wants 20% of its energy from renewables by 2020 but allowed Britain to shave that to 15%. Thank goodness the EU has set a demanding target. So why is Wicks still trying to claim that Britain is showing \"leadership\" on renewables? The UK has about 40% of the EU's wind, yet only 10% of the installed wind capacity of Germany. Sorry to go on about this but it really does bear repeating. German revolution I am hearing, though, that many branches of government are fed up with the situation and are putting pressure on BERR to get real with its policies, particularly regarding the feed-in tariff (FIT) behind Germany's renewables revolution that has been copied in so many other countries. This works by rewarding those who produce power from wind or solar power with an above-market payment guaranteed for 20 years. The additional cost is spread across all power users, since the saving in carbon is shared by all. It is a market-supporting mechanism since the FIT is reduced slightly each year for new projects as increasing scale reduces the cost of the equipment (a solar PV system in Germany, for example, now costs half the UK level). A properly designed FIT rewards early adaptors, helps kick-start a new industry and creates jobs. The German PV industry added 10,000 jobs last year. Friends of the Earth want the chancellor, Alistair Darling, to put tackling climate change at the heart of next month's budget. They want a FIT for households and businesses generating their own power and a top-up of the LCBP to \u00a31bn a year to meet half the cost of any renewables anybody wants to fit. The Treasury, after all, commissioned Lord Stern to write his review of the economics of climate change in 2006. He recommended spending 1% of gross domestic product each year, straight away, to combat climate change. That would be \u00a313-14bn in the UK's case. So \u00a31bn in the LCBP is not a lot to ask. Another key reason to push for a dash for renewables is energy security. There is a growing fear among academics and many in the oil industry, that oil may be running out quicker than we thought. I used to write about the oil industry 15 years ago and more and back then the conventional wisdom was that \"peak oil\" theories had been right about US oil production but were fantasy for the world as a whole. As soon as the oil price rose, went the argument, producers would spend more on getting oil out of the ground. Well, oil prices have been rising for about a decade. They've gone up 500% roughly. That's a lot. You might expect that, even allowing for the lags in developing new fields, supply might have responded by now. This is basic economics. Argument But it hasn't, not really. We are stuck at about 85m barrels a day in global production. And the output of the oil majors Exxon, Shell and BP fell last year! I don't want to get into an argument about whether peak oil is upon us but you have to admit that it could be. After all, UK oil production peaked at 3.2m bpd in 1999 and has since halved. Dirty tar sands in Alberta could perhaps produce 3m bpd (Canadian estimates, not mine), but that's not going to be enough. Not that it ever should be dug out - it's filthy stuff that requires huge amounts of energy to produce. The point is that you may hope BERR would have a plan for coping with oil at $200 or $300 a barrel in a few years' time, or a physical shortage (remember the fuel protests of 2000?). As my colleague George Monbiot noted last week, when asked about peak oil, BERR also quotes the International Energy Agency as saying the peak won't be till 2030. But the IEA doesn't say that any more - it has said there is a great deal of uncertainty about the issue. So you might think BERR would have a Plan A in case peak oil is upon us. But no, they don't want to work on a contingency plan in case news gets out about what they are doing and causes a panic. That panic, though, would be nothing compared to the panic if oil starts to run short. If I were BERR I would be having a dash for renewables. They plan to subsidise nuclear power for decades to come so why not bung some money at proper green energy that won't need subsidy for very long?",
      "charCount": "6540"
    },
    "isHosted": false,
    "pillarId": "pillar/news",
    "pillarName": "News"
  },
  {
    "id": "commentisfree/2008/feb/18/backingkazakhstansgreatgame",
    "type": "article",
    "sectionId": "commentisfree",
    "sectionName": "Opinion",
    "webPublicationDate": "2008-02-18T09:00:00Z",
    "webTitle": "Backing Kazakhstan's 'great game'",
    "webUrl": "https://www.theguardian.com/commentisfree/2008/feb/18/backingkazakhstansgreatgame",
    "apiUrl": "https://content.guardianapis.com/commentisfree/2008/feb/18/backingkazakhstansgreatgame",
    "fields": {
      "headline": "Backing Kazakhstan's 'great game'",
      "standfirst": "The European Union has a limited time to help Kazakhstan become a western ally and benefit from the country's oil and gas resources",
      "trailText": "<p><strong>Charles Tannock:</strong> The European Union has a limited time to help Kazakhstan become a western ally and benefit from the country's oil and gas resources</p>",
      "byline": "Charles Tannock",
      "main": "",
      "body": "<p>Those who oppose western rapprochement with Kazakhstan cite the country's lack of political and human rights. But, while Kazakhstan has not gone down the \"colour revolution\" route to democracy that other post-Soviet republics such as Ukraine and Georgia have followed, its timidity about reform does not justify isolation.</p> <p>After all, the west is not deterred in the slightest from dealing with authoritarian Russia and communist China. Moreover, Kazakhstan, though a Muslim majority country, has established the type of secular, multi-ethnic, and multi religious polity that the west is seeking to encourage throughout the Muslim world.</p> <p>But the principal reasons for the west not to isolate Kazakhstan are geo-strategic. The Kazakhs are keen to sell their <a href=\"http://www.ft.com/cms/s/0/f96c6c04-db2e-11dc-9fdd-0000779fd2ac.html\">oil and gas</a> to the west at the very moment that the European Union is anxious to shed its dependence on Russian supplies. Yet the window of opportunity for an EU-Kazakh partnership may be closing.</p> <p>Kazakhstan's historical ties to Russia and its geographical proximity to China have caused a keen competition between those two countries for influence. It is vital that Europe joins in this \"great game\" for influence and draws Kazakhstan's political orientation westwards.</p> <p>There are signs that Europe is finally waking up to the possibilities that Kazakhstan offers. Indeed, two recent developments may help anchor Kazakhstan as a western ally. The first is the country's election to the annual rotating chairmanship of the Organisation for Security and Cooperation in Europe (<a href=\"http://www.inform.kz/showarticle.php?lang=eng&amp;id=160645\">OSCE</a>) in 2010.</p> <p>Kazakhstan had lobbied for years for this opportunity in the face of fierce opposition from Britain and other EU countries. Its selection to lead the OSCE is seen as a reward for President Nursultan Nazarbayev's policy of engagement with the west. Russia is deeply suspicious of the OSCE - the Kremlin recently restricted the number of OSCE observers for <a href=\"http://www.jamestown.org/edm/article.php?article_id=2372548\">Russian elections</a> - so Kazakhstan's future stewardship hints that the Kazahks are anxious to move closer to the west, and unafraid to challenge their former masters in the Kremlin.</p> <p>In the long term, the European neighbourhood policy (<a href=\"http://ec.europa.eu/world/enp/index_en.htm\">ENP</a>), the EU's blueprint for relations with states on its periphery, offers the best chance for nurturing this relationship. The ENP is designed to forge a \"circle of friends\" around the EU based on shared interests in security, economic development, the rule of law, and respect for human rights.</p> <p>The European parliament has, for now, rejected the idea that Kazakhstan could one day become an ENP member. But this narrowness of vision will have to be overcome if Kazakhstan is not to be lured into either the Chinese or Russian orbits.</p> <p>Kazakhstan is a suitable partner for the ENP in every respect. The country's southwest edge is on the same longitude as the countries of the south Caucasus and Turkey, all of which are already ENP countries, or in the case of Turkey, an EU candidate. This alone makes a strong geographical case for Kazakhstan's ENP status.</p> <p>There are of course concerns about freedom of speech and a lack of media diversity, but conditions in Kazakhstan are no worse than in, say, Azerbaijan, its ethnic Turkic cousin, which is fully in the ENP. Moreover, Kazakhstan is already in formal talks with the EU about human rights issues.</p> <p>But it is Kazakhstan's strong secular tradition, inherited from its Soviet past, and a very large European Christian minority (approximately 40% of its 15.2 million people) that make it a society that the west needs to encourage, given the Islamic arc of instability upon which it sits. Drawing Kazakhstan westward would help embed this secular tradition.</p> <p>The challenge is clear. Russia and China will not wait for the EU to make up its mind about whether Kazakhstan is a worthy partner. Kazakhstan already plays a key role in the Shanghai cooperation organisation (SCO), a group that comprises Central Asian countries, along with Russia and China. The SCO focuses on regional security, economic ties, and cultural cohesion in much the same way as the OSCE and EU do.</p> <p>There is little doubt that the SCO is an instrument for Russia and China to make the case for a multi-polar world based on regional security blocs that counterbalance American strategic hegemony. It would therefore be tragic if the EU missed the opportunity to tie Kazakhstan firmly to the west. There may not be many more chances.</p> <p><em>In cooperation with <a href=\"http://www.project-syndicate.org\">Project Syndicate</a>, 2008.</em></p>",
      "wordcount": "724",
      "commentCloseDate": "2008-02-20T09:00:00Z",
      "commentable": "true",
      "isPremoderated": "false",
      "lastModified": "2008-02-18T09:00:00Z",
      "newspaperEditionDate": "2008-02-18T00:00:00Z",
      "productionOffice": "UK",
      "publication": "theguardian.com",
      "shortUrl": "https://gu.com/p/xcxqn",
      "shouldHideAdverts": "false",
      "showInRelatedContent": "true",
      "legallySensitive": "false",
      "lang": "en",
      "bodyText": "Those who oppose western rapprochement with Kazakhstan cite the country's lack of political and human rights. But, while Kazakhstan has not gone down the \"colour revolution\" route to democracy that other post-Soviet republics such as Ukraine and Georgia have followed, its timidity about reform does not justify isolation. After all, the west is not deterred in the slightest from dealing with authoritarian Russia and communist China. Moreover, Kazakhstan, though a Muslim majority country, has established the type of secular, multi-ethnic, and multi religious polity that the west is seeking to encourage throughout the Muslim world. But the principal reasons for the west not to isolate Kazakhstan are geo-strategic. The Kazakhs are keen to sell their oil and gas to the west at the very moment that the European Union is anxious to shed its dependence on Russian supplies. Yet the window of opportunity for an EU-Kazakh partnership may be closing. Kazakhstan's historical ties to Russia and its geographical proximity to China have caused a keen competition between those two countries for influence. It is vital that Europe joins in this \"great game\" for influence and draws Kazakhstan's political orientation westwards. There are signs that Europe is finally waking up to the possibilities that Kazakhstan offers. Indeed, two recent developments may help anchor Kazakhstan as a western ally. The first is the country's election to the annual rotating chairmanship of the Organisation for Security and Cooperation in Europe (OSCE) in 2010. Kazakhstan had lobbied for years for this opportunity in the face of fierce opposition from Britain and other EU countries. Its selection to lead the OSCE is seen as a reward for President Nursultan Nazarbayev's policy of engagement with the west. Russia is deeply suspicious of the OSCE - the Kremlin recently restricted the number of OSCE observers for Russian elections - so Kazakhstan's future stewardship hints that the Kazahks are anxious to move closer to the west, and unafraid to challenge their former masters in the Kremlin. In the long term, the European neighbourhood policy (ENP), the EU's blueprint for relations with states on its periphery, offers the best chance for nurturing this relationship. The ENP is designed to forge a \"circle of friends\" around the EU based on shared interests in security, economic development, the rule of law, and respect for human rights. The European parliament has, for now, rejected the idea that Kazakhstan could one day become an ENP member. But this narrowness of vision will have to be overcome if Kazakhstan is not to be lured into either the Chinese or Russian orbits. Kazakhstan is a suitable partner for the ENP in every respect. The country's southwest edge is on the same longitude as the countries of the south Caucasus and Turkey, all of which are already ENP countries, or in the case of Turkey, an EU candidate. This alone makes a strong geographical case for Kazakhstan's ENP status. There are of course concerns about freedom of speech and a lack of media diversity, but conditions in Kazakhstan are no worse than in, say, Azerbaijan, its ethnic Turkic cousin, which is fully in the ENP. Moreover, Kazakhstan is already in formal talks with the EU about human rights issues. But it is Kazakhstan's strong secular tradition, inherited from its Soviet past, and a very large European Christian minority (approximately 40% of its 15.2 million people) that make it a society that the west needs to encourage, given the Islamic arc of instability upon which it sits. Drawing Kazakhstan westward would help embed this secular tradition. The challenge is clear. Russia and China will not wait for the EU to make up its mind about whether Kazakhstan is a worthy partner. Kazakhstan already plays a key role in the Shanghai cooperation organisation (SCO), a group that comprises Central Asian countries, along with Russia and China. The SCO focuses on regional security, economic ties, and cultural cohesion in much the same way as the OSCE and EU do. There is little doubt that the SCO is an instrument for Russia and China to make the case for a multi-polar world based on regional security blocs that counterbalance American strategic hegemony. It would therefore be tragic if the EU missed the opportunity to tie Kazakhstan firmly to the west. There may not be many more chances. In cooperation with Project Syndicate, 2008.",
      "charCount": "4432"
    },
    "isHosted": false,
    "pillarId": "pillar/opinion",
    "pillarName": "Opinion"
  },
  {
    "id": "commentisfree/2008/feb/18/northernrock.alistairdarling",
    "type": "article",
    "sectionId": "commentisfree",
    "sectionName": "Opinion",
    "webPublicationDate": "2008-02-18T00:03:07Z",
    "webTitle": "Martin Jacques: Northern Rock's rescue is part of a geopolitical sea change",
    "webUrl": "https://www.theguardian.com/commentisfree/2008/feb/18/northernrock.alistairdarling",
    "apiUrl": "https://content.guardianapis.com/commentisfree/2008/feb/18/northernrock.alistairdarling",
    "fields": {
      "headline": "Northern Rock's rescue is part of a geopolitical sea change",
      "standfirst": "This is no blip. The global economic crisis will burst the bubble of free-market doctrine and force states to take a more active role",
      "trailText": "<p><strong>Martin Jacques:</strong> This is no blip. The global economic crisis will burst the bubble of free-market doctrine and force states to take a more active role</p>",
      "byline": "Martin Jacques",
      "main": "",
      "body": "<p>The world is holding its breath, still trying to grasp the potential enormity of what is unfolding. Economic downturns and stock market crashes are hardly unfamiliar, of course, even if a decade or so seems a long time ago for western consumers habituated to rising house prices and non-stop shopping. But this crisis threatens to be rather different, a Big One. Already it has forced the government to engage in what has been a heresy for almost three decades: nationalisation. Major crises such as the Northern Rock debacle are not matters of punctuation or pauses for reflection, but defining historical moments, marking the end of one era and the beginning of another. The 1970s was a classic case, as huge oil price hikes fed an inflationary spiral that brought both the long boom and the postwar welfare consensus to an end, and led to the rise of neoliberalism and deregulation. </p> <p>This crisis, however, threatens to be even more fundamental. While the 1973 gyrations were the result of a temporary shift of power from the industrial world to Opec, the underlying cause this time is permanent and far-reaching - a fundamental shift in power from the developed world to the developing world, and above all China and India. We have not witnessed anything like this since the inception of the west as an industrial powerhouse in the 19th century. </p> <p>The economic and political consequences will be of such a scale that they are impossible to comprehend. The present crisis has been long in the making, even if it has been obscured by the US spending over a decade in denial, as illustrated by the absurd post-9/11 neoconservative hubris about America becoming a latter-day Rome and the failure to address the growing imbalances between the US as a huge over-spender and East Asia as a massive saver. </p> <p>There are two conclusions that we can draw from the economic crisis that began last August and might, in some form or another, last for a prolonged period. First, it heralds a major reduction in the global economic and political influence of the US, rather in the manner that the 1931 crisis announced the final and belated end of Britain's global economic supremacy. Fundamental systemic crises are often associated with the decline of the dominant imperial power and its increasing inability to sustain the system over which it had previously presided. The profound instability of the interwar period owed much to Britain's inability to maintain its role. </p> <p>The present crisis, at root, is a consequence of the economic decline of the US and its increasing weakness at the apex of an international financial system of which it was the architect and chief beneficiary. This is most clearly expressed in the US's chronic balance of payments deficit and its long-term dependence on East Asian inward capital flows to shore up the value of the dollar. Perhaps the present turmoil will ease, but in truth the old arrangements are now coming apart and, in anything other than the short term, seem patently unsustainable. We are entering a period of protracted instability as the old order breaks down, the US seeks to resist change and the world embarks on a conflictual and painful passage towards a new global economic order.</p> <p>The second conclusion is that the political consequences of this shift will be enormous. The interwar crisis led to the second world war and the birth of Keynesianism. The less significant Opec crisis of the 1970s destroyed the social-democratic consensus and led to the triumph of neoliberalism. And this time? One thing seems certain: the neoliberal orthodoxy will be undermined. This could come in many different forms. It could lead to a rise of protectionism in the US and Europe against developing countries such as China, or new regulations designed to prevent sovereign wealth funds from taking over what are deemed key strategic assets. </p> <p>When the free market and deregulation are the means by which the western world extends its global economic power over the developing world, then they are deemed highly virtuous, but it is a different matter when they become the instrument by which developing countries can extend their influence over western economies. Similarly, during a recession the state is likely to be called into active service on a far more regular basis as western governments seek to deal with the mushrooming effects of market failure. It is not an accident that developing countries - virtually the whole of East Asia, for example - view the role of the state in a far more interventionist way than does the Anglo-Saxon world. Laissez-faire and free markets are the favoured means of the powerful and privileged. The decline of the western world could well usher in a significant change in this mind-set.</p> <p>How will our own political elite respond to these changes? At best, very belatedly. Thatcherism, after all, was native to this country, a response to the 1970s crisis, and it has subsequently shaped the outlook of the governing elite to a greater extent than anywhere else apart from the US. To this day that elite remains shackled by its logic and assumptions. A classic illustration of this has been the timidity and cowardice of the government in the face of Northern Rock - the first domestic political challenge of the new global crisis. The Tories engaged in a similar knee-jerk response: the only voice of reason was provided by then acting Liberal Democrat leader Vincent Cable, who rose above the prevailing fear and prejudice, and had the courage from the outset to think outside of the ideological box. Finally, the government now seems to have come round to his view.</p> <p>The political terrain is shifting. Attitudes towards the US are a case in point. The move towards neoliberalism in Britain was intimately bound up with the embrace of the US as the country to be aped and copied. The American model was celebrated by Thatcherites and New Labour alike, California worshipped as the model of the future, \"Anglo-Saxon\" embalmed as the fitting metaphor for the shared Anglo-American legacy, Europe denigrated and the rest of the world ignored. How perceptions of the US have changed: a country living beyond its means, dependent on large helpings of Asian credit, characterised by huge inequalities, its great financial institutions guilty of huge folly, forced to rely for their salvation on the sovereign wealth funds of China and elsewhere. And, remember, we are only at the very beginning of the biggest geopolitical shift since the dawn of the industrial era.</p> <p><strong>\u00b7</strong> Martin Jacques is visiting research fellow at the Asia research centre, London School of Economics <br><a href=\"mailto:martinjacques@aol.com\">martinjacques@aol.com</a></p>",
      "newspaperPageNumber": "29",
      "wordcount": "1108",
      "commentable": "true",
      "isPremoderated": "false",
      "lastModified": "2017-05-25T11:08:59Z",
      "newspaperEditionDate": "2008-02-18T00:00:00Z",
      "productionOffice": "UK",
      "publication": "The Guardian",
      "shortUrl": "https://gu.com/p/x3fmh",
      "shouldHideAdverts": "false",
      "showInRelatedContent": "true",
      "legallySensitive": "false",
      "lang": "en",
      "bodyText": "The world is holding its breath, still trying to grasp the potential enormity of what is unfolding. Economic downturns and stock market crashes are hardly unfamiliar, of course, even if a decade or so seems a long time ago for western consumers habituated to rising house prices and non-stop shopping. But this crisis threatens to be rather different, a Big One. Already it has forced the government to engage in what has been a heresy for almost three decades: nationalisation. Major crises such as the Northern Rock debacle are not matters of punctuation or pauses for reflection, but defining historical moments, marking the end of one era and the beginning of another. The 1970s was a classic case, as huge oil price hikes fed an inflationary spiral that brought both the long boom and the postwar welfare consensus to an end, and led to the rise of neoliberalism and deregulation. This crisis, however, threatens to be even more fundamental. While the 1973 gyrations were the result of a temporary shift of power from the industrial world to Opec, the underlying cause this time is permanent and far-reaching - a fundamental shift in power from the developed world to the developing world, and above all China and India. We have not witnessed anything like this since the inception of the west as an industrial powerhouse in the 19th century. The economic and political consequences will be of such a scale that they are impossible to comprehend. The present crisis has been long in the making, even if it has been obscured by the US spending over a decade in denial, as illustrated by the absurd post-9/11 neoconservative hubris about America becoming a latter-day Rome and the failure to address the growing imbalances between the US as a huge over-spender and East Asia as a massive saver. There are two conclusions that we can draw from the economic crisis that began last August and might, in some form or another, last for a prolonged period. First, it heralds a major reduction in the global economic and political influence of the US, rather in the manner that the 1931 crisis announced the final and belated end of Britain's global economic supremacy. Fundamental systemic crises are often associated with the decline of the dominant imperial power and its increasing inability to sustain the system over which it had previously presided. The profound instability of the interwar period owed much to Britain's inability to maintain its role. The present crisis, at root, is a consequence of the economic decline of the US and its increasing weakness at the apex of an international financial system of which it was the architect and chief beneficiary. This is most clearly expressed in the US's chronic balance of payments deficit and its long-term dependence on East Asian inward capital flows to shore up the value of the dollar. Perhaps the present turmoil will ease, but in truth the old arrangements are now coming apart and, in anything other than the short term, seem patently unsustainable. We are entering a period of protracted instability as the old order breaks down, the US seeks to resist change and the world embarks on a conflictual and painful passage towards a new global economic order. The second conclusion is that the political consequences of this shift will be enormous. The interwar crisis led to the second world war and the birth of Keynesianism. The less significant Opec crisis of the 1970s destroyed the social-democratic consensus and led to the triumph of neoliberalism. And this time? One thing seems certain: the neoliberal orthodoxy will be undermined. This could come in many different forms. It could lead to a rise of protectionism in the US and Europe against developing countries such as China, or new regulations designed to prevent sovereign wealth funds from taking over what are deemed key strategic assets. When the free market and deregulation are the means by which the western world extends its global economic power over the developing world, then they are deemed highly virtuous, but it is a different matter when they become the instrument by which developing countries can extend their influence over western economies. Similarly, during a recession the state is likely to be called into active service on a far more regular basis as western governments seek to deal with the mushrooming effects of market failure. It is not an accident that developing countries - virtually the whole of East Asia, for example - view the role of the state in a far more interventionist way than does the Anglo-Saxon world. Laissez-faire and free markets are the favoured means of the powerful and privileged. The decline of the western world could well usher in a significant change in this mind-set. How will our own political elite respond to these changes? At best, very belatedly. Thatcherism, after all, was native to this country, a response to the 1970s crisis, and it has subsequently shaped the outlook of the governing elite to a greater extent than anywhere else apart from the US. To this day that elite remains shackled by its logic and assumptions. A classic illustration of this has been the timidity and cowardice of the government in the face of Northern Rock - the first domestic political challenge of the new global crisis. The Tories engaged in a similar knee-jerk response: the only voice of reason was provided by then acting Liberal Democrat leader Vincent Cable, who rose above the prevailing fear and prejudice, and had the courage from the outset to think outside of the ideological box. Finally, the government now seems to have come round to his view. The political terrain is shifting. Attitudes towards the US are a case in point. The move towards neoliberalism in Britain was intimately bound up with the embrace of the US as the country to be aped and copied. The American model was celebrated by Thatcherites and New Labour alike, California worshipped as the model of the future, \"Anglo-Saxon\" embalmed as the fitting metaphor for the shared Anglo-American legacy, Europe denigrated and the rest of the world ignored. How perceptions of the US have changed: a country living beyond its means, dependent on large helpings of Asian credit, characterised by huge inequalities, its great financial institutions guilty of huge folly, forced to rely for their salvation on the sovereign wealth funds of China and elsewhere. And, remember, we are only at the very beginning of the biggest geopolitical shift since the dawn of the industrial era. \u00b7 Martin Jacques is visiting research fellow at the Asia research centre, London School of Economics martinjacques@aol.com",
      "charCount": "6646"
    },
    "isHosted": false,
    "pillarId": "pillar/opinion",
    "pillarName": "Opinion"
  }
]