[
  {
    "id": "environment/2008/apr/01/biofuels.energy",
    "type": "article",
    "sectionId": "environment",
    "sectionName": "Environment",
    "webPublicationDate": "2008-03-31T23:44:01Z",
    "webTitle": "Demands for crackdown on biofuels scam",
    "webUrl": "https://www.theguardian.com/environment/2008/apr/01/biofuels.energy",
    "apiUrl": "https://content.guardianapis.com/environment/2008/apr/01/biofuels.energy",
    "fields": {
      "headline": "Demands for crackdown on biofuels scam",
      "standfirst": "US 'splash and dash' loophole undermines climate change fight",
      "trailText": "<p>EU urged to take action to stop a trading loophole that flouts the spirit of producing green fuel by transporting it needlessly across the Atlantic</p>",
      "byline": "Terry Macalister",
      "main": "<figure class=\"element element-image\" data-media-id=\"gu-image-333327856\"> <img src=\"http://static.guim.co.uk/sys-images/Guardian/Pix/pictures/2008/03/24/sugar11a.jpg\" alt=\"Trucks are loaded with sugar cane, which will be used to produce biofuels, in Brazil\" width=\"460\" height=\"276\" class=\"gu-image\" /> <figcaption> <span class=\"element-image__caption\">Trucks are loaded with sugar cane, which will be used to produce biofuels, in Brazil. Photograph: Paulo Whitaker/Reuters</span> </figcaption> </figure>",
      "body": "<p>The EU is being urged to take action to stop a biofuel trading scam that exploits US agricultural subsidies and undermines the fight against global warming.</p> <p>Up to 10% of biofuel exports from the US to Europe are believed to be part of the rogue scheme reaping big profits for agricultural trading firms.</p> <p>The \"splash and dash\" scam involves shipping biodiesel from Europe to the US where a dash of fuel is added, allowing traders to claim 11p a litre of US subsidy for the entire cargo. It is then shipped back and sold below domestic prices, undercutting Europe's biofuel industry.</p> <p>The trade is not illegal, but flouts the spirit of producing green fuel by transporting it needlessly across the Atlantic at a time when campaigners are voicing concern about emissions from global shipping.</p> <p>The producers' body, the European Biodiesel Board, has uncovered the trade as part of its investigation into why British, German and Spanish producers are in financial trouble at a time when biodiesel prices remain high. The board will call for retaliatory action against the US over subsidies for its leading biofuel. </p> <p>Biofuels are plant-based oils from crops such as soy and corn. They are expensive to produce but have become relatively cheaper as the price of crude oil has risen to more than $100 a barrel. It is estimated that 10% of the 1m tonnes of biodiesel exported from the US to Europe is part of the splash and dash trade.</p> <p>Doug Ward, director of a Scottish biofuel company and British representative on the board, said a full report on the impact of US fuels would be finalised within days. It is expected to recommend that the European commission initiate an anti-dumping action against Washington for the subsidy. \"We could have sold our product cheaper if we took it over to the US and brought it back,\" he said. \"No one is doing anything illegal, but environmentally it's a disaster,\" he said. The cheap cost of shipping makes the trade profitable for those involved.</p> <p>Ian Waller, a biofuel consultant at the firm FiveBarGate said he visited the southern states of the US last October and spoke to firms about splash and dash. </p> <p>\"You get the subsidy for the act of blending, so people are bringing boats of soy or palm-based biodiesel from Europe and then mixing it with a bit of local biodiesel - or even fossil-fuel diesel - and then shipping it back,\" he said. US producers worried about the trade also call it the U-boat trade because vessels arrive and then almost immediately return, he said.</p> <p>Andrew Owens, chief executive of Greenergy, a biofuel supplier part-owned by Tesco, said his company was doing all it could to eliminate the rogue practice. \"We are rigorous about our supply chain and careful about where we source bioethanol and biodiesel, but it can always sneak in if we have to buy a one-off cargo in Rotterdam to fill a gap ... We try and avoid splash and dash at all costs,\" he said.</p> <p>The European Biodiesel Board has been encouraged to act against subsidised US exports of biofuel because Britain and other European countries have complained that their industries are being destroyed. Producers are concerned the US is flooding the market with subsidised fuel when facilities are standing empty in Germany. D1 Oils, a Teesside-based biofuel business, is considering halving its workforce due to the problems caused by US imports. </p> <p>A competitor, Biofuels Corporation, was taken off the stock market after suffering its own problems, but BP said it was pressing ahead with a biobutanol plant at Hull in cooperation with Associated British Foods. </p> <p>In a fortnight Britain will introduce demands that 2.5% of all petrol and diesel is made up of non-carbon fuels. The rules will require companies to provide information about sourcing their biodiesel, potentially cutting out splash and dash.</p>",
      "newspaperPageNumber": "1",
      "wordcount": "645",
      "commentable": "false",
      "isPremoderated": "false",
      "lastModified": "2018-02-14T20:14:45Z",
      "newspaperEditionDate": "2008-04-01T00:00:00Z",
      "productionOffice": "UK",
      "publication": "The Guardian",
      "shortUrl": "https://gu.com/p/xat6f",
      "shouldHideAdverts": "false",
      "showInRelatedContent": "true",
      "legallySensitive": "false",
      "lang": "en",
      "bodyText": "The EU is being urged to take action to stop a biofuel trading scam that exploits US agricultural subsidies and undermines the fight against global warming. Up to 10% of biofuel exports from the US to Europe are believed to be part of the rogue scheme reaping big profits for agricultural trading firms. The \"splash and dash\" scam involves shipping biodiesel from Europe to the US where a dash of fuel is added, allowing traders to claim 11p a litre of US subsidy for the entire cargo. It is then shipped back and sold below domestic prices, undercutting Europe's biofuel industry. The trade is not illegal, but flouts the spirit of producing green fuel by transporting it needlessly across the Atlantic at a time when campaigners are voicing concern about emissions from global shipping. The producers' body, the European Biodiesel Board, has uncovered the trade as part of its investigation into why British, German and Spanish producers are in financial trouble at a time when biodiesel prices remain high. The board will call for retaliatory action against the US over subsidies for its leading biofuel. Biofuels are plant-based oils from crops such as soy and corn. They are expensive to produce but have become relatively cheaper as the price of crude oil has risen to more than $100 a barrel. It is estimated that 10% of the 1m tonnes of biodiesel exported from the US to Europe is part of the splash and dash trade. Doug Ward, director of a Scottish biofuel company and British representative on the board, said a full report on the impact of US fuels would be finalised within days. It is expected to recommend that the European commission initiate an anti-dumping action against Washington for the subsidy. \"We could have sold our product cheaper if we took it over to the US and brought it back,\" he said. \"No one is doing anything illegal, but environmentally it's a disaster,\" he said. The cheap cost of shipping makes the trade profitable for those involved. Ian Waller, a biofuel consultant at the firm FiveBarGate said he visited the southern states of the US last October and spoke to firms about splash and dash. \"You get the subsidy for the act of blending, so people are bringing boats of soy or palm-based biodiesel from Europe and then mixing it with a bit of local biodiesel - or even fossil-fuel diesel - and then shipping it back,\" he said. US producers worried about the trade also call it the U-boat trade because vessels arrive and then almost immediately return, he said. Andrew Owens, chief executive of Greenergy, a biofuel supplier part-owned by Tesco, said his company was doing all it could to eliminate the rogue practice. \"We are rigorous about our supply chain and careful about where we source bioethanol and biodiesel, but it can always sneak in if we have to buy a one-off cargo in Rotterdam to fill a gap ... We try and avoid splash and dash at all costs,\" he said. The European Biodiesel Board has been encouraged to act against subsidised US exports of biofuel because Britain and other European countries have complained that their industries are being destroyed. Producers are concerned the US is flooding the market with subsidised fuel when facilities are standing empty in Germany. D1 Oils, a Teesside-based biofuel business, is considering halving its workforce due to the problems caused by US imports. A competitor, Biofuels Corporation, was taken off the stock market after suffering its own problems, but BP said it was pressing ahead with a biobutanol plant at Hull in cooperation with Associated British Foods. In a fortnight Britain will introduce demands that 2.5% of all petrol and diesel is made up of non-carbon fuels. The rules will require companies to provide information about sourcing their biodiesel, potentially cutting out splash and dash.",
      "charCount": "3807"
    },
    "isHosted": false,
    "pillarId": "pillar/news",
    "pillarName": "News"
  },
  {
    "id": "environment/2008/apr/01/biofuels.energy1",
    "type": "article",
    "sectionId": "environment",
    "sectionName": "Environment",
    "webPublicationDate": "2008-03-31T23:11:11Z",
    "webTitle": "Undercut and under fire: UK biofuel feels heat from all sides",
    "webUrl": "https://www.theguardian.com/environment/2008/apr/01/biofuels.energy1",
    "apiUrl": "https://content.guardianapis.com/environment/2008/apr/01/biofuels.energy1",
    "fields": {
      "headline": "Undercut and under fire: UK biofuel feels heat from all sides",
      "standfirst": "Sector faces hostility from competitors and campaigners",
      "trailText": "<p>British biofuels industry faces competition from cheap US imports and hostility from campaigners</p>",
      "byline": "Terry Macalister",
      "main": "",
      "body": "<p>It was barely 18 months ago that the British biofuels industry was surfing on a wave of euphoria. There were almost weekly announcements from companies big and small that they were going to invest heavily in a sector that promised to play an important role in the battle against global warming.</p> <p>On April 15, the sector is to be given an even bigger boost when the government introduces its Renewable Transport Fuels Obligation (RTFO) that requires the station forecourt to supply at least 2.5% a first, later 5%, of its petrol and diesel from plant-based materials at a time when oil prices have soared.</p> <p>But instead of widespread glee, the domestic green fuels sector is in gloom, amid a flood of cheap imports from America. Subsidised US biofuels are threatening to wipe out UK capacity. Meanwhile, opposition grows from environmentalists and independent scientists who fear that biofuels could make climate change worse, not better. </p> <p>There are fears that carbon-absorbing rainforest in countries such as Brazil is being cut down to provide land for fuel crops such as soya and palm and that biofuels crops are displacing land use for food and forcing up the price of staples. The price of wheat has doubled in the past 12 months. </p> <p>Ruth Kelly, the transport minister, recently commissioned the new Renewable Fuels Agency to undertake a review of biofuels. A group of seven campaign groups, including Greenpeace and Oxfam, have called for her to postpone introduction of the RTFO until the benefits had been finally clarified.</p> <p><strong>Activists</strong></p> <p>The Renewable Energy Association says its members are deeply frustrated by the opposition from green activists. \"It does seem to me to be potentially an own goal by the environment movement,\" a spokeswoman said. </p> <p>\"The UK industry has taken on board real concerns and been leading internationally on sustainability and CO2 standards - which are clearly essential elsewhere.</p> <p>\"There are no easy answers in transport and we don't pretend biofuels can be anything more than part of the answer. But the danger now is we are destabilising a technology at early stages of development with real future potential.\" </p> <p>Karl Watkin, the founder and former chairman of D1 Oils, one of the pioneers of the British biofuels sector, resigned his position on the board of the company recently and issued his own broadside at NGOs, governments and the City. He said they were failing to support those who, like him, have been developing sustainable fuels - in D1's case from the jatropha plant. </p> <p>\"Over the past 12 months I have become increasingly frustrated by the inability of the investment community, governments and NGOs to differentiate D1's strategy from that of the suppliers of palm, soya and rapeseed whose biodiesel products have been well documented as being environmentally unsustainable,\" he said.</p> <p><strong>Disastrous</strong></p> <p>Another major British biofuels investor who asked not to be named said postponing the introduction of the RTFO at this stage would be disastrous. \"People like us will not invest if there is no constancy of purpose and policy in Britain, while the global trade in biofuels will just go on regardless of what happens here,\" he said. </p> <p>\"No one believes that it is good to use rainforests or other delicate land to produce biofuels but there is a risk of the good being thrown out with the bad if we put a halt to the RTFO now.\"</p> <p>Phil New, BP's global head of biofuels, agrees: \"Ditching the RTFO would clearly make the UK a much more challenging place to invest in both biofuels manufacturing and research capacity.\"</p> <p>D1 and others are also concerned about US biodiesel with its 11p-a-litre subsidy to undercut British products. </p> <p>Around 1m tonnes of US B99 fuel, biodiesel with 1% petroleum diesel, is exported to Europe each year. Critics believe that some of the B99 is being made using product grown with subsidies in locations such as Argentina. </p> <p>It has also become clear that it is not only US firms that are benefiting, but European firms are also using \"splash and dash\" operations to take biofuels over to America to blend them with small amounts of US biodiesel or even fossil fuels and bring them straight back to Britain and the Continent. </p> <p>Low shipping costs make it worthwhile for those willing to exploit this trade, which is perfectly legal but environmentally damaging. Around 10% of the 1m tonnes of US imports that came into Europe last year is believed to come from splash and dash operations.</p> <p>Ian Waller, a biofuels consultant from the FiveBarGate consultancy in the north-east of England, said: \"My real concern about all this is that it undermines all the work we have been doing in the UK around sustainability. B99 is of completely unknown provenance. A lot of the 1m tonnes of biodiesel being exported out of America to Europe every year is not even locally produced. It could be palm oil from Indonesia or soya from Argentina.\" </p> <p>Waller believes that some of those who were trying to produce sustainable biodiesel in Britain have turned to using B99 or other cheap foreign feedstocks in a bid to stay in business. But other traders are clearly only too happy to feed growing demand with US imports or \"splash and dash\" operations.</p> <p>Watkin said he had raised the problems of B99 with the prime minister, Gordon Brown, when they were on a trade delegation to China. Pointing out that biodiesel gets a 20% sales subsidy in Britain compared with fossil fuels, he added: \"Everyone agrees that this activity is all wrong but no one seems willing to really do anything about it. The reality is, governments have got themselves into a position where they are now supporting subsidies, not the fight against climate change.\"</p> <h2>Explainer: Splash and dash</h2> <p>For Europe's biodiesel producers, \"splash and dash\" is the salt being rubbed into what they see as the already open wound of US subsidies.</p> <p>The industry reckons that around 1m tonnes a year of biodiesel is being imported from the US on the back of generous US subsidies. According to EU industry sources it would cost a European producer $1,625 in soya and $150 in production costs to make one tonne of biodiesel, a total of $1,775. In contrast, they say subsidised biodiesel imported from the US costs $1,400 a tonne. As a result European biodiesel producers are being forced into mothballing their capacity.</p> <p>Biodiesel is also being sent to the US to have a tiny amount of mineral (conventional) diesel added, simply to make it qualify for the US subsidies before it is shipped to Europe. By topping up, for example, a 10m gallon tanker of biodiesel with about 10,000 gallons of mineral diesel in a US port, shippers qualify for the blender's tax credit, worth a dollar a gallon for the whole load - or $10m.</p> <p>Industry sources say that about 10% of imports from the US are accounted for by such splash and dash operations. According to one, splash and dash could have undermined European prices by 10-15%. <br><strong>Mark Milner</strong></p>",
      "newspaperPageNumber": "28",
      "wordcount": "1177",
      "commentable": "false",
      "isPremoderated": "false",
      "lastModified": "2018-02-14T20:14:46Z",
      "newspaperEditionDate": "2008-04-01T00:00:00Z",
      "productionOffice": "UK",
      "publication": "The Guardian",
      "shortUrl": "https://gu.com/p/xat4x",
      "shouldHideAdverts": "false",
      "showInRelatedContent": "true",
      "legallySensitive": "false",
      "lang": "en",
      "bodyText": "It was barely 18 months ago that the British biofuels industry was surfing on a wave of euphoria. There were almost weekly announcements from companies big and small that they were going to invest heavily in a sector that promised to play an important role in the battle against global warming. On April 15, the sector is to be given an even bigger boost when the government introduces its Renewable Transport Fuels Obligation (RTFO) that requires the station forecourt to supply at least 2.5% a first, later 5%, of its petrol and diesel from plant-based materials at a time when oil prices have soared. But instead of widespread glee, the domestic green fuels sector is in gloom, amid a flood of cheap imports from America. Subsidised US biofuels are threatening to wipe out UK capacity. Meanwhile, opposition grows from environmentalists and independent scientists who fear that biofuels could make climate change worse, not better. There are fears that carbon-absorbing rainforest in countries such as Brazil is being cut down to provide land for fuel crops such as soya and palm and that biofuels crops are displacing land use for food and forcing up the price of staples. The price of wheat has doubled in the past 12 months. Ruth Kelly, the transport minister, recently commissioned the new Renewable Fuels Agency to undertake a review of biofuels. A group of seven campaign groups, including Greenpeace and Oxfam, have called for her to postpone introduction of the RTFO until the benefits had been finally clarified. Activists The Renewable Energy Association says its members are deeply frustrated by the opposition from green activists. \"It does seem to me to be potentially an own goal by the environment movement,\" a spokeswoman said. \"The UK industry has taken on board real concerns and been leading internationally on sustainability and CO2 standards - which are clearly essential elsewhere. \"There are no easy answers in transport and we don't pretend biofuels can be anything more than part of the answer. But the danger now is we are destabilising a technology at early stages of development with real future potential.\" Karl Watkin, the founder and former chairman of D1 Oils, one of the pioneers of the British biofuels sector, resigned his position on the board of the company recently and issued his own broadside at NGOs, governments and the City. He said they were failing to support those who, like him, have been developing sustainable fuels - in D1's case from the jatropha plant. \"Over the past 12 months I have become increasingly frustrated by the inability of the investment community, governments and NGOs to differentiate D1's strategy from that of the suppliers of palm, soya and rapeseed whose biodiesel products have been well documented as being environmentally unsustainable,\" he said. Disastrous Another major British biofuels investor who asked not to be named said postponing the introduction of the RTFO at this stage would be disastrous. \"People like us will not invest if there is no constancy of purpose and policy in Britain, while the global trade in biofuels will just go on regardless of what happens here,\" he said. \"No one believes that it is good to use rainforests or other delicate land to produce biofuels but there is a risk of the good being thrown out with the bad if we put a halt to the RTFO now.\" Phil New, BP's global head of biofuels, agrees: \"Ditching the RTFO would clearly make the UK a much more challenging place to invest in both biofuels manufacturing and research capacity.\" D1 and others are also concerned about US biodiesel with its 11p-a-litre subsidy to undercut British products. Around 1m tonnes of US B99 fuel, biodiesel with 1% petroleum diesel, is exported to Europe each year. Critics believe that some of the B99 is being made using product grown with subsidies in locations such as Argentina. It has also become clear that it is not only US firms that are benefiting, but European firms are also using \"splash and dash\" operations to take biofuels over to America to blend them with small amounts of US biodiesel or even fossil fuels and bring them straight back to Britain and the Continent. Low shipping costs make it worthwhile for those willing to exploit this trade, which is perfectly legal but environmentally damaging. Around 10% of the 1m tonnes of US imports that came into Europe last year is believed to come from splash and dash operations. Ian Waller, a biofuels consultant from the FiveBarGate consultancy in the north-east of England, said: \"My real concern about all this is that it undermines all the work we have been doing in the UK around sustainability. B99 is of completely unknown provenance. A lot of the 1m tonnes of biodiesel being exported out of America to Europe every year is not even locally produced. It could be palm oil from Indonesia or soya from Argentina.\" Waller believes that some of those who were trying to produce sustainable biodiesel in Britain have turned to using B99 or other cheap foreign feedstocks in a bid to stay in business. But other traders are clearly only too happy to feed growing demand with US imports or \"splash and dash\" operations. Watkin said he had raised the problems of B99 with the prime minister, Gordon Brown, when they were on a trade delegation to China. Pointing out that biodiesel gets a 20% sales subsidy in Britain compared with fossil fuels, he added: \"Everyone agrees that this activity is all wrong but no one seems willing to really do anything about it. The reality is, governments have got themselves into a position where they are now supporting subsidies, not the fight against climate change.\" Explainer: Splash and dash For Europe's biodiesel producers, \"splash and dash\" is the salt being rubbed into what they see as the already open wound of US subsidies. The industry reckons that around 1m tonnes a year of biodiesel is being imported from the US on the back of generous US subsidies. According to EU industry sources it would cost a European producer $1,625 in soya and $150 in production costs to make one tonne of biodiesel, a total of $1,775. In contrast, they say subsidised biodiesel imported from the US costs $1,400 a tonne. As a result European biodiesel producers are being forced into mothballing their capacity. Biodiesel is also being sent to the US to have a tiny amount of mineral (conventional) diesel added, simply to make it qualify for the US subsidies before it is shipped to Europe. By topping up, for example, a 10m gallon tanker of biodiesel with about 10,000 gallons of mineral diesel in a US port, shippers qualify for the blender's tax credit, worth a dollar a gallon for the whole load - or $10m. Industry sources say that about 10% of imports from the US are accounted for by such splash and dash operations. According to one, splash and dash could have undermined European prices by 10-15%. Mark Milner",
      "charCount": "6907"
    },
    "isHosted": false,
    "pillarId": "pillar/news",
    "pillarName": "News"
  },
  {
    "id": "business/2008/mar/31/britishairwaysbusiness.transport",
    "type": "article",
    "sectionId": "business",
    "sectionName": "Business",
    "webPublicationDate": "2008-03-31T15:31:37Z",
    "webTitle": "T5 debacle could cost BA \u00a320m",
    "webUrl": "https://www.theguardian.com/business/2008/mar/31/britishairwaysbusiness.transport",
    "apiUrl": "https://content.guardianapis.com/business/2008/mar/31/britishairwaysbusiness.transport",
    "fields": {
      "headline": "T5 debacle could cost BA \u00a320m",
      "trailText": "<p>Analysts warn that the Terminal 5 debacle might cost BA \u00a320m and force it to miss profit targets. By <strong>Dan Milmo </strong></p>",
      "byline": "Dan Milmo, Transport correspondent",
      "main": "",
      "body": "<p>British Airways chief executive Willie Walsh was under further pressure from investors today after analysts warned that the Terminal 5 debacle might force the airline to miss profit targets.</p> <p>BA shares were down 1.5% at 236.5p by midday, after steeper falls in the morning, following a number of damaging comments from market watchers. Andrew Fitchie, an analyst at Collins Stewart and a staunch backer of BA, said the \"PR disaster\" of T5's botched opening could cost BA around \u00a320m. BA could also miss its much-trumpeted 10% margin target for the current financial year.</p> <p>\"This cost falls into [full-year] 2008 and makes it now highly unlikely that the 10% margin will be achieved,\" said Fitchie. BA warned last month that 2009 earnings would be hit by the high oil price and margins would be around 7%, a figure some analysts believe is optimistic.</p> <p>Walsh has made the 10% benchmark a key target for BA staff and investors. Failure to reach it is likely to increase the pressure on the BA boss, who has refused to resign over T5's disastrous opening, despite taking personal responsibility for the crisis and admitting that \"the buck stops with me\". Analysts at Citibank said the impact of more than 300 cancelled flights would cost BA up to \u00a325m in lost earnings.</p> <p>Analysts at Goldman Sachs also slashed earnings expectations at BA today, but said the oil price was the main factor as they reduced forecasts for 2009 and 2010 by 43% and 46% respectively.</p> <p>Meanwhile, Air France-KLM said it would hold talks with Heathrow owner BAA after Walsh said BA would review the planned move of its long-haul services from Heathrow Terminal 4 to T5. BA had intended to switch the rest of its flights, including its profitable New York services, to T5 on April 30, but ongoing problems with the baggage system have thrown those plans into doubt. Its Paris-based rival has signed a deal to move into T4 after BA, and airport sources have confirmed that any delay in BA's schedule will have a knock-on effect on other carriers.</p> <p>Pierre-Henri Gourgeon, deputy chief executive of Air France-KLM, the world's largest airline by revenues, said it was \"essential\" that it moved into T4 as planned. </p> <p>\"We will try to understand what are the consequences [of the T5 problems],\" he said. \"I hope for everybody, BA and BAA, that they find rapidly a good solution.\" </p> <p>He said legal action was not yet being considered: \"Before talking about legal action we had better have some discussion with people. It's a moving situation.\"</p>",
      "wordcount": "427",
      "commentable": "false",
      "isPremoderated": "false",
      "lastModified": "2017-06-06T01:21:06Z",
      "newspaperEditionDate": "2008-03-31T00:00:00Z",
      "productionOffice": "UK",
      "publication": "theguardian.com",
      "shortUrl": "https://gu.com/p/xahq7",
      "shouldHideAdverts": "false",
      "showInRelatedContent": "true",
      "legallySensitive": "false",
      "lang": "en",
      "bodyText": "British Airways chief executive Willie Walsh was under further pressure from investors today after analysts warned that the Terminal 5 debacle might force the airline to miss profit targets. BA shares were down 1.5% at 236.5p by midday, after steeper falls in the morning, following a number of damaging comments from market watchers. Andrew Fitchie, an analyst at Collins Stewart and a staunch backer of BA, said the \"PR disaster\" of T5's botched opening could cost BA around \u00a320m. BA could also miss its much-trumpeted 10% margin target for the current financial year. \"This cost falls into [full-year] 2008 and makes it now highly unlikely that the 10% margin will be achieved,\" said Fitchie. BA warned last month that 2009 earnings would be hit by the high oil price and margins would be around 7%, a figure some analysts believe is optimistic. Walsh has made the 10% benchmark a key target for BA staff and investors. Failure to reach it is likely to increase the pressure on the BA boss, who has refused to resign over T5's disastrous opening, despite taking personal responsibility for the crisis and admitting that \"the buck stops with me\". Analysts at Citibank said the impact of more than 300 cancelled flights would cost BA up to \u00a325m in lost earnings. Analysts at Goldman Sachs also slashed earnings expectations at BA today, but said the oil price was the main factor as they reduced forecasts for 2009 and 2010 by 43% and 46% respectively. Meanwhile, Air France-KLM said it would hold talks with Heathrow owner BAA after Walsh said BA would review the planned move of its long-haul services from Heathrow Terminal 4 to T5. BA had intended to switch the rest of its flights, including its profitable New York services, to T5 on April 30, but ongoing problems with the baggage system have thrown those plans into doubt. Its Paris-based rival has signed a deal to move into T4 after BA, and airport sources have confirmed that any delay in BA's schedule will have a knock-on effect on other carriers. Pierre-Henri Gourgeon, deputy chief executive of Air France-KLM, the world's largest airline by revenues, said it was \"essential\" that it moved into T4 as planned. \"We will try to understand what are the consequences [of the T5 problems],\" he said. \"I hope for everybody, BA and BAA, that they find rapidly a good solution.\" He said legal action was not yet being considered: \"Before talking about legal action we had better have some discussion with people. It's a moving situation.\"",
      "charCount": "2496"
    },
    "isHosted": false,
    "pillarId": "pillar/news",
    "pillarName": "News"
  },
  {
    "id": "technology/blog/2008/mar/31/windowsvistaprettierinpink",
    "type": "article",
    "sectionId": "technology",
    "sectionName": "Technology",
    "webPublicationDate": "2008-03-31T11:40:18Z",
    "webTitle": "Windows Vista -- prettier in pink, and cheaper?",
    "webUrl": "https://www.theguardian.com/technology/blog/2008/mar/31/windowsvistaprettierinpink",
    "apiUrl": "https://content.guardianapis.com/technology/blog/2008/mar/31/windowsvistaprettierinpink",
    "fields": {
      "headline": "Windows Vista -- prettier in pink, and cheaper?",
      "standfirst": "Japanese users are being offered a special at what looks like a very low price",
      "trailText": "<p>Japanese users are being offered a special at what looks like a very low price</p>",
      "byline": "Jack Schofield",
      "main": "",
      "body": "<p></p> <p>In the land of <a href=\"http://www.sanrio.com/\">Hello Kitty</a> and pink notebook PCs, Microsoft has produced <a href=\"http://www.microsoft.com/japan/users/vista/haru2008/HPpack.mspx\">a pink special offer</a> for Vista Home Premium: it's bundled with a year of OneCare and a tips and tricks book.</p> <p>Even more interesting is the price. I can't read Japanese, but if it really is 2500 Yen, that's only about $25, or \u00a312.50. The UK recommended price for Home Premium is \u00a3219.99, which is, frankly, silly.</p> <p>If only Microsoft UK would stack up a few shelves with copies of Vista Ultimate at \u00a325 each then it would probably sell a few. Even at \u00a329.99, it would be half the RRP of a boxed copy of Xandros Desktop OS Professional (Linux).</p> <p>Thanks to <a href=\"http://www.istartedsomething.com/20080327/pink-windows-vista-japan/\">Long Zheng</a> for the link.</p>",
      "wordcount": "124",
      "commentCloseDate": "2008-04-07T11:40:18Z",
      "commentable": "true",
      "isPremoderated": "false",
      "lastModified": "2017-02-21T22:06:26Z",
      "newspaperEditionDate": "2008-03-31T00:00:00Z",
      "productionOffice": "UK",
      "publication": "theguardian.com",
      "shortUrl": "https://gu.com/p/2vay9",
      "shouldHideAdverts": "false",
      "showInRelatedContent": "true",
      "legallySensitive": "false",
      "lang": "en",
      "bodyText": "In the land of Hello Kitty and pink notebook PCs, Microsoft has produced a pink special offer for Vista Home Premium: it's bundled with a year of OneCare and a tips and tricks book. Even more interesting is the price. I can't read Japanese, but if it really is 2500 Yen, that's only about $25, or \u00a312.50. The UK recommended price for Home Premium is \u00a3219.99, which is, frankly, silly. If only Microsoft UK would stack up a few shelves with copies of Vista Ultimate at \u00a325 each then it would probably sell a few. Even at \u00a329.99, it would be half the RRP of a boxed copy of Xandros Desktop OS Professional (Linux). Thanks to Long Zheng for the link.",
      "charCount": "647"
    },
    "isHosted": false,
    "pillarId": "pillar/news",
    "pillarName": "News"
  },
  {
    "id": "theguardian/2008/mar/31/poker",
    "type": "article",
    "sectionId": "sport",
    "sectionName": "Sport",
    "webPublicationDate": "2008-03-31T09:30:48Z",
    "webTitle": "Poker: 31.03.2008",
    "webUrl": "https://www.theguardian.com/theguardian/2008/mar/31/poker",
    "apiUrl": "https://content.guardianapis.com/theguardian/2008/mar/31/poker",
    "fields": {
      "headline": "Poker",
      "trailText": "<p><strong>Victoria Coren:</strong> It's easy to go skint playing tournaments. My best advice to new players is: start by learning how to win in cash games. Then use those profits to fund tournament entries and satellites of the appropriate price</p>",
      "byline": "Victoria Coren",
      "main": "",
      "body": "<p>It's easy to go skint playing tournaments. Mike Sexton calls it \"chasing rainbows\". My best advice to new players is: start by learning how to win in cash games. Then use those profits to fund tournament entries and satellites of the appropriate price. Your dream may be to win fortunes and glory, but your goal should be to turn an annual profit.</p> <p>One person who's been doing that for years is Neil \"Bad Beat\" Channing. He is an expert cash player, a big regular winner; but because he gained a high profile without winning a \"major\" tournament, he hasn't always got the respect he deserves.</p> <p>The joy of Neil is that, being very English, he swallows any irritation he feels about being underestimated as a player. His regular internet diaries from the tournament trail are full of self-deprecating humour. Recent classics include, \"I learned a long time ago that you can't eat European ranking points\" and \"We were out of the Brighton tournament by 8pm and left without even stopping for a second lot of haddock and chips (good result, as I was due to pay)\".</p> <p>When he went to the Irish Open in 2007, his valedictory comment was, \"I certainly recommend Easter in Dublin; I just wish I wasn't the egg.\"</p> <p>Well, he wasn't the egg this year. \"Bad Beat\" has just won the 2008 Irish Open, and the \u20ac800,000 that goes with it. This is a victory for patience, modesty, hard work and quiet self-belief; a triumph of karma. I'm confident that the result won't change Neil, and hopeful that a generation of players will follow his example. They should; this is the most popular poker result in British history. Personally, I'm as proud as if I had won it myself.</p>",
      "newspaperPageNumber": "21",
      "wordcount": "294",
      "commentable": "false",
      "isPremoderated": "false",
      "lastModified": "2017-11-25T23:37:30Z",
      "newspaperEditionDate": "2008-03-31T00:00:00Z",
      "productionOffice": "UK",
      "publication": "The Guardian",
      "shortUrl": "https://gu.com/p/xahzj",
      "shouldHideAdverts": "false",
      "showInRelatedContent": "true",
      "legallySensitive": "false",
      "lang": "en",
      "bodyText": "It's easy to go skint playing tournaments. Mike Sexton calls it \"chasing rainbows\". My best advice to new players is: start by learning how to win in cash games. Then use those profits to fund tournament entries and satellites of the appropriate price. Your dream may be to win fortunes and glory, but your goal should be to turn an annual profit. One person who's been doing that for years is Neil \"Bad Beat\" Channing. He is an expert cash player, a big regular winner; but because he gained a high profile without winning a \"major\" tournament, he hasn't always got the respect he deserves. The joy of Neil is that, being very English, he swallows any irritation he feels about being underestimated as a player. His regular internet diaries from the tournament trail are full of self-deprecating humour. Recent classics include, \"I learned a long time ago that you can't eat European ranking points\" and \"We were out of the Brighton tournament by 8pm and left without even stopping for a second lot of haddock and chips (good result, as I was due to pay)\". When he went to the Irish Open in 2007, his valedictory comment was, \"I certainly recommend Easter in Dublin; I just wish I wasn't the egg.\" Well, he wasn't the egg this year. \"Bad Beat\" has just won the 2008 Irish Open, and the \u20ac800,000 that goes with it. This is a victory for patience, modesty, hard work and quiet self-belief; a triumph of karma. I'm confident that the result won't change Neil, and hopeful that a generation of players will follow his example. They should; this is the most popular poker result in British history. Personally, I'm as proud as if I had won it myself.",
      "charCount": "1646"
    },
    "isHosted": false,
    "pillarId": "pillar/sport",
    "pillarName": "Sport"
  }
]