[
  {
    "id": "commentisfree/2008/feb/15/pricecheck",
    "type": "article",
    "sectionId": "commentisfree",
    "sectionName": "Opinion",
    "webPublicationDate": "2008-02-15T19:00:00Z",
    "webTitle": "Price check",
    "webUrl": "https://www.theguardian.com/commentisfree/2008/feb/15/pricecheck",
    "apiUrl": "https://content.guardianapis.com/commentisfree/2008/feb/15/pricecheck",
    "fields": {
      "headline": "Price check",
      "standfirst": "<strong>US elections 2008:</strong> Universal healthcare is a fine goal, but even more pressing is the largely ignored question of how to pay for it",
      "trailText": "<p><strong>Shannon Brownlee:</strong> <strong>US elections 2008:</strong> Universal healthcare is a fine goal, but even more pressing is the largely ignored question of how to pay for it</p>",
      "byline": "Shannon Brownlee",
      "main": "",
      "body": "<p>For American progressives, it's hard to name a more pressing - or long-awaited - goal than achieving universal health coverage. Today, prospects for that goal seem better than they have in years, if not for the fact that the Democratic presidential hopefuls are bickering over the details of how to do it.</p> <p>But obsessing over universal coverage has obscured a far more complex and worrisome problem in our healthcare system, and that is the question of costs.</p> <p>The United States, as we all know by now, spends more per capita on healthcare than any other country on the planet, and by a wide margin. Healthcare costs are going up in all developed nations, but nowhere are they rising faster than in the US. According to the Congressional Budget Office, if healthcare spending continues to increase at current rates, it will eat up 30% of GDP by 2030.</p> <p>This is unsustainable. Between 2001 and 2007, health insurance premiums rose 78%, far faster than workers' earnings, which gained 19% over the same period of time. That bodes ill for workers who are currently covered. When insurance premiums get too expensive, employers simply stop providing health insurance, further swelling the ranks of the uninsured. Any plan that proposes to cover all Americans has to deal with rising costs.</p> <p>What do our presidential candidates have to say about this? Republican frontrunner John McCain claims to be the only candidate telling the truth about healthcare, and his solution is to cut costs first and defer covering the uninsured until that's accomplished. The Democrats, on the other hand, are sidestepping the question of costs in order to focus on coverage. Both approaches are politically expedient, if somewhat disingenuous. As the Clinton administration learned to its regret, Americans are frightened by the idea of trying to solve our cost and coverage problems at the same time. Those who are uninsured simply want to be covered. Those who are covered worry that the only way to bring 45 million people into the system and control costs is either to ration care or take away some of their benefits.</p> <p>The fact is, we need to address both issues, and it's possible to go after them simultaneously without restricting benefits, and without denying anybody needed care. Here's how: get rid of unnecessary care.</p> <p>We have the most expensive healthcare system in the world in large measure because our hospitals and doctors deliver huge amounts of useless care. Between 20 and 30 cents of every healthcare dollar we spend goes toward hospitalisations, tests, surgeries and drugs that do nothing to help patients. In addition to wasting an estimated $400-700bn, this unnecessary care endangers patients. It's estimated that at least 30,000 Americans die prematurely each year from care they didn't need.</p> <p>In case any European or Canadian readers are feeling smug right about now, the delivery of unnecessary care, or overtreatment in the medical vernacular, is not unique to American medicine. Every healthcare system, whether it is publicly or privately financed, delivers a certain amount of unnecessary care. The scope of the problem is simply greater in the US because we use fee-for-service reimbursement and impose few if any budgetary caps on spending. Our physicians and hospitals are paid more to do more, and they have little in the way of financial constraints to discourage them from overtreating their patients.</p> <p>The tricky part, of course, is finding ways to get rid of all that useless care, which would both free up billions of dollars to cover everybody and help ensure that there's money enough left over to provide all citizens with care they really need. But is unnecessary care even on the radar screens of the presidential health care plans?</p> <p>There's no sign in McCain's plan to suggest that he and his advisors are aware of the problem. Barack Obama's plan never mentions unnecessary care directly, but there are hints that he would begin to address it once he wins the presidency. Only Hillary Clinton's plan explicitly acknowledges the problem of unnecessary care, but voters are left to wonder about her precise remedies.</p> <p>At some point the American public is going to have to hear the whole truth, not just the politically convenient versions being offered by our political candidates. Covering everybody cannot be achieved without driving up healthcare spending. Controlling spending cannot be accomplished without removing the healthcare industry's motives for giving patients useless, unnecessary and costly care. Patients need to know that both their pocketbooks and their health are at stake when they are given care they don't need.</p> <p><strong>For more blogs on the US elections, <a href=\"http://commentisfree.theguardian.com/category/us_elections_2008/\">click here</a>.</strong></p>",
      "wordcount": "769",
      "commentCloseDate": "2008-02-17T19:00:00Z",
      "commentable": "true",
      "isPremoderated": "false",
      "lastModified": "2017-09-20T20:39:19Z",
      "newspaperEditionDate": "2008-02-15T00:00:00Z",
      "productionOffice": "UK",
      "publication": "theguardian.com",
      "shortUrl": "https://gu.com/p/xcxqd",
      "shouldHideAdverts": "false",
      "showInRelatedContent": "true",
      "legallySensitive": "false",
      "lang": "en",
      "bodyText": "For American progressives, it's hard to name a more pressing - or long-awaited - goal than achieving universal health coverage. Today, prospects for that goal seem better than they have in years, if not for the fact that the Democratic presidential hopefuls are bickering over the details of how to do it. But obsessing over universal coverage has obscured a far more complex and worrisome problem in our healthcare system, and that is the question of costs. The United States, as we all know by now, spends more per capita on healthcare than any other country on the planet, and by a wide margin. Healthcare costs are going up in all developed nations, but nowhere are they rising faster than in the US. According to the Congressional Budget Office, if healthcare spending continues to increase at current rates, it will eat up 30% of GDP by 2030. This is unsustainable. Between 2001 and 2007, health insurance premiums rose 78%, far faster than workers' earnings, which gained 19% over the same period of time. That bodes ill for workers who are currently covered. When insurance premiums get too expensive, employers simply stop providing health insurance, further swelling the ranks of the uninsured. Any plan that proposes to cover all Americans has to deal with rising costs. What do our presidential candidates have to say about this? Republican frontrunner John McCain claims to be the only candidate telling the truth about healthcare, and his solution is to cut costs first and defer covering the uninsured until that's accomplished. The Democrats, on the other hand, are sidestepping the question of costs in order to focus on coverage. Both approaches are politically expedient, if somewhat disingenuous. As the Clinton administration learned to its regret, Americans are frightened by the idea of trying to solve our cost and coverage problems at the same time. Those who are uninsured simply want to be covered. Those who are covered worry that the only way to bring 45 million people into the system and control costs is either to ration care or take away some of their benefits. The fact is, we need to address both issues, and it's possible to go after them simultaneously without restricting benefits, and without denying anybody needed care. Here's how: get rid of unnecessary care. We have the most expensive healthcare system in the world in large measure because our hospitals and doctors deliver huge amounts of useless care. Between 20 and 30 cents of every healthcare dollar we spend goes toward hospitalisations, tests, surgeries and drugs that do nothing to help patients. In addition to wasting an estimated $400-700bn, this unnecessary care endangers patients. It's estimated that at least 30,000 Americans die prematurely each year from care they didn't need. In case any European or Canadian readers are feeling smug right about now, the delivery of unnecessary care, or overtreatment in the medical vernacular, is not unique to American medicine. Every healthcare system, whether it is publicly or privately financed, delivers a certain amount of unnecessary care. The scope of the problem is simply greater in the US because we use fee-for-service reimbursement and impose few if any budgetary caps on spending. Our physicians and hospitals are paid more to do more, and they have little in the way of financial constraints to discourage them from overtreating their patients. The tricky part, of course, is finding ways to get rid of all that useless care, which would both free up billions of dollars to cover everybody and help ensure that there's money enough left over to provide all citizens with care they really need. But is unnecessary care even on the radar screens of the presidential health care plans? There's no sign in McCain's plan to suggest that he and his advisors are aware of the problem. Barack Obama's plan never mentions unnecessary care directly, but there are hints that he would begin to address it once he wins the presidency. Only Hillary Clinton's plan explicitly acknowledges the problem of unnecessary care, but voters are left to wonder about her precise remedies. At some point the American public is going to have to hear the whole truth, not just the politically convenient versions being offered by our political candidates. Covering everybody cannot be achieved without driving up healthcare spending. Controlling spending cannot be accomplished without removing the healthcare industry's motives for giving patients useless, unnecessary and costly care. Patients need to know that both their pocketbooks and their health are at stake when they are given care they don't need. For more blogs on the US elections, click here.",
      "charCount": "4695"
    },
    "isHosted": false,
    "pillarId": "pillar/opinion",
    "pillarName": "Opinion"
  },
  {
    "id": "technology/blog/2008/feb/15/therealpriceofansmstext",
    "type": "article",
    "sectionId": "technology",
    "sectionName": "Technology",
    "webPublicationDate": "2008-02-15T15:17:27Z",
    "webTitle": "The real price of an SMS text message (in the US)",
    "webUrl": "https://www.theguardian.com/technology/blog/2008/feb/15/therealpriceofansmstext",
    "apiUrl": "https://content.guardianapis.com/technology/blog/2008/feb/15/therealpriceofansmstext",
    "fields": {
      "headline": "The real price of an SMS text message (in the US)",
      "standfirst": "Why are text messages 61 million times more expensive than internet data?",
      "trailText": "<p>Why are text messages 61 million times more expensive than internet data?</p>",
      "byline": "Jack Schofield",
      "main": "",
      "body": "<p>From our better late than never dept, Sam Garfield has been looking into the <a href=\"http://gthing.net/the-true-price-of-sms-messages/\">cost</a> of sending text messages via AT&amp;T.</p> <p>He's calculated that the cost of transferring 2,560 MP3 files is around $1 via his ISP but more than $61 million via SMS. In fact, he reckons SMS is even more expensive than getting the bits hand-delivered on paper to your front door ($307,072). They would admittedly be less useful that way, but as Sam says: \"The cost would drop dramatically if we compressed the data onto, say a DVD and our cost would be something more like $1.20.\"</p> <p>That's quite a saving over $61 million, should you ever be tempted to text someone 2,560 songs.</p> <p>Of course, if you just want to ask your spouse to pick up some eggs on the way home, cutting a DVD is probably not the best approach....</p>",
      "wordcount": "151",
      "commentCloseDate": "2008-02-22T15:17:27Z",
      "commentable": "true",
      "isPremoderated": "false",
      "lastModified": "2017-02-21T22:10:02Z",
      "newspaperEditionDate": "2008-02-15T00:00:00Z",
      "productionOffice": "UK",
      "publication": "theguardian.com",
      "shortUrl": "https://gu.com/p/2v8fb",
      "shouldHideAdverts": "false",
      "showInRelatedContent": "true",
      "legallySensitive": "false",
      "lang": "en",
      "bodyText": "From our better late than never dept, Sam Garfield has been looking into the cost of sending text messages via AT&amp;T. He's calculated that the cost of transferring 2,560 MP3 files is around $1 via his ISP but more than $61 million via SMS. In fact, he reckons SMS is even more expensive than getting the bits hand-delivered on paper to your front door ($307,072). They would admittedly be less useful that way, but as Sam says: \"The cost would drop dramatically if we compressed the data onto, say a DVD and our cost would be something more like $1.20.\" That's quite a saving over $61 million, should you ever be tempted to text someone 2,560 songs. Of course, if you just want to ask your spouse to pick up some eggs on the way home, cutting a DVD is probably not the best approach....",
      "charCount": "789"
    },
    "isHosted": false,
    "pillarId": "pillar/news",
    "pillarName": "News"
  },
  {
    "id": "business/2008/feb/15/britishairwaysbusiness.travelleisure",
    "type": "article",
    "sectionId": "business",
    "sectionName": "Business",
    "webPublicationDate": "2008-02-15T13:49:37Z",
    "webTitle": "BA and Virgin to pay out refunds",
    "webUrl": "https://www.theguardian.com/business/2008/feb/15/britishairwaysbusiness.travelleisure",
    "apiUrl": "https://content.guardianapis.com/business/2008/feb/15/britishairwaysbusiness.travelleisure",
    "fields": {
      "headline": "BA and Virgin to pay out refunds",
      "trailText": "<p>Passengers cheated in price-fixing scam will receive $200m compensation after airlines agree legal settlement</p>",
      "byline": "Dan Milmo, transport correspondent",
      "main": "<figure class=\"element element-image\" data-media-id=\"gu-image-332541660\"> <img src=\"http://static.guim.co.uk/sys-images/Business/Pix/pictures/2007/10/22/transport2_460x276.jpg\" alt=\"British Airways planes at Heathrow\" width=\"460\" height=\"276\" class=\"gu-image\" /> <figcaption> <span class=\"element-image__caption\">Photograph: Bruno Vincent/Getty Images</span> </figcaption> </figure>",
      "body": "<p>British Airways and Virgin Atlantic passengers who were cheated in a price-fixing scam will receive $200m (\u00a3102m) in compensation after the airlines agreed a legal settlement.</p> <p>The deal covers 8m airline tickets sold between August 11 2004 and March 23 2006, with passengers who flew between the UK and US with BA or Virgin Atlantic on those dates receiving a refund of \u00a320 per return ticket. </p> <p>The settlement comes after BA was hit last year by record fines totalling almost \u00a3270m from the Office of Fair Trading and the US department of justice for fixing the price of fuel surcharges for long-haul passenger flights and its cargo business. </p> <p>BA is expected to pay the vast majority of the $200m bill, meaning it has nearly exhausted the contingency of \u00a3350m it set aside for the legal consequences of the scandal.</p> <p>The legal action was brought on behalf of UK and US-based passengers by one of America's top litigators, Michael Hausfeld, who has garnered a fearsome reputation for a string of lawsuits representing native Alaskans affected by the Exxon Valdez oil spill, victims of the Holocaust and victims of apartheid. </p> <p>\"We are delighted to have achieved such a terrific settlement for UK consumers,\" said Hausfeld. \"BA and Virgin overcharged their customers over a period of almost two years. Customers in the UK should claim back what was unlawfully taken from them in order to demonstrate that such behaviour is unacceptable. This is the first time non-US citizens have been rewarded on an equal footing to US citizens in a case before the US courts, making this a legal precedent and a significant milestone in both US and UK legal history.\"</p> <p>Law firm Cohen, Milstein, Hausfeld &amp; Toll, which brought the action, also confirmed that an agreement had been reached for US passengers.</p> <p>Cohen Milstein said it expected to sign the settlement agreement today, and to submit it to a US court for approval over the next month. However, BA still faces regulatory fines and legal action for its role in fixing cargo prices. Virgin Atlantic received immunity from the OFT and US justice department probes after its lawyers blew the whistle on the collusion over fuel surcharges - a levy on tickets to cover the rising cost of fuel. BA is paying the majority of the settlement because it did not blow the whistle on the conspiracy.</p> <p>Two senior BA executives quit the airline following the announcement of the investigations two years ago. The collusion began when the former head of communications at BA, Iain Burns, phoned his counterparts at Virgin Atlantic to discuss surcharge plans - a clear breach of competition law, which prohibits cooperating in the setting of prices. </p> <p>Burns' immediate boss, former commercial director Martin George, also resigned after admitting illegal conversations had taken place on his watch. Both men are still under scrutiny as the OFT and DoJ continue criminal investigations into price fixing, a crime which carries a five-year jail sentence in the UK.</p> <p>The US government has also identified 10 current and former BA executives who are liable to possible extradition and criminal prosecution over their alleged involvement in the scandal. The DoJ has singled out 10 individuals as being exempt from a plea bargain granting immunity to prosecution for all other BA directors, officers and employees.</p> <p>The most senior serving executive on the list is BA's director of operations, Gareth Kirkwood, who oversees all in-flight services and crew planning at the airline. Others include Andrew Crowley, head of UK and Ireland sales, Ian Barrigan, business development manager and Anthony Nothman, manager for international customer services at BA's cargo division.</p>",
      "wordcount": "604",
      "commentable": "false",
      "isPremoderated": "false",
      "lastModified": "2017-05-31T16:52:14Z",
      "newspaperEditionDate": "2008-02-15T00:00:00Z",
      "productionOffice": "UK",
      "publication": "theguardian.com",
      "shortUrl": "https://gu.com/p/x3f33",
      "shouldHideAdverts": "false",
      "showInRelatedContent": "true",
      "legallySensitive": "false",
      "lang": "en",
      "bodyText": "British Airways and Virgin Atlantic passengers who were cheated in a price-fixing scam will receive $200m (\u00a3102m) in compensation after the airlines agreed a legal settlement. The deal covers 8m airline tickets sold between August 11 2004 and March 23 2006, with passengers who flew between the UK and US with BA or Virgin Atlantic on those dates receiving a refund of \u00a320 per return ticket. The settlement comes after BA was hit last year by record fines totalling almost \u00a3270m from the Office of Fair Trading and the US department of justice for fixing the price of fuel surcharges for long-haul passenger flights and its cargo business. BA is expected to pay the vast majority of the $200m bill, meaning it has nearly exhausted the contingency of \u00a3350m it set aside for the legal consequences of the scandal. The legal action was brought on behalf of UK and US-based passengers by one of America's top litigators, Michael Hausfeld, who has garnered a fearsome reputation for a string of lawsuits representing native Alaskans affected by the Exxon Valdez oil spill, victims of the Holocaust and victims of apartheid. \"We are delighted to have achieved such a terrific settlement for UK consumers,\" said Hausfeld. \"BA and Virgin overcharged their customers over a period of almost two years. Customers in the UK should claim back what was unlawfully taken from them in order to demonstrate that such behaviour is unacceptable. This is the first time non-US citizens have been rewarded on an equal footing to US citizens in a case before the US courts, making this a legal precedent and a significant milestone in both US and UK legal history.\" Law firm Cohen, Milstein, Hausfeld &amp; Toll, which brought the action, also confirmed that an agreement had been reached for US passengers. Cohen Milstein said it expected to sign the settlement agreement today, and to submit it to a US court for approval over the next month. However, BA still faces regulatory fines and legal action for its role in fixing cargo prices. Virgin Atlantic received immunity from the OFT and US justice department probes after its lawyers blew the whistle on the collusion over fuel surcharges - a levy on tickets to cover the rising cost of fuel. BA is paying the majority of the settlement because it did not blow the whistle on the conspiracy. Two senior BA executives quit the airline following the announcement of the investigations two years ago. The collusion began when the former head of communications at BA, Iain Burns, phoned his counterparts at Virgin Atlantic to discuss surcharge plans - a clear breach of competition law, which prohibits cooperating in the setting of prices. Burns' immediate boss, former commercial director Martin George, also resigned after admitting illegal conversations had taken place on his watch. Both men are still under scrutiny as the OFT and DoJ continue criminal investigations into price fixing, a crime which carries a five-year jail sentence in the UK. The US government has also identified 10 current and former BA executives who are liable to possible extradition and criminal prosecution over their alleged involvement in the scandal. The DoJ has singled out 10 individuals as being exempt from a plea bargain granting immunity to prosecution for all other BA directors, officers and employees. The most senior serving executive on the list is BA's director of operations, Gareth Kirkwood, who oversees all in-flight services and crew planning at the airline. Others include Andrew Crowley, head of UK and Ireland sales, Ian Barrigan, business development manager and Anthony Nothman, manager for international customer services at BA's cargo division.",
      "charCount": "3683"
    },
    "isHosted": false,
    "pillarId": "pillar/news",
    "pillarName": "News"
  },
  {
    "id": "environment/gallery/2008/feb/15/wildlife.photography",
    "type": "gallery",
    "sectionId": "environment",
    "sectionName": "Environment",
    "webPublicationDate": "2008-02-15T10:35:50Z",
    "webTitle": "The week in wildlife",
    "webUrl": "https://www.theguardian.com/environment/gallery/2008/feb/15/wildlife.photography",
    "apiUrl": "https://content.guardianapis.com/environment/gallery/2008/feb/15/wildlife.photography",
    "fields": {
      "headline": "The week in wildlife",
      "standfirst": "<strong>February 15 2008: </strong>From endangered lovebirds to the sighting of a rare white deer, the pick of this week's wildlife pictures from around the world",
      "trailText": "From endangered lovebirds to the sighting of a rare white deer, the pick of this week's wildlife pictures from around the world",
      "main": "",
      "body": "<figure class=\"element element-image\" data-media-id=\"gu-image-332536274\"> <img src=\"https://static.guim.co.uk/Guardian/environment/gallery/2008/feb/15/photography/GD6249821@Embargoed-to-0001-Fri-4650.jpg\" alt=\"Butterfly\" width=\"550\" height=\"390\" class=\"gu-image\" /> <figcaption> <span class=\"element-image__caption\">A large Blue Butterfly. The butterfly, which was extinct in the UK, is now flourishing at the National Trust's Collard Hill, Somerset, one of the sites where it was reintroduced, with record numbers last year</span> <span class=\"element-image__credit\">Photograph: Butterfly Conservation/David Simcox/PA</span> </figcaption> </figure>  <figure class=\"element element-image\" data-media-id=\"gu-image-332536298\"> <img src=\"https://static.guim.co.uk/Guardian/environment/gallery/2008/feb/15/photography/GD6206489@Undated-handout-photo-2071.jpg\" alt=\"Deer\" width=\"560\" height=\"390\" class=\"gu-image\" /> <figcaption> <span class=\"element-image__caption\">A rare white deer, which has been spotted on the west coast of Scotland. The decision has been taken to keep the stag's location secret in a bid to protect it from poachers. Another white stag that was sighted last year, on the border between Devon and Cornwall, was shot and killed</span> <span class=\"element-image__credit\">Photograph: John Muir Trust/PA</span> </figcaption> </figure>  <figure class=\"element element-image\" data-media-id=\"gu-image-332536319\"> <img src=\"https://static.guim.co.uk/Guardian/environment/gallery/2008/feb/15/photography/GD6238787@epa01254090-A-bird-th-8544.jpg\" alt=\"Duck\" width=\"521\" height=\"390\" class=\"gu-image\" /> <figcaption> <span class=\"element-image__caption\">A bird caught on the oil-polluted North Sea shore in Germany is being washed in a bird shelter in Moddergat, Netherlands. The birds are washed with a special cleanser </span> <span class=\"element-image__credit\">Photograph: Hoge Noorden/EPA</span> </figcaption> </figure>  <figure class=\"element element-image\" data-media-id=\"gu-image-332536280\"> <img src=\"https://static.guim.co.uk/Guardian/environment/gallery/2008/feb/15/photography/GD6204694@STANDALONE-Photo-6701.jpg\" alt=\"Tortoise\" width=\"623\" height=\"450\" class=\"gu-image\" /> <figcaption> <span class=\"element-image__caption\">A baby Hermann's tortoise hitches a ride on a Leopard tortoise's back </span> <span class=\"element-image__credit\">Photograph: Owen Humphreys/PA</span> </figcaption> </figure>  <figure class=\"element element-image\" data-media-id=\"gu-image-332536304\"> <img src=\"https://static.guim.co.uk/Guardian/environment/gallery/2008/feb/15/photography/GD6222586@epa01252845-An-elepha-3803.jpg\" alt=\"Elephant\" width=\"560\" height=\"390\" class=\"gu-image\" /> <figcaption> <span class=\"element-image__caption\">An elephant keeper at the David Sheldrick Wildlife Trust bottle-feeds an orphaned elephant at the Trust's orphanage facility near Nairobi, Kenya. While parts of Kenya are still dominated by outbreaks violence, the trust has been unaffected</span> <span class=\"element-image__credit\">Photograph: Jon Hrusa/EPA</span> </figcaption> </figure>  <figure class=\"element element-image\" data-media-id=\"gu-image-332536295\"> <img src=\"https://static.guim.co.uk/Guardian/environment/gallery/2008/feb/15/photography/GD6205326@EMBARGOED-TO-0001-TUE-1251.jpg\" alt=\"Pigs\" width=\"529\" height=\"390\" class=\"gu-image\" /> <figcaption> <span class=\"element-image__caption\">A World Society for the Protection of Animals handout of pigs being transported from Canada to Hawaii.  Thousands of animals are suffering appalling conditions as they are transported live over long distances to slaughter, the society says </span> <span class=\"element-image__credit\">Photograph: WSPA/PA</span> </figcaption> </figure>  <figure class=\"element element-image\" data-media-id=\"gu-image-332536286\"> <img src=\"https://static.guim.co.uk/Guardian/environment/gallery/2008/feb/15/photography/GD6232694@epa01253585-(FILES)-N-8611.jpg\" alt=\"Tigers\" width=\"344\" height=\"450\" class=\"gu-image\" /> <figcaption> <span class=\"element-image__caption\">Newly born Indian Bengal tiger cubs play with their mother in their enclosure at the Assam state zoo in Guwahati, India. There was alarm this week as a new census indicated that the number of wild tigers in India has dwindled to little more than 1,400, less than half the previous estimate. Wildlife experts blame poaching and urbanisation</span> <span class=\"element-image__credit\">Photograph: EPA</span> </figcaption> </figure>  <figure class=\"element element-image\" data-media-id=\"gu-image-332536289\"> <img src=\"https://static.guim.co.uk/Guardian/environment/gallery/2008/feb/15/photography/GD6232731@A-pet-mouse-sits-on-C-9471.jpg\" alt=\"Mouse\" width=\"316\" height=\"450\" class=\"gu-image\" /> <figcaption> <span class=\"element-image__caption\">A pet mouse sits on Chinese new year gift packets in Shanghai.  A sudden spike in the demand for pet rodents, inspired by the start of the Year of the Rat, has forced the price of hamsters and mice up by as many as six times in China </span> <span class=\"element-image__credit\">Photograph: Mark Ralston/AFP</span> </figcaption> </figure>  <figure class=\"element element-image\" data-media-id=\"gu-image-332536310\"> <img src=\"https://static.guim.co.uk/Guardian/environment/gallery/2008/feb/15/photography/GD6225529@Collie-Gemma,-part-of-5546.jpg\" alt=\"Dog\" width=\"630\" height=\"371\" class=\"gu-image\" /> <figcaption> <span class=\"element-image__caption\">Collie Gemma, part of an elite new canine squad, wears protective pads during a mock rescue at Southern Fire and Rescue station in Leicester. Fire services across England are being funded to train and use dogs that specialise in urban search and rescue techniques</span> <span class=\"element-image__credit\">Photograph: Rui Vieira/PA</span> </figcaption> </figure>  <figure class=\"element element-image\" data-media-id=\"gu-image-332536313\"> <img src=\"https://static.guim.co.uk/Guardian/environment/gallery/2008/feb/15/photography/GD6233939@LONDON---FEBRUARY-13--6468.jpg\" alt=\"Monkey\" width=\"553\" height=\"365\" class=\"gu-image\" /> <figcaption> <span class=\"element-image__caption\">Vale, a four week old red titi monkey, clings to his dad Thiago in the rainforest biome at London zoo </span> <span class=\"element-image__credit\">Photograph: Peter Macdiarmid/Getty</span> </figcaption> </figure>  <figure class=\"element element-image\" data-media-id=\"gu-image-332536316\"> <img src=\"https://static.guim.co.uk/Guardian/environment/gallery/2008/feb/15/photography/GD6235732@Black-cheeked-lovebir-7569.jpg\" alt=\"Birds\" width=\"516\" height=\"390\" class=\"gu-image\" /> <figcaption> <span class=\"element-image__caption\">Black-cheeked lovebirds at Bristol zoo. These birds, which mate for life, are Africa's most endangered parrot; there are less than 10,000 birds in the wild</span> <span class=\"element-image__credit\">Photograph: Barry Batchelor/PA</span> </figcaption> </figure>  <figure class=\"element element-image\" data-media-id=\"gu-image-332536322\"> <img src=\"https://static.guim.co.uk/Guardian/environment/gallery/2008/feb/15/photography/GD6252083@RAFAH-GAZA-STRIP---FE-9277.jpg\" alt=\"Donkey\" width=\"550\" height=\"365\" class=\"gu-image\" /> <figcaption> <span class=\"element-image__caption\">A Palestinian farmer feeds a donkey with flowers. Palestinian farmers dumped two truckloads of flowers at the Sufa border crossing with Israel on Thursday, feeding some of the crop to sheep, as a protest over Israeli export restrictions preventing them from exporting their blooms to Europe for Valentine's day</span> <span class=\"element-image__credit\">Photograph: Abid Katib/Getty</span> </figcaption> </figure>",
      "wordcount": "0",
      "isPremoderated": "false",
      "lastModified": "2018-02-14T19:55:53Z",
      "productionOffice": "UK",
      "publication": "theguardian.com",
      "shortUrl": "https://gu.com/p/x3fxb",
      "shouldHideAdverts": "false",
      "showInRelatedContent": "true",
      "legallySensitive": "false",
      "lang": "en",
      "bodyText": "",
      "charCount": "0"
    },
    "isHosted": false,
    "pillarId": "pillar/news",
    "pillarName": "News"
  },
  {
    "id": "commentisfree/2008/feb/15/oil.climatechange",
    "type": "article",
    "sectionId": "commentisfree",
    "sectionName": "Opinion",
    "webPublicationDate": "2008-02-15T00:27:22Z",
    "webTitle": "Peter Odell: Reports of the oil industry's imminent death are exaggerated",
    "webUrl": "https://www.theguardian.com/commentisfree/2008/feb/15/oil.climatechange",
    "apiUrl": "https://content.guardianapis.com/commentisfree/2008/feb/15/oil.climatechange",
    "fields": {
      "headline": "Reports of the oil industry's imminent death are greatly exaggerated",
      "standfirst": "Every year more barrels are added to the world's reserves than are used  up, says Peter Odell",
      "trailText": "<p><strong>Response: </strong>Every year more barrels are added to the world's reserves than are used  up, says <strong>Peter Odell</strong></p>",
      "byline": "Peter Odell",
      "main": "",
      "body": "<p>I am utterly perplexed by Jeremy Leggett's attempt to foretell the impending demise of the oil industry (<a href=\"http://www.theguardian.com/commentisfree/2008/feb/05/comment.oil\">The great fuel folly</a>, February 5). Unless, of course, he contemplates such a development as being highly favourable to his Solarcentury company. I am one of the economists who, he claims, \"tend not to see the problem\". But Leggett seriously understates the ability of the many oil-producing countries to sustain provision of oil and natural gas.</p> <p>\"Why have the big five oil companies cut exploration spending in real terms?\" he asks. While he correctly states that Shell and Exxon have had opportunities for making record profits in recent years, he is quite wrong to suggest that they, together with the other major oil-producing companies, \"are supposed to be expanding their production\". It would not be in their interests to do so, as such action would undermine the market value of oil, and thus reduce their profits. </p> <p>Countries outside the Organisation for Economic Cooperation and Development, together with the OECD members Norway, Italy and Austria, are now at the forefront of the world's oil and gas industries. Between them they account for almost 95% of proven oil reserves and thus dominate the supply side. They already supply more than 65% of total production, and this figure is set to rise.</p> <p>And countries outside the Organisation of Petroleum Exporting Countries - such as China, India, Brazil and Malaysia - not only have large proven and probable reserves, but are intent on enhancing production at as high a rate as possible. There is a similar situation in some of the former countries of the Soviet Union - most notably Russia, Kazakhstan and Azerbaijan, all of which are already significant exporters and which have great potential for increased production.</p> <p>Meanwhile, all member countries of Opec continue to increase their annual production (currently 42% of the world's total), and collectively enjoy a reserves-to-production ratio of over 70 years. Recent high oil prices have created funds to expand Opec members' oil production at relatively low costs.</p> <p>Leggett's fears are further undermined by his exaggerated view of future demand. Referring to comments by the International Energy Agency, Total's chief executive and a former Saudi </p> <p>Aramco executive, he says that \"growing numbers of industry insiders are sounding alarms\" about energy supplies. But there are many other organisations that disagree, including Exxon, Opec and the US Energy Agency.</p> <p>Over the past decade the average annual global rate of growth in oil use has been only 1.5%. This low rate is, moreover, more likely to fall than to increase, given that oil use per unit of economic growth has fallen by 50% worldwide in the last 30 years. This indicates that the current 84m barrels per day of oil use will not reach the 115m barrels per day suggested by Leggett until well after 2030, by which time natural gas may well have become more important than oil.</p> <p>Meanwhile, proven oil reserves worldwide continue to expand - every year more oil is added to reserves than is used. It is thus a fact that the world is running into oil rather than out of it. </p> <p><strong>\u00b7 </strong>Peter Odell is professor emeritus of international energy studies at Erasmus University, Rotterdam, and author of Why Carbon Fuels Will Dominate the 21st Century's Global Energy Economy <a href=\"mailto:peterodell2@btinternet.com\">peterodell2@btinternet.com</a></p> <p><strong>\u00b7 </strong>If you wish to respond to an article in which you have featured, email <a href=\"mailto:response@theguardian.com\">response@theguardian.com</a> or write to Response, The Guardian, 119 Farringdon Road, London EC1R 3ER. We cannot guarantee to publish all responses, and we reserve the right to edit pieces for both length and content</p>",
      "newspaperPageNumber": "39",
      "wordcount": "602",
      "commentable": "true",
      "isPremoderated": "false",
      "lastModified": "2018-02-14T20:16:17Z",
      "newspaperEditionDate": "2008-02-15T00:00:00Z",
      "productionOffice": "UK",
      "publication": "The Guardian",
      "shortUrl": "https://gu.com/p/x3ena",
      "shouldHideAdverts": "false",
      "showInRelatedContent": "true",
      "legallySensitive": "false",
      "lang": "en",
      "bodyText": "I am utterly perplexed by Jeremy Leggett's attempt to foretell the impending demise of the oil industry (The great fuel folly, February 5). Unless, of course, he contemplates such a development as being highly favourable to his Solarcentury company. I am one of the economists who, he claims, \"tend not to see the problem\". But Leggett seriously understates the ability of the many oil-producing countries to sustain provision of oil and natural gas. \"Why have the big five oil companies cut exploration spending in real terms?\" he asks. While he correctly states that Shell and Exxon have had opportunities for making record profits in recent years, he is quite wrong to suggest that they, together with the other major oil-producing companies, \"are supposed to be expanding their production\". It would not be in their interests to do so, as such action would undermine the market value of oil, and thus reduce their profits. Countries outside the Organisation for Economic Cooperation and Development, together with the OECD members Norway, Italy and Austria, are now at the forefront of the world's oil and gas industries. Between them they account for almost 95% of proven oil reserves and thus dominate the supply side. They already supply more than 65% of total production, and this figure is set to rise. And countries outside the Organisation of Petroleum Exporting Countries - such as China, India, Brazil and Malaysia - not only have large proven and probable reserves, but are intent on enhancing production at as high a rate as possible. There is a similar situation in some of the former countries of the Soviet Union - most notably Russia, Kazakhstan and Azerbaijan, all of which are already significant exporters and which have great potential for increased production. Meanwhile, all member countries of Opec continue to increase their annual production (currently 42% of the world's total), and collectively enjoy a reserves-to-production ratio of over 70 years. Recent high oil prices have created funds to expand Opec members' oil production at relatively low costs. Leggett's fears are further undermined by his exaggerated view of future demand. Referring to comments by the International Energy Agency, Total's chief executive and a former Saudi Aramco executive, he says that \"growing numbers of industry insiders are sounding alarms\" about energy supplies. But there are many other organisations that disagree, including Exxon, Opec and the US Energy Agency. Over the past decade the average annual global rate of growth in oil use has been only 1.5%. This low rate is, moreover, more likely to fall than to increase, given that oil use per unit of economic growth has fallen by 50% worldwide in the last 30 years. This indicates that the current 84m barrels per day of oil use will not reach the 115m barrels per day suggested by Leggett until well after 2030, by which time natural gas may well have become more important than oil. Meanwhile, proven oil reserves worldwide continue to expand - every year more oil is added to reserves than is used. It is thus a fact that the world is running into oil rather than out of it. \u00b7 Peter Odell is professor emeritus of international energy studies at Erasmus University, Rotterdam, and author of Why Carbon Fuels Will Dominate the 21st Century's Global Energy Economy peterodell2@btinternet.com \u00b7 If you wish to respond to an article in which you have featured, email response@theguardian.com or write to Response, The Guardian, 119 Farringdon Road, London EC1R 3ER. We cannot guarantee to publish all responses, and we reserve the right to edit pieces for both length and content",
      "charCount": "3651"
    },
    "isHosted": false,
    "pillarId": "pillar/opinion",
    "pillarName": "Opinion"
  },
  {
    "id": "business/2008/feb/15/royaldutchshell.oil",
    "type": "article",
    "sectionId": "business",
    "sectionName": "Business",
    "webPublicationDate": "2008-02-15T00:24:13Z",
    "webTitle": "Firms will act on CO2 only if its cost triples, says Shell",
    "webUrl": "https://www.theguardian.com/business/2008/feb/15/royaldutchshell.oil",
    "apiUrl": "https://content.guardianapis.com/business/2008/feb/15/royaldutchshell.oil",
    "fields": {
      "headline": "Firms will act on CO2 only if its cost triples, says Shell",
      "trailText": "<p>Vice president of energy company calls on EU to quicken pace of regulatory change</p>",
      "byline": "Terry Macalister",
      "main": "",
      "body": "<p>A carbon price close to $100 per tonne of CO2 - more than three times higher than it is today - is needed before industry will invest in the thousands of carbon-capture-and-storage (CCS) schemes needed for reducing greenhouse gas emissions, Shell warned yesterday.</p> <p>Jeremy Bentham, the vice president of business environment at the company, also called on the EU to quicken the pace of regulatory change and take vital decisions \"within five years\" that would largely shape the pattern of energy supply and global warming in coming decades.</p> <p>His comments came as Prince Charles took a similar message to the European parliament in Brussels telling MEPs that business leaders were ahead of politicians and \"the doomsday clock of climate change is ticking ever faster towards midnight\".</p> <p>Shell reiterated the view expressed by many in the business world that the price of carbon - the amount companies must pay for permits to emit CO2 - needed some certainty if vital investment was to be made in a range of technologies necessary to reduce CO2 output. Carbon capture was one of the answers to the problem but needed to be introduced on a huge scale around the world along with renewables, biomass and other forms of energy.</p> <p>The technology needed in carbon sequestration - whereby CO2 is pumped into storage spaces such as old North Sea oil fields - was already there, said Bentham. What was needed was the right regulatory framework and pricing structure with carbon pricing at \"above $50 and below $100 per tonne,\" he added. Asked whether it should be closer to $100, the Shell executive said \"probably\".</p> <p>Shell says unless decisions are made within the next five years, the energy sector will be left to \"scramble\" with a whole range of technologies jostling with each other - leading to price spikes, volatility and uncertainty. EU action, which would set a precedent for the rest of the world, would allow more orderly progress as oil gradually runs out and other forms of fuel take over.</p> <p>Bentham said the EU needed to be careful about how it made decisions, pointing to potential environmental harm from first-generation biofuels. He said it was \"not a smart move\" for the EU not to differentiate between different types of biofuels.</p> <p>He denied that the scenarios he outlined, with a large and continuing role for fossil fuels, were influenced by the needs of a company with huge investments in heavily polluting power sources.</p>",
      "newspaperPageNumber": "29",
      "wordcount": "408",
      "commentable": "false",
      "isPremoderated": "false",
      "lastModified": "2018-02-14T20:19:56Z",
      "newspaperEditionDate": "2008-02-15T00:00:00Z",
      "productionOffice": "UK",
      "publication": "The Guardian",
      "shortUrl": "https://gu.com/p/x3epp",
      "shouldHideAdverts": "false",
      "showInRelatedContent": "true",
      "legallySensitive": "false",
      "lang": "en",
      "bodyText": "A carbon price close to $100 per tonne of CO2 - more than three times higher than it is today - is needed before industry will invest in the thousands of carbon-capture-and-storage (CCS) schemes needed for reducing greenhouse gas emissions, Shell warned yesterday. Jeremy Bentham, the vice president of business environment at the company, also called on the EU to quicken the pace of regulatory change and take vital decisions \"within five years\" that would largely shape the pattern of energy supply and global warming in coming decades. His comments came as Prince Charles took a similar message to the European parliament in Brussels telling MEPs that business leaders were ahead of politicians and \"the doomsday clock of climate change is ticking ever faster towards midnight\". Shell reiterated the view expressed by many in the business world that the price of carbon - the amount companies must pay for permits to emit CO2 - needed some certainty if vital investment was to be made in a range of technologies necessary to reduce CO2 output. Carbon capture was one of the answers to the problem but needed to be introduced on a huge scale around the world along with renewables, biomass and other forms of energy. The technology needed in carbon sequestration - whereby CO2 is pumped into storage spaces such as old North Sea oil fields - was already there, said Bentham. What was needed was the right regulatory framework and pricing structure with carbon pricing at \"above $50 and below $100 per tonne,\" he added. Asked whether it should be closer to $100, the Shell executive said \"probably\". Shell says unless decisions are made within the next five years, the energy sector will be left to \"scramble\" with a whole range of technologies jostling with each other - leading to price spikes, volatility and uncertainty. EU action, which would set a precedent for the rest of the world, would allow more orderly progress as oil gradually runs out and other forms of fuel take over. Bentham said the EU needed to be careful about how it made decisions, pointing to potential environmental harm from first-generation biofuels. He said it was \"not a smart move\" for the EU not to differentiate between different types of biofuels. He denied that the scenarios he outlined, with a large and continuing role for fossil fuels, were influenced by the needs of a company with huge investments in heavily polluting power sources.",
      "charCount": "2426"
    },
    "isHosted": false,
    "pillarId": "pillar/news",
    "pillarName": "News"
  },
  {
    "id": "government-computing-network/2008/feb/15/report-uk-public-sector-overview-2008",
    "type": "article",
    "sectionId": "government-computing-network",
    "sectionName": "Guardian Government Computing",
    "webPublicationDate": "2008-02-15T00:00:00Z",
    "webTitle": "UK public sector overview to 2012/13",
    "webUrl": "https://www.theguardian.com/government-computing-network/2008/feb/15/report-uk-public-sector-overview-2008",
    "apiUrl": "https://content.guardianapis.com/government-computing-network/2008/feb/15/report-uk-public-sector-overview-2008",
    "fields": {
      "headline": "UK public sector overview to 2012/13",
      "trailText": "<p><strong>Price:</strong> \u00a31,950 + VAT<br /><strong>Number of pages:</strong> 118<br />Free to KableDIRECT subscribers</p>",
      "main": "",
      "body": "<p><strong>Price:</strong> \u00a31,950 + VAT<br><strong>Number of pages:</strong> 118<br>Free to Kable ICT subscribers (depending on subscription level)</p> <p>If you would like to purchase this report, please call customer services on 020 3353 4890 or email <a href=\"mailto:customerservices@kable.co.uk\">customerservices@kable.co.uk</a></p> <h2>Purpose</h2> <p>This report summarises the use of ICT in the UK public sector over the five year period from 2008-2013.</p> <p>It aims to address the needs of two different audiences within the supplier community that targets this market. For customer facing staff it describes the environment in which their clients operate, and highlights issues that they face. For those responsible for planning business activity in these sectors it outlines the structure of the market, and covers current priorities and emerging needs. For suppliers who have not yet engaged with this market it provides an overview of market structure, and highlights promising opportunities.</p> <h2>Scope</h2> <p>We cover the use of ICT in the public sector across England, Scotland, Wales and Northern Ireland. Kable considers the UK public sector to consist of seven sub-sectors, each with unique structure, and with varying priorities and needs. We describe market structure, spending trends, investment drivers and forecast ICT expenditure in each of the following: </p> <p> * Central and regional government;<br> * Local government;<br> * Criminal justice;<br> * Health;<br> * Education;\u00b7 <br> * Defence; and\u00b7 <br> * Transport.</p> <p>In handling responsibilities that are devolved to regional government, the administrative elements are covered under central and regional government, together with associated ICT expenditure forecasts. ICT expenditure associated with service delivery is included in the relevant sector. Suppliers targeting local government, health, education and justice across the UK will therefore find each of these markets described as a whole for the UK. </p> <h2>Table of contents</h2> <p><strong>Executive summary</strong></p> <p><strong>Introduction</strong><br>Purpose<br>Scope<br>Methodology</p> <p><strong>Context</strong><br>Political<br>Social<br>Economic<br>Government finances<br>Technology<br>Public opinion</p> <p><strong>The agenda</strong><br>Efficiency<br>Performance improvement<br>Service transformation</p> <p><strong>Key trends</strong><br>Forecast by sector<br>Forecast by product<br>Shared services<br>Mobile working</p> <p><strong>Sector overviews</strong><br>Central government<br>Market structure<br>Spending trends<br>Investment drivers<br>ICT forecast<br>Supplier landscape</p> <p><strong>Regional government</strong><br>Market structure<br>Spending trends<br>Investment drivers<br>ICT forecast<br>Supplier landscape</p> <p><strong>Local government</strong><br>Market structure<br>Spending trends<br>Investment drivers<br>ICT forecast<br>Supplier landscape</p> <p><strong>Criminal Justice</strong><br>Market structure<br>Spending trends<br>Investment drivers<br>ICT forecast<br>Supplier landscape</p> <p><strong>Health</strong><br>Market structure<br>Spending trends<br>Investment drivers<br>ICT forecast<br>Supplier landscape</p> <p><strong>Education</strong><br>Market structure<br>Spending trends<br>Investment drivers<br>ICT forecast<br>Supplier landscape</p> <p><strong>Defence</strong><br>Market structure<br>Spending trends<br>Investment drivers<br>ICT forecast<br>Supplier landscape</p> <p><strong>Transport</strong><br>Market structure<br>Spending trends<br>Investment drivers<br>ICT forecast<br>Supplier landscape</p> <p><strong>Implications for suppliers</strong></p> <p><strong>Appendix A:</strong> Public service agreements<br>Sustainable growth and prosperity<br>Fairness and opportunity for all<br>Stronger communities and a better quality of life<br>A more secure, fair and environmentally sustainable world</p> <p><strong>Appendix B: </strong>Departmental strategic objectives</p>",
      "wordcount": "378",
      "commentable": "false",
      "isPremoderated": "false",
      "lastModified": "2011-09-01T10:45:30Z",
      "newspaperEditionDate": "2008-02-15T00:00:00Z",
      "productionOffice": "UK",
      "publication": "theguardian.com",
      "shortUrl": "https://gu.com/p/27v5v",
      "shouldHideAdverts": "false",
      "showInRelatedContent": "true",
      "legallySensitive": "false",
      "lang": "en",
      "bodyText": "Price: \u00a31,950 + VAT Number of pages: 118 Free to Kable ICT subscribers (depending on subscription level) If you would like to purchase this report, please call customer services on 020 3353 4890 or email customerservices@kable.co.uk Purpose This report summarises the use of ICT in the UK public sector over the five year period from 2008-2013. It aims to address the needs of two different audiences within the supplier community that targets this market. For customer facing staff it describes the environment in which their clients operate, and highlights issues that they face. For those responsible for planning business activity in these sectors it outlines the structure of the market, and covers current priorities and emerging needs. For suppliers who have not yet engaged with this market it provides an overview of market structure, and highlights promising opportunities. Scope We cover the use of ICT in the public sector across England, Scotland, Wales and Northern Ireland. Kable considers the UK public sector to consist of seven sub-sectors, each with unique structure, and with varying priorities and needs. We describe market structure, spending trends, investment drivers and forecast ICT expenditure in each of the following: * Central and regional government; * Local government; * Criminal justice; * Health; * Education;\u00b7 * Defence; and\u00b7 * Transport. In handling responsibilities that are devolved to regional government, the administrative elements are covered under central and regional government, together with associated ICT expenditure forecasts. ICT expenditure associated with service delivery is included in the relevant sector. Suppliers targeting local government, health, education and justice across the UK will therefore find each of these markets described as a whole for the UK. Table of contents Executive summary Introduction Purpose Scope Methodology Context Political Social Economic Government finances Technology Public opinion The agenda Efficiency Performance improvement Service transformation Key trends Forecast by sector Forecast by product Shared services Mobile working Sector overviews Central government Market structure Spending trends Investment drivers ICT forecast Supplier landscape Regional government Market structure Spending trends Investment drivers ICT forecast Supplier landscape Local government Market structure Spending trends Investment drivers ICT forecast Supplier landscape Criminal Justice Market structure Spending trends Investment drivers ICT forecast Supplier landscape Health Market structure Spending trends Investment drivers ICT forecast Supplier landscape Education Market structure Spending trends Investment drivers ICT forecast Supplier landscape Defence Market structure Spending trends Investment drivers ICT forecast Supplier landscape Transport Market structure Spending trends Investment drivers ICT forecast Supplier landscape Implications for suppliers Appendix A: Public service agreements Sustainable growth and prosperity Fairness and opportunity for all Stronger communities and a better quality of life A more secure, fair and environmentally sustainable world Appendix B: Departmental strategic objectives",
      "charCount": "3206"
    },
    "isHosted": false,
    "pillarId": "pillar/news",
    "pillarName": "News"
  }
]