[
  {
    "id": "business/2008/apr/17/economics.china",
    "type": "article",
    "sectionId": "business",
    "sectionName": "Business",
    "webPublicationDate": "2008-04-16T23:08:28Z",
    "webTitle": "China tries to tackle inflation as growth exceeds 10% for 5th year",
    "webUrl": "https://www.theguardian.com/business/2008/apr/17/economics.china",
    "apiUrl": "https://content.guardianapis.com/business/2008/apr/17/economics.china",
    "fields": {
      "headline": "China tries to tackle inflation as growth exceeds 10% for 5th year",
      "trailText": "<p>Overall price level remains high despite the global downturn, severe winter weather and tighter lending</p>",
      "byline": "Tania Branigan in Beijing",
      "main": "",
      "body": "<p>China's economy grew by 10.6% in the first quarter of the year despite the global downturn, severe winter weather and tighter lending, the National Bureau of Statistics reported yesterday.</p> <p>While growth in annual gross domestic product fell from 11.2% in the last quarter of 2007, analysts had forecast it would drop still further, to around 10%.</p> <p>Total economic output between January and March was 6.1tn yuan (\u00a3442bn), according to the bureau.</p> <p>\"Currently, the overall economic picture is better than we had expected,\" China's state council, or cabinet, said in a statement. \"The most pronounced economic problem is that the overall price level remains high.\"</p> <p>The government is keen to rein in China's formidable growth, which has exceeded 10% for five years in a row, and analysts predict it may fall to 9% over the year. That would still allow it to overtake Germany to become the third largest economy in the world.</p> <p>With inflation at 8.3% last month - not much lower than in February, when it hit an 11-year high at 8.7% - the government has good reason to be cautious. Price rises have caused significant unrest in China in the past and premier Wen Jiabao has said that tackling inflation is the country's economic priority. The government's target for the year is 4.8% - an attempt to dampen inflationary expectations rather than a serious goal.</p> <p>\"Consumer price inflation this year is still running at a high level,\" said Li Xiaochao, a spokesman for the bureau. Speaking at a press conference he said Beijing would enhance agricultural production (food prices have been rising at staggering rates) and adopt tight monetary policies.</p> <p>The central bank responded to yesterday's figures by raising the reserve requirement for banks to a record 16% - the 16th increase in under two years.</p> <p>Hong Liang and Yu Song of Goldman Sachs predicted in a note to clients that this year would see two interest rate rises and faster appreciation of the yuan.</p>",
      "newspaperPageNumber": "27",
      "wordcount": "333",
      "commentable": "false",
      "isPremoderated": "false",
      "lastModified": "2017-11-26T21:15:52Z",
      "newspaperEditionDate": "2008-04-17T00:00:00Z",
      "productionOffice": "UK",
      "publication": "The Guardian",
      "shortUrl": "https://gu.com/p/xaq3j",
      "shouldHideAdverts": "false",
      "showInRelatedContent": "true",
      "legallySensitive": "false",
      "lang": "en",
      "bodyText": "China's economy grew by 10.6% in the first quarter of the year despite the global downturn, severe winter weather and tighter lending, the National Bureau of Statistics reported yesterday. While growth in annual gross domestic product fell from 11.2% in the last quarter of 2007, analysts had forecast it would drop still further, to around 10%. Total economic output between January and March was 6.1tn yuan (\u00a3442bn), according to the bureau. \"Currently, the overall economic picture is better than we had expected,\" China's state council, or cabinet, said in a statement. \"The most pronounced economic problem is that the overall price level remains high.\" The government is keen to rein in China's formidable growth, which has exceeded 10% for five years in a row, and analysts predict it may fall to 9% over the year. That would still allow it to overtake Germany to become the third largest economy in the world. With inflation at 8.3% last month - not much lower than in February, when it hit an 11-year high at 8.7% - the government has good reason to be cautious. Price rises have caused significant unrest in China in the past and premier Wen Jiabao has said that tackling inflation is the country's economic priority. The government's target for the year is 4.8% - an attempt to dampen inflationary expectations rather than a serious goal. \"Consumer price inflation this year is still running at a high level,\" said Li Xiaochao, a spokesman for the bureau. Speaking at a press conference he said Beijing would enhance agricultural production (food prices have been rising at staggering rates) and adopt tight monetary policies. The central bank responded to yesterday's figures by raising the reserve requirement for banks to a record 16% - the 16th increase in under two years. Hong Liang and Yu Song of Goldman Sachs predicted in a note to clients that this year would see two interest rate rises and faster appreciation of the yuan.",
      "charCount": "1945"
    },
    "isHosted": false,
    "pillarId": "pillar/news",
    "pillarName": "News"
  },
  {
    "id": "business/2008/apr/17/oil.commodities",
    "type": "article",
    "sectionId": "business",
    "sectionName": "Business",
    "webPublicationDate": "2008-04-16T23:08:28Z",
    "webTitle": "Fresh oil price record fuels fears of \u00a31.50 petrol this summer",
    "webUrl": "https://www.theguardian.com/business/2008/apr/17/oil.commodities",
    "apiUrl": "https://content.guardianapis.com/business/2008/apr/17/oil.commodities",
    "fields": {
      "headline": "Fresh oil price record fuels fears of \u00a31.50 petrol this summer",
      "trailText": "<p>US government data shows unexpected fall in crude supplies, as dollar falls to new low against euro</p>",
      "byline": "Kathryn Hopkins",
      "main": "",
      "body": "<p>Fears that petrol could hit \u00a31.50 a litre by late summer were fuelled yesterday as world oil prices hit yet another record. US crude oil surged to $114.95 a barrel after government data showed an unexpected fall in crude supplies. US crude stocks, which analysts expected to rise, fell 2.3m barrels last week, the Energy Information Administration said. </p> <p>In London, Brent crude futures reached a record high of $112.73 a barrel, although both it and US crude later dropped back as dealers took profits.</p> <p>The renewed surge in oil prices is down to a weak US dollar, in which oil is priced, along with inflows of speculative money and long-term constraints on supply. \"The dominant factor is the US dollar and I expect this to continue,\" said Gerard Rigby, an analyst at Sydney-based Fuel First Consulting. \"Whenever you get any kind of good economic news out of the US at the moment, the dollar will rise and oil falls, and the other way round, you get a new oil record.\"</p> <p>The dollar fell to a new low yesterday against the euro of almost $1.60 after a barrage of weak news, the worst of which was a report showing housing starts had slumped to their lowest level in 17 years.</p> <p>\"After showing some signs of stabilisation in January and February, the March data on both home sales and construction have resumed their downward trend,\" said Julia Coronado, an analyst with Barclays Capital.</p> <p>The pound also fell to a new low against the euro of 80.87 pence, a fall of 10% since the beginning of the year, making holidays to Europe more expensive. But the pound gained slightly against the dollar to $1.973 as the dollar weakened more than sterling. Dealers expect the Bank of England to make further cuts to interest rates, which is likely to undermine the value of holding sterling assets. </p> <p>On Tuesday this week the website petrolprices.com predicted pump prices could hit \u00a31.50 a litre in September.</p>",
      "newspaperPageNumber": "24",
      "wordcount": "338",
      "commentable": "false",
      "isPremoderated": "false",
      "lastModified": "2017-11-26T21:15:50Z",
      "newspaperEditionDate": "2008-04-17T00:00:00Z",
      "productionOffice": "UK",
      "publication": "The Guardian",
      "shortUrl": "https://gu.com/p/xaq5v",
      "shouldHideAdverts": "false",
      "showInRelatedContent": "true",
      "legallySensitive": "false",
      "lang": "en",
      "bodyText": "Fears that petrol could hit \u00a31.50 a litre by late summer were fuelled yesterday as world oil prices hit yet another record. US crude oil surged to $114.95 a barrel after government data showed an unexpected fall in crude supplies. US crude stocks, which analysts expected to rise, fell 2.3m barrels last week, the Energy Information Administration said. In London, Brent crude futures reached a record high of $112.73 a barrel, although both it and US crude later dropped back as dealers took profits. The renewed surge in oil prices is down to a weak US dollar, in which oil is priced, along with inflows of speculative money and long-term constraints on supply. \"The dominant factor is the US dollar and I expect this to continue,\" said Gerard Rigby, an analyst at Sydney-based Fuel First Consulting. \"Whenever you get any kind of good economic news out of the US at the moment, the dollar will rise and oil falls, and the other way round, you get a new oil record.\" The dollar fell to a new low yesterday against the euro of almost $1.60 after a barrage of weak news, the worst of which was a report showing housing starts had slumped to their lowest level in 17 years. \"After showing some signs of stabilisation in January and February, the March data on both home sales and construction have resumed their downward trend,\" said Julia Coronado, an analyst with Barclays Capital. The pound also fell to a new low against the euro of 80.87 pence, a fall of 10% since the beginning of the year, making holidays to Europe more expensive. But the pound gained slightly against the dollar to $1.973 as the dollar weakened more than sterling. Dealers expect the Bank of England to make further cuts to interest rates, which is likely to undermine the value of holding sterling assets. On Tuesday this week the website petrolprices.com predicted pump prices could hit \u00a31.50 a litre in September.",
      "charCount": "1891"
    },
    "isHosted": false,
    "pillarId": "pillar/news",
    "pillarName": "News"
  },
  {
    "id": "world/2008/apr/17/russia.oil",
    "type": "article",
    "sectionId": "world",
    "sectionName": "World news",
    "webPublicationDate": "2008-04-16T23:02:44Z",
    "webTitle": "Obituary: Nikolai Baibakov",
    "webUrl": "https://www.theguardian.com/world/2008/apr/17/russia.oil",
    "apiUrl": "https://content.guardianapis.com/world/2008/apr/17/russia.oil",
    "fields": {
      "headline": "Nikolai Baibakov",
      "standfirst": "Stalin's oil supremo, he went on to direct the Soviet economy",
      "trailText": "<p><strong>Obituary:</strong> Stalin's oil supremo, he went on to direct the Soviet economy</p>",
      "byline": "David Hearst",
      "main": "",
      "body": "<p>Nikolai Baibakov, Stalin's oil commissar who went on to direct the Soviet Union's planned economy for two decades until the advent of Mikhail Gorbachev, has died in Moscow, aged 97. His life encompassed what a Russian would see as the greatest moments of the Soviet Union. But he also presided over its disintegration, which Baibakov viewed as a national tragedy.</p> <p>Baibakov had oil in his blood. He was born in pre-revolutionary times into an oil-driller's family in the Baku oilfield of Sabunchi, now in Azerbaijan. He worked his way up from oil engineer to commissar of the Soviet oil industry. </p> <p>In July 1942 he was summoned before the state defence committee, presided over by Stalin, who wanted Baibakov to do two things at once: stop the German forces, who were threatening to invade the Caucasus, from getting oil from the wells in Baku, while keeping the wells working until the last minute to supply the beleagured Soviet Army.</p> <p>Baibakov told him that the only way was to dismantle the most valuable equipment and move it to the east. He would keep the fields pumping until the last minute and then blow the wells up. Stalin sent him to the Caucasus with a team of sappers, but not without a warning. In an interview with Petroleum Economist in 1998, Baibakov recalls how Stalin pointed two fingers at his head and said: \"If you fail to stop the Germans getting our oil, you will be shot. And when we have thrown the invader out, if we cannot restart production, we will shoot you again.\" Baibakov avoided this fate by achieving both goals. </p> <p>His other outstanding war achievement was to build a pipeline under the ice to bring petrol to the besieged city of Leningrad. By 1946, oil production was back to prewar levels. When Stalin awarded him the post of commissar of the oil industry, he asked Stalin why he had not bothered to find out whether he could cope with the job. Stalin replied: \"Comrade Baibakov, we know our cadres,\" adding that a commissar must have nerves of steel and an optimistic temperament. </p> <p>He needed both qualities to deal with Lavrenti Beria, the head of the NKVD secret police, who took a personal interest in all strategic industries. Beria was often on the telephone. Once, when Beria rang him, Baibakov's wife Klaudia said her husband had flu and could not come to the phone. Beria, having none of it, ordered Baibakov to put on his galoshes and fly immediately to a refinery in Siberia. Baibakov did not disobey. Petroleum Engineer asked Baibakov if Beria had any of his colleagues in the oil industry shot. \"Yes, several,\" he replied.</p> <p>Baibakov became the architect of Soviet oil and gas exploration, a network which, to this day, remains the engine of the Russian economy. He quadrupled oil production over the following decade. Like many of his generation, he remained a convinced believer in Stalin. In 1955 he was appointed by Nikita Khrushchev to direct the Soviet Union's vast central-planning apparatus, Gosplan. He was present a year later at the secret session of the 20th party congress on Febuary 25 1956, when Khrushchev denounced Stalin as a tyrant who had had hundreds of thousands of citizens executed or sent to prison camps.</p> <p>The speech outraged Baibakov. \"Maybe there were individual incidents of repression,\" he conceded, \"but what Khrushchev denounced Stalin for, that never happened . . . Khrushchev just said those things to try and give himself more authority as a leader.\" Baibakov soon fell victim to Khrushchev's attempts to decentralise the economy. In 1957, he was dismissed from Gosplan and sent back to work in the provinces - in Krasnodar and his old haunt in the North Caucasus.</p> <p>But by 1965, the wheel of fortune had turned again. The year after Khrushchev's fall, Baibakov was reappointed to head Gosplan. For the next two decades he presided over both the best and worst of Soviet central planners. As statistics and documents began to lose all relation to economic output, Baibakov issued warnings about the economy, and attempted to draw them to the attention of Khrushchev's successor, Leonid Brezhnev. In the late 1970s Baibakov produced a report in which he tried to convince Brezhnev of the real state of the economy. Brezhnev said his report contained \"too many figures\" and suggested they go duck shooting instead.</p> <p>After enjoying a brief resurgence under Yuri Andropov, and having survived four Soviet leaders, Baibakov's nemesis came in the shape of Gorbachev and, in October 1985, the 74-year-old Baibakov was forced to resign.</p> <p>His granddaughter Maria Vladimorovna Baibakova recalled his horror at the market reforms introduced under Gorbachev and Boris Yeltsin. \"He shut up about them, but privately he was horrified by the collapse that they presided over.\" Baibakov knew Yeltsin was dismantling and selling off everything that he, Baibakov, had built. He was not against reform, but he was aghast at the way it was carried out, at the waste and corruption of privatisation. </p> <p> He told an interviewer: \"The market and private initiative are the wind in the sail, but the plan and planning are the rudder which guide the ship of the economy to its goal.\"</p> <p> Maria said:\" He was a good man, kind, attentive in private. He was one of the first men from Azerbaijan to make it to the top and he was proud of that.\" She survives him, together with his wife, son and daughter. </p> <p><strong>\u00b7</strong> Nikolai Konstantinovich Baibakov, economic administrator, born March 6 1911; died March 31 2008</p>",
      "newspaperPageNumber": "34",
      "wordcount": "920",
      "commentable": "false",
      "isPremoderated": "false",
      "lastModified": "2017-04-12T15:03:11Z",
      "newspaperEditionDate": "2008-04-17T00:00:00Z",
      "productionOffice": "UK",
      "publication": "The Guardian",
      "shortUrl": "https://gu.com/p/xaq24",
      "shouldHideAdverts": "false",
      "showInRelatedContent": "true",
      "legallySensitive": "false",
      "lang": "en",
      "bodyText": "Nikolai Baibakov, Stalin's oil commissar who went on to direct the Soviet Union's planned economy for two decades until the advent of Mikhail Gorbachev, has died in Moscow, aged 97. His life encompassed what a Russian would see as the greatest moments of the Soviet Union. But he also presided over its disintegration, which Baibakov viewed as a national tragedy. Baibakov had oil in his blood. He was born in pre-revolutionary times into an oil-driller's family in the Baku oilfield of Sabunchi, now in Azerbaijan. He worked his way up from oil engineer to commissar of the Soviet oil industry. In July 1942 he was summoned before the state defence committee, presided over by Stalin, who wanted Baibakov to do two things at once: stop the German forces, who were threatening to invade the Caucasus, from getting oil from the wells in Baku, while keeping the wells working until the last minute to supply the beleagured Soviet Army. Baibakov told him that the only way was to dismantle the most valuable equipment and move it to the east. He would keep the fields pumping until the last minute and then blow the wells up. Stalin sent him to the Caucasus with a team of sappers, but not without a warning. In an interview with Petroleum Economist in 1998, Baibakov recalls how Stalin pointed two fingers at his head and said: \"If you fail to stop the Germans getting our oil, you will be shot. And when we have thrown the invader out, if we cannot restart production, we will shoot you again.\" Baibakov avoided this fate by achieving both goals. His other outstanding war achievement was to build a pipeline under the ice to bring petrol to the besieged city of Leningrad. By 1946, oil production was back to prewar levels. When Stalin awarded him the post of commissar of the oil industry, he asked Stalin why he had not bothered to find out whether he could cope with the job. Stalin replied: \"Comrade Baibakov, we know our cadres,\" adding that a commissar must have nerves of steel and an optimistic temperament. He needed both qualities to deal with Lavrenti Beria, the head of the NKVD secret police, who took a personal interest in all strategic industries. Beria was often on the telephone. Once, when Beria rang him, Baibakov's wife Klaudia said her husband had flu and could not come to the phone. Beria, having none of it, ordered Baibakov to put on his galoshes and fly immediately to a refinery in Siberia. Baibakov did not disobey. Petroleum Engineer asked Baibakov if Beria had any of his colleagues in the oil industry shot. \"Yes, several,\" he replied. Baibakov became the architect of Soviet oil and gas exploration, a network which, to this day, remains the engine of the Russian economy. He quadrupled oil production over the following decade. Like many of his generation, he remained a convinced believer in Stalin. In 1955 he was appointed by Nikita Khrushchev to direct the Soviet Union's vast central-planning apparatus, Gosplan. He was present a year later at the secret session of the 20th party congress on Febuary 25 1956, when Khrushchev denounced Stalin as a tyrant who had had hundreds of thousands of citizens executed or sent to prison camps. The speech outraged Baibakov. \"Maybe there were individual incidents of repression,\" he conceded, \"but what Khrushchev denounced Stalin for, that never happened . . . Khrushchev just said those things to try and give himself more authority as a leader.\" Baibakov soon fell victim to Khrushchev's attempts to decentralise the economy. In 1957, he was dismissed from Gosplan and sent back to work in the provinces - in Krasnodar and his old haunt in the North Caucasus. But by 1965, the wheel of fortune had turned again. The year after Khrushchev's fall, Baibakov was reappointed to head Gosplan. For the next two decades he presided over both the best and worst of Soviet central planners. As statistics and documents began to lose all relation to economic output, Baibakov issued warnings about the economy, and attempted to draw them to the attention of Khrushchev's successor, Leonid Brezhnev. In the late 1970s Baibakov produced a report in which he tried to convince Brezhnev of the real state of the economy. Brezhnev said his report contained \"too many figures\" and suggested they go duck shooting instead. After enjoying a brief resurgence under Yuri Andropov, and having survived four Soviet leaders, Baibakov's nemesis came in the shape of Gorbachev and, in October 1985, the 74-year-old Baibakov was forced to resign. His granddaughter Maria Vladimorovna Baibakova recalled his horror at the market reforms introduced under Gorbachev and Boris Yeltsin. \"He shut up about them, but privately he was horrified by the collapse that they presided over.\" Baibakov knew Yeltsin was dismantling and selling off everything that he, Baibakov, had built. He was not against reform, but he was aghast at the way it was carried out, at the waste and corruption of privatisation. He told an interviewer: \"The market and private initiative are the wind in the sail, but the plan and planning are the rudder which guide the ship of the economy to its goal.\" Maria said:\" He was a good man, kind, attentive in private. He was one of the first men from Azerbaijan to make it to the top and he was proud of that.\" She survives him, together with his wife, son and daughter. \u00b7 Nikolai Konstantinovich Baibakov, economic administrator, born March 6 1911; died March 31 2008",
      "charCount": "5438"
    },
    "isHosted": false,
    "pillarId": "pillar/news",
    "pillarName": "News"
  },
  {
    "id": "world/2008/apr/17/korea.food",
    "type": "article",
    "sectionId": "world",
    "sectionName": "World news",
    "webPublicationDate": "2008-04-16T23:02:43Z",
    "webTitle": "UN fears tragedy over North Korean food shortage",
    "webUrl": "https://www.theguardian.com/world/2008/apr/17/korea.food",
    "apiUrl": "https://content.guardianapis.com/world/2008/apr/17/korea.food",
    "fields": {
      "headline": "UN fears tragedy over North Korean food shortage",
      "trailText": "<p>An estimated 6.5 million people are short of food as price for a kilogram of rice rises to around one-third of a typical worker's monthly salary</p>",
      "byline": "Tania Branigan in Beijing",
      "main": "",
      "body": "<p>The hand-to-mouth existence of North Korea's 23 million inhabitants is at risk of deteriorating into \"a serious tragedy\", the UN food agency warned yesterday.</p> <p>Long-term food shortages have been exacerbated by last year's floods, which devastated the country's agricultural production, while key donors China and South Korea are expected to reduce their direct aid to the country this year.</p> <p>Relations on the peninsula have deteriorated sharply since the new South Korean president, Lee Myung-bak, took power in February. Pyongyang is furious at his insistence that humanitarian assistance depends on the progress it makes in dismantling its nuclear weapons programme, a break with the previous \"sunshine policy\" of engagement.</p> <p>The World Food Programme estimates that already 6.5 million people are short of food. It said state rations were dwindling while prices in markets had doubled - with a kilogram of rice now costing around one-third of a typical worker's monthly salary.</p> <p>\"The food security situation is clearly bad and getting worse,\" said Tony Banbury, Asia regional director for WFP. \"It is increasingly likely that external assistance will be required to avert a tragedy.\"</p> <p>Jean-Pierre de Margerie, WFP's country director in North Korea, told the Associated Press that officials had admitted for the first time that they were having to reduce or suspend state rations. \"It's a bit of a perfect storm shaping up,\" he said.</p> <p>The hostile relationship with South Korea is taking its toll: Seoul has not sent its annual fertiliser donation to the north, which de Margerie said was likely to cause a decrease in this year's harvest.</p> <p>Hundreds of thousands of North Koreans are believed to have died in the famine of the 1990s.</p>",
      "newspaperPageNumber": "22",
      "wordcount": "277",
      "commentable": "false",
      "isPremoderated": "false",
      "lastModified": "2017-11-27T00:25:56Z",
      "newspaperEditionDate": "2008-04-17T00:00:00Z",
      "productionOffice": "UK",
      "publication": "The Guardian",
      "shortUrl": "https://gu.com/p/xaqxj",
      "shouldHideAdverts": "false",
      "showInRelatedContent": "true",
      "legallySensitive": "false",
      "lang": "en",
      "bodyText": "The hand-to-mouth existence of North Korea's 23 million inhabitants is at risk of deteriorating into \"a serious tragedy\", the UN food agency warned yesterday. Long-term food shortages have been exacerbated by last year's floods, which devastated the country's agricultural production, while key donors China and South Korea are expected to reduce their direct aid to the country this year. Relations on the peninsula have deteriorated sharply since the new South Korean president, Lee Myung-bak, took power in February. Pyongyang is furious at his insistence that humanitarian assistance depends on the progress it makes in dismantling its nuclear weapons programme, a break with the previous \"sunshine policy\" of engagement. The World Food Programme estimates that already 6.5 million people are short of food. It said state rations were dwindling while prices in markets had doubled - with a kilogram of rice now costing around one-third of a typical worker's monthly salary. \"The food security situation is clearly bad and getting worse,\" said Tony Banbury, Asia regional director for WFP. \"It is increasingly likely that external assistance will be required to avert a tragedy.\" Jean-Pierre de Margerie, WFP's country director in North Korea, told the Associated Press that officials had admitted for the first time that they were having to reduce or suspend state rations. \"It's a bit of a perfect storm shaping up,\" he said. The hostile relationship with South Korea is taking its toll: Seoul has not sent its annual fertiliser donation to the north, which de Margerie said was likely to cause a decrease in this year's harvest. Hundreds of thousands of North Koreans are believed to have died in the famine of the 1990s.",
      "charCount": "1727"
    },
    "isHosted": false,
    "pillarId": "pillar/news",
    "pillarName": "News"
  },
  {
    "id": "media/pda/2008/apr/16/linksfor20080416",
    "type": "article",
    "sectionId": "media",
    "sectionName": "Media",
    "webPublicationDate": "2008-04-16T19:31:17Z",
    "webTitle": "links for 2008-04-16",
    "webUrl": "https://www.theguardian.com/media/pda/2008/apr/16/linksfor20080416",
    "apiUrl": "https://content.guardianapis.com/media/pda/2008/apr/16/linksfor20080416",
    "fields": {
      "headline": "links for 2008-04-16",
      "trailText": "<p>\u2022 O2 slashes \u00a3100 from price of iPhone amid talk of slow salesRumours of new model have stalled sales...</p>",
      "byline": "Jemima Kiss",
      "main": "",
      "body": "<ul> <li><a href=\"http://www.theguardian.com/technology/2008/apr/16/iphone.telecoms?gusrc=rss&amp;feed=media\">O2 slashes \u00a3100 from price of iPhone amid talk of slow sales</a>Rumours of new model have stalled sales. Source: Guardian</li> <li><a href=\"http://www.theguardian.com/media/2008/apr/15/dmgt.digitalmedia?gusrc=rss&amp;feed=media\">Associated Northcliffe Digital claims it reaches 22m people</a>The publisher is the latest to try to combine print and online readership figures and the results are designed to encourage advertisers to pay for cross-media packages. Source: Guardian</li> <li><a href=\"http://blogs.theguardian.com/greenslade/2008/04/craigslist_expands_without_fan.html\">Craigslist expands without fanfare</a>The web empire that has wrecked newspaper business models across the world has added 120 cities. Source: Guardian Greenslade blog</li> <li><a href=\"http://news.cnet.co.uk/mobiles/0,39029678,49296515,00.htm\">Cubans sign up for first legal mobile phones</a>Hundreds of Cubans lined up at state-owned telephone offices on Monday to buy mobile-phone services previously available only to government officials and foreigners. Source: CNET</li> <li><a href=\"http://www.reuters.com/article/technologyNews/idUSL1578685820080415?feedType=RSS&amp;feedName=technologyNews\">France cracks down on pro-anorexia websites</a>French politicians called on Tuesday for stiff penalties of up to three years jail and heavy fines against pro-anorexia sites and publications that encourage girls and young women to starve themselves. Source: Reuters</li> <li><a href=\"http://www.reuters.com/article/technologyNews/idUSN1518543320080415?feedType=RSS&amp;feedName=technologyNews\">eBay to end live auctions with auction houses</a>The format represents a little-known, tiny piece of eBay's auction businesses -- most of which connect buyers and sellers online. Source: Reuters</li> <li><a href=\"http://www.paidcontent.org/entry/419-cbs-launches-citizen-journalism-site-for-mobile/\">CBS launches mobile citizen journalism site</a>CBS News has quietly launched a citizen journalism site, where users can upload photos and videos directly from their mobile phones. Source: paidContent</li> <li><a href=\"http://news.yahoo.com/s/pcworld/20080416/tc_pcworld/144682\">ISPs meddled with their customers' web traffic, study finds</a>One per cent of web pages have been adapted by ISPs to add targeted ads. Source: PCWorld</li> <li><a href=\"http://news.yahoo.com/s/cmp/20080416/tc_cmp/207200915\">Amazon DRM-free music has little impact on Apple iTunes</a>Just 10% of Amazon's MP3 customers have previously bought digital music from Apple's online store. Source: CMP</li> <li><a href=\"http://online.wsj.com/article/SB120830174063317705.html?mod=rss_whats_news_technology\">Music-video pros challenge YouTube</a>Technology start-up PluggedIn Media is to begin letting users view for free near-DVD-quality music videos licensed from three of the four biggest music companies. Source: Wall Street Journal</li> <li><a href=\"http://www.news.com/8301-13577_3-9919685-36.html\">Six Apart wrestles the social-media dragon</a>A new Facebook app called 'Blog It' allows users to update blogs and micro-blog at once. Source: CNET</li> <li><a href=\"http://www.variety.com/article/VR1117984033.html?categoryid=13&amp;cs=1&amp;nid=2570\">New Zealand backs legal download site</a>The country's Motion Picture Association is keen to establish a movie download website, allowing locals to download movies legally and so cut internet piracy. Source: Variety</li> <li><a href=\"http://www.paidcontent.org/entry/419-wsjcom-in-for-a-major-redesign-starts-with-some-sections/\">WSJ.com gets a facelift</a>First parts of the redesign are being rolled out now. Source: paidContent<br><br></li> <li><a href=\"http://uk.techcrunch.com/2008/04/15/dopplr-adds-hotel-and-travel-content/\">Dopplr adds hotel and travel content</a>Dopplr has quietly added content from Mr &amp; Mrs Smith, the boutique and luxury hotel guide. Source: TechCrunch UK</li> <li><a href=\"http://venturebeat.com/2008/04/15/facebook-is-kinda-competing-with-friendfeed-like-it-kinda-competes-with-twitter/\">Facebook's new social net management tool</a>A new feature that lets you add actions from other sites to the mini-feed of actions on your profile, including sites like local review site Yelp, photo site Picasa, and others. Source: VentureBeat</li> <li><a href=\"http://www.informationweek.com/news/services/data/showArticle.jhtml?articleID=207100430\">How to put Google Street View to practical use</a>Street View is the closest thing to teleportation that you can find outside the starship Enterprise. Source: InformationWeek</li> <li><a href=\"http://www.theguardian.com/media/2008/apr/16/dailymail.mailonsunday?gusrc=rss&amp;feed=media\">Mail Online rolls out redesign in beta</a>Mail Online today rolled out a beta version of its redesigned website for the Daily Mail and Mail on Sunday newspapers. Source: Guardian</li> <li><a href=\"http://blogs.theguardian.com/technology/2008/04/16/uk_music_industry_demands_an_ipod_tax_and_the_law_is_still_an_ass.html\">UK music industry demands an iPod tax (and the law is still an ass)</a>The UK's Music Business Group has proposed a levy on MP3 players to cover the cost of ripping audio CDs. Source: Guardian Technology Blog</li> <li><a href=\"http://www.journalism.co.uk/2/articles/531369.php\">London Mayoral candidates quizzed on crowdsourcing site</a>Yoosk is running an online hustings for the candidates running in next month's election. Source: Journalism.co.uk</li> <li><a href=\"http://online.wsj.com/article/SB120833235225819121.html?mod=rss_whats_news_technology\">Google sees weakness in clicks on search ads</a>The number of US consumers clicking on Google's search ads was weak once again in March, renewing concerns that it can meet its estimates. Source: Wall Street Journal</li> </ul> <br> <br>",
      "wordcount": "571",
      "commentCloseDate": "2008-04-23T19:31:17Z",
      "commentable": "true",
      "isPremoderated": "false",
      "lastModified": "2016-08-11T17:47:23Z",
      "newspaperEditionDate": "2008-04-16T00:00:00Z",
      "productionOffice": "UK",
      "publication": "theguardian.com",
      "shortUrl": "https://gu.com/p/2vbjg",
      "shouldHideAdverts": "false",
      "showInRelatedContent": "true",
      "legallySensitive": "false",
      "lang": "en",
      "bodyText": "O2 slashes \u00a3100 from price of iPhone amid talk of slow salesRumours of new model have stalled sales. Source: Guardian Associated Northcliffe Digital claims it reaches 22m peopleThe publisher is the latest to try to combine print and online readership figures and the results are designed to encourage advertisers to pay for cross-media packages. Source: Guardian Craigslist expands without fanfareThe web empire that has wrecked newspaper business models across the world has added 120 cities. Source: Guardian Greenslade blog Cubans sign up for first legal mobile phonesHundreds of Cubans lined up at state-owned telephone offices on Monday to buy mobile-phone services previously available only to government officials and foreigners. Source: CNET France cracks down on pro-anorexia websitesFrench politicians called on Tuesday for stiff penalties of up to three years jail and heavy fines against pro-anorexia sites and publications that encourage girls and young women to starve themselves. Source: Reuters eBay to end live auctions with auction housesThe format represents a little-known, tiny piece of eBay's auction businesses -- most of which connect buyers and sellers online. Source: Reuters CBS launches mobile citizen journalism siteCBS News has quietly launched a citizen journalism site, where users can upload photos and videos directly from their mobile phones. Source: paidContent ISPs meddled with their customers' web traffic, study findsOne per cent of web pages have been adapted by ISPs to add targeted ads. Source: PCWorld Amazon DRM-free music has little impact on Apple iTunesJust 10% of Amazon's MP3 customers have previously bought digital music from Apple's online store. Source: CMP Music-video pros challenge YouTubeTechnology start-up PluggedIn Media is to begin letting users view for free near-DVD-quality music videos licensed from three of the four biggest music companies. Source: Wall Street Journal Six Apart wrestles the social-media dragonA new Facebook app called 'Blog It' allows users to update blogs and micro-blog at once. Source: CNET New Zealand backs legal download siteThe country's Motion Picture Association is keen to establish a movie download website, allowing locals to download movies legally and so cut internet piracy. Source: Variety WSJ.com gets a faceliftFirst parts of the redesign are being rolled out now. Source: paidContent Dopplr adds hotel and travel contentDopplr has quietly added content from Mr &amp; Mrs Smith, the boutique and luxury hotel guide. Source: TechCrunch UK Facebook's new social net management toolA new feature that lets you add actions from other sites to the mini-feed of actions on your profile, including sites like local review site Yelp, photo site Picasa, and others. Source: VentureBeat How to put Google Street View to practical useStreet View is the closest thing to teleportation that you can find outside the starship Enterprise. Source: InformationWeek Mail Online rolls out redesign in betaMail Online today rolled out a beta version of its redesigned website for the Daily Mail and Mail on Sunday newspapers. Source: Guardian UK music industry demands an iPod tax (and the law is still an ass)The UK's Music Business Group has proposed a levy on MP3 players to cover the cost of ripping audio CDs. Source: Guardian Technology Blog London Mayoral candidates quizzed on crowdsourcing siteYoosk is running an online hustings for the candidates running in next month's election. Source: Journalism.co.uk Google sees weakness in clicks on search adsThe number of US consumers clicking on Google's search ads was weak once again in March, renewing concerns that it can meet its estimates. Source: Wall Street Journal",
      "charCount": "3712"
    },
    "isHosted": false,
    "pillarId": "pillar/news",
    "pillarName": "News"
  },
  {
    "id": "business/2008/apr/16/oil.brazil",
    "type": "article",
    "sectionId": "business",
    "sectionName": "Business",
    "webPublicationDate": "2008-04-16T14:44:23Z",
    "webTitle": "Surprise discovery off coast of Brazil may confound the oil and gas doom-mongers",
    "webUrl": "https://www.theguardian.com/business/2008/apr/16/oil.brazil",
    "apiUrl": "https://content.guardianapis.com/business/2008/apr/16/oil.brazil",
    "fields": {
      "headline": "Surprise discovery off coast of Brazil may confound the oil and gas doom-mongers",
      "standfirst": "<strong>&middot;</strong> Claims that offshore field is world's third biggest <br /><strong>&middot;</strong> Shares in partner BG close up 5% despite doubts",
      "trailText": "<p>Claims that offshore field is world's third biggest as shares in partner BG close up 5% despite doubts</p>",
      "byline": "Terry Macalister",
      "main": "<figure class=\"element element-image\" data-media-id=\"gu-image-333631196\"> <img src=\"http://static.guim.co.uk/sys-images/Guardian/Pix/pictures/2008/04/15/0415_oil_460x276.jpg\" alt=\"Oil platform off Rio de Janeiro\" width=\"460\" height=\"276\" class=\"gu-image\" /> <figcaption> <span class=\"element-image__caption\">Oil platform off Rio de Janeiro. Photograph: Marcelo Sayao/EPA</span> </figcaption> </figure>",
      "body": "<p>Excitement about the potential of Brazil as a massive new source of oil and gas intensified yesterday after a senior energy ministry official declared that the newly found Carioca field could have 33bn barrels in place.</p> <p>The comments by Haroldo Lima, head of Brazil's National Petroleum Agency, that the country was harbouring an oil find that vied with the largest in Saudi Arabia and Kuwait, sent the price of shares in BG, the UK exploration company, up 5% and helped lift the wider London market. The news of the discovery also contradicts pronouncements that growth in world oil production may have peaked.</p> <p>Lima told an industry conference that Petrobras, the national oil company partnered by BG, \"may have discovered a huge petroleum field that could contain reserves as large as 33bn barrels, amounting to the world's third largest reservoir\".</p> <p>Amid expressions of surprise and scepticism from industry experts, Lima's agency later issued a statement saying his comments were based on a recent report in a world oil magazine. Other ministers said it was better to wait for official estimates from Petrobras itself.</p> <p>Industry analysts said it was possible Lima was adding together the reserves of nearby fields in the wider Carioca area off Rio de Janeiro and the figures underlined that Brazil had recently been accepted as one of the great new oil and gas \"plays\".</p> <p>Dieter Helm, professor of energy policy at Oxford University and a British government energy adviser, said: \"It does not surprise me that these kinds of numbers [33bn barrels] are out there. Whether it is attributed to Carioca itself or elsewhere it should not distract from the point that there is plenty of oil around.\"</p> <p>BG declined to comment but sources close to the business - formerly a part of state-owned British Gas - said it was too early to make estimates of how much oil or gas was contained within the Carioca reservoir. \"More evaluation [by drilling] is needed,\" said one well-informed source.</p> <p>Matthew Shaw, Latin American energy analyst with Edinburgh-based oil consultant Wood Mackenzie, said: \"I don't know how he calculates that. It [the 33bn barrels number] is not credible. This is an unfortunate slip of the tongue by a senior member of the NPA. It is likely to be a fairly modest discovery with a few hundred million barrels in place.\"</p> <p>Shaw said the unfortunate comments were symptomatic of the \"oil fever\" that was sweeping Brazil in the aftermath of recent - and confirmed - world-class discoveries such as Tupi, another field where BG has a stake and which has got between five and eight billion recoverable reserves.</p> <p>Those figures are 10 to 16 times bigger than BG's Buzzard discovery in the North Sea which led to new optimism about the UK's own offshore potential and helped revive drilling interest in the area at a time when local crude prices have been hitting new highs. </p> <p>Paradoxically, Brazil is at the centre of the biofuels revolution because the government encouraged motorists there to switch to crop-based fuels such as ethanol before anyone else - at a time when the country was trying to cut its oil import bills because it had no indigenous supplies.</p> <p>While Brazil now exports sugar cane-based ethanol, the country is beginning to believe that it could become one of the world's great future crude oil exporters and might in future join the Opec oil cartel.</p> <p>Petrobras has just spent more than $8bn (\u00a34bn) signing up new rigs to explore in the very deep waters off Brazil.</p> <p>While the potential of the latest find in Brazil could add significant supplies to a global oil market that has seen prices reach record levels on the basis that supplies are very tight, it would take the best part of a decade before Carioca is ready for production.</p> <p>The field would first need to be appraised with extra drilling. Then, production platforms would need to be designed and built before output could begin. Petrobras, BG and their Spanish partner, Repsol, have in the past said that Carioca was smaller than Tupi.</p> <p>BG has increasingly targeted Brazil as an important area, having bought a 51% stake in the downstream gas distribution business, Comgas. It has an estimated 8,000 square kilometres of offshore acreage to explore in Brazil and holds a 25% stake in the Tupi find and a 30% holding in Carioca. Brazil has traditionally been overlooked as an energy provider because other Latin American producers such as Venezuela and Mexico are much more significant.</p> <h2>Peak oil theory</h2> <p>Peak oil theorists believe the price of crude will forever rise as oil firms try to find increasingly scarce supplies at a time when the fast-industrialisation of China and India is boosting demand.</p> <p>After yesterday's report showing Russian output stagnating, the normally cheaper Brent blend reached record levels of \u00a356 a barrel. However, fears of a sharp slide in Russian production look misplaced, says Capital Economics, in London. And there is huge cause for optimism over Brazilian supplies. The UK energy adviser Dieter Helm says the world is not running out of oil; much exists under the now melting ice caps. \"Finding oil isn't the issue - it's whether we want to find it, burn it and [as global warming increases] all fry,\" he said.</p> <p>\u00b7 This article was amended on Saturday April 19 2008. Brazil's ethanol is made from sugar cane. It is not corn-based as we said in the article above. This has been corrected.</p>",
      "newspaperPageNumber": "27",
      "wordcount": "911",
      "commentable": "false",
      "isPremoderated": "false",
      "lastModified": "2018-02-14T20:15:22Z",
      "newspaperEditionDate": "2008-04-16T00:00:00Z",
      "productionOffice": "UK",
      "publication": "The Guardian",
      "shortUrl": "https://gu.com/p/xan27",
      "shouldHideAdverts": "false",
      "showInRelatedContent": "true",
      "legallySensitive": "false",
      "lang": "en",
      "bodyText": "Excitement about the potential of Brazil as a massive new source of oil and gas intensified yesterday after a senior energy ministry official declared that the newly found Carioca field could have 33bn barrels in place. The comments by Haroldo Lima, head of Brazil's National Petroleum Agency, that the country was harbouring an oil find that vied with the largest in Saudi Arabia and Kuwait, sent the price of shares in BG, the UK exploration company, up 5% and helped lift the wider London market. The news of the discovery also contradicts pronouncements that growth in world oil production may have peaked. Lima told an industry conference that Petrobras, the national oil company partnered by BG, \"may have discovered a huge petroleum field that could contain reserves as large as 33bn barrels, amounting to the world's third largest reservoir\". Amid expressions of surprise and scepticism from industry experts, Lima's agency later issued a statement saying his comments were based on a recent report in a world oil magazine. Other ministers said it was better to wait for official estimates from Petrobras itself. Industry analysts said it was possible Lima was adding together the reserves of nearby fields in the wider Carioca area off Rio de Janeiro and the figures underlined that Brazil had recently been accepted as one of the great new oil and gas \"plays\". Dieter Helm, professor of energy policy at Oxford University and a British government energy adviser, said: \"It does not surprise me that these kinds of numbers [33bn barrels] are out there. Whether it is attributed to Carioca itself or elsewhere it should not distract from the point that there is plenty of oil around.\" BG declined to comment but sources close to the business - formerly a part of state-owned British Gas - said it was too early to make estimates of how much oil or gas was contained within the Carioca reservoir. \"More evaluation [by drilling] is needed,\" said one well-informed source. Matthew Shaw, Latin American energy analyst with Edinburgh-based oil consultant Wood Mackenzie, said: \"I don't know how he calculates that. It [the 33bn barrels number] is not credible. This is an unfortunate slip of the tongue by a senior member of the NPA. It is likely to be a fairly modest discovery with a few hundred million barrels in place.\" Shaw said the unfortunate comments were symptomatic of the \"oil fever\" that was sweeping Brazil in the aftermath of recent - and confirmed - world-class discoveries such as Tupi, another field where BG has a stake and which has got between five and eight billion recoverable reserves. Those figures are 10 to 16 times bigger than BG's Buzzard discovery in the North Sea which led to new optimism about the UK's own offshore potential and helped revive drilling interest in the area at a time when local crude prices have been hitting new highs. Paradoxically, Brazil is at the centre of the biofuels revolution because the government encouraged motorists there to switch to crop-based fuels such as ethanol before anyone else - at a time when the country was trying to cut its oil import bills because it had no indigenous supplies. While Brazil now exports sugar cane-based ethanol, the country is beginning to believe that it could become one of the world's great future crude oil exporters and might in future join the Opec oil cartel. Petrobras has just spent more than $8bn (\u00a34bn) signing up new rigs to explore in the very deep waters off Brazil. While the potential of the latest find in Brazil could add significant supplies to a global oil market that has seen prices reach record levels on the basis that supplies are very tight, it would take the best part of a decade before Carioca is ready for production. The field would first need to be appraised with extra drilling. Then, production platforms would need to be designed and built before output could begin. Petrobras, BG and their Spanish partner, Repsol, have in the past said that Carioca was smaller than Tupi. BG has increasingly targeted Brazil as an important area, having bought a 51% stake in the downstream gas distribution business, Comgas. It has an estimated 8,000 square kilometres of offshore acreage to explore in Brazil and holds a 25% stake in the Tupi find and a 30% holding in Carioca. Brazil has traditionally been overlooked as an energy provider because other Latin American producers such as Venezuela and Mexico are much more significant. Peak oil theory Peak oil theorists believe the price of crude will forever rise as oil firms try to find increasingly scarce supplies at a time when the fast-industrialisation of China and India is boosting demand. After yesterday's report showing Russian output stagnating, the normally cheaper Brent blend reached record levels of \u00a356 a barrel. However, fears of a sharp slide in Russian production look misplaced, says Capital Economics, in London. And there is huge cause for optimism over Brazilian supplies. The UK energy adviser Dieter Helm says the world is not running out of oil; much exists under the now melting ice caps. \"Finding oil isn't the issue - it's whether we want to find it, burn it and [as global warming increases] all fry,\" he said. \u00b7 This article was amended on Saturday April 19 2008. Brazil's ethanol is made from sugar cane. It is not corn-based as we said in the article above. This has been corrected.",
      "charCount": "5391"
    },
    "isHosted": false,
    "pillarId": "pillar/news",
    "pillarName": "News"
  },
  {
    "id": "business/marketforceslive/2008/apr/16/airlinesareunderthespotlig",
    "type": "article",
    "sectionId": "business",
    "sectionName": "Business",
    "webPublicationDate": "2008-04-16T11:55:51Z",
    "webTitle": "Oil prices force rethink on airlines",
    "webUrl": "https://www.theguardian.com/business/marketforceslive/2008/apr/16/airlinesareunderthespotlig",
    "apiUrl": "https://content.guardianapis.com/business/marketforceslive/2008/apr/16/airlinesareunderthespotlig",
    "fields": {
      "headline": "Oil prices force rethink on airlines",
      "trailText": "<p>Airlines are under the spotlight today with analysts at Collins Stewart taking a fresh look at their estimates in the light of record oil prices.</p>",
      "byline": "Katie Allen",
      "main": "",
      "body": "<p>Airlines are under the spotlight today with analysts at Collins Stewart taking a fresh look at their estimates in the light of record oil prices.</p> <p>The broker is now using a spot oil price assumption of $110 per barrel in its airline models and that has knocked some of its earnings estimates by as much as 53%. Its price targets and valuations have been cut by up to 29% with Aer Lingus and <a href=\"http://www.guardian.co.uk/business/ryanair\">Ryanair</a> seeing the biggest downward adjustments.</p> <p>\"Whilst historically airlines have offset a substantial proportion of fuel cost increases, with the economic backdrop weakening, it is questionable whether yield increases will be possible in the coming years,\" says Collins Stewart's Andrew Fitchie.</p> <p>\"The economic backdrop and demand environment will determine whether yields can be managed upwards to provide some relief. Equally, carriers will work hard to continue to squeeze non-fuel costs. Ultimately, we believe wholesale capacity rationalisation could be necessary, through a combination of parking planes, deferring/cancelling orders, mergers or airlines going bust.\"</p> <p>Describing airlines as a \"no-go sector for many\", Fitchie advises to continue to \"sell those at a premium\". He singles out Germany's Lufthansa and UK mid-cap <a href=\"http://www.guardian.co.uk/business/easyjetbusiness\">easyJet</a>.</p> <p>But he is more positive on Britain's flag carrier, saying \"We continue to see strategic value in <a href=\"http://www.guardian.co.uk/business/britishairwaysbusiness\">British Airways</a>.\" He has a \"buy\" recommendation on the shares and flags up the benefits of more terminals in Heathrow airport.</p> <p>\"Despite a difficult initial transition in to T5, it should be a catalyst for a further step change in productivity,\" says Fitchie. \"We remain positive on the stock because there are numerous near-term positive changes taking place (restructuring, de-risking, T5) and we believe BA will play a key role in a pending industry consolidation.\"</p> <p>BA's shares are up 3.4% at 215.5p. EasyJet is up just 0.3% to 313p.</p> <p>Overall, the FTSE 100 is on course to put in its second day of gains in a row, up 45 points, or 0.8%, at 5,952. Experian is the top riser, up more than 8% to 384.75p after stronger-than-expected second-half revenue growth. </p> <p>Unemployment data have done little to move the market so the next direction will come from Wall Street. Ahead of the open, <a href=\"http://www.guardian.co.uk/business/jpmorgan\">JP Morgan</a> has reported a halving in profits in the first quarter.</p> <p>Martin Slaney, head of derivatives at GFT, insists, however, that the third-largest bank in the US is on a roll and is likely to buoy the wider market today.</p> <p>\"Yes, profits have fallen but $2.4bn profit is still a shining star compared with its peers and these earnings have come in above what was generally expected. </p> <p>\"With a balance sheet that appears in fairly rude health, and barring any Credit Suisse-style valuation surprises, JP Morgan's principal investment team should be able to benefit from opportunities likely to be presented by continued market stress over the coming quarters. </p> <p>\"Given the hugely significant rescue role which JP Morgan has played recently, these results will set a positive tone for the broader market today. We expect JP Morgan to open up around 2% and for the Dow to open up around 40 points.\"</p>",
      "wordcount": "521",
      "commentCloseDate": "2008-04-23T11:55:51Z",
      "commentable": "true",
      "isInappropriateForSponsorship": "false",
      "isPremoderated": "false",
      "lastModified": "2015-12-18T16:11:09Z",
      "newspaperEditionDate": "2008-04-16T00:00:00Z",
      "productionOffice": "UK",
      "publication": "theguardian.com",
      "shortUrl": "https://gu.com/p/xp4yh",
      "shouldHideAdverts": "false",
      "showInRelatedContent": "true",
      "legallySensitive": "false",
      "lang": "en",
      "bodyText": "Airlines are under the spotlight today with analysts at Collins Stewart taking a fresh look at their estimates in the light of record oil prices. The broker is now using a spot oil price assumption of $110 per barrel in its airline models and that has knocked some of its earnings estimates by as much as 53%. Its price targets and valuations have been cut by up to 29% with Aer Lingus and Ryanair seeing the biggest downward adjustments. \"Whilst historically airlines have offset a substantial proportion of fuel cost increases, with the economic backdrop weakening, it is questionable whether yield increases will be possible in the coming years,\" says Collins Stewart's Andrew Fitchie. \"The economic backdrop and demand environment will determine whether yields can be managed upwards to provide some relief. Equally, carriers will work hard to continue to squeeze non-fuel costs. Ultimately, we believe wholesale capacity rationalisation could be necessary, through a combination of parking planes, deferring/cancelling orders, mergers or airlines going bust.\" Describing airlines as a \"no-go sector for many\", Fitchie advises to continue to \"sell those at a premium\". He singles out Germany's Lufthansa and UK mid-cap easyJet. But he is more positive on Britain's flag carrier, saying \"We continue to see strategic value in British Airways.\" He has a \"buy\" recommendation on the shares and flags up the benefits of more terminals in Heathrow airport. \"Despite a difficult initial transition in to T5, it should be a catalyst for a further step change in productivity,\" says Fitchie. \"We remain positive on the stock because there are numerous near-term positive changes taking place (restructuring, de-risking, T5) and we believe BA will play a key role in a pending industry consolidation.\" BA's shares are up 3.4% at 215.5p. EasyJet is up just 0.3% to 313p. Overall, the FTSE 100 is on course to put in its second day of gains in a row, up 45 points, or 0.8%, at 5,952. Experian is the top riser, up more than 8% to 384.75p after stronger-than-expected second-half revenue growth. Unemployment data have done little to move the market so the next direction will come from Wall Street. Ahead of the open, JP Morgan has reported a halving in profits in the first quarter. Martin Slaney, head of derivatives at GFT, insists, however, that the third-largest bank in the US is on a roll and is likely to buoy the wider market today. \"Yes, profits have fallen but $2.4bn profit is still a shining star compared with its peers and these earnings have come in above what was generally expected. \"With a balance sheet that appears in fairly rude health, and barring any Credit Suisse-style valuation surprises, JP Morgan's principal investment team should be able to benefit from opportunities likely to be presented by continued market stress over the coming quarters. \"Given the hugely significant rescue role which JP Morgan has played recently, these results will set a positive tone for the broader market today. We expect JP Morgan to open up around 2% and for the Dow to open up around 40 points.\"",
      "charCount": "3102"
    },
    "isHosted": false,
    "pillarId": "pillar/news",
    "pillarName": "News"
  },
  {
    "id": "environment/2008/apr/16/food.ethicalliving",
    "type": "article",
    "sectionId": "environment",
    "sectionName": "Environment",
    "webPublicationDate": "2008-04-16T10:07:30Z",
    "webTitle": "Aditya Chakrabortty explains why our food could cost much more from now on",
    "webUrl": "https://www.theguardian.com/environment/2008/apr/16/food.ethicalliving",
    "apiUrl": "https://content.guardianapis.com/environment/2008/apr/16/food.ethicalliving",
    "fields": {
      "headline": "Fields of gold",
      "standfirst": "The price of bread is the highest it has ever been. It's all down to the rising  cost of wheat, which has doubled in the past year alone. What is going on?  Aditya Chakrabortty explains why all our food could cost much more from now on",
      "trailText": "<p>The price of bread is the highest it has ever been. It's all down to the rising  cost of wheat, which has doubled in the past year alone. What is going on?  <strong>Aditya Chakrabortty: </strong> explains why all our food could cost much more from now on</p>",
      "byline": "Aditya Chakrabortty",
      "main": "",
      "body": "<p>Call it the revenge of Marie Antoinette. The French queen, who on being told that her subjects had no bread suggested they eat cake instead, has gone down in history as callous, unworldly and fully deserving of the guillotine. Last year, however, farmers in Pennsylvania began following her advice. Since standard animal feed had become too dear, they started giving their pigs and cows chocolate - and banana chips and cashews and yogurt-covered raisins, any of which were cheaper than run-of the-mill corn and beans. One farmer even supplied his cattle a special \"party mix\" of popcorn, pretzels, cheese curls and crisps. This, he told reporters, saved 10% on feed costs. </p> <p>From hogs in the US to shoppers in the UK, we are all being hit by higher food costs. Bread, milk and other foodstuffs consumers think of as basic are nothing of the sort; instead, they are subject to a complex range of pressures stretching from London to China, from America to Australia. The price of that daily loaf is fluctuating according to what happens on the Minneapolis Grain Exchange, or the outlook for the Indian economy.</p> <p>What all that means is that if you think bread is already pricey, think again: it will almost certainly go higher. A loaf of Hovis Classic White, that staple of school lunchboxes, now goes for around \u00a31, already far above what it fetched a year ago. But the company behind Hovis, Premier Foods, warned last month that it would have to raise prices again. Premier also admitted that its profits from bread sales had nearly halved, thanks to what it termed \"an exceptional level of cost inflation\".</p> <p>To get some sense of what Premier and other food sellers are battling with you must journey through a thicket of weird and wonderful names. Where shoppers see a loaf of sliced bread, experts think of US hard red winter wheat. But the basic picture is stark. Wheat prices, which were already creeping up, have doubled in the past year. And some types of the crop have risen more than that: spring wheat (a protein-rich variant that apparently goes into the better class of sandwich) has shot up from $220 (\u00a3110) a tonne last April to $578 now.</p> <p>The most immediate reason for the spike is a traditional one: poor harvests. There was barely any rain in Australia last year and the year before that, so stockpiles of wheat have hit a 30-year low. This year's harvest, however, is set to be a lot better, and that in itself would not account for such a dramatic surge in prices.</p> <p>Another factor is more recent: biofuels. As of yesterday, 2.5% of all petrol and diesel sold in the UK must be made from plants. And that will rise by 2010 to 5.75%. This is part of the government's push to combat climate change. In comparison with fossil fuels, energy derived from plants is touted as cleaner and greener. The problem is that they take up land and crops that might otherwise feed people. It's not just the UK that has got on the biofuel bandwagon. America is easily the biggest country on board, as it looks to reduce demand for petrol. The result has been that 20% of the American maize crop has gone not into feeding people, but fuelling machines.</p> <p>The precise effect of the biofuel craze on food prices is controversial; some experts claim it has had minimal impact. They get short shrift from people like Amy Reynolds, senior economist at the International Grains Council. She says, \"At the start of the decade, a small amount of grain - 18m tonnes - was used for industrial purposes. This year 100m tonnes will go towards biofuels and other industrial purposes. Can anyone really tell me that that hasn't had an impact on what we pay for food?\"</p> <p>So if you want to bring down food prices, one obvious thing to do is to call a halt to biofuels. But that would probably not reverse the trend. The long-term reason why prices are going up is simply that more people are eating more - especially in the increasingly prosperous developing countries such as China and India. In 1985, for instance, the average Chinese person ate 20kg of meat a year; now she eats more than 50kg a year. When you consider that it takes 10kg of feed to make 1kg of beef, the effects of these billions of new consumers is dramatic.</p> <p>There are two responses to this. One is to quote Thomas Malthus and to argue that a rising population always means scarcity of precious resources. But that is probably melodramatic. The truth is that for a long time, the west has had access to cheap resources. Once you strip out inflation, what we paid for wheat dropped by more than 80% between 1973 and 2000. Even now, after the record rises for wheat prices, what we pay is still below the levels of the 70s.</p> <p>In an ideal world, we would simply adjust for the new wealth of the east by adjusting our spending: eat slightly less meat, or not throw away our leftovers. But this transition is unlikely to be so smooth. For one, while British shoppers have to pay more at the till, poor countries such as Bangladesh are struggling to feed themselves. And the consequences could be brutal.</p> <p>This past weekend, Dominique Strauss-Kahn, managing director of the International Monetary Fund, said the food crisis posed questions about whether governments in some countries would survive. \"As we know, sometimes those questions lead to war,\" he said. \"We now need to devote 100% of our time to these questions.\"</p> <p>In the UK, too, as we face a slowing economy, higher food prices are just what we don't need. Over the past few months, Mervyn King, head of the Bank of England, has been sounding increasingly worried about the rising cost of living. \"The higher level of energy and food prices is a genuine reduction in our standard of living relative to where it would otherwise have been,\" King said a few weeks ago. \"This is because of the higher prices that all of us are having to pay.\"</p> <p>Just ask Joseph Gazzano. He owns an Italian delicatessen in London serving a loyal bunch of customers, but lately he's been getting flak from what he calls his old ladies.</p> <p>\"The pensioners who come here look at the prices shooting up and think I'm the one to blame,\" he says. His continental bread has gone up by 30p in six months, and biscuits have risen 20p to a pound. What's happened to the pasta? \"Don't mention the pasta,\" he says. \"All that lot\" - he points to the shelves of conchiglie, orecchiette and tufoli - \"all that lot has shot up.\"</p> <p>And he's not responsible. \"One of my suppliers has been in the business 50 years and he says he's never seen an inflationary period like this. All the stuff I buy has gone sky-high. I can absorb some of the price rises, but not all. And it worries me: it doesn't matter if the price of petrol goes up - you can bike it. But food going up matters because you have to eat\".</p> <h2>Bread facts</h2> <p><strong>Average price for 800g white sliced loaf</strong></p> <p><strong>Date Price</strong><br>Feb 2005 \u00a30.69<br>Feb 2006 \u00a30.78<br>Feb 2007 \u00a30.85<br>Feb 2008 \u00a31.13</p> <p><strong>Average bread consumption in UK </strong><br>1960 <strong>1,300g</strong> per week<br>1980 <strong>950g</strong> per week<br>2000 <strong>800g</strong> per week</p> <p><strong>How the price varies around Britain ... </strong><br>London \u00a31.45/kg<br>Manchester \u00a31.11/kg</p> <p><strong>... and around the world</strong><br>Austria \u00a34.22/kg<br>Russia \u00a33.51/kg<br>US \u00a33.37/kg<br>Japan \u00a33.29/kg</p> <p><strong>Did you know ... ? </strong><br><strong>\u00b7 </strong>The UK bakery market is worth over <strong>\u00a32.7bn</strong><br><strong>\u00b7 </strong>The average UK household buys <strong>66 loaves</strong> per year<br><strong>\u00b7 44%</strong> of men eat bread twice a day, compared with<strong> 25%</strong> of women </p> <p><strong>Source: </strong>Office of National Statistics. Research by <strong>Lucy Glennon</strong></p> <h2>Inflation-proof your diet </h2> <p><strong>How changing your shopping list could save you money </strong></p> <p>The cold, hard facts are, it has to be said, unappetising: according to the UN, world food prices are up 45% in the past nine months, wheat and rice prices are up 130% since March 2007, and global food reserves stand at their lowest for 30 years. Meanwhile, research by the website <a href=\"HTTP://WWW.MySupermarket.co.uk\">MySupermarket.co.uk</a> suggests the price of the average British shopping basket is up by 11% on a year ago, with some kinds of bread up by 33%, pasta by 80% and rice by 32%. And with livestock fed on crops such as wheat, corn and soya, beef prices have risen by more than 60%, chicken by more than 70%, and eggs by 40%. So is there anything we can eat that is inflation-proof? Should we all go foraging for cobnuts? Are molluscs affected by these price hikes? </p> <p>It would help if we went vegan. At any rate, we should eat less meat. Red meat requires more grain than white meat: a chicken requires 2kg of grain for every kilogram of meat, compared to a cow's 8kg, for example (though some cows graze on pasture rather than eat meal). George Monbiot urges us to eat tilapia: \"This is a freshwater fish that can be raised entirely on vegetable matter and has the best conversion efficiency - about 1.6kg of feed for 1kg of meat - of any farmed animal.\" </p> <p>Should we, then, just stick to vegetables? \"Fruit and vegetables might be OK,\" says David Barling, senior lecturer in health management at City University. \"Potatoes might be a good bet, but they may have suffered because of last year's floods.\" Indeed, the floods caused widespread crop damage in the UK, with broccoli, carrots, peas and potatoes particularly affected - in some parts of Lincolnshire it was estimated that 40% of the pea crop may have been damaged. </p> <p>Of course, in other areas, as wine-makers in Australia will undoubtedly tell you, there is a sincere want of rain, but this year looks brighter for Europe: \"The market is more relaxed because the water table in Europe is higher,\" says Alex Beckett, a reporter for the Grocer magazine who has been following food prices closely. \"This time last year, there had been no rain, and the market was bricking it.\" Wheat planting has also increased, so prices should drift downwards again. \"But what is now likely,\" Barling adds, \"is price volatility because of variable harvests and the relative unpredictability of the weather.\"</p> <p>There are futher complications. \"There is not always a direct correlation between how cheap food is to produce and how cheap it is to buy,\" says Barling, \"as many retailers will seize on mark-up opportunities to balance other losses. It would make sense for a retailer to keep bread and milk prices down, for example.\" Poultry is also likely to rise in price more quickly than bread. \"Wheat is only about 13% of bread's cost, whereas with poultry, grain is about 60% of the cost. So bread prices might go up, but more slowly, as there is more scope for other stages in the supply chain to absorb the costs.\" Beckett agrees: \"Your standard loaf of Hovis white reached a maximum price of \u00a31.15 in January, but now Asda and Tesco have driven the price down to \u00a31, absorbing the cost.\" </p> <p>Beckett supplies further optimism: \"Over the winter, food prices sky-rocketed, but over March they have levelled, because of promotions, sales and events such as Mother's Day and Easter.\" And, he adds, household brands will likely prove inflation-proof \"because bigger names have bigger bargaining power [with the suppliers], which makes them evergreen products\". So is a packet of McVitie's chocolate digestives likely to be more inflation-proof than, say, Asda's own-brand version? \"Yes. McVitie's is a huge company.\" So no need to mortgage your children in the name of barm cakes and biscuits just yet.<br><strong>Laura Barton</strong></p>",
      "newspaperPageNumber": "4",
      "wordcount": "1984",
      "commentable": "false",
      "isPremoderated": "false",
      "lastModified": "2017-11-25T23:32:45Z",
      "newspaperEditionDate": "2008-04-16T00:00:00Z",
      "productionOffice": "UK",
      "publication": "The Guardian",
      "shortUrl": "https://gu.com/p/xanvj",
      "shouldHideAdverts": "false",
      "showInRelatedContent": "true",
      "legallySensitive": "false",
      "lang": "en",
      "bodyText": "Call it the revenge of Marie Antoinette. The French queen, who on being told that her subjects had no bread suggested they eat cake instead, has gone down in history as callous, unworldly and fully deserving of the guillotine. Last year, however, farmers in Pennsylvania began following her advice. Since standard animal feed had become too dear, they started giving their pigs and cows chocolate - and banana chips and cashews and yogurt-covered raisins, any of which were cheaper than run-of the-mill corn and beans. One farmer even supplied his cattle a special \"party mix\" of popcorn, pretzels, cheese curls and crisps. This, he told reporters, saved 10% on feed costs. From hogs in the US to shoppers in the UK, we are all being hit by higher food costs. Bread, milk and other foodstuffs consumers think of as basic are nothing of the sort; instead, they are subject to a complex range of pressures stretching from London to China, from America to Australia. The price of that daily loaf is fluctuating according to what happens on the Minneapolis Grain Exchange, or the outlook for the Indian economy. What all that means is that if you think bread is already pricey, think again: it will almost certainly go higher. A loaf of Hovis Classic White, that staple of school lunchboxes, now goes for around \u00a31, already far above what it fetched a year ago. But the company behind Hovis, Premier Foods, warned last month that it would have to raise prices again. Premier also admitted that its profits from bread sales had nearly halved, thanks to what it termed \"an exceptional level of cost inflation\". To get some sense of what Premier and other food sellers are battling with you must journey through a thicket of weird and wonderful names. Where shoppers see a loaf of sliced bread, experts think of US hard red winter wheat. But the basic picture is stark. Wheat prices, which were already creeping up, have doubled in the past year. And some types of the crop have risen more than that: spring wheat (a protein-rich variant that apparently goes into the better class of sandwich) has shot up from $220 (\u00a3110) a tonne last April to $578 now. The most immediate reason for the spike is a traditional one: poor harvests. There was barely any rain in Australia last year and the year before that, so stockpiles of wheat have hit a 30-year low. This year's harvest, however, is set to be a lot better, and that in itself would not account for such a dramatic surge in prices. Another factor is more recent: biofuels. As of yesterday, 2.5% of all petrol and diesel sold in the UK must be made from plants. And that will rise by 2010 to 5.75%. This is part of the government's push to combat climate change. In comparison with fossil fuels, energy derived from plants is touted as cleaner and greener. The problem is that they take up land and crops that might otherwise feed people. It's not just the UK that has got on the biofuel bandwagon. America is easily the biggest country on board, as it looks to reduce demand for petrol. The result has been that 20% of the American maize crop has gone not into feeding people, but fuelling machines. The precise effect of the biofuel craze on food prices is controversial; some experts claim it has had minimal impact. They get short shrift from people like Amy Reynolds, senior economist at the International Grains Council. She says, \"At the start of the decade, a small amount of grain - 18m tonnes - was used for industrial purposes. This year 100m tonnes will go towards biofuels and other industrial purposes. Can anyone really tell me that that hasn't had an impact on what we pay for food?\" So if you want to bring down food prices, one obvious thing to do is to call a halt to biofuels. But that would probably not reverse the trend. The long-term reason why prices are going up is simply that more people are eating more - especially in the increasingly prosperous developing countries such as China and India. In 1985, for instance, the average Chinese person ate 20kg of meat a year; now she eats more than 50kg a year. When you consider that it takes 10kg of feed to make 1kg of beef, the effects of these billions of new consumers is dramatic. There are two responses to this. One is to quote Thomas Malthus and to argue that a rising population always means scarcity of precious resources. But that is probably melodramatic. The truth is that for a long time, the west has had access to cheap resources. Once you strip out inflation, what we paid for wheat dropped by more than 80% between 1973 and 2000. Even now, after the record rises for wheat prices, what we pay is still below the levels of the 70s. In an ideal world, we would simply adjust for the new wealth of the east by adjusting our spending: eat slightly less meat, or not throw away our leftovers. But this transition is unlikely to be so smooth. For one, while British shoppers have to pay more at the till, poor countries such as Bangladesh are struggling to feed themselves. And the consequences could be brutal. This past weekend, Dominique Strauss-Kahn, managing director of the International Monetary Fund, said the food crisis posed questions about whether governments in some countries would survive. \"As we know, sometimes those questions lead to war,\" he said. \"We now need to devote 100% of our time to these questions.\" In the UK, too, as we face a slowing economy, higher food prices are just what we don't need. Over the past few months, Mervyn King, head of the Bank of England, has been sounding increasingly worried about the rising cost of living. \"The higher level of energy and food prices is a genuine reduction in our standard of living relative to where it would otherwise have been,\" King said a few weeks ago. \"This is because of the higher prices that all of us are having to pay.\" Just ask Joseph Gazzano. He owns an Italian delicatessen in London serving a loyal bunch of customers, but lately he's been getting flak from what he calls his old ladies. \"The pensioners who come here look at the prices shooting up and think I'm the one to blame,\" he says. His continental bread has gone up by 30p in six months, and biscuits have risen 20p to a pound. What's happened to the pasta? \"Don't mention the pasta,\" he says. \"All that lot\" - he points to the shelves of conchiglie, orecchiette and tufoli - \"all that lot has shot up.\" And he's not responsible. \"One of my suppliers has been in the business 50 years and he says he's never seen an inflationary period like this. All the stuff I buy has gone sky-high. I can absorb some of the price rises, but not all. And it worries me: it doesn't matter if the price of petrol goes up - you can bike it. But food going up matters because you have to eat\". Bread facts Average price for 800g white sliced loaf Date Price Feb 2005 \u00a30.69 Feb 2006 \u00a30.78 Feb 2007 \u00a30.85 Feb 2008 \u00a31.13 Average bread consumption in UK 1960 1,300g per week 1980 950g per week 2000 800g per week How the price varies around Britain ... London \u00a31.45/kg Manchester \u00a31.11/kg ... and around the world Austria \u00a34.22/kg Russia \u00a33.51/kg US \u00a33.37/kg Japan \u00a33.29/kg Did you know ... ? \u00b7 The UK bakery market is worth over \u00a32.7bn \u00b7 The average UK household buys 66 loaves per year \u00b7 44% of men eat bread twice a day, compared with 25% of women Source: Office of National Statistics. Research by Lucy Glennon Inflation-proof your diet How changing your shopping list could save you money The cold, hard facts are, it has to be said, unappetising: according to the UN, world food prices are up 45% in the past nine months, wheat and rice prices are up 130% since March 2007, and global food reserves stand at their lowest for 30 years. Meanwhile, research by the website MySupermarket.co.uk suggests the price of the average British shopping basket is up by 11% on a year ago, with some kinds of bread up by 33%, pasta by 80% and rice by 32%. And with livestock fed on crops such as wheat, corn and soya, beef prices have risen by more than 60%, chicken by more than 70%, and eggs by 40%. So is there anything we can eat that is inflation-proof? Should we all go foraging for cobnuts? Are molluscs affected by these price hikes? It would help if we went vegan. At any rate, we should eat less meat. Red meat requires more grain than white meat: a chicken requires 2kg of grain for every kilogram of meat, compared to a cow's 8kg, for example (though some cows graze on pasture rather than eat meal). George Monbiot urges us to eat tilapia: \"This is a freshwater fish that can be raised entirely on vegetable matter and has the best conversion efficiency - about 1.6kg of feed for 1kg of meat - of any farmed animal.\" Should we, then, just stick to vegetables? \"Fruit and vegetables might be OK,\" says David Barling, senior lecturer in health management at City University. \"Potatoes might be a good bet, but they may have suffered because of last year's floods.\" Indeed, the floods caused widespread crop damage in the UK, with broccoli, carrots, peas and potatoes particularly affected - in some parts of Lincolnshire it was estimated that 40% of the pea crop may have been damaged. Of course, in other areas, as wine-makers in Australia will undoubtedly tell you, there is a sincere want of rain, but this year looks brighter for Europe: \"The market is more relaxed because the water table in Europe is higher,\" says Alex Beckett, a reporter for the Grocer magazine who has been following food prices closely. \"This time last year, there had been no rain, and the market was bricking it.\" Wheat planting has also increased, so prices should drift downwards again. \"But what is now likely,\" Barling adds, \"is price volatility because of variable harvests and the relative unpredictability of the weather.\" There are futher complications. \"There is not always a direct correlation between how cheap food is to produce and how cheap it is to buy,\" says Barling, \"as many retailers will seize on mark-up opportunities to balance other losses. It would make sense for a retailer to keep bread and milk prices down, for example.\" Poultry is also likely to rise in price more quickly than bread. \"Wheat is only about 13% of bread's cost, whereas with poultry, grain is about 60% of the cost. So bread prices might go up, but more slowly, as there is more scope for other stages in the supply chain to absorb the costs.\" Beckett agrees: \"Your standard loaf of Hovis white reached a maximum price of \u00a31.15 in January, but now Asda and Tesco have driven the price down to \u00a31, absorbing the cost.\" Beckett supplies further optimism: \"Over the winter, food prices sky-rocketed, but over March they have levelled, because of promotions, sales and events such as Mother's Day and Easter.\" And, he adds, household brands will likely prove inflation-proof \"because bigger names have bigger bargaining power [with the suppliers], which makes them evergreen products\". So is a packet of McVitie's chocolate digestives likely to be more inflation-proof than, say, Asda's own-brand version? \"Yes. McVitie's is a huge company.\" So no need to mortgage your children in the name of barm cakes and biscuits just yet. Laura Barton",
      "charCount": "11167"
    },
    "isHosted": false,
    "pillarId": "pillar/news",
    "pillarName": "News"
  },
  {
    "id": "technology/2008/apr/16/iphone.telecoms",
    "type": "article",
    "sectionId": "technology",
    "sectionName": "Technology",
    "webPublicationDate": "2008-04-16T06:45:31Z",
    "webTitle": "O2 slashes \u00a3100 from price of iPhone amid talk of slow sales",
    "webUrl": "https://www.theguardian.com/technology/2008/apr/16/iphone.telecoms",
    "apiUrl": "https://content.guardianapis.com/technology/2008/apr/16/iphone.telecoms",
    "fields": {
      "headline": "O2 slashes \u00a3100 from price of iPhone amid talk of slow sales",
      "trailText": "<p>O2 is cutting the price of the smaller version of Apple's iPhone amid fears that sales have stalled as the company prepares to launch a better version over the summer. By <strong>Richard Wray</strong></p>",
      "byline": "Richard Wray",
      "main": "",
      "body": "<p>The mobile phone company O2 is slashing the price of the smaller version of Apple's iPhone by \u00a3100, amid fears that sales of the combined phone and music player have stalled as the California computer company prepares to launch a better version over the summer.</p> <p>From today the \"basic\" 8GB version of the phone - which can store roughly 2,000 songs - will be \u00a3169, compared with \u00a3269 when the device went on sale in the UK just before Christmas. </p> <p>Customers willing to buy the phone, however, will still have to pay O2 at least \u00a335 a month for their calls and texts. The price of the larger 16GB phone will remain at \u00a3329.</p> <p>Anyone who does rush out to buy the cheap iPhone, however, may find themselves regretting the decision by the summer as Apple is expected to launch the so-called 3G version of the iPhone at its Worldwide Developers' Conference in San Francisco in June.</p> <p>The speculation - which Apple has refused to comment on - is that there will be an 8GB version of the 3G phone in the US for $399 (\u00a3200) and a 16GB 3G iPhone for $499. There has also been talk of a 32GB 3G iPhone for $100 more.</p> <p>The existing iPhones stocked by O2 - and its sole independent retail partner, Carphone Warehouse - use the old so-called 2G mobile phone network. </p> <p>Customers can connect to the internet over their home computer network or public Wi-Fi access points, but where this is not an option the existing 2G phone can be very slow to download information. Music tracks cannot, for instance, be downloaded from the iTunes store on to the phone without a Wi-Fi connection because the mobile network is so slow. The next-generation 3G iPhone, however, will have a much faster connection to the mobile internet.</p> <p>Apple's exclusive network partner in Germany, T-Mobile, has already slashed the cost of its 8GB current generation iPhone to just \u20ac99 (\u00a380).</p> <p>O2, which has the iPhone under an exclusive deal with Apple, said the decision to launch its price promotion, which will run until June 1, \"will create additional momentum for what has been O2's fastest selling device\".</p> <p>Others in the industry, however, believe sales have been slowing down. O2 maintains it has hit its target of \"several hundred thousand\" phones sold since launch. </p> <p>But after the initial hype died down, sales are believed to have slackened off. The company recently resumed its TV advertising campaign for the phone.</p> <p>Rival handset manufacturers such as Nokia, LG and Samsung, meanwhile, have produced similarly shaped phones that can play music and are free to new customers of other mobile phone networks.</p>",
      "newspaperPageNumber": "5",
      "wordcount": "446",
      "commentable": "false",
      "isPremoderated": "false",
      "lastModified": "2017-12-29T08:23:48Z",
      "newspaperEditionDate": "2008-04-16T00:00:00Z",
      "productionOffice": "UK",
      "publication": "The Guardian",
      "shortUrl": "https://gu.com/p/xan2h",
      "shouldHideAdverts": "false",
      "showInRelatedContent": "true",
      "legallySensitive": "false",
      "lang": "en",
      "bodyText": "The mobile phone company O2 is slashing the price of the smaller version of Apple's iPhone by \u00a3100, amid fears that sales of the combined phone and music player have stalled as the California computer company prepares to launch a better version over the summer. From today the \"basic\" 8GB version of the phone - which can store roughly 2,000 songs - will be \u00a3169, compared with \u00a3269 when the device went on sale in the UK just before Christmas. Customers willing to buy the phone, however, will still have to pay O2 at least \u00a335 a month for their calls and texts. The price of the larger 16GB phone will remain at \u00a3329. Anyone who does rush out to buy the cheap iPhone, however, may find themselves regretting the decision by the summer as Apple is expected to launch the so-called 3G version of the iPhone at its Worldwide Developers' Conference in San Francisco in June. The speculation - which Apple has refused to comment on - is that there will be an 8GB version of the 3G phone in the US for $399 (\u00a3200) and a 16GB 3G iPhone for $499. There has also been talk of a 32GB 3G iPhone for $100 more. The existing iPhones stocked by O2 - and its sole independent retail partner, Carphone Warehouse - use the old so-called 2G mobile phone network. Customers can connect to the internet over their home computer network or public Wi-Fi access points, but where this is not an option the existing 2G phone can be very slow to download information. Music tracks cannot, for instance, be downloaded from the iTunes store on to the phone without a Wi-Fi connection because the mobile network is so slow. The next-generation 3G iPhone, however, will have a much faster connection to the mobile internet. Apple's exclusive network partner in Germany, T-Mobile, has already slashed the cost of its 8GB current generation iPhone to just \u20ac99 (\u00a380). O2, which has the iPhone under an exclusive deal with Apple, said the decision to launch its price promotion, which will run until June 1, \"will create additional momentum for what has been O2's fastest selling device\". Others in the industry, however, believe sales have been slowing down. O2 maintains it has hit its target of \"several hundred thousand\" phones sold since launch. But after the initial hype died down, sales are believed to have slackened off. The company recently resumed its TV advertising campaign for the phone. Rival handset manufacturers such as Nokia, LG and Samsung, meanwhile, have produced similarly shaped phones that can play music and are free to new customers of other mobile phone networks.",
      "charCount": "2561"
    },
    "isHosted": false,
    "pillarId": "pillar/news",
    "pillarName": "News"
  }
]