[
  {
    "id": "commentisfree/2008/feb/17/whythebarriosstilllovehug",
    "type": "article",
    "sectionId": "commentisfree",
    "sectionName": "Opinion",
    "webPublicationDate": "2008-02-17T14:00:00Z",
    "webTitle": "Why the barrios still love Hugo",
    "webUrl": "https://www.theguardian.com/commentisfree/2008/feb/17/whythebarriosstilllovehug",
    "apiUrl": "https://content.guardianapis.com/commentisfree/2008/feb/17/whythebarriosstilllovehug",
    "fields": {
      "headline": "Why the barrios still love Hugo",
      "standfirst": "Despite the rightwing press campaign against him, Chavez is still popular in Venezuela, since his tenure has made a difference",
      "trailText": "<p><strong>Calvin Tucker:</strong> Despite the rightwing press campaign against him, Chavez is still popular in Venezuela, since his tenure has made a difference</p>",
      "byline": "Calvin Tucker",
      "main": "",
      "body": "<p>The drive from Simon Bolivar airport to the centre of Caracas retains the capacity to shock even the most hardened of travellers. It is not that poverty in oil-rich Venezuela is particularly acute by Latin American standards. I have seen much worse in Peru; mothers with dull eyes for whom a book is no more than an unintelligible mass of paper and ink, and children who grab at your trouser legs and, in return for a few coins, agree to cease whining: \"Meester, please, me hungry\"; the transaction robbing both the hunter and his prey of their humanity. In Venezuela, the shock is less to do with absolute poverty, and more to do with the way that social contrasts are expressed through geography, and in particular, altitude.</p> <p>Hugo Ch\u00e1vez, the country's socialist president, is often blamed for the political polarisation of Venezuelan society. But the fact that the basis of that divide - the polarisation of wealth and power - long preceded Ch\u00e1vez, is proved by the urban landscape.</p> <p>Suppose it were you in the passenger seat on your way into Caracas. Along the route you would doubtless look out of the window to your right. Were you to do so, you would see rows of ostentatious high-rise apartment blocks with polished windows, some of them with neatly manicured jungles protruding out of each balcony like a series of elaborate Chelsea flower shows rising into the sky. These are the homes of the middle classes. Then, if you turned your head and looked up the mountainside to your left, you would be confronted with reality as experienced by most Venezuelans: the barrio.</p> <p>It is impossible to describe the architecture of a Caracas barrio by reference to a poor neighbourhood in London, Paris or New York. Seen from a distance, it is as if God had taken a giant wheelbarrow, filled with hundreds of thousands of tiny, half-made cubes and then proceeded to pour the contents indiscriminately over the mountainsides. As the cubes land, they come to rest in no particular order; one perched precariously atop another, all of them somehow defying the force of gravity.</p> <p>But of course, the barrios were constructed by people: poor people from the countryside who migrated to the city during the course of the 20th century. When they arrived, finding no homes or land at prices they could afford, they squatted on unused land on the sides of the mountains, and began to surround the city with their own makeshift dwellings, built with whatever materials they could lay their hands on: usually a combination of brick, breeze block and tin, or for the less fortunate, cardboard.</p> <p>The view from my friend's balcony on the 24th floor of a tower block, situated in the middle-class district of Los Dos Caminos, is spectacular. It is as if I am surveying the city from atop a lighthouse that has been plonked in the centre of a giant misshapen bowl. In the centre, there are streets arranged in straight lines, modern blocks of flats, gleaming shopping malls, and the ever-present traffic jams. Wrapped around the sides of the bowl are the barrios. Three or four kilometres from my vantage point is the Petare barrio, one of the largest in Latin America and home to almost half a million Venezuelans. At night, Petare rises in glittering yellow and white dots like the lights of a thousand Christmas trees. Soon the barrio will sparkle in monochrome, as the government programme of replacing the old yellow bulbs with energy-saving white ones nears completion.</p> <p>The landscape provides a physical dimension to the sense that Caracas is a city under siege from itself: the better-off, literally, looking up at the poor who look down on the richer citizens. Politically also, Venezuelan society, in the throes of its 21st century socialist revolution, has some features of the siege warfare of previous eras. Those who were formerly socially excluded now have political power; although the wealthy retain much of the economic and ideological power, through their ownership of the private media and other businesses.</p> <p>Despite Ch\u00e1vez having won 10 elections and referendums (and immediately accepting defeat in the one he lost), the disinformation war against Venezuelan democracy continues unabated. Two weeks ago, one of the presenters on Globovision told his viewers, apparently with a straight face, that a bank robbery in <a href=\"http://www.canada.com/topics/news/world/story.html?id=a8c2cab7-5e8e-4b15-8b16-efca6ee94622&amp;k=89682\">Altagracia de Orituco</a> was the fault of Ch\u00e1vez. Later I watched a talk show where three upper-class pundits announced, again with no detectable trace of irony, that they were planning to march against \"hunger and poverty\". Incredibly, they meant their hunger and their poverty.</p> <p>A few days earlier, I had been shopping in a typical Caracas supermarket in an upmarket part of town. The selection of foodstuffs, fresh, frozen and tinned, stacked high on every shelf, was as impressive as anything offered by Tesco or Wal-Mart. The only product we could not find was milk, which is being hoarded and illegally exported to Colombia by producers and distributors in an attempt to bust government price controls on basic foodstuffs. And despite the sporadic shortages, Venezuelans of all social classes are consuming <a href=\"http://www.rnv.gov.ve/noticias/index.php?act=ST&amp;f=31&amp;t=59754\">more food than ever before</a>. In the barrios, state-owned Mercal supermarkets sell food at around half the market price.</p> <p>On another occasion, I stopped for a cafe negro at one of the multi-purpose street kiosks that are dotted all around Caracas. The usual selection of anti-government newspapers were on display: El Nacional, El Universal, El Mundo, El Nuevo Pais, as well as one or two more moderate organs. Most of them led with an anti-Ch\u00e1vez story, but the headline that grabbed my attention was the one from Tal Cual, a supposedly liberal paper: \"Another dictatorship? Never!\" it screamed. Last year one of their front page headlines was \"Heil Hugo\". Underneath was a photomontage of Chavez in a Hitler moustache. Despite these provocations, neither Tal Cual nor any of the more extreme rightwing papers has ever been subject to any censorship by the Ch\u00e1vez administration. Polls show that the percentage of Venezuelans who are \"satisfied with their democracy works\", has risen from 35% to 59% during the Ch\u00e1vez presidency. The Latin American <a href=\"http://www.vicuk.org/index.php?option=com_content&amp;task=view&amp;id=235&amp;Itemid=29\">average is 37%</a>.</p> <p>In December, Ch\u00e1vez suffered his first ever electoral defeat. Constitutional changes that would have enshrined participatory democracy and removed the limit on the number of terms a president could serve, were rejected by the narrowest of margins in a nationwide referendum. While the opposition vote remained unchanged at four and a half million, over one third of government supporters opted to stay at home. Many reasons have been advanced to explain this mass abstention, including the milk shortages; high crime rates and corruption; the complexity of the proposals; bureaucratic inefficiency; a poor campaign and complacency.</p> <p>Undoubtedly, private media propaganda also played its part in confusing supporters of the revolution and shoring up support for the opposition. One man I spoke to told me that his mother-in-law, a hitherto loyal Ch\u00e1vez voter, had abstained, fearing that if the amendments were passed, the government would nationalise her apartment. I checked the voting records for the middle-class area where I was staying. Some 87% of my neighbours had voted against the proposals. However, it would be foolish for the opposition to draw too much comfort from their referendum victory. Ch\u00e1vez remains overwhelmingly popular in the barrios and provided that the government is able to refocus its efforts on delivery, those of his supporters who abstained will turn out in future elections.</p> <p>What lies behind the shrill anti- Ch\u00e1vez hysteria (much of it <a href=\"http://www.chavezcode.com/2007/09/submarines-and-lots-of-dough.html\">financed by the US government</a>) isn't a crumbling economy or state repression, but the exclusion of the former ruling class and their allies in Washington from the levers of state power. While Venezuela retains many of the features of the pre-revolutionary era, including bureaucracy and corruption, <a href=\"http://i6.photobucket.com/albums/y218/oilwars/income.jpg\">independent surveys</a> show that incomes for the working class and poor majority have risen by a staggering 130% in real terms.</p> <p>But the changes in people's lives involve more than just improvements in material living standards. While on a visit to the town of Naiguata on the Caribbean coast, I happened upon one of the 2,000 new clinics which are providing top-quality healthcare to Venezuela's poor majority. Inside, I spoke to Antonio Brito, a 25-year-old Venezuelan doctor who had recently graduated from the <a href=\"http://en.wikipedia.org/wiki/Latin_American_School_of_Medicine_(Cuba)\">Latin American School of Medicine</a> in Cuba. Doctor Brito told me that of the 94 students in his class, over one-third were from indigenous communities. Those who graduated with him are now serving in their tribal villages. I asked Brito how much a foreigner like me would be charged for treatment. \"Here, medical treatment is completely free for everybody,\" he replied. \"The only qualification is that you are a human being.\"</p> <p>In the mountains of the <a href=\"http://www.el23.net/principal.htm\">23 de Enero barrio</a> in Caracas, I saw more examples of the transformation that is taking place in Venezuela. In one part of the barrio, I saw newly installed gas pipes running up the side of each house. Residents are also being connected to the outside world. In the La Ca\u00f1ada district, I visited a brand new <a href=\"http://21stcenturysocialism.com/article/venezuela_bringing_information_technology_to_the_people_an_interview_with_ireland_trotman_a_facilitator_at_the_ramon_ismael_ramos_infocentre_in_caracas_01605.html\">infocentre</a>, which provides computer training and unlimited broadband internet access on 74 terminals, free of charge. One of the facilitators explained that the infocentre is the result of a partnership between the ministry of science and technology and the local community. The ministry provided the building materials, logistical support and computers, and the community built the centre and chose the staff. Five hundred similar infocentres have been opened in the barrios.</p> <p>Of course, Venezuela's socialist revolution is not occurring in a geopolitical vacuum. The re-emergence of multi-polarity, specifically <a href=\"http://21stcenturysocialism.com/article/how_china_rises_01546.html\">the rise of China</a> and the resurgence of Russia, has created economic and political possibilities for third world countries that previously would have been unthinkable. A host of Latin American states, among them Bolivia, Ecuador and Nicaragua, have decisively rejected neo-liberal orthodoxy and US hegemony, and are <a href=\"http://21stcenturysocialism.com/article/alba_latin_americas_anti-imperialist_economic_project_01110.html\">co-operating through Alba</a> and other mutual trade and investment arrangements. In South Africa, the clean sweep for the left in the elections to the leadership of the <a href=\"http://21stcenturysocialism.com/article/arrow_in_the_wind_01587.html\">country's governing ANC</a>, was in part inspired by the changes taking place in Latin America.</p> <p>A popular slogan painted on walls across Latin America is Un Mundo Mejor es Necesario; in English - a better world is necessary. For the first time in a generation, a better world is also becoming possible.</p>",
      "wordcount": "1748",
      "commentCloseDate": "2008-02-19T14:00:00Z",
      "commentable": "true",
      "isPremoderated": "false",
      "lastModified": "2018-03-04T13:03:18Z",
      "newspaperEditionDate": "2008-02-17T00:00:00Z",
      "productionOffice": "UK",
      "publication": "theguardian.com",
      "shortUrl": "https://gu.com/p/xcxqa",
      "shouldHideAdverts": "false",
      "showInRelatedContent": "true",
      "legallySensitive": "false",
      "lang": "en",
      "bodyText": "The drive from Simon Bolivar airport to the centre of Caracas retains the capacity to shock even the most hardened of travellers. It is not that poverty in oil-rich Venezuela is particularly acute by Latin American standards. I have seen much worse in Peru; mothers with dull eyes for whom a book is no more than an unintelligible mass of paper and ink, and children who grab at your trouser legs and, in return for a few coins, agree to cease whining: \"Meester, please, me hungry\"; the transaction robbing both the hunter and his prey of their humanity. In Venezuela, the shock is less to do with absolute poverty, and more to do with the way that social contrasts are expressed through geography, and in particular, altitude. Hugo Ch\u00e1vez, the country's socialist president, is often blamed for the political polarisation of Venezuelan society. But the fact that the basis of that divide - the polarisation of wealth and power - long preceded Ch\u00e1vez, is proved by the urban landscape. Suppose it were you in the passenger seat on your way into Caracas. Along the route you would doubtless look out of the window to your right. Were you to do so, you would see rows of ostentatious high-rise apartment blocks with polished windows, some of them with neatly manicured jungles protruding out of each balcony like a series of elaborate Chelsea flower shows rising into the sky. These are the homes of the middle classes. Then, if you turned your head and looked up the mountainside to your left, you would be confronted with reality as experienced by most Venezuelans: the barrio. It is impossible to describe the architecture of a Caracas barrio by reference to a poor neighbourhood in London, Paris or New York. Seen from a distance, it is as if God had taken a giant wheelbarrow, filled with hundreds of thousands of tiny, half-made cubes and then proceeded to pour the contents indiscriminately over the mountainsides. As the cubes land, they come to rest in no particular order; one perched precariously atop another, all of them somehow defying the force of gravity. But of course, the barrios were constructed by people: poor people from the countryside who migrated to the city during the course of the 20th century. When they arrived, finding no homes or land at prices they could afford, they squatted on unused land on the sides of the mountains, and began to surround the city with their own makeshift dwellings, built with whatever materials they could lay their hands on: usually a combination of brick, breeze block and tin, or for the less fortunate, cardboard. The view from my friend's balcony on the 24th floor of a tower block, situated in the middle-class district of Los Dos Caminos, is spectacular. It is as if I am surveying the city from atop a lighthouse that has been plonked in the centre of a giant misshapen bowl. In the centre, there are streets arranged in straight lines, modern blocks of flats, gleaming shopping malls, and the ever-present traffic jams. Wrapped around the sides of the bowl are the barrios. Three or four kilometres from my vantage point is the Petare barrio, one of the largest in Latin America and home to almost half a million Venezuelans. At night, Petare rises in glittering yellow and white dots like the lights of a thousand Christmas trees. Soon the barrio will sparkle in monochrome, as the government programme of replacing the old yellow bulbs with energy-saving white ones nears completion. The landscape provides a physical dimension to the sense that Caracas is a city under siege from itself: the better-off, literally, looking up at the poor who look down on the richer citizens. Politically also, Venezuelan society, in the throes of its 21st century socialist revolution, has some features of the siege warfare of previous eras. Those who were formerly socially excluded now have political power; although the wealthy retain much of the economic and ideological power, through their ownership of the private media and other businesses. Despite Ch\u00e1vez having won 10 elections and referendums (and immediately accepting defeat in the one he lost), the disinformation war against Venezuelan democracy continues unabated. Two weeks ago, one of the presenters on Globovision told his viewers, apparently with a straight face, that a bank robbery in Altagracia de Orituco was the fault of Ch\u00e1vez. Later I watched a talk show where three upper-class pundits announced, again with no detectable trace of irony, that they were planning to march against \"hunger and poverty\". Incredibly, they meant their hunger and their poverty. A few days earlier, I had been shopping in a typical Caracas supermarket in an upmarket part of town. The selection of foodstuffs, fresh, frozen and tinned, stacked high on every shelf, was as impressive as anything offered by Tesco or Wal-Mart. The only product we could not find was milk, which is being hoarded and illegally exported to Colombia by producers and distributors in an attempt to bust government price controls on basic foodstuffs. And despite the sporadic shortages, Venezuelans of all social classes are consuming more food than ever before. In the barrios, state-owned Mercal supermarkets sell food at around half the market price. On another occasion, I stopped for a cafe negro at one of the multi-purpose street kiosks that are dotted all around Caracas. The usual selection of anti-government newspapers were on display: El Nacional, El Universal, El Mundo, El Nuevo Pais, as well as one or two more moderate organs. Most of them led with an anti-Ch\u00e1vez story, but the headline that grabbed my attention was the one from Tal Cual, a supposedly liberal paper: \"Another dictatorship? Never!\" it screamed. Last year one of their front page headlines was \"Heil Hugo\". Underneath was a photomontage of Chavez in a Hitler moustache. Despite these provocations, neither Tal Cual nor any of the more extreme rightwing papers has ever been subject to any censorship by the Ch\u00e1vez administration. Polls show that the percentage of Venezuelans who are \"satisfied with their democracy works\", has risen from 35% to 59% during the Ch\u00e1vez presidency. The Latin American average is 37%. In December, Ch\u00e1vez suffered his first ever electoral defeat. Constitutional changes that would have enshrined participatory democracy and removed the limit on the number of terms a president could serve, were rejected by the narrowest of margins in a nationwide referendum. While the opposition vote remained unchanged at four and a half million, over one third of government supporters opted to stay at home. Many reasons have been advanced to explain this mass abstention, including the milk shortages; high crime rates and corruption; the complexity of the proposals; bureaucratic inefficiency; a poor campaign and complacency. Undoubtedly, private media propaganda also played its part in confusing supporters of the revolution and shoring up support for the opposition. One man I spoke to told me that his mother-in-law, a hitherto loyal Ch\u00e1vez voter, had abstained, fearing that if the amendments were passed, the government would nationalise her apartment. I checked the voting records for the middle-class area where I was staying. Some 87% of my neighbours had voted against the proposals. However, it would be foolish for the opposition to draw too much comfort from their referendum victory. Ch\u00e1vez remains overwhelmingly popular in the barrios and provided that the government is able to refocus its efforts on delivery, those of his supporters who abstained will turn out in future elections. What lies behind the shrill anti- Ch\u00e1vez hysteria (much of it financed by the US government) isn't a crumbling economy or state repression, but the exclusion of the former ruling class and their allies in Washington from the levers of state power. While Venezuela retains many of the features of the pre-revolutionary era, including bureaucracy and corruption, independent surveys show that incomes for the working class and poor majority have risen by a staggering 130% in real terms. But the changes in people's lives involve more than just improvements in material living standards. While on a visit to the town of Naiguata on the Caribbean coast, I happened upon one of the 2,000 new clinics which are providing top-quality healthcare to Venezuela's poor majority. Inside, I spoke to Antonio Brito, a 25-year-old Venezuelan doctor who had recently graduated from the Latin American School of Medicine in Cuba. Doctor Brito told me that of the 94 students in his class, over one-third were from indigenous communities. Those who graduated with him are now serving in their tribal villages. I asked Brito how much a foreigner like me would be charged for treatment. \"Here, medical treatment is completely free for everybody,\" he replied. \"The only qualification is that you are a human being.\" In the mountains of the 23 de Enero barrio in Caracas, I saw more examples of the transformation that is taking place in Venezuela. In one part of the barrio, I saw newly installed gas pipes running up the side of each house. Residents are also being connected to the outside world. In the La Ca\u00f1ada district, I visited a brand new infocentre, which provides computer training and unlimited broadband internet access on 74 terminals, free of charge. One of the facilitators explained that the infocentre is the result of a partnership between the ministry of science and technology and the local community. The ministry provided the building materials, logistical support and computers, and the community built the centre and chose the staff. Five hundred similar infocentres have been opened in the barrios. Of course, Venezuela's socialist revolution is not occurring in a geopolitical vacuum. The re-emergence of multi-polarity, specifically the rise of China and the resurgence of Russia, has created economic and political possibilities for third world countries that previously would have been unthinkable. A host of Latin American states, among them Bolivia, Ecuador and Nicaragua, have decisively rejected neo-liberal orthodoxy and US hegemony, and are co-operating through Alba and other mutual trade and investment arrangements. In South Africa, the clean sweep for the left in the elections to the leadership of the country's governing ANC, was in part inspired by the changes taking place in Latin America. A popular slogan painted on walls across Latin America is Un Mundo Mejor es Necesario; in English - a better world is necessary. For the first time in a generation, a better world is also becoming possible.",
      "charCount": "10611"
    },
    "isHosted": false,
    "pillarId": "pillar/opinion",
    "pillarName": "Opinion"
  },
  {
    "id": "business/2008/feb/17/housingmarket.interestrates",
    "type": "article",
    "sectionId": "business",
    "sectionName": "Business",
    "webPublicationDate": "2008-02-17T11:02:38Z",
    "webTitle": "London house prices slow as foreign buyers head for US",
    "webUrl": "https://www.theguardian.com/business/2008/feb/17/housingmarket.interestrates",
    "apiUrl": "https://content.guardianapis.com/business/2008/feb/17/housingmarket.interestrates",
    "fields": {
      "headline": "London house prices slow as foreign buyers head for US",
      "trailText": "<p>London's housing market is mired in its weakest February for five years</p>",
      "byline": "Heather Stewart and James Doran",
      "main": "",
      "body": "<p>London's housing market is mired in its weakest February for five years, as fears of paltry City bonuses and job losses in the Square Mile sap buyers' confidence, property website Rightmove will report tomorrow. </p> <p>While activity has picked up in much of the UK after two cuts in interest rates, the London market has been rocked by the crisis in financial markets. House prices are rising at less than half the 2 per cent pace of last February.</p> <p>'The rest of the country is somewhat removed from all this - the City of London feels more exposed,' said Miles Shipside, Rightmove's commercial director.</p> <p>Simon Rubinsohn, chief economist at the Royal Institution of Chartered Surveyors, agreed. 'What we have seen in London is a big turnaround from very positive to quite negative,' he said.</p> <p>Meanwhile, New York is benefiting from an influx of wealthy foreigners seeking to take advantage of a cheap dollar and plunging house prices. The number of foreign nationals buying houses in the US increased markedly last year, according to the National Association of Realtors (NAR), an estate agents' body based in Washington DC. </p> <p>'The falling value of the dollar against the euro and sterling is an obvious cause of this,' said David Wyss, chief economist at Standard &amp; Poor's in New York. </p> <p>Plans to levy a \u00a330,000 tax on wealthy 'non-domicile' UK residents is expected to further spur the number of overseas buyers in New York, said Jo-Anne Kennedy of Manhattan estate agent Coldwell Banker Hunt Kennedy.</p>",
      "newspaperPageNumber": "2",
      "wordcount": "254",
      "commentable": "false",
      "isPremoderated": "false",
      "lastModified": "2008-02-17T11:02:35Z",
      "newspaperEditionDate": "2008-02-17T00:00:00Z",
      "productionOffice": "UK",
      "publication": "The Observer",
      "shortUrl": "https://gu.com/p/x3fbq",
      "shouldHideAdverts": "false",
      "showInRelatedContent": "true",
      "legallySensitive": "false",
      "lang": "en",
      "bodyText": "London's housing market is mired in its weakest February for five years, as fears of paltry City bonuses and job losses in the Square Mile sap buyers' confidence, property website Rightmove will report tomorrow. While activity has picked up in much of the UK after two cuts in interest rates, the London market has been rocked by the crisis in financial markets. House prices are rising at less than half the 2 per cent pace of last February. 'The rest of the country is somewhat removed from all this - the City of London feels more exposed,' said Miles Shipside, Rightmove's commercial director. Simon Rubinsohn, chief economist at the Royal Institution of Chartered Surveyors, agreed. 'What we have seen in London is a big turnaround from very positive to quite negative,' he said. Meanwhile, New York is benefiting from an influx of wealthy foreigners seeking to take advantage of a cheap dollar and plunging house prices. The number of foreign nationals buying houses in the US increased markedly last year, according to the National Association of Realtors (NAR), an estate agents' body based in Washington DC. 'The falling value of the dollar against the euro and sterling is an obvious cause of this,' said David Wyss, chief economist at Standard &amp; Poor's in New York. Plans to levy a \u00a330,000 tax on wealthy 'non-domicile' UK residents is expected to further spur the number of overseas buyers in New York, said Jo-Anne Kennedy of Manhattan estate agent Coldwell Banker Hunt Kennedy.",
      "charCount": "1495"
    },
    "isHosted": false,
    "pillarId": "pillar/news",
    "pillarName": "News"
  },
  {
    "id": "media/2008/feb/17/mediabusiness.bbc",
    "type": "article",
    "sectionId": "media",
    "sectionName": "Media",
    "webPublicationDate": "2008-02-17T10:56:32Z",
    "webTitle": "Reporter who put business at the top of the news agenda",
    "webUrl": "https://www.theguardian.com/media/2008/feb/17/mediabusiness.bbc",
    "apiUrl": "https://content.guardianapis.com/media/2008/feb/17/mediabusiness.bbc",
    "fields": {
      "headline": "Reporter who put business at the top of the news agenda",
      "standfirst": "The economic crisis has pushed financial reporting into the limelight, and at its forefront is the BBC's Robert Peston, writes Nick Mathiason",
      "trailText": "<p>The economic crisis has pushed financial reporting into the limelight, and at its forefront is the BBC's Robert Peston, writes <strong>Nick Mathiason</strong></p>",
      "byline": "Nick Mathiason",
      "main": "",
      "body": "<p>'Let's be clear,' said Robert Peston, the BBC's business editor. 'There may be people who are absolutely natural broadcasters, who emerge from their mother's womb fully formed, microphone in hand. I'm not one of those.'</p> <p>In his Muswell Home home, fresh from the gym and wearing shorts and sweatshirt, Robert Peston takes fully on the chin the charge that he is on occasions too awkward to communicate the complicated world of business into easily understood soundbites. 'I'm never going to be an ultra- smooth presenter. It's just not me.'</p> <p>And disarmingly, he admits: 'This morning's performance on Today, people must have been losing the will to live over their cornflakes.'</p> <p>Poor Peston. He speaks at a million miles an hour, has too much going on in his whirring brain to fit into 90-second slots and yet he is the man who is delivering for the BBC the best business stories in the country.</p> <p>'I am having the time of my life,' he says. And it's true. For the first time in 15 years, business is dominating the news agenda. Reckless private equity tycoons have taken over the world, banks are in meltdown, house prices are teetering and the oil price is surging. What's unique today is that the BBC and the rest of Fleet Street are taking business seriously and plastering news bulletins and front pages with it.</p> <p>At the Times and Daily Telegraph, two renowned business journalists, James Harding and Will Lewis, have risen to the editor's chair. At the Economist, the smug but indispensable flag bearer for the free market, sales are approaching the 1.5 million mark.</p> <p>Evan Davis, the popular BBC economics editor, has crossed the tracks to become a Today presenter, to be replaced by Stephanie Flanders, Newsnight's economic guru, whose fan club is growing. </p> <p>To Peston, the reason why business is prime time is the ending of 15 years of an unprecedented borrowing binge, underpinned by low inflation and rising house prices. This rapid unravelling at a time of political uncertainty, with voters worried about their pensions, employment and house prices, is a rich seam.</p> <p>For years Peston, the comprehensive-educated son of a lord, has been on the inside track, and feted as the man every business leader will ring back. A confidant of central bankers, captains of industry and City power brokers, as political editor of the Financial Times and business editor the Sunday Telegraph, Peston, with links to Gordon Brown, was considered one of the most respected commentators in Britain.</p> <p>Then came the fateful decision to exit the comfort zone and replace Jeff Randall as BBC business editor. Watching him on the Ten O'Clock News, for months the natural reaction was to curl up on the sofa and squirm. But that all changed when the Balliol scholar broke the biggest British business story of the century so far. Forget revealing the minutiae of Gordon Brown's budget - or the iniquities of a government sell-off - this was big potatoes.</p> <p>On Thursday 13 September at 8.30pm, Peston appeared on BBC News 24 without a single official from Northern Rock, the Treasury, the Bank of England or the Financial Services Authority prepared to go on the record to back up his story, which was that the country's fifth biggest bank was technically insolvent and needed bailing out by the Bank of England. There wasn't time to get nervous, let alone pumped up. What followed was a one-man multimedia assault course: 5 Live, News at Ten, blogs and the website.</p> <p>Not surprisingly Peston can look back with satisfaction. 'I am genuinely enjoying broadcasting. I think, how can I put this? I'm a lot better than I was.'</p> <p>However, there was one downside. The 47-year-old Arsenal fan told listeners and viewers that Northern Rock customers need not panic and withdraw their cash. It was advice that Northern Rock customers famously ignored. But Peston was briefed that savers' money was safe and had he said otherwise he would have been accused of recklessness. </p> <p>The Northern Rock crisis crystallised the payback for the last 15 years of exuberant borrowing, and drew in Gordon Brown and his Chancellor Alistair Darling. 'It is the most delicious conflation of business and politics at a time when the economic cycle is turning down,' says the man who recommended Peston for the BBC job, his predecessor Jeff Randall. 'The reason the Beeb covers this story is because it is the clear victor. It's got Robert, the business editor, telling you first and by the way, there's a political dimension: this looming train crash with Alistair Darling driving the train straight into a titanium wall.'</p> <p>To Randall, the man who brought gravitas to the BBC's business output and who now has his own show on Sky, the business takeover of the airwaves has deep roots. Margaret Thatcher and her share- and property-owning democratic drive suddenly turned the British public into market obsessives.</p> <p>Today there are four million small businesses and most of these people want to know which way the economic wind is blowing. The success of Alan Sugar's Apprentice and Dragon's Den confirm that Britain is a nation pretty much on the money.</p> <p>But it's taken a long time for news editors to catch up. 'There's this huge terror which emerges when journalists see anything to do with a balance sheet,' says Channel 4's economic correspondent, Faisal Islam. 'The ability to work out when a number is interesting is a very useful journalistic skill and it goes against conventional Fleet Street wisdom.' </p> <p>Yet business journalists have consistently failed to spot some of the biggest corporate scandals. The press missed Enron to begin with, and coverage of the way banks were trading each other's toxic debt was documented only recently, even though sophisticated debt markets have developed over a decade.</p> <p>For Peston this charge represents 'an institutional failure'. He believes business journalists - himself included - have been too preoccupied with following quoted stock market companies at the expense of more obscure issues. He also criticises journalists for acting as pawns in corporate takeover battles and failing to question the agenda of PRs and bankers sufficiently.</p> <p>For the BBC, being praised for its business coverage is a new experience. It was Greg Dyke who appointed Randall after he discovered that the biggest ever corporate takeover mounted by a British company, the deal that eventually saw telecoms giant Vodafone brought down by German counterpart Mannesmann, failed to get a mention on the BBC's nightly news in 1999. </p> <p>For Rupert Murdoch, having Peston beat his coterie of business journalists - who now span the Wall Street Journal, Dow Jones, and Fox Business News as well as the Times - must be galling. As he attempts to prise Yahoo away from Microsoft to become the first major internet baron of the 21st century, you might think that luring Peston must be on his radar, especially since he has always wanted to edit a national newspaper. For now, however, the north Londoner is having too much fun as the economy goes to hell in a hand cart.</p> <h2>Leading city lights</h2> <p><strong>\u00b7</strong> Michael Flanders , the father of BBC economics editor Stephanie Flanders, was half of the best-selling fifties' comedy act Flanders and Swann, who wrote the song Mud, Mud Glorious Mud </p> <p><strong>\u00b7</strong> Last year Rupert Murdoch spent $200m launching Fox Business News and $5bn buying Dow Jones , which owns the Wall Street Journal </p> <p><strong>\u00b7</strong> The Economist's circulation was 1.2 million last year </p> <p><strong>\u00b7</strong> Robert Peston's BBC blog is read by one million people </p> <p><strong>\u00b7</strong> New Radio 4 Today presenter Evan Davis's nickname is Tinsel Tits </p> <p><strong>\u00b7</strong> Former Tory Chancellor Nigel Lawson was City Editor of the Sunday Telegraph and editor of the Spectator before entering parliament </p> <p><strong>\u00b7</strong> Current CBI director-general, Richard Lambert, while editor of the FT encouraged Ed Balls , then a leader writer for the Pink 'Un, to work for Gordon Brown while he was shadow Chancellor. It was Gavyn Davies , the influential City economist, who recommended Balls to Brown</p>",
      "newspaperPageNumber": "12",
      "wordcount": "1337",
      "commentable": "false",
      "isPremoderated": "false",
      "lastModified": "2017-08-19T08:06:15Z",
      "newspaperEditionDate": "2008-02-17T00:00:00Z",
      "productionOffice": "UK",
      "publication": "The Observer",
      "shortUrl": "https://gu.com/p/x3fct",
      "shouldHideAdverts": "false",
      "showInRelatedContent": "true",
      "legallySensitive": "false",
      "lang": "en",
      "bodyText": "'Let's be clear,' said Robert Peston, the BBC's business editor. 'There may be people who are absolutely natural broadcasters, who emerge from their mother's womb fully formed, microphone in hand. I'm not one of those.' In his Muswell Home home, fresh from the gym and wearing shorts and sweatshirt, Robert Peston takes fully on the chin the charge that he is on occasions too awkward to communicate the complicated world of business into easily understood soundbites. 'I'm never going to be an ultra- smooth presenter. It's just not me.' And disarmingly, he admits: 'This morning's performance on Today, people must have been losing the will to live over their cornflakes.' Poor Peston. He speaks at a million miles an hour, has too much going on in his whirring brain to fit into 90-second slots and yet he is the man who is delivering for the BBC the best business stories in the country. 'I am having the time of my life,' he says. And it's true. For the first time in 15 years, business is dominating the news agenda. Reckless private equity tycoons have taken over the world, banks are in meltdown, house prices are teetering and the oil price is surging. What's unique today is that the BBC and the rest of Fleet Street are taking business seriously and plastering news bulletins and front pages with it. At the Times and Daily Telegraph, two renowned business journalists, James Harding and Will Lewis, have risen to the editor's chair. At the Economist, the smug but indispensable flag bearer for the free market, sales are approaching the 1.5 million mark. Evan Davis, the popular BBC economics editor, has crossed the tracks to become a Today presenter, to be replaced by Stephanie Flanders, Newsnight's economic guru, whose fan club is growing. To Peston, the reason why business is prime time is the ending of 15 years of an unprecedented borrowing binge, underpinned by low inflation and rising house prices. This rapid unravelling at a time of political uncertainty, with voters worried about their pensions, employment and house prices, is a rich seam. For years Peston, the comprehensive-educated son of a lord, has been on the inside track, and feted as the man every business leader will ring back. A confidant of central bankers, captains of industry and City power brokers, as political editor of the Financial Times and business editor the Sunday Telegraph, Peston, with links to Gordon Brown, was considered one of the most respected commentators in Britain. Then came the fateful decision to exit the comfort zone and replace Jeff Randall as BBC business editor. Watching him on the Ten O'Clock News, for months the natural reaction was to curl up on the sofa and squirm. But that all changed when the Balliol scholar broke the biggest British business story of the century so far. Forget revealing the minutiae of Gordon Brown's budget - or the iniquities of a government sell-off - this was big potatoes. On Thursday 13 September at 8.30pm, Peston appeared on BBC News 24 without a single official from Northern Rock, the Treasury, the Bank of England or the Financial Services Authority prepared to go on the record to back up his story, which was that the country's fifth biggest bank was technically insolvent and needed bailing out by the Bank of England. There wasn't time to get nervous, let alone pumped up. What followed was a one-man multimedia assault course: 5 Live, News at Ten, blogs and the website. Not surprisingly Peston can look back with satisfaction. 'I am genuinely enjoying broadcasting. I think, how can I put this? I'm a lot better than I was.' However, there was one downside. The 47-year-old Arsenal fan told listeners and viewers that Northern Rock customers need not panic and withdraw their cash. It was advice that Northern Rock customers famously ignored. But Peston was briefed that savers' money was safe and had he said otherwise he would have been accused of recklessness. The Northern Rock crisis crystallised the payback for the last 15 years of exuberant borrowing, and drew in Gordon Brown and his Chancellor Alistair Darling. 'It is the most delicious conflation of business and politics at a time when the economic cycle is turning down,' says the man who recommended Peston for the BBC job, his predecessor Jeff Randall. 'The reason the Beeb covers this story is because it is the clear victor. It's got Robert, the business editor, telling you first and by the way, there's a political dimension: this looming train crash with Alistair Darling driving the train straight into a titanium wall.' To Randall, the man who brought gravitas to the BBC's business output and who now has his own show on Sky, the business takeover of the airwaves has deep roots. Margaret Thatcher and her share- and property-owning democratic drive suddenly turned the British public into market obsessives. Today there are four million small businesses and most of these people want to know which way the economic wind is blowing. The success of Alan Sugar's Apprentice and Dragon's Den confirm that Britain is a nation pretty much on the money. But it's taken a long time for news editors to catch up. 'There's this huge terror which emerges when journalists see anything to do with a balance sheet,' says Channel 4's economic correspondent, Faisal Islam. 'The ability to work out when a number is interesting is a very useful journalistic skill and it goes against conventional Fleet Street wisdom.' Yet business journalists have consistently failed to spot some of the biggest corporate scandals. The press missed Enron to begin with, and coverage of the way banks were trading each other's toxic debt was documented only recently, even though sophisticated debt markets have developed over a decade. For Peston this charge represents 'an institutional failure'. He believes business journalists - himself included - have been too preoccupied with following quoted stock market companies at the expense of more obscure issues. He also criticises journalists for acting as pawns in corporate takeover battles and failing to question the agenda of PRs and bankers sufficiently. For the BBC, being praised for its business coverage is a new experience. It was Greg Dyke who appointed Randall after he discovered that the biggest ever corporate takeover mounted by a British company, the deal that eventually saw telecoms giant Vodafone brought down by German counterpart Mannesmann, failed to get a mention on the BBC's nightly news in 1999. For Rupert Murdoch, having Peston beat his coterie of business journalists - who now span the Wall Street Journal, Dow Jones, and Fox Business News as well as the Times - must be galling. As he attempts to prise Yahoo away from Microsoft to become the first major internet baron of the 21st century, you might think that luring Peston must be on his radar, especially since he has always wanted to edit a national newspaper. For now, however, the north Londoner is having too much fun as the economy goes to hell in a hand cart. Leading city lights \u00b7 Michael Flanders , the father of BBC economics editor Stephanie Flanders, was half of the best-selling fifties' comedy act Flanders and Swann, who wrote the song Mud, Mud Glorious Mud \u00b7 Last year Rupert Murdoch spent $200m launching Fox Business News and $5bn buying Dow Jones , which owns the Wall Street Journal \u00b7 The Economist's circulation was 1.2 million last year \u00b7 Robert Peston's BBC blog is read by one million people \u00b7 New Radio 4 Today presenter Evan Davis's nickname is Tinsel Tits \u00b7 Former Tory Chancellor Nigel Lawson was City Editor of the Sunday Telegraph and editor of the Spectator before entering parliament \u00b7 Current CBI director-general, Richard Lambert, while editor of the FT encouraged Ed Balls , then a leader writer for the Pink 'Un, to work for Gordon Brown while he was shadow Chancellor. It was Gavyn Davies , the influential City economist, who recommended Balls to Brown",
      "charCount": "7940"
    },
    "isHosted": false,
    "pillarId": "pillar/news",
    "pillarName": "News"
  }
]