[
  {
    "id": "money/2008/oct/09/consumeraffairs.internet",
    "type": "article",
    "sectionId": "money",
    "sectionName": "Money",
    "webPublicationDate": "2008-10-08T23:01:00Z",
    "webTitle": "Lucy Tobin: Fifty ways to save money online",
    "webUrl": "https://www.theguardian.com/money/2008/oct/09/consumeraffairs.internet",
    "apiUrl": "https://content.guardianapis.com/money/2008/oct/09/consumeraffairs.internet",
    "fields": {
      "headline": "Fifty ways to save money online",
      "trailText": "<p>Cut-price groceries, cheaper insurance, there are bargains galore online - if you only know where to look. <strong>Lucy Tobin</strong> points you in the right direction</p>",
      "byline": "Lucy Tobin",
      "main": "<figure class=\"element element-image\" data-media-id=\"gu-image-338427467\"> <img src=\"http://static.guim.co.uk/sys-images/Guardian/Pix/pictures/2008/10/08/money460.jpg\" alt=\"money graphic\" width=\"460\" height=\"276\" class=\"gu-image\" /> </figure>",
      "body": "<p>It was a simple formula that led to my reputation as a money-saving connoisseur. I was at university, and the equation went like this: lots of time, plus little cash, multiplied by a desire to have a good time equalled the discovery of hundreds of ways to save money online. </p> <p>When I went out for dinner with friends, the location was whichever restaurant was offering a buy-one-get-one-free deal on meals. Moving into a student house, my laptop was diverted from researching Shakespeare's early comedies to logging on to price-comparison sites to source the cheapest utilities and broadband. That meant two things: I negotiated an \u00a385 discount by finding a bundle deal from one supplier, and found myself with a lower-than-average grade for that week's essay. Love's Labour's Lost seemed less important than the mantra Must Lower Cost. </p> <p>I signed up to mystery-shopping sites and started being paid for going to the gym, eating out and even a couple of nights' out clubbing. </p> <p>When summer came, and it was time to book a holiday, my boyfriend and I spent whole days hunting through the internet for rock-bottom flight and hotel prices. We will remember a last-minute trip to the US this year just as much for our discovery of Hotwire - a website that offloads cheap room rates as the hotels are anonymous until the customer has paid - as for the sight-seeing. </p> <p>We managed to wangle four-star hotel deals for $100 a night, saving hundreds on our accommodation bill. </p> <p>Before flying off, travel insurance was a must. As usual, I sourced the cheapest rates using a price-comparison site and then logged into online cashback cooperative Quidco (see Shopping) to save extra money. I've received \u00a3400 back from my purchases through this site over the past three years. </p> <p>In the US, all that money-saving only meant one thing: more cash for shopping - from discount stores, of course. But now I'm back home, a graduate and about to start work in one of the worst economic climates for years, my prudent websites are all the more useful. Here are my tips for 50 money-saving websites to help us all stay afloat in the coming months: </p> <h2>Shopping</h2> <p><a href=\"http://www.quidco.com\">quidco.com</a> <br>A cashback website that has saved me hundreds of pounds. When you buy something from one of 1,200 online shops (including <a href=\"http://www.Play.com\">Play.com</a>), you receive a percentage of the price back. Normally a site such as Google receives a referral fee - through this \"online cooperative\", the cash is paid into your bank account. For example, there's 5% back from shopping at M&amp;S. Other cashback sites - each covers some different retailers - include <a href=\"http://www.pigsback.com\">pigsback.com</a> and <a href=\"http://www.greasy-palm.co.uk\">greasy-palm.co.uk</a></p> <p><a href=\"http://www.chemistdirect.co.uk\">chemistdirect.co.uk</a><br>Online pharmacy that promises to beat any other UK chemist's price on prescriptions.</p> <p><a href=\"http://www.kelkoo.co.uk\">kelkoo.co.uk</a> <br>Scours the net to find the cheapest price for a huge range of items, from electronics to handbags. For a big purchase, compare several sites. Others include <a href=\"http://www.savebuckets.co.uk\">savebuckets.co.uk</a> and <a href=\"http://www.pricerunner.co.uk\">pricerunner.co.uk</a> </p> <p><a href=\"http://www.cosmeticresearchonline.co.uk\">cosmeticresearchonline.co.uk</a> <br>Instead of buying new cosmetics, sign up here as a volunteer to trial new beauty ranges. The products have all been declared safe.</p> <p><a href=\"http://www.pricecutreview.com/UK/\">pricecutreview.com/UK/</a> <br>Lists Amazon items that are half-price or less. </p> <p><a href=\"http://www.bookbrain.co.uk\">bookbrain.co.uk</a> <br>A specialist price-comparison service for books. </p> <p><a href=\"http://www.fatfingers.co.uk\">fatfingers.co.uk</a> <br>Save money on eBay bids: type in your desired item and the site searches eBay for listings with common typos, so you uncover items with low bids.</p> <p><a href=\"http://www.furnituredeal.co.uk\">furnituredeal.co.uk</a> Online furniture retailer that cuts out the storeroom salesmen and offers low prices on a wide range.</p> <p><a href=\"http://www.retaileyes.co.uk\">retaileyes.co.uk</a> <br>One of the several online mystery shopping companies that pay cash when members sign up to test their clients. Retail Eyes' companies include Virgin Active gyms - you receive free membership and a small payment when you join the gym and compile reports on your experiences.</p> <p><a href=\"http://www.mydigitalprints.co.uk\">mydigitalprints.co.uk</a><br>Finds the cheapest online photo developer for the exact quantity and size of prints for your needs. It also compares the cost of photo gifts such as mugs, calendars and greeting cards.</p> <h2>Eating in and out</h2> <p><a href=\"http://www.moneysavingexpert.com/tipnote/cheap-restaurant-deals\">moneysavingexpert.com/tipnote/cheap-restaurant-deals</a> <br>Lists current offers at hundreds of restaurants, including buy-one-get-one-free deals. Includes nationwide chains and, in the forums, area-specific dining-out bargains.</p> <p><a href=\"http://www.5pm.co.uk\">5pm.co.uk</a> Restaurant-reservation site with discounted deals available if you book to eat on the same day, after 5pm. </p> <p><a href=\"http://www.mysupermarket.co.uk\">mysupermarket.co.uk</a> <br>Compare the price of any single item or the price of your whole (online) supermarket trolley here. It will calculate the total cost at Sainsbury's, Tesco, Asda and Ocado (Waitrose) and you send the order to the supermarket you choose. </p> <p><a href=\"http://www.fixtureferrets.co.uk\">fixtureferrets.co.uk</a> <br>Lists promotions on groceries at major supermarkets including Waitrose, Tesco and Asda. Search via shop, brand, promotion or category.</p> <p><a href=\"http://www.quaffersoffers.co.uk\">quaffersoffers.co.uk</a> <br>Compiles details of up-to-date wine offers at major supermarkets and off-licence chains. Search via grape, shop, country, price or colour.</p> <h2>Travel and days out</h2> <p><a href=\"http://www.liftshare.org\">liftshare.org</a> <br>Sign up for free and enter your journey, then find someone else to share it with. The nationwide car-sharing scheme now also includes cycling and walking groups and routes.</p> <p><a href=\"http://www.petrolprices.com\">petrolprices.com</a> <br>Search via town or postcode to find the cheapest petrol near you.</p> <p><a href=\"http://www.carrentals.co.uk\">carrentals.co.uk</a> <br>Compares the prices of 40 car-rental suppliers in the UK and abroad to find you the cheapest.</p> <p><a href=\"http://www.daysoutuk.com\">daysoutuk.com</a> <br>Has around 300 discount vouchers for days out in the UK and Ireland, including theme parks and attractions, such as Cadbury's World (\u00a310 off a family ticket) and the London Dungeons (free child entry). </p> <h2>Vouchers</h2> <p><a href=\"http://www.myvouchercodes.co.uk\">myvouchercodes.co.uk </a><br>This site has discount coupons for thousands of stores, including Comet, Asda and Next. Some are online offers, others can be used in-store.</p> <p><a href=\"http://www.oscaruk.co.uk\">oscaruk.co.uk </a><br>Features discount deals and concessions especially for over-60s.</p> <p><a href=\"http://www.studentbeans.co.uk \">studentbeans.co.uk </a><br>Search via your university (or home) town for student offers.</p> <h2>Insurance and utilities</h2> <p><a href=\"http://www.moneysupermarket.com\">moneysupermarket.com</a> <br>One part of this massive site finds you the cheapest motor, home, travel and life insurance deals; another focuses on utilities; another shows credit card and mortgage offers. </p> <p><a href=\"http://www.simplifydigital.co.uk\">simplifydigital.co.uk</a> <br>An Ofcom-accredited specialist in phone, broadband and digital TV offers and bundles. Compare prices and buy digital deals from this impartial site.</p> <p><a href=\"http://www.onecompare.com\">onecompare.com</a> <br>Finds cheap mobile deals, including pay-as-you-go options and best-value contracts. Search by phone, features or inclusive minutes/text bundles. </p> <p><a href=\"http://www.confused.com\">confused.com</a>, <a href=\"http://www.comparethemarket.com/\">CompareTheMarket.com</a>, uSwitch.com <br>The cheapest quotes for home, life, car and van insurance.</p> <p><a href=\"http://www.energysavingtrust.org.uk/calculator/checklist\">energysavingtrust.org.uk/calculator/checklist </a><br>A government-backed site providing tips on how to cut fuel bills.</p> <h2>Info </h2> <p><a href=\"http://www.saynoto0870.co.uk \">saynoto0870.co.uk </a><br>Don't call expensive numbers such as 0870s - use this site to find a local-rate alternative or freephone option.</p> <p><a href=\"http://www.entitledto.co.uk\">entitledto.co.uk</a><br>A simple, useful site to help you calculate your benefits and tax credits.</p> <p><a href=\"http://www.thephonebook.bt.com\">thephonebook.bt.com</a><br>Search online instead of using expensive directory inquiries.</p> <p><a href=\"http://niftylist.co.uk/calls\">niftylist.co.uk/calls</a><br>Don't call an international number straight from your BT phoneline - search the destination here and find an access code to dial first and save cash. Alternatively, use an online telephony service such as <a href=\"http://www.voipcheap.co.uk\">www.voipcheap.co.uk</a><br>to make cheap or even international calls from your computer.</p> <h2>Holidays </h2> <p><a href=\"http://www.halfpricehotels.co.uk\">halfpricehotels.co.uk</a> Cheap UK deals. </p> <p><a href=\"http://www.hotelscomparison.com\">hotelscomparison.com</a><br>Compare hotel prices in one place - this site searches others including AlphaRooms and Hotel Club to find best value rooms worldwide.</p> <p><a href=\"http://www.hotwire.com\">hotwire.com</a> <br>Very cheap, top quality US hotel rates are available at this site selling anonymous rooms. You're told about the hotel's facilities, rough location and star rating before booking, but the hotel name remains a secret until you have paid. In the UK and elsewhere, <a href=\"http://www.lastminute.com/topsecret\">lastminute.com/topsecret</a> offers a similar service.</p> <p><a href=\"http://www.priceline.co.uk\">priceline.co.uk</a><br>A travel specialist with a twist: its \"name your own price\" feature allows customers to bid for a hotel rate. A low bid can bag a bargain, but you can only bid once a day.</p> <p><a href=\"http://www.kayak.co.uk\">kayak.co.uk</a><br>Another travel search engine which hunts through other sites for cheapest deals. Best for flight searches.</p> <p><a href=\"http://www.couchsurfing.com\">couchsurfing.com</a><br>Find a place to stay for free at home and abroad when you register on this free, international site and request to \"couchsurf\" at members' homes.</p> <h2>Swapping </h2> <p><a href=\"http://www.readitswapit.co.uk\">readitswapit.co.uk</a><br>List the books you own but don't want on this free site, then search the online library of 20,000 books listed by other users to swap your unwanted reads. </p> <p><a href=\"http://www.uk.freecycle.org\">uk.freecycle.org</a><br>Get rid of your junk or pick up a bargain for free. The site is organised by area, then you browse by item, so it's like a giant car boot sale - from your computer.</p> <p><a href=\"http://www.teamuphere.com\">teamuphere.com</a><br>A free skills-exchange forum. Search by area for the skill you require (when I last looked, they included accounting, babysitting and tattooing), and register your skills to swap.</p> <p><a href=\"http://www.whatsmineisyours.com\">whatsmineisyours.com</a><br>Swap, buy, sell or barter for fashion, beauty and furniture. Divided into vintage, new and designer goods as well as by specific items of clothes.</p> <p><a href=\"http://www.swapmyticket.co.uk\">swapmyticket.co.uk</a><br>A free ticket exchange for sports, theatre, music and travel passes. Users can buy, sell or swap tickets, but this is a marketplace: there are no assurances against fraudsters so be careful.</p>",
      "newspaperPageNumber": "10",
      "wordcount": "1506",
      "commentCloseDate": "2008-10-11T23:11:00Z",
      "commentable": "true",
      "isPremoderated": "false",
      "lastModified": "2017-11-25T22:41:13Z",
      "newspaperEditionDate": "2008-10-09T00:00:00Z",
      "productionOffice": "UK",
      "publication": "The Guardian",
      "shortUrl": "https://gu.com/p/2xyvd",
      "shouldHideAdverts": "false",
      "showInRelatedContent": "true",
      "legallySensitive": "false",
      "lang": "en",
      "bodyText": "It was a simple formula that led to my reputation as a money-saving connoisseur. I was at university, and the equation went like this: lots of time, plus little cash, multiplied by a desire to have a good time equalled the discovery of hundreds of ways to save money online. When I went out for dinner with friends, the location was whichever restaurant was offering a buy-one-get-one-free deal on meals. Moving into a student house, my laptop was diverted from researching Shakespeare's early comedies to logging on to price-comparison sites to source the cheapest utilities and broadband. That meant two things: I negotiated an \u00a385 discount by finding a bundle deal from one supplier, and found myself with a lower-than-average grade for that week's essay. Love's Labour's Lost seemed less important than the mantra Must Lower Cost. I signed up to mystery-shopping sites and started being paid for going to the gym, eating out and even a couple of nights' out clubbing. When summer came, and it was time to book a holiday, my boyfriend and I spent whole days hunting through the internet for rock-bottom flight and hotel prices. We will remember a last-minute trip to the US this year just as much for our discovery of Hotwire - a website that offloads cheap room rates as the hotels are anonymous until the customer has paid - as for the sight-seeing. We managed to wangle four-star hotel deals for $100 a night, saving hundreds on our accommodation bill. Before flying off, travel insurance was a must. As usual, I sourced the cheapest rates using a price-comparison site and then logged into online cashback cooperative Quidco (see Shopping) to save extra money. I've received \u00a3400 back from my purchases through this site over the past three years. In the US, all that money-saving only meant one thing: more cash for shopping - from discount stores, of course. But now I'm back home, a graduate and about to start work in one of the worst economic climates for years, my prudent websites are all the more useful. Here are my tips for 50 money-saving websites to help us all stay afloat in the coming months: Shopping quidco.com A cashback website that has saved me hundreds of pounds. When you buy something from one of 1,200 online shops (including Play.com), you receive a percentage of the price back. Normally a site such as Google receives a referral fee - through this \"online cooperative\", the cash is paid into your bank account. For example, there's 5% back from shopping at M&amp;S. Other cashback sites - each covers some different retailers - include pigsback.com and greasy-palm.co.uk chemistdirect.co.uk Online pharmacy that promises to beat any other UK chemist's price on prescriptions. kelkoo.co.uk Scours the net to find the cheapest price for a huge range of items, from electronics to handbags. For a big purchase, compare several sites. Others include savebuckets.co.uk and pricerunner.co.uk cosmeticresearchonline.co.uk Instead of buying new cosmetics, sign up here as a volunteer to trial new beauty ranges. The products have all been declared safe. pricecutreview.com/UK/ Lists Amazon items that are half-price or less. bookbrain.co.uk A specialist price-comparison service for books. fatfingers.co.uk Save money on eBay bids: type in your desired item and the site searches eBay for listings with common typos, so you uncover items with low bids. furnituredeal.co.uk Online furniture retailer that cuts out the storeroom salesmen and offers low prices on a wide range. retaileyes.co.uk One of the several online mystery shopping companies that pay cash when members sign up to test their clients. Retail Eyes' companies include Virgin Active gyms - you receive free membership and a small payment when you join the gym and compile reports on your experiences. mydigitalprints.co.uk Finds the cheapest online photo developer for the exact quantity and size of prints for your needs. It also compares the cost of photo gifts such as mugs, calendars and greeting cards. Eating in and out moneysavingexpert.com/tipnote/cheap-restaurant-deals Lists current offers at hundreds of restaurants, including buy-one-get-one-free deals. Includes nationwide chains and, in the forums, area-specific dining-out bargains. 5pm.co.uk Restaurant-reservation site with discounted deals available if you book to eat on the same day, after 5pm. mysupermarket.co.uk Compare the price of any single item or the price of your whole (online) supermarket trolley here. It will calculate the total cost at Sainsbury's, Tesco, Asda and Ocado (Waitrose) and you send the order to the supermarket you choose. fixtureferrets.co.uk Lists promotions on groceries at major supermarkets including Waitrose, Tesco and Asda. Search via shop, brand, promotion or category. quaffersoffers.co.uk Compiles details of up-to-date wine offers at major supermarkets and off-licence chains. Search via grape, shop, country, price or colour. Travel and days out liftshare.org Sign up for free and enter your journey, then find someone else to share it with. The nationwide car-sharing scheme now also includes cycling and walking groups and routes. petrolprices.com Search via town or postcode to find the cheapest petrol near you. carrentals.co.uk Compares the prices of 40 car-rental suppliers in the UK and abroad to find you the cheapest. daysoutuk.com Has around 300 discount vouchers for days out in the UK and Ireland, including theme parks and attractions, such as Cadbury's World (\u00a310 off a family ticket) and the London Dungeons (free child entry). Vouchers myvouchercodes.co.uk This site has discount coupons for thousands of stores, including Comet, Asda and Next. Some are online offers, others can be used in-store. oscaruk.co.uk Features discount deals and concessions especially for over-60s. studentbeans.co.uk Search via your university (or home) town for student offers. Insurance and utilities moneysupermarket.com One part of this massive site finds you the cheapest motor, home, travel and life insurance deals; another focuses on utilities; another shows credit card and mortgage offers. simplifydigital.co.uk An Ofcom-accredited specialist in phone, broadband and digital TV offers and bundles. Compare prices and buy digital deals from this impartial site. onecompare.com Finds cheap mobile deals, including pay-as-you-go options and best-value contracts. Search by phone, features or inclusive minutes/text bundles. confused.com, CompareTheMarket.com, uSwitch.com The cheapest quotes for home, life, car and van insurance. energysavingtrust.org.uk/calculator/checklist A government-backed site providing tips on how to cut fuel bills. Info saynoto0870.co.uk Don't call expensive numbers such as 0870s - use this site to find a local-rate alternative or freephone option. entitledto.co.uk A simple, useful site to help you calculate your benefits and tax credits. thephonebook.bt.com Search online instead of using expensive directory inquiries. niftylist.co.uk/calls Don't call an international number straight from your BT phoneline - search the destination here and find an access code to dial first and save cash. Alternatively, use an online telephony service such as www.voipcheap.co.uk to make cheap or even international calls from your computer. Holidays halfpricehotels.co.uk Cheap UK deals. hotelscomparison.com Compare hotel prices in one place - this site searches others including AlphaRooms and Hotel Club to find best value rooms worldwide. hotwire.com Very cheap, top quality US hotel rates are available at this site selling anonymous rooms. You're told about the hotel's facilities, rough location and star rating before booking, but the hotel name remains a secret until you have paid. In the UK and elsewhere, lastminute.com/topsecret offers a similar service. priceline.co.uk A travel specialist with a twist: its \"name your own price\" feature allows customers to bid for a hotel rate. A low bid can bag a bargain, but you can only bid once a day. kayak.co.uk Another travel search engine which hunts through other sites for cheapest deals. Best for flight searches. couchsurfing.com Find a place to stay for free at home and abroad when you register on this free, international site and request to \"couchsurf\" at members' homes. Swapping readitswapit.co.uk List the books you own but don't want on this free site, then search the online library of 20,000 books listed by other users to swap your unwanted reads. uk.freecycle.org Get rid of your junk or pick up a bargain for free. The site is organised by area, then you browse by item, so it's like a giant car boot sale - from your computer. teamuphere.com A free skills-exchange forum. Search by area for the skill you require (when I last looked, they included accounting, babysitting and tattooing), and register your skills to swap. whatsmineisyours.com Swap, buy, sell or barter for fashion, beauty and furniture. Divided into vintage, new and designer goods as well as by specific items of clothes. swapmyticket.co.uk A free ticket exchange for sports, theatre, music and travel passes. Users can buy, sell or swap tickets, but this is a marketplace: there are no assurances against fraudsters so be careful.",
      "charCount": "9199"
    },
    "isHosted": false,
    "pillarId": "pillar/lifestyle",
    "pillarName": "Lifestyle"
  },
  {
    "id": "lifeandstyle/2008/oct/09/foodanddrink",
    "type": "article",
    "sectionId": "lifeandstyle",
    "sectionName": "Life and style",
    "webPublicationDate": "2008-10-08T23:01:00Z",
    "webTitle": "Allegra McEvedy: Brazilian-inspired soup",
    "webUrl": "https://www.theguardian.com/lifeandstyle/2008/oct/09/foodanddrink",
    "apiUrl": "https://content.guardianapis.com/lifeandstyle/2008/oct/09/foodanddrink",
    "fields": {
      "headline": "The full Brazilian",
      "standfirst": "Plunge into this tasty South-American-inspired soup in the final extract from Allegra McEvedy's new Leon cookbook<br/><br/><a href=\"http://image.guardian.co.uk/sys-files/Guardian/documents/2008/10/15/gdn081009gtw1320891195.pdf\">A cut-out-and-keep guide to beans and pulses (pdf)</a>",
      "trailText": "<p>Plunge into this tasty South-American-inspired soup in the final extract from <strong>Allegra McEvedy</strong>'s new Leon cookbook</p>",
      "byline": "Allegra McEvedy",
      "main": "<figure class=\"element element-image\" data-media-id=\"gu-image-338616916\"> <img src=\"http://static.guim.co.uk/sys-images/Guardian/Pix/pictures/2008/10/08/leon460.jpg\" alt=\"Leon cookbook: South-American-inspired soup\" width=\"460\" height=\"276\" class=\"gu-image\" /> <figcaption> <span class=\"element-image__caption\">Leon cookbook: South-American-inspired soup</span> </figcaption> </figure>",
      "body": "<p><strong>Pinto bean, black bean and chorizo soup</strong></p> <p>When we first opened Leon we did so with a swathe of Brazilians, who were a lot of fun to work with, and used to proudly bring in bits of their national cuisine for us to try. I'm not sure if the conquistadores taught the pig-and-bean thing to the natives or vice versa, but surely the Brazilians and the Iberians are top of the world league. The origins of this soup are in their national dish of feijouada, which involves pork, beans, then more pork and more beans: absolutely delicious, but don't book yourself in for a power afternoon afterwards. Our version doesn't trigger your nap button in quite the same way, which is either a good thing or not, depending on how you see your afternoon going.</p> <p><strong>Serves four, but you can probably stretch it to six as it is pretty filling</strong></p> <p><strong>75g dried pinto beans </strong></p> <p><strong>75g dried black turtle beans </strong></p> <p><strong>250g good-quality raw chorizo sausages </strong></p> <p><strong>3 tbsp extra virgin olive oil </strong></p> <p><strong>1 tsp ground coriander </strong></p> <p><strong>1 tsp cayenne pepper </strong></p> <p><strong>1 red pepper, medium diced </strong></p> <p><strong>3 cloves of garlic, sliced </strong></p> <p><strong>1 medium red onion, thinly sliced </strong></p> <p><strong>1 x 400g tin of tomatoes </strong></p> <p><strong>1-1.5l chicken stock </strong></p> <p><strong>1/5 savoy cabbage, chopped </strong></p> <p><strong>A big handful of coriander, chopped </strong></p> <p><strong>Salt and pepper</strong></p> <p>Soak the pinto and black turtle beans in cold water overnight.Next day, drain them, cover them with fresh water and cook them in their own pots. Cook them all the way through but not to total collapse. Dice the chorizo into medium cubes and get your oil warming in a deep, thick saucepan. Sizzle the chorizo until it has browned and that red oil starts to seep out but beware: the golden brown sausage and lustrous red oil can quickly turn to brown-black in an instant if the heat is too high.</p> <p>Stir in your spices, red pepper, garlic and onion; turn the heat up a bit and cook until translucent and all well mingled together. Season with sea salt.</p> <p>Add the tomatoes, let it all burble together for around 10 minutes, then add a litre of stock and reduce on a well-maintained simmer for 20 minutes. </p> <p>Drain the beans, keeping about half a litre of the cooking liquor, and then stir the beans, liquor and the cabbage in well. Cook for another 20 minutes, letting the soup simmer down to a pleasing thickness, and turn off the heat for a bit of a rest. Give it five minutes with a lid on to let the flavours settle.</p> <p>Check the seasoning and consistency, letting it down with the remaining stock if you fancy, and stir in the chopped coriander before serving.</p> <p>\u2022 Extracted from Leon: Ingredients and Recipes, by Allegra McEvedy, published by Conran Octopus on October 13, price \u00a320. To order a copy for \u00a318 with free UK p&amp;p, go to <a href=\"http://theguardian.com/bookshop\">theguardian.com/bookshop</a>, or call 0870 836 0875.</p>",
      "newspaperPageNumber": "12",
      "wordcount": "490",
      "commentable": "false",
      "isPremoderated": "false",
      "lastModified": "2017-11-25T22:41:10Z",
      "newspaperEditionDate": "2008-10-09T00:00:00Z",
      "productionOffice": "UK",
      "publication": "The Guardian",
      "shortUrl": "https://gu.com/p/2xyve",
      "shouldHideAdverts": "false",
      "showInRelatedContent": "true",
      "legallySensitive": "false",
      "lang": "en",
      "bodyText": "Pinto bean, black bean and chorizo soup When we first opened Leon we did so with a swathe of Brazilians, who were a lot of fun to work with, and used to proudly bring in bits of their national cuisine for us to try. I'm not sure if the conquistadores taught the pig-and-bean thing to the natives or vice versa, but surely the Brazilians and the Iberians are top of the world league. The origins of this soup are in their national dish of feijouada, which involves pork, beans, then more pork and more beans: absolutely delicious, but don't book yourself in for a power afternoon afterwards. Our version doesn't trigger your nap button in quite the same way, which is either a good thing or not, depending on how you see your afternoon going. Serves four, but you can probably stretch it to six as it is pretty filling 75g dried pinto beans 75g dried black turtle beans 250g good-quality raw chorizo sausages 3 tbsp extra virgin olive oil 1 tsp ground coriander 1 tsp cayenne pepper 1 red pepper, medium diced 3 cloves of garlic, sliced 1 medium red onion, thinly sliced 1 x 400g tin of tomatoes 1-1.5l chicken stock 1/5 savoy cabbage, chopped A big handful of coriander, chopped Salt and pepper Soak the pinto and black turtle beans in cold water overnight.Next day, drain them, cover them with fresh water and cook them in their own pots. Cook them all the way through but not to total collapse. Dice the chorizo into medium cubes and get your oil warming in a deep, thick saucepan. Sizzle the chorizo until it has browned and that red oil starts to seep out but beware: the golden brown sausage and lustrous red oil can quickly turn to brown-black in an instant if the heat is too high. Stir in your spices, red pepper, garlic and onion; turn the heat up a bit and cook until translucent and all well mingled together. Season with sea salt. Add the tomatoes, let it all burble together for around 10 minutes, then add a litre of stock and reduce on a well-maintained simmer for 20 minutes. Drain the beans, keeping about half a litre of the cooking liquor, and then stir the beans, liquor and the cabbage in well. Cook for another 20 minutes, letting the soup simmer down to a pleasing thickness, and turn off the heat for a bit of a rest. Give it five minutes with a lid on to let the flavours settle. Check the seasoning and consistency, letting it down with the remaining stock if you fancy, and stir in the chopped coriander before serving. \u2022 Extracted from Leon: Ingredients and Recipes, by Allegra McEvedy, published by Conran Octopus on October 13, price \u00a320. To order a copy for \u00a318 with free UK p&amp;p, go to theguardian.com/bookshop, or call 0870 836 0875.",
      "charCount": "2669"
    },
    "isHosted": false,
    "pillarId": "pillar/lifestyle",
    "pillarName": "Lifestyle"
  },
  {
    "id": "business/2008/oct/09/banking.executivesalaries",
    "type": "article",
    "sectionId": "business",
    "sectionName": "Business",
    "webPublicationDate": "2008-10-08T23:01:00Z",
    "webTitle": "Bail-out deal means curbs on executive pay and dividends",
    "webUrl": "https://www.theguardian.com/business/2008/oct/09/banking.executivesalaries",
    "apiUrl": "https://content.guardianapis.com/business/2008/oct/09/banking.executivesalaries",
    "fields": {
      "headline": "Bail-out deal means curbs on executive pay and dividends",
      "standfirst": "Big lenders must help small firms and would-be homeowners",
      "trailText": "<p>Big lenders have agreed to help small firms and would-be homeowners</p>",
      "byline": "Jill Treanor and Julia Finch",
      "main": "<figure class=\"element element-image\" data-media-id=\"gu-image-338422294\"> <img src=\"http://static.guim.co.uk/sys-images/Guardian/Pix/pictures/2008/10/08/stock-board-460x276.jpg\" alt=\"stock board\" width=\"460\" height=\"276\" class=\"gu-image\" /> <figcaption> <span class=\"element-image__caption\">A Japanese businessman looks at a stock price indicator board. Photograph: Dai Kurokawa/EPA</span> </figcaption> </figure>",
      "body": "<p>Britain's leading banks have agreed to curb executive pay, cut shareholder dividends and keep lending to small businesses and would-be homeowners in return for a \u00a3500bn taxpayer bailout.</p> <p>The rescue package for the financial system scrambled together on Tuesday night has three main aspects intended to tackle the problems of capital, liquidity and funding that have dogged the industry since the collapse of Northern Rock a year ago. </p> <p>The \u00a3500bn of funds comprises: </p> <p>\u00b7 Up to \u00a350bn of taxpayer money to buy preference shares in the banks - \u00a325bn will be released initially, with a further \u00a325bn at a later date;</p> <p>\u00b7 An extension of the Bank of England's emergency lending, or special liquidity scheme, introduced after the collapse of Bear Stearns, which will allow \u00a3200bn of funds to be made available to banks;</p> <p>\u00b7 A guarantee of the debt issued by banks of up to \u00a3250bn.</p> <p>Eight financial firms will participate in the scheme, described by chancellor Alistair Darling as a \"government-supported recapitalisation scheme\".</p> <p>The eight are: Abbey, owned by the Spanish bank Santander, which is also home to Alliance &amp; Leicester and parts of Bradford &amp; Bingley; Barclays; HBOS, owner of Halifax; HSBC Bank, the UK arm of the giant HSBC Holdings; Lloyds TSB; Nationwide Building Society; Royal Bank of Scotland; and Standard Chartered.</p> <p><strong>Executive pay</strong></p> <p>Banks in which the government ends up owning stakes are likely to be subjected to tough criteria on what they pay executives. The Financial Services Authority is working on plans to ensure that pay schemes within the banks do not encourage too much risk-taking in pursuit of big bonuses. </p> <p>Gordon Brown told MPs yesterday: \"We are in discussion on a case-by-case basis with the banks who want to take up this scheme, about what will be the level of executive remuneration but particularly the bonus system, which has caused so much difficulty. Our aim is to support and reward work and enterprise and responsible risk-taking, but not to reward irresponsibility in risk-taking and excessive risk-taking, that has caused so much damage,\" he told the Commons.</p> <p>Definitions of \"performance-related pay\" are likely to change, particularly in the light of the extraordinary events of the past year when bank shares have collapsed and profits have been held back by credit crunch writedowns.<br><strong><br>Shareholder dividends</strong></p> <p>Under the government proposal, banks would issue preference shares which would pay a fixed rate of interest. That payout is made before dividends on ordinary shares. </p> <p>The preference share payout will be decided when they are issued, but it is likely to be around 10-11%, regarded by Darling as \"commercial terms\" for government support. The preference shares will give the government rights above other ordinary shareholders.</p> <p>Banks such as Barclays may decide to issue preference shares, but try to persuade traditional City investors to buy them rather than rely entirely on taxpayer funds. If that is not possible, the government would be prepared to buy up any preference shares shunned by outside investors. </p> <p>Banks are likely to sound out their existing shareholders to test their appetite to support fresh fundraisings. After shareholders shunned share issues by HBOS, Bradford &amp; Bingley and Barclays there may be little option but to turn to the taxpayer. <br><strong><br>Lending to small businesses</strong></p> <p>The government is concerned that small businesses are struggling to get access to financing. These businesses are a key component of the economy and a part of Brown's goal to create an \"enterprise\" economy. Government ministers extracted a promise from the bank bosses in the early hours of the morning to keep lending to small business.</p> <p>The national chairman of the Federation of Small Businesses, John Wright, said: \"This is an ideal opportunity, now that the government has a big stake in the banks, to enter into a constructive dialogue with them about their commercial practices and their charges regarding small businesses. </p> <p>\"Almost half of our members have seen an increase in the cost of finance over the last year. It is crucial in these tough times that small businesses have access to fair overdraft and loan rates.\" <br><strong><br>Mortgage market</strong></p> <p>When Brown promised Lloyds TSB it could take over HBOS, owner of Halifax, he demanded that the combined institution step up lending in the mortgage market, particularly to first-time buyers. Banks participating in the bailout will also be required to keep providing funds in the mortgage market, which has ground to a halt in the credit crunch. Lenders moved quickly to show they were reacting to the demands. The Bank of England's emergency cut to interest rates led to reductions in home loan costs by a number of lenders, including Halifax.<br><strong><br>Government influence</strong></p> <p>It is unlikely that the government will demand a seat on the board of the banks, in the way it is represented in the boardroom of the nationalised Northern Rock. More likely, the composition of boards, executive teams and strategy will be scrutinised at the point of investment. Management teams that are deemed to be part of the cause of the current crisis could find themselves under severe pressure. </p> <p><strong>Special liquidity scheme</strong></p> <p>By adding another \u00a3100bn of funds into the special liquidity scheme, the chancellor is hoping to ensure the stability of the financial system, and free up wholesale lending that has been frozen for a year.</p> <p>Operated by the Bank of England, the scheme allows banks to swap assets that they cannot trade on the markets for nine-month government bonds that are more liquid and more attractive to other banks. The swaps are essentially loans of taxpayer assets and the Bank hopes they will get the paralysed money markets moving again. </p> <p>Until the markets improve, the Bank is also going to conduct auctions to lend sterling for three months and US dollars for one week to the big banks and accept a wide range of collateral.</p> <p>The Bank is also promising to announce next week a more permanent facility to extend liquidity into the system. </p> <p><strong>Banks' borrowing </strong></p> <p>To some bankers, the pledge to guarantee \u00a3250bn of bonds issued by banks is the most crucial part of the package. It should make it easier for banks to find funds in the markets - one of the problems that forced HBOS to be taken over by Lloyds TSB. Bonds issued with durations of up to three years will be covered by the government guarantee. The guarantee will give banks much easier access to international financing.<br><strong><br>Deposit guarantee</strong></p> <p>The bank bailout scheme contains no mention of a blanket guarantee of all savings, similar to the one adopted by Ireland. The current guarantee is \u00a350,000, although the government took steps yesterday to ensure savers with Icelandic banks did not lose their deposits.</p>",
      "newspaperPageNumber": "2",
      "wordcount": "1107",
      "commentable": "false",
      "isPremoderated": "false",
      "lastModified": "2017-11-26T15:01:01Z",
      "newspaperEditionDate": "2008-10-09T00:00:00Z",
      "productionOffice": "UK",
      "publication": "The Guardian",
      "shortUrl": "https://gu.com/p/2xy4p",
      "shouldHideAdverts": "false",
      "showInRelatedContent": "true",
      "legallySensitive": "false",
      "lang": "en",
      "bodyText": "Britain's leading banks have agreed to curb executive pay, cut shareholder dividends and keep lending to small businesses and would-be homeowners in return for a \u00a3500bn taxpayer bailout. The rescue package for the financial system scrambled together on Tuesday night has three main aspects intended to tackle the problems of capital, liquidity and funding that have dogged the industry since the collapse of Northern Rock a year ago. The \u00a3500bn of funds comprises: \u00b7 Up to \u00a350bn of taxpayer money to buy preference shares in the banks - \u00a325bn will be released initially, with a further \u00a325bn at a later date; \u00b7 An extension of the Bank of England's emergency lending, or special liquidity scheme, introduced after the collapse of Bear Stearns, which will allow \u00a3200bn of funds to be made available to banks; \u00b7 A guarantee of the debt issued by banks of up to \u00a3250bn. Eight financial firms will participate in the scheme, described by chancellor Alistair Darling as a \"government-supported recapitalisation scheme\". The eight are: Abbey, owned by the Spanish bank Santander, which is also home to Alliance &amp; Leicester and parts of Bradford &amp; Bingley; Barclays; HBOS, owner of Halifax; HSBC Bank, the UK arm of the giant HSBC Holdings; Lloyds TSB; Nationwide Building Society; Royal Bank of Scotland; and Standard Chartered. Executive pay Banks in which the government ends up owning stakes are likely to be subjected to tough criteria on what they pay executives. The Financial Services Authority is working on plans to ensure that pay schemes within the banks do not encourage too much risk-taking in pursuit of big bonuses. Gordon Brown told MPs yesterday: \"We are in discussion on a case-by-case basis with the banks who want to take up this scheme, about what will be the level of executive remuneration but particularly the bonus system, which has caused so much difficulty. Our aim is to support and reward work and enterprise and responsible risk-taking, but not to reward irresponsibility in risk-taking and excessive risk-taking, that has caused so much damage,\" he told the Commons. Definitions of \"performance-related pay\" are likely to change, particularly in the light of the extraordinary events of the past year when bank shares have collapsed and profits have been held back by credit crunch writedowns. Shareholder dividends Under the government proposal, banks would issue preference shares which would pay a fixed rate of interest. That payout is made before dividends on ordinary shares. The preference share payout will be decided when they are issued, but it is likely to be around 10-11%, regarded by Darling as \"commercial terms\" for government support. The preference shares will give the government rights above other ordinary shareholders. Banks such as Barclays may decide to issue preference shares, but try to persuade traditional City investors to buy them rather than rely entirely on taxpayer funds. If that is not possible, the government would be prepared to buy up any preference shares shunned by outside investors. Banks are likely to sound out their existing shareholders to test their appetite to support fresh fundraisings. After shareholders shunned share issues by HBOS, Bradford &amp; Bingley and Barclays there may be little option but to turn to the taxpayer. Lending to small businesses The government is concerned that small businesses are struggling to get access to financing. These businesses are a key component of the economy and a part of Brown's goal to create an \"enterprise\" economy. Government ministers extracted a promise from the bank bosses in the early hours of the morning to keep lending to small business. The national chairman of the Federation of Small Businesses, John Wright, said: \"This is an ideal opportunity, now that the government has a big stake in the banks, to enter into a constructive dialogue with them about their commercial practices and their charges regarding small businesses. \"Almost half of our members have seen an increase in the cost of finance over the last year. It is crucial in these tough times that small businesses have access to fair overdraft and loan rates.\" Mortgage market When Brown promised Lloyds TSB it could take over HBOS, owner of Halifax, he demanded that the combined institution step up lending in the mortgage market, particularly to first-time buyers. Banks participating in the bailout will also be required to keep providing funds in the mortgage market, which has ground to a halt in the credit crunch. Lenders moved quickly to show they were reacting to the demands. The Bank of England's emergency cut to interest rates led to reductions in home loan costs by a number of lenders, including Halifax. Government influence It is unlikely that the government will demand a seat on the board of the banks, in the way it is represented in the boardroom of the nationalised Northern Rock. More likely, the composition of boards, executive teams and strategy will be scrutinised at the point of investment. Management teams that are deemed to be part of the cause of the current crisis could find themselves under severe pressure. Special liquidity scheme By adding another \u00a3100bn of funds into the special liquidity scheme, the chancellor is hoping to ensure the stability of the financial system, and free up wholesale lending that has been frozen for a year. Operated by the Bank of England, the scheme allows banks to swap assets that they cannot trade on the markets for nine-month government bonds that are more liquid and more attractive to other banks. The swaps are essentially loans of taxpayer assets and the Bank hopes they will get the paralysed money markets moving again. Until the markets improve, the Bank is also going to conduct auctions to lend sterling for three months and US dollars for one week to the big banks and accept a wide range of collateral. The Bank is also promising to announce next week a more permanent facility to extend liquidity into the system. Banks' borrowing To some bankers, the pledge to guarantee \u00a3250bn of bonds issued by banks is the most crucial part of the package. It should make it easier for banks to find funds in the markets - one of the problems that forced HBOS to be taken over by Lloyds TSB. Bonds issued with durations of up to three years will be covered by the government guarantee. The guarantee will give banks much easier access to international financing. Deposit guarantee The bank bailout scheme contains no mention of a blanket guarantee of all savings, similar to the one adopted by Ireland. The current guarantee is \u00a350,000, although the government took steps yesterday to ensure savers with Icelandic banks did not lose their deposits.",
      "charCount": "6730"
    },
    "isHosted": false,
    "pillarId": "pillar/news",
    "pillarName": "News"
  },
  {
    "id": "world/2008/oct/09/china.marketturmoil",
    "type": "article",
    "sectionId": "world",
    "sectionName": "World news",
    "webPublicationDate": "2008-10-08T23:01:00Z",
    "webTitle": "China joins global action to save stockmarkets",
    "webUrl": "https://www.theguardian.com/world/2008/oct/09/china.marketturmoil",
    "apiUrl": "https://content.guardianapis.com/world/2008/oct/09/china.marketturmoil",
    "fields": {
      "headline": "China joins global action to halt plunging stockmarkets",
      "trailText": "<p>Following similar cut last month, China's central bank cuts rates by 0.27 percentage points</p>",
      "byline": "Terry Macalister",
      "main": "",
      "body": "<p>China joined in coordinated action by the world's central banks for the first time yesterday, as interest rates were cut around the world in response to a wave of selling that swept through markets and led to the suspension of trading in Russia.</p> <p>Following a similar cut last month, China's central bank cut rates by 0.27 percentage points in a move which the official Xinhua News Agency said was intended to \"boost the domestic economy amid worries over [the] global financial crisis.\"</p> <p>The monetary authority in Hong Kong also tried to boost the local economy by cutting its main interest rate by one point to 2.5%. It followed a similar move 24 hours earlier by Australia.</p> <p>The island's Hang Seng index had earlier plunged more than 8% while shares fell 5.8% in South Korea, 6% in Thailand and more than 10% in Indonesia.</p> <p>Although the Bank of Japan stayed out of the rate cutting, the mood was gloomy as Tokyo's Nikkei 225 index closed down 9.4%. \"No one knows the bottom of the ongoing financial crisis, and investors were really spooked by growing uncertainty over the global credit crisis,\" said Kazuhiro Takahashi, general manager at Japanese financial group Daiwa Securities. </p> <p>World stocks reached a four-year low at the start of trading in Europe. The share sell-off has wiped $4.6tn (\u00a32.7tn) from the value of the world's stockmarkets in the past three weeks, according to the market information group MSCI. </p> <p>Trading on both Russian stockmarkets was halted after shares plunged within an hour of opening on fears the credit crisis would take a heavy toll on economic growth and the demand for oil.</p> <p>MICEX, where most trading takes place, was shut until Friday after it dropped more than 14% to 637.9 points in the first half-hour of trading. The RTS index, which has lost almost 70% since its peak in May, has been shut until further notice. It fell 11.3% in the first half hour of trading, dropping to 761.6 points following the Russian markets' worst day of trading on Monday.</p> <p>\"It looks like the crash in the west is happening this week,\" said Eric Kraus, an adviser to Otkrytiye brokerage. \"Until that is behind us, we cannot expect any degree of rationality in the Russian financial markets.\"</p> <p>Latin American currencies have also been taking a beating. The Brazilian real lost 5.5% of its value on Tuesday while yesterday Mexico's central bank was under pressure to rescue the peso, which has lost 15% of its value in the last three days, bringing it to levels not seen since the \"Tequila crisis\" of the early 1990s.</p> <p>One major gainer in all the turmoil has been gold, seen by many investors as the ultimate safe haven. The price rose 2.2% yesterday to reach $906 an ounce, up from $830 at the start of the week.</p> <p>Another vital commodity, oil, was on the way down. Light, sweet crude for November delivery fell $2.20 to $87.86 a barrel in New York due to worries that the US credit crisis was enveloping the globe and would hurt demand for oil. The price has crashed from more than $147 a barrel in the summer because of fears that demand from China and India could not be sustained during recession in the west.</p> <p>\"Given the stresses and strains in the international financial system, the market is fearful of a severe international slowdown, especially in developing countries,\" said David Moore, commodity strategist at Commonwealth Bank of Australia in Sydney.</p>",
      "newspaperPageNumber": "5",
      "wordcount": "593",
      "commentable": "false",
      "isPremoderated": "false",
      "lastModified": "2017-11-26T15:00:57Z",
      "newspaperEditionDate": "2008-10-09T00:00:00Z",
      "productionOffice": "UK",
      "publication": "The Guardian",
      "shortUrl": "https://gu.com/p/2xy52",
      "shouldHideAdverts": "false",
      "showInRelatedContent": "true",
      "legallySensitive": "false",
      "lang": "en",
      "bodyText": "China joined in coordinated action by the world's central banks for the first time yesterday, as interest rates were cut around the world in response to a wave of selling that swept through markets and led to the suspension of trading in Russia. Following a similar cut last month, China's central bank cut rates by 0.27 percentage points in a move which the official Xinhua News Agency said was intended to \"boost the domestic economy amid worries over [the] global financial crisis.\" The monetary authority in Hong Kong also tried to boost the local economy by cutting its main interest rate by one point to 2.5%. It followed a similar move 24 hours earlier by Australia. The island's Hang Seng index had earlier plunged more than 8% while shares fell 5.8% in South Korea, 6% in Thailand and more than 10% in Indonesia. Although the Bank of Japan stayed out of the rate cutting, the mood was gloomy as Tokyo's Nikkei 225 index closed down 9.4%. \"No one knows the bottom of the ongoing financial crisis, and investors were really spooked by growing uncertainty over the global credit crisis,\" said Kazuhiro Takahashi, general manager at Japanese financial group Daiwa Securities. World stocks reached a four-year low at the start of trading in Europe. The share sell-off has wiped $4.6tn (\u00a32.7tn) from the value of the world's stockmarkets in the past three weeks, according to the market information group MSCI. Trading on both Russian stockmarkets was halted after shares plunged within an hour of opening on fears the credit crisis would take a heavy toll on economic growth and the demand for oil. MICEX, where most trading takes place, was shut until Friday after it dropped more than 14% to 637.9 points in the first half-hour of trading. The RTS index, which has lost almost 70% since its peak in May, has been shut until further notice. It fell 11.3% in the first half hour of trading, dropping to 761.6 points following the Russian markets' worst day of trading on Monday. \"It looks like the crash in the west is happening this week,\" said Eric Kraus, an adviser to Otkrytiye brokerage. \"Until that is behind us, we cannot expect any degree of rationality in the Russian financial markets.\" Latin American currencies have also been taking a beating. The Brazilian real lost 5.5% of its value on Tuesday while yesterday Mexico's central bank was under pressure to rescue the peso, which has lost 15% of its value in the last three days, bringing it to levels not seen since the \"Tequila crisis\" of the early 1990s. One major gainer in all the turmoil has been gold, seen by many investors as the ultimate safe haven. The price rose 2.2% yesterday to reach $906 an ounce, up from $830 at the start of the week. Another vital commodity, oil, was on the way down. Light, sweet crude for November delivery fell $2.20 to $87.86 a barrel in New York due to worries that the US credit crisis was enveloping the globe and would hurt demand for oil. The price has crashed from more than $147 a barrel in the summer because of fears that demand from China and India could not be sustained during recession in the west. \"Given the stresses and strains in the international financial system, the market is fearful of a severe international slowdown, especially in developing countries,\" said David Moore, commodity strategist at Commonwealth Bank of Australia in Sydney.",
      "charCount": "3367"
    },
    "isHosted": false,
    "pillarId": "pillar/news",
    "pillarName": "News"
  },
  {
    "id": "business/2008/oct/08/creditcrunch.usa",
    "type": "article",
    "sectionId": "business",
    "sectionName": "Business",
    "webPublicationDate": "2008-10-08T22:03:33Z",
    "webTitle": "Dow slides 189 points after gloomy day on Wall Street",
    "webUrl": "https://www.theguardian.com/business/2008/oct/08/creditcrunch.usa",
    "apiUrl": "https://content.guardianapis.com/business/2008/oct/08/creditcrunch.usa",
    "fields": {
      "headline": "Dow slides 189 points despite global interest rate cuts",
      "standfirst": "Dow Jones Industrial Average falls for six successive days, losing 14.7% of its value",
      "trailText": "<p>Dow Jones Industrial Average falls for six successive days, losing 14.7% of its value</p>",
      "byline": "Andrew Clark in New York",
      "main": "<figure class=\"element element-image\" data-media-id=\"gu-image-338416458\"> <img src=\"http://static.guim.co.uk/sys-images/Guardian/Pix/pictures/2008/10/08/dow460x276.jpg\" alt=\"Wall Street, New York Stock Exchange\" width=\"460\" height=\"276\" class=\"gu-image\" /> <figcaption> <span class=\"element-image__caption\">Specialists check a screen on the floor of the New York Stock Exchange on Wednesday. Photograph: Richard Drew/AP</span> </figcaption> </figure>",
      "body": "<p>A gloomy day on Wall Street ended with another plunge in stocks after the US treasury secretary, Henry Paulson, warned that financial \"turmoil\" will not end soon and that more banks are likely to bite the dust.</p> <p>Cuts in interest rates around the world failed to provide any lasting cheer as the fell by 189 points to 9,258. The index has fallen for six successive days, losing 14.7% of its value, amid signs of weariness and capitulation among investors.</p> <p>Leading US retail chains including Target and JC Penney produced poor trading figures, fuelling concerns of a high-street slowdown. America's largest aluminium producer, Alcoa, saw its shares slide by 15% as it cut back on capital spending after a dive in profits. </p> <p>At a press conference to provide details of the US government's $700bn bail-out package, the treasury secretary said it would be several weeks before the treasury is ready to begin cleaning up banks' balance sheets by buying distressed mortgage-related assets.</p> <p>In a prepared statement, Paulson used the word \"turmoil\" seven times to describe the financial environment and he made efforts to limit expectations on the rescue package: \"One thing we must recognise - even with the new treasury authorities, some financial institutions will fail.\"</p> <p>Paulson stressed the need for governments to work together globally, adding: \"Patience is also needed because the turmoil will not end quickly and significant challenges remain ahead.\"</p> <p>The struggling insurance company AIG was given a fresh loan of $37.8bn by the Federal Reserve last night, on top of last month's $85bn emergency credit line, as it struggled to rebuild financial stability.</p> <p>AIG has come under fire from the presidential candidate Barack Obama, who suggested during a debate on Tuesday that executives should be fired for spending $440,000 on a corporate getaway at a Californian resort last month. AIG's chief executive, Edward Liddy, yesterday defended the beach-side get-together, saying that 90 of the 100 attendees were independent insurance agents, although he said the company was \"re-evaluating\" its outgoings \"in the light of the new circumstances in which we are all operating\".</p> <p>Wild swings on the markets continue to unnerve traders who said yesterday's half-point cut in interest rates had come as little surprise. A temporary ban on \"short\" selling in financial stocks ends today in the US, posing the possibility of fresh volatility.</p> <p>David Wyss, chief economist at Standard &amp; Poor's, said the heavy losses in stock markets around the world signal that markets are determining that the credit crisis won't likely be resolved soon.</p> <p>\"There was a general disregard for risk going on in financial markets around the world, it wasn't just the US,\" he said. \"Now they're waking up to risk.\"</p> <p>The price of gold, a traditional safe haven in volatile times, jumped by $24.50 to $906.50 per ounce. Oil fell to a ten-month low of $88.95 on New York's Nymex exchange on expectations of weak industrial activity.</p> <p>On the stock market, Bank of America's shares fell by 7%, taking their five-day fall to 42%, after the North Carolina-based bank was forced to offer shares at a steep discount to persuade investors to stump up $10bn for a fundraising to strengthen its balance sheet.</p>",
      "wordcount": "537",
      "commentable": "false",
      "isPremoderated": "false",
      "lastModified": "2017-07-15T02:20:13Z",
      "newspaperEditionDate": "2008-10-08T00:00:00Z",
      "productionOffice": "UK",
      "publication": "theguardian.com",
      "shortUrl": "https://gu.com/p/2xy62",
      "shouldHideAdverts": "false",
      "showInRelatedContent": "true",
      "legallySensitive": "false",
      "lang": "en",
      "bodyText": "A gloomy day on Wall Street ended with another plunge in stocks after the US treasury secretary, Henry Paulson, warned that financial \"turmoil\" will not end soon and that more banks are likely to bite the dust. Cuts in interest rates around the world failed to provide any lasting cheer as the fell by 189 points to 9,258. The index has fallen for six successive days, losing 14.7% of its value, amid signs of weariness and capitulation among investors. Leading US retail chains including Target and JC Penney produced poor trading figures, fuelling concerns of a high-street slowdown. America's largest aluminium producer, Alcoa, saw its shares slide by 15% as it cut back on capital spending after a dive in profits. At a press conference to provide details of the US government's $700bn bail-out package, the treasury secretary said it would be several weeks before the treasury is ready to begin cleaning up banks' balance sheets by buying distressed mortgage-related assets. In a prepared statement, Paulson used the word \"turmoil\" seven times to describe the financial environment and he made efforts to limit expectations on the rescue package: \"One thing we must recognise - even with the new treasury authorities, some financial institutions will fail.\" Paulson stressed the need for governments to work together globally, adding: \"Patience is also needed because the turmoil will not end quickly and significant challenges remain ahead.\" The struggling insurance company AIG was given a fresh loan of $37.8bn by the Federal Reserve last night, on top of last month's $85bn emergency credit line, as it struggled to rebuild financial stability. AIG has come under fire from the presidential candidate Barack Obama, who suggested during a debate on Tuesday that executives should be fired for spending $440,000 on a corporate getaway at a Californian resort last month. AIG's chief executive, Edward Liddy, yesterday defended the beach-side get-together, saying that 90 of the 100 attendees were independent insurance agents, although he said the company was \"re-evaluating\" its outgoings \"in the light of the new circumstances in which we are all operating\". Wild swings on the markets continue to unnerve traders who said yesterday's half-point cut in interest rates had come as little surprise. A temporary ban on \"short\" selling in financial stocks ends today in the US, posing the possibility of fresh volatility. David Wyss, chief economist at Standard &amp; Poor's, said the heavy losses in stock markets around the world signal that markets are determining that the credit crisis won't likely be resolved soon. \"There was a general disregard for risk going on in financial markets around the world, it wasn't just the US,\" he said. \"Now they're waking up to risk.\" The price of gold, a traditional safe haven in volatile times, jumped by $24.50 to $906.50 per ounce. Oil fell to a ten-month low of $88.95 on New York's Nymex exchange on expectations of weak industrial activity. On the stock market, Bank of America's shares fell by 7%, taking their five-day fall to 42%, after the North Carolina-based bank was forced to offer shares at a steep discount to persuade investors to stump up $10bn for a fundraising to strengthen its balance sheet.",
      "charCount": "3261"
    },
    "isHosted": false,
    "pillarId": "pillar/news",
    "pillarName": "News"
  },
  {
    "id": "business/2008/oct/08/worldbank.food",
    "type": "article",
    "sectionId": "business",
    "sectionName": "Business",
    "webPublicationDate": "2008-10-08T17:53:27Z",
    "webTitle": "World Bank warns on 'human crisis' of high food prices",
    "webUrl": "https://www.theguardian.com/business/2008/oct/08/worldbank.food",
    "apiUrl": "https://content.guardianapis.com/business/2008/oct/08/worldbank.food",
    "fields": {
      "headline": "World Bank warns on 'human crisis' of high food prices",
      "standfirst": "\u2022 Poor 'pushed to brink of survival'<br/>\u2022 Children will not grow into healthy adults",
      "trailText": "<p>Robert Zoellick says 44 million of the world's poorest people will be driven into malnutrition this year</p>",
      "byline": "Heather Stewart in Washington",
      "main": "",
      "body": "<p>World Bank president Robert Zoellick urged governments to act to contain a mounting \"human crisis\" today, as he warned that 44 million of the world's poorest people would be driven into malnutrition this year, as a result of high food prices.</p> <p>\"While people in the developed world are focused on the financial crisis, many forget that a human crisis is rapidly unfolding in developing countries. It is pushing poor people to the brink of survival,\" Zoellick said.</p> <p>The Bank estimates that the total number of malnourished people around the world will rise to 967 million this year, as families struggle with the rising price of basic foodstuffs. </p> <p>Speaking to reporters in Washington, as development ministers prepare to gather for the Bank's annual meetings this weekend, Zoellick called for emergency action from rich economies to tackle the problem, and warned that its effects can persist for a generation. </p> <p>\"This means children will not grow into healthy adults,\" he said.</p> <p>Zoellick welcomed the joint rate cut by central banks around the world - and especially the participation of China, the first time it has joined in such an action - but he added: \"My message to the G7 and other rising powers is, we also need coordinated action to support developing countries, and those that are most vulnerable.\"</p> <p>He said the Bank was closely monitoring a group of around 30 emerging economies that are at particular risk of suffering a budget crisis, because volatile commodity crises and the rising cost of borrowing as a result of the credit crunch.</p> <p>Zoellick said the Bank would also help developing countries to devise relatively cheap \"targeted safety net\" programmes to protect their poorest citizens from rising prices, for around 1% of GDP. \"That's a very, very good investment.\"</p> <p>He repeated his call for seven major developing countries, including China and India, to be brought into the G7 club of rich economies, to provide a better reflection of the shifting balance of power in the world.<br></p>",
      "wordcount": "330",
      "commentable": "false",
      "isPremoderated": "false",
      "lastModified": "2017-05-31T11:12:24Z",
      "newspaperEditionDate": "2008-10-08T00:00:00Z",
      "productionOffice": "UK",
      "publication": "theguardian.com",
      "shortUrl": "https://gu.com/p/2xkpz",
      "shouldHideAdverts": "false",
      "showInRelatedContent": "true",
      "legallySensitive": "false",
      "lang": "en",
      "bodyText": "World Bank president Robert Zoellick urged governments to act to contain a mounting \"human crisis\" today, as he warned that 44 million of the world's poorest people would be driven into malnutrition this year, as a result of high food prices. \"While people in the developed world are focused on the financial crisis, many forget that a human crisis is rapidly unfolding in developing countries. It is pushing poor people to the brink of survival,\" Zoellick said. The Bank estimates that the total number of malnourished people around the world will rise to 967 million this year, as families struggle with the rising price of basic foodstuffs. Speaking to reporters in Washington, as development ministers prepare to gather for the Bank's annual meetings this weekend, Zoellick called for emergency action from rich economies to tackle the problem, and warned that its effects can persist for a generation. \"This means children will not grow into healthy adults,\" he said. Zoellick welcomed the joint rate cut by central banks around the world - and especially the participation of China, the first time it has joined in such an action - but he added: \"My message to the G7 and other rising powers is, we also need coordinated action to support developing countries, and those that are most vulnerable.\" He said the Bank was closely monitoring a group of around 30 emerging economies that are at particular risk of suffering a budget crisis, because volatile commodity crises and the rising cost of borrowing as a result of the credit crunch. Zoellick said the Bank would also help developing countries to devise relatively cheap \"targeted safety net\" programmes to protect their poorest citizens from rising prices, for around 1% of GDP. \"That's a very, very good investment.\" He repeated his call for seven major developing countries, including China and India, to be brought into the G7 club of rich economies, to provide a better reflection of the shifting balance of power in the world.",
      "charCount": "1991"
    },
    "isHosted": false,
    "pillarId": "pillar/news",
    "pillarName": "News"
  },
  {
    "id": "business/2008/oct/08/banking.creditcrunch1",
    "type": "article",
    "sectionId": "business",
    "sectionName": "Business",
    "webPublicationDate": "2008-10-08T12:39:17Z",
    "webTitle": "Explainer: the \u00a3500bn banking bail-out",
    "webUrl": "https://www.theguardian.com/business/2008/oct/08/banking.creditcrunch1",
    "apiUrl": "https://content.guardianapis.com/business/2008/oct/08/banking.creditcrunch1",
    "fields": {
      "headline": "Explainer: the \u00a3500bn banking bail-out",
      "standfirst": "The government insists it has extracted a price from the banks - no more big bonuses, no dividends to shareholders and a pledge to keep lending to small businesses and would-be homeowners",
      "trailText": "<p>The outline of the historic intervention by the state was hammered out in the early hours of the morning but the actual mechanics of how it will work will become clearer in the coming 48 hours</p>",
      "byline": "Jill Treanor",
      "main": "",
      "body": "<p>Anyone looking for the detail of<a href=\"http://www.theguardian.com/business/2008/oct/08/marketturmoil.creditcrunch\"> how the government's \u00a3500bn bail-out of the banking sector works could quickly become frustrated</a>. </p> <p>The outline of the historic intervention by the state was hammered out in the early hours of the morning. The actual mechanics of how it will work will become clearer in the coming 48 hours as the financial institutions preparing to use the government handout start to calculate how much they need to raise and how they will go about.</p> <h2>The scheme has three phases:</h2> <p>\u2022 Up to \u00a350bn of taxpayer money to buy preference shares - \u00a325bn will be released initially with a further \u00a325bn at a later date</p> <p>\u2022 An extension of the Special Liquidity Scheme introduced after the collapse of Bear Stearns to allow \u00a3200bn of funds to be made available to banks</p> <p>\u2022 A guarantee of the debt issued by banks of up to \u00a3250bn</p> <p>It seems likely that five of the eight institutions listed in the announcement will participate in the equity raising - <a href=\"http://www.theguardian.com/business/royalbankofscotlandgroup\">Royal Bank of Scotland</a>, <a href=\"http://www.theguardian.com/business/barclay\">Barclays</a>, <a href=\"http://www.theguardian.com/business/hbos\">HBOS</a>, <a href=\"http://www.theguardian.com/business/lloydstsbgroup\">Lloyds TSB</a> and Nationwide - while <a href=\"http://www.theguardian.com/business/hsbcholdings\">HSBC</a>, <a href=\"http://www.theguardian.com/business/standardchartered\">Standard Chartered</a> and <a href=\"http://www.theguardian.com/business/santander\">Abbey</a> will be more likely to take advantage of the money market operations.</p> <p>Bankers are now establishing with <a href=\"http://www.theguardian.com/business/regulators\">the Financial Services Authority</a> how much capital they will be expected to raise. The terms of the preference shares are yet to be established but they will pay a coupon -a fixed payment rather than a dividend - to the taxpayer. </p> <p>It is not yet clear what stake the taxpayer will effectively have in the institution issuing the preference shares. But, to put the \u00a325bn into perspective - it is currently half the current stockmarket value of the four main banks likely to be raising funds.</p> <p>The institutions using the scheme will have to decide what to do by the year-end. In practice, decisions will be made in the coming hours.</p> <p>Some banks may even try to sell preference shares to outside investors, in the knowledge that the government will pick up any shares that are not bought by City shareholders.</p> <p>In return for taxpayer money, the government insists it has extracted a price from the banks - no more big bonuses, no dividends to shareholders and a pledge to keep lending money to small businesses and would-be homeowners. But, again, the detail is yet to worked out.</p> <p>Alistair Darling is adamant that the scheme will be \"on commercial terms\". His ultimate goal is also clear: to make the banks \"more willing to lend to people, families and business\".</p> <p>There were early signs that the banks were ready to deliver. Within 75 minutes of an emergency 50 basis points cuts to base rates, HBOS's Halifax mortgage arm announced a cut in its standard variable rate from 7% to 6.5%. It is likely the government will be expecting more of this.</p>",
      "wordcount": "471",
      "commentable": "false",
      "isPremoderated": "false",
      "lastModified": "2017-05-25T10:34:25Z",
      "newspaperEditionDate": "2008-10-08T00:00:00Z",
      "productionOffice": "UK",
      "publication": "theguardian.com",
      "shortUrl": "https://gu.com/p/2xkjf",
      "shouldHideAdverts": "false",
      "showInRelatedContent": "true",
      "legallySensitive": "false",
      "lang": "en",
      "bodyText": "Anyone looking for the detail of how the government's \u00a3500bn bail-out of the banking sector works could quickly become frustrated. The outline of the historic intervention by the state was hammered out in the early hours of the morning. The actual mechanics of how it will work will become clearer in the coming 48 hours as the financial institutions preparing to use the government handout start to calculate how much they need to raise and how they will go about. The scheme has three phases: \u2022 Up to \u00a350bn of taxpayer money to buy preference shares - \u00a325bn will be released initially with a further \u00a325bn at a later date \u2022 An extension of the Special Liquidity Scheme introduced after the collapse of Bear Stearns to allow \u00a3200bn of funds to be made available to banks \u2022 A guarantee of the debt issued by banks of up to \u00a3250bn It seems likely that five of the eight institutions listed in the announcement will participate in the equity raising - Royal Bank of Scotland, Barclays, HBOS, Lloyds TSB and Nationwide - while HSBC, Standard Chartered and Abbey will be more likely to take advantage of the money market operations. Bankers are now establishing with the Financial Services Authority how much capital they will be expected to raise. The terms of the preference shares are yet to be established but they will pay a coupon -a fixed payment rather than a dividend - to the taxpayer. It is not yet clear what stake the taxpayer will effectively have in the institution issuing the preference shares. But, to put the \u00a325bn into perspective - it is currently half the current stockmarket value of the four main banks likely to be raising funds. The institutions using the scheme will have to decide what to do by the year-end. In practice, decisions will be made in the coming hours. Some banks may even try to sell preference shares to outside investors, in the knowledge that the government will pick up any shares that are not bought by City shareholders. In return for taxpayer money, the government insists it has extracted a price from the banks - no more big bonuses, no dividends to shareholders and a pledge to keep lending money to small businesses and would-be homeowners. But, again, the detail is yet to worked out. Alistair Darling is adamant that the scheme will be \"on commercial terms\". His ultimate goal is also clear: to make the banks \"more willing to lend to people, families and business\". There were early signs that the banks were ready to deliver. Within 75 minutes of an emergency 50 basis points cuts to base rates, HBOS's Halifax mortgage arm announced a cut in its standard variable rate from 7% to 6.5%. It is likely the government will be expecting more of this.",
      "charCount": "2699"
    },
    "isHosted": false,
    "pillarId": "pillar/news",
    "pillarName": "News"
  },
  {
    "id": "business/2008/oct/08/commodities.marketturmoil",
    "type": "article",
    "sectionId": "business",
    "sectionName": "Business",
    "webPublicationDate": "2008-10-08T10:14:18Z",
    "webTitle": "Gold prices up 3% as flight to safety continues",
    "webUrl": "https://www.theguardian.com/business/2008/oct/08/commodities.marketturmoil",
    "apiUrl": "https://content.guardianapis.com/business/2008/oct/08/commodities.marketturmoil",
    "fields": {
      "headline": "Gold prices up 3% as flight to safety continues",
      "trailText": "<p>Britain's bank rescue package failed to calm investors who continued to seek safety in gold</p>",
      "byline": "Angela Balakrishnan",
      "main": "<figure class=\"element element-image\" data-media-id=\"gu-image-338391743\"> <img src=\"http://static.guim.co.uk/sys-images/Money/Pix/pictures/2008/09/19/GoldCorbisChrisCollins460.jpg\" alt=\"Gold bullion\" width=\"460\" height=\"276\" class=\"gu-image\" /> <figcaption> <span class=\"element-image__caption\">Photograph: Chris Collins/Corbis</span> </figcaption> </figure>",
      "body": "<p>Britain's <a href=\"http://www.theguardian.com/business/2008/oct/08/creditcrunch.banking\">bank rescue package</a> failed to calm investors who continued to seek safety in <a href=\"http://www.theguardian.com/business/commodities\">gold</a>, pushing the price up by nearly 3% today.</p> <p>Spot prices reached as high as $911.25 an ounce in early trading compared with $886.6 the previous day. Gold is usually seen as a safe asset during times of economic volatility. </p> <p>\"Gold has completely evolved as the ultimate safe haven amidst the financial crisis, but the gains have been largely limited by a slide in oil prices and recent investors' tendency to take profits after every short rally to raise cash to meet expenses in other markets,\" said Pradeep Unni, analyst at Richcomm Global Services.</p> <p><a href=\"http://www.theguardian.com/business/2008/oct/06/oil.consumeraffairs\">Oil prices have slumped from their records levels</a> of over $140 a barrel in July to just $86.52 a barrel. Oil is seen as being one of the most exposed commodities to the US and there are concerns that falling demand from the world's largest economy will dampen prices.</p> <p>The surge in gold was initially driven by grim trading in the Japanese stockmarket. The Nikkei posted its biggest one-day drop since the 1987 market crash as fears intensified that the Asia may be engulfed in the global recession.</p> <p>A weaker dollar has also made gold more attractive.</p> <p>\"The downside risks to gold seem mitigated by the strength of physical demand for investment-grade jewellery and small bars in the important gold markets of the Middle East, India, China and other parts of Asia,\" said Jeffrey Nichols, managing director of American Precious Metals Advisor.</p> <p>Just last week the US Mint, which has been responsible for ensuring an adequate supply of American coinage since 1792, was forced to halt <a href=\"http://www.theguardian.com/business/gallery/2008/oct/02/commodities.currencies\">sales of the \"American Buffalo\" solid 24-carat gold coins because it was running out of supplies</a>. It had already needed to ration supplies of the 22 carat \"American Eagle\" alternative by starting an allocation programme which limits the number that can be sold at any given time.</p>",
      "wordcount": "324",
      "commentable": "false",
      "isPremoderated": "false",
      "lastModified": "2008-10-08T10:14:16Z",
      "newspaperEditionDate": "2008-10-08T00:00:00Z",
      "productionOffice": "UK",
      "publication": "theguardian.com",
      "shortUrl": "https://gu.com/p/2xkgv",
      "shouldHideAdverts": "false",
      "showInRelatedContent": "true",
      "legallySensitive": "false",
      "lang": "en",
      "bodyText": "Britain's bank rescue package failed to calm investors who continued to seek safety in gold, pushing the price up by nearly 3% today. Spot prices reached as high as $911.25 an ounce in early trading compared with $886.6 the previous day. Gold is usually seen as a safe asset during times of economic volatility. \"Gold has completely evolved as the ultimate safe haven amidst the financial crisis, but the gains have been largely limited by a slide in oil prices and recent investors' tendency to take profits after every short rally to raise cash to meet expenses in other markets,\" said Pradeep Unni, analyst at Richcomm Global Services. Oil prices have slumped from their records levels of over $140 a barrel in July to just $86.52 a barrel. Oil is seen as being one of the most exposed commodities to the US and there are concerns that falling demand from the world's largest economy will dampen prices. The surge in gold was initially driven by grim trading in the Japanese stockmarket. The Nikkei posted its biggest one-day drop since the 1987 market crash as fears intensified that the Asia may be engulfed in the global recession. A weaker dollar has also made gold more attractive. \"The downside risks to gold seem mitigated by the strength of physical demand for investment-grade jewellery and small bars in the important gold markets of the Middle East, India, China and other parts of Asia,\" said Jeffrey Nichols, managing director of American Precious Metals Advisor. Just last week the US Mint, which has been responsible for ensuring an adequate supply of American coinage since 1792, was forced to halt sales of the \"American Buffalo\" solid 24-carat gold coins because it was running out of supplies. It had already needed to ration supplies of the 22 carat \"American Eagle\" alternative by starting an allocation programme which limits the number that can be sold at any given time.",
      "charCount": "1897"
    },
    "isHosted": false,
    "pillarId": "pillar/news",
    "pillarName": "News"
  }
]