[
  {
    "id": "business/2008/jan/15/goldprices.dollar",
    "type": "article",
    "sectionId": "business",
    "sectionName": "Business",
    "webPublicationDate": "2008-01-15T23:47:29Z",
    "webTitle": "Market tremors lift gold to all-time high",
    "webUrl": "https://www.theguardian.com/business/2008/jan/15/goldprices.dollar",
    "apiUrl": "https://content.guardianapis.com/business/2008/jan/15/goldprices.dollar",
    "fields": {
      "headline": "Market tremors lift gold to all-time high",
      "standfirst": "<strong>&#183;</strong> Weak dollar and recession fears boost demand<br /> <strong>&#183;</strong> Analysts predict $1,000 an ounce is in sight",
      "trailText": "<p><strong>&#183;</strong> Weak dollar and recession fears boost demand<br /> <strong>&#183;</strong> Analysts predict $1,000 an ounce is in sight</p>",
      "byline": "Angela Balakrishnan",
      "main": "",
      "body": "<p>Gold surged above $910 yesterday, setting another historic high as the continuing slide in the dollar and expectations of sharp interest rate cuts by the Federal Reserve prompted investors to snap up the metal.</p> <p>Spot gold leapt to an all-time high of $914 an ounce, charging past the record of $900.10 set at the end of last week, before settling lower in later trading.</p> <p>Analysts at Citigroup predicted that prices will break through $1,000 an ounce this year. \"There is blue sky ahead of us and there is room for gold to go higher,\" said Darren Heathcote at Investec. \"We are in uncharted territory. We have a weaker dollar and that's encouraged people to buy gold.\"</p> <p>The dollar slipped to a one-and-half-month low against the euro and the yen. Investors expect borrowing costs to fall by a half-point to 3.75% at the Fed's meeting at the end of the month and interest rate futures are pricing in the risk of an emergency cut before then, further eroding the dollar's appeal.</p> <p>A weaker dollar makes gold cheaper for holders of other currencies, boosting demand. Gold is also seen as a safe haven in times of economic uncertainty. Fears of further write-downs from big financial institutions and concern that the US may be on the brink of a recession have also increased the metal's appeal.</p> <p>John Hill, director of metals research at Citigroup, said the strength of the gold market was attracting new investors while others were buying to hedge against signs of rising inflation. Oil prices have reached record highs above $100 a barrel while the prices of corn, wheat and soya beans have also risen sharply. </p> <p>The soaring gold price comes as a blow for many jewellery retailers. In Singapore, physical dealers have already noted limited demand from jewellers, who are entering a crucial trading period. Yesterday saw many Indians celebrate the Sankranti festival, which marks the start of a period during which Hindu marriages will be held. Gold forms an essential part of the dowry basket and India is the biggest consumer of the precious metal, followed by the Chinese, who celebrate their new year next month.</p> <p>Tiffany, whose main store on Manhattan's Fifth Avenue was supported largely by foreign visitors last year, has already issued a profit warning. Signet, the jewellery group that operates under the names of H Samuel and Ernest Jones in Britain, has sounded its second profit warning in six weeks. </p> <p>Gold has jumped 50% in the past year. Its annual rise in 2007 was the strongest since 1979 and it has gained nearly $120 an ounce since hitting a low of $795.30 just before Christmas last year.</p> <p>\"Gold could still go higher, but we don't think this is a right time for buying,\" said Robin Bhar, metals analyst at UBS investment bank. \"We would need to see a close above $900 that would be constructed as a bullish sign. But fundamentally we are very cautious. There is a risk of a $50-$100 correction at any time.\"</p> <p>The strength of gold boosted the price of many other precious metals. Platinum hit a record high, silver prices were touching a 27-year peak and palladium rose to its highest level in more than two months.</p>",
      "newspaperPageNumber": "25",
      "wordcount": "543",
      "commentable": "false",
      "isPremoderated": "false",
      "lastModified": "2017-12-01T18:52:32Z",
      "newspaperEditionDate": "2008-01-15T00:00:00Z",
      "productionOffice": "UK",
      "publication": "The Guardian",
      "shortUrl": "https://gu.com/p/xx4en",
      "shouldHideAdverts": "false",
      "showInRelatedContent": "true",
      "legallySensitive": "false",
      "lang": "en",
      "bodyText": "Gold surged above $910 yesterday, setting another historic high as the continuing slide in the dollar and expectations of sharp interest rate cuts by the Federal Reserve prompted investors to snap up the metal. Spot gold leapt to an all-time high of $914 an ounce, charging past the record of $900.10 set at the end of last week, before settling lower in later trading. Analysts at Citigroup predicted that prices will break through $1,000 an ounce this year. \"There is blue sky ahead of us and there is room for gold to go higher,\" said Darren Heathcote at Investec. \"We are in uncharted territory. We have a weaker dollar and that's encouraged people to buy gold.\" The dollar slipped to a one-and-half-month low against the euro and the yen. Investors expect borrowing costs to fall by a half-point to 3.75% at the Fed's meeting at the end of the month and interest rate futures are pricing in the risk of an emergency cut before then, further eroding the dollar's appeal. A weaker dollar makes gold cheaper for holders of other currencies, boosting demand. Gold is also seen as a safe haven in times of economic uncertainty. Fears of further write-downs from big financial institutions and concern that the US may be on the brink of a recession have also increased the metal's appeal. John Hill, director of metals research at Citigroup, said the strength of the gold market was attracting new investors while others were buying to hedge against signs of rising inflation. Oil prices have reached record highs above $100 a barrel while the prices of corn, wheat and soya beans have also risen sharply. The soaring gold price comes as a blow for many jewellery retailers. In Singapore, physical dealers have already noted limited demand from jewellers, who are entering a crucial trading period. Yesterday saw many Indians celebrate the Sankranti festival, which marks the start of a period during which Hindu marriages will be held. Gold forms an essential part of the dowry basket and India is the biggest consumer of the precious metal, followed by the Chinese, who celebrate their new year next month. Tiffany, whose main store on Manhattan's Fifth Avenue was supported largely by foreign visitors last year, has already issued a profit warning. Signet, the jewellery group that operates under the names of H Samuel and Ernest Jones in Britain, has sounded its second profit warning in six weeks. Gold has jumped 50% in the past year. Its annual rise in 2007 was the strongest since 1979 and it has gained nearly $120 an ounce since hitting a low of $795.30 just before Christmas last year. \"Gold could still go higher, but we don't think this is a right time for buying,\" said Robin Bhar, metals analyst at UBS investment bank. \"We would need to see a close above $900 that would be constructed as a bullish sign. But fundamentally we are very cautious. There is a risk of a $50-$100 correction at any time.\" The strength of gold boosted the price of many other precious metals. Platinum hit a record high, silver prices were touching a 27-year peak and palladium rose to its highest level in more than two months.",
      "charCount": "3121"
    },
    "isHosted": false,
    "pillarId": "pillar/news",
    "pillarName": "News"
  },
  {
    "id": "education/2008/jan/15/schools.schoolfunding",
    "type": "article",
    "sectionId": "education",
    "sectionName": "Education",
    "webPublicationDate": "2008-01-15T23:41:10Z",
    "webTitle": "Backpay for teaching assistants crisis",
    "webUrl": "https://www.theguardian.com/education/2008/jan/15/schools.schoolfunding",
    "apiUrl": "https://content.guardianapis.com/education/2008/jan/15/schools.schoolfunding",
    "fields": {
      "headline": "Equality backpay comes at a price",
      "standfirst": "No one disputes that school support workers be recompensed for unfairly low wages, but who is going to pay - and with what consequences? Report by Louise Tickle",
      "trailText": "<p>No one disputes that school support workers be recompensed for unfairly low wages, but who is going to pay - and with what consequences? Report by <strong>Louise Tickle</strong></p>",
      "byline": "Louise Tickle",
      "main": "",
      "body": "<p>When an invoice for \u00a3650,000 landed on Phil Jones's desk last October, it was something of a shock. The headteacher of Oakham primary school in Sandwell soon discovered that his wasn't the only school reeling. Other headteachers in the borough had received official brown envelopes too, and the total sum being demanded amounted to \u00a355m.</p> <p>The invoices were from Sandwell metropolitan borough authority: the council was charging its schools for the backpay it anticipated would be owed to mainly female educational support staff who, among other council employees, had been systematically discriminated against in salary terms for years.</p> <p>This situation has arisen because of the \"single status\" agreement that was reached in 1997, recognising that generations of local authority employees had been paid less for jobs primarily done by women, compared with work of equal value primarily done by men. Councils were then told to complete pay reviews to work out the extent of the discrimination and determine new pay and conditions for a range of jobs.</p> <p>Ten years on, by the deadline of March 2007, less than half had done so. In the meantime, unions had started to negotiate local deals that certain groups of affected employees felt were not ambitious enough, and, in response, some women brought - and won - individual discrimination cases against their local council employer for sums much greater than their union was prepared to fight for.</p> <p>A report just out from Local Government Employers (LGE), which represents councils, warns that the total national bill could reach \u00a32.8bn, and that the educational component of this - dinner ladies, teaching assistants, special needs support staff - accounts for about 30%. In some local authority areas, however, the proportion rises to 75%.</p> <p>This, then, is a national issue, and the fact that schools are being told by their council to cough up to the tune of around \u00a31bn is prompting a furious response.</p> <p>Without digging a bit deeper, it might be hard to see why. When, as a school, you hold your own budget and employ your own staff, if the salary rates you pay certain employees are deemed discriminatory, it seems a bit rich to kick up when you're asked to redress the unfairness?</p> <p>But the situation is more complex. Local authorities are responsible in law for setting and managing the terms and conditions of school staff. Despite schools holding their own budgets, heads are supposed to uphold local-authority set pay rates for support staff roles. And it's here that the argument about who is liable for settling backpay in discrimination cases starts.</p> <p><strong>Recommended pay rates</strong></p> <p>At LGE, principal strategic adviser John Sutcliffe is adamant that schools have not been adhering to the spirit of employment legislation, have varied local-authority recommended pay rates for support staff and set their own salary levels, and that it is therefore entirely fair that they should pay their share of the liability.</p> <p>When asked, however, about how many schools have in fact chosen to set their own pay rates at a lower level than that suggested by the council, he cannot produce a figure, or even an estimated proportion of the whole. Given that this is the crux of the LGE argument for schools being liable, this failure seems alarming.</p> <p>The suggestion that schools have, as a widespread practice, been paying lower-than-recommended rates baffles the National Association of Head Teachers.</p> <p>\"I would be very interested to see local authorities providing examples of schools paying less than local authority recommended rate. The vast majority of schools stick with what the LA sets,\" says Kerry George, the NAHT's senior assistant secretary.</p> <p>\"Our experience has been rather that where schools have offered more than the local authority is suggesting, the LA then comes back to them saying, 'if we get equal pay claims [from other employees, based on that higher payrate], we'll charge your school's budget for the cost'.\"</p> <p>At Oakham, Jones appears aghast at the suggestion that schools have been paying their support staff less than local authority rates. \"Certainly the schools that I'm aware of follow local authority guidance,\" he says. \"Our school always has, and we've paid more than the recommendations on occasion, because we've judged that the role has more responsibility than the council rate is suitable for.\"</p> <p>The LGE position is that schools must find a way of paying, and that there are three main areas where they should look to find the money: capitalisation (borrowing against assets), efficiency savings, or their reserves - estimated by the LGE at \u00a31.5bn nationally.</p> <p><strong>Reserves not a solution</strong></p> <p>The idea that schools are awash with uncommitted savings is met with hollow laughter. \"We are not sitting on large reserves,\" says Jones. \"We have a small working reserve for projects that have been planned in. Yes, there are reserves held across the borough, but not \u00a355m - and in our case, certainly nothing like a spare \u00a3650,000.\"</p> <p>Given that negotiations are now taking place between schools and Sandwell council, what if he had to pay just half what he's been asked for? \"There would have to be job losses, even if it was spread out over several years, and because I have to have a teacher in front of every class, unfortunately it would be support staffing that would have to go. That's not good for the children, who are benefiting from all the efforts we've made on extended provision that the support staff are needed for. Or, obviously, for the support staff.\"</p> <p>This irony is also pointed out by Mick Brookes, general secretary of the NAHT. While having no quibble with the principle that people who have been discriminated against should get their backpay, he notes that if it is the classroom assistants, dinner ladies, school nurses, midday supervisors and play workers who find their jobs axed, then the very section of the workforce meant to benefit from equal pay - mainly female workers, in roles that add enormous value to children's educational experience - will be out of a job.</p> <p>Added to this, Jones observes, it is the schools that have made considerable investments in hiring support staff - and have therefore made this expenditure a priority, rather than capital projects - that may find themselves hit with the highest backpay liability and the smallest reserves on which to draw. And with tight budget settlements out of which ongoing costs from the newly revised payscales will have to be met, he can't see how these schools will cope.</p> <p><strong>Carefully planned savings</strong></p> <p>\"The notion that this can be paid for out of reserves - which in most cases, are carefully planned savings - assumes that the highest bills will all go to schools with big reserves,\" says Brookes. Given that there are large differences in the level of reserves held by schools, and in their staffing policies, this, he implies, is not a reasonable assumption to make.</p> <p>Brookes also notes that Department for Children, Schools and Families guidance to schools is that they should hold between 5% and 8% of funds in reserve, but, as a national average, school reserves currently stand at around 5% or 6%. If a local authority made a school spend a large proportion of its savings on backpay, it would be requiring the head to go against government guidance.</p> <p>An alternative suggestion, that schools should go into a planned deficit, ie by agreeing to borrow money that the local authority itself had borrowed by mortgaging capital assets, is not an option. Sandwell council proposed this as a solution when heads protested their inability to pay the sums that they'd been asked for.</p> <p>\"Schools are obliged to have balanced budgets - they aren't allowed to plan to go into the red,\" says Kerry George at the NAHT. \"In essence, the local authority was talking in terms of licensing a deficit which the schools would pay back to them.\"</p> <p>Asked for an interview in which these issues could be explored, Sandwell council refused, offering only a statement: \"We shared these figures [on backpay liability] with our schools at an early stage to give them advance warning and bring them into the debate. We are about to enter into formal discussions with the unions on reaching a negotiated settlement. Whatever the settlement, the bill will still be significant and, in common with other councils, we will receive no financial help from government apart from a relaxation the borrowing requirements.\"</p> <p>If schools can't afford it and councils don't want to shift their budgets around, who's going to pay these mainly female workers for their years of undervalued labour?</p> <p>The LGE thinks schools will have to find the money somehow. But then, it's probably easier to invoice a school than to fight the government for more cash. The NAHT says a deal must be thrashed out between local authorities and central government if children aren't ultimately to suffer from depleted staffing levels and reduced learning opportunities.</p> <p>There are some urgent questions that don't seem to be being adequately resolved: why have local authorities been so tardy in addressing the problem when warnings were given that this cost needed to be planned for? Why should schools pay when they say they have adhered to local authority payscales and the local authority is the employer? And, ultimately, if it is shown that schools followed their council's guidance, why should they pick up this huge bill, with the inevitable result that some educational support workers who have already suffered unequal pay will be hit once more with redundancy notices. Perhaps that's what you get for having the temerity to fight for your rights.</p>",
      "newspaperPageNumber": "1",
      "wordcount": "1604",
      "commentable": "false",
      "isPremoderated": "false",
      "lastModified": "2017-09-15T11:47:16Z",
      "newspaperEditionDate": "2008-01-15T00:00:00Z",
      "productionOffice": "UK",
      "publication": "The Guardian",
      "shortUrl": "https://gu.com/p/xk5mm",
      "shouldHideAdverts": "false",
      "showInRelatedContent": "true",
      "legallySensitive": "false",
      "lang": "en",
      "bodyText": "When an invoice for \u00a3650,000 landed on Phil Jones's desk last October, it was something of a shock. The headteacher of Oakham primary school in Sandwell soon discovered that his wasn't the only school reeling. Other headteachers in the borough had received official brown envelopes too, and the total sum being demanded amounted to \u00a355m. The invoices were from Sandwell metropolitan borough authority: the council was charging its schools for the backpay it anticipated would be owed to mainly female educational support staff who, among other council employees, had been systematically discriminated against in salary terms for years. This situation has arisen because of the \"single status\" agreement that was reached in 1997, recognising that generations of local authority employees had been paid less for jobs primarily done by women, compared with work of equal value primarily done by men. Councils were then told to complete pay reviews to work out the extent of the discrimination and determine new pay and conditions for a range of jobs. Ten years on, by the deadline of March 2007, less than half had done so. In the meantime, unions had started to negotiate local deals that certain groups of affected employees felt were not ambitious enough, and, in response, some women brought - and won - individual discrimination cases against their local council employer for sums much greater than their union was prepared to fight for. A report just out from Local Government Employers (LGE), which represents councils, warns that the total national bill could reach \u00a32.8bn, and that the educational component of this - dinner ladies, teaching assistants, special needs support staff - accounts for about 30%. In some local authority areas, however, the proportion rises to 75%. This, then, is a national issue, and the fact that schools are being told by their council to cough up to the tune of around \u00a31bn is prompting a furious response. Without digging a bit deeper, it might be hard to see why. When, as a school, you hold your own budget and employ your own staff, if the salary rates you pay certain employees are deemed discriminatory, it seems a bit rich to kick up when you're asked to redress the unfairness? But the situation is more complex. Local authorities are responsible in law for setting and managing the terms and conditions of school staff. Despite schools holding their own budgets, heads are supposed to uphold local-authority set pay rates for support staff roles. And it's here that the argument about who is liable for settling backpay in discrimination cases starts. Recommended pay rates At LGE, principal strategic adviser John Sutcliffe is adamant that schools have not been adhering to the spirit of employment legislation, have varied local-authority recommended pay rates for support staff and set their own salary levels, and that it is therefore entirely fair that they should pay their share of the liability. When asked, however, about how many schools have in fact chosen to set their own pay rates at a lower level than that suggested by the council, he cannot produce a figure, or even an estimated proportion of the whole. Given that this is the crux of the LGE argument for schools being liable, this failure seems alarming. The suggestion that schools have, as a widespread practice, been paying lower-than-recommended rates baffles the National Association of Head Teachers. \"I would be very interested to see local authorities providing examples of schools paying less than local authority recommended rate. The vast majority of schools stick with what the LA sets,\" says Kerry George, the NAHT's senior assistant secretary. \"Our experience has been rather that where schools have offered more than the local authority is suggesting, the LA then comes back to them saying, 'if we get equal pay claims [from other employees, based on that higher payrate], we'll charge your school's budget for the cost'.\" At Oakham, Jones appears aghast at the suggestion that schools have been paying their support staff less than local authority rates. \"Certainly the schools that I'm aware of follow local authority guidance,\" he says. \"Our school always has, and we've paid more than the recommendations on occasion, because we've judged that the role has more responsibility than the council rate is suitable for.\" The LGE position is that schools must find a way of paying, and that there are three main areas where they should look to find the money: capitalisation (borrowing against assets), efficiency savings, or their reserves - estimated by the LGE at \u00a31.5bn nationally. Reserves not a solution The idea that schools are awash with uncommitted savings is met with hollow laughter. \"We are not sitting on large reserves,\" says Jones. \"We have a small working reserve for projects that have been planned in. Yes, there are reserves held across the borough, but not \u00a355m - and in our case, certainly nothing like a spare \u00a3650,000.\" Given that negotiations are now taking place between schools and Sandwell council, what if he had to pay just half what he's been asked for? \"There would have to be job losses, even if it was spread out over several years, and because I have to have a teacher in front of every class, unfortunately it would be support staffing that would have to go. That's not good for the children, who are benefiting from all the efforts we've made on extended provision that the support staff are needed for. Or, obviously, for the support staff.\" This irony is also pointed out by Mick Brookes, general secretary of the NAHT. While having no quibble with the principle that people who have been discriminated against should get their backpay, he notes that if it is the classroom assistants, dinner ladies, school nurses, midday supervisors and play workers who find their jobs axed, then the very section of the workforce meant to benefit from equal pay - mainly female workers, in roles that add enormous value to children's educational experience - will be out of a job. Added to this, Jones observes, it is the schools that have made considerable investments in hiring support staff - and have therefore made this expenditure a priority, rather than capital projects - that may find themselves hit with the highest backpay liability and the smallest reserves on which to draw. And with tight budget settlements out of which ongoing costs from the newly revised payscales will have to be met, he can't see how these schools will cope. Carefully planned savings \"The notion that this can be paid for out of reserves - which in most cases, are carefully planned savings - assumes that the highest bills will all go to schools with big reserves,\" says Brookes. Given that there are large differences in the level of reserves held by schools, and in their staffing policies, this, he implies, is not a reasonable assumption to make. Brookes also notes that Department for Children, Schools and Families guidance to schools is that they should hold between 5% and 8% of funds in reserve, but, as a national average, school reserves currently stand at around 5% or 6%. If a local authority made a school spend a large proportion of its savings on backpay, it would be requiring the head to go against government guidance. An alternative suggestion, that schools should go into a planned deficit, ie by agreeing to borrow money that the local authority itself had borrowed by mortgaging capital assets, is not an option. Sandwell council proposed this as a solution when heads protested their inability to pay the sums that they'd been asked for. \"Schools are obliged to have balanced budgets - they aren't allowed to plan to go into the red,\" says Kerry George at the NAHT. \"In essence, the local authority was talking in terms of licensing a deficit which the schools would pay back to them.\" Asked for an interview in which these issues could be explored, Sandwell council refused, offering only a statement: \"We shared these figures [on backpay liability] with our schools at an early stage to give them advance warning and bring them into the debate. We are about to enter into formal discussions with the unions on reaching a negotiated settlement. Whatever the settlement, the bill will still be significant and, in common with other councils, we will receive no financial help from government apart from a relaxation the borrowing requirements.\" If schools can't afford it and councils don't want to shift their budgets around, who's going to pay these mainly female workers for their years of undervalued labour? The LGE thinks schools will have to find the money somehow. But then, it's probably easier to invoice a school than to fight the government for more cash. The NAHT says a deal must be thrashed out between local authorities and central government if children aren't ultimately to suffer from depleted staffing levels and reduced learning opportunities. There are some urgent questions that don't seem to be being adequately resolved: why have local authorities been so tardy in addressing the problem when warnings were given that this cost needed to be planned for? Why should schools pay when they say they have adhered to local authority payscales and the local authority is the employer? And, ultimately, if it is shown that schools followed their council's guidance, why should they pick up this huge bill, with the inevitable result that some educational support workers who have already suffered unequal pay will be hit once more with redundancy notices. Perhaps that's what you get for having the temerity to fight for your rights.",
      "charCount": "9621"
    },
    "isHosted": false,
    "pillarId": "pillar/news",
    "pillarName": "News"
  },
  {
    "id": "commentisfree/2008/jan/15/theworldaccordingtowallst",
    "type": "article",
    "sectionId": "commentisfree",
    "sectionName": "Opinion",
    "webPublicationDate": "2008-01-15T21:00:00Z",
    "webTitle": "The world according to Wall Street",
    "webUrl": "https://www.theguardian.com/commentisfree/2008/jan/15/theworldaccordingtowallst",
    "apiUrl": "https://content.guardianapis.com/commentisfree/2008/jan/15/theworldaccordingtowallst",
    "fields": {
      "headline": "The world according to Wall Street",
      "standfirst": "Complaints that Europeans are biased against capitalism ignore the facts about the European economy and the social injustices and economic inequalities in America",
      "trailText": "<p><strong>Ian Williams:</strong> Complaints that Europeans are biased against capitalism ignore the facts about the European economy and the social injustices and economic inequalities in America</p>",
      "byline": "Ian Williams",
      "main": "",
      "body": "<p>Foreign Policy magazine in the US <a href=\"http://www.foreignpolicy.com/story/cms.php?story_id=409\">complains this month</a> that \"in France and Germany, students are being forced to undergo a dangerous indoctrination. Taught that economic principles such as capitalism, free markets and entrepreneurship are savage, unhealthy and immoral, these children are raised on a diet of prejudice and bias. Rooting it out may determine whether Europe's economies prosper or continue to be left behind.\"</p> <p>The article, written by Newsweek's European economics chief Stefan Theil, is titled Europe's Philosophy of Failure. In fact, Europe is doing quite well by any objective measures, and it seems somewhat counterfactual to cluck on in this unbalanced way just as the US economy, buoyed only by a continuing flood of Chinese money, teeters on the edge of a crash, as subprime mortgages and derivatives trading erode the financial foundations of Wall Street.</p> <p>Undaunted by reality, Foreign Policy continues complaining about Germany and France:</p> <blockquote> <p>Millions of children are being raised on prejudice and disinformation. Educated in schools that teach a skewed ideology, they are exposed to a dogma that runs counter to core beliefs shared by many other western countries. They study from textbooks filled with a doctrine of dissent ... . Extracting these children from the jaws of bias could mean the difference between world prosperity and menacing global rifts.</p> </blockquote> <p>Shocked, shocked, as only the country that gave the world Enron, the savings and loan scandal and the almost obligatory half-billion-dollar CEO golden parachute can be, the magazine inveighs: \"In both France and Germany, for instance, schools have helped ingrain a serious aversion to capitalism. In one 2005 poll, just 36% of French citizens said they supported the free-enterprise system ... . In Germany, meanwhile, support for socialist ideals is running at all-time highs - 47% in 2007 versus 36% in 1991.\"</p> <p>Portentously the article concludes: \"A biased view of economics feeds into many of the world's most vexing problems, from the growth of populism to the global rise of anti-American, anti-capitalist attitudes.\"</p> <p>This unsubstantiated prejudice masquerading as economic analysis is pervasive in the US business world. I once interviewed the CEO of an American company that had subsidiaries in Holland and Scotland. He complained that in Holland he had to provide six weeks holiday for the staff and six months of paid sick leave. And although it was not so bad in Scotland, it was far worse than in the US, where he only had to offer two weeks vacation and 10 days sick leave.</p> <p>I asked him which were his most productive and profitable plants. Holland, Scotland and the US last, he replied. And he could not see the connection. This quasi-theological horror of creeping \"socialism\" permeates American business, whose leaders have a vision of a Europe mired in perpetual recession.</p> <p>A country that had built its prosperity behind high tariff walls, with huge government subsidies and infrastructural investments, has spent decades preaching the opposite to a waiting world. George Bush senior had the integrity to call it voodoo economics. The Russians listened and were only rescued from their economic folly when Bush junior's wars quadrupled the price of oil.</p> <p>The same week that Theil's diatribe was published, the Oxford Economics consultancy calculated that Britain - National Health Service and mandatory holidays notwithstanding - has outstripped the US in terms of GDP per capita. In fact the figures probably understate European living standards compared with the US. While actual workers' income in the US has been stagnant for 30 years and in fact has declined under President Bush, American politicians and business executives have conspired for decades to ensure that the proceeds of the growth in the US economy have flowed overwhelmingly to a tiny percentage.</p> <p>In Germany and France, as well as Britain, there is near universal health coverage, and incomes and employment have been growing steadily. The \"stagnant\" German economy, in taking over East Germany, did the equivalent of the US incorporating Mexico and giving a dollar per peso, and it still grew.</p> <p>So, serious magazines should really have articles about the amazing country that persuades its students and voters that it has the best health system in the world, when over 45 million of its citizens have no coverage, another 20 million have inadequate coverage and most working people's insurance is effectively revocable at the caprice of greedy executives. They should be pointing out that the US comes 29th in life expectancy, which may also have something to do with the complete absence of legal holidays, statutory paid maternity leave and <a href=\"http://heartsandminds.org/articles/childpov.htm\">one in four children</a> in the world's biggest economy living in poverty.</p> <p>The official excuse for those bloated CEO pay packages is that they make the US economy more productive - but the <a href=\"http://www.vexen.co.uk/countries/best.html#MCE \">US comes below \"socialistic\" Finland, Sweden, Denmark and Switzerland</a> in global competitiveness.</p> <p>Journalists should really analyse a media and education system that persuades voters that its economy leads the world in growth, when all the proceeds are funnelled to the top 1% of the population; that thinks that tax cuts for that 1% help ordinary Americans prosper; or that it is a \"death tax\", killing enterprise, for Paris Hilton to pay a percentage of her multimillion-dollar legacy to the IRS.</p> <p>There are indeed lessons that Europe can learn from the US, but, when the reflexive prejudices are discounted, the statistics suggest that there would be much for Americans to learn from Europe, above all that the road to economic success does not entail widening inequality and impoverishing the working population.</p>",
      "wordcount": "911",
      "commentCloseDate": "2008-01-17T21:00:00Z",
      "commentable": "true",
      "isPremoderated": "false",
      "lastModified": "2017-09-20T20:40:03Z",
      "newspaperEditionDate": "2008-01-15T00:00:00Z",
      "productionOffice": "UK",
      "publication": "theguardian.com",
      "shortUrl": "https://gu.com/p/xcvp2",
      "shouldHideAdverts": "false",
      "showInRelatedContent": "true",
      "legallySensitive": "false",
      "lang": "en",
      "bodyText": "Foreign Policy magazine in the US complains this month that \"in France and Germany, students are being forced to undergo a dangerous indoctrination. Taught that economic principles such as capitalism, free markets and entrepreneurship are savage, unhealthy and immoral, these children are raised on a diet of prejudice and bias. Rooting it out may determine whether Europe's economies prosper or continue to be left behind.\" The article, written by Newsweek's European economics chief Stefan Theil, is titled Europe's Philosophy of Failure. In fact, Europe is doing quite well by any objective measures, and it seems somewhat counterfactual to cluck on in this unbalanced way just as the US economy, buoyed only by a continuing flood of Chinese money, teeters on the edge of a crash, as subprime mortgages and derivatives trading erode the financial foundations of Wall Street. Undaunted by reality, Foreign Policy continues complaining about Germany and France: Millions of children are being raised on prejudice and disinformation. Educated in schools that teach a skewed ideology, they are exposed to a dogma that runs counter to core beliefs shared by many other western countries. They study from textbooks filled with a doctrine of dissent ... . Extracting these children from the jaws of bias could mean the difference between world prosperity and menacing global rifts. Shocked, shocked, as only the country that gave the world Enron, the savings and loan scandal and the almost obligatory half-billion-dollar CEO golden parachute can be, the magazine inveighs: \"In both France and Germany, for instance, schools have helped ingrain a serious aversion to capitalism. In one 2005 poll, just 36% of French citizens said they supported the free-enterprise system ... . In Germany, meanwhile, support for socialist ideals is running at all-time highs - 47% in 2007 versus 36% in 1991.\" Portentously the article concludes: \"A biased view of economics feeds into many of the world's most vexing problems, from the growth of populism to the global rise of anti-American, anti-capitalist attitudes.\" This unsubstantiated prejudice masquerading as economic analysis is pervasive in the US business world. I once interviewed the CEO of an American company that had subsidiaries in Holland and Scotland. He complained that in Holland he had to provide six weeks holiday for the staff and six months of paid sick leave. And although it was not so bad in Scotland, it was far worse than in the US, where he only had to offer two weeks vacation and 10 days sick leave. I asked him which were his most productive and profitable plants. Holland, Scotland and the US last, he replied. And he could not see the connection. This quasi-theological horror of creeping \"socialism\" permeates American business, whose leaders have a vision of a Europe mired in perpetual recession. A country that had built its prosperity behind high tariff walls, with huge government subsidies and infrastructural investments, has spent decades preaching the opposite to a waiting world. George Bush senior had the integrity to call it voodoo economics. The Russians listened and were only rescued from their economic folly when Bush junior's wars quadrupled the price of oil. The same week that Theil's diatribe was published, the Oxford Economics consultancy calculated that Britain - National Health Service and mandatory holidays notwithstanding - has outstripped the US in terms of GDP per capita. In fact the figures probably understate European living standards compared with the US. While actual workers' income in the US has been stagnant for 30 years and in fact has declined under President Bush, American politicians and business executives have conspired for decades to ensure that the proceeds of the growth in the US economy have flowed overwhelmingly to a tiny percentage. In Germany and France, as well as Britain, there is near universal health coverage, and incomes and employment have been growing steadily. The \"stagnant\" German economy, in taking over East Germany, did the equivalent of the US incorporating Mexico and giving a dollar per peso, and it still grew. So, serious magazines should really have articles about the amazing country that persuades its students and voters that it has the best health system in the world, when over 45 million of its citizens have no coverage, another 20 million have inadequate coverage and most working people's insurance is effectively revocable at the caprice of greedy executives. They should be pointing out that the US comes 29th in life expectancy, which may also have something to do with the complete absence of legal holidays, statutory paid maternity leave and one in four children in the world's biggest economy living in poverty. The official excuse for those bloated CEO pay packages is that they make the US economy more productive - but the US comes below \"socialistic\" Finland, Sweden, Denmark and Switzerland in global competitiveness. Journalists should really analyse a media and education system that persuades voters that its economy leads the world in growth, when all the proceeds are funnelled to the top 1% of the population; that thinks that tax cuts for that 1% help ordinary Americans prosper; or that it is a \"death tax\", killing enterprise, for Paris Hilton to pay a percentage of her multimillion-dollar legacy to the IRS. There are indeed lessons that Europe can learn from the US, but, when the reflexive prejudices are discounted, the statistics suggest that there would be much for Americans to learn from Europe, above all that the road to economic success does not entail widening inequality and impoverishing the working population.",
      "charCount": "5703"
    },
    "isHosted": false,
    "pillarId": "pillar/opinion",
    "pillarName": "Opinion"
  },
  {
    "id": "business/2008/jan/15/useconomy.creditcrunch",
    "type": "article",
    "sectionId": "business",
    "sectionName": "Business",
    "webPublicationDate": "2008-01-15T14:43:32Z",
    "webTitle": "US retail sales adds to rate cut hopes",
    "webUrl": "https://www.theguardian.com/business/2008/jan/15/useconomy.creditcrunch",
    "apiUrl": "https://content.guardianapis.com/business/2008/jan/15/useconomy.creditcrunch",
    "fields": {
      "headline": "US retail sales adds to rate cut hopes",
      "trailText": "<p>Sales unexpectedly fell last month in the United States, adding to expectations that the Federal Reserve will cut interest rates when it meets at the end of the month</p>",
      "byline": "Ashley Seager",
      "main": "<figure class=\"element element-image\" data-media-id=\"gu-image-332075634\"> <img src=\"http://static.guim.co.uk/sys-images/Travel/Pix/pictures/2006/11/20/nyshopping460x276.jpg\" alt=\"Macy's department store, New York\" width=\"460\" height=\"276\" class=\"gu-image\" /> <figcaption> <span class=\"element-image__caption\">Macy's in New York. Photograph: Corbis</span> </figcaption> </figure>",
      "body": "<p>Retail sales unexpectedly fell last month in the United States, adding to expectations that the Federal Reserve will cut interest rates yet again to try to boost a faltering economy.</p> <p>Sales dropped 0.4% on the month while the November figure was revised lower, official data showed. Wall Street analysts had on average expected an unchanged figure.</p> <p>And the sales figure for the whole of 2007 was its slowest for five years, as consumers have been hit by higher interest rates and oil prices, while their willingness to spend has been hit by falling house prices.</p> <p>The dollar fell against the euro as markets speculated that it was now an odds-on certainty that the Fed will cut rates by an aggressive 50 basis points when it meets at the end of the month. The Fed Funds rate is currently at 4.25%.</p> <p>\"US data has added fuel to the fire for those arguing for aggressive near term rate cuts. Retail sales fell 0.4% in December with weakness throughout the report apart for non-store retailers (ie internet),\" said James Knightley at ING financial markets.</p> <p>He said that the retail sales report was weak in all areas except internet sales. The US consumer has been the mainstay of the world economy for many years and economists fear that a slowdown in consumer spending may soon push the economy into a recession.</p> <p>The retail sales data were accompanied by producer price data showing factory gate prices eased slightly last month, defying expectations for a rise. Knightley said this made it easier for the Fed to cut rates as it suggested inflationary pressures may be more benign than had been thought.</p> <p>Paul Ashworth at Capital Economics said that while the data will fuel rumours that the Fed may be preparing to cut interest rates in the next day or two, before its next scheduled meeting on the 30th of the month, he thinks this is unlikely. </p> <p>\"There is no collapse in financial markets, credit markets continue to improve and anything the Fed does to boost the sagging economy will take at least 6 months to have any real effect, so the exact timing won't make much difference.\" </p> <p>An inter-meeting cut \"would just smack of panic at this stage\" and he expects the Fed to wait until the 30th to cut by 50 points to 3.75%.</p>",
      "wordcount": "393",
      "commentable": "false",
      "isPremoderated": "false",
      "lastModified": "2008-01-15T14:43:24Z",
      "newspaperEditionDate": "2008-01-15T00:00:00Z",
      "productionOffice": "UK",
      "publication": "theguardian.com",
      "shortUrl": "https://gu.com/p/xx4kv",
      "shouldHideAdverts": "false",
      "showInRelatedContent": "true",
      "legallySensitive": "false",
      "lang": "en",
      "bodyText": "Retail sales unexpectedly fell last month in the United States, adding to expectations that the Federal Reserve will cut interest rates yet again to try to boost a faltering economy. Sales dropped 0.4% on the month while the November figure was revised lower, official data showed. Wall Street analysts had on average expected an unchanged figure. And the sales figure for the whole of 2007 was its slowest for five years, as consumers have been hit by higher interest rates and oil prices, while their willingness to spend has been hit by falling house prices. The dollar fell against the euro as markets speculated that it was now an odds-on certainty that the Fed will cut rates by an aggressive 50 basis points when it meets at the end of the month. The Fed Funds rate is currently at 4.25%. \"US data has added fuel to the fire for those arguing for aggressive near term rate cuts. Retail sales fell 0.4% in December with weakness throughout the report apart for non-store retailers (ie internet),\" said James Knightley at ING financial markets. He said that the retail sales report was weak in all areas except internet sales. The US consumer has been the mainstay of the world economy for many years and economists fear that a slowdown in consumer spending may soon push the economy into a recession. The retail sales data were accompanied by producer price data showing factory gate prices eased slightly last month, defying expectations for a rise. Knightley said this made it easier for the Fed to cut rates as it suggested inflationary pressures may be more benign than had been thought. Paul Ashworth at Capital Economics said that while the data will fuel rumours that the Fed may be preparing to cut interest rates in the next day or two, before its next scheduled meeting on the 30th of the month, he thinks this is unlikely. \"There is no collapse in financial markets, credit markets continue to improve and anything the Fed does to boost the sagging economy will take at least 6 months to have any real effect, so the exact timing won't make much difference.\" An inter-meeting cut \"would just smack of panic at this stage\" and he expects the Fed to wait until the 30th to cut by 50 points to 3.75%.",
      "charCount": "2214"
    },
    "isHosted": false,
    "pillarId": "pillar/news",
    "pillarName": "News"
  },
  {
    "id": "business/2008/jan/15/transport.transport",
    "type": "article",
    "sectionId": "business",
    "sectionName": "Business",
    "webPublicationDate": "2008-01-15T12:47:16Z",
    "webTitle": "Ruth Kelly deals blow to aviation regulator over landing charges",
    "webUrl": "https://www.theguardian.com/business/2008/jan/15/transport.transport",
    "apiUrl": "https://content.guardianapis.com/business/2008/jan/15/transport.transport",
    "fields": {
      "headline": "Ruth Kelly deals blow to aviation regulator over landing charges",
      "trailText": "<p>Transport secretary asks Civil Aviation Authority to 'continue to protect passengers' by setting price caps at Stansted airport, against the regulator's argument for the market to determine landing charges</p>",
      "byline": "Dan Milmo, transport correspondent",
      "main": "<figure class=\"element element-image\" data-media-id=\"gu-image-332073126\"> <img src=\"http://static.guim.co.uk/sys-images/Travel/Pix/pictures/2007/03/10/1ryan.jpg\" alt=\"A Ryanair jet lands at Stansted airport\" width=\"460\" height=\"276\" class=\"gu-image\" /> <figcaption> <span class=\"element-image__caption\">A Ryanair jet lands at Stansted airport. Photograph: Ian Waldie/Getty Images</span> </figcaption> </figure>",
      "body": "<p>Transport secretary Ruth Kelly humiliated the independent aviation industry regulator this morning by slapping down its recommendation to lift price caps at Stansted Airport.</p> <p>The Civil Aviation Authority had recommended allowing the market to determine the cost of landing charges at the UK's third largest airport. Airlines had opposed the move vociferously, saying Stansted's owner, BAA, would hike prices to pay off the interest charges for its \u00a39.3bn debt burden.</p> <p>The Department for Transport stunned BAA by stating that price caps were \"the best way of protecting passengers who use the airport\", throwing out the CAA's tightly argued case in favour of deregulation. Kelly said landing fees should remain fixed because London's airports are operating at full capacity, and the CAA should wait until a second runway is built at Stansted or a Competition Commission investigation into BAA brings further changes.</p> <p>\"Until this new capacity can be delivered, the CAA plays an important role in protecting passengers,\" she said. \"I am therefore asking the CAA to continue to protect passengers by setting price caps at Stansted until new capacity is delivered or until further evidence emerges from the ongoing Competition Commission review.\"</p> <p>Kelly's ruling is a blow to the CAA, which is currently subject to a wide-ranging review by the DfT. The CAA has already been criticised by airlines for failing to crack down on lengthy queues at BAA airports.</p> <p>The CAA indicated in a statement that it was at loggerheads with the government over Stansted's competitiveness with other airports, which is a key factor in setting price caps because the likes of Luton airport were seen by the CAA as strong enough competitors to Stansted.</p> <p>The CAA said: \"At first sight, there appear to be differences between the Government's analysis of competitive conditions in the market in which Stansted operates and the CAA's analysis on which the CAA based its advice that price control was not needed at Stansted. </p> <p>EasyJet called for an overhaul of the airport pricing regime, adding that the government had spared its passengers from higher ticket prices.</p> <p>Andrew Barker, easyJet planning director, said: \"Ruth Kelly and the Department for Transport officials should be congratulated for protecting air travellers from BAA ripping-off airlines at Stansted. They recognise that, without regulation, customers would be at the mercy of a highly-indebted infrastructure owner seeking short-term profit maximisation at the expense of air traveller.\"</p> <p>The CAA has argued that Stansted has negligible power over customers because easyJet and Ryanair represent 85% of its customer base and could take their jets elsewhere. Hence the landing fee at the airport is \u00a35.50 a passenger instead of the maximum \u00a36.44 that could be levied under the current price regime.</p> <p>BAA reiterated its support for lifting price caps today, adding that it welcomed Kelly's support for a second runway at Stansted.</p> <p>\"We welcome the secretary of state's statement that the key issue facing our airports in the south east of England is lack of capacity; as well as her renewed support both for a second runway at Stansted, and to consulting on a third runway at Heathrow,\" said the airport owner.</p>",
      "wordcount": "521",
      "commentable": "false",
      "isPremoderated": "false",
      "lastModified": "2017-05-08T04:15:30Z",
      "newspaperEditionDate": "2008-01-15T00:00:00Z",
      "productionOffice": "UK",
      "publication": "theguardian.com",
      "shortUrl": "https://gu.com/p/xx4tb",
      "shouldHideAdverts": "false",
      "showInRelatedContent": "true",
      "legallySensitive": "false",
      "lang": "en",
      "bodyText": "Transport secretary Ruth Kelly humiliated the independent aviation industry regulator this morning by slapping down its recommendation to lift price caps at Stansted Airport. The Civil Aviation Authority had recommended allowing the market to determine the cost of landing charges at the UK's third largest airport. Airlines had opposed the move vociferously, saying Stansted's owner, BAA, would hike prices to pay off the interest charges for its \u00a39.3bn debt burden. The Department for Transport stunned BAA by stating that price caps were \"the best way of protecting passengers who use the airport\", throwing out the CAA's tightly argued case in favour of deregulation. Kelly said landing fees should remain fixed because London's airports are operating at full capacity, and the CAA should wait until a second runway is built at Stansted or a Competition Commission investigation into BAA brings further changes. \"Until this new capacity can be delivered, the CAA plays an important role in protecting passengers,\" she said. \"I am therefore asking the CAA to continue to protect passengers by setting price caps at Stansted until new capacity is delivered or until further evidence emerges from the ongoing Competition Commission review.\" Kelly's ruling is a blow to the CAA, which is currently subject to a wide-ranging review by the DfT. The CAA has already been criticised by airlines for failing to crack down on lengthy queues at BAA airports. The CAA indicated in a statement that it was at loggerheads with the government over Stansted's competitiveness with other airports, which is a key factor in setting price caps because the likes of Luton airport were seen by the CAA as strong enough competitors to Stansted. The CAA said: \"At first sight, there appear to be differences between the Government's analysis of competitive conditions in the market in which Stansted operates and the CAA's analysis on which the CAA based its advice that price control was not needed at Stansted. EasyJet called for an overhaul of the airport pricing regime, adding that the government had spared its passengers from higher ticket prices. Andrew Barker, easyJet planning director, said: \"Ruth Kelly and the Department for Transport officials should be congratulated for protecting air travellers from BAA ripping-off airlines at Stansted. They recognise that, without regulation, customers would be at the mercy of a highly-indebted infrastructure owner seeking short-term profit maximisation at the expense of air traveller.\" The CAA has argued that Stansted has negligible power over customers because easyJet and Ryanair represent 85% of its customer base and could take their jets elsewhere. Hence the landing fee at the airport is \u00a35.50 a passenger instead of the maximum \u00a36.44 that could be levied under the current price regime. BAA reiterated its support for lifting price caps today, adding that it welcomed Kelly's support for a second runway at Stansted. \"We welcome the secretary of state's statement that the key issue facing our airports in the south east of England is lack of capacity; as well as her renewed support both for a second runway at Stansted, and to consulting on a third runway at Heathrow,\" said the airport owner.",
      "charCount": "3241"
    },
    "isHosted": false,
    "pillarId": "pillar/news",
    "pillarName": "News"
  },
  {
    "id": "business/marketforceslive/2008/jan/15/theoilmajorsyouwould",
    "type": "article",
    "sectionId": "business",
    "sectionName": "Business",
    "webPublicationDate": "2008-01-15T11:30:00Z",
    "webTitle": "BP falls on lower earnings estimates",
    "webUrl": "https://www.theguardian.com/business/marketforceslive/2008/jan/15/theoilmajorsyouwould",
    "apiUrl": "https://content.guardianapis.com/business/marketforceslive/2008/jan/15/theoilmajorsyouwould",
    "fields": {
      "headline": "BP falls on lower earnings estimates",
      "trailText": "<p>The oil majors, you would think, should be pretty buoyant at the moment, what with crude prices still well over $90 a barrel. But <strong>BP</strong> is continuing to slide, its shares down another 11.5p to 585p.</p>",
      "byline": "Nick Fletcher",
      "main": "",
      "body": "<p>The oil majors, you would think, should be pretty buoyant at the moment, what with crude prices still well over $90 a barrel. But <strong>BP</strong> is continuing to slide, its shares down another 11.5p to 585p.</p> <p>This morning Lehman Brothers helped do the damage, cutting its earnings estimates for 2008 to 2011 by an average 6% and reducing its price target from 645p to 630p.</p> <p>Lehman said: \"The high oil price means the ACG field in Azerbaijan - which contributed to an estimated 14% of the group's 2007 net income - may have been just too profitable in recent years, with costs now recovered and profit share expected to diminish at a much faster pace than previously envisioned.</p> <p>\"We believe the contribution to group earnings from this project will fall by $1.2bn in 2008, an effect that we believe is not factored into consensus estimates.\"</p> <p>It may be remembered that BP ran into trouble last week when analysts cut their forecasts for the fourth quarter by around 25%. This came amid talk - denied by BP - that it was guiding down the City's expectations.</p> <p>Elsewhere there is much attention being given to the famous shareholder meeting going on at the moment in Newcastle. Whatever the decision there, investors are voting with their wallets on the market. <strong>Northern Rock</strong> shares are currently down 11.5p at 71p.</p> <p>Retailers are another feature, as the Christmas trading statements just keep coming. <strong>Tesco</strong> has produced disappointing sales, as <a href=\"http://www.guardian.co.uk/business/2008/jan/15/marketforces\">predicted by analysts yesterday</a>. Its shares are down 10.75p to 409.25p, although they have recovered from their worst levels.</p> <p>Rivals<strong> J Sainsbury </strong>and <strong>Morrison Supermarkets</strong> benefited from Tesco's discomfort, up 3% and 1% respectively.</p> <p>B&amp;Q owner <strong>Kingfisher</strong>, however, fell 6.5p to 124.6p as JP Morgan downgraded from overweight to neutral and cut its price target from 200p to 144p.</p> <p>Housebuilder <strong>Taylor Wimpey</strong> slipped 0.1p to 172.4p despite the company talking up UK house prices and saying its full year results would be in line with expectations.</p> <p>Among the smaller fry, finance group <strong>Davenham</strong> predictably fell further after last night's late news that investment business ACP had dropped plans for a takeover. Davenham is down 11% at 184p.</p> <p>And finally, as Sir Trevor MacDonald is saying once more, to <strong>Silverjet</strong>.</p> <p>The business airline has seen its shares recover 14% to 40.5p. To recap, analysts at Daniel Stewart yesterday said - in a 32 page note - that the company was worth zero and it advised clients to sell at any price.</p> <p>Silverjet responded, saying the broker's analysis was flawed and it expected to achieve its first month of profit in this financial year (to March 2008).</p> <p>Now, inevitably, comes the response to the response.</p> <p>Daniel Stewart said today: \"Silverjet published its response to our note yesterday. Not surprisingly, as we had questioned the entire basis of their business model, they point to 'numerous material mistakes and inaccuracies'.\"</p> <p>After defending the various points, the broker concludes: \"We stand by our note. The shares may bounce today as they point to 5,000 bookings last week and say they will make a pre-tax profit in March. However, last week was the main impact week following the launch of their sale on 5th January and with prices as low as \u00a3401 each way, 5,000 bookings could represent as little as \u00a32m in revenue. March, as we pointed out in our note, will be significantly distorted by the very early Easter which could add up to 3-4% to traffic.\"</p> <p>And on it goes.</p>",
      "wordcount": "595",
      "commentCloseDate": "2008-01-22T11:30:00Z",
      "commentable": "true",
      "isPremoderated": "false",
      "lastModified": "2008-01-15T11:30:00Z",
      "newspaperEditionDate": "2008-01-15T00:00:00Z",
      "productionOffice": "UK",
      "publication": "theguardian.com",
      "shortUrl": "https://gu.com/p/xpxq4",
      "shouldHideAdverts": "false",
      "showInRelatedContent": "true",
      "legallySensitive": "false",
      "lang": "en",
      "bodyText": "The oil majors, you would think, should be pretty buoyant at the moment, what with crude prices still well over $90 a barrel. But BP is continuing to slide, its shares down another 11.5p to 585p. This morning Lehman Brothers helped do the damage, cutting its earnings estimates for 2008 to 2011 by an average 6% and reducing its price target from 645p to 630p. Lehman said: \"The high oil price means the ACG field in Azerbaijan - which contributed to an estimated 14% of the group's 2007 net income - may have been just too profitable in recent years, with costs now recovered and profit share expected to diminish at a much faster pace than previously envisioned. \"We believe the contribution to group earnings from this project will fall by $1.2bn in 2008, an effect that we believe is not factored into consensus estimates.\" It may be remembered that BP ran into trouble last week when analysts cut their forecasts for the fourth quarter by around 25%. This came amid talk - denied by BP - that it was guiding down the City's expectations. Elsewhere there is much attention being given to the famous shareholder meeting going on at the moment in Newcastle. Whatever the decision there, investors are voting with their wallets on the market. Northern Rock shares are currently down 11.5p at 71p. Retailers are another feature, as the Christmas trading statements just keep coming. Tesco has produced disappointing sales, as predicted by analysts yesterday. Its shares are down 10.75p to 409.25p, although they have recovered from their worst levels. Rivals J Sainsbury and Morrison Supermarkets benefited from Tesco's discomfort, up 3% and 1% respectively. B&amp;Q owner Kingfisher, however, fell 6.5p to 124.6p as JP Morgan downgraded from overweight to neutral and cut its price target from 200p to 144p. Housebuilder Taylor Wimpey slipped 0.1p to 172.4p despite the company talking up UK house prices and saying its full year results would be in line with expectations. Among the smaller fry, finance group Davenham predictably fell further after last night's late news that investment business ACP had dropped plans for a takeover. Davenham is down 11% at 184p. And finally, as Sir Trevor MacDonald is saying once more, to Silverjet. The business airline has seen its shares recover 14% to 40.5p. To recap, analysts at Daniel Stewart yesterday said - in a 32 page note - that the company was worth zero and it advised clients to sell at any price. Silverjet responded, saying the broker's analysis was flawed and it expected to achieve its first month of profit in this financial year (to March 2008). Now, inevitably, comes the response to the response. Daniel Stewart said today: \"Silverjet published its response to our note yesterday. Not surprisingly, as we had questioned the entire basis of their business model, they point to 'numerous material mistakes and inaccuracies'.\" After defending the various points, the broker concludes: \"We stand by our note. The shares may bounce today as they point to 5,000 bookings last week and say they will make a pre-tax profit in March. However, last week was the main impact week following the launch of their sale on 5th January and with prices as low as \u00a3401 each way, 5,000 bookings could represent as little as \u00a32m in revenue. March, as we pointed out in our note, will be significantly distorted by the very early Easter which could add up to 3-4% to traffic.\" And on it goes.",
      "charCount": "3434"
    },
    "isHosted": false,
    "pillarId": "pillar/news",
    "pillarName": "News"
  },
  {
    "id": "money/2008/jan/15/householdbills.consumeraffairs",
    "type": "article",
    "sectionId": "money",
    "sectionName": "Money",
    "webPublicationDate": "2008-01-15T11:25:27Z",
    "webTitle": "EDF announces energy price rises",
    "webUrl": "https://www.theguardian.com/money/2008/jan/15/householdbills.consumeraffairs",
    "apiUrl": "https://content.guardianapis.com/money/2008/jan/15/householdbills.consumeraffairs",
    "fields": {
      "headline": "EDF announces energy price rises",
      "trailText": "<p>Utilities firm increases gas prices by 12.9% and electricity prices by 7.9%</p>",
      "byline": "Hilary Osborne",
      "main": "<figure class=\"element element-image\" data-media-id=\"gu-image-332301659\"> <img src=\"http://static.guim.co.uk/sys-images/Money/Pix/pictures/2007/11/02/GasRings_LindaNylind.jpg\" alt=\"Gas rings\" width=\"460\" height=\"276\" class=\"gu-image\" /> <figcaption> <span class=\"element-image__caption\">EDF follows npower in raising its gas and electricity prices</span> </figcaption> </figure>",
      "body": "<p>Customers of EDF energy are facing higher bills after the utilities firm announced a 12.9% price rise for gas and a 7.9% increase in electricity prices.</p> <p>The French firm, which has 5.5m customers in the UK, is the second this month to raise prices, following npower's announcement of <a href=\"http://www.theguardian.com/money/2008/jan/04/householdbills.consumeraffairs\"> price increases of up to 27%</a>.</p> <p>Like npower, EDF blamed increasing wholesale and distribution costs and environmental obligations for the rise, which it said would add \u00a31.92 a week to the average dual fuel bill.</p> <p>Other providers are expected to follow suit, with British Gas having already <a href=\"http://www.theguardian.com/business/2007/dec/14/centricabusiness.utilities\"> warned of potential price rises</a>.</p> <p>The announcement comes as the chancellor, Alistair Darling, met with the energy regulator <a href=\"http://www.ofgem.gov.uk/Pages/OfgemHome.aspx\"> Ofgem</a> asking for talks on the cause and impact of double-digit rises.</p> <p>EDF said that since last February the wholesale cost of gas had risen by 117%, while the cost of electricity had risen by 90%. </p> <p>At the same time, the cost of transporting energy to homes and businesses had also increased, adding \u00a34 a year to the cost of supplying an electricity customer and \u00a332 a year to the cost of providing gas. </p> <p>The cost of meeting targets on renewables and energy efficiency was another factor in the rise, it added. </p> <p>However, EDF said 55,000 of its most vulnerable customers stood to benefit from a 15% discount below the standard tariff, and customers in London, the south-east and the south-west could protect themselves against further rises with its fixed price tariff.</p> <h2>Limiting customer impact</h2> <p>Eva Eisenschimmel, EDF Energy's chief operating officer for customers, said: \"Despite soaring wholesale energy prices, higher distribution costs and increased environmental obligations, we have been able to substantially limit the impact on our customers.</p> <p>\"We will continue to work very hard to mitigate the effect of rising costs for our customers through energy efficiency advice and our range of products, including Fixed Price 2010 and Read Reduce Reward.</p> <p>\"We will also do what we can to mitigate the effects on our 'most in need' customers through our Energy Assist tariff.\"</p> <p>The consumer group <a href=\"http://www.energywatch.org.uk/\"> energywatch</a> said it was disappointed that EDF Energy had moved so quickly to pass costs on to its customers. </p> <p>Its chief executive, Allan Asher, said: \"That consumers have been told to expect more price rises does not make this news any easier to swallow. </p> <p>\"All suppliers are pointing to soaring wholesale costs. And while the price has shot up recently consumers will be no more convinced that double digit price rises are justified just because it is six suppliers pleading poverty rather than one.\"</p>",
      "wordcount": "430",
      "commentable": "false",
      "isPremoderated": "false",
      "lastModified": "2008-01-30T11:25:25Z",
      "newspaperEditionDate": "2008-01-15T00:00:00Z",
      "productionOffice": "UK",
      "publication": "theguardian.com",
      "shortUrl": "https://gu.com/p/xx4jq",
      "shouldHideAdverts": "false",
      "showInRelatedContent": "true",
      "legallySensitive": "false",
      "lang": "en",
      "bodyText": "Customers of EDF energy are facing higher bills after the utilities firm announced a 12.9% price rise for gas and a 7.9% increase in electricity prices. The French firm, which has 5.5m customers in the UK, is the second this month to raise prices, following npower's announcement of price increases of up to 27%. Like npower, EDF blamed increasing wholesale and distribution costs and environmental obligations for the rise, which it said would add \u00a31.92 a week to the average dual fuel bill. Other providers are expected to follow suit, with British Gas having already warned of potential price rises. The announcement comes as the chancellor, Alistair Darling, met with the energy regulator Ofgem asking for talks on the cause and impact of double-digit rises. EDF said that since last February the wholesale cost of gas had risen by 117%, while the cost of electricity had risen by 90%. At the same time, the cost of transporting energy to homes and businesses had also increased, adding \u00a34 a year to the cost of supplying an electricity customer and \u00a332 a year to the cost of providing gas. The cost of meeting targets on renewables and energy efficiency was another factor in the rise, it added. However, EDF said 55,000 of its most vulnerable customers stood to benefit from a 15% discount below the standard tariff, and customers in London, the south-east and the south-west could protect themselves against further rises with its fixed price tariff. Limiting customer impact Eva Eisenschimmel, EDF Energy's chief operating officer for customers, said: \"Despite soaring wholesale energy prices, higher distribution costs and increased environmental obligations, we have been able to substantially limit the impact on our customers. \"We will continue to work very hard to mitigate the effect of rising costs for our customers through energy efficiency advice and our range of products, including Fixed Price 2010 and Read Reduce Reward. \"We will also do what we can to mitigate the effects on our 'most in need' customers through our Energy Assist tariff.\" The consumer group energywatch said it was disappointed that EDF Energy had moved so quickly to pass costs on to its customers. Its chief executive, Allan Asher, said: \"That consumers have been told to expect more price rises does not make this news any easier to swallow. \"All suppliers are pointing to soaring wholesale costs. And while the price has shot up recently consumers will be no more convinced that double digit price rises are justified just because it is six suppliers pleading poverty rather than one.\"",
      "charCount": "2580"
    },
    "isHosted": false,
    "pillarId": "pillar/lifestyle",
    "pillarName": "Lifestyle"
  },
  {
    "id": "business/2008/jan/15/economics.interestrates",
    "type": "article",
    "sectionId": "business",
    "sectionName": "Business",
    "webPublicationDate": "2008-01-15T10:52:03Z",
    "webTitle": "Inflation rises sharply in December",
    "webUrl": "https://www.theguardian.com/business/2008/jan/15/economics.interestrates",
    "apiUrl": "https://content.guardianapis.com/business/2008/jan/15/economics.interestrates",
    "fields": {
      "headline": "Inflation rises sharply in December",
      "trailText": "<p>Upward pressure from food prices led to the biggest monthly inflation gain in a year, official data showed today, but the annual rate of UK inflation held steady at 2.1%</p>",
      "byline": "Angela Balakrishnan",
      "main": "",
      "body": "<p>The annual rate of UK inflation held steady as expected in December, official data showed today.</p> <p>However signs of upward pressure from food prices led to the biggest monthly gain in a year, suggesting that the cost of living may edge higher in coming months as feared by policymakers at the Bank of England.</p> <p>The Office for National Statistics said that the government's preferred consumer price measure of inflation rose 0.6% last month, the strongest monthly rise since December 2006. The annual rate stayed at 2.1%, marking the third month in a row that the pace is above the Bank's 2% target.</p> <p>The key driver of the monthly jump was food prices, in particular vegetables, where prices rose in December compared with a fall a year earlier, the ONS said.</p> <p>Surprisingly, the largest downward impact came from utility bills, which rose by less than they did in the same period last year. But statisticians said this was unlikely to last as the recent price hikes by energy providers feed through in the coming months.</p> <p>\"Food costs are set to continue rising as the effects of poor harvests intensify and fuel costs rise in response to higher oil</p> <p>prices and sterling weakness versus the dollar,\" said James Knightley at ING. \"We could quite easily see headline inflation push above 2.5% in the next few months, which has potential to constrain the extent to which the Bank can cut rates in response to economic weakness.\"</p> <p>Furniture, especially kitchen units and leather sofas, also softened the monthly headline rise in inflation. The subdued rises in the price of furniture is likely to reflect the weakening housing market and low demand for such products.</p> <p>The monetary policy committee saw the figures ahead of their meeting last week where they decided to keep interest rates at 5.5% despite signs that the economy is set to slow markedly. However, economists expect that the central bank will ease borrowing costs next month by a quarter-point to shore up a cooling economy.</p> <p>Meanwhile, the retail price index, on which most pay deals are based, ticked down to 4% as expected. This may ease pressure on wage demands in they key new year pay round and is likely to calm fears among the MPC of inflationary risks arising from pay rises.</p> <p>Policymakers will also welcome news that core inflation, which excludes volatile items like food and energy, also remained benign, with the annual rate unchanged at 1.4%.</p> <p>Analysts said that with high street demand deteriorating, any cost pressures, as seen by yesterday's robust producer price inflation figures, would be absorbed in retailers' margins keeping core inflation low.</p> <p>\"This should allow the MPC to look through the higher headline rate and continue to cut interest rates, albeit at a relatively moderate pace,\" said Jonathan Loynes at Capital Economics.</p>",
      "wordcount": "473",
      "commentable": "false",
      "isPremoderated": "false",
      "lastModified": "2017-05-25T13:08:30Z",
      "newspaperEditionDate": "2008-01-15T00:00:00Z",
      "productionOffice": "UK",
      "publication": "theguardian.com",
      "shortUrl": "https://gu.com/p/xx4tx",
      "shouldHideAdverts": "false",
      "showInRelatedContent": "true",
      "legallySensitive": "false",
      "lang": "en",
      "bodyText": "The annual rate of UK inflation held steady as expected in December, official data showed today. However signs of upward pressure from food prices led to the biggest monthly gain in a year, suggesting that the cost of living may edge higher in coming months as feared by policymakers at the Bank of England. The Office for National Statistics said that the government's preferred consumer price measure of inflation rose 0.6% last month, the strongest monthly rise since December 2006. The annual rate stayed at 2.1%, marking the third month in a row that the pace is above the Bank's 2% target. The key driver of the monthly jump was food prices, in particular vegetables, where prices rose in December compared with a fall a year earlier, the ONS said. Surprisingly, the largest downward impact came from utility bills, which rose by less than they did in the same period last year. But statisticians said this was unlikely to last as the recent price hikes by energy providers feed through in the coming months. \"Food costs are set to continue rising as the effects of poor harvests intensify and fuel costs rise in response to higher oil prices and sterling weakness versus the dollar,\" said James Knightley at ING. \"We could quite easily see headline inflation push above 2.5% in the next few months, which has potential to constrain the extent to which the Bank can cut rates in response to economic weakness.\" Furniture, especially kitchen units and leather sofas, also softened the monthly headline rise in inflation. The subdued rises in the price of furniture is likely to reflect the weakening housing market and low demand for such products. The monetary policy committee saw the figures ahead of their meeting last week where they decided to keep interest rates at 5.5% despite signs that the economy is set to slow markedly. However, economists expect that the central bank will ease borrowing costs next month by a quarter-point to shore up a cooling economy. Meanwhile, the retail price index, on which most pay deals are based, ticked down to 4% as expected. This may ease pressure on wage demands in they key new year pay round and is likely to calm fears among the MPC of inflationary risks arising from pay rises. Policymakers will also welcome news that core inflation, which excludes volatile items like food and energy, also remained benign, with the annual rate unchanged at 1.4%. Analysts said that with high street demand deteriorating, any cost pressures, as seen by yesterday's robust producer price inflation figures, would be absorbed in retailers' margins keeping core inflation low. \"This should allow the MPC to look through the higher headline rate and continue to cut interest rates, albeit at a relatively moderate pace,\" said Jonathan Loynes at Capital Economics.",
      "charCount": "2800"
    },
    "isHosted": false,
    "pillarId": "pillar/news",
    "pillarName": "News"
  },
  {
    "id": "lifeandstyle/2008/jan/15/healthandwellbeing.foodanddrink",
    "type": "article",
    "sectionId": "lifeandstyle",
    "sectionName": "Life and style",
    "webPublicationDate": "2008-01-15T10:39:15Z",
    "webTitle": "Lucy Atkins on coconut oil, a new 'superfood'",
    "webUrl": "https://www.theguardian.com/lifeandstyle/2008/jan/15/healthandwellbeing.foodanddrink",
    "apiUrl": "https://content.guardianapis.com/lifeandstyle/2008/jan/15/healthandwellbeing.foodanddrink",
    "fields": {
      "headline": "Coco loco",
      "standfirst": "Jennifer Aniston uses it and the England rugby squad swear by its metabolism-boosting qualities. Coconut oil is being touted as the health food of 2008 - but is this just more 'superfood' hype? By Lucy Atkins",
      "trailText": "<p><strong>Lucy Atkins: </strong>Jennifer Aniston uses it and the England rugby squad swear by its metabolism-boosting qualities. Coconut oil is being touted as the health food of 2008 - but is this just more 'superfood' hype?</p>",
      "byline": "Lucy Atkins",
      "main": "<figure class=\"element element-image\" data-media-id=\"gu-image-334948470\"> <img src=\"http://static.guim.co.uk/sys-images/Lifeandhealth/Pix/pictures/2008/01/15/coconut2.jpg\" alt=\"Coconut\" width=\"372\" height=\"192\" class=\"gu-image\" /> <figcaption> <span class=\"element-image__caption\">Coconut oil is derived from the flesh of the fruit. Photograph: Olivier Matthys/EPA</span> </figcaption> </figure>",
      "body": "<p>When Jennifer Aniston was spotted with a shopping trolley full of coconut oil, the manufacturers of this little-used fat must have jumped for joy. Coconut oil has had a bad press because of its high saturated-fat content, but devotees claim it is misunderstood. It is heart-healthy and fantastic for weight loss, they say, because it speeds up the metabolism. It is also cholesterol-free and - according to some of the wilder proponents - can cure anything from candida to cancer. The coconut is being touted as the health food of 2008, but a closer look at the science behind the claims highlights the hyperbole that is rife in the \"superfoods\" industry. Can the answer to all modern ills really be found up a palm tree?</p> <p>Coconut oil - which is derived from the flesh of the fruit, and not to be confused with coconut milk - is certainly catching on among British athletes. It was included in the diet of the England rugby squad in 2007, who were an average of 2kg of muscle heavier than the 2003 team, and the new squad is already using it. According to rugby union nutritionist Matt Lovell, virgin coconut oil can raise the metabolic rate and therefore help the body to burn fat more effectively. \"It is the most misunderstood of all fats,\" he says. \"It is what we call a 'functional food' because it provides many health benefits beyond its nutritional or calorie content.\"</p> <p>Garry Stivens, director of Coconoil, the company that supplies the RFU, Premiership rugby clubs such as the Leicester Tigers, and football's Bolton Wanderers, is equally enthusiastic. \"As part of an overall healthy lifestyle and diet, it can certainly enhance performance and energy.\"</p> <p>At first glance, the so-called \"fat that makes you thin\" argument looks distinctly suspect. Like butter, coconut oil is extremely high in saturated fat. However, it differs from fats such as butter because it contains a lot of medium-chain triglycerides (MCT). \"[These are] absorbed directly by the liver so they burn very much like carbohydrate,\" says Lovell. \"This means they provide instant energy and are suitable for endurance-based events.\" Other fats, such as butter, contain long-chain fatty acids, which are deposited in fat cells and burn off more slowly.</p> <p>Even though coconut oil is calorie-dense (about nine calories a gram), coconut enthusiasts maintain that because of the MCTs, the body burns off these calories far more quickly than it would calories from other fat sources. One 2003 study published in Obesity Research seemed to confirm this when it found that coconut oil could help overweight men to burn more calories and lose weight.</p> <p>\"This is interesting research,\" says Dr Toni Steer, nutrition scientist with the Medical Research Council's Human Nutrition Research Unit in Cambridge. \"But the study was of a small group over a short period of time so the results are not highly significant. If coconut oil has any effect, it possibly raises metabolic rate very temporarily and very marginally.\"</p> <p>She is less convinced by the calorie claims. \"Like any fat, it is calorie-dense. If you thought all you had to do was glug coconut oil and your excess pounds would melt away, you'd need to think again.\"</p> <p>\"There is a small amount of evidence that MCTs are metabolised and processed differently from LCTs,\" agrees Bridget Aisbitt, a nutrition scientist at the British Nutrition Foundation. \"But ultimately it is the balance of calories in versus calories out that determines weight loss or gain, and one of the simplest ways to reduce calories in is to reduce the amount of fat in the diet. Gram for gram, fat has more than double the calories of carbohydrate or protein.\"</p> <p>As it is a saturated fat, you would assume that coconut oil is bad for the heart. However, Lovell points out that \"virgin coconut oil, unlike other saturated fats, actually contains no cholesterol, so it does not increase blood serum cholesterol level.\" Furthermore, he says, \"It actually possesses healing properties far beyond that of any other culinary oil and is extensively used in traditional medicine among Asian and Pacific populations.\"</p> <p>Others are less enthusiastic. \"Of course coconut oil doesn't contain cholesterol,\" says Professor Peter Emery, head of the department of nutrition and dietetics at King's College London. \"The same applies to all plant-derived oils. As always, there is a grain of truth behind the exaggeration. Yes, it does contain a lot of medium-chain triglycerides, which are absorbed straight into the liver [from the small intestine]. And there is some evidence that MCTs do increase the metabolic rate slightly. But the amount you could realistically consume in place of other oils would have a minimal effect on energy balance or weight loss.\"</p> <p>When it comes to the health-giving qualiities, the evidence is even sketchier. Many proponents claim that it can fight heart disease because it has antibacterial properties. There is, says the British Heart Foundation, no evidence for this. \"We have yet to find conclusive evidence of any one food that in isolation will improve people's heart health,\" says a spokesperson.</p> <p>Dr Christine Tomlinson, director of the National Candida Society, believes in the antibacterial properties of coconut oil, and advises candida sufferers (those with a yeast overgrowth) to include it in their diet. Elsewhere, there are claims that it can help with hyperthyroidism, diabetes, pancreatic and thyroid function, vitamin absorption, the immune system and digestive problems.</p> <p>Solid, peer-reviewed scientific evidence for such theories is scarce. And occasionally the claims are downright irresponsible. \"Virgin coconut oil can save the life of cancer patients,\" raves one website. It can also, the website says, be used to cure HIV and herpes. Thankfully, not all purveyors of coconut oil take this line. \"I would never make such cruel claims,\" says Stivens. \"They are nonsense.\"</p> <p>\"There is absolutely no evidence to support the claim that coconut oil can prevent or cure cancer,\" says Dr Joanna Owens, senior science information officer at Cancer Research UK. \"A small number of studies suggest coconut and other vegetable oils might have anti-cancer properties, but other reports have shown that coconut oil has no anti-cancer effect or that it might even promote cancer. Much more research is needed. \"</p> <p>Ultimately, of course, we should all be ditching saturated fats (such as butter) in our diet in favour of plant-based ones. \"The evidence on coconut oil is minimal, certainly when you compare it to the substantial amount of scientific evidence to show that polyunsaturates (vegetable-based oils and spreads) and monounsaturates (such as olive oil or rapeseed oil) help to lower cholesterol levels,\" says Steer. \"Used sparingly, as you would a normal cooking oil, coconut oil will certainly do you no harm.\"</p> <p>There is, then, absolutely nothing wrong with coconut oil. Indeed, there may be some good reasons to give it a go. Stivens, a former field director for Save the Children, set up Coconoil as a relief project when he visited Sri Lanka in the immediate aftermath of the tsunami in December 2004, and says it provides local farmers with a crucial income. His virgin coconut oil, at least, is organic, tastes surprisingly good in a stir-fry, and can be used as a body lotion or hair conditioner - or even to grease your bike chain.</p> <p><strong>\u00b7 </strong>Information and stockists: <a href=\"http://www.coconoil.co.uk\">coconoil.co.uk</a></p>",
      "newspaperPageNumber": "18",
      "wordcount": "1211",
      "commentable": "false",
      "isPremoderated": "false",
      "lastModified": "2017-11-26T00:01:53Z",
      "newspaperEditionDate": "2008-01-15T00:00:00Z",
      "productionOffice": "UK",
      "publication": "The Guardian",
      "shortUrl": "https://gu.com/p/xk5zg",
      "shouldHideAdverts": "false",
      "showInRelatedContent": "true",
      "legallySensitive": "false",
      "lang": "en",
      "bodyText": "When Jennifer Aniston was spotted with a shopping trolley full of coconut oil, the manufacturers of this little-used fat must have jumped for joy. Coconut oil has had a bad press because of its high saturated-fat content, but devotees claim it is misunderstood. It is heart-healthy and fantastic for weight loss, they say, because it speeds up the metabolism. It is also cholesterol-free and - according to some of the wilder proponents - can cure anything from candida to cancer. The coconut is being touted as the health food of 2008, but a closer look at the science behind the claims highlights the hyperbole that is rife in the \"superfoods\" industry. Can the answer to all modern ills really be found up a palm tree? Coconut oil - which is derived from the flesh of the fruit, and not to be confused with coconut milk - is certainly catching on among British athletes. It was included in the diet of the England rugby squad in 2007, who were an average of 2kg of muscle heavier than the 2003 team, and the new squad is already using it. According to rugby union nutritionist Matt Lovell, virgin coconut oil can raise the metabolic rate and therefore help the body to burn fat more effectively. \"It is the most misunderstood of all fats,\" he says. \"It is what we call a 'functional food' because it provides many health benefits beyond its nutritional or calorie content.\" Garry Stivens, director of Coconoil, the company that supplies the RFU, Premiership rugby clubs such as the Leicester Tigers, and football's Bolton Wanderers, is equally enthusiastic. \"As part of an overall healthy lifestyle and diet, it can certainly enhance performance and energy.\" At first glance, the so-called \"fat that makes you thin\" argument looks distinctly suspect. Like butter, coconut oil is extremely high in saturated fat. However, it differs from fats such as butter because it contains a lot of medium-chain triglycerides (MCT). \"[These are] absorbed directly by the liver so they burn very much like carbohydrate,\" says Lovell. \"This means they provide instant energy and are suitable for endurance-based events.\" Other fats, such as butter, contain long-chain fatty acids, which are deposited in fat cells and burn off more slowly. Even though coconut oil is calorie-dense (about nine calories a gram), coconut enthusiasts maintain that because of the MCTs, the body burns off these calories far more quickly than it would calories from other fat sources. One 2003 study published in Obesity Research seemed to confirm this when it found that coconut oil could help overweight men to burn more calories and lose weight. \"This is interesting research,\" says Dr Toni Steer, nutrition scientist with the Medical Research Council's Human Nutrition Research Unit in Cambridge. \"But the study was of a small group over a short period of time so the results are not highly significant. If coconut oil has any effect, it possibly raises metabolic rate very temporarily and very marginally.\" She is less convinced by the calorie claims. \"Like any fat, it is calorie-dense. If you thought all you had to do was glug coconut oil and your excess pounds would melt away, you'd need to think again.\" \"There is a small amount of evidence that MCTs are metabolised and processed differently from LCTs,\" agrees Bridget Aisbitt, a nutrition scientist at the British Nutrition Foundation. \"But ultimately it is the balance of calories in versus calories out that determines weight loss or gain, and one of the simplest ways to reduce calories in is to reduce the amount of fat in the diet. Gram for gram, fat has more than double the calories of carbohydrate or protein.\" As it is a saturated fat, you would assume that coconut oil is bad for the heart. However, Lovell points out that \"virgin coconut oil, unlike other saturated fats, actually contains no cholesterol, so it does not increase blood serum cholesterol level.\" Furthermore, he says, \"It actually possesses healing properties far beyond that of any other culinary oil and is extensively used in traditional medicine among Asian and Pacific populations.\" Others are less enthusiastic. \"Of course coconut oil doesn't contain cholesterol,\" says Professor Peter Emery, head of the department of nutrition and dietetics at King's College London. \"The same applies to all plant-derived oils. As always, there is a grain of truth behind the exaggeration. Yes, it does contain a lot of medium-chain triglycerides, which are absorbed straight into the liver [from the small intestine]. And there is some evidence that MCTs do increase the metabolic rate slightly. But the amount you could realistically consume in place of other oils would have a minimal effect on energy balance or weight loss.\" When it comes to the health-giving qualiities, the evidence is even sketchier. Many proponents claim that it can fight heart disease because it has antibacterial properties. There is, says the British Heart Foundation, no evidence for this. \"We have yet to find conclusive evidence of any one food that in isolation will improve people's heart health,\" says a spokesperson. Dr Christine Tomlinson, director of the National Candida Society, believes in the antibacterial properties of coconut oil, and advises candida sufferers (those with a yeast overgrowth) to include it in their diet. Elsewhere, there are claims that it can help with hyperthyroidism, diabetes, pancreatic and thyroid function, vitamin absorption, the immune system and digestive problems. Solid, peer-reviewed scientific evidence for such theories is scarce. And occasionally the claims are downright irresponsible. \"Virgin coconut oil can save the life of cancer patients,\" raves one website. It can also, the website says, be used to cure HIV and herpes. Thankfully, not all purveyors of coconut oil take this line. \"I would never make such cruel claims,\" says Stivens. \"They are nonsense.\" \"There is absolutely no evidence to support the claim that coconut oil can prevent or cure cancer,\" says Dr Joanna Owens, senior science information officer at Cancer Research UK. \"A small number of studies suggest coconut and other vegetable oils might have anti-cancer properties, but other reports have shown that coconut oil has no anti-cancer effect or that it might even promote cancer. Much more research is needed. \" Ultimately, of course, we should all be ditching saturated fats (such as butter) in our diet in favour of plant-based ones. \"The evidence on coconut oil is minimal, certainly when you compare it to the substantial amount of scientific evidence to show that polyunsaturates (vegetable-based oils and spreads) and monounsaturates (such as olive oil or rapeseed oil) help to lower cholesterol levels,\" says Steer. \"Used sparingly, as you would a normal cooking oil, coconut oil will certainly do you no harm.\" There is, then, absolutely nothing wrong with coconut oil. Indeed, there may be some good reasons to give it a go. Stivens, a former field director for Save the Children, set up Coconoil as a relief project when he visited Sri Lanka in the immediate aftermath of the tsunami in December 2004, and says it provides local farmers with a crucial income. His virgin coconut oil, at least, is organic, tastes surprisingly good in a stir-fry, and can be used as a body lotion or hair conditioner - or even to grease your bike chain. \u00b7 Information and stockists: coconoil.co.uk",
      "charCount": "7395"
    },
    "isHosted": false,
    "pillarId": "pillar/lifestyle",
    "pillarName": "Lifestyle"
  }
]