[
  {
    "id": "commentisfree/2008/jul/07/g8.globaleconomy",
    "type": "article",
    "sectionId": "commentisfree",
    "sectionName": "Opinion",
    "webPublicationDate": "2008-07-06T23:01:00Z",
    "webTitle": "Editorial: The F-words",
    "webUrl": "https://www.theguardian.com/commentisfree/2008/jul/07/g8.globaleconomy",
    "apiUrl": "https://content.guardianapis.com/commentisfree/2008/jul/07/g8.globaleconomy",
    "fields": {
      "headline": "The F-words",
      "trailText": "<p><strong>Editorial:</strong> Three big problems loom over the world economy: food, fuel and finance</p>",
      "byline": "Editorial",
      "main": "",
      "body": "<p>Three big problems loom over the world economy. In rich countries they cause grumbling and pressure on governments to act; in poor ones rioting and starvation. Some call them the three Fs: food, fuel and finance.</p> <p>The three Fs are linked, of course. The financial crisis has hastened and sharpened the slowdown in the UK and elsewhere, and taken away the easy money that might have cushioned the blow of surging food and fuel prices. Expensive imported fuel has encouraged governments to use crops to feed cars; and that has forced up the price of food - by 75%, according to a World Bank study reported by this paper last week.</p> <p>The three Fs will be top of the agenda at the meeting of G8 leaders that begins today in Japan. To make room, the preoccupations of recent G8 summits - development and climate change - are likely to slip down the list of priorities. Understandable, but they must not be forgotten. After all, the world's richest countries can do a lot to alleviate poverty in Africa, simply by giving money. In Rwanda, deaths from malaria are down by nearly two-thirds since the Gleneagles aid commitments of 2005, which translated into mass distribution of mosquito nets. This kind of advance flies in the face of all the cynicism over G8 summits; it is also a powerful reason for not letting rich countries backtrack on their promises of aid. Sadly, the G8 discussions on the global economy are unlikely to yield such results. For one thing, the most powerful leader (and the one with longest in the job) is George Bush, who has already entered the lame-duck phase of his presidency. Still, he is unlikely to be the only one showing a lack of political will. Despite the outlook for the world economy being as bleak as any time since the 1970s, the world's most powerful leaders are not prepared to use large enough tools to tackle the biggest problems.</p> <p>Take food prices. Gordon Brown will today wave at his counterparts two government studies that show (yet again) how food markets have been grotesquely distorted by America's and Europe's drive for biofuels. Mr Brown will use his evidence to press for a moratorium on \"bad biofuels\". It will almost certainly fall on deaf ears. President Bush is unlikely to give way on his biofuels policy; after all, in the middle of an election year, what better policy can a political party follow than throw money at farmers in the Midwest? But by freezing the subsidies and targets for plant-fuels, the G8 would bolster food supply. Doubtless, there will be mention in the summit agreement of the importance of finding 'sustainable' plant fuels - but it will be weak stuff. Meanwhile, as campaigners at ActionAid point out, 850m more people will be at risk of hunger because they cannot afford expensive food. </p> <p>Then there is oil. That discussion will show again the need for reform of the G8 membership; what use is a discussion about expensive oil without most of the big oil-producing nations, or the fast-growing oil consumers of China and India? But there is one measure the G8 could take to bring down prices: quell the speculation in oil (and grain too). By making it more expensive for financial institutions to bet on commodity prices, the G8 would stick a pin in what most agree is a bubble. Will they do it? Fat chance. Policy-makers are certainly having a lively argument over speculation, but show no sign of acting.</p> <p>At a time when the world economy could do with leadership, it is unlikely to get it. A similar drift is likely to beset those recent G8 priorities of aid and climate change. The all-important summit agreement currently in draft does not even mention the aid figures pledged at Gleneagles. That is a disgraceful backtracking on previously cast-iron promises and must be made good. Almost as little could happen on climate change; at most a fund for green technology in poor countries. This G8 shows every sign of being summed up by a fourth F-word: feeble.</p>",
      "newspaperPageNumber": "28",
      "wordcount": "685",
      "commentCloseDate": "2008-07-09T23:29:00Z",
      "commentable": "true",
      "isPremoderated": "false",
      "lastModified": "2018-02-14T20:15:30Z",
      "newspaperEditionDate": "2008-07-07T00:00:00Z",
      "productionOffice": "UK",
      "publication": "The Guardian",
      "shortUrl": "https://gu.com/p/xngpm",
      "shouldHideAdverts": "false",
      "showInRelatedContent": "true",
      "legallySensitive": "false",
      "lang": "en",
      "bodyText": "Three big problems loom over the world economy. In rich countries they cause grumbling and pressure on governments to act; in poor ones rioting and starvation. Some call them the three Fs: food, fuel and finance. The three Fs are linked, of course. The financial crisis has hastened and sharpened the slowdown in the UK and elsewhere, and taken away the easy money that might have cushioned the blow of surging food and fuel prices. Expensive imported fuel has encouraged governments to use crops to feed cars; and that has forced up the price of food - by 75%, according to a World Bank study reported by this paper last week. The three Fs will be top of the agenda at the meeting of G8 leaders that begins today in Japan. To make room, the preoccupations of recent G8 summits - development and climate change - are likely to slip down the list of priorities. Understandable, but they must not be forgotten. After all, the world's richest countries can do a lot to alleviate poverty in Africa, simply by giving money. In Rwanda, deaths from malaria are down by nearly two-thirds since the Gleneagles aid commitments of 2005, which translated into mass distribution of mosquito nets. This kind of advance flies in the face of all the cynicism over G8 summits; it is also a powerful reason for not letting rich countries backtrack on their promises of aid. Sadly, the G8 discussions on the global economy are unlikely to yield such results. For one thing, the most powerful leader (and the one with longest in the job) is George Bush, who has already entered the lame-duck phase of his presidency. Still, he is unlikely to be the only one showing a lack of political will. Despite the outlook for the world economy being as bleak as any time since the 1970s, the world's most powerful leaders are not prepared to use large enough tools to tackle the biggest problems. Take food prices. Gordon Brown will today wave at his counterparts two government studies that show (yet again) how food markets have been grotesquely distorted by America's and Europe's drive for biofuels. Mr Brown will use his evidence to press for a moratorium on \"bad biofuels\". It will almost certainly fall on deaf ears. President Bush is unlikely to give way on his biofuels policy; after all, in the middle of an election year, what better policy can a political party follow than throw money at farmers in the Midwest? But by freezing the subsidies and targets for plant-fuels, the G8 would bolster food supply. Doubtless, there will be mention in the summit agreement of the importance of finding 'sustainable' plant fuels - but it will be weak stuff. Meanwhile, as campaigners at ActionAid point out, 850m more people will be at risk of hunger because they cannot afford expensive food. Then there is oil. That discussion will show again the need for reform of the G8 membership; what use is a discussion about expensive oil without most of the big oil-producing nations, or the fast-growing oil consumers of China and India? But there is one measure the G8 could take to bring down prices: quell the speculation in oil (and grain too). By making it more expensive for financial institutions to bet on commodity prices, the G8 would stick a pin in what most agree is a bubble. Will they do it? Fat chance. Policy-makers are certainly having a lively argument over speculation, but show no sign of acting. At a time when the world economy could do with leadership, it is unlikely to get it. A similar drift is likely to beset those recent G8 priorities of aid and climate change. The all-important summit agreement currently in draft does not even mention the aid figures pledged at Gleneagles. That is a disgraceful backtracking on previously cast-iron promises and must be made good. Almost as little could happen on climate change; at most a fund for green technology in poor countries. This G8 shows every sign of being summed up by a fourth F-word: feeble.",
      "charCount": "3938"
    },
    "isHosted": false,
    "pillarId": "pillar/opinion",
    "pillarName": "Opinion"
  },
  {
    "id": "business/2008/jul/07/globaleconomy.economics",
    "type": "article",
    "sectionId": "business",
    "sectionName": "Business",
    "webPublicationDate": "2008-07-06T23:01:00Z",
    "webTitle": "A G8 removed from the real world",
    "webUrl": "https://www.theguardian.com/business/2008/jul/07/globaleconomy.economics",
    "apiUrl": "https://content.guardianapis.com/business/2008/jul/07/globaleconomy.economics",
    "fields": {
      "headline": "A G8 removed from the real world",
      "standfirst": "Climate, oil and food crisis - it's no longer business as usual for world's leaders",
      "trailText": "<p>Climate, oil and food crisis - it's no longer business as usual for world's leaders</p>",
      "byline": "Larry Elliott, economics editor",
      "main": "",
      "body": "<p>It's been 13 long months since the leaders of the G8 gathered for their annual talkfest. I'm sure the details of last year's communique are etched into your brain but just in case you've forgotten what was agreed in Heiligendamm, here's a reminder. \"We noted,\" the G8 said, \"that the world economy is in good condition and growth is more evenly distributed across regions.\" This was June 8 2007, two months to the day before the entire global financial system came to a shuddering halt. If you like your humour black, it's rather funny isn't it?</p> <p>But wait, because it gets better. The communique expressed confidence that there would be \"a smooth adjustment of global imbalances which should take place in the context of sustained and robust economic growth\". Glad to see, then, that there was no risk that the US sub-prime mortgage crisis would prompt what the International Monetary Fund has called the biggest shock to the global financial system since the Great Depression.</p> <p>In fact, the G8 had nothing to say about housing bubbles at all, though it did find time to discuss the need for a settlement between Armenia and Azerbaijan over Nagorno-Karabakh. And so it goes on. The G8 managed a cursory glance at what hedge funds were up to and decided that - on balance - there was nothing really to worry about. \"While noting the positive contribution [sic] of hedge funds to financial-market stability, we also want to minimise systemic risks by increasing transparency and market discipline on the part of all parties involved.\"</p> <p>These are the same cuddly hedge funds, presumably, that have been in large part responsible for driving up the price of oil and food on commodity markets, to the point where the \"good condition\" of the global economy is threatened by stagflation and hunger?</p> <p>As one hedge fund manager, Michael Masters, told a Congressional hearing in May, speculation in commodity futures has increased 20 times in the past five years - from $13bn (\u00a36.5bn) to $260bn - and during that time the price of a basket of commodities has risen by 183%. The increase in demand from speculators, Masters said, had been almost equal to the increase in demand from China.</p> <p>There are extremely eminent economists, such as Paul Krugman, who say that speculation is not the reason the cost of crude has doubled in the past year even though physical demand has barely increased. There is, of course, one way to find out. The G8 could agree this week to release crude from their strategic reserves for the hedge funds to buy. My bet is that if they did so, the price of oil would fall like a stone.</p> <p>Will the G8 do so? It would be foolish to bank on it, and indeed far safer to expect a repeat of last year's hotch-potch of complacent inanity. To be sure, there will be reference to the headwinds facing the global economy because the challenges facing the summit are as great as they have been since French president Val\u00e9ry Giscard D'Estaing called for the first cosy chat at the chateau of Rambouillet outside Paris in 1975. Indeed, the threat is now even greater, since at least in the mid-1970s the problems facing the summiteers were primarily economic - the collapse of the post-war golden age of growth in the face of rising inflation. This time, the G8 has more on its plate than simply a bog-standard cyclical economic downturn at the end of a prolonged period of low inflation and strong growth. In addition there are three other meaty issues to consider: the threat of climate change; the threat that the global economy may soon be facing shortages of two vital resources (oil and water), and the parlous position of many of the world's poorest countries as they grapple with the effects of global warming and rising food prices. As a paper released by the Cabinet Office today shows, it is the poor who suffer most when the cost of food rises: in Britain food accounts for 15% of the household budgets of the poorest 10% of the population compared with 7% for the richest 10%. In the developing world, food can take 50-80% of a family's income.</p> <p><strong>Global economy</strong></p> <p>In the build-up to the summit, it has been clear that the individual members of the G8 have been tempted to concentrate solely on the problems facing their own economies and to defer action on the issues that have dominated these events over the past five years - Africa and climate change. Gordon Brown was right to say at the weekend that it would be a profound mistake for the G8 to adopt that approach. For one thing, it is impossible for any country, no matter how big and powerful, to insulate itself from developments in the global economy. And even if they could, it would still be stupid since in the long-term the stability of every country in the world will require energy security, action on climate change and the spread of economic prosperity to the billions living on or below the breadline. This is certainly not the time to renege on the Gleneagles aid pledges made three years ago or to decide that the threat of unemployment makes tackling climate change something that can be put off for another day.</p> <p>The prime minister is also correct when he argues that the big issues on the agenda this week have to be dealt with together rather than individually, since it is quite clear that there is no lasting solution to the world's macro economic problems that does not include a solution to where we are going to get our energy from, and how we marry strategies for growth with strategies for environmental sustainability. </p> <p>Brown has ideas for what should be done - investment in agriculture, a stronger commitment to renewable energy, the conclusion of a global free trade deal and progress on a new climate change deal in Copenhagen next year. The difficulty with this blueprint is it fails to get to grips with the magnitude of the problem and so does not go nearly far enough.</p> <p>If the G8 was doing its job properly, this week's communique would be rather shorter than usual. It would say the world is about to be battered by a triple crunch of a credit-fuelled financial crisis, galloping climate change and - even in the absence of speculation - a long-term increase in energy prices caused by the imminence of peak oil.</p> <p>All this requires more than just the tired old business as usual nostrums. On the last two occasions the global economy reached crisis point - in the 1930s and 1970s - there was radical change. It is worrying and depressing that there is an intellectual vacuum when there ought to be a plethora of ideas about how to dig ourselves out of this hole.</p> <p>A pamphlet to be released later this month suggests the answer is a Green New Deal, which would involve far tougher regulation of capital, changes to tax systems and a sustained programme of investment in energy conservation and renewable energy. It certainly has a more coherent answer to the problems we face in 2008 than the G8, though as one of the authors I probably would say that, wouldn't I?<br><a href=\"http://www.theguardian.com/business/economics\"><br>theguardian.com/business/economics</a><br><a href=\"mailto:larry.elliott@ theguardian.com\">larry.elliott@ theguardian.com</a></p>",
      "newspaperPageNumber": "24",
      "wordcount": "1232",
      "commentable": "false",
      "isPremoderated": "false",
      "lastModified": "2018-02-14T20:11:45Z",
      "newspaperEditionDate": "2008-07-07T00:00:00Z",
      "productionOffice": "UK",
      "publication": "The Guardian",
      "shortUrl": "https://gu.com/p/xngp9",
      "shouldHideAdverts": "false",
      "showInRelatedContent": "true",
      "legallySensitive": "false",
      "lang": "en",
      "bodyText": "It's been 13 long months since the leaders of the G8 gathered for their annual talkfest. I'm sure the details of last year's communique are etched into your brain but just in case you've forgotten what was agreed in Heiligendamm, here's a reminder. \"We noted,\" the G8 said, \"that the world economy is in good condition and growth is more evenly distributed across regions.\" This was June 8 2007, two months to the day before the entire global financial system came to a shuddering halt. If you like your humour black, it's rather funny isn't it? But wait, because it gets better. The communique expressed confidence that there would be \"a smooth adjustment of global imbalances which should take place in the context of sustained and robust economic growth\". Glad to see, then, that there was no risk that the US sub-prime mortgage crisis would prompt what the International Monetary Fund has called the biggest shock to the global financial system since the Great Depression. In fact, the G8 had nothing to say about housing bubbles at all, though it did find time to discuss the need for a settlement between Armenia and Azerbaijan over Nagorno-Karabakh. And so it goes on. The G8 managed a cursory glance at what hedge funds were up to and decided that - on balance - there was nothing really to worry about. \"While noting the positive contribution [sic] of hedge funds to financial-market stability, we also want to minimise systemic risks by increasing transparency and market discipline on the part of all parties involved.\" These are the same cuddly hedge funds, presumably, that have been in large part responsible for driving up the price of oil and food on commodity markets, to the point where the \"good condition\" of the global economy is threatened by stagflation and hunger? As one hedge fund manager, Michael Masters, told a Congressional hearing in May, speculation in commodity futures has increased 20 times in the past five years - from $13bn (\u00a36.5bn) to $260bn - and during that time the price of a basket of commodities has risen by 183%. The increase in demand from speculators, Masters said, had been almost equal to the increase in demand from China. There are extremely eminent economists, such as Paul Krugman, who say that speculation is not the reason the cost of crude has doubled in the past year even though physical demand has barely increased. There is, of course, one way to find out. The G8 could agree this week to release crude from their strategic reserves for the hedge funds to buy. My bet is that if they did so, the price of oil would fall like a stone. Will the G8 do so? It would be foolish to bank on it, and indeed far safer to expect a repeat of last year's hotch-potch of complacent inanity. To be sure, there will be reference to the headwinds facing the global economy because the challenges facing the summit are as great as they have been since French president Val\u00e9ry Giscard D'Estaing called for the first cosy chat at the chateau of Rambouillet outside Paris in 1975. Indeed, the threat is now even greater, since at least in the mid-1970s the problems facing the summiteers were primarily economic - the collapse of the post-war golden age of growth in the face of rising inflation. This time, the G8 has more on its plate than simply a bog-standard cyclical economic downturn at the end of a prolonged period of low inflation and strong growth. In addition there are three other meaty issues to consider: the threat of climate change; the threat that the global economy may soon be facing shortages of two vital resources (oil and water), and the parlous position of many of the world's poorest countries as they grapple with the effects of global warming and rising food prices. As a paper released by the Cabinet Office today shows, it is the poor who suffer most when the cost of food rises: in Britain food accounts for 15% of the household budgets of the poorest 10% of the population compared with 7% for the richest 10%. In the developing world, food can take 50-80% of a family's income. Global economy In the build-up to the summit, it has been clear that the individual members of the G8 have been tempted to concentrate solely on the problems facing their own economies and to defer action on the issues that have dominated these events over the past five years - Africa and climate change. Gordon Brown was right to say at the weekend that it would be a profound mistake for the G8 to adopt that approach. For one thing, it is impossible for any country, no matter how big and powerful, to insulate itself from developments in the global economy. And even if they could, it would still be stupid since in the long-term the stability of every country in the world will require energy security, action on climate change and the spread of economic prosperity to the billions living on or below the breadline. This is certainly not the time to renege on the Gleneagles aid pledges made three years ago or to decide that the threat of unemployment makes tackling climate change something that can be put off for another day. The prime minister is also correct when he argues that the big issues on the agenda this week have to be dealt with together rather than individually, since it is quite clear that there is no lasting solution to the world's macro economic problems that does not include a solution to where we are going to get our energy from, and how we marry strategies for growth with strategies for environmental sustainability. Brown has ideas for what should be done - investment in agriculture, a stronger commitment to renewable energy, the conclusion of a global free trade deal and progress on a new climate change deal in Copenhagen next year. The difficulty with this blueprint is it fails to get to grips with the magnitude of the problem and so does not go nearly far enough. If the G8 was doing its job properly, this week's communique would be rather shorter than usual. It would say the world is about to be battered by a triple crunch of a credit-fuelled financial crisis, galloping climate change and - even in the absence of speculation - a long-term increase in energy prices caused by the imminence of peak oil. All this requires more than just the tired old business as usual nostrums. On the last two occasions the global economy reached crisis point - in the 1930s and 1970s - there was radical change. It is worrying and depressing that there is an intellectual vacuum when there ought to be a plethora of ideas about how to dig ourselves out of this hole. A pamphlet to be released later this month suggests the answer is a Green New Deal, which would involve far tougher regulation of capital, changes to tax systems and a sustained programme of investment in energy conservation and renewable energy. It certainly has a more coherent answer to the problems we face in 2008 than the G8, though as one of the authors I probably would say that, wouldn't I? theguardian.com/business/economics larry.elliott@ theguardian.com",
      "charCount": "7020"
    },
    "isHosted": false,
    "pillarId": "pillar/news",
    "pillarName": "News"
  },
  {
    "id": "politics/2008/jul/07/transport.conservatives2001",
    "type": "article",
    "sectionId": "politics",
    "sectionName": "Politics",
    "webPublicationDate": "2008-07-06T23:01:00Z",
    "webTitle": "Tories unveil reform plan for fuel duty worth 5p off litre of petrol",
    "webUrl": "https://www.theguardian.com/politics/2008/jul/07/transport.conservatives2001",
    "apiUrl": "https://content.guardianapis.com/politics/2008/jul/07/transport.conservatives2001",
    "fields": {
      "headline": "Tories unveil reform plan for fuel duty worth 5p off litre of petrol",
      "standfirst": "<strong>&middot;</strong> 'Stabiliser' would cut tax when oil price rose <br /><strong>&middot;</strong> Government says proposal would cost taxpayer &pound;3bn",
      "trailText": "<p>Conservatives' 'stabiliser' proposal of cutting tax when oil prices rise would cost taxpayer &pound;3bn, says government</p>",
      "byline": "David Hencke in Westminster correspondent",
      "main": "",
      "body": "<p>The shadow chancellor, George Osborne, yesterday promised a radical reform of fuel duty that would have given motorists an immediate cut of between 5p and 6p a litre on the price of petrol at current rates.</p> <p>The Conservatives say they would introduce what they call a \"fair fuel stabiliser\", which would mean the Treasury would take less tax on fuel when oil prices rose, but claw back the cash when prices fell. When the price reached 118p a litre in June, motorists would have paid only 113p. At today's diesel prices of more than 130p a litre, the savings would be higher.</p> <p>The government described the proposal as \"reckless\", claiming it would lead to a \u00a33bn rise in taxes elsewhere to compensate for the cut to motorists.</p> <p>Osborne said on BBC1's Andrew Marr Show: \"At the moment, fuel duty goes up even when the price of oil goes up, so instead of [the] government helping you with the rising cost of living, they are actually adding to it. The government revenue flows in because the price of oil goes up.\"</p> <p>The Tories said their proposal would have cut 5p off a litre of fuel today if it had been introduced in March, saving up to \u00a33.50 on filling up a Ford Mondeo, or \u00a32.60 for a Vauxhall Astra.</p> <p>But if oil prices dropped, predicted fuel duty would rise to compensate. So if the present oil tax rises are mainly speculative, the motorist would not benefit if the price came down.</p> <p>Osborne insisted the system would be cost-neutral for the government, as it would be financed by the higher tax take resulting from soaring oil prices, currently kept by the Treasury.</p> <p>The Conservatives, quoting the independent National Institute of Economic and Social Research, claim that the government will have a windfall of at least \u00a32.8bn because of oil price rises between the budget in March and June. </p> <p>They estimate that if oil hits $150 a barrel, the government could have a windfall of \u00a36.6bn. They also claim that this has put an extra 0.3% on the retail price index, which has increased costs for individuals and industry. </p> <p>The Conservatives also got backing from the accountants Grant Thornton. A partner in the firm, Maurice Fitzpatrick, said: \"The basic concept is sound, but at this time there must be some doubt as to whether any tax cut can be afforded.\"</p> <p>However, a Treasury political adviser said Osborne was being \"reckless with public finances\" and was \"gambling on the price of oil. If [the Conservatives] introduced this, they would have to raise \u00a33bn from other taxes - equivalent to at least 1p on income tax.\" </p> <p>She added that the Tories' claims that the tax was a windfall had already been investigated by civil servants and found to be unsustainable. The spokeswoman said that the Tories' case was not backed up by the independent Institute of Fiscal Studies.</p> <p>The Liberal Democrat Treasury spokesman, Vince Cable, a former chief economist at Shell, said Osborne was \"presuming a knowledge of future trends in oil prices which is not shared by most people who look at these professionally\". </p> <p>He said the proposals opened \"a huge hole\" in Tory spending plans. </p> <p>\"If George Osborne wants to be taken seriously, he needs to explain what assumptions he's making about the trend in oil prices. This will mean that if or when prices fall, motorists can be fully prepared for the tax increase the Conservatives would then introduce.\" </p> <p>The AA backed the plans. Its president, Edmund King, said it had suggested a similar system to the chancellor in January. \"Record pump prices and high levels of excise duty are affecting the mobility of millions. </p> <p>\"The government needs to review fuel duty as the price of a barrel of oil has doubled in just 12 months.\"</p>",
      "newspaperPageNumber": "10",
      "wordcount": "639",
      "commentable": "false",
      "isPremoderated": "false",
      "lastModified": "2017-11-27T14:41:20Z",
      "newspaperEditionDate": "2008-07-07T00:00:00Z",
      "productionOffice": "UK",
      "publication": "The Guardian",
      "shortUrl": "https://gu.com/p/xngqx",
      "shouldHideAdverts": "false",
      "showInRelatedContent": "true",
      "legallySensitive": "false",
      "lang": "en",
      "bodyText": "The shadow chancellor, George Osborne, yesterday promised a radical reform of fuel duty that would have given motorists an immediate cut of between 5p and 6p a litre on the price of petrol at current rates. The Conservatives say they would introduce what they call a \"fair fuel stabiliser\", which would mean the Treasury would take less tax on fuel when oil prices rose, but claw back the cash when prices fell. When the price reached 118p a litre in June, motorists would have paid only 113p. At today's diesel prices of more than 130p a litre, the savings would be higher. The government described the proposal as \"reckless\", claiming it would lead to a \u00a33bn rise in taxes elsewhere to compensate for the cut to motorists. Osborne said on BBC1's Andrew Marr Show: \"At the moment, fuel duty goes up even when the price of oil goes up, so instead of [the] government helping you with the rising cost of living, they are actually adding to it. The government revenue flows in because the price of oil goes up.\" The Tories said their proposal would have cut 5p off a litre of fuel today if it had been introduced in March, saving up to \u00a33.50 on filling up a Ford Mondeo, or \u00a32.60 for a Vauxhall Astra. But if oil prices dropped, predicted fuel duty would rise to compensate. So if the present oil tax rises are mainly speculative, the motorist would not benefit if the price came down. Osborne insisted the system would be cost-neutral for the government, as it would be financed by the higher tax take resulting from soaring oil prices, currently kept by the Treasury. The Conservatives, quoting the independent National Institute of Economic and Social Research, claim that the government will have a windfall of at least \u00a32.8bn because of oil price rises between the budget in March and June. They estimate that if oil hits $150 a barrel, the government could have a windfall of \u00a36.6bn. They also claim that this has put an extra 0.3% on the retail price index, which has increased costs for individuals and industry. The Conservatives also got backing from the accountants Grant Thornton. A partner in the firm, Maurice Fitzpatrick, said: \"The basic concept is sound, but at this time there must be some doubt as to whether any tax cut can be afforded.\" However, a Treasury political adviser said Osborne was being \"reckless with public finances\" and was \"gambling on the price of oil. If [the Conservatives] introduced this, they would have to raise \u00a33bn from other taxes - equivalent to at least 1p on income tax.\" She added that the Tories' claims that the tax was a windfall had already been investigated by civil servants and found to be unsustainable. The spokeswoman said that the Tories' case was not backed up by the independent Institute of Fiscal Studies. The Liberal Democrat Treasury spokesman, Vince Cable, a former chief economist at Shell, said Osborne was \"presuming a knowledge of future trends in oil prices which is not shared by most people who look at these professionally\". He said the proposals opened \"a huge hole\" in Tory spending plans. \"If George Osborne wants to be taken seriously, he needs to explain what assumptions he's making about the trend in oil prices. This will mean that if or when prices fall, motorists can be fully prepared for the tax increase the Conservatives would then introduce.\" The AA backed the plans. Its president, Edmund King, said it had suggested a similar system to the chancellor in January. \"Record pump prices and high levels of excise duty are affecting the mobility of millions. \"The government needs to review fuel duty as the price of a barrel of oil has doubled in just 12 months.\"",
      "charCount": "3650"
    },
    "isHosted": false,
    "pillarId": "pillar/news",
    "pillarName": "News"
  },
  {
    "id": "money/2008/jul/07/summer.recipes",
    "type": "article",
    "sectionId": "money",
    "sectionName": "Money",
    "webPublicationDate": "2008-07-06T23:01:00Z",
    "webTitle": "Canteen culture: Three lunchime recipes for summer tastebuds",
    "webUrl": "https://www.theguardian.com/money/2008/jul/07/summer.recipes",
    "apiUrl": "https://content.guardianapis.com/money/2008/jul/07/summer.recipes",
    "fields": {
      "headline": "Canteen culture",
      "standfirst": "Three sumptuous lunchtime recipes to awaken your summer tastebuds",
      "trailText": "<p>Three sumptuous lunchtime recipes to awaken your summer tastebuds</p>",
      "main": "",
      "body": "<p>Three recipes for the price of one, all of which originate from the summer chapter of Margaret Costa's sublime Four Seasons Cookery Book. While these dishes would make for a rather hotchpotch menu if served in one sitting, each could be the high point of a week of working lunches. They all celebrate why we love summer foods - the sweetness of ripe peas, the abundance of seasonal vegetables that constitutes a great ratatouille, and an easy introduction to the undervalued English delicacy of trout. </p> <h2>Summer pea soup</h2> <p>1.3kg peas<br>55g lean bacon or ham<br>3 large spring onions<br>Outside leaves of a large lettuce<br>1.7 litres of water<br>Salt, pepper and sugar<br>3 tbsp thick cream<br>Sprigs of mint, to garnish</p> <p>Shell the peas, cut the bacon/ham into strips and chop the onions. Break up the lettuce leaves. Put them all in a saucepan with the water, and add the seasonings to taste. Simmer until the peas are soft. Sieve. Reheat the puree and thin it down to the right consistency with the cooking liquid (remember it will thicken as it cools). Lastly, stir in the cream. Cool, then chill. Serve with little sprigs of mint. </p> <h2>Smoked Trout Pate</h2> <p>2 smoked trout<br>1 carton soured cream<br>1 carton cottage cheese (large or small)<br>Juice of half large lemon (or to taste)<br>Salt and pepper</p> <p>Take the trout out of their mackintoshes and flake them into a blender. Add the soured cream and the sieved cottage cheese, and blend until smooth. Season to taste with lemon juice, salt and pepper. Pack into cocotte dishes and chill. Serve with brown toast. </p> <h2>Ratatouille en salade</h2> <p>2 aubergines<br>4 large red peppers<br>2 large onions<br>6 good size tomatoes<br>2 courgettes<br>5 tbsp olive oil<br>2 cloves garlic<br>Salt and pepper<br>Chopped parsley to garnish</p> <p>Cut all the vegetables up quite small. Pour the olive oil into a deep, wide pan and cook the chopped onions over a low heat for 15 minutes. Add the aubergines, courgettes and peppers. Simmer, covered, for about 35 minutes. Add the tomatoes and the crushed garlic, then season to taste. Cook for about 10 minutes longer. Serve very cold, scattered with the chopped parsley. </p> <p><strong>\u00b7</strong> Recipes from Margaret Costa's Four Seasons Cookery Book (Grub Street Publishing, 2008) available in hardback priced \u00a316.99</p>",
      "newspaperPageNumber": "3",
      "wordcount": "371",
      "commentable": "false",
      "isPremoderated": "false",
      "lastModified": "2008-07-22T09:51:50Z",
      "newspaperEditionDate": "2008-07-07T00:00:00Z",
      "productionOffice": "UK",
      "publication": "The Guardian",
      "shortUrl": "https://gu.com/p/xngz4",
      "shouldHideAdverts": "false",
      "showInRelatedContent": "true",
      "legallySensitive": "false",
      "lang": "en",
      "bodyText": "Three recipes for the price of one, all of which originate from the summer chapter of Margaret Costa's sublime Four Seasons Cookery Book. While these dishes would make for a rather hotchpotch menu if served in one sitting, each could be the high point of a week of working lunches. They all celebrate why we love summer foods - the sweetness of ripe peas, the abundance of seasonal vegetables that constitutes a great ratatouille, and an easy introduction to the undervalued English delicacy of trout. Summer pea soup 1.3kg peas 55g lean bacon or ham 3 large spring onions Outside leaves of a large lettuce 1.7 litres of water Salt, pepper and sugar 3 tbsp thick cream Sprigs of mint, to garnish Shell the peas, cut the bacon/ham into strips and chop the onions. Break up the lettuce leaves. Put them all in a saucepan with the water, and add the seasonings to taste. Simmer until the peas are soft. Sieve. Reheat the puree and thin it down to the right consistency with the cooking liquid (remember it will thicken as it cools). Lastly, stir in the cream. Cool, then chill. Serve with little sprigs of mint. Smoked Trout Pate 2 smoked trout 1 carton soured cream 1 carton cottage cheese (large or small) Juice of half large lemon (or to taste) Salt and pepper Take the trout out of their mackintoshes and flake them into a blender. Add the soured cream and the sieved cottage cheese, and blend until smooth. Season to taste with lemon juice, salt and pepper. Pack into cocotte dishes and chill. Serve with brown toast. Ratatouille en salade 2 aubergines 4 large red peppers 2 large onions 6 good size tomatoes 2 courgettes 5 tbsp olive oil 2 cloves garlic Salt and pepper Chopped parsley to garnish Cut all the vegetables up quite small. Pour the olive oil into a deep, wide pan and cook the chopped onions over a low heat for 15 minutes. Add the aubergines, courgettes and peppers. Simmer, covered, for about 35 minutes. Add the tomatoes and the crushed garlic, then season to taste. Cook for about 10 minutes longer. Serve very cold, scattered with the chopped parsley. \u00b7 Recipes from Margaret Costa's Four Seasons Cookery Book (Grub Street Publishing, 2008) available in hardback priced \u00a316.99",
      "charCount": "2197"
    },
    "isHosted": false,
    "pillarId": "pillar/lifestyle",
    "pillarName": "Lifestyle"
  },
  {
    "id": "commentisfree/2008/jul/06/climatechange.religion",
    "type": "article",
    "sectionId": "commentisfree",
    "sectionName": "Opinion",
    "webPublicationDate": "2008-07-06T13:30:00Z",
    "webTitle": "Danny Rich: the scientific and religious communities must work together to raise awareness of climate change",
    "webUrl": "https://www.theguardian.com/commentisfree/2008/jul/06/climatechange.religion",
    "apiUrl": "https://content.guardianapis.com/commentisfree/2008/jul/06/climatechange.religion",
    "fields": {
      "headline": "Religion's role in the climate debate",
      "standfirst": "It is the duty of the religious, scientific and political communities to persuade a cynical public that global warming is a very real threat",
      "trailText": "<p><strong>Danny Rich:</strong> It is the duty of the religious, scientific and political communities to persuade a cynical public that global warming is a very real and very imminent threat</p>",
      "byline": "Danny Rich",
      "main": "",
      "body": "<p>A recent Observer <a href=\"http://www.theguardian.com/environment/2008/jun/22/climatechange.carbonemissions\">Ipsos Mori poll </a>found that the majority of the British public is still not convinced that climate change is caused by humans, and believes, despite the assertion by 2,500 experts on the United Nations international panel on climate control, that scientists are exaggerating the problem. The poll concluded that many did not want to restrict their lifestyles and only a small minority thought they need to make \"significant and radical changes\".</p> <p>It makes a refreshing change that it is scientists who are coming under the cosh, since very often it is those same scientists \u2014 including the high priest of atheism, Richard Dawkins \u2014 who have led the ferocious assault on religion and its value to modern society.</p> <p>A few days before the poll was reported, a delegation, of which I was a member, presented to Hilary Benn MP, secretary of state for the environment, a photograph petition taken at the recent biennial conference of Liberal Judaism, a group of 34 synagogues representing some 10,000 Jews. </p> <p>A session at the conference had been devoted to a debate on climate change and was addressed by a rabbi, a senior researcher from the oil industry and an academic, and at its end those participants who wished to gathered for the photograph.</p> <p>The photograph called for two major provisions in the climate change bill: that the level of carbon emission reduction should be 80% (and not the original 60%, which is based upon dated science); and that action and its reporting by industry should be mandatory.</p> <p>Liberal Judaism's representatives made such a demand, knowing that every one of us would have to pay a price, not because it is fashionable but because our tradition teaches us that the natural world is \"loaned\" to humanity to exploit but not to destroy.</p> <p>Benn spent more than 45 minutes with the delegation, appeared to take seriously what it was saying, and observed that \"even cabinet ministers need support\".</p> <p>Religion and politics are both human phenomena connected with various aspects of human life. Religion ought to impel its adherents to act and politics is the means by which that action is implemented. Both politics and religion can be double-faced. They can contribute to the welfare of individuals by, for example, serving the poor and vulnerable. But equally they may be utilised to support oppression and exploitation.</p> <p>It is, therefore, not difficult to \"blame\" either religion or politics for the ills of our world, but suspicion and cynicism \u2014 whether of politics, science or religion \u2014 are cut from the same cloth and are equally destructive. Fundamentalists of all kinds expose the weaknesses of an alternative system but are blind to its strengths. The faults in both our modern political system and our ancient religions can be rectified but their strengths may be hard to replace.</p> <p>If the world faces climate catastrophe then maybe it is time for the scientific and religious communities to come together, working with governments, to persuade a suspicious and cynical population that it is in their own interests \u2014 and particularly the interests of the poorest and most vulnerable of the world's inhabitants \u2014 to act now. And if you are religious, it should not be difficult to persuade you.</p>",
      "wordcount": "536",
      "commentCloseDate": "2008-07-09T13:30:00Z",
      "commentable": "true",
      "isPremoderated": "false",
      "lastModified": "2018-02-14T20:15:31Z",
      "newspaperEditionDate": "2008-07-06T00:00:00Z",
      "productionOffice": "UK",
      "publication": "theguardian.com",
      "shortUrl": "https://gu.com/p/xng2m",
      "shouldHideAdverts": "false",
      "showInRelatedContent": "true",
      "legallySensitive": "false",
      "lang": "en",
      "bodyText": "A recent Observer Ipsos Mori poll found that the majority of the British public is still not convinced that climate change is caused by humans, and believes, despite the assertion by 2,500 experts on the United Nations international panel on climate control, that scientists are exaggerating the problem. The poll concluded that many did not want to restrict their lifestyles and only a small minority thought they need to make \"significant and radical changes\". It makes a refreshing change that it is scientists who are coming under the cosh, since very often it is those same scientists \u2014 including the high priest of atheism, Richard Dawkins \u2014 who have led the ferocious assault on religion and its value to modern society. A few days before the poll was reported, a delegation, of which I was a member, presented to Hilary Benn MP, secretary of state for the environment, a photograph petition taken at the recent biennial conference of Liberal Judaism, a group of 34 synagogues representing some 10,000 Jews. A session at the conference had been devoted to a debate on climate change and was addressed by a rabbi, a senior researcher from the oil industry and an academic, and at its end those participants who wished to gathered for the photograph. The photograph called for two major provisions in the climate change bill: that the level of carbon emission reduction should be 80% (and not the original 60%, which is based upon dated science); and that action and its reporting by industry should be mandatory. Liberal Judaism's representatives made such a demand, knowing that every one of us would have to pay a price, not because it is fashionable but because our tradition teaches us that the natural world is \"loaned\" to humanity to exploit but not to destroy. Benn spent more than 45 minutes with the delegation, appeared to take seriously what it was saying, and observed that \"even cabinet ministers need support\". Religion and politics are both human phenomena connected with various aspects of human life. Religion ought to impel its adherents to act and politics is the means by which that action is implemented. Both politics and religion can be double-faced. They can contribute to the welfare of individuals by, for example, serving the poor and vulnerable. But equally they may be utilised to support oppression and exploitation. It is, therefore, not difficult to \"blame\" either religion or politics for the ills of our world, but suspicion and cynicism \u2014 whether of politics, science or religion \u2014 are cut from the same cloth and are equally destructive. Fundamentalists of all kinds expose the weaknesses of an alternative system but are blind to its strengths. The faults in both our modern political system and our ancient religions can be rectified but their strengths may be hard to replace. If the world faces climate catastrophe then maybe it is time for the scientific and religious communities to come together, working with governments, to persuade a suspicious and cynical population that it is in their own interests \u2014 and particularly the interests of the poorest and most vulnerable of the world's inhabitants \u2014 to act now. And if you are religious, it should not be difficult to persuade you.",
      "charCount": "3232"
    },
    "isHosted": false,
    "pillarId": "pillar/opinion",
    "pillarName": "Opinion"
  },
  {
    "id": "lifeandstyle/2008/jul/06/healthandwellbeing.relaxation13",
    "type": "article",
    "sectionId": "lifeandstyle",
    "sectionName": "Life and style",
    "webPublicationDate": "2008-07-06T00:25:21Z",
    "webTitle": "Your guide to essential oils",
    "webUrl": "https://www.theguardian.com/lifeandstyle/2008/jul/06/healthandwellbeing.relaxation13",
    "apiUrl": "https://content.guardianapis.com/lifeandstyle/2008/jul/06/healthandwellbeing.relaxation13",
    "fields": {
      "headline": "Your guide to essential oils",
      "standfirst": "Spicy or sweet? Subtle or astringent? There's a fragrance out there to suit your every mood",
      "trailText": "<p>Spicy or sweet? Subtle or astringent? There's a fragrance out there to suit your every mood</p>",
      "byline": "Emma Thomson",
      "main": "",
      "body": "<p><strong>Your guide to essential oils</strong></p> <p><strong>Bergamot </strong>oil is extracted from the peel of the bergamot orange. It is cooling, refreshing and has a sweet, citrus smell. Its fragrance helps reduce stress and tension. Bergamot is used in Earl Grey tea to give it its familiar smell.</p> <p><strong>Eucalyptus</strong> is a warming and revitalising oil with antiseptic and antifungal properties.</p> <p><strong>Frankincense </strong>has anti-inflammatory and astringent properties. It is a key ingredient for improving skin tone, decreasing wrinkles and improving scar tissue. It has a sweet, spicy, fresh aroma and is known to deepen breathing and to help with anxiety. </p> <p><strong>Geranium </strong>is a balancing oil that cools and moistens. It is also strengthening and uplifting for the emotions. It has a strong, sweet, floral smell. </p> <p><strong>Grapefruit </strong>has a fresh, citrus scent. It is cleansing and antiseptic, with mildly astringent properties. This is useful for oily skin, open pores and acne. It will also help to tone and tighten loose skin. </p> <p><strong>Jasmine </strong>has a sweet, delicate aroma that blends well with most oils. It is balancing, with both refreshing and rejuvenating qualities. </p> <p><strong>Lavender </strong>oil has a distinctive fresh, floral aroma that works well in combination with other oils. It is useful for relieving stress and tension.</p> <p><strong>Lemon </strong>oil is zesty and uplifting, with antiseptic and toning properties. Lemon is particularly good to repair and cleanse ageing or oily skin.</p> <p><strong>Mandarin </strong>has a sweet, floral, citrus scent. It is very detoxifying, helping to reduce cellulite and water retention. It also helps to prevent or reduce stretch marks, and to tone loose skin. Its aroma helps to calm the mind. </p> <p><strong>Mint </strong>is mildly antiseptic and tonifying. Its uplifting smell stimulates a tired mind and relieves mental strain and fatigue. It is cooling and refreshing. </p> <p><strong>Neroli </strong>is extracted from the flowers of the bitter orange tree. It is excellent for improving skin tone, especially in mature skin. It is also beneficial for reducing and preventing stretch marks. The aroma is both uplifting and calming and acts as a great antidepressant. </p> <p><strong>Patchouli </strong>oil has a dry, woody, musky aroma that is strengthening and stimulating. It is an antiviral and antibacterial oil, with skin-regenerating actions such as improving scar tissue and stretch marks or reducing oily skin.</p> <p><strong>Pine </strong>oil is fresh and sweet and has a stimulating, refreshing action. It helps to reduce muscular aches and pains as it increases circulation and is warming.</p> <p><strong>Rose </strong>oil is derived from the steam distillation of rose petals and is very expensive. It is a deeply nurturing, feminine oil, which helps to reduce anxiety as well as balance the emotions.</p> <p><strong>Rosemary </strong>refocuses the mind and invigorates the body. It has a strong cleansing effect and is useful for muscle cramps. </p> <p><strong>Roman chamomile </strong>has a mild, sweet smell. It helps calms the mind and body. </p> <p><strong>Sweet orange </strong>has a sweet, fresh, fruity smell. It combines well with geranium to provide a balancing, zesty, aromatic combination to lift the emotions. It is useful for treating a sluggish system and therefore helps detoxify and improve the health of the skin. </p> <p><strong>Tea tree </strong>is a strong anti-microbial and anti-inflammatory oil that has many applications in skin care. It gently disinfects and so is useful for cleansing broken skin. It has a warm, spicy, camphoraceous smell that is very stimulating. </p> <p><strong>Vetiver </strong>oil is extracted from the rootlets of a native Indian grass. It has a sweet, heavy smell with an earthy undertone. It has both a sedating and strengthening effect, which uplifts the nervous system. </p> <p><strong>Ylang Ylang </strong>has an intensely sweet scent. It is a soothing oil that helps to create a sense of wellbeing. Its application in skin care is to balance both dry and oily skin.</p> <p><strong>WARNING</strong></p> <p>If you are pregnant, always take advice from a GP before using essential oils. Buy your oils from an aromatherapist or reputable retailer, and make sure that the essential oils you buy are organic or naturally derived, rather than synthetic. Some essential oils are toxic and should never be inhaled or put on the skin - always check before using any you are unsure of.</p>",
      "newspaperPageNumber": "21",
      "wordcount": "677",
      "commentable": "false",
      "isPremoderated": "false",
      "lastModified": "2008-07-06T00:25:21Z",
      "newspaperEditionDate": "2008-07-06T00:00:00Z",
      "productionOffice": "UK",
      "publication": "The Observer",
      "shortUrl": "https://gu.com/p/xz2mx",
      "shouldHideAdverts": "false",
      "showInRelatedContent": "true",
      "legallySensitive": "false",
      "lang": "en",
      "bodyText": "Your guide to essential oils Bergamot oil is extracted from the peel of the bergamot orange. It is cooling, refreshing and has a sweet, citrus smell. Its fragrance helps reduce stress and tension. Bergamot is used in Earl Grey tea to give it its familiar smell. Eucalyptus is a warming and revitalising oil with antiseptic and antifungal properties. Frankincense has anti-inflammatory and astringent properties. It is a key ingredient for improving skin tone, decreasing wrinkles and improving scar tissue. It has a sweet, spicy, fresh aroma and is known to deepen breathing and to help with anxiety. Geranium is a balancing oil that cools and moistens. It is also strengthening and uplifting for the emotions. It has a strong, sweet, floral smell. Grapefruit has a fresh, citrus scent. It is cleansing and antiseptic, with mildly astringent properties. This is useful for oily skin, open pores and acne. It will also help to tone and tighten loose skin. Jasmine has a sweet, delicate aroma that blends well with most oils. It is balancing, with both refreshing and rejuvenating qualities. Lavender oil has a distinctive fresh, floral aroma that works well in combination with other oils. It is useful for relieving stress and tension. Lemon oil is zesty and uplifting, with antiseptic and toning properties. Lemon is particularly good to repair and cleanse ageing or oily skin. Mandarin has a sweet, floral, citrus scent. It is very detoxifying, helping to reduce cellulite and water retention. It also helps to prevent or reduce stretch marks, and to tone loose skin. Its aroma helps to calm the mind. Mint is mildly antiseptic and tonifying. Its uplifting smell stimulates a tired mind and relieves mental strain and fatigue. It is cooling and refreshing. Neroli is extracted from the flowers of the bitter orange tree. It is excellent for improving skin tone, especially in mature skin. It is also beneficial for reducing and preventing stretch marks. The aroma is both uplifting and calming and acts as a great antidepressant. Patchouli oil has a dry, woody, musky aroma that is strengthening and stimulating. It is an antiviral and antibacterial oil, with skin-regenerating actions such as improving scar tissue and stretch marks or reducing oily skin. Pine oil is fresh and sweet and has a stimulating, refreshing action. It helps to reduce muscular aches and pains as it increases circulation and is warming. Rose oil is derived from the steam distillation of rose petals and is very expensive. It is a deeply nurturing, feminine oil, which helps to reduce anxiety as well as balance the emotions. Rosemary refocuses the mind and invigorates the body. It has a strong cleansing effect and is useful for muscle cramps. Roman chamomile has a mild, sweet smell. It helps calms the mind and body. Sweet orange has a sweet, fresh, fruity smell. It combines well with geranium to provide a balancing, zesty, aromatic combination to lift the emotions. It is useful for treating a sluggish system and therefore helps detoxify and improve the health of the skin. Tea tree is a strong anti-microbial and anti-inflammatory oil that has many applications in skin care. It gently disinfects and so is useful for cleansing broken skin. It has a warm, spicy, camphoraceous smell that is very stimulating. Vetiver oil is extracted from the rootlets of a native Indian grass. It has a sweet, heavy smell with an earthy undertone. It has both a sedating and strengthening effect, which uplifts the nervous system. Ylang Ylang has an intensely sweet scent. It is a soothing oil that helps to create a sense of wellbeing. Its application in skin care is to balance both dry and oily skin. WARNING If you are pregnant, always take advice from a GP before using essential oils. Buy your oils from an aromatherapist or reputable retailer, and make sure that the essential oils you buy are organic or naturally derived, rather than synthetic. Some essential oils are toxic and should never be inhaled or put on the skin - always check before using any you are unsure of.",
      "charCount": "4054"
    },
    "isHosted": false,
    "pillarId": "pillar/lifestyle",
    "pillarName": "Lifestyle"
  },
  {
    "id": "lifeandstyle/2008/jul/06/healthandwellbeing.relaxation11",
    "type": "article",
    "sectionId": "lifeandstyle",
    "sectionName": "Life and style",
    "webPublicationDate": "2008-07-06T00:25:21Z",
    "webTitle": "Aromatherapy: Try using the power (and essential oils) of plants to make yourself feel better physically and emotionally",
    "webUrl": "https://www.theguardian.com/lifeandstyle/2008/jul/06/healthandwellbeing.relaxation11",
    "apiUrl": "https://content.guardianapis.com/lifeandstyle/2008/jul/06/healthandwellbeing.relaxation11",
    "fields": {
      "headline": "Aromatherapy",
      "standfirst": "Try using the power (and essential oils) of plants to make yourself feel better physically and emotionally. Today aromatherapy is used by many of the cosmetic giants, but its potent roots are firmly planted in the past",
      "trailText": "<p>Try using the power (and essential oils) of plants to make yourself feel better physically and emotionally. Today aromatherapy is used by many of the cosmetic giants, but its potent roots are firmly planted in the past</p>",
      "main": "",
      "body": "<p><strong>What is it?</strong></p> <p>Aromatherapy harnesses the power of plants to treat and improve physical and emotional wellbeing. Essential oils are administered via massage, bathing, air dispersal (using a fan diffuser or oil burner) or inhalation. An essential oil is the volatile part of a plant that you smell as soon as you pick it; it is extracted by steam distillation. Production is labour intensive (it takes 60,000 rose blossoms to distil one ounce of rose oil), but use of 100%-pure essential oils is said to be crucial in aromatherapy. Oils that are diluted or synthetically manufactured lack restorative benefits, apparently, and can cause harm.</p> <p><strong>Is there any evidence?</strong></p> <p>There isn't a huge amount of published research available, so aromatherapy still lacks solid scientific credibility. There are various reasons for this: it's hard to conduct blind studies because a placebo would be pretty easy to spot; there's also a reluctance to approve funding for research.</p> <p>But that's not to say its benefits aren't recognised. Aromatherapy is widely acknowledged as having positive psychological effects - aromas stimulate the brain, triggering a reaction, and when applied directly to the skin are absorbed into the blood stream and metabolised in the body. A study at the Catholic University of Korea determined that when 40 patients enrolled in a rheumatics centre (Kangnam St Mary's hospital in South Korea) were treated with lavender, marjoram, eucalyptus, rosemary and peppermint essential oils (blended in proportions of 2:1:2:1:1), they all found that the treatment decreased their pain levels and eased depression.</p> <p>Clinical trials also revealed tea tree oil to possess antibacterial properties, and peppermint oil as helping to sustain a healthy digestive system.</p> <p><strong>Where does it come from?</strong></p> <p>Aromatherapy boasts a rich and colourful history. Although the term was coined in the 20th century, it is based on ancient healing practices. Its three ancient forefathers: Hippocrates, the Greek \"father of medicine\", Roman physician Galen and Greek doctor Dioscorides, first brought it to the fore and wrote on the theories of plant medicine.</p> <p>The discovery of pharmaceutical drugs in the 17th century meant it was sidelined until French chemist Ren\u00e9-Maurice Gattefoss\u00e9 reawakened interest in the subject, publishing his scientific paper, Aromatherapie in 1928. Today, aromatherapists use former army surgeon Dr Jean Valnet's book The Practice of Aromatherapy as the ultimate industry bible.</p> <p><strong>Who can do it?</strong></p> <p>Aromatherapy is an extremely inclusive form of holistic therapy, benefitting young and old alike. Its perceived impact on psychological wellbeing has led it to be used in the treatment of terminally ill patients. These attributes go some way to confirming its status as a therapy that works in tandem with, and as an enhancement to, traditional western medicine.</p> <p><strong>What results can I expect?</strong></p> <p>This depends on which oils are prescribed. Essential oils can be separated into two primary categories: those that relax and those that invigorate. If you are focusing on relaxation, expect to feel calmer and more balanced after a series of regular treatments.</p> <p><strong>Contra-indications</strong></p> <p>Aromatherapy should be avoided, or the selection of oils carefully monitored, if you suffer from high blood pressure or epilepsy, or if you are pregnant. Certain oils also carry the risk of skin irritation, photosensitivity and toxicity. Always seek advice from a trained professional before use.</p> <p><strong>How was it for you?</strong></p> <p><strong>Saskia Courtenay (hectic)</strong></p> <p>On arrival at the Neal's Yard therapy rooms in Richmond I'm greeted by a friendly receptionist who asks me to take a seat, and hands me a steaming cup of dandelion tea - a detoxifying, cleansing brew that's surprisingly delicious. I could get used to this, I think, as I park the pressures of a hectic week and bask in the thought that I now have a full hour of pure, unadulterated \"me time\".</p> <p>My therapist, Tania, introduces herself and we spend a few minutes talking through my lifestyle and my skin, health and wellbeing concerns, before she prescribes my own bespoke blend of essential oils she'll use in the aromatherapy massage. The blend is a divine mix of lavender, frankincense, rose and geranium - lavender being the principle element for inducing relaxation. The concoction is reminiscent of holidays in the Med and completely pacifying.</p> <p>Tania tells me that I'm carrying tension in my upper back and begins kneading a few knots. She is extremely communicative and continually checks that the pressure is right for me. She continues working on my spine and lower back before moving on to my legs and finishing with an Indian head massage (heavenly).</p> <p>As I waft out of the therapy rooms my boyfriend comments on how relaxed I look. Although my hair is coated in oil I feel utterly blissed out and full of confidence.</p> <p>A few hours later, back at home I'm still feeling positively grounded and surprisingly nonchalant about the household chores I can see emerging around me. Time to put my feet up, I think as I pour a cup of dandelion tea and sink back into the depths of the sofa.</p>",
      "newspaperPageNumber": "18",
      "wordcount": "834",
      "commentable": "false",
      "isPremoderated": "false",
      "lastModified": "2008-07-06T00:25:21Z",
      "newspaperEditionDate": "2008-07-06T00:00:00Z",
      "productionOffice": "UK",
      "publication": "The Observer",
      "shortUrl": "https://gu.com/p/xz2yp",
      "shouldHideAdverts": "false",
      "showInRelatedContent": "true",
      "legallySensitive": "false",
      "lang": "en",
      "bodyText": "What is it? Aromatherapy harnesses the power of plants to treat and improve physical and emotional wellbeing. Essential oils are administered via massage, bathing, air dispersal (using a fan diffuser or oil burner) or inhalation. An essential oil is the volatile part of a plant that you smell as soon as you pick it; it is extracted by steam distillation. Production is labour intensive (it takes 60,000 rose blossoms to distil one ounce of rose oil), but use of 100%-pure essential oils is said to be crucial in aromatherapy. Oils that are diluted or synthetically manufactured lack restorative benefits, apparently, and can cause harm. Is there any evidence? There isn't a huge amount of published research available, so aromatherapy still lacks solid scientific credibility. There are various reasons for this: it's hard to conduct blind studies because a placebo would be pretty easy to spot; there's also a reluctance to approve funding for research. But that's not to say its benefits aren't recognised. Aromatherapy is widely acknowledged as having positive psychological effects - aromas stimulate the brain, triggering a reaction, and when applied directly to the skin are absorbed into the blood stream and metabolised in the body. A study at the Catholic University of Korea determined that when 40 patients enrolled in a rheumatics centre (Kangnam St Mary's hospital in South Korea) were treated with lavender, marjoram, eucalyptus, rosemary and peppermint essential oils (blended in proportions of 2:1:2:1:1), they all found that the treatment decreased their pain levels and eased depression. Clinical trials also revealed tea tree oil to possess antibacterial properties, and peppermint oil as helping to sustain a healthy digestive system. Where does it come from? Aromatherapy boasts a rich and colourful history. Although the term was coined in the 20th century, it is based on ancient healing practices. Its three ancient forefathers: Hippocrates, the Greek \"father of medicine\", Roman physician Galen and Greek doctor Dioscorides, first brought it to the fore and wrote on the theories of plant medicine. The discovery of pharmaceutical drugs in the 17th century meant it was sidelined until French chemist Ren\u00e9-Maurice Gattefoss\u00e9 reawakened interest in the subject, publishing his scientific paper, Aromatherapie in 1928. Today, aromatherapists use former army surgeon Dr Jean Valnet's book The Practice of Aromatherapy as the ultimate industry bible. Who can do it? Aromatherapy is an extremely inclusive form of holistic therapy, benefitting young and old alike. Its perceived impact on psychological wellbeing has led it to be used in the treatment of terminally ill patients. These attributes go some way to confirming its status as a therapy that works in tandem with, and as an enhancement to, traditional western medicine. What results can I expect? This depends on which oils are prescribed. Essential oils can be separated into two primary categories: those that relax and those that invigorate. If you are focusing on relaxation, expect to feel calmer and more balanced after a series of regular treatments. Contra-indications Aromatherapy should be avoided, or the selection of oils carefully monitored, if you suffer from high blood pressure or epilepsy, or if you are pregnant. Certain oils also carry the risk of skin irritation, photosensitivity and toxicity. Always seek advice from a trained professional before use. How was it for you? Saskia Courtenay (hectic) On arrival at the Neal's Yard therapy rooms in Richmond I'm greeted by a friendly receptionist who asks me to take a seat, and hands me a steaming cup of dandelion tea - a detoxifying, cleansing brew that's surprisingly delicious. I could get used to this, I think, as I park the pressures of a hectic week and bask in the thought that I now have a full hour of pure, unadulterated \"me time\". My therapist, Tania, introduces herself and we spend a few minutes talking through my lifestyle and my skin, health and wellbeing concerns, before she prescribes my own bespoke blend of essential oils she'll use in the aromatherapy massage. The blend is a divine mix of lavender, frankincense, rose and geranium - lavender being the principle element for inducing relaxation. The concoction is reminiscent of holidays in the Med and completely pacifying. Tania tells me that I'm carrying tension in my upper back and begins kneading a few knots. She is extremely communicative and continually checks that the pressure is right for me. She continues working on my spine and lower back before moving on to my legs and finishing with an Indian head massage (heavenly). As I waft out of the therapy rooms my boyfriend comments on how relaxed I look. Although my hair is coated in oil I feel utterly blissed out and full of confidence. A few hours later, back at home I'm still feeling positively grounded and surprisingly nonchalant about the household chores I can see emerging around me. Time to put my feet up, I think as I pour a cup of dandelion tea and sink back into the depths of the sofa.",
      "charCount": "5088"
    },
    "isHosted": false,
    "pillarId": "pillar/lifestyle",
    "pillarName": "Lifestyle"
  }
]