[
  {
    "id": "football/2008/jul/22/blackburn.premierleague",
    "type": "article",
    "sectionId": "football",
    "sectionName": "Football",
    "webPublicationDate": "2008-07-21T23:01:00Z",
    "webTitle": "Blackburn concede Bentley will go but only if the price is right",
    "webUrl": "https://www.theguardian.com/football/2008/jul/22/blackburn.premierleague",
    "apiUrl": "https://content.guardianapis.com/football/2008/jul/22/blackburn.premierleague",
    "fields": {
      "headline": "Blackburn concede Bentley will go but only if the price is right",
      "trailText": "<p>Blackburn chairman John Williams insisted that David Bentley will not be sold for less than the club's asking price</p>",
      "byline": "Stuart James",
      "main": "",
      "body": "<p>Blackburn Rovers are resigned to losing David Bentley but John Williams, the chairman at Ewood Park, says the England international will not be allowed to leave unless the club's asking price is met. </p> <p>Both Tottenham Hotspur and Aston Villa have failed with bids for Bentley, with Blackburn believed to be seeking about \u00a318m for the former Arsenal player who has three years remaining on his contract.</p> <p>\"We have received two bids but neither has come anywhere close to our valuation, which is based in line with how we see the market,\" said Williams. \"We don't want to lose David but if we do get a bid that meets our valuation then ultimately it comes down to a football decision by Paul Ince [the manager].\"</p> <p>Villa, meanwhile, are expected to face competition in their pursuit of Valencia's Serbian striker Nikola Zigic after it emerged that another Premier League side had expressed serious interest in signing the player. The 6ft 7in forward, who was previously on Newcastle's radar, is considering an offer from Villa, according to Valencia's sporting director, Juan S\u00e1nchez. Zigic has struggled in La Liga but was a prolific goalscorer during his time with Red Star Belgrade.</p> <p><strong>Liverpool</strong>'s manager, Rafael Ben\u00edtez, expects captain Steven Gerrard to be fit in a week after the midfielder returned from a pre-season tour of Europe because of a groin injury. Gerrard will miss tonight's friendly against Hertha Berlin, but could return against Villarreal next week. \"It's not serious,\" said Ben\u00edtez, \"but there's no sense to keep him here being unable to train or play.\"</p> <p><strong>Derby County</strong> have completed the signing of the striker Rob Hulse from <strong>Sheffield United</strong> for \u00a31.75m. United have moved instantly to replace him by bringing in Darius Henderson from Watford.</p> <p><strong>Everton</strong> are awaiting an \"imminent\" decision, already delayed by two weeks, from the government which could make or break their plans to move to out-of-town Kirkby. The club is waiting to learn whether the plans with Tesco for the 50,000-seat stadium will be \"called in\" for further review. Everton believe that, if that happens, the planning process might be extended by more than a year which would kill off the scheme.</p> <p>A government spokesman said yesterday: \"The decision on the plans is imminent; it should be some time this week. The plans are with the minister now.\"</p>",
      "newspaperPageNumber": "4",
      "wordcount": "392",
      "commentable": "false",
      "isPremoderated": "false",
      "lastModified": "2017-11-29T08:05:12Z",
      "newspaperEditionDate": "2008-07-22T00:00:00Z",
      "productionOffice": "UK",
      "publication": "The Guardian",
      "shortUrl": "https://gu.com/p/xz86t",
      "shouldHideAdverts": "false",
      "showInRelatedContent": "true",
      "legallySensitive": "false",
      "lang": "en",
      "bodyText": "Blackburn Rovers are resigned to losing David Bentley but John Williams, the chairman at Ewood Park, says the England international will not be allowed to leave unless the club's asking price is met. Both Tottenham Hotspur and Aston Villa have failed with bids for Bentley, with Blackburn believed to be seeking about \u00a318m for the former Arsenal player who has three years remaining on his contract. \"We have received two bids but neither has come anywhere close to our valuation, which is based in line with how we see the market,\" said Williams. \"We don't want to lose David but if we do get a bid that meets our valuation then ultimately it comes down to a football decision by Paul Ince [the manager].\" Villa, meanwhile, are expected to face competition in their pursuit of Valencia's Serbian striker Nikola Zigic after it emerged that another Premier League side had expressed serious interest in signing the player. The 6ft 7in forward, who was previously on Newcastle's radar, is considering an offer from Villa, according to Valencia's sporting director, Juan S\u00e1nchez. Zigic has struggled in La Liga but was a prolific goalscorer during his time with Red Star Belgrade. Liverpool's manager, Rafael Ben\u00edtez, expects captain Steven Gerrard to be fit in a week after the midfielder returned from a pre-season tour of Europe because of a groin injury. Gerrard will miss tonight's friendly against Hertha Berlin, but could return against Villarreal next week. \"It's not serious,\" said Ben\u00edtez, \"but there's no sense to keep him here being unable to train or play.\" Derby County have completed the signing of the striker Rob Hulse from Sheffield United for \u00a31.75m. United have moved instantly to replace him by bringing in Darius Henderson from Watford. Everton are awaiting an \"imminent\" decision, already delayed by two weeks, from the government which could make or break their plans to move to out-of-town Kirkby. The club is waiting to learn whether the plans with Tesco for the 50,000-seat stadium will be \"called in\" for further review. Everton believe that, if that happens, the planning process might be extended by more than a year which would kill off the scheme. A government spokesman said yesterday: \"The decision on the plans is imminent; it should be some time this week. The plans are with the minister now.\"",
      "charCount": "2327"
    },
    "isHosted": false,
    "pillarId": "pillar/sport",
    "pillarName": "Sport"
  },
  {
    "id": "environment/2008/jul/22/renewableenergy.windpower",
    "type": "article",
    "sectionId": "environment",
    "sectionName": "Environment",
    "webPublicationDate": "2008-07-21T23:01:00Z",
    "webTitle": "Renewable energy: European utilities acquire Shell's stake in world's largest offshore wind farm",
    "webUrl": "https://www.theguardian.com/environment/2008/jul/22/renewableenergy.windpower",
    "apiUrl": "https://content.guardianapis.com/environment/2008/jul/22/renewableenergy.windpower",
    "fields": {
      "headline": "Renewable energy: European utilities acquire Shell's stake in world's largest offshore wind farm",
      "trailText": "<p>Energy minister claims project could attract \u00a33bn investment to north-east alone</p>",
      "byline": "Terry Macalister",
      "main": "",
      "body": "<p>The world's biggest offshore wind farm was put back on track yesterday as the UK energy minister boasted that the technology could attract \u00a33bn investment to the north-east of England alone.</p> <p>A host of wind schemes have been hit by planning delays, cost-inflation fears and opposition from the Ministry of Defence over concerns that turbines damage the efficiency of local radar.</p> <p>The German-based energy group E.ON and the Danish utility Dong Energy have agreed to acquire Shell's 33% stake in the 1,000-megawatt London Array scheme for an undisclosed sum. The firms, which each own a one-third stake, are to become 50-50 partners in the wind farm, which could supply electricity to more than 750,000 homes in Greater London from the wind farm off the coast of Kent. </p> <p>Paul Golby, chief executive of E.ON UK, who was angry when Shell first announced it wanted to pull out, said: \"We hope to be able to keep the project on track and we should be able to complete the first phase by the end of 2012, subject to securing a number of contracts, such as those for the wind turbines.\" </p> <p>The purchase is a major relief for the government and came on the day the biggest onshore wind farm in Europe - planned for the Clyde - was given the green light by ministers. John Hutton, secretary for business, welcomed the deal, saying: \"It is great news that E.ON and Dong Energy will be taking this exciting project forward.\"</p> <p>Shell decided to withdraw from the project in May after a strategic review saying it did not meet its financial rates of return. Industry-wide cost inflation brought about by the oil price boom has raised the cost of the project to more than \u00a32.5bn, way above the original estimates of \u00a31.5bn three years ago.</p> <p>On a visit to unveil a new renewable energy centre in Blyth, Northumberland, the energy minister, Malcolm Wicks, said the north-east's traditional manufacturing expertise could be utilised in the green energy sector.</p> <p>\"Offshore wind will play a significant role in helping us meet our challenging targets for a massive increase in the amount of energy generated from renewables. </p> <p>\"With our plans to increase the financial support for offshore wind, it is evidence of our commitment to make the UK one of the most attractive places to invest in green energy,\" the minister said </p> <p>He said the Californian energy group Clipper Wind planned to develop the world's largest wind turbine - almost 10 times taller than Gateshead's Angel of the North - at the Blyth centre.</p>",
      "newspaperPageNumber": "25",
      "wordcount": "432",
      "commentable": "false",
      "isPremoderated": "false",
      "lastModified": "2018-02-14T20:09:24Z",
      "newspaperEditionDate": "2008-07-22T00:00:00Z",
      "productionOffice": "UK",
      "publication": "The Guardian",
      "shortUrl": "https://gu.com/p/xz887",
      "shouldHideAdverts": "false",
      "showInRelatedContent": "true",
      "legallySensitive": "false",
      "lang": "en",
      "bodyText": "The world's biggest offshore wind farm was put back on track yesterday as the UK energy minister boasted that the technology could attract \u00a33bn investment to the north-east of England alone. A host of wind schemes have been hit by planning delays, cost-inflation fears and opposition from the Ministry of Defence over concerns that turbines damage the efficiency of local radar. The German-based energy group E.ON and the Danish utility Dong Energy have agreed to acquire Shell's 33% stake in the 1,000-megawatt London Array scheme for an undisclosed sum. The firms, which each own a one-third stake, are to become 50-50 partners in the wind farm, which could supply electricity to more than 750,000 homes in Greater London from the wind farm off the coast of Kent. Paul Golby, chief executive of E.ON UK, who was angry when Shell first announced it wanted to pull out, said: \"We hope to be able to keep the project on track and we should be able to complete the first phase by the end of 2012, subject to securing a number of contracts, such as those for the wind turbines.\" The purchase is a major relief for the government and came on the day the biggest onshore wind farm in Europe - planned for the Clyde - was given the green light by ministers. John Hutton, secretary for business, welcomed the deal, saying: \"It is great news that E.ON and Dong Energy will be taking this exciting project forward.\" Shell decided to withdraw from the project in May after a strategic review saying it did not meet its financial rates of return. Industry-wide cost inflation brought about by the oil price boom has raised the cost of the project to more than \u00a32.5bn, way above the original estimates of \u00a31.5bn three years ago. On a visit to unveil a new renewable energy centre in Blyth, Northumberland, the energy minister, Malcolm Wicks, said the north-east's traditional manufacturing expertise could be utilised in the green energy sector. \"Offshore wind will play a significant role in helping us meet our challenging targets for a massive increase in the amount of energy generated from renewables. \"With our plans to increase the financial support for offshore wind, it is evidence of our commitment to make the UK one of the most attractive places to invest in green energy,\" the minister said He said the Californian energy group Clipper Wind planned to develop the world's largest wind turbine - almost 10 times taller than Gateshead's Angel of the North - at the Blyth centre.",
      "charCount": "2477"
    },
    "isHosted": false,
    "pillarId": "pillar/news",
    "pillarName": "News"
  },
  {
    "id": "business/2008/jul/22/marketforces",
    "type": "article",
    "sectionId": "business",
    "sectionName": "Business",
    "webPublicationDate": "2008-07-21T23:01:00Z",
    "webTitle": "Market forces: Aviva unnerves investors with Santander link",
    "webUrl": "https://www.theguardian.com/business/2008/jul/22/marketforces",
    "apiUrl": "https://content.guardianapis.com/business/2008/jul/22/marketforces",
    "fields": {
      "headline": "Aviva unnerves investors with Santander link",
      "trailText": "<p><strong>Nick Fletcher: </strong> Analysts have maintained their buy recommendation but this did not prevent Aviva from falling 14.5p to 524.5</p>",
      "byline": "Nick Fletcher",
      "main": "",
      "body": "<p><strong>Aviva</strong>, the insurance group behind the Norwich Union brand, bucked a rising market yesterday after a broker downgrade and speculation over a possible \u20ac4bn (\u00a33.2bn) Spanish deal.</p> <p>Analysts at Panmure Gordon cut their target price from 854p to 803p saying: \"We have lowered our full-year forecasts for 2008 and 2009 by 7.5% and 10% respectively, reflecting slow new business sales and lower returns from existing business.\" They have maintained their buy recommendation, but this did not prevent Aviva from falling 14.5p to 524.5p.</p> <p>Investors were unnerved by suggestions the company was among the favourites to buy Santander's insurance business, which has been put up for sale by the Spanish bank following its takeover proposal to Alliance &amp; Leicester. Axa of France and Allianz of Germany were also reported in the Spanish press to have been approached by Santander.</p> <p>Top shares had a third consecutive day of gains, with the <strong>FTSE 100</strong> ending 27.9 points higher at 5404.3. The <strong>FTSE 250</strong> added 80.8 points to 9045.5.</p> <p>Miners recovered from Friday's falls after metals such as aluminium and copper bounced back as supply concerns outweighed worries about falling demand. </p> <p>John Meyer, at the broker Fairfax, expected mining stocks to move higher before the forthcoming reporting season. \"<strong>Rio Tinto</strong> should announce strong earnings growth led by the aluminium and iron-ore divisions. <strong>BHP Billiton</strong> should also report strong June year-end numbers again led by oil and gas, iron ore, aluminium and copper. <strong>Anglo American</strong> and <strong>Xstrata</strong> should also follow with strong numbers,\" he said.</p> <p>So Rio rose 150p to \u00a352.20; BHP 46p to \u00a316.46; Anglo 57p to \u00a328.56, and Xstrata 56p to \u00a335.30. <strong>Ferrexpo</strong> was also wanted, up 20.5p to 290.5p, while <strong>Lonmin</strong> added 121p to \u00a325.31.</p> <p>Banks were, for the most part, buoyed by better-than-expected results from Bank of America. After last week's reasonable figures from JP Morgan and Citigroup, analysts began to hope - once again - that the worst of the credit crunch may be coming to an end.</p> <p><strong>Barclays</strong> added 3.75p to 324p, while <strong>Royal Bank of Scotland</strong> rose 5.4p to 203p. But <strong>HBOS</strong> led the FTSE fallers, down 17.5p to 264.5p after a volatile day's trading. Only 8.3% of the bank's rights issue was taken up, and underwriters Morgan Stanley and Dresdner Kleinwort sold only about 30% of the remaining shares, leaving the two, and the sub-underwriters, holding \u00a32.5bn worth of stock. Morgan Stanley, it emerged, had shorted 2.3% of HBOS last week, covering part of its position.</p> <p>Elsewhere, the Jordanian drugs group <strong>Hikma Pharmaceutical</strong> fell 82.25p to 426.75p after the company issued a profit warning following a poor performance from its US generics business. But a $43.7bn (\u00a321.9bn) offer from the Swiss group Roche to buy the outstanding shares in its US partner Genentech gave a lift to other drugs companies. <strong>GlaxoSmithKline</strong> closed up 26.5p at 1226.5p before second-quarter results tomorrow, while <strong>AstraZeneca </strong>added 17p to 322.89.</p> <p><strong>Land Securities</strong> climbed 69p to \u00a312.55 after Morgan Stanley raised its rating from underweight to overweight, but <strong>BSkyB</strong> fell 11.25p to 461.25p as Dresdner Kleinwort cut its price target from 570p to 480p in the wake of last week's news of BT's proposed \u00a31.5bn investment in fibre optics and broadband. <strong>BT</strong> itself edged up 1.75p to 205.25p as RBS issued a buy note with a 280p target.</p> <p>The bank said: \"BT is now trading at significant discounts to the sector and the UK market based on most comparable multiples. Given that we feel BT's earnings visibility is relatively good and that the dividend should be maintained, we believe the current share price offers good value.\"</p> <p>The security technology group <strong>Detica</strong> jumped after it revealed a takeover approach late last week. BAE Systems is one name in the frame, with other suggestions including US groups L-3 and Raytheon, and Italy's Finmeccanica. Landsbanki analysts said: \"With less attractive businesses such as Xansa being acquired for 26 times earnings and the stock having traded above 400p last year, we suspect any bid would have to be over 400p, in the region of 425p.\"</p> <p><strong>Regent Inns</strong> rose 27% to 3.54p. Over the weekend, the nightclub owner Luminar said its 39%-owned business 3D Entertainment - which runs the Chicago Rock Cafe chain of food and dance bars - was interested in a link-up with Regent, although any deal would not involve a full offer for the business.</p> <p>The office developer <strong>Minerva</strong> jumped 48p to 120p on news of a 160p-a-share cash offer from Dubai-backed Limitless, but the satellite communications firm <strong>Inmarsat</strong> lost 46p to 466.5p after the US hedge fund Harbinger said it was suspending takeover talks because of regulatory concerns. But it added it was still keen on finding a way to do a deal.</p> <p>Finally, the speciality chemicals group <strong>Yule Catto</strong> added 5.75p to 120.5p after the company sold its Holliday Pigments businesses to US group Rockwood Specialities for \u20ac46m.</p> <h2>Induction inducement</h2> <p>The energy specialist <strong>Zenergy Power </strong>was in demand yesterday. It has installed what it claims is the world's first high-temperature <strong>superconductor induction heater</strong>, at a manufacturing plant owned by Germany's <strong>Weseralu</strong>. The news lifted its shares by 10.5% to 172.5p and led to several positive analyst notes. Broker Ambrian said: \"Zenergy has a pipeline of over <strong>30 potential customers</strong> for its induction heater; now the first unit is installed and operating the group can arrange site visits for potential customers to see the unit in a <strong>commercial environment</strong>.\"</p> <p><a href=\"mailto:nick.fletcher@theguardian.com\">nick.fletcher@theguardian.com</a></p>",
      "newspaperPageNumber": "26",
      "wordcount": "942",
      "commentable": "false",
      "isPremoderated": "false",
      "lastModified": "2017-12-01T18:44:21Z",
      "newspaperEditionDate": "2008-07-22T00:00:00Z",
      "productionOffice": "UK",
      "publication": "The Guardian",
      "shortUrl": "https://gu.com/p/xz87x",
      "shouldHideAdverts": "false",
      "showInRelatedContent": "true",
      "legallySensitive": "false",
      "lang": "en",
      "bodyText": "Aviva, the insurance group behind the Norwich Union brand, bucked a rising market yesterday after a broker downgrade and speculation over a possible \u20ac4bn (\u00a33.2bn) Spanish deal. Analysts at Panmure Gordon cut their target price from 854p to 803p saying: \"We have lowered our full-year forecasts for 2008 and 2009 by 7.5% and 10% respectively, reflecting slow new business sales and lower returns from existing business.\" They have maintained their buy recommendation, but this did not prevent Aviva from falling 14.5p to 524.5p. Investors were unnerved by suggestions the company was among the favourites to buy Santander's insurance business, which has been put up for sale by the Spanish bank following its takeover proposal to Alliance &amp; Leicester. Axa of France and Allianz of Germany were also reported in the Spanish press to have been approached by Santander. Top shares had a third consecutive day of gains, with the FTSE 100 ending 27.9 points higher at 5404.3. The FTSE 250 added 80.8 points to 9045.5. Miners recovered from Friday's falls after metals such as aluminium and copper bounced back as supply concerns outweighed worries about falling demand. John Meyer, at the broker Fairfax, expected mining stocks to move higher before the forthcoming reporting season. \"Rio Tinto should announce strong earnings growth led by the aluminium and iron-ore divisions. BHP Billiton should also report strong June year-end numbers again led by oil and gas, iron ore, aluminium and copper. Anglo American and Xstrata should also follow with strong numbers,\" he said. So Rio rose 150p to \u00a352.20; BHP 46p to \u00a316.46; Anglo 57p to \u00a328.56, and Xstrata 56p to \u00a335.30. Ferrexpo was also wanted, up 20.5p to 290.5p, while Lonmin added 121p to \u00a325.31. Banks were, for the most part, buoyed by better-than-expected results from Bank of America. After last week's reasonable figures from JP Morgan and Citigroup, analysts began to hope - once again - that the worst of the credit crunch may be coming to an end. Barclays added 3.75p to 324p, while Royal Bank of Scotland rose 5.4p to 203p. But HBOS led the FTSE fallers, down 17.5p to 264.5p after a volatile day's trading. Only 8.3% of the bank's rights issue was taken up, and underwriters Morgan Stanley and Dresdner Kleinwort sold only about 30% of the remaining shares, leaving the two, and the sub-underwriters, holding \u00a32.5bn worth of stock. Morgan Stanley, it emerged, had shorted 2.3% of HBOS last week, covering part of its position. Elsewhere, the Jordanian drugs group Hikma Pharmaceutical fell 82.25p to 426.75p after the company issued a profit warning following a poor performance from its US generics business. But a $43.7bn (\u00a321.9bn) offer from the Swiss group Roche to buy the outstanding shares in its US partner Genentech gave a lift to other drugs companies. GlaxoSmithKline closed up 26.5p at 1226.5p before second-quarter results tomorrow, while AstraZeneca added 17p to 322.89. Land Securities climbed 69p to \u00a312.55 after Morgan Stanley raised its rating from underweight to overweight, but BSkyB fell 11.25p to 461.25p as Dresdner Kleinwort cut its price target from 570p to 480p in the wake of last week's news of BT's proposed \u00a31.5bn investment in fibre optics and broadband. BT itself edged up 1.75p to 205.25p as RBS issued a buy note with a 280p target. The bank said: \"BT is now trading at significant discounts to the sector and the UK market based on most comparable multiples. Given that we feel BT's earnings visibility is relatively good and that the dividend should be maintained, we believe the current share price offers good value.\" The security technology group Detica jumped after it revealed a takeover approach late last week. BAE Systems is one name in the frame, with other suggestions including US groups L-3 and Raytheon, and Italy's Finmeccanica. Landsbanki analysts said: \"With less attractive businesses such as Xansa being acquired for 26 times earnings and the stock having traded above 400p last year, we suspect any bid would have to be over 400p, in the region of 425p.\" Regent Inns rose 27% to 3.54p. Over the weekend, the nightclub owner Luminar said its 39%-owned business 3D Entertainment - which runs the Chicago Rock Cafe chain of food and dance bars - was interested in a link-up with Regent, although any deal would not involve a full offer for the business. The office developer Minerva jumped 48p to 120p on news of a 160p-a-share cash offer from Dubai-backed Limitless, but the satellite communications firm Inmarsat lost 46p to 466.5p after the US hedge fund Harbinger said it was suspending takeover talks because of regulatory concerns. But it added it was still keen on finding a way to do a deal. Finally, the speciality chemicals group Yule Catto added 5.75p to 120.5p after the company sold its Holliday Pigments businesses to US group Rockwood Specialities for \u20ac46m. Induction inducement The energy specialist Zenergy Power was in demand yesterday. It has installed what it claims is the world's first high-temperature superconductor induction heater, at a manufacturing plant owned by Germany's Weseralu. The news lifted its shares by 10.5% to 172.5p and led to several positive analyst notes. Broker Ambrian said: \"Zenergy has a pipeline of over 30 potential customers for its induction heater; now the first unit is installed and operating the group can arrange site visits for potential customers to see the unit in a commercial environment.\" nick.fletcher@theguardian.com",
      "charCount": "5496"
    },
    "isHosted": false,
    "pillarId": "pillar/news",
    "pillarName": "News"
  },
  {
    "id": "commentisfree/2008/jul/21/barackobama.uselections20082",
    "type": "article",
    "sectionId": "commentisfree",
    "sectionName": "Opinion",
    "webPublicationDate": "2008-07-21T18:30:00Z",
    "webTitle": "Lance Price: Obama's 'snub' to the New Yorker was perfectly calibrated",
    "webUrl": "https://www.theguardian.com/commentisfree/2008/jul/21/barackobama.uselections20082",
    "apiUrl": "https://content.guardianapis.com/commentisfree/2008/jul/21/barackobama.uselections20082",
    "fields": {
      "headline": "How to deliver the perfect snub",
      "standfirst": "The exclusion of the New Yorker from Barack Obama's plane is a perfectly calibrated rebuke: cool, crisp \u2013 and deniable",
      "trailText": "<p><strong>Lance Price:</strong> The exclusion of the New Yorker from Barack Obama's plane is a perfectly calibrated rebuke: cool, crisp \u2013 and deniable</p>",
      "byline": "Lance Price",
      "main": "",
      "body": "<p>The New Yorker publishes a front-page cartoon showing Barak Obama and his wife dressed as Muslims and terrorists and, within days, the magazine <a href=\"http://www.theguardian.com/world/2008/jul/21/usa\">finds itself excluded</a> from the candidate's plane as he flies to the Middle East. At first glance, the Democrat media machine <a href=\"http://www.huffingtonpost.com/2008/07/21/obamas-revenge-emnew-york_n_113969.html\">looks petty and humourless</a>, but this was no laughing matter. Obama's team were right to exact a price and they judged the severity of the punishment well.</p> <p>How to respond to satirists and cartoonists is one of the most difficult decisions for any political leader. Go over the top and you look ridiculous, unable to take a joke, and pathetically thin-skinned. But do nothing and the effects can be corrosive and highly damaging.</p> <p>In private, John Major used to seethe at <a href=\"http://www.theguardian.com/media/2008/jul/16/pressandpublishing.barackobama\">Steve Bell</a>'s cartoons of him with his underpants outside his trousers, but his staff told him that it was pointless trying to complain. Eventually, the image became so prevalent that it surely contributed to his waning authority as prime minister. Quite probably, his aides were right and there was nothing he could do. Most prime ministers suffer at the hands of cartoonists and only a very few, like Margaret Thatcher (the Iron Lady in men's suits) or Harold Macmillan (Supermac), manage to turn it to their advantage. </p> <p>There is no greater threat to Obama's chances than the <a href=\"http://www.theguardian.com/world/2008/jul/15/barackobama.usa\">unsubtle message carried</a> by the New Yorker image. He had no choice but to make it clear that it was no laughing matter and he wasn't going to simply shrug it off. It may be that by reacting as he did, he will goad the cartoonists into going further down the same road, but I doubt it. He (unlike Major) is in a strong enough position politically to try to establish his own ground rules and keep control of his own image. Most fair-minded Americans are likely to take his side.</p> <p>He didn't issue a rebuke. He didn't snap at the <a href=\"http://www.newyorker.com/reporting/2008/07/21/080721fa_fact_lizza/?yrail\">offending magazine's reporter</a>. Indeed, the snub was deniable \u2013 there was no room on the plane, Obama himself didn't even know that the New Yorker wasn't granted a seat. All in all, a nicely nuanced rap on the knuckles.</p>",
      "wordcount": "361",
      "commentCloseDate": "2008-07-24T18:30:00Z",
      "commentable": "true",
      "isPremoderated": "false",
      "lastModified": "2017-07-15T02:30:29Z",
      "newspaperEditionDate": "2008-07-21T00:00:00Z",
      "productionOffice": "UK",
      "publication": "theguardian.com",
      "shortUrl": "https://gu.com/p/xz8xp",
      "shouldHideAdverts": "false",
      "showInRelatedContent": "true",
      "legallySensitive": "false",
      "lang": "en",
      "bodyText": "The New Yorker publishes a front-page cartoon showing Barak Obama and his wife dressed as Muslims and terrorists and, within days, the magazine finds itself excluded from the candidate's plane as he flies to the Middle East. At first glance, the Democrat media machine looks petty and humourless, but this was no laughing matter. Obama's team were right to exact a price and they judged the severity of the punishment well. How to respond to satirists and cartoonists is one of the most difficult decisions for any political leader. Go over the top and you look ridiculous, unable to take a joke, and pathetically thin-skinned. But do nothing and the effects can be corrosive and highly damaging. In private, John Major used to seethe at Steve Bell's cartoons of him with his underpants outside his trousers, but his staff told him that it was pointless trying to complain. Eventually, the image became so prevalent that it surely contributed to his waning authority as prime minister. Quite probably, his aides were right and there was nothing he could do. Most prime ministers suffer at the hands of cartoonists and only a very few, like Margaret Thatcher (the Iron Lady in men's suits) or Harold Macmillan (Supermac), manage to turn it to their advantage. There is no greater threat to Obama's chances than the unsubtle message carried by the New Yorker image. He had no choice but to make it clear that it was no laughing matter and he wasn't going to simply shrug it off. It may be that by reacting as he did, he will goad the cartoonists into going further down the same road, but I doubt it. He (unlike Major) is in a strong enough position politically to try to establish his own ground rules and keep control of his own image. Most fair-minded Americans are likely to take his side. He didn't issue a rebuke. He didn't snap at the offending magazine's reporter. Indeed, the snub was deniable \u2013 there was no room on the plane, Obama himself didn't even know that the New Yorker wasn't granted a seat. All in all, a nicely nuanced rap on the knuckles.",
      "charCount": "2058"
    },
    "isHosted": false,
    "pillarId": "pillar/opinion",
    "pillarName": "Opinion"
  },
  {
    "id": "commentisfree/2008/jul/21/iran.usa",
    "type": "article",
    "sectionId": "commentisfree",
    "sectionName": "Opinion",
    "webPublicationDate": "2008-07-21T18:00:00Z",
    "webTitle": "Dilip Hiro: The economy explains Washington's softening attitude on Iran",
    "webUrl": "https://www.theguardian.com/commentisfree/2008/jul/21/iran.usa",
    "apiUrl": "https://content.guardianapis.com/commentisfree/2008/jul/21/iran.usa",
    "fields": {
      "headline": "Bush blinks first as oil price dazzles",
      "standfirst": "What explains Washington's sudden softening attitude on Iran? Could it possibly be the economy?",
      "trailText": "<p><strong>Dilip Hiro:</strong> What explains Washington's sudden softening attitude on Iran? Could it possibly be the economy?</p>",
      "byline": "Dilip Hiro",
      "main": "",
      "body": "<p>Is President Bush about to blink in his confrontation with Iran? Those who ask this question remember the episode concerning his father, George WH Bush 18 years ago.</p> <p>In the aftermath of the United Nations economic embargo against Iraq \u2013 following Saddam Hussein's invasion of Kuwait in August 1990 \u2013 Bush senior was in two minds about using force to Margaret Thatcher. \"Don't go weak at the knees, George,\" she exhorted him over the phone. Thus fortified, Bush Senior acted. Yemen's government ended the operation mid-way through the unloading. </p> <p>This time, Bush Junior's confrontation with Iran has not reached the pitch that his father reached following the universal condemnation of Iraq's invasion and occupation of a small Arab neighbour. </p> <p>Those who accept the White House's explanation that, in the dying days of his administration, Bush is keen to leave behind a positive legacy regarding <a href=\"http://www.theguardian.com/world/2008/jul/17/usa.iran\">Iran</a> are being gullible. They ought to be reminded: \"It's the economy, stupid\". </p> <p>Military strikes against Iran will disrupt not only oil supplies from Iran \u2013 the second largest producer in Opec \u2013 but also the rest of the Persian Gulf region, which produces 40% of the global total. The subsequent price hike would make $200 a barrel appear \"reasonable\". </p> <p>It is the soaring price of oil that has concentrated the mind of Bush, an oilman, albeit a failed one. The doubling of oil prices in a year has resulted in US carmakers and airlines losing billions of dollars and <a href=\"http://www.iht.com/articles/2008/07/17/business/17econ.php?page=\" 2.*\"\" http: www.iht.com articles 2008 07 17 business 17econ.php?page=\"2&quot;\">cutting thousands of jobs</a></p> <p>Higher oil price has led to a spurt in the cost of everything, from food to consumer items, and caused inflation. The banking and mortgage sectors in the US are in such a sorry state that US Federal Reserve Bank and the Treasury are labouring flat out to avert recession. </p> <p>Recent American history shows that when the country is in recession, the party in power in Washington loses. That is what happened to Jimmy Carter, a Democrat president, in 1980 \u2013 and to Bush senior 12 years later. </p> <p>Bush senior's failure to win a second term as president rankled. And his son, Bush Junior, was reportedly determined to win the re-election in 2004. He was equally resolved to finish the job that his father had left unfinished by failing to march to Baghdad in February 1991 to overthrow Saddam Hussein \u2013 a mission not authorised by the UN Security Council. </p> <p>Unsurprisingly, therefore, there was no debate in the upper echelons of Bush Junior's administration regarding overthrowing Saddam Hussein.</p> <p>Iraq was the first item on the agenda of the US national security council at its first meeting on January 30, 2001 \u2013 as revealed by Paul O'Neill, Bush's treasury secretary for two years, in his memoirs. It was the same at the second NSC meeting. </p> <p>Bush, vice-president Dick Cheney, and defence secretary Donald Rumsfeld were of one mind, while secretary of state Colin Powell was marginalised. The only debate that followed was on how quickly and efficiently should Saddam's overthrow be accomplished. </p> <p>But this time, on Iran, the situation is quite different.</p> <p>For starters, unlike Powell, secretary of state Condoleezza Rice counts. As someone who, as national security adviser, worked closely with Bush for four years, before being promoted as secretary of state, she is one of the four principals to forge US policy on Iran. She has a long-standing rapport with Bush that Powell never acquired. She is publicly and privately committed to pursuing a diplomatic path.</p> <p>By co-signing the letter that Javier Solana, the European Union's foreign policy chief, submitted to Iranian foreign minister Manuchehr Mottaki last month, along with the EU's latest incentives to Tehran for suspending its nuclear enrichment programme, <a href=\"http://www.theguardian.com/commentisfree/2008/jul/17/iran.usforeignpolicy\">Rice overtly reaffirmed</a> her commitment to diplomacy. </p> <p>Unlike his predecessor, Rumsfeld, the present defence secretary Robert Gates is opposed to military action against Iran. </p> <p>According to <a href=\"http://www.newyorker.com/reporting/2008/07/07/080707fa_fact_hersh\">an article</a> in the New Yorker by prize-winning investigative journalist, Seymour Hersh, in an off-the-record lunch with the Democratic caucus in the Senate late last year \u2013 when oil price was well below $100 a barrel \u2013 Gates warned of the consequences if Bush mounted a pre-emptive strike on Iran:</p> <p>\"We'll create generations of jihadists, and our grandchildren will be battling our enemies here in America,\" he said. </p> <p>So, of the four top policymakers in Washington, two are decidedly against military strikes on Iran. That leaves Dick Cheney as the lone warrior \u2013 with Bush junior in the same state of mind as his father was when an oil tanker started unloading its cargo into Aden's storage tanks. And 10 Downing Street is occupied by Gordon Brown, a Hamlet from Scotland.</p>",
      "wordcount": "758",
      "commentCloseDate": "2008-07-24T18:00:00Z",
      "commentable": "true",
      "isPremoderated": "false",
      "lastModified": "2017-07-15T02:30:29Z",
      "newspaperEditionDate": "2008-07-21T00:00:00Z",
      "productionOffice": "UK",
      "publication": "theguardian.com",
      "shortUrl": "https://gu.com/p/xz8xv",
      "shouldHideAdverts": "false",
      "showInRelatedContent": "true",
      "legallySensitive": "false",
      "lang": "en",
      "bodyText": "Is President Bush about to blink in his confrontation with Iran? Those who ask this question remember the episode concerning his father, George WH Bush 18 years ago. In the aftermath of the United Nations economic embargo against Iraq \u2013 following Saddam Hussein's invasion of Kuwait in August 1990 \u2013 Bush senior was in two minds about using force to Margaret Thatcher. \"Don't go weak at the knees, George,\" she exhorted him over the phone. Thus fortified, Bush Senior acted. Yemen's government ended the operation mid-way through the unloading. This time, Bush Junior's confrontation with Iran has not reached the pitch that his father reached following the universal condemnation of Iraq's invasion and occupation of a small Arab neighbour. Those who accept the White House's explanation that, in the dying days of his administration, Bush is keen to leave behind a positive legacy regarding Iran are being gullible. They ought to be reminded: \"It's the economy, stupid\". Military strikes against Iran will disrupt not only oil supplies from Iran \u2013 the second largest producer in Opec \u2013 but also the rest of the Persian Gulf region, which produces 40% of the global total. The subsequent price hike would make $200 a barrel appear \"reasonable\". It is the soaring price of oil that has concentrated the mind of Bush, an oilman, albeit a failed one. The doubling of oil prices in a year has resulted in US carmakers and airlines losing billions of dollars and cutting thousands of jobs Higher oil price has led to a spurt in the cost of everything, from food to consumer items, and caused inflation. The banking and mortgage sectors in the US are in such a sorry state that US Federal Reserve Bank and the Treasury are labouring flat out to avert recession. Recent American history shows that when the country is in recession, the party in power in Washington loses. That is what happened to Jimmy Carter, a Democrat president, in 1980 \u2013 and to Bush senior 12 years later. Bush senior's failure to win a second term as president rankled. And his son, Bush Junior, was reportedly determined to win the re-election in 2004. He was equally resolved to finish the job that his father had left unfinished by failing to march to Baghdad in February 1991 to overthrow Saddam Hussein \u2013 a mission not authorised by the UN Security Council. Unsurprisingly, therefore, there was no debate in the upper echelons of Bush Junior's administration regarding overthrowing Saddam Hussein. Iraq was the first item on the agenda of the US national security council at its first meeting on January 30, 2001 \u2013 as revealed by Paul O'Neill, Bush's treasury secretary for two years, in his memoirs. It was the same at the second NSC meeting. Bush, vice-president Dick Cheney, and defence secretary Donald Rumsfeld were of one mind, while secretary of state Colin Powell was marginalised. The only debate that followed was on how quickly and efficiently should Saddam's overthrow be accomplished. But this time, on Iran, the situation is quite different. For starters, unlike Powell, secretary of state Condoleezza Rice counts. As someone who, as national security adviser, worked closely with Bush for four years, before being promoted as secretary of state, she is one of the four principals to forge US policy on Iran. She has a long-standing rapport with Bush that Powell never acquired. She is publicly and privately committed to pursuing a diplomatic path. By co-signing the letter that Javier Solana, the European Union's foreign policy chief, submitted to Iranian foreign minister Manuchehr Mottaki last month, along with the EU's latest incentives to Tehran for suspending its nuclear enrichment programme, Rice overtly reaffirmed her commitment to diplomacy. Unlike his predecessor, Rumsfeld, the present defence secretary Robert Gates is opposed to military action against Iran. According to an article in the New Yorker by prize-winning investigative journalist, Seymour Hersh, in an off-the-record lunch with the Democratic caucus in the Senate late last year \u2013 when oil price was well below $100 a barrel \u2013 Gates warned of the consequences if Bush mounted a pre-emptive strike on Iran: \"We'll create generations of jihadists, and our grandchildren will be battling our enemies here in America,\" he said. So, of the four top policymakers in Washington, two are decidedly against military strikes on Iran. That leaves Dick Cheney as the lone warrior \u2013 with Bush junior in the same state of mind as his father was when an oil tanker started unloading its cargo into Aden's storage tanks. And 10 Downing Street is occupied by Gordon Brown, a Hamlet from Scotland.",
      "charCount": "4646"
    },
    "isHosted": false,
    "pillarId": "pillar/opinion",
    "pillarName": "Opinion"
  },
  {
    "id": "commentisfree/2008/jul/21/climatechange.economics",
    "type": "article",
    "sectionId": "commentisfree",
    "sectionName": "Opinion",
    "webPublicationDate": "2008-07-21T15:00:00Z",
    "webTitle": "Stephen Hale: Gordon Brown must pay attention to the Green New Deal",
    "webUrl": "https://www.theguardian.com/commentisfree/2008/jul/21/climatechange.economics",
    "apiUrl": "https://content.guardianapis.com/commentisfree/2008/jul/21/climatechange.economics",
    "fields": {
      "headline": "Will the Green New Deal deliver?",
      "standfirst": "Today's proposals by finance, energy and environment experts could bring long-term benefits \u2013 provided politicians take them to heart",
      "trailText": "<p><strong>Stephen Hale:</strong> Today's proposals by finance, energy and environment experts could bring long-term benefits \u2013 provided politicians take them to heart</p>",
      "byline": "Stephen Hale",
      "main": "",
      "body": "<p><a href=\"http://www.theguardian.com/business/2008/jul/21/greenbusiness.renewableenergy\">The \"Green New Deal\"</a> is a fantastic catchphrase. A new slogan can take even an old idea a long way, as the proponents of <a href=\"http://www.nudges.org/\">Nudge</a> have proved recently. How important is this one?</p> <p>The Green New Deal team deserve praise for sketching out a solution to the triple whammy of the downturn, rising oil prices and climate change. As they argue, our failure to break our oil addiction is a significant cause of the current downturn. There is no long-term route out of this unless we break the habit, and take radical action on climate change. </p> <p>Their report is targeted at politicians. But climate campaigners must also take it to heart. We (<a href=\"http://www.green-alliance.org.uk\">Green Alliance</a> included) worry too much about which political party would take up our cause, and who might win the next election. The impact of the economic downturn is already greater than anything that will follow the next election. We need new proposals and alliances that will succeed in this new world. </p> <p>The <a href=\"http://www.neweconomics.org/gen/greennewdealneededforuk210708.aspx\">proposals</a> are another blow to the doomsayers. Two months ago, the May local elections and the economic downturn were being widely hailed as the end of the environment as a public and political priority. But neither businesses, politicians or the public see it this way. There was a decline in concern for the environment in the recession of the 1990s. But today is different. The high oil price creates some synergies between <a href=\"http://www.theguardian.com/commentisfree/series/thegreensqueeze\">environmental and economic action</a>, and public awareness and commitment is far greater now than it was then. </p> <p>The prime minister has been far too slow to see this, though his rhetoric has improved since he returned empty-handed from a trip to Jeddah pleading for higher oil production. The New Deal team want him to commit to their proposals in the autumn. I support many of them, such as decentralised energy, and funding for developing countries to adapt to climate change. I hope the prime minister takes them up on these.</p> <p>But for me the prime minister must go further. The Green New Deal package would deliver in the long-term, but increase household and industry bills in the meantime. That could well provoke a public backlash that would unravel these commitments. So we need the prime minister to take actions that benefit people much more quickly. Otherwise (to paraphrase Keynes) in the long-run all these climate change policies could be dead.</p> <p>That means radical action that delivers quickly, above all on efficiency. The high and rising cost of fuel and energy make efficiency a critical part of a politically sustainable strategy. The high oil price should be the springboard for an efficiency revolution \u2013 in households, in business and in all forms of transport. It would yield rapid and high returns for those who made it. Governments should lead the way. The proposed \"carbon army\" should be put to work on this, and fast.</p> <p>The public are feeling the pinch, and need help now to play their part in this transition. People are driving less \u2013 but they need better alternatives. People want to make their homes more energy efficient \u2013 but need a quick and attractive way to do it. </p> <p>The Green New Deal team is onto something very important. The policies need work to make them benefit the economy, people and the environment. But they must also work politically. That means we need action that delivers benefits quickly to a public that is already hurting. Green Alliance will play our part in the struggle to find a green route out of the impending recession. </p> <p><em>Stephen Hale is the director of <a href=\"http://www.green-alliance.org.uk\">Green Alliance</a>, an environmental thinktank that aims to place environmental solutions at the heart of British politics.</em></p>",
      "wordcount": "612",
      "commentCloseDate": "2008-07-24T15:00:00Z",
      "commentable": "true",
      "isPremoderated": "false",
      "lastModified": "2018-02-14T20:15:00Z",
      "newspaperEditionDate": "2008-07-21T00:00:00Z",
      "productionOffice": "UK",
      "publication": "theguardian.com",
      "shortUrl": "https://gu.com/p/xz7zn",
      "shouldHideAdverts": "false",
      "showInRelatedContent": "true",
      "legallySensitive": "false",
      "lang": "en",
      "bodyText": "The \"Green New Deal\" is a fantastic catchphrase. A new slogan can take even an old idea a long way, as the proponents of Nudge have proved recently. How important is this one? The Green New Deal team deserve praise for sketching out a solution to the triple whammy of the downturn, rising oil prices and climate change. As they argue, our failure to break our oil addiction is a significant cause of the current downturn. There is no long-term route out of this unless we break the habit, and take radical action on climate change. Their report is targeted at politicians. But climate campaigners must also take it to heart. We (Green Alliance included) worry too much about which political party would take up our cause, and who might win the next election. The impact of the economic downturn is already greater than anything that will follow the next election. We need new proposals and alliances that will succeed in this new world. The proposals are another blow to the doomsayers. Two months ago, the May local elections and the economic downturn were being widely hailed as the end of the environment as a public and political priority. But neither businesses, politicians or the public see it this way. There was a decline in concern for the environment in the recession of the 1990s. But today is different. The high oil price creates some synergies between environmental and economic action, and public awareness and commitment is far greater now than it was then. The prime minister has been far too slow to see this, though his rhetoric has improved since he returned empty-handed from a trip to Jeddah pleading for higher oil production. The New Deal team want him to commit to their proposals in the autumn. I support many of them, such as decentralised energy, and funding for developing countries to adapt to climate change. I hope the prime minister takes them up on these. But for me the prime minister must go further. The Green New Deal package would deliver in the long-term, but increase household and industry bills in the meantime. That could well provoke a public backlash that would unravel these commitments. So we need the prime minister to take actions that benefit people much more quickly. Otherwise (to paraphrase Keynes) in the long-run all these climate change policies could be dead. That means radical action that delivers quickly, above all on efficiency. The high and rising cost of fuel and energy make efficiency a critical part of a politically sustainable strategy. The high oil price should be the springboard for an efficiency revolution \u2013 in households, in business and in all forms of transport. It would yield rapid and high returns for those who made it. Governments should lead the way. The proposed \"carbon army\" should be put to work on this, and fast. The public are feeling the pinch, and need help now to play their part in this transition. People are driving less \u2013 but they need better alternatives. People want to make their homes more energy efficient \u2013 but need a quick and attractive way to do it. The Green New Deal team is onto something very important. The policies need work to make them benefit the economy, people and the environment. But they must also work politically. That means we need action that delivers benefits quickly to a public that is already hurting. Green Alliance will play our part in the struggle to find a green route out of the impending recession. Stephen Hale is the director of Green Alliance, an environmental thinktank that aims to place environmental solutions at the heart of British politics.",
      "charCount": "3587"
    },
    "isHosted": false,
    "pillarId": "pillar/opinion",
    "pillarName": "Opinion"
  },
  {
    "id": "business/marketforceslive/2008/jul/21/insurancegroupavivaisamong",
    "type": "article",
    "sectionId": "business",
    "sectionName": "Business",
    "webPublicationDate": "2008-07-21T10:35:00Z",
    "webTitle": "Aviva hurt by broker downgrade and acquisition talk",
    "webUrl": "https://www.theguardian.com/business/marketforceslive/2008/jul/21/insurancegroupavivaisamong",
    "apiUrl": "https://content.guardianapis.com/business/marketforceslive/2008/jul/21/insurancegroupavivaisamong",
    "fields": {
      "headline": "Aviva hurt by broker downgrade and acquisition talk",
      "trailText": "<p>Insurance group <strong>Aviva</strong> is among the leading market fallers after a broker downgrade and speculation of a possible \u20ac4bn (\u00a33.2bn) Spanish acquisition.</p>",
      "byline": "Nick Fletcher",
      "main": "",
      "body": "<p>Insurance group <strong><a href=\"http://www.guardian.co.uk/business/avivabusiness\">Aviva</a></strong> is among the leading market fallers after a broker downgrade and speculation of a possible \u20ac4bn (\u00a33.2bn) Spanish acquisition.</p> <p>Its shares have dropped 21.5p to 517.5p as Panmure Gordon cut its full-year estimates and price target, although it maintained its buy rating.</p> <p>Ahead of the insurer's figures next week, Panmure said: \"We have lowered our 2008 and 2009 full-year estimates by 7.5% and 10%, respectively, reflecting slow new business sales and lower returns from existing business. This has the impact of lowering our 12-month target price from 854p to 803p.\"</p> <p>On top of that came talk that Aviva was one of the favourites to buy Santander's insurance business, put up for sale following the Spanish bank's bid for Alliance &amp; Leicester. Others said to have been approached by Santander include France's Axa and Germany's Allianz.</p> <p>Elsewhere the <strong>FTSE 100</strong> has managed to gain 18.3 points to 5394.7, with a recovery in the mining sector helping to pull the leading index higher. <strong><a href=\"http://www.guardian.co.uk/business/ferrexpobusiness\">Ferrexpo</a></strong>, <strong><a href=\"http://www.guardian.co.uk/business/kazakhmys\">Kazakhmys</a></strong>,<strong> <a href=\"http://www.guardian.co.uk/business/lonmin\">Lonmin</a></strong> and <strong><a href=\"http://www.guardian.co.uk/business/bhpbilliton\">BHP Billiton</a></strong> are all up around 4% so far. </p> <p>John Meyer at Fairfax said: \"Mining equities should recover further as we head into the August earnings season. Rio Tinto should announce strong earnings growth led by the aluminium and iron ore divisions. BHP Billiton should also report strong June year-end numbers again led by oil and gas, iron ore, aluminium and copper. Anglo American and Xstrata should also follow with strong numbers. \"</p> <p>Pharmaceuticals, however, are out of favour, not helped by a profit warning from Jordanian drugs group <strong><a href=\"http://www.guardian.co.uk/business/hikmapharmaceuticalsbusiness\">Hikma</a></strong>, down 98.5p to 410.5p.</p> <p>Satellite communications business <strong><a href=\"http://www.guardian.co.uk/business/immarsatbusiness\">Inmarsat</a></strong> is also a major loser, down 34.5p to 478p after talks with its 28% stakeholder, the US hedge fund Harbinger about a takeover seemingly foundered on regulatory worries. Harbinger said it was still interested in buying the company, and was considering whether to pursue the necessary approvals from competition authorities. </p> <p>Finally, to no one's surprise, the bulk of the <strong><a href=\"http://www.guardian.co.uk/business/hbosbusiness\">HBOS</a></strong> <a href=\"http://www.guardian.co.uk/business/2008/jul/21/hbosbusiness.rightsissues1\"> rights issue has been left with the underwriters</a>, who are now scrabbling around to place the shares with willing buyers. HBOS is down 7p at the rights price of 275p.</p>",
      "wordcount": "364",
      "commentCloseDate": "2008-07-28T10:35:00Z",
      "commentable": "true",
      "isPremoderated": "false",
      "lastModified": "2008-08-27T09:50:31Z",
      "newspaperEditionDate": "2008-07-21T00:00:00Z",
      "productionOffice": "UK",
      "publication": "theguardian.com",
      "shortUrl": "https://gu.com/p/xp6jq",
      "shouldHideAdverts": "false",
      "showInRelatedContent": "true",
      "legallySensitive": "false",
      "lang": "en",
      "bodyText": "Insurance group Aviva is among the leading market fallers after a broker downgrade and speculation of a possible \u20ac4bn (\u00a33.2bn) Spanish acquisition. Its shares have dropped 21.5p to 517.5p as Panmure Gordon cut its full-year estimates and price target, although it maintained its buy rating. Ahead of the insurer's figures next week, Panmure said: \"We have lowered our 2008 and 2009 full-year estimates by 7.5% and 10%, respectively, reflecting slow new business sales and lower returns from existing business. This has the impact of lowering our 12-month target price from 854p to 803p.\" On top of that came talk that Aviva was one of the favourites to buy Santander's insurance business, put up for sale following the Spanish bank's bid for Alliance &amp; Leicester. Others said to have been approached by Santander include France's Axa and Germany's Allianz. Elsewhere the FTSE 100 has managed to gain 18.3 points to 5394.7, with a recovery in the mining sector helping to pull the leading index higher. Ferrexpo, Kazakhmys, Lonmin and BHP Billiton are all up around 4% so far. John Meyer at Fairfax said: \"Mining equities should recover further as we head into the August earnings season. Rio Tinto should announce strong earnings growth led by the aluminium and iron ore divisions. BHP Billiton should also report strong June year-end numbers again led by oil and gas, iron ore, aluminium and copper. Anglo American and Xstrata should also follow with strong numbers. \" Pharmaceuticals, however, are out of favour, not helped by a profit warning from Jordanian drugs group Hikma, down 98.5p to 410.5p. Satellite communications business Inmarsat is also a major loser, down 34.5p to 478p after talks with its 28% stakeholder, the US hedge fund Harbinger about a takeover seemingly foundered on regulatory worries. Harbinger said it was still interested in buying the company, and was considering whether to pursue the necessary approvals from competition authorities. Finally, to no one's surprise, the bulk of the HBOS rights issue has been left with the underwriters, who are now scrabbling around to place the shares with willing buyers. HBOS is down 7p at the rights price of 275p.",
      "charCount": "2188"
    },
    "isHosted": false,
    "pillarId": "pillar/news",
    "pillarName": "News"
  }
]