[
  {
    "id": "sport/2009/feb/07/kevin-pietersen-west-indies-first-test",
    "type": "article",
    "sectionId": "sport",
    "sectionName": "Sport",
    "webPublicationDate": "2009-02-07T01:09:57Z",
    "webTitle": "Cricket: Plutocrat Kevin Pietersen leaves his own planet to mix with mortals",
    "webUrl": "https://www.theguardian.com/sport/2009/feb/07/kevin-pietersen-west-indies-first-test",
    "apiUrl": "https://content.guardianapis.com/sport/2009/feb/07/kevin-pietersen-west-indies-first-test",
    "fields": {
      "headline": "Plutocrat Pietersen leaves his own planet to mix with mortals",
      "standfirst": "England's recently deposed captain and IPL millionaire remains keen to prove his credentials as a team man",
      "trailText": "<p>Kevin Pietersen showed himself very much the England team man despite losing the captaincy and gaining top price with Andrew Flintoff in the IPL bidding</p>",
      "byline": "Paul Weaver at Sabina Park",
      "main": "<figure class=\"element element-image\" data-media-id=\"gu-image-342901518\"> <img src=\"http://static.guim.co.uk/sys-images/Sport/Pix/pictures/2009/2/7/1233970549307/Kevin-Pietersen-001.jpg\" alt=\"Kevin Pietersen\" width=\"460\" height=\"276\" class=\"gu-image\" /> <figcaption> <span class=\"element-image__caption\">Kevin Pietersen is now officially one of the world's most valuable cricketers. Photograph: Julian Herbert/Getty Images</span> </figcaption> </figure>",
      "body": "<p>There was little obvious change in Kevin Pietersen yesterday. The man was a \u00admillionaire long before the Indian Premier League came calling and he played like a plutocrat even when he was a lad with nothing more than a few loose rands jingling in his pocket.</p> <p>He stood in the gully, dark glasses in place, shirt collar turned up, intense, concentrating on the West Indies batsmen but, doubtless too, contemplating what has already been, in the early days of February, a quite extraordinary year.</p> <p>He has been deposed as England's captain, confirmed his standing as England's outstanding cricketer of the age and won a contract from the Bangalore Royal Challengers that will make him richer by about \u00a3500,000, enough money to transform most people's lives, if not his own.</p> <p>On this tour Pietersen has been \u00adadmirable, both as a player and in his exaggerated efforts to show himself to be a team man. The paradox is that he is a man apart, that the harder he tries to swim towards his fellows the more the strong tides of his breathtaking talent, his driven personality, his South African background and his fast-swelling bank balance carry him off to a distant island.</p> <p>He is estranged but not by the arrogance and egocentricity that is the popular perception. He is isolated from the other \u00adplayers but not in the sense that he is unpopular. His team-mates regard him with a sort of bewildered awe, an arm's-length affection. They realise that their own success is very much dependent on his outrageous ability, that they are an ordinary side and without him they would be very ordinary indeed. But it is more than that. They actually quite like him, even though they do not understand him or identify with him; it is the sort of relationship the crew of the Starship Enterprise had with Mr Spock.</p> <p>His efforts to be liked are endearing. Here he ran all the way from gully to put his arm round Stuart Broad, who was bowling. He even walked with Broad to the end of his run-up. He ran up to Andrew Flintoff and put his arms round him, the same Flintoff who was his assassin in the captaincy issue, according to some reports. The fact is that Pietersen, as captain, died by his own overplayed hand but was also betrayed by the men who employed him, men who have made no conspicuous effort to embrace him on the opening weeks of this tour, even though they are here.</p> <p>It is also a fact that while he was a peculiar choice as captain, for the appointment was always high-risk, he surprised many people by how well he did the job, at least until his tactical innocence was exposed in India before Christmas.</p> <p>Yesterday, though, he was happy to \u00adpretend he was just an ordinary player. He jumped on the spot, fiddled and fidgeted with his attire and pointed this way and that as though he were still in charge.</p> <p>There was a torpor about the pitch yesterday and the outfield, like a good trade union man, joined in the general go-slow. Chris Gayle, showing Pietersen just how a century should be rounded off, clumped Monty Panesar for two sixes over wide long-on and then paddled one round the corner to reach three figures. Pietersen, on the boundary now, applauded and nodded in recognition.</p> <p>The strength of the West Indies position crept up on England like a slow smell before lunch but the tourists bowled well so the batsmen never got away from them in the afternoon. Broad, with three wickets, was England's most successful bowler on a very old-fashioned day of Test cricket.</p> <p>Pietersen, referring to his IPL contract, said: \"I'm really excited about it. It is an unbelievable amount of money.\" But he was already thinking about what he might do here in the second innings. He intends to score such a pile of runs in this series that it will sit comfortably among the mountains that gaze down on Sabina Park. Batting is his role in life; that and being the most singular cricketer of his time.</p>",
      "newspaperPageNumber": "14",
      "wordcount": "690",
      "commentable": "false",
      "isPremoderated": "false",
      "lastModified": "2017-06-05T17:49:52Z",
      "newspaperEditionDate": "2009-02-07T00:00:00Z",
      "productionOffice": "UK",
      "publication": "theguardian.com",
      "shortUrl": "https://gu.com/p/255ad",
      "shouldHideAdverts": "false",
      "showInRelatedContent": "true",
      "legallySensitive": "false",
      "lang": "en",
      "bodyText": "There was little obvious change in Kevin Pietersen yesterday. The man was a millionaire long before the Indian Premier League came calling and he played like a plutocrat even when he was a lad with nothing more than a few loose rands jingling in his pocket. He stood in the gully, dark glasses in place, shirt collar turned up, intense, concentrating on the West Indies batsmen but, doubtless too, contemplating what has already been, in the early days of February, a quite extraordinary year. He has been deposed as England's captain, confirmed his standing as England's outstanding cricketer of the age and won a contract from the Bangalore Royal Challengers that will make him richer by about \u00a3500,000, enough money to transform most people's lives, if not his own. On this tour Pietersen has been admirable, both as a player and in his exaggerated efforts to show himself to be a team man. The paradox is that he is a man apart, that the harder he tries to swim towards his fellows the more the strong tides of his breathtaking talent, his driven personality, his South African background and his fast-swelling bank balance carry him off to a distant island. He is estranged but not by the arrogance and egocentricity that is the popular perception. He is isolated from the other players but not in the sense that he is unpopular. His team-mates regard him with a sort of bewildered awe, an arm's-length affection. They realise that their own success is very much dependent on his outrageous ability, that they are an ordinary side and without him they would be very ordinary indeed. But it is more than that. They actually quite like him, even though they do not understand him or identify with him; it is the sort of relationship the crew of the Starship Enterprise had with Mr Spock. His efforts to be liked are endearing. Here he ran all the way from gully to put his arm round Stuart Broad, who was bowling. He even walked with Broad to the end of his run-up. He ran up to Andrew Flintoff and put his arms round him, the same Flintoff who was his assassin in the captaincy issue, according to some reports. The fact is that Pietersen, as captain, died by his own overplayed hand but was also betrayed by the men who employed him, men who have made no conspicuous effort to embrace him on the opening weeks of this tour, even though they are here. It is also a fact that while he was a peculiar choice as captain, for the appointment was always high-risk, he surprised many people by how well he did the job, at least until his tactical innocence was exposed in India before Christmas. Yesterday, though, he was happy to pretend he was just an ordinary player. He jumped on the spot, fiddled and fidgeted with his attire and pointed this way and that as though he were still in charge. There was a torpor about the pitch yesterday and the outfield, like a good trade union man, joined in the general go-slow. Chris Gayle, showing Pietersen just how a century should be rounded off, clumped Monty Panesar for two sixes over wide long-on and then paddled one round the corner to reach three figures. Pietersen, on the boundary now, applauded and nodded in recognition. The strength of the West Indies position crept up on England like a slow smell before lunch but the tourists bowled well so the batsmen never got away from them in the afternoon. Broad, with three wickets, was England's most successful bowler on a very old-fashioned day of Test cricket. Pietersen, referring to his IPL contract, said: \"I'm really excited about it. It is an unbelievable amount of money.\" But he was already thinking about what he might do here in the second innings. He intends to score such a pile of runs in this series that it will sit comfortably among the mountains that gaze down on Sabina Park. Batting is his role in life; that and being the most singular cricketer of his time.",
      "charCount": "3879"
    },
    "isHosted": false,
    "pillarId": "pillar/sport",
    "pillarName": "Sport"
  },
  {
    "id": "football/2009/feb/07/sunderland-season-ticket-prices-niall-quinn",
    "type": "article",
    "sectionId": "football",
    "sectionName": "Football",
    "webPublicationDate": "2009-02-07T00:47:10Z",
    "webTitle": "Football: Sunderland slash season ticket prices in response to credit crisis",
    "webUrl": "https://www.theguardian.com/football/2009/feb/07/sunderland-season-ticket-prices-niall-quinn",
    "apiUrl": "https://content.guardianapis.com/football/2009/feb/07/sunderland-season-ticket-prices-niall-quinn",
    "fields": {
      "headline": "Sunderland slash season ticket prices in response to credit crisis",
      "standfirst": "\u2022 All season tickets to drop by at least \u00a330 next season<br />\u2022 Children admitted for \u00a31 with accompanying adult",
      "trailText": "<p>Niall Quinn claims Sunderland have responded to a \"moral responsibility\" and cut all season tickets by at least \u00a330</p>",
      "byline": "Louise Taylor ",
      "main": "",
      "body": "<p>Niall Quinn has revealed that Sunderland's decision to slash season ticket prices for next season was driven by a sense of \"moral responsibility\". Yet even Quinn is not guided by purely altruistic motives and the Sunderland chairman also suggested that, should no lift in ticket sales take place, the club's ownership may be forced to review their future plans.</p> <p>\"It is no exaggeration to say we've reached a critical point in our lifespan as custodians of the club,\" he said after yesterday announcing that all season tickets for 2009-10 would be reduced by at least \u00a330 and that children accompanied by an adult would be able to watch Sunderland play for \u00a31 a game.</p> <p>Writing in the match programme for today's match at home to Stoke City, Quinn \u2013 who has received significant backing from Ellis Short, an Irish-American financier and the club's principal shareholder \u2013 said: \"Sunderland has a proud history and we want to make sure all its greatest days aren't just in the past.</p> <p>\"Taking the current economy into account we've made a bold and brave decision to sacrifice income in an effort to add strength in [crowd] numbers. This in turn will help drive this club forward. It's a welcome decision from the ownership who, having supported the cause with hard cash, are now going the extra yard.</p> <p>\"We understand the strains the credit crunch is placing on people's lives. We have a moral responsibility as a club and my hope is that by significantly reducing prices for everyone we can ensure that our fans are able to keep supporting the club at a time when money is tight. Our efforts to bring more people into the Stadium of Light are crucial to where the club goes in the future.\"</p> <p>Sunderland's stadium houses almost 50,000 but attendances have dipped in recent months and Quinn is anxious that young Wearsiders develop the habit of watching football live. \"I'd implore any would-be season-ticket holder to bring a young supporter with them next season almost as a duty to ensure that we enable young fans to be able to come to and love this club as existing fans and supporters of bygone years have always done,\" he said.</p>",
      "wordcount": "368",
      "commentable": "false",
      "isPremoderated": "false",
      "lastModified": "2017-03-01T10:13:51Z",
      "newspaperEditionDate": "2009-02-06T00:00:00Z",
      "productionOffice": "UK",
      "publication": "theguardian.com",
      "shortUrl": "https://gu.com/p/25586",
      "shouldHideAdverts": "false",
      "showInRelatedContent": "true",
      "legallySensitive": "false",
      "lang": "en",
      "bodyText": "Niall Quinn has revealed that Sunderland's decision to slash season ticket prices for next season was driven by a sense of \"moral responsibility\". Yet even Quinn is not guided by purely altruistic motives and the Sunderland chairman also suggested that, should no lift in ticket sales take place, the club's ownership may be forced to review their future plans. \"It is no exaggeration to say we've reached a critical point in our lifespan as custodians of the club,\" he said after yesterday announcing that all season tickets for 2009-10 would be reduced by at least \u00a330 and that children accompanied by an adult would be able to watch Sunderland play for \u00a31 a game. Writing in the match programme for today's match at home to Stoke City, Quinn \u2013 who has received significant backing from Ellis Short, an Irish-American financier and the club's principal shareholder \u2013 said: \"Sunderland has a proud history and we want to make sure all its greatest days aren't just in the past. \"Taking the current economy into account we've made a bold and brave decision to sacrifice income in an effort to add strength in [crowd] numbers. This in turn will help drive this club forward. It's a welcome decision from the ownership who, having supported the cause with hard cash, are now going the extra yard. \"We understand the strains the credit crunch is placing on people's lives. We have a moral responsibility as a club and my hope is that by significantly reducing prices for everyone we can ensure that our fans are able to keep supporting the club at a time when money is tight. Our efforts to bring more people into the Stadium of Light are crucial to where the club goes in the future.\" Sunderland's stadium houses almost 50,000 but attendances have dipped in recent months and Quinn is anxious that young Wearsiders develop the habit of watching football live. \"I'd implore any would-be season-ticket holder to bring a young supporter with them next season almost as a duty to ensure that we enable young fans to be able to come to and love this club as existing fans and supporters of bygone years have always done,\" he said.",
      "charCount": "2123"
    },
    "isHosted": false,
    "pillarId": "pillar/sport",
    "pillarName": "Sport"
  },
  {
    "id": "environment/2009/feb/07/cost-carbon-credits-falls",
    "type": "article",
    "sectionId": "environment",
    "sectionName": "Environment",
    "webPublicationDate": "2009-02-07T00:01:00Z",
    "webTitle": "Price of carbon credits slumps to new low",
    "webUrl": "https://www.theguardian.com/environment/2009/feb/07/cost-carbon-credits-falls",
    "apiUrl": "https://content.guardianapis.com/environment/2009/feb/07/cost-carbon-credits-falls",
    "fields": {
      "headline": "Price of carbon credits slumps to new low",
      "standfirst": "\u2022 Cost of pollution falling with 'no bottom in sight'  <br />\u2022 US considers whether to imitate criticised scheme",
      "trailText": "<p>Generators and industrial companies continue to cash in credits to bolster their balance sheets</p>",
      "byline": "Terry Macalister",
      "main": "",
      "body": "<p>The price of carbon has hit new lows as power generators and industrial companies continue to cash in credits to bolster their balance sheets.</p> <p>The price of European Union allowances under the second phase of the emissions trading scheme has plunged to \u20ac10.15 (\u00a38.85) a tonne, compared with highs over \u20ac30 seen in July last year.</p> <p>Analysts at Barclays Capital warned the price could fall further to \u20ac9 and Utilyx, the carbon information provider, said: \"There seems to be no bottom to carbon prices at the moment.\" Market experts blame the decline on profit-taking and a collapse in manufacturing, which plunged in Britain at the end of last year at its fastest rate since the 1970s.</p> <p>Power generators and industrial firms are selling off their credits to raise cash but also because they are confident they will not need so many pollution permits at a time of falling demand for their products.</p> <p>The decline in emissions is good for global warming but it also means that offset projects, in which companies invest in green schemes to counter the impact of their carbon production, are being cut back.</p> <p>The slump in the price of credits under the ETS will also revive criticisms that the cap and trade scheme has turned carbon into another volatile market commodity used by speculators to make money.</p> <p>Vincent de Rivaz, the chief executive of EDF Energy, told the Guardian last week that the operations of the emissions trading scheme needed to be reviewed by Brussels before carbon was turned into a \"sub-prime tool\" by unscrupulous companies instead of doing the job it was set up for: reducing CO2 emissions.</p> <p>EDF, the power company 85% owned by the French state, admitted it had sold some of its carbon credits on the market but only in very small numbers with the rest being transferred for use around the group's other overseas businesses.</p> <p>A research paper published by the environmental group WWF in combination with the Point Carbon consultancy last spring claimed that windfall profits of up to \u20ac70bn could be made by the power groups in the course of phase two of the scheme, which runs from 2008 to 2012. They pointed out that there would have to be a high carbon price to achieve those particular financial gains.</p> <p>Sanjeev Kumar, emissions trading scheme co-ordinator at the WWF, warned: \"The way the national allocations plans are set up is a disaster. Handing free permits to power companies is like handing them a cash bonus.\" He added that \"cheap profits for doing nothing is scandalous\". </p> <p>Deutsche Bank and others predict carbon prices will rise again as industrial production picks up and the EU tightens the regulation on allowances, especially for phase three of the scheme, to run to 2020. But analysts have been consistently wrong about the direction of carbon prices, predicting 12 months ago that they would double from \u20ac22 a tonne to over \u20ac40.</p> <p>No one had thought the price of carbon would drop to nearly zero in the first phase of the scheme, when the credits were all given out free, but since then some credits have been auctioned to the highest bidder. The auction system is expected to be used even more heavily in the third phase, which is still going through the political approval process in Brussels.</p> <p>Barack Obama's new US administration is considering whether to set up its own federal carbon emissions trading scheme, in another step towards a global trading scheme, but critics say all these projects should be halted.</p>",
      "newspaperPageNumber": "43",
      "wordcount": "590",
      "commentable": "false",
      "isPremoderated": "false",
      "lastModified": "2018-02-14T20:06:02Z",
      "newspaperEditionDate": "2009-02-07T00:00:00Z",
      "productionOffice": "UK",
      "publication": "The Guardian",
      "shortUrl": "https://gu.com/p/2556z",
      "shouldHideAdverts": "false",
      "showInRelatedContent": "true",
      "legallySensitive": "false",
      "lang": "en",
      "bodyText": "The price of carbon has hit new lows as power generators and industrial companies continue to cash in credits to bolster their balance sheets. The price of European Union allowances under the second phase of the emissions trading scheme has plunged to \u20ac10.15 (\u00a38.85) a tonne, compared with highs over \u20ac30 seen in July last year. Analysts at Barclays Capital warned the price could fall further to \u20ac9 and Utilyx, the carbon information provider, said: \"There seems to be no bottom to carbon prices at the moment.\" Market experts blame the decline on profit-taking and a collapse in manufacturing, which plunged in Britain at the end of last year at its fastest rate since the 1970s. Power generators and industrial firms are selling off their credits to raise cash but also because they are confident they will not need so many pollution permits at a time of falling demand for their products. The decline in emissions is good for global warming but it also means that offset projects, in which companies invest in green schemes to counter the impact of their carbon production, are being cut back. The slump in the price of credits under the ETS will also revive criticisms that the cap and trade scheme has turned carbon into another volatile market commodity used by speculators to make money. Vincent de Rivaz, the chief executive of EDF Energy, told the Guardian last week that the operations of the emissions trading scheme needed to be reviewed by Brussels before carbon was turned into a \"sub-prime tool\" by unscrupulous companies instead of doing the job it was set up for: reducing CO2 emissions. EDF, the power company 85% owned by the French state, admitted it had sold some of its carbon credits on the market but only in very small numbers with the rest being transferred for use around the group's other overseas businesses. A research paper published by the environmental group WWF in combination with the Point Carbon consultancy last spring claimed that windfall profits of up to \u20ac70bn could be made by the power groups in the course of phase two of the scheme, which runs from 2008 to 2012. They pointed out that there would have to be a high carbon price to achieve those particular financial gains. Sanjeev Kumar, emissions trading scheme co-ordinator at the WWF, warned: \"The way the national allocations plans are set up is a disaster. Handing free permits to power companies is like handing them a cash bonus.\" He added that \"cheap profits for doing nothing is scandalous\". Deutsche Bank and others predict carbon prices will rise again as industrial production picks up and the EU tightens the regulation on allowances, especially for phase three of the scheme, to run to 2020. But analysts have been consistently wrong about the direction of carbon prices, predicting 12 months ago that they would double from \u20ac22 a tonne to over \u20ac40. No one had thought the price of carbon would drop to nearly zero in the first phase of the scheme, when the credits were all given out free, but since then some credits have been auctioned to the highest bidder. The auction system is expected to be used even more heavily in the third phase, which is still going through the political approval process in Brussels. Barack Obama's new US administration is considering whether to set up its own federal carbon emissions trading scheme, in another step towards a global trading scheme, but critics say all these projects should be halted.",
      "charCount": "3445"
    },
    "isHosted": false,
    "pillarId": "pillar/news",
    "pillarName": "News"
  },
  {
    "id": "lifeandstyle/2009/feb/07/cooking-advice-pannacotta-stock-offal",
    "type": "article",
    "sectionId": "lifeandstyle",
    "sectionName": "Life and style",
    "webPublicationDate": "2009-02-07T00:01:00Z",
    "webTitle": "Food for Fort: Matthew Fort answers your culinary questions",
    "webUrl": "https://www.theguardian.com/lifeandstyle/2009/feb/07/cooking-advice-pannacotta-stock-offal",
    "apiUrl": "https://content.guardianapis.com/lifeandstyle/2009/feb/07/cooking-advice-pannacotta-stock-offal",
    "fields": {
      "headline": "Food for Fort",
      "standfirst": "Got a culinary dilemma? Ask Matthew for help",
      "trailText": "<p>Got a culinary dilemma? Ask Matthew for help</p>",
      "byline": "Matthew Fort",
      "main": "",
      "body": "<h2>Talking stock</h2> <p><strong>Dilemma:</strong> Any advice on keeping stocks clear? I did everything by the book (didn't let it boil, skimmed like mad, etc), but my stock still came out cloudy. </p> <p><strong>Matthew:</strong> If you want to clarify stock, freeze it. Then, when you need it, put it in one of those coffee filter papers over a bowl - as it defrosts, it will drip through the filter, which will catch the cloudy bits, leaving you with liquid as clear as water in a chalk stream. This is a tip from the great Heston Blumenthal. That said, I rarely bother - I tend to use my stocks cloudy. It's flavour I'm after.</p> <h2>Pannacotta panic</h2> <p><strong>Dilemma:</strong> I recently had a few stabs at making pannacotta, which turned out pretty well. But I can't get the vanilla seeds suspended in the mix - they just sink to the bottom. This doesn't affect the flavour, but it doesn't look as appealing.</p> <p><strong>Matthew:</strong> You could avoid the problem altogether by using only a whole pod and not scraping out the seeds, as that bible of Italian newlyweds, The Silver Spoon, suggests - you get the flavour that way, but guests may think you've used only vanilla extract - which is just what Antonio Carluccio advises in his Complete Italian Food. If it's any consolation, the photograph of pannacotta in The River Cafe Cook Book Two clearly shows the seeds accumulated on the bottom. Incidentally, to make pannacotta without gelatin, try this: 500ml double cream; 150ml full-cream milk; 1 dssp caster sugar; 1 tsp rennet (from healthfood shops); vanilla pod/extract. In a saucepan, bring all the ingredients bar the rennet slowly to blood temperature (37C/98.4F). Take out the vanilla pod, scraping out the seeds or not as you like, or add a few drops of extract. Stir in the rennet. Decant into individual moulds or one big one. Put aside somewhere to cool and set. OK, it's junket by another name, but in my book pannacotta has all the bouncy resilience of a trampoline.</p> <h2>The offal truth</h2> <p><strong>Dilemma:</strong> How will the recession affect our eating habits? Will we find more of every animal at the supermarket, or will offal and strange cuts still be found only at the butcher? After all, offal seems popular only in certain restaurants and among immigrants with a less squeamish food culture.</p> <p><strong>Matthew:</strong> There was a bit of a palaver a while back when Waitrose said it was putting pigs' cheeks and trotters in store, but I haven't yet seen any in my local branch. To be truthful, I'm ambivalent on this subject. The virtuous side of me wishes we could come to grips with livers, sweetbreads, tripes and all such stuff, as well as cheaper cuts such as shin, collar, shoulder and scrag because they're much tastier than the primary cuts we've become used to. But if they get taken up by popular demand, they'll go up in price, which is where the selfish side comes in. </p> <h2>Fry as I might</h2> <p><strong>Dilemma:</strong> When I fry onions in preparation for a pasta sauce, I always either over-fry them so they nearly burn or under-fry so they're still very \"firm\". I use olive or rapeseed oil. Is it just a question of slower cooking?</p> <p><strong>Matthew:</strong> Frying onions to a perfect, transparent softness for sauces takes 10-15 minutes. The type of oil you use doesn't matter; it's the heat level that's important. Fry over a low heat, flipping them over from time to time, and make sure you have enough oil in the pan, otherwise the onions may dry out.</p> <h2>A West End treat</h2> <p><strong>Dilemma:</strong> Any suggestions for a reasonably-priced pre-theatre dinner in London?</p> <p><strong>Matthew:</strong> My tip is Terroirs, 5 William IV Street, WC2 (020-7036 0660). It calls itself a wine bar, but it is to wine bars what the Eagle was to pubs. In other words, it's a gastro-wine bar that serves terrific French food (although the chef is English) and interesting organic wines from an idiosyncratic list. It has a real buzz about it, too. Lovely people. Lovely place. Huge fun. Not smart, though.</p> <p>\u2022 Email your queries and tips to <a href=\"mailto:food.for.fort@theguardian.com\">food.for.fort@theguardian.com</a>, or post them at <a href=\"http://www.theguardian.com/wordofmouth\">theguardian.com/wordofmouth</a>, where you can also chat online to Matthew.</p>",
      "newspaperPageNumber": "51",
      "wordcount": "711",
      "commentable": "false",
      "isPremoderated": "false",
      "lastModified": "2017-12-01T13:04:21Z",
      "newspaperEditionDate": "2009-02-07T00:00:00Z",
      "productionOffice": "UK",
      "publication": "The Guardian",
      "shortUrl": "https://gu.com/p/253jb",
      "shouldHideAdverts": "false",
      "showInRelatedContent": "true",
      "legallySensitive": "false",
      "lang": "en",
      "bodyText": "Talking stock Dilemma: Any advice on keeping stocks clear? I did everything by the book (didn't let it boil, skimmed like mad, etc), but my stock still came out cloudy. Matthew: If you want to clarify stock, freeze it. Then, when you need it, put it in one of those coffee filter papers over a bowl - as it defrosts, it will drip through the filter, which will catch the cloudy bits, leaving you with liquid as clear as water in a chalk stream. This is a tip from the great Heston Blumenthal. That said, I rarely bother - I tend to use my stocks cloudy. It's flavour I'm after. Pannacotta panic Dilemma: I recently had a few stabs at making pannacotta, which turned out pretty well. But I can't get the vanilla seeds suspended in the mix - they just sink to the bottom. This doesn't affect the flavour, but it doesn't look as appealing. Matthew: You could avoid the problem altogether by using only a whole pod and not scraping out the seeds, as that bible of Italian newlyweds, The Silver Spoon, suggests - you get the flavour that way, but guests may think you've used only vanilla extract - which is just what Antonio Carluccio advises in his Complete Italian Food. If it's any consolation, the photograph of pannacotta in The River Cafe Cook Book Two clearly shows the seeds accumulated on the bottom. Incidentally, to make pannacotta without gelatin, try this: 500ml double cream; 150ml full-cream milk; 1 dssp caster sugar; 1 tsp rennet (from healthfood shops); vanilla pod/extract. In a saucepan, bring all the ingredients bar the rennet slowly to blood temperature (37C/98.4F). Take out the vanilla pod, scraping out the seeds or not as you like, or add a few drops of extract. Stir in the rennet. Decant into individual moulds or one big one. Put aside somewhere to cool and set. OK, it's junket by another name, but in my book pannacotta has all the bouncy resilience of a trampoline. The offal truth Dilemma: How will the recession affect our eating habits? Will we find more of every animal at the supermarket, or will offal and strange cuts still be found only at the butcher? After all, offal seems popular only in certain restaurants and among immigrants with a less squeamish food culture. Matthew: There was a bit of a palaver a while back when Waitrose said it was putting pigs' cheeks and trotters in store, but I haven't yet seen any in my local branch. To be truthful, I'm ambivalent on this subject. The virtuous side of me wishes we could come to grips with livers, sweetbreads, tripes and all such stuff, as well as cheaper cuts such as shin, collar, shoulder and scrag because they're much tastier than the primary cuts we've become used to. But if they get taken up by popular demand, they'll go up in price, which is where the selfish side comes in. Fry as I might Dilemma: When I fry onions in preparation for a pasta sauce, I always either over-fry them so they nearly burn or under-fry so they're still very \"firm\". I use olive or rapeseed oil. Is it just a question of slower cooking? Matthew: Frying onions to a perfect, transparent softness for sauces takes 10-15 minutes. The type of oil you use doesn't matter; it's the heat level that's important. Fry over a low heat, flipping them over from time to time, and make sure you have enough oil in the pan, otherwise the onions may dry out. A West End treat Dilemma: Any suggestions for a reasonably-priced pre-theatre dinner in London? Matthew: My tip is Terroirs, 5 William IV Street, WC2 (020-7036 0660). It calls itself a wine bar, but it is to wine bars what the Eagle was to pubs. In other words, it's a gastro-wine bar that serves terrific French food (although the chef is English) and interesting organic wines from an idiosyncratic list. It has a real buzz about it, too. Lovely people. Lovely place. Huge fun. Not smart, though. \u2022 Email your queries and tips to food.for.fort@theguardian.com, or post them at theguardian.com/wordofmouth, where you can also chat online to Matthew.",
      "charCount": "3973"
    },
    "isHosted": false,
    "pillarId": "pillar/lifestyle",
    "pillarName": "Lifestyle"
  },
  {
    "id": "business/2009/feb/07/oil-and-gas-companies-canada-fort-mcmurray",
    "type": "article",
    "sectionId": "business",
    "sectionName": "Business",
    "webPublicationDate": "2009-02-07T00:01:00Z",
    "webTitle": "A winter climate like Moscow - and house prices to rival London",
    "webUrl": "https://www.theguardian.com/business/2009/feb/07/oil-and-gas-companies-canada-fort-mcmurray",
    "apiUrl": "https://content.guardianapis.com/business/2009/feb/07/oil-and-gas-companies-canada-fort-mcmurray",
    "fields": {
      "headline": "A winter climate like Moscow - and house prices to rival London",
      "trailText": "<p>Fort McMurray's population is rising at a rate of 9% a year as prospectors move in to tap the oil sands</p>",
      "byline": "Andrew Clark",
      "main": "",
      "body": "<p>A pause in North America's biggest oil rush has come as a blessed relief for the mayor of Fort McMurray, a Canadian community in an isolated wooded valley that has mushroomed into a city almost overnight.</p> <p>With a population rising at 9% a year as prospectors move in to tap the oil sands, Fort McMurray has contingency plans to balloon from 65,000 people to 250,000 by 2030.</p> <p>The city's property market rivals parts of London. Houses cost an average of C$790,000 (\u00a3437,000) despite a brutal climate - in January, the average daily peak is -15C (5F).</p> <p>\"Growth is exciting, it's challenging. But should this be the point of stabilisation, we're good with that,\" says the mayor, Melissa Blake, whose domain covers the municipality of Wood Buffalo, which, at 26,000 square miles, is almost the size of Ireland.</p> <p>Sewage treatment, schools, parks and transport are stretched. Tales abound of four-hour traffic jams on the two-lane road winding south to Alberta's provincial capital, Edmonton, part of which is being upgraded to 10 lanes. </p> <p>Blake accepts that the local economy is heavily dependent on the price of oil. But she says too much of anything can be a bad thing. \"I don't worry at the low end, I worry at the high end,\" she says. \"So when [the price of a barrel of oil] hit $147, I honestly thought we were doomed.\"</p> <p>Locals in Fort McMurray view the city's emergence as a modern-day version of the gold-prospecting towns throughout the US and Canada in the 19th century but with different challenges. A transient population of 20,000, mostly men, live in out-of-town work camps and come into town to eat, drink, gamble and shop, but few put down roots.</p> <p>Blake asks: \"Frankly, if we can't provide these people with housing, how can we blame them for not making their lives in the community?\"</p> <p>The city is keen to shed a reputation for risqu\u00e9 bars and drunkenness. Quiet suburbs have sprung up with semi-detached houses, trellis fencing and street names such as Applewood Drive and Alpine Court.</p> <p>The city authority compares its young, affluent demographic to a university town. There's plenty of tax money coming in - and plenty to spend it on. \"It's nice to save for a rainy day but when you've got snowstorms every day before the rain comes, I'd like to do something about that situation,\" says Blake.</p>",
      "newspaperPageNumber": "45",
      "wordcount": "404",
      "commentable": "false",
      "isPremoderated": "false",
      "lastModified": "2017-11-26T20:14:15Z",
      "newspaperEditionDate": "2009-02-07T00:00:00Z",
      "productionOffice": "UK",
      "publication": "The Guardian",
      "shortUrl": "https://gu.com/p/2556y",
      "shouldHideAdverts": "false",
      "showInRelatedContent": "true",
      "legallySensitive": "false",
      "lang": "en",
      "bodyText": "A pause in North America's biggest oil rush has come as a blessed relief for the mayor of Fort McMurray, a Canadian community in an isolated wooded valley that has mushroomed into a city almost overnight. With a population rising at 9% a year as prospectors move in to tap the oil sands, Fort McMurray has contingency plans to balloon from 65,000 people to 250,000 by 2030. The city's property market rivals parts of London. Houses cost an average of C$790,000 (\u00a3437,000) despite a brutal climate - in January, the average daily peak is -15C (5F). \"Growth is exciting, it's challenging. But should this be the point of stabilisation, we're good with that,\" says the mayor, Melissa Blake, whose domain covers the municipality of Wood Buffalo, which, at 26,000 square miles, is almost the size of Ireland. Sewage treatment, schools, parks and transport are stretched. Tales abound of four-hour traffic jams on the two-lane road winding south to Alberta's provincial capital, Edmonton, part of which is being upgraded to 10 lanes. Blake accepts that the local economy is heavily dependent on the price of oil. But she says too much of anything can be a bad thing. \"I don't worry at the low end, I worry at the high end,\" she says. \"So when [the price of a barrel of oil] hit $147, I honestly thought we were doomed.\" Locals in Fort McMurray view the city's emergence as a modern-day version of the gold-prospecting towns throughout the US and Canada in the 19th century but with different challenges. A transient population of 20,000, mostly men, live in out-of-town work camps and come into town to eat, drink, gamble and shop, but few put down roots. Blake asks: \"Frankly, if we can't provide these people with housing, how can we blame them for not making their lives in the community?\" The city is keen to shed a reputation for risqu\u00e9 bars and drunkenness. Quiet suburbs have sprung up with semi-detached houses, trellis fencing and street names such as Applewood Drive and Alpine Court. The city authority compares its young, affluent demographic to a university town. There's plenty of tax money coming in - and plenty to spend it on. \"It's nice to save for a rainy day but when you've got snowstorms every day before the rain comes, I'd like to do something about that situation,\" says Blake.",
      "charCount": "2296"
    },
    "isHosted": false,
    "pillarId": "pillar/news",
    "pillarName": "News"
  },
  {
    "id": "travel/2009/feb/07/budget-city-breaks-porto-portugal",
    "type": "article",
    "sectionId": "travel",
    "sectionName": "Travel",
    "webPublicationDate": "2009-02-07T00:01:00Z",
    "webTitle": "Cut-price city breaks, from Porto to Lisbon",
    "webUrl": "https://www.theguardian.com/travel/2009/feb/07/budget-city-breaks-porto-portugal",
    "apiUrl": "https://content.guardianapis.com/travel/2009/feb/07/budget-city-breaks-porto-portugal",
    "fields": {
      "headline": "Cut-price city breaks",
      "standfirst": "Porto is full of surprises, both cultural and gastronomic ... and it's one of the cheapest cities in western Europe. Plus where to stay from \u20ac10 a night",
      "trailText": "<p>Porto is full of surprises, both cultural and gastronomic ... and it's one of the cheapest cities in western Europe. Plus where to stay from \u20ac10 a night</p>",
      "byline": "Jaime Gill",
      "main": "<figure class=\"element element-image\" data-media-id=\"gu-image-342890218\"> <img src=\"http://static.guim.co.uk/sys-images/Travel/Pix/pictures/2009/02/05/PortoCorbis4.jpg\" alt=\"Porto, Portugal\" width=\"460\" height=\"276\" class=\"gu-image\" /> <figcaption> <span class=\"element-image__caption\">Porto, Portugal ... combines 'charm and culture with a low cost of living'. Photograph: Image Source/Corbis</span> </figcaption> </figure>",
      "body": "<p>Porto is nothing like as popular with tourists as Lisbon or the Algarve, which is a shame as few wes tern European cities so successfully combine charm and culture with a low cost of living. In fact, it is one of the cheapest cities in western Europe, with beers rarely costing more than a euro, and a three-day pass for its excellent public transport a recession-friendly \u20ac11.</p> <p>Porto used to be a grim, industrial port, but the old docks have been reclaimed and the buildings that cluster haphazardly on the gentle slopes of the river bank have been painted in pastel colours and now look vaguely Neapolitan. Adding to the prettiness of the scene are old port boats moored on the Douro and graceful bridges arcing over the water. </p> <p>We had lunch at the local favourite, <strong>Capo Negra II</strong> (Rua Campo Alegre 191, 00351 22 607 8380, <a href=\"http://www.capanegra2.com\">capanegra2.com</a>) where, under the resentful eyes of a tankful of huge and listless lobsters, we dived into the quintessential Porto meal: a francesinha (a heavy but delicious sandwich of sausage, pork and beef drowning in a spicy beer and whisky gravy), accompanied by a beer and finished off, naturally, with a small local port. A snip at \u20ac12 apiece.</p> <p>This fuel proved useful for an afternoon exploring the city's old quarter, starting off at the modest but elegant cathedral atop a maze of sidestreets where women sat at third-floor windows chatting animatedly to neighbours just across the street.</p> <p>We didn't have a particular plan, as Porto is the perfect size for exploring on foot and leaving your itinerary to chance. Which is how we found ourselves in the surprisingly sedate but pristine university quarter wandering accidentally into the most ravishing bookstore we'd ever seen, with red carpets, carved panelling and ornate staircases. Only later did we learn that the store, <strong>Lello</strong> (Rua das Carmelitas 144, +22 200 2037, <a href=\"http://lelloprologolivreiro.com.sapo.pt\">lelloprologolivreiro.com.sapo.pt</a>), is regularly named the most beautiful in the world.</p> <p>Porto is full of perfectly wrapped surprises like that. After ascending the Torre dos Clerigos with its excellent view of Porto's rooftops, we took a chance on an anonymous-looking restaurant in the tower's shadow, opposite the Galeria Rom\u00e2ntica on Rua Conde de Vizela. It proved to be an arty delight, with goldfish bowls scattered around the tables and a ceiling painted like a summer sky. The meal - arroz de pato (roast duck with rice) - was delicious and, at \u20ac7 each including wine, another bargain.</p> <p>We spent the night in another gem, <strong>Caf\u00e9 Lusitano </strong>(Rua Jos\u00e9 Falc\u00e3o 137) where the gay and straight crowd danced and drank to a potent cocktail of 80s Portuguese pop, disco classics and modern club tracks. Although the formidable doorwoman took to extremes the Porto reputation for forthrightness, the people inside were welcoming, and we left far later than intended, perhaps persuaded by the bargain caipirinhas.</p> <p>When we finally stirred the next day, we left our brisk, basic <strong>Hotel Tuela</strong> (Rua Arquitecto Marques Da Silva, <a href=\"http://www.tuelaportohotel.com\">tuelaportohotel.com</a>, doubles from \u20ac49pn) for the nearby concert venue <strong>Casa da Musica</strong> (Avenida da Boavista 604-610, <a href=\"http://www.casadamusica.com\">casadamusica.com</a>), a gleaming modernist oddity that sits alone in its park like an alien spaceship. One of many architectural marvels that sprang up as a result of Porto's 2001 stint as European City of Culture, its attractions include a small but luxurious cafe. </p> <p>In the afternoon the number 1 bus took us westward to the coast, past yet more gorgeous bridges and the Castelo do Queijo fort. There we found the much-recommended<strong> Praia da Luz </strong>(Avenida do Brasil, +22 617 3234, <a href=\"http://www.praiadaluz.pt\">praiadaluz.pt</a>), a glamorous beach bar gloriously situated on rocks jutting into the Atlantic. We settled deep into deckchairs and watched waves crashing dramatically on the rocks, while daring surfers braved the waters further out. Sitting there, sipping cocktails until the sun went down, we agreed that Porto would have been worth it even at three times the price.</p> <p>\u2022 Ryanair (<a href=\"http://www.ryanair.com\">ryanair.com</a>) flies Stansted-Porto from \u00a356.26 rtn inc tax.</p> <h2>Where to stay from \u20ac10 a night</h2> <p>Football, fortified wine and custard tarts ... now the Portuguese can add hostels to their list of achievements. In last week's Hoscars, the Oscars of the hostel industry run by hostelworld .com, four of the planet's top 10 were in Portugal. Here's our pick of five little gems around the country:</p> <p><strong>Rivoli Cinema Hostel Porto</strong></p> <p>Just off the lively Avenida dos Aliados in Porto's historic centre, the Rivoli Cinema hostel takes its inspiration from the Rivoli Theatre just across the street. Twelve dorms and doubles are film-themed, with a Pulp Fiction room covered in images of Uma and co and a lavish(ish) Marie Antoinette room inspired by Sofia Coppola's 2006 film, complete with fake cakes.</p> <p>\u2022 <a href=\"http://rivolicinemahostel.blogspot.com\">rivolicinemahostel.blogspot.com</a>, beds from \u20ac17pn, doubles from \u20ac40pn.</p> <p><strong>Paintshop Hostel Figueira da Foz</strong></p> <p>Since appearing on Channel 4's A Place in the Sun, the Paintshop has had a noticeable spike in bookings for its almost-seafront digs. In between Lisbon and Porto, Figueira da Foz is famous for wide beaches and ample surf - a right-hand, sand covered rocky point break (read: good surfing spot) in nearby Buarcos was named by the Footprint Guide to Surfing Europe as one of Portugal's best.</p> <p>\u2022 <a href=\"http://www.paintshophostel.com\">paintshophostel.com</a>, dorm beds from \u20ac18pn, doubles from \u20ac40pn.</p> <p><strong>Travellers House Lisbon</strong></p> <p>Winner of the top gong at the Hoscars, TH (pictured below) is based in a 250-year-old building in the historic Baixa district and is so popular that apostrophes mean nothing to them. </p> <p>\u2022 <a href=\"http://www.travellershouse.com\">travellershouse.com</a>, beds from \u20ac16pn, doubles from \u20ac50pn.</p> <p><strong>Peniche Hostel Peniche</strong></p> <p>The small but impressive hostel nestles in the middle of the old part of this busy fishing port north of Lisbon. The area is another of Portugal's surfing meccas, and in summer the duned beaches to the south buzz with pop-up beach bars and surf schools. </p> <p>\u2022 <a href=\"http://www.penichehostel.com\">penichehostel.com</a>, dorm beds from \u20ac18pn, double room from \u20ac40pn.</p> <p><strong>The Rising Cock Lagos</strong></p> <p>Named after a Portuguese legend, they claim, the Rising Cock is infamous as one of the most raucous hostelling experiences out there - <a href=\"http://www.hostelbookers.com\">hostelbookers.com</a> customers have given it an average \"fun rating\" of 99%. The layout is much tidier that you'd expect for a party hostel, with large, colourful communal areas and terraces, and Lagos's beaches are all within walking distance. Those who value their sleep need not apply, but those who like good brekkie should - it's an all-you-can-eat jobbie washed down with homemade lemon tea.</p> <p>\u2022 <a href=\"http://www.risingcock.com\">risingcock.com</a>, beds from \u20ac10pn.</p>",
      "newspaperPageNumber": "10",
      "wordcount": "1083",
      "commentable": "false",
      "isPremoderated": "false",
      "lastModified": "2017-11-29T20:45:31Z",
      "newspaperEditionDate": "2009-02-07T00:00:00Z",
      "productionOffice": "UK",
      "publication": "The Guardian",
      "shortUrl": "https://gu.com/p/254j4",
      "shouldHideAdverts": "false",
      "showInRelatedContent": "true",
      "legallySensitive": "false",
      "lang": "en",
      "bodyText": "Porto is nothing like as popular with tourists as Lisbon or the Algarve, which is a shame as few wes tern European cities so successfully combine charm and culture with a low cost of living. In fact, it is one of the cheapest cities in western Europe, with beers rarely costing more than a euro, and a three-day pass for its excellent public transport a recession-friendly \u20ac11. Porto used to be a grim, industrial port, but the old docks have been reclaimed and the buildings that cluster haphazardly on the gentle slopes of the river bank have been painted in pastel colours and now look vaguely Neapolitan. Adding to the prettiness of the scene are old port boats moored on the Douro and graceful bridges arcing over the water. We had lunch at the local favourite, Capo Negra II (Rua Campo Alegre 191, 00351 22 607 8380, capanegra2.com) where, under the resentful eyes of a tankful of huge and listless lobsters, we dived into the quintessential Porto meal: a francesinha (a heavy but delicious sandwich of sausage, pork and beef drowning in a spicy beer and whisky gravy), accompanied by a beer and finished off, naturally, with a small local port. A snip at \u20ac12 apiece. This fuel proved useful for an afternoon exploring the city's old quarter, starting off at the modest but elegant cathedral atop a maze of sidestreets where women sat at third-floor windows chatting animatedly to neighbours just across the street. We didn't have a particular plan, as Porto is the perfect size for exploring on foot and leaving your itinerary to chance. Which is how we found ourselves in the surprisingly sedate but pristine university quarter wandering accidentally into the most ravishing bookstore we'd ever seen, with red carpets, carved panelling and ornate staircases. Only later did we learn that the store, Lello (Rua das Carmelitas 144, +22 200 2037, lelloprologolivreiro.com.sapo.pt), is regularly named the most beautiful in the world. Porto is full of perfectly wrapped surprises like that. After ascending the Torre dos Clerigos with its excellent view of Porto's rooftops, we took a chance on an anonymous-looking restaurant in the tower's shadow, opposite the Galeria Rom\u00e2ntica on Rua Conde de Vizela. It proved to be an arty delight, with goldfish bowls scattered around the tables and a ceiling painted like a summer sky. The meal - arroz de pato (roast duck with rice) - was delicious and, at \u20ac7 each including wine, another bargain. We spent the night in another gem, Caf\u00e9 Lusitano (Rua Jos\u00e9 Falc\u00e3o 137) where the gay and straight crowd danced and drank to a potent cocktail of 80s Portuguese pop, disco classics and modern club tracks. Although the formidable doorwoman took to extremes the Porto reputation for forthrightness, the people inside were welcoming, and we left far later than intended, perhaps persuaded by the bargain caipirinhas. When we finally stirred the next day, we left our brisk, basic Hotel Tuela (Rua Arquitecto Marques Da Silva, tuelaportohotel.com, doubles from \u20ac49pn) for the nearby concert venue Casa da Musica (Avenida da Boavista 604-610, casadamusica.com), a gleaming modernist oddity that sits alone in its park like an alien spaceship. One of many architectural marvels that sprang up as a result of Porto's 2001 stint as European City of Culture, its attractions include a small but luxurious cafe. In the afternoon the number 1 bus took us westward to the coast, past yet more gorgeous bridges and the Castelo do Queijo fort. There we found the much-recommended Praia da Luz (Avenida do Brasil, +22 617 3234, praiadaluz.pt), a glamorous beach bar gloriously situated on rocks jutting into the Atlantic. We settled deep into deckchairs and watched waves crashing dramatically on the rocks, while daring surfers braved the waters further out. Sitting there, sipping cocktails until the sun went down, we agreed that Porto would have been worth it even at three times the price. \u2022 Ryanair (ryanair.com) flies Stansted-Porto from \u00a356.26 rtn inc tax. Where to stay from \u20ac10 a night Football, fortified wine and custard tarts ... now the Portuguese can add hostels to their list of achievements. In last week's Hoscars, the Oscars of the hostel industry run by hostelworld .com, four of the planet's top 10 were in Portugal. Here's our pick of five little gems around the country: Rivoli Cinema Hostel Porto Just off the lively Avenida dos Aliados in Porto's historic centre, the Rivoli Cinema hostel takes its inspiration from the Rivoli Theatre just across the street. Twelve dorms and doubles are film-themed, with a Pulp Fiction room covered in images of Uma and co and a lavish(ish) Marie Antoinette room inspired by Sofia Coppola's 2006 film, complete with fake cakes. \u2022 rivolicinemahostel.blogspot.com, beds from \u20ac17pn, doubles from \u20ac40pn. Paintshop Hostel Figueira da Foz Since appearing on Channel 4's A Place in the Sun, the Paintshop has had a noticeable spike in bookings for its almost-seafront digs. In between Lisbon and Porto, Figueira da Foz is famous for wide beaches and ample surf - a right-hand, sand covered rocky point break (read: good surfing spot) in nearby Buarcos was named by the Footprint Guide to Surfing Europe as one of Portugal's best. \u2022 paintshophostel.com, dorm beds from \u20ac18pn, doubles from \u20ac40pn. Travellers House Lisbon Winner of the top gong at the Hoscars, TH (pictured below) is based in a 250-year-old building in the historic Baixa district and is so popular that apostrophes mean nothing to them. \u2022 travellershouse.com, beds from \u20ac16pn, doubles from \u20ac50pn. Peniche Hostel Peniche The small but impressive hostel nestles in the middle of the old part of this busy fishing port north of Lisbon. The area is another of Portugal's surfing meccas, and in summer the duned beaches to the south buzz with pop-up beach bars and surf schools. \u2022 penichehostel.com, dorm beds from \u20ac18pn, double room from \u20ac40pn. The Rising Cock Lagos Named after a Portuguese legend, they claim, the Rising Cock is infamous as one of the most raucous hostelling experiences out there - hostelbookers.com customers have given it an average \"fun rating\" of 99%. The layout is much tidier that you'd expect for a party hostel, with large, colourful communal areas and terraces, and Lagos's beaches are all within walking distance. Those who value their sleep need not apply, but those who like good brekkie should - it's an all-you-can-eat jobbie washed down with homemade lemon tea. \u2022 risingcock.com, beds from \u20ac10pn.",
      "charCount": "6473"
    },
    "isHosted": false,
    "pillarId": "pillar/lifestyle",
    "pillarName": "Lifestyle"
  },
  {
    "id": "business/2009/feb/07/oil-and-gas-companies-energy-canada",
    "type": "article",
    "sectionId": "business",
    "sectionName": "Business",
    "webPublicationDate": "2009-02-07T00:01:00Z",
    "webTitle": "Tar sands boom hits a sticky patch",
    "webUrl": "https://www.theguardian.com/business/2009/feb/07/oil-and-gas-companies-energy-canada",
    "apiUrl": "https://content.guardianapis.com/business/2009/feb/07/oil-and-gas-companies-energy-canada",
    "fields": {
      "headline": "Tar sands boom hits a sticky patch",
      "standfirst": "Plunging oil prices spell disaster for energy bonanza that rivalled Saudi Arabia",
      "trailText": "<p>The race to extract crude from Canadian oil sands has abruptly stalled, hit by a collapse in the price of oil</p>",
      "byline": "Andrew Clark in Fort McMurray, Alberta",
      "main": "",
      "body": "<p>Twinkling and flashing furiously, slot machines at the Boomtown Casino are bleeping at empty seats. Only a handful of burly men occupy the poker tables and there are few drinkers around the bar. In Canada's youngest oil town, the gambling emporium is quiet.</p> <p>After five years of frenetic building and activity, a race to extract crude from vast tracts of the Canadian oil sands has abruptly stalled, hit by a collapse in the price of a barrel of oil from a peak of $147 last July to barely $40.</p> <p>At the heart of the Albertan oil rush, the tough northern outpost of Fort McMurray, 280 miles from Edmonton, is feeling the pinch. A quarter of the rooms are empty at the usually packed Nomad Inn. Wednesday night chicken wings at the Podollan sports bar attracted only a spartan crowd this week.</p> <p>\"They've slashed jobs, slashed projects, slashed budgets and everything else,\" says Barry Gillis, a pipeline insulator for the oil company Suncor, shivering in deep snow outside the Boomtown Casino.</p> <p>Until recently, Canada's oil sands were the venue for one of the most spectacular races for profit of modern times. The remote, boggy landscape contains between 1.7tn and 2.5tn barrels of oil, of which an estimated 173bn can be extracted using expensive, hi-tech filtering technology. Canada's reserves are second only to Saudi Arabia's deposits, and a year ago 60 projects were being constructed by 25,000 workers living in temporary \"camps\".</p> <p>But since oil prices began a downward tumble, energy companies including Shell, Syncrude and Petro-Canada have shelved more than US$90bn worth of oil sands investment. Charter flights ferrying staff from Newfoundland and Nova Scotia have been cut. Suncor, formerly Great Canadian Oil Sands Ltd, has suffered its first quarterly loss in 16 years. Last month one developer, BA Energy, became the first oil sands firm to file for bankruptcy protection.</p> <p>\"The economic environment has caused a crisis in the industry where planned investments have been put on hold,\" says Bob Dunbar of Strategy West, a Calgary-based consulting firm. \"These are very expensive, capital-intensive projects. They need high oil prices to pay out the capital and earn an adequate return.\"</p> <p>Left untouched for decades because it was considered too difficult to extract, much of the oil in the Canadian sands is well below ground in a thick, gloopy mixture of clay, water and bitumen. Extracting it involves pumping thousands of tons of steam through pipes under the surface, then using hi-tech filtration to purify the crude.</p> <h2>Deforestation</h2> <p>Analysts at Merrill Lynch estimate that oil needs to sell for $80 for companies to build the vast rigs required on the Canadian sands. If the commodity price falls below $32, existing facilities will make an operating loss.</p> <p>The credit crunch has made it hard for oil companies to raise money, and a rapidly sinking global economy has hit demand. Merrill recently questioned if the sands were actually needed.</p> <p>To make matters worse, ominous noises are coming from Washington. The oil sands have an appalling environmental reputation: they involve deforestation, require vast use of water, emit carbon and produce a murky waste of bitumen that is dumped in \"tailing ponds\" in the Canadian countryside. Barack Obama has vowed to wean the US off its addiction to \"dirty, dwindling and dangerously expensive oil\".</p> <p>Canada is anxious to play its cards right. The US is its biggest customer and the country hopes to present itself as a friendlier source of oil than Venezuela or the Middle East. The issue is likely to be on the agenda when Obama visits Ottawa on 19 February in his first official trip overseas. Alberta's provincial premier, Ed Stelmach, this week invited Obama to visit the sands: \"We know he is interested in energy issues and would love for him to come to Alberta and see the oil sands for himself.\"</p> <p>Growing public anxiety about the environmental cost of oil from the sands peaked when 500 migrating ducks landed in a Syncrude waste pond last year and were poisoned by a mixture of bitumen and muck. The birds' death caused outrage, leaving a sour image and vindication for the green lobby.</p> <p>But the economic cost of the slowdown could be high. The oil sands make up 1.5% of Canada's gross domestic product in 2000, and before the recent seizure in investment, the proportion was forecast to rise to 3% by 2020. An estimated 40,000 construction jobs are at risk.</p> <p>\"The worst is yet to come,\" warns Gil McGowan, president of the Alberta Federation of Labour. \"People talk about countries like the Philippines being remittance economies, but there are a lot of communities in the hinterland of Canada that have been kept afloat by money brought home by men and women taking jobs on the oil sands.\"</p> <p>Conspiracy theories abound among workers worried at the sudden evaporation in employment. Some speculate that the largely US-controlled oil sands developers want to pipe raw bitumen south of the border for cheaper processing in under-used American refineries, cutting out Canada's unionised workforce. Others suggest that the slowdown is a warning to the government to indicate that the oil companies are willing to pack up and leave if rules on emissions and the environment become too tight.</p> <p>During the boom, builders, engineers and electricians could earn six-figure salaries if they could put up with living for weeks in breezeblock dormitories on the edge of the sands. The downturn has been swift and brutal.</p> <p>\"This is just another ploy for more profits,\" said Pete LaRocque, a Suncor worker who grew up in Alberta. \"They're playing a game with my life, my livelihood and my ancestry.\"</p>",
      "newspaperPageNumber": "45",
      "wordcount": "944",
      "commentable": "false",
      "isPremoderated": "false",
      "lastModified": "2018-02-14T20:08:19Z",
      "newspaperEditionDate": "2009-02-07T00:00:00Z",
      "productionOffice": "UK",
      "publication": "The Guardian",
      "shortUrl": "https://gu.com/p/2556j",
      "shouldHideAdverts": "false",
      "showInRelatedContent": "true",
      "legallySensitive": "false",
      "lang": "en",
      "bodyText": "Twinkling and flashing furiously, slot machines at the Boomtown Casino are bleeping at empty seats. Only a handful of burly men occupy the poker tables and there are few drinkers around the bar. In Canada's youngest oil town, the gambling emporium is quiet. After five years of frenetic building and activity, a race to extract crude from vast tracts of the Canadian oil sands has abruptly stalled, hit by a collapse in the price of a barrel of oil from a peak of $147 last July to barely $40. At the heart of the Albertan oil rush, the tough northern outpost of Fort McMurray, 280 miles from Edmonton, is feeling the pinch. A quarter of the rooms are empty at the usually packed Nomad Inn. Wednesday night chicken wings at the Podollan sports bar attracted only a spartan crowd this week. \"They've slashed jobs, slashed projects, slashed budgets and everything else,\" says Barry Gillis, a pipeline insulator for the oil company Suncor, shivering in deep snow outside the Boomtown Casino. Until recently, Canada's oil sands were the venue for one of the most spectacular races for profit of modern times. The remote, boggy landscape contains between 1.7tn and 2.5tn barrels of oil, of which an estimated 173bn can be extracted using expensive, hi-tech filtering technology. Canada's reserves are second only to Saudi Arabia's deposits, and a year ago 60 projects were being constructed by 25,000 workers living in temporary \"camps\". But since oil prices began a downward tumble, energy companies including Shell, Syncrude and Petro-Canada have shelved more than US$90bn worth of oil sands investment. Charter flights ferrying staff from Newfoundland and Nova Scotia have been cut. Suncor, formerly Great Canadian Oil Sands Ltd, has suffered its first quarterly loss in 16 years. Last month one developer, BA Energy, became the first oil sands firm to file for bankruptcy protection. \"The economic environment has caused a crisis in the industry where planned investments have been put on hold,\" says Bob Dunbar of Strategy West, a Calgary-based consulting firm. \"These are very expensive, capital-intensive projects. They need high oil prices to pay out the capital and earn an adequate return.\" Left untouched for decades because it was considered too difficult to extract, much of the oil in the Canadian sands is well below ground in a thick, gloopy mixture of clay, water and bitumen. Extracting it involves pumping thousands of tons of steam through pipes under the surface, then using hi-tech filtration to purify the crude. Deforestation Analysts at Merrill Lynch estimate that oil needs to sell for $80 for companies to build the vast rigs required on the Canadian sands. If the commodity price falls below $32, existing facilities will make an operating loss. The credit crunch has made it hard for oil companies to raise money, and a rapidly sinking global economy has hit demand. Merrill recently questioned if the sands were actually needed. To make matters worse, ominous noises are coming from Washington. The oil sands have an appalling environmental reputation: they involve deforestation, require vast use of water, emit carbon and produce a murky waste of bitumen that is dumped in \"tailing ponds\" in the Canadian countryside. Barack Obama has vowed to wean the US off its addiction to \"dirty, dwindling and dangerously expensive oil\". Canada is anxious to play its cards right. The US is its biggest customer and the country hopes to present itself as a friendlier source of oil than Venezuela or the Middle East. The issue is likely to be on the agenda when Obama visits Ottawa on 19 February in his first official trip overseas. Alberta's provincial premier, Ed Stelmach, this week invited Obama to visit the sands: \"We know he is interested in energy issues and would love for him to come to Alberta and see the oil sands for himself.\" Growing public anxiety about the environmental cost of oil from the sands peaked when 500 migrating ducks landed in a Syncrude waste pond last year and were poisoned by a mixture of bitumen and muck. The birds' death caused outrage, leaving a sour image and vindication for the green lobby. But the economic cost of the slowdown could be high. The oil sands make up 1.5% of Canada's gross domestic product in 2000, and before the recent seizure in investment, the proportion was forecast to rise to 3% by 2020. An estimated 40,000 construction jobs are at risk. \"The worst is yet to come,\" warns Gil McGowan, president of the Alberta Federation of Labour. \"People talk about countries like the Philippines being remittance economies, but there are a lot of communities in the hinterland of Canada that have been kept afloat by money brought home by men and women taking jobs on the oil sands.\" Conspiracy theories abound among workers worried at the sudden evaporation in employment. Some speculate that the largely US-controlled oil sands developers want to pipe raw bitumen south of the border for cheaper processing in under-used American refineries, cutting out Canada's unionised workforce. Others suggest that the slowdown is a warning to the government to indicate that the oil companies are willing to pack up and leave if rules on emissions and the environment become too tight. During the boom, builders, engineers and electricians could earn six-figure salaries if they could put up with living for weeks in breezeblock dormitories on the edge of the sands. The downturn has been swift and brutal. \"This is just another ploy for more profits,\" said Pete LaRocque, a Suncor worker who grew up in Alberta. \"They're playing a game with my life, my livelihood and my ancestry.\"",
      "charCount": "5642"
    },
    "isHosted": false,
    "pillarId": "pillar/news",
    "pillarName": "News"
  }
]