[
  {
    "id": "football/2009/jan/16/martin-oneill-aston-villa-kaka-premier-league",
    "type": "article",
    "sectionId": "football",
    "sectionName": "Football",
    "webPublicationDate": "2009-01-16T17:47:44Z",
    "webTitle": "Premier League: Manchester City's spending puts cloud over Aston Villa's ascent to top-four spot, admits manager Martin O'Neill",
    "webUrl": "https://www.theguardian.com/football/2009/jan/16/martin-oneill-aston-villa-kaka-premier-league",
    "apiUrl": "https://content.guardianapis.com/football/2009/jan/16/martin-oneill-aston-villa-kaka-premier-league",
    "fields": {
      "headline": "City's spending clouds Villa's ascent to top-four spot, admits O'Neill",
      "standfirst": "\u2022 League must prepare for emergence of new superpower<br />\u2022 Villa manager concedes even his best players have their price",
      "trailText": "After finally cracking the Premier League's big four, Aston Villa's Martin O'Neill says he must now prepare for a new heavyweight contender \u2013 Manchester City<br />",
      "byline": "Stuart James",
      "main": "<figure class=\"element element-image\" data-media-id=\"gu-image-341894184\"> <img src=\"http://static.guim.co.uk/sys-images/Sport/Pix/columnists/2009/1/16/1232125286577/Martin-ONeill-001.jpg\" alt=\"Martin O'Neill\" width=\"460\" height=\"276\" class=\"gu-image\" /> <figcaption> <span class=\"element-image__caption\">Manchester City's new-found wealth is a cause for concern for the Aston Villa manager, Martin O'Neill. Photograph: Michael Regan/Action Images</span> </figcaption> </figure>",
      "body": "<p>Martin O'Neill has reacted with a mixture of disbelief and frustration to the news that Manchester City are prepared to offer about \u00a3120m to sign Kaka, claiming that the \"staggering\" spending power of one of the world's richest clubs has made Chelsea \"look like small fry\".</p> <p>The Aston Villa manager said that it was too early to predict the potential \"repercussions\" of the \"incredible\" bid for Kaka but, at a time when the Midlands club have made strong progress in the Premier League and have a reasonable chance of breaking up the established top four this season, it was clear that the Northern Irishman regards City's potential emergence as another footballing power as an unwelcome development.</p> <p>\"Suddenly, when you are trying to make up a bit of ground and get there, now there is a player [Manchester City] in the market that seems to make Chelsea look like small fry,\" he said. \"Just when you thought that you were doing all right and now suddenly it's a different ball game. I don't know the whole fall-out. You make your own mind up about that.\"</p> <p>Although O'Neill regards Gabriel Agbonlahor and Ashley Young, who has became the first player to win three Premier League player of the month awards in one year after picking up the prize for December, as \"irreplaceable\", he acknowledged that City's willingness to pay such huge transfer fees meant it was impossible to say that a player would never be sold.</p> <p>\"Milan, I'm sure, about 10 days ago, would not have entertained any bid for Kaka,\" said O'Neill. \"And now, suddenly, they're thinking about something that's absolutely extraordinary, and then it must be entertained. So don't start holding me to that [the idea that key players will not be sold]. But no one is going to come and do that [make a bid], I'm hoping.\"</p>",
      "wordcount": "308",
      "commentable": "false",
      "isPremoderated": "false",
      "lastModified": "2018-02-21T14:42:47Z",
      "newspaperEditionDate": "2009-01-16T00:00:00Z",
      "productionOffice": "UK",
      "publication": "theguardian.com",
      "shortUrl": "https://gu.com/p/24ga9",
      "shouldHideAdverts": "false",
      "showInRelatedContent": "true",
      "legallySensitive": "false",
      "lang": "en",
      "bodyText": "Martin O'Neill has reacted with a mixture of disbelief and frustration to the news that Manchester City are prepared to offer about \u00a3120m to sign Kaka, claiming that the \"staggering\" spending power of one of the world's richest clubs has made Chelsea \"look like small fry\". The Aston Villa manager said that it was too early to predict the potential \"repercussions\" of the \"incredible\" bid for Kaka but, at a time when the Midlands club have made strong progress in the Premier League and have a reasonable chance of breaking up the established top four this season, it was clear that the Northern Irishman regards City's potential emergence as another footballing power as an unwelcome development. \"Suddenly, when you are trying to make up a bit of ground and get there, now there is a player [Manchester City] in the market that seems to make Chelsea look like small fry,\" he said. \"Just when you thought that you were doing all right and now suddenly it's a different ball game. I don't know the whole fall-out. You make your own mind up about that.\" Although O'Neill regards Gabriel Agbonlahor and Ashley Young, who has became the first player to win three Premier League player of the month awards in one year after picking up the prize for December, as \"irreplaceable\", he acknowledged that City's willingness to pay such huge transfer fees meant it was impossible to say that a player would never be sold. \"Milan, I'm sure, about 10 days ago, would not have entertained any bid for Kaka,\" said O'Neill. \"And now, suddenly, they're thinking about something that's absolutely extraordinary, and then it must be entertained. So don't start holding me to that [the idea that key players will not be sold]. But no one is going to come and do that [make a bid], I'm hoping.\"",
      "charCount": "1776"
    },
    "isHosted": false,
    "pillarId": "pillar/sport",
    "pillarName": "Sport"
  },
  {
    "id": "world/2009/jan/16/usa-oil",
    "type": "article",
    "sectionId": "us-news",
    "sectionName": "US news",
    "webPublicationDate": "2009-01-16T15:20:20Z",
    "webTitle": "Another fall in US consumer prices sparks fears of deflation",
    "webUrl": "https://www.theguardian.com/world/2009/jan/16/usa-oil",
    "apiUrl": "https://content.guardianapis.com/world/2009/jan/16/usa-oil",
    "fields": {
      "headline": "Another fall in US consumer prices sparks fears of deflation",
      "trailText": "Index fell 0.7% last month and 1.7% in November, mostly due to the huge drop in oil prices",
      "byline": "Kathryn Hopkins",
      "main": "",
      "body": "<p>Consumer prices in the US fell sharply for the third month in a row in December, sparking fears of deflation.</p> <p>The US Labor department said the Consumer Price Index dropped by 0.7% last month, after falling 1.7% in November.</p> <p>For the year, consumer prices edged up by just 0.1%, the smallest annual change since 1954. Consumer prices rose by 4.1% for all of 2007.</p> <p>Nigel Gault, chief US economist at IHS Global Insight, said: \"Inflation, seemingly so worrying just a few months ago, has vanished. Deflation is now the threat. The 12-month CPI inflation rate peaked at 5.6% in July, and has now plunged to just 0.1%.\"</p> <p>Much of the decrease was down to the huge drop in oil prices from their peak of $147 a barrel in July. US light crude is currently $35.48 a barrel. Energy costs fell 8.3% in December, and were down 21% for the year. This is the biggest decline since records began in 1958. The cost of petrol plunged 43% last year, also the biggest decline on record since 1937.</p> <p>Meanwhile, US industrial production dropped 2% in December, driven by a 7.2% contraction in motor vehicle output. Economists had expected a drop of 1%. Industrial production has plunged 7.8% over the past 12 months.</p> <p>Paul Ashworth, senior US economist at consultants Capital Economics, said: \"With many vehicle assembly plants now temporarily closed, further steep declines in production in Q1 appear inevitable. December's decline wasn't just due to the problems in the autos sector either. The contraction was widespread, with all sectors registering declines.</p> <p>\"The only good news is that the production of business equipment recorded a 1.8% increase last month, following a 2.9% gain the month before. Together, those gains suggest the decline in business investment in Q4 may not have been quite as bad as we feared. Overall, more woeful news on activity \u2013 Q4 was awful, Q1 will probably be equally as bad.\"</p>",
      "wordcount": "332",
      "commentable": "false",
      "isPremoderated": "false",
      "lastModified": "2017-07-15T02:10:32Z",
      "newspaperEditionDate": "2009-01-16T00:00:00Z",
      "productionOffice": "UK",
      "publication": "theguardian.com",
      "shortUrl": "https://gu.com/p/24g7a",
      "shouldHideAdverts": "false",
      "showInRelatedContent": "true",
      "legallySensitive": "false",
      "lang": "en",
      "bodyText": "Consumer prices in the US fell sharply for the third month in a row in December, sparking fears of deflation. The US Labor department said the Consumer Price Index dropped by 0.7% last month, after falling 1.7% in November. For the year, consumer prices edged up by just 0.1%, the smallest annual change since 1954. Consumer prices rose by 4.1% for all of 2007. Nigel Gault, chief US economist at IHS Global Insight, said: \"Inflation, seemingly so worrying just a few months ago, has vanished. Deflation is now the threat. The 12-month CPI inflation rate peaked at 5.6% in July, and has now plunged to just 0.1%.\" Much of the decrease was down to the huge drop in oil prices from their peak of $147 a barrel in July. US light crude is currently $35.48 a barrel. Energy costs fell 8.3% in December, and were down 21% for the year. This is the biggest decline since records began in 1958. The cost of petrol plunged 43% last year, also the biggest decline on record since 1937. Meanwhile, US industrial production dropped 2% in December, driven by a 7.2% contraction in motor vehicle output. Economists had expected a drop of 1%. Industrial production has plunged 7.8% over the past 12 months. Paul Ashworth, senior US economist at consultants Capital Economics, said: \"With many vehicle assembly plants now temporarily closed, further steep declines in production in Q1 appear inevitable. December's decline wasn't just due to the problems in the autos sector either. The contraction was widespread, with all sectors registering declines. \"The only good news is that the production of business equipment recorded a 1.8% increase last month, following a 2.9% gain the month before. Together, those gains suggest the decline in business investment in Q4 may not have been quite as bad as we feared. Overall, more woeful news on activity \u2013 Q4 was awful, Q1 will probably be equally as bad.\"",
      "charCount": "1886"
    },
    "isHosted": false,
    "pillarId": "pillar/news",
    "pillarName": "News"
  },
  {
    "id": "environment/2009/jan/16/heathrow-third-runway",
    "type": "article",
    "sectionId": "environment",
    "sectionName": "Environment",
    "webPublicationDate": "2009-01-16T10:33:44Z",
    "webTitle": "Government accused of using 'fantasy economics' to justify Heathrow's third runway",
    "webUrl": "https://www.theguardian.com/environment/2009/jan/16/heathrow-third-runway",
    "apiUrl": "https://content.guardianapis.com/environment/2009/jan/16/heathrow-third-runway",
    "fields": {
      "headline": "Government accused of 'fantasy economics' over Heathrow expansion",
      "standfirst": "Row erupts over financial arguments for and against a third runway at London's main airport",
      "trailText": "Row erupts over financial arguments for and against a third runway at London's main airport",
      "byline": "Dan Milmo, transport correspondent",
      "main": "<figure class=\"element element-image\" data-media-id=\"gu-image-341864878\"> <img src=\"http://static.guim.co.uk/sys-images/Guardian/Pix/pictures/2009/1/14/1231977021544/Heathrow-Air-Traffic-Cont-001.jpg\" alt=\"Heathrow Air Traffic Control Tower\" width=\"460\" height=\"276\" class=\"gu-image\" /> <figcaption> <span class=\"element-image__caption\">The Air Traffic Control Tower at Heathrow Airport, London. Photograph: David Levene/David Levene</span> </figcaption> </figure>",
      "body": "<p>The government was accused of using \"fantasy economics\" to justify the expansion of Heathrow airport this morning, as a row erupted over the true financial benefits of a third runway.</p> <p>Critics argued that the economic case for expanding Britain's largest airport underestimates the environmental cost of adding a maximum of 220,000 flights a year at the west London site. The government's economic argument for expansion centres on a total net financial benefit of \u00a35.5bn to the UK economy. But an economic thinktank slammed the alleged financial windfall, saying it used an excessively low estimate for the cost of the carbon dioxide emitted by the enlarged airport.</p> <p>The Department for Transport (DfT) said that construction of a third runway would generate an additional 210m tonnes of carbon dioxide over the 70 years to 2080, which it priced at \u00a32.8bn \u2013 the equivalent of \u00a313.33 a tonne. A further cost of \u00a32.5bn would be generated by non-C02 emissions, the DfT said today. Despite these costs, it said the net economic benefit over 70 years would be \u00a35.5bn.</p> <p>However, the New Economics Foundation said that this estimate did not reflect the fact that aviation emissions can be up to five times more damaging than CO2 emitted at ground level. The thinktank put the carbon cost, conservatively, at \u00a370 a tonne - a level which is at the mid-range of government estimates on the social cost of carbon emissions on any development.</p> <p>On an NEF calculation of \u00a370 a tonne, the total emissions cost of climate impacts would rise to between \u00a38bn and \u00a320bn, over 70 years, and wipe out any economic benefits.</p> <p>\"You are talking about a highly carbon-intensive piece of infrastructure that might be finished at exactly the moment when global oil production is collapsing and its price is rocketing. The government's case is based on fantasy economics,\" said Andrew Simms, policy director at the thinktank, and head of its climate change programme.</p> <p>According to a Dft document that underpined the Heathrow consultation, called UK Air Passenger Demand and CO2 forecasts, aviation will account for up to 29% of UK carbon dioxide emissions by 2050 if all other industries meet C02 reduction targets - implying that Heathrow alone will be one of the most expensive pieces of infrastructure in Britain in environmental terms.</p> <p>The International Energy Agency predicted that global oil production would peak much earlier than expected in 2020 \u2013 the year that a third runway was scheduled to open. The airline industry growth projections used by the government are predicated on an oil price of between $53and $64 a barrel, which would help keep down ticket prices and boost air travel from 228 million people per year, to 465 million by 2030, according to the DfT.</p> <p>\"The oil price estimates are crazy numbers,\" said Simms. \"By 2030, oil below $200 per barrel is going to be hopeful.\" Oil represents around a third of an airline's cost base and, when it reached a peak of $147 a barrel this summer, it drove most major airlines into loss-making positions while triggering the bankruptcy of more than 30 carriers worldwide.</p> <p>Willie Walsh, chief executive of Heathrow's biggest customer, British Airways, told the Guardian in May that a high oil price would lead to rising fares across the industry, and would pose a serious threat to the ultra-cheap tickets sold by budget airlines, the fastest growing sector in the industry.</p> <p>The government's economic case for expanding Heathrow argues that total economic benefits from a third runway will be \u00a319.2bn in so-called \"transport user benefits\" such as lower fares and more freight traffic. The total includes an estimated \u00a33bn boost in air passenger duty, whose inclusion has been criticised by the Conservative party, which argues that a tax transfers money from the private to the public sector but does not technically generate extra economic benefits.</p> <p>A city commentator argued that the root of the business community's need for a third runway, to reduce delays at the world's busiest international airport, could be assuaged by cheaper means such as retiring take-off and landing slots as they become available.</p> <p>\"There could be a deal to be done that retires unprofitable routes and takes slots out of service. This would mean less traffic on the runway and that ought to promote reliability,\" said Douglas McNeill, an analyst at Blue Oar Securities. According to the DfT, reduced delays at Heathrow would generate financial benefits of at least \u00a31.6bn to airlines and passengers. \"If you are talking about spending \u00a38bn but getting the most bang for your buck, in the short time scale there are alternatives that could be nothing like \u00a38bn in cost. They also don't carry as much risk,\" he added.</p> <p>Even backers of the third runway have argued that, in the short term, there are measures that can be taken to reduce delays and maintain competitiveness. Echoing the comments of McNeill, the London First business group has argued for a reduction in take-off slots at Heathrow.</p> <p>The introduction of mixed-mode, a scheduling change that allows the existing runways to be used for take-offs and landings throughout the day, would have reduced delays without resulting in an increase in the 1,300 flights per day at the airport. However, Hoon surprised residents and airlines yesterday by blocking plans for mixed-mode after he was won over by arguments that it would have caused an intolerable increase in noise pollution.</p> <p>Heathrow is one of the biggest single employers in London and the DfT argues that the number of indirect jobs created by the expansion will rise from 102,000 to 117,000, with thousands more construction jobs created by the building of the project. Heathrow alone employs around 63,000 people directly, but that number would fall to around 52,000 under a third runway due to \"increased efficiency\", the DfT admits.</p> <p>The government has not included the economic boost from the indirect jobs in its calculation of economic benefits. CE Delft, an environmental consultancy, criticised warnings that failure to expand Heathrow would lead inevitably to wholesale job losses - caused by the atrophying of passenger demand. In a report commissioned by runway opponents, it argued: \"If the aviation sector were to offer less employment, people would find jobs in other sectors, albeit at possibly slightly lower wages. Similarly, if consumers were unable to spend money on aviation, they would spend it in another sector.\"</p>",
      "wordcount": "1071",
      "commentable": "false",
      "isPremoderated": "false",
      "lastModified": "2017-06-06T01:15:54Z",
      "newspaperEditionDate": "2009-01-16T00:00:00Z",
      "productionOffice": "UK",
      "publication": "theguardian.com",
      "shortUrl": "https://gu.com/p/24fz3",
      "shouldHideAdverts": "false",
      "showInRelatedContent": "true",
      "legallySensitive": "false",
      "lang": "en",
      "bodyText": "The government was accused of using \"fantasy economics\" to justify the expansion of Heathrow airport this morning, as a row erupted over the true financial benefits of a third runway. Critics argued that the economic case for expanding Britain's largest airport underestimates the environmental cost of adding a maximum of 220,000 flights a year at the west London site. The government's economic argument for expansion centres on a total net financial benefit of \u00a35.5bn to the UK economy. But an economic thinktank slammed the alleged financial windfall, saying it used an excessively low estimate for the cost of the carbon dioxide emitted by the enlarged airport. The Department for Transport (DfT) said that construction of a third runway would generate an additional 210m tonnes of carbon dioxide over the 70 years to 2080, which it priced at \u00a32.8bn \u2013 the equivalent of \u00a313.33 a tonne. A further cost of \u00a32.5bn would be generated by non-C02 emissions, the DfT said today. Despite these costs, it said the net economic benefit over 70 years would be \u00a35.5bn. However, the New Economics Foundation said that this estimate did not reflect the fact that aviation emissions can be up to five times more damaging than CO2 emitted at ground level. The thinktank put the carbon cost, conservatively, at \u00a370 a tonne - a level which is at the mid-range of government estimates on the social cost of carbon emissions on any development. On an NEF calculation of \u00a370 a tonne, the total emissions cost of climate impacts would rise to between \u00a38bn and \u00a320bn, over 70 years, and wipe out any economic benefits. \"You are talking about a highly carbon-intensive piece of infrastructure that might be finished at exactly the moment when global oil production is collapsing and its price is rocketing. The government's case is based on fantasy economics,\" said Andrew Simms, policy director at the thinktank, and head of its climate change programme. According to a Dft document that underpined the Heathrow consultation, called UK Air Passenger Demand and CO2 forecasts, aviation will account for up to 29% of UK carbon dioxide emissions by 2050 if all other industries meet C02 reduction targets - implying that Heathrow alone will be one of the most expensive pieces of infrastructure in Britain in environmental terms. The International Energy Agency predicted that global oil production would peak much earlier than expected in 2020 \u2013 the year that a third runway was scheduled to open. The airline industry growth projections used by the government are predicated on an oil price of between $53and $64 a barrel, which would help keep down ticket prices and boost air travel from 228 million people per year, to 465 million by 2030, according to the DfT. \"The oil price estimates are crazy numbers,\" said Simms. \"By 2030, oil below $200 per barrel is going to be hopeful.\" Oil represents around a third of an airline's cost base and, when it reached a peak of $147 a barrel this summer, it drove most major airlines into loss-making positions while triggering the bankruptcy of more than 30 carriers worldwide. Willie Walsh, chief executive of Heathrow's biggest customer, British Airways, told the Guardian in May that a high oil price would lead to rising fares across the industry, and would pose a serious threat to the ultra-cheap tickets sold by budget airlines, the fastest growing sector in the industry. The government's economic case for expanding Heathrow argues that total economic benefits from a third runway will be \u00a319.2bn in so-called \"transport user benefits\" such as lower fares and more freight traffic. The total includes an estimated \u00a33bn boost in air passenger duty, whose inclusion has been criticised by the Conservative party, which argues that a tax transfers money from the private to the public sector but does not technically generate extra economic benefits. A city commentator argued that the root of the business community's need for a third runway, to reduce delays at the world's busiest international airport, could be assuaged by cheaper means such as retiring take-off and landing slots as they become available. \"There could be a deal to be done that retires unprofitable routes and takes slots out of service. This would mean less traffic on the runway and that ought to promote reliability,\" said Douglas McNeill, an analyst at Blue Oar Securities. According to the DfT, reduced delays at Heathrow would generate financial benefits of at least \u00a31.6bn to airlines and passengers. \"If you are talking about spending \u00a38bn but getting the most bang for your buck, in the short time scale there are alternatives that could be nothing like \u00a38bn in cost. They also don't carry as much risk,\" he added. Even backers of the third runway have argued that, in the short term, there are measures that can be taken to reduce delays and maintain competitiveness. Echoing the comments of McNeill, the London First business group has argued for a reduction in take-off slots at Heathrow. The introduction of mixed-mode, a scheduling change that allows the existing runways to be used for take-offs and landings throughout the day, would have reduced delays without resulting in an increase in the 1,300 flights per day at the airport. However, Hoon surprised residents and airlines yesterday by blocking plans for mixed-mode after he was won over by arguments that it would have caused an intolerable increase in noise pollution. Heathrow is one of the biggest single employers in London and the DfT argues that the number of indirect jobs created by the expansion will rise from 102,000 to 117,000, with thousands more construction jobs created by the building of the project. Heathrow alone employs around 63,000 people directly, but that number would fall to around 52,000 under a third runway due to \"increased efficiency\", the DfT admits. The government has not included the economic boost from the indirect jobs in its calculation of economic benefits. CE Delft, an environmental consultancy, criticised warnings that failure to expand Heathrow would lead inevitably to wholesale job losses - caused by the atrophying of passenger demand. In a report commissioned by runway opponents, it argued: \"If the aviation sector were to offer less employment, people would find jobs in other sectors, albeit at possibly slightly lower wages. Similarly, if consumers were unable to spend money on aviation, they would spend it in another sector.\"",
      "charCount": "6458"
    },
    "isHosted": false,
    "pillarId": "pillar/news",
    "pillarName": "News"
  },
  {
    "id": "sport/blog/2009/jan/15/andymurray-federer",
    "type": "article",
    "sectionId": "sport",
    "sectionName": "Sport",
    "webPublicationDate": "2009-01-16T00:05:38Z",
    "webTitle": "Tennis betting: Andy Murray is too short-priced a favourite for the Australian Open",
    "webUrl": "https://www.theguardian.com/sport/blog/2009/jan/15/andymurray-federer",
    "apiUrl": "https://content.guardianapis.com/sport/blog/2009/jan/15/andymurray-federer",
    "fields": {
      "headline": "Playing favourites with Murray looks a tough racket at the Australian Open",
      "standfirst": "The British No1 Andy Murray is the market leader to win in Melbourne \u2013 but what are the odds he will actually succeed?",
      "trailText": "<p><strong>Dan Roebuck:</strong> Andy Murray is the market leader to win the Australian Open \u2013 but what are the true odds that he will actually succeed?</p>",
      "byline": "Dan Roebuck",
      "main": "<figure class=\"element element-image\" data-media-id=\"gu-image-341847592\"> <img src=\"http://static.guim.co.uk/sys-images/Sport/Pix/pictures/2009/1/15/1232036461383/Andy-Murray-001.jpg\" alt=\"Andy Murray\" width=\"460\" height=\"276\" class=\"gu-image\" /> <figcaption> <span class=\"element-image__caption\">Andy Murray is the favourite to win the first grand slam of the year but may not represent the best bet. Photograph: Scott Barbour/Getty Images</span> </figcaption> </figure>",
      "body": "<p>\"He's that most dangerous of sporting \u00adphenomena \u2013 a British winner.\" Thus did the \u00adLadbrokes spokesman Nick Weinberg voice the \u00adlayers' fears over Andy Murray, who starts the Australian Open next week as the first British pre-tournament favourite in the open era. The Harrow-based firm predicts a dark day for the bookmakers should Murray justify that status.</p> <p>The morning after the Scot lost to Roger Federer in the final of the US Open, he was chalked up as an 8-1 chance to win the next slam. Four months and three ATP Tour titles later, Murray finds himself at the top of the market for the tournament at a freely available 5-2.</p> <p>The price not only reflects Murray's \u00adcurrent form but perhaps also the liabilities many layers have about the 21-year-old claiming one of the four big titles. But is Murray a value bet for the Australian Open at current odds? He is a potential winner but the essence of gambling is to bet only when the odds are in your favour.</p> <p>Anyone holding an ante-post voucher above 7-2 about Murray winning in \u00adMelbourne scribbled on it should be con\u00adgratulated for their foresight, but although he has beaten Federer twice and Rafael Nadal once this season his record in the first grand slam of the year is poor. He has two first-round losses in three starts and, of course, is yet to win a major title.</p> <p>Interestingly, Federer, who is 14-5 (Boylesports) to win the Australian Open, was made favourite both times he faced the Scot this season. Paddy Power went 4-6 and 5-6 for the matches in Abu Dhabi and Qatar respectively and the firm has indicated it would probably make Federer the market leader again should the pair meet in the final. Tellingly, it is the world No2 who has attracted the most support in the run-up to the tournament, with Extrabet reporting some hefty wagers on Federer, including one of \u00a35,000 at 3-1.</p> <p>Murray will have been unlucky to draw a player of the calibre of Jo-Wilfried Tsonga \u2013 the Frenchman who knocked him out in the first round last year before going on to reach the final \u2013 but it is worth inspecting the draw, which was made late last night, before \u00adplacing any wagers.</p> <p>Outside Murray and Federer, there are question marks over the form and fitness of both the world No1 Nadal, 9-2 (Blue Square and Totesport) to win the season's first major, and the defending champion Novak Djokovic, a general 6-1 shot.</p> <p>In fact, should Ernests Gulbis be drawn in the same quarter as Djokovic, the Latvian would be worth backing to make the semi-final. The fast-improving Gulbis, who defeated Djokovic in the Brisbane International last week, is just 20-1 in places to win the Australian Open although 66-1 is available with Victor Chandler. Watch out for winning quarter prices later today.</p> <p>There is one bet worth taking about Murray in the Australian Open: \u00adLadbrokes offers 11-10 he will require two or more medical timeouts in the entire tournament. This price has been cut from 6-4 but it still seems a fair wager, as Murray's bad back and the intense heat in Melbourne could cause the Scot problems.</p> <p>Also of interest is the 2-1 generally available that Murray will win the Sports Personality of the Year award as, if he manages major success this year (William Hill offers 11-10 he wins one of them in 2009), he will have an excellent chance.</p> <p>Elena Dementieva's demolition of Serena Williams at the Sydney International has seen the Russian cut to 10-1 (Betfred) to win in Melbourne. Ahead of last night's final against Dinara Safina (10-1, general, for the Australian Open), Dementieva was unbeaten in nine consecutive WTA Tour matches and, at double-figure odds, looked a fair each-way bet. Venus Williams heads the market at 3-1 (general) with her sister at 7-2 (Coral) and the world No1 Jelena Jankovic 7-1 (Boylesports).</p> <h2>Selections</h2> <p><strong>Andy Murray </strong>to require two or more medical <strong>timeouts </strong>in the Australian Open at 11-10 (Ladbrokes) *****</p> <p><strong>Elena Dementieva, each-way, </strong>in the women's singles<strong> </strong>at 10-1<strong> </strong>(Betfred)*</p>",
      "newspaperPageNumber": "10",
      "wordcount": "680",
      "commentable": "false",
      "isPremoderated": "false",
      "lastModified": "2017-06-01T17:11:09Z",
      "newspaperEditionDate": "2009-01-15T00:00:00Z",
      "productionOffice": "UK",
      "publication": "theguardian.com",
      "shortUrl": "https://gu.com/p/24akt",
      "shouldHideAdverts": "false",
      "showInRelatedContent": "true",
      "legallySensitive": "false",
      "lang": "en",
      "bodyText": "\"He's that most dangerous of sporting phenomena \u2013 a British winner.\" Thus did the Ladbrokes spokesman Nick Weinberg voice the layers' fears over Andy Murray, who starts the Australian Open next week as the first British pre-tournament favourite in the open era. The Harrow-based firm predicts a dark day for the bookmakers should Murray justify that status. The morning after the Scot lost to Roger Federer in the final of the US Open, he was chalked up as an 8-1 chance to win the next slam. Four months and three ATP Tour titles later, Murray finds himself at the top of the market for the tournament at a freely available 5-2. The price not only reflects Murray's current form but perhaps also the liabilities many layers have about the 21-year-old claiming one of the four big titles. But is Murray a value bet for the Australian Open at current odds? He is a potential winner but the essence of gambling is to bet only when the odds are in your favour. Anyone holding an ante-post voucher above 7-2 about Murray winning in Melbourne scribbled on it should be congratulated for their foresight, but although he has beaten Federer twice and Rafael Nadal once this season his record in the first grand slam of the year is poor. He has two first-round losses in three starts and, of course, is yet to win a major title. Interestingly, Federer, who is 14-5 (Boylesports) to win the Australian Open, was made favourite both times he faced the Scot this season. Paddy Power went 4-6 and 5-6 for the matches in Abu Dhabi and Qatar respectively and the firm has indicated it would probably make Federer the market leader again should the pair meet in the final. Tellingly, it is the world No2 who has attracted the most support in the run-up to the tournament, with Extrabet reporting some hefty wagers on Federer, including one of \u00a35,000 at 3-1. Murray will have been unlucky to draw a player of the calibre of Jo-Wilfried Tsonga \u2013 the Frenchman who knocked him out in the first round last year before going on to reach the final \u2013 but it is worth inspecting the draw, which was made late last night, before placing any wagers. Outside Murray and Federer, there are question marks over the form and fitness of both the world No1 Nadal, 9-2 (Blue Square and Totesport) to win the season's first major, and the defending champion Novak Djokovic, a general 6-1 shot. In fact, should Ernests Gulbis be drawn in the same quarter as Djokovic, the Latvian would be worth backing to make the semi-final. The fast-improving Gulbis, who defeated Djokovic in the Brisbane International last week, is just 20-1 in places to win the Australian Open although 66-1 is available with Victor Chandler. Watch out for winning quarter prices later today. There is one bet worth taking about Murray in the Australian Open: Ladbrokes offers 11-10 he will require two or more medical timeouts in the entire tournament. This price has been cut from 6-4 but it still seems a fair wager, as Murray's bad back and the intense heat in Melbourne could cause the Scot problems. Also of interest is the 2-1 generally available that Murray will win the Sports Personality of the Year award as, if he manages major success this year (William Hill offers 11-10 he wins one of them in 2009), he will have an excellent chance. Elena Dementieva's demolition of Serena Williams at the Sydney International has seen the Russian cut to 10-1 (Betfred) to win in Melbourne. Ahead of last night's final against Dinara Safina (10-1, general, for the Australian Open), Dementieva was unbeaten in nine consecutive WTA Tour matches and, at double-figure odds, looked a fair each-way bet. Venus Williams heads the market at 3-1 (general) with her sister at 7-2 (Coral) and the world No1 Jelena Jankovic 7-1 (Boylesports). Selections Andy Murray to require two or more medical timeouts in the Australian Open at 11-10 (Ladbrokes) ***** Elena Dementieva, each-way, in the women's singles at 10-1 (Betfred)*",
      "charCount": "3953"
    },
    "isHosted": false,
    "pillarId": "pillar/sport",
    "pillarName": "Sport"
  }
]