[
  {
    "id": "commentisfree/cifamerica/2009/jan/15/richard-batista-divorce-kidney",
    "type": "article",
    "sectionId": "commentisfree",
    "sectionName": "Opinion",
    "webPublicationDate": "2009-01-15T16:00:00Z",
    "webTitle": "Tracy Quan: Richard Batista wants his wife to give back the kidney he donated her",
    "webUrl": "https://www.theguardian.com/commentisfree/cifamerica/2009/jan/15/richard-batista-divorce-kidney",
    "apiUrl": "https://content.guardianapis.com/commentisfree/cifamerica/2009/jan/15/richard-batista-divorce-kidney",
    "fields": {
      "headline": "Who gets custody of the kidney?",
      "standfirst": "A New York doctor says his estranged wife should give back the kidney he donated to her. Isn't his price a bit high?",
      "trailText": "<p><strong>Tracy Quan:</strong> A New York doctor says his estranged wife should give back the kidney he donated to her. Isn't his price a bit high?</p>",
      "byline": "Tracy Quan",
      "main": "",
      "body": "<p>We've heard far too many bad jokes about <a href=\"http://www.nydailynews.com/ny_local/2009/01/07/2009-01-07_long_island_doctor_richard_batista_to_es.html\">Richard Batista, the Long Island surgeon suing his estranged wife, Dawnell</a>, over the kidney he donated to save her life when they were married. He <a href=\"http://www.newsday.com/iphone/ny-likidn0113,0,4085838.story\">insists she had an affair</a>. As Lisa Bloom, a legal analyst on CBS, put it: \"She ripped out his heart, but he doesn't get to rip out her kidney.\" </p> <p>In other words: habeas kidney?<br> The complications of married love gone pear-shaped are being reduced to the fate of one internal organ, but Dr Batista's demand is rhetorical. If Dawnell doesn't return the organ, he'll settle for $1.5m.</p> <p>When something as deceptively simple as a body part becomes the focus of a news story, we resort to nervous laughter. In the post-Bernard Madoff economy, inflated numbers are another cause for merriment. </p> <p>Batista's strategy, batty and vulgar though it sounds, is not entirely without logic. In the 21st century, human kidneys are commodities. </p> <p>However, <a href=\"http://www.newsweek.com/id/137544\">organ selling is illegal</a> in most countries, and the ban seems to have some merit. Though it's being challenged by American Enterprise Institute's <a href=\"http://www.sallysatelmd.com/html/aeibookflyer.pdf\">Sally Satel</a> and others, American doctors are <a href=\"http://www.newsweek.com/id/178873\">expected to take the ban seriously</a>.</p> <p>As Batista is a practicing doctor, his lawsuit raises special questions. Does he have an opinion about the ethics of buying and selling organs? Or does he see himself as the medical equivalent of a hired gun who leaves these philosophical problems to professional ethicists? What would he do if he heard that someone at Nassau University Medical Centre \u2013 his workplace \u2013 was in the business of brokering kidneys? Is he brokering his own kidney, retroactively?</p> <p>Another wrinkle emerges. A kidney usually sells for a lot less than $1.5m, so why is Batista naming such an outlandish price? Vanity, perhaps. We've always heard that surgeons are a bit egotistical. Does he think his internal organs are worth that much more than an ordinary person's? Perhaps he feels that an affluent American kidney should cost a lot just because everything else does.</p> <p>He may think his internal organs are more precious than those of a person driven by poverty. He gave his kidney for love, so its monetary value is grossly inflated to match its sentimental status.</p> <p>Whatever the explanation, he has turned his marital problems into a circus for the press, and Dominic Barbara, his abrasive-sounding lawyer, appears to be encouraging him. </p> <p>What lessons should we take away from the Batista divorce proceedings? </p> <p>Beware your assumptions. Never imagine that you're too experienced to be manipulated by stereotypes.</p> <p>When I first heard this tale, I readily believed Dr Batista's version of the break-up. Why didn't his wife find a way to step out on him discreetly, spare his feelings and keep the marriage together? Shouldn't she stay with him for the sake of the kidney? And why can't he visit his kids? These were my first questions. </p> <p>Somehow, I jumped to the conclusion that anyone who donates a kidney can do no wrong, and found it easy to believe this saintly figure when he said he was being deprived of time with his children. </p> <p>At a news conference on Tuesday, Dawnell's side of the story began to emerge. She asserts that her husband was so paranoid he was checking her underwear for evidence of an affair she never had. Her lawyer announced that visitation with the children has never been denied. </p> <p>It turns out that Batista's kidney wasn't the first transplant Dawnell received but her third, and the decision was pregnancy-related. Given what she has been through, medically speaking, you wonder why Batista's lawyer thinks it necessary or wise to seek \"<a href=\"http://www.newsday.com/iphone/ny-likidn1412357059jan14,0,7322528.story\">the incarceration of the wife</a>\". </p> <p>To what extent is a confused, unhappy husband being manipulated by his attorney? And how many men are perhaps too proud to admit they could be misled in this way? This, of course, makes it harder to back down from his untenable position.</p> <p>If you're going through the break-up from hell, you might want to reassess your complaints in light of the Batista divorce. Perhaps your relationship problems aren't so bad, after all. </p> <p>Dividing your assets so you can both move on isn't that hard, if that's what you really want \u2013 and if that's all you want, you are fortunate. </p> <p>When we do something for love, it's fruitless to turn around later and put a price on it. That's why break-ups that turn into financial disputes are lengthy and painful. The temptation to exact financial revenge on someone you have loved is hard for many to resist, but it brings no lasting satisfaction, even if you win.</p>",
      "wordcount": "764",
      "commentCloseDate": "2009-01-18T16:00:00Z",
      "commentable": "true",
      "isPremoderated": "false",
      "lastModified": "2017-08-08T19:48:43Z",
      "newspaperEditionDate": "2009-01-15T00:00:00Z",
      "productionOffice": "UK",
      "publication": "theguardian.com",
      "shortUrl": "https://gu.com/p/2485m",
      "shouldHideAdverts": "false",
      "showInRelatedContent": "true",
      "legallySensitive": "false",
      "lang": "en",
      "bodyText": "We've heard far too many bad jokes about Richard Batista, the Long Island surgeon suing his estranged wife, Dawnell, over the kidney he donated to save her life when they were married. He insists she had an affair. As Lisa Bloom, a legal analyst on CBS, put it: \"She ripped out his heart, but he doesn't get to rip out her kidney.\" In other words: habeas kidney? The complications of married love gone pear-shaped are being reduced to the fate of one internal organ, but Dr Batista's demand is rhetorical. If Dawnell doesn't return the organ, he'll settle for $1.5m. When something as deceptively simple as a body part becomes the focus of a news story, we resort to nervous laughter. In the post-Bernard Madoff economy, inflated numbers are another cause for merriment. Batista's strategy, batty and vulgar though it sounds, is not entirely without logic. In the 21st century, human kidneys are commodities. However, organ selling is illegal in most countries, and the ban seems to have some merit. Though it's being challenged by American Enterprise Institute's Sally Satel and others, American doctors are expected to take the ban seriously. As Batista is a practicing doctor, his lawsuit raises special questions. Does he have an opinion about the ethics of buying and selling organs? Or does he see himself as the medical equivalent of a hired gun who leaves these philosophical problems to professional ethicists? What would he do if he heard that someone at Nassau University Medical Centre \u2013 his workplace \u2013 was in the business of brokering kidneys? Is he brokering his own kidney, retroactively? Another wrinkle emerges. A kidney usually sells for a lot less than $1.5m, so why is Batista naming such an outlandish price? Vanity, perhaps. We've always heard that surgeons are a bit egotistical. Does he think his internal organs are worth that much more than an ordinary person's? Perhaps he feels that an affluent American kidney should cost a lot just because everything else does. He may think his internal organs are more precious than those of a person driven by poverty. He gave his kidney for love, so its monetary value is grossly inflated to match its sentimental status. Whatever the explanation, he has turned his marital problems into a circus for the press, and Dominic Barbara, his abrasive-sounding lawyer, appears to be encouraging him. What lessons should we take away from the Batista divorce proceedings? Beware your assumptions. Never imagine that you're too experienced to be manipulated by stereotypes. When I first heard this tale, I readily believed Dr Batista's version of the break-up. Why didn't his wife find a way to step out on him discreetly, spare his feelings and keep the marriage together? Shouldn't she stay with him for the sake of the kidney? And why can't he visit his kids? These were my first questions. Somehow, I jumped to the conclusion that anyone who donates a kidney can do no wrong, and found it easy to believe this saintly figure when he said he was being deprived of time with his children. At a news conference on Tuesday, Dawnell's side of the story began to emerge. She asserts that her husband was so paranoid he was checking her underwear for evidence of an affair she never had. Her lawyer announced that visitation with the children has never been denied. It turns out that Batista's kidney wasn't the first transplant Dawnell received but her third, and the decision was pregnancy-related. Given what she has been through, medically speaking, you wonder why Batista's lawyer thinks it necessary or wise to seek \"the incarceration of the wife\". To what extent is a confused, unhappy husband being manipulated by his attorney? And how many men are perhaps too proud to admit they could be misled in this way? This, of course, makes it harder to back down from his untenable position. If you're going through the break-up from hell, you might want to reassess your complaints in light of the Batista divorce. Perhaps your relationship problems aren't so bad, after all. Dividing your assets so you can both move on isn't that hard, if that's what you really want \u2013 and if that's all you want, you are fortunate. When we do something for love, it's fruitless to turn around later and put a price on it. That's why break-ups that turn into financial disputes are lengthy and painful. The temptation to exact financial revenge on someone you have loved is hard for many to resist, but it brings no lasting satisfaction, even if you win.",
      "charCount": "4498"
    },
    "isHosted": false,
    "pillarId": "pillar/opinion",
    "pillarName": "Opinion"
  },
  {
    "id": "football/2009/jan/15/wenger-arshavin-arsenal",
    "type": "article",
    "sectionId": "football",
    "sectionName": "Football",
    "webPublicationDate": "2009-01-15T13:54:45Z",
    "webTitle": "Arsenal manager Ars\u00e8ne Wenger confident he can sign Zenit's Andrei Arshavin",
    "webUrl": "https://www.theguardian.com/football/2009/jan/15/wenger-arshavin-arsenal",
    "apiUrl": "https://content.guardianapis.com/football/2009/jan/15/wenger-arshavin-arsenal",
    "fields": {
      "headline": "Wenger still talking to Zenit about Arshavin but balking at \u00a320m tag",
      "standfirst": "\u2022 Manager hopeful but admits no signings imminent <br />\u2022 Says injured Eduardo only weeks away from return",
      "trailText": "Ars\u00e8ne Wenger has said Arsenal are still hopeful of signing Andrei Arshavin but 'have principles' over Zenit's \u00a320m price tag",
      "byline": "David Hytner",
      "main": "<figure class=\"element element-image\" data-media-id=\"gu-image-341818355\"> <img src=\"http://static.guim.co.uk/sys-images/Football/Pix/pictures/2008/12/28/1230501244939/Andrei-Arshavin-001.jpg\" alt=\"Andrei Arshavin\" width=\"460\" height=\"276\" class=\"gu-image\" /> <figcaption> <span class=\"element-image__caption\">Andrei Arshavin is in Ars\u00e8ne Wenger's sights but the Arsenal manager will not be held to ransome by Zenit. Photograph: Javier Soriano/AFP/Getty Images</span> </figcaption> </figure>",
      "body": "<p>Ars\u00e8ne Wenger remains hopeful of concluding a deal to bring Andrei Arshavin to Arsenal but says he will not be held to ransom by the \u00a320m valuation placed on the Russian by his club Zenit St Petersburg.</p> <p>Wenger said today: \"We are still nowhere with him [Arshavin], that means we are not close to signing anyone . . . We are in negotiations [with Zenit over Arshavin] but we have our principles.\"</p> <p>The Arsenal manager added: \"I am very hopeful ... because the market closes at the end of the month, but if it does not happen, it does not happen.</p> <p>\"We have a few options available although we are not close to any of them \u2013 everything is open. Do not forget we have [Tomas] Rosicky, [Cesc] F\u00e1bregas and [Theo] Walcott who are all creative and offensive players and will come back from their injuries at some stage, as will Eduardo [Da Silva]. He has recovered very well and he would be like a new signing. For me, he is two to three weeks away.\"</p> <p>Arsenal are thought to have offered no more than \u00a315m for Arshavin while the Uefa Cup holders have been holding out for around \u00a320m. Wenger maintains his traditionally prudent club will not break the bank to compete with the spending power of Manchester City. \"It leaves Arsenal where we are. That means we spend the money we produce and we make. We are in a world where we live from three kinds of income \u2013 gate receipts, the sponsors and the television money. That is the real world of football.</p> <p>\"The rest is exceptional and is not the rule of our world. It is a special income with unlimited resources, but it is not the real world. Whether it is us, Sunderland or Coventry, we live with the same rules. Manchester City are in a different world because they do not live with their income.\"</p>",
      "wordcount": "317",
      "commentable": "false",
      "isPremoderated": "false",
      "lastModified": "2017-03-01T10:16:20Z",
      "newspaperEditionDate": "2009-01-15T00:00:00Z",
      "productionOffice": "UK",
      "publication": "theguardian.com",
      "shortUrl": "https://gu.com/p/248p7",
      "shouldHideAdverts": "false",
      "showInRelatedContent": "true",
      "legallySensitive": "false",
      "lang": "en",
      "bodyText": "Ars\u00e8ne Wenger remains hopeful of concluding a deal to bring Andrei Arshavin to Arsenal but says he will not be held to ransom by the \u00a320m valuation placed on the Russian by his club Zenit St Petersburg. Wenger said today: \"We are still nowhere with him [Arshavin], that means we are not close to signing anyone . . . We are in negotiations [with Zenit over Arshavin] but we have our principles.\" The Arsenal manager added: \"I am very hopeful ... because the market closes at the end of the month, but if it does not happen, it does not happen. \"We have a few options available although we are not close to any of them \u2013 everything is open. Do not forget we have [Tomas] Rosicky, [Cesc] F\u00e1bregas and [Theo] Walcott who are all creative and offensive players and will come back from their injuries at some stage, as will Eduardo [Da Silva]. He has recovered very well and he would be like a new signing. For me, he is two to three weeks away.\" Arsenal are thought to have offered no more than \u00a315m for Arshavin while the Uefa Cup holders have been holding out for around \u00a320m. Wenger maintains his traditionally prudent club will not break the bank to compete with the spending power of Manchester City. \"It leaves Arsenal where we are. That means we spend the money we produce and we make. We are in a world where we live from three kinds of income \u2013 gate receipts, the sponsors and the television money. That is the real world of football. \"The rest is exceptional and is not the rule of our world. It is a special income with unlimited resources, but it is not the real world. Whether it is us, Sunderland or Coventry, we live with the same rules. Manchester City are in a different world because they do not live with their income.\"",
      "charCount": "1734"
    },
    "isHosted": false,
    "pillarId": "pillar/sport",
    "pillarName": "Sport"
  },
  {
    "id": "business/2009/jan/15/halfordsgroup-retail",
    "type": "article",
    "sectionId": "business",
    "sectionName": "Business",
    "webPublicationDate": "2009-01-15T13:42:42Z",
    "webTitle": "Halford sales down 7.8% despite DIY surge",
    "webUrl": "https://www.theguardian.com/business/2009/jan/15/halfordsgroup-retail",
    "apiUrl": "https://content.guardianapis.com/business/2009/jan/15/halfordsgroup-retail",
    "fields": {
      "headline": "Halfords sales down 7.8% despite DIY surge",
      "trailText": "'Make do and mend' spirit boosts demand for car maintenance products but chain is hit by fall in price of sat-nav systems",
      "byline": "Julia Finch",
      "main": "",
      "body": "<p>Motor accessories and bicycle store Halfords has received a boost from cash-strapped drivers who have decided to make do and mend their existing cars rather than splash out on a new model.</p> <p>The 462-store chain today said it had seen much greater demand for DIY car maintenance products and bicycles \u2013 both for pleasure and commuting \u2013 but like-for-like sales in the 13 weeks to 26 December were still down 7.8%.</p> <p>Halfords said the two black spots in its business were a big downturn in revenue from sales of satellite navigation devices \u2013 largely because of a 25% fall in prices \u2013 and a particularly poor performance in its stores in Ireland, which is experiencing an even sharper economic slowdown than the UK.</p> <p>Halfords, which last month announced 250 job losses, said it would meet full-year profit expectations of \u00a390m, because the fall in underlying sales had been offset by increasing its gross profit margin by 2%. Car maintenance products generate far higher profit margins than satellite navigation systems. The shares were down 2.75p, to 234p, by lunchtime.</p> <p>Chief executive David Wild, who joined Halfords last year from Wal-Mart, said: \"As we enter 2009, we anticipate that the consumer environment will remain challenging for the whole retail sector\".</p>",
      "wordcount": "206",
      "commentable": "false",
      "isPremoderated": "false",
      "lastModified": "2017-12-02T18:36:15Z",
      "newspaperEditionDate": "2009-01-15T00:00:00Z",
      "productionOffice": "UK",
      "publication": "theguardian.com",
      "shortUrl": "https://gu.com/p/248p4",
      "shouldHideAdverts": "false",
      "showInRelatedContent": "true",
      "legallySensitive": "false",
      "lang": "en",
      "bodyText": "Motor accessories and bicycle store Halfords has received a boost from cash-strapped drivers who have decided to make do and mend their existing cars rather than splash out on a new model. The 462-store chain today said it had seen much greater demand for DIY car maintenance products and bicycles \u2013 both for pleasure and commuting \u2013 but like-for-like sales in the 13 weeks to 26 December were still down 7.8%. Halfords said the two black spots in its business were a big downturn in revenue from sales of satellite navigation devices \u2013 largely because of a 25% fall in prices \u2013 and a particularly poor performance in its stores in Ireland, which is experiencing an even sharper economic slowdown than the UK. Halfords, which last month announced 250 job losses, said it would meet full-year profit expectations of \u00a390m, because the fall in underlying sales had been offset by increasing its gross profit margin by 2%. Car maintenance products generate far higher profit margins than satellite navigation systems. The shares were down 2.75p, to 234p, by lunchtime. Chief executive David Wild, who joined Halfords last year from Wal-Mart, said: \"As we enter 2009, we anticipate that the consumer environment will remain challenging for the whole retail sector\".",
      "charCount": "1260"
    },
    "isHosted": false,
    "pillarId": "pillar/news",
    "pillarName": "News"
  },
  {
    "id": "media/2009/jan/15/andy-duncan-dismisses-channel-4-merger-with-five",
    "type": "article",
    "sectionId": "media",
    "sectionName": "Media",
    "webPublicationDate": "2009-01-15T10:43:34Z",
    "webTitle": "Andy Duncan dismisses merger of Channel 4 with Five",
    "webUrl": "https://www.theguardian.com/media/2009/jan/15/andy-duncan-dismisses-channel-4-merger-with-five",
    "apiUrl": "https://content.guardianapis.com/media/2009/jan/15/andy-duncan-dismisses-channel-4-merger-with-five",
    "fields": {
      "headline": "Andy Duncan dismisses merger of Channel 4 with Five",
      "trailText": "<p>The Channel 4 chief executive has said a tie-up with Five would be like trying to 'mix oil and water'. By <strong>Mark Sweney</strong></p>",
      "byline": "Mark Sweney and Leigh Holmwood",
      "main": "<figure class=\"element element-image\" data-media-id=\"gu-image-341889972\"> <img src=\"http://static.guim.co.uk/sys-images/Media/Pix/pictures/2009/01/15/AndyDuncan460.jpg\" alt=\"Andy Duncan\" width=\"460\" height=\"276\" class=\"gu-image\" /> <figcaption> <span class=\"element-image__caption\">Andy Duncan: said a merger 'made no sense whatsoever'. Photograph: Channel 4</span> </figcaption> </figure>",
      "body": "<p>The Channel 4 chief executive, Andy Duncan, has today dismissed a merger with Channel Five as the answer to the broadcaster's funding issues, saying such a move would be like trying to \"mix oil and water\".</p> <p>Duncan said that the idea of a merger with Five, which some have argued could solve Channel 4's potential funding gap of up to \u00a3150m a year by 2012, would \"make no sense whatsoever\".</p> <p>\"It makes no sense whatsoever to imagine that merging a not-for-profit publicly owned broadcast business with a for-profit, privately owned broadcaster is going to solve the fundamental structural problems we are all facing. Mixing oil and water doesn't work. It just makes a mess,\" he added, speaking today at an event organised by the National Endowment for Science, Technology and the Arts.</p> <p>He argued that giving shareholders a stake in Channel 4 would reduce the advertiser-funded public service broadcaster's ability to \"reinvest in British creativity and would damage the cultural and social benefits\" it delivers to the public.</p> <p>Duncan said that the idea of consolidating UK advertiser-funded broadcasters was like \"penguins crowding together for safety on a rapidly melting ice floe\".</p> <p>He argued that the kind of structural issues facing broadcasters, such as the shift of viewers and advertising from TV to the internet, would not be solved by \"trying to fix the problems of the future with the solutions of the past\".</p> <p>Duncan also made a thinly-veiled attack on US web search giant Google's lack of investment in the UK creative industries. \"In the new online world the bulk of the ad revenues \u2013 over \u00a32bn of that \u00a33bn [value of the UK internet ad market] \u2013 goes straight back to the US and very little of the entire sum finds its way into UK content production,\" he said.</p> <p>Duncan also said that the government's Digital Britain action plan, due to be unveiled by the communications minister, Lord Carter, later this month, was an opportunity to \"consolidate and strengthen the whole creative industry sector\".</p> <p>He called on the media industry to stop being divisive and to work together \u2013 a veiled reference to the BBC, which is resisting Channel 4's preferred solution for securing its future funding: a deal with the corporation's commercial arm, BBC Worldwide.</p> <p>\"When resources are tight and all our inclinations are to pull the corporate wagons into a circle and fight to defend our own vested interests, that is exactly the time when we need to be at our boldest and most imaginative,\" he said.</p> <p>Duncan said the broadcasting sector needed \"radical re-engineering\" and that \"simple consolidation without addressing the structural issues won't change anything\". \"Let's not kid ourselves,\" he added.</p> <p>He also criticised the BBC's \"modest\" partnerships, saying that most, aside from a link-up with BBC Worldwide, would not help Channel 4 financially and missed the bigger issues.</p> <p>\"Beyond the Worldwide idea, none help us financially. There is a real danger of mucking around at the edges with a lot of these ideas. I honestly think this is tinkering around at the edges without addressing the real issues,\" Duncan said.</p> <p>When it <a href=\"http://www.theguardian.com/media/2008/dec/12/bbc-internet-digital-technology-proposals\" title=\"\">unveiled the partnership plans in December</a>, the BBC claimed the ideas \u2013 such as sharing its online and digital technology, including the iPlayer broadband TV service, and creating a new internet-enabled digital TV set-top box \u2013 would bring benefits worth at least \u00a3120m a year to the rest of the public service broadcasting sector. However, other broadcasters have questioned whether these initiatives would provide this level of financial benefit.</p> <p>Yesterday, the BBC chief operating officer, Caroline Thomson, <a href=\"http://www.theguardian.com/media/2009/jan/14/tv-licence-could-be-cheaper\" title=\"\">speaking to the House of Lords communications committee</a>, said the corporation was disappointed that Channel 4 had \"not been positive about much of the published propositions\".</p> <p><em>\u2022&#xa0;To contact the MediaGuardian news desk email editor@mediatheguardian.com or phone 020 3353 3857. For all other inquiries please call the main Guardian switchboard on 020 3353 2000.</em></p> <p><em>\u2022 If you are writing a comment for publication, please mark clearly \"for publication\".</em></p>",
      "wordcount": "659",
      "commentCloseDate": "2009-01-18T10:43:00Z",
      "commentable": "true",
      "isPremoderated": "false",
      "lastModified": "2016-08-11T16:57:48Z",
      "newspaperEditionDate": "2009-01-15T00:00:00Z",
      "productionOffice": "UK",
      "publication": "theguardian.com",
      "shortUrl": "https://gu.com/p/248ty",
      "shouldHideAdverts": "false",
      "showInRelatedContent": "true",
      "legallySensitive": "false",
      "lang": "en",
      "bodyText": "The Channel 4 chief executive, Andy Duncan, has today dismissed a merger with Channel Five as the answer to the broadcaster's funding issues, saying such a move would be like trying to \"mix oil and water\". Duncan said that the idea of a merger with Five, which some have argued could solve Channel 4's potential funding gap of up to \u00a3150m a year by 2012, would \"make no sense whatsoever\". \"It makes no sense whatsoever to imagine that merging a not-for-profit publicly owned broadcast business with a for-profit, privately owned broadcaster is going to solve the fundamental structural problems we are all facing. Mixing oil and water doesn't work. It just makes a mess,\" he added, speaking today at an event organised by the National Endowment for Science, Technology and the Arts. He argued that giving shareholders a stake in Channel 4 would reduce the advertiser-funded public service broadcaster's ability to \"reinvest in British creativity and would damage the cultural and social benefits\" it delivers to the public. Duncan said that the idea of consolidating UK advertiser-funded broadcasters was like \"penguins crowding together for safety on a rapidly melting ice floe\". He argued that the kind of structural issues facing broadcasters, such as the shift of viewers and advertising from TV to the internet, would not be solved by \"trying to fix the problems of the future with the solutions of the past\". Duncan also made a thinly-veiled attack on US web search giant Google's lack of investment in the UK creative industries. \"In the new online world the bulk of the ad revenues \u2013 over \u00a32bn of that \u00a33bn [value of the UK internet ad market] \u2013 goes straight back to the US and very little of the entire sum finds its way into UK content production,\" he said. Duncan also said that the government's Digital Britain action plan, due to be unveiled by the communications minister, Lord Carter, later this month, was an opportunity to \"consolidate and strengthen the whole creative industry sector\". He called on the media industry to stop being divisive and to work together \u2013 a veiled reference to the BBC, which is resisting Channel 4's preferred solution for securing its future funding: a deal with the corporation's commercial arm, BBC Worldwide. \"When resources are tight and all our inclinations are to pull the corporate wagons into a circle and fight to defend our own vested interests, that is exactly the time when we need to be at our boldest and most imaginative,\" he said. Duncan said the broadcasting sector needed \"radical re-engineering\" and that \"simple consolidation without addressing the structural issues won't change anything\". \"Let's not kid ourselves,\" he added. He also criticised the BBC's \"modest\" partnerships, saying that most, aside from a link-up with BBC Worldwide, would not help Channel 4 financially and missed the bigger issues. \"Beyond the Worldwide idea, none help us financially. There is a real danger of mucking around at the edges with a lot of these ideas. I honestly think this is tinkering around at the edges without addressing the real issues,\" Duncan said. When it unveiled the partnership plans in December, the BBC claimed the ideas \u2013 such as sharing its online and digital technology, including the iPlayer broadband TV service, and creating a new internet-enabled digital TV set-top box \u2013 would bring benefits worth at least \u00a3120m a year to the rest of the public service broadcasting sector. However, other broadcasters have questioned whether these initiatives would provide this level of financial benefit. Yesterday, the BBC chief operating officer, Caroline Thomson, speaking to the House of Lords communications committee, said the corporation was disappointed that Channel 4 had \"not been positive about much of the published propositions\". \u2022 To contact the MediaGuardian news desk email editor@mediatheguardian.com or phone 020 3353 3857. For all other inquiries please call the main Guardian switchboard on 020 3353 2000. \u2022 If you are writing a comment for publication, please mark clearly \"for publication\".",
      "charCount": "4077"
    },
    "isHosted": false,
    "pillarId": "pillar/news",
    "pillarName": "News"
  },
  {
    "id": "business/2009/jan/15/primark-sales",
    "type": "article",
    "sectionId": "business",
    "sectionName": "Business",
    "webPublicationDate": "2009-01-15T08:32:19Z",
    "webTitle": "Sales soar 20% at Primark",
    "webUrl": "https://www.theguardian.com/business/2009/jan/15/primark-sales",
    "apiUrl": "https://content.guardianapis.com/business/2009/jan/15/primark-sales",
    "fields": {
      "headline": "Sales soar at Primark",
      "trailText": "Cut-price fashion store enjoys another successful Christmas as recession hammers consumer spending power",
      "byline": "Graeme Wearden",
      "main": "",
      "body": "<p>Primark has enjoyed another successful Christmas, with sales soaring by more than a fifth as its cut-price chic continued to appeal to shoppers.</p> <p>Parent company Associated British Foods said today that total sales at the fashion store rose by 21% in the final 16 weeks of last year.</p> <p>The sharp rise was partly attributed to Primark opening six new stores during the year, but the group said like-for-like sales growth, which excludes new space, was \"very strong\" at around 4%.</p> <p>Primark's performance provides further evidence that shoppers are becoming increasingly thrifty as the recession hammers consumer confidence \u2013 a trend that sent <a href=\"http://www.theguardian.com/business/2009/jan/07/marks-spencer-jobs-stores\" title=\"\">clothing sales falling sharply at Marks &amp; Spencer</a>.</p> <p>Primark fired several suppliers in 2008 following allegations that they were using child labour. But this week, allegations emerged that one of its UK suppliers was subjecting its <a href=\"http://www.theguardian.com/business/2009/jan/11/primark-ethical-business-living\" title=\"\">workers to sweatshop conditions</a>, with illegal immigrants receiving just half the minimum wage for 12-hour days, seven days a week.</p> <p>ABF produces Kingsmill, Ryvita, Ovaltine, Jordans, Patak and Twinings and is the world's second-largest producer of sugar.</p> <p>The company warned that it expected to be hit by the \"worsening economic climate, and particularly the pressure on consumer spending\".</p> <p>Its sugar division has been was hit by a collapse in prices in China, due to a glut in the domestic market. And sales of ingredients to ethnic restaurants in the UK had also fallen, ABF said.</p>",
      "wordcount": "232",
      "commentCloseDate": "2009-01-18T08:32:19Z",
      "commentable": "true",
      "isPremoderated": "false",
      "lastModified": "2017-12-02T18:36:16Z",
      "newspaperEditionDate": "2009-01-15T00:00:00Z",
      "productionOffice": "UK",
      "publication": "theguardian.com",
      "shortUrl": "https://gu.com/p/248c8",
      "shouldHideAdverts": "false",
      "showInRelatedContent": "true",
      "legallySensitive": "false",
      "lang": "en",
      "bodyText": "Primark has enjoyed another successful Christmas, with sales soaring by more than a fifth as its cut-price chic continued to appeal to shoppers. Parent company Associated British Foods said today that total sales at the fashion store rose by 21% in the final 16 weeks of last year. The sharp rise was partly attributed to Primark opening six new stores during the year, but the group said like-for-like sales growth, which excludes new space, was \"very strong\" at around 4%. Primark's performance provides further evidence that shoppers are becoming increasingly thrifty as the recession hammers consumer confidence \u2013 a trend that sent clothing sales falling sharply at Marks &amp; Spencer. Primark fired several suppliers in 2008 following allegations that they were using child labour. But this week, allegations emerged that one of its UK suppliers was subjecting its workers to sweatshop conditions, with illegal immigrants receiving just half the minimum wage for 12-hour days, seven days a week. ABF produces Kingsmill, Ryvita, Ovaltine, Jordans, Patak and Twinings and is the world's second-largest producer of sugar. The company warned that it expected to be hit by the \"worsening economic climate, and particularly the pressure on consumer spending\". Its sugar division has been was hit by a collapse in prices in China, due to a glut in the domestic market. And sales of ingredients to ethnic restaurants in the UK had also fallen, ABF said.",
      "charCount": "1451"
    },
    "isHosted": false,
    "pillarId": "pillar/news",
    "pillarName": "News"
  },
  {
    "id": "football/2009/jan/15/kaka-milan-manchester-city",
    "type": "article",
    "sectionId": "football",
    "sectionName": "Football",
    "webPublicationDate": "2009-01-15T00:55:00Z",
    "webTitle": "Rob Bagchi: What price scruples? New order is sheikh it or leave it",
    "webUrl": "https://www.theguardian.com/football/2009/jan/15/kaka-milan-manchester-city",
    "apiUrl": "https://content.guardianapis.com/football/2009/jan/15/kaka-milan-manchester-city",
    "fields": {
      "headline": "What price scruples? New order is sheikh it or leave it",
      "standfirst": "Kaka hesitating over a \u00a3\u00bdm a week is an affront to the game's avaricious name",
      "trailText": "<p><strong>Rob Bagchi: </strong>Kaka hesitating over a \u00a3\u00bdm a week is an affront to the game's avaricious name</p>",
      "byline": "Rob Bagchi",
      "main": "",
      "body": "<p>What's wrong with footballers these days? Manchester City reportedly offer Kaka \u00a3500,000 a week and does he snap their hand off at the wrist? No, he comes out with some sentimental tosh about wanting to \"grow old\" at Milan and nursing ambitions to become the club's captain.</p> <p>If that wasn't bad enough, up pops his representative, Diogo Kotscho, to proclaim: \"Kaka wouldn't do anything based on money. He would never do something like Robinho who, just to earn more, contented himself with a solution that was not a winning one.\"</p> <p>He wants to win things as well? Just when we thought we'd got footballers nicely boxed off, here comes one with a warped sense of priorities. We like to think of the modern elite professional as having the same values as Chester J Lampwick, the man who bankrupted the Itchy &amp; Scratchy studios on The Simpsons. \"I don't need any more money,\" he said. \"I'm not greedy. As long as I've got my health, my millions of dollars, my solid gold house and my rocket car, I don't need anything else.\"</p> <p>But bling and baubles and the ability to write off a Bugatti Veyron every fortnight and still have change for a drawer full of cashmere underpants have not yet proved to be City's clincher.</p> <p>During the past decade you've known where you stood with footballers as their largesse made commission millionaires of a select band of car dealers, Palm Island villa brokers and purveyors of vulgar watches.</p> <p>Premier League football has sailed through its gilded age, giving certain players the rock-star trimmings that tame the boredom after training. The only thing missing so far has been the enormous florists' bills but give it time.</p> <p>Kaka, though, is considering turning his back on all that and loyalty to Milan would be treachery to the top players' lifestyle aspirations. Of course, he is wealthy enough as it is, so rich indeed that he thinks he can afford to have expensive commodities like scruples.</p> <p>Milan has its obvious attractions but \u00a326m a year is enough to keep the wolf from the door even in these turbulent times. If he misses the Duomo, five years of City booty should give him the wherewithal to endow his own cathedral in Knutsford.</p> <p>Football has lost its marbles and, if Kaka does turn down City's millions and his stance proves contagious, many victims will suffer. Think of the Ferrari salesmen, Kaka, and do the right thing.</p>",
      "newspaperPageNumber": "5",
      "wordcount": "411",
      "commentable": "false",
      "isPremoderated": "false",
      "lastModified": "2017-11-29T04:34:59Z",
      "newspaperEditionDate": "2009-01-15T00:00:00Z",
      "productionOffice": "UK",
      "publication": "The Guardian",
      "shortUrl": "https://gu.com/p/24897",
      "shouldHideAdverts": "false",
      "showInRelatedContent": "true",
      "legallySensitive": "false",
      "lang": "en",
      "bodyText": "What's wrong with footballers these days? Manchester City reportedly offer Kaka \u00a3500,000 a week and does he snap their hand off at the wrist? No, he comes out with some sentimental tosh about wanting to \"grow old\" at Milan and nursing ambitions to become the club's captain. If that wasn't bad enough, up pops his representative, Diogo Kotscho, to proclaim: \"Kaka wouldn't do anything based on money. He would never do something like Robinho who, just to earn more, contented himself with a solution that was not a winning one.\" He wants to win things as well? Just when we thought we'd got footballers nicely boxed off, here comes one with a warped sense of priorities. We like to think of the modern elite professional as having the same values as Chester J Lampwick, the man who bankrupted the Itchy &amp; Scratchy studios on The Simpsons. \"I don't need any more money,\" he said. \"I'm not greedy. As long as I've got my health, my millions of dollars, my solid gold house and my rocket car, I don't need anything else.\" But bling and baubles and the ability to write off a Bugatti Veyron every fortnight and still have change for a drawer full of cashmere underpants have not yet proved to be City's clincher. During the past decade you've known where you stood with footballers as their largesse made commission millionaires of a select band of car dealers, Palm Island villa brokers and purveyors of vulgar watches. Premier League football has sailed through its gilded age, giving certain players the rock-star trimmings that tame the boredom after training. The only thing missing so far has been the enormous florists' bills but give it time. Kaka, though, is considering turning his back on all that and loyalty to Milan would be treachery to the top players' lifestyle aspirations. Of course, he is wealthy enough as it is, so rich indeed that he thinks he can afford to have expensive commodities like scruples. Milan has its obvious attractions but \u00a326m a year is enough to keep the wolf from the door even in these turbulent times. If he misses the Duomo, five years of City booty should give him the wherewithal to endow his own cathedral in Knutsford. Football has lost its marbles and, if Kaka does turn down City's millions and his stance proves contagious, many victims will suffer. Think of the Ferrari salesmen, Kaka, and do the right thing.",
      "charCount": "2361"
    },
    "isHosted": false,
    "pillarId": "pillar/sport",
    "pillarName": "Sport"
  },
  {
    "id": "sport/blog/2009/jan/15/kaka-manchester-city-ac-milan",
    "type": "article",
    "sectionId": "sport",
    "sectionName": "Sport",
    "webPublicationDate": "2009-01-15T00:05:04Z",
    "webTitle": "Lawrence Donegan: Roman Abramovich can show Manchester City's sheikh the price of a rich man's folly",
    "webUrl": "https://www.theguardian.com/sport/blog/2009/jan/15/kaka-manchester-city-ac-milan",
    "apiUrl": "https://content.guardianapis.com/sport/blog/2009/jan/15/kaka-manchester-city-ac-milan",
    "fields": {
      "headline": "Abramovich can show City's sheikh the price of a rich man's folly",
      "standfirst": "Outlandish bid for Kaka has stirred the blood of the Manchester City fans but they have always preferred fantasy to reality",
      "trailText": "<p><strong>Lawrence Donegan:</strong> Football can sometimes make fools of us, but with their bid for Kaka Manchester City may be making fools of themselves</p>",
      "byline": "Lawrence Donegan",
      "main": "",
      "body": "<p>For an urban architect born in mid-19th century America, Daniel Burnham appears to have an extraordinary grasp of the motivations of those who own English football in 2009. \"Make no little plans,\" said the man who helped shape cities such as Chicago and San Francisco. \"They have no magic to stir men's blood.\" For cities back then, we can read Manchester City now.</p> <p>Walking around yesterday morning in Abu Dhabi, where every street corner has given birth to a structure that is more accurately described as a grand architectural statement rather than a mere building, it quickly became clear that this is a people who have never met a little plan they haven't run a mile from.</p> <p>There is a debate to be had about the tastefulness of the locals' preferred urban landscape but that is probably best left to the professionals. Meanwhile, the rest of us can content ourselves with the knowledge that whatever they are doing in this corner of the world, they can afford it.</p> <p>According to a government fact-sheet shoved into my hand yesterday, the per capita net worth of Abu Dhabi's 420,000 citizens is \u00a311.5m. Some are richer than others, of course, which mundane observation brings us to the extraordinary news that Manchester City, owned by Abu Dhabi's Sheikh Mansour bin Zayed Al Nahyan, were prepared to spend \u00a393m to secure the services of Milan's Kaka. How's that for a piece of financial magic to stir the blood of men?</p> <p>Suffice to say, it has stirred the blood of that cross-section of City fans who prefer fantasy to reality, who would rather dream about what might be rather than what is. And who can blame them this indulgence when \"what is\" is 15th place in the Premier League, a manager with the job security of Brad Pitt's beauty adviser and a squad that has not been put together with a view to scrapping its way out of the relegation cesspit.</p> <p>The rest of us, meanwhile, can afford to look upon all the shenanigans from Olympian height before coming to a more detached conclusion.</p> <p>The most obvious temptation is look at the price tag and go no further than moral outrage at the obscenity of it; \u00a393m for a football player in these straitened times? How could those involved possibly justify such a figure?</p> <p>The answer, of course, is that they can't but that this hasn't stopped others doing likewise in the past, albeit on a less extravagant scale. In any case, if we accept football's right to operate within its own financial parameters then we have to accept the right of people like Sheikh Mansour to make fools of us all.</p> <p>We may not like this imposition but there are manifest compensations to be found in the injustice of it all, not least that in this instance the Sheikh and his advisers have made even greater fools of themselves.</p> <p>Even if Kaka doesn't wind his way to Eastlands \u2013 and with every passing minute yesterday the fantasy appeared to be fading \u2013 there will be another Kaka along in a minute, another talented footballer to bolster the midfield and, more importantly, to show the world that money is indeed no object for the man who owns Manchester City.</p> <p>This is familiar behaviour for those who observed the \"glory years\" of Roman Abramovich, the owner of what was previously the fattest wallet in English football.</p> <p>These days the Russian is almost a mythic figure, seldom seen at Chelsea, presumably because he prefers to nurse his king-sized financial headache in the privacy of his Mediterranean yacht. Six hundred million spent and all he has left to show for his efforts are the contempt of Jose Mourinho and a team that might struggle to finish inside the top four of the Premier League.</p> <p>Who can blame Abramovich his need to escape such an embarrassment? Yet he should not feel too ashamed. At least he has bought himself a valuable lesson, and at a price that threatens to be significantly lower than that paid by Sheikh Mansour.</p> <p>That lesson is this. You cannot buy sustainable success in football, it needs to be built over time, perhaps over a period of 20 years. Big spending is required, no doubt, but so too is a belief in home-grown talent, an ability to dig out undiscovered potential and, most of all, patience. Just ask Sir Alex Ferguson, from whom everyone \u2013 even Daniel Burnham, but especially Sheikh Mansour of Abu Dhabi \u2013 can learn something about stirring the blood of men.</p> <h2>Montgomerie may lose out as green party votes Clarke</h2> <p>Lawrence Donegan There are parliamentary politics and then there are the politics of the Ryder Cup captaincy, which are far less important, of course, but much more Machiavellian. \"Statesmanlike,\" was the description used by George O'Grady, the chief executive of the European tTour, to describe a meeting of senior players the other night to decide who should captainlead Europe in Wales next year. O'Grady has a good sense of humour but even by his standards this was a terrific joke.</p> <p>For once the brethren of professional golfers, whose ability to keep a secret is right up there with their ability to deconstruct the philosophical meaning of Dostoyevsky's novels, have said nothing, although it is fair to say opinion is divided as to who will get the job.</p> <p>Jose Mari\u00eda Olaza\u00e1bal is the favourite, as he should be. But if he doesn'tdoes not want it the task it will probably fall to Miguel Angel Jime\u00e9nez, with Olaza\u00e1bal to follow in 2012. That brings us to the 2014 event in Scotland, which many had assumedthought would see Colin Montgomerie assume the role. mantle.</p> <p>Indeed, Monty assumed this more than most, although he might be less certain if he were to know about the growing support for a campaign to install the hugely popular Darren Clarke as the skipper for 2014.</p> <h2>O'Sullivan snookered into taking cue from Cowell</h2> <p>Those of us who have long considered Ronnie O'Sullivan as an indie voice in the middle-of-the-road world of professional snooker \u2014 a Johnny Marr in a land of Chris de Burghs \u2014 may have to revise our opinions after the Rocket made his views known on what is required to revive the fortunes of athe fading sport. \"It needs someone like Simon Cowell with entrepreneurial skills, someone who's more up to date in the modern world, that's a bit more dynamic,\" he said the other day.</p> <p>Desperate times call for desperation measures, of course, but, if the man singularly responsible for laying waste to much of the British music industry is the answer to snooker's problems, then maybe the sport isn'tmay not be worth saving at all.</p> <h2>Ben\u00edtez the donkey \u2013 but who will history call an ass?</h2> <p>There is nothing left to say on the subject on Rafa Ben\u00edtez's \"rant\" against Sir Alex Ferguson except this;: comparisons with Kevin Keegan's outburst at the Manchester United manager in the run-up to the climax of the 1995-96 season are somewhat misplaced. If memory serves right, Keegan was praised for his forthrightness at the time he spoke out and . It was only afterwards, when Newcastle crumbled under pressure, that the story was re-written as a parable of Fergie's psychological mastery.</p> <p>Ben\u00edtez has already been cast as the hapless donkey in the 2009 remake, but let us just see how the season unfolds. By and large winners get to write the history and if Liverpool ultimately prevail in the league race then last Friday will be forever remembered as the day the old master was put in his place.</p>",
      "newspaperPageNumber": "8",
      "wordcount": "1271",
      "commentCloseDate": "2009-01-22T00:05:00Z",
      "commentable": "true",
      "isPremoderated": "false",
      "lastModified": "2017-11-29T04:35:34Z",
      "newspaperEditionDate": "2009-01-15T00:00:00Z",
      "productionOffice": "UK",
      "publication": "The Guardian",
      "shortUrl": "https://gu.com/p/2486m",
      "shouldHideAdverts": "false",
      "showInRelatedContent": "true",
      "legallySensitive": "false",
      "lang": "en",
      "bodyText": "For an urban architect born in mid-19th century America, Daniel Burnham appears to have an extraordinary grasp of the motivations of those who own English football in 2009. \"Make no little plans,\" said the man who helped shape cities such as Chicago and San Francisco. \"They have no magic to stir men's blood.\" For cities back then, we can read Manchester City now. Walking around yesterday morning in Abu Dhabi, where every street corner has given birth to a structure that is more accurately described as a grand architectural statement rather than a mere building, it quickly became clear that this is a people who have never met a little plan they haven't run a mile from. There is a debate to be had about the tastefulness of the locals' preferred urban landscape but that is probably best left to the professionals. Meanwhile, the rest of us can content ourselves with the knowledge that whatever they are doing in this corner of the world, they can afford it. According to a government fact-sheet shoved into my hand yesterday, the per capita net worth of Abu Dhabi's 420,000 citizens is \u00a311.5m. Some are richer than others, of course, which mundane observation brings us to the extraordinary news that Manchester City, owned by Abu Dhabi's Sheikh Mansour bin Zayed Al Nahyan, were prepared to spend \u00a393m to secure the services of Milan's Kaka. How's that for a piece of financial magic to stir the blood of men? Suffice to say, it has stirred the blood of that cross-section of City fans who prefer fantasy to reality, who would rather dream about what might be rather than what is. And who can blame them this indulgence when \"what is\" is 15th place in the Premier League, a manager with the job security of Brad Pitt's beauty adviser and a squad that has not been put together with a view to scrapping its way out of the relegation cesspit. The rest of us, meanwhile, can afford to look upon all the shenanigans from Olympian height before coming to a more detached conclusion. The most obvious temptation is look at the price tag and go no further than moral outrage at the obscenity of it; \u00a393m for a football player in these straitened times? How could those involved possibly justify such a figure? The answer, of course, is that they can't but that this hasn't stopped others doing likewise in the past, albeit on a less extravagant scale. In any case, if we accept football's right to operate within its own financial parameters then we have to accept the right of people like Sheikh Mansour to make fools of us all. We may not like this imposition but there are manifest compensations to be found in the injustice of it all, not least that in this instance the Sheikh and his advisers have made even greater fools of themselves. Even if Kaka doesn't wind his way to Eastlands \u2013 and with every passing minute yesterday the fantasy appeared to be fading \u2013 there will be another Kaka along in a minute, another talented footballer to bolster the midfield and, more importantly, to show the world that money is indeed no object for the man who owns Manchester City. This is familiar behaviour for those who observed the \"glory years\" of Roman Abramovich, the owner of what was previously the fattest wallet in English football. These days the Russian is almost a mythic figure, seldom seen at Chelsea, presumably because he prefers to nurse his king-sized financial headache in the privacy of his Mediterranean yacht. Six hundred million spent and all he has left to show for his efforts are the contempt of Jose Mourinho and a team that might struggle to finish inside the top four of the Premier League. Who can blame Abramovich his need to escape such an embarrassment? Yet he should not feel too ashamed. At least he has bought himself a valuable lesson, and at a price that threatens to be significantly lower than that paid by Sheikh Mansour. That lesson is this. You cannot buy sustainable success in football, it needs to be built over time, perhaps over a period of 20 years. Big spending is required, no doubt, but so too is a belief in home-grown talent, an ability to dig out undiscovered potential and, most of all, patience. Just ask Sir Alex Ferguson, from whom everyone \u2013 even Daniel Burnham, but especially Sheikh Mansour of Abu Dhabi \u2013 can learn something about stirring the blood of men. Montgomerie may lose out as green party votes Clarke Lawrence Donegan There are parliamentary politics and then there are the politics of the Ryder Cup captaincy, which are far less important, of course, but much more Machiavellian. \"Statesmanlike,\" was the description used by George O'Grady, the chief executive of the European tTour, to describe a meeting of senior players the other night to decide who should captainlead Europe in Wales next year. O'Grady has a good sense of humour but even by his standards this was a terrific joke. For once the brethren of professional golfers, whose ability to keep a secret is right up there with their ability to deconstruct the philosophical meaning of Dostoyevsky's novels, have said nothing, although it is fair to say opinion is divided as to who will get the job. Jose Mari\u00eda Olaza\u00e1bal is the favourite, as he should be. But if he doesn'tdoes not want it the task it will probably fall to Miguel Angel Jime\u00e9nez, with Olaza\u00e1bal to follow in 2012. That brings us to the 2014 event in Scotland, which many had assumedthought would see Colin Montgomerie assume the role. mantle. Indeed, Monty assumed this more than most, although he might be less certain if he were to know about the growing support for a campaign to install the hugely popular Darren Clarke as the skipper for 2014. O'Sullivan snookered into taking cue from Cowell Those of us who have long considered Ronnie O'Sullivan as an indie voice in the middle-of-the-road world of professional snooker \u2014 a Johnny Marr in a land of Chris de Burghs \u2014 may have to revise our opinions after the Rocket made his views known on what is required to revive the fortunes of athe fading sport. \"It needs someone like Simon Cowell with entrepreneurial skills, someone who's more up to date in the modern world, that's a bit more dynamic,\" he said the other day. Desperate times call for desperation measures, of course, but, if the man singularly responsible for laying waste to much of the British music industry is the answer to snooker's problems, then maybe the sport isn'tmay not be worth saving at all. Ben\u00edtez the donkey \u2013 but who will history call an ass? There is nothing left to say on the subject on Rafa Ben\u00edtez's \"rant\" against Sir Alex Ferguson except this;: comparisons with Kevin Keegan's outburst at the Manchester United manager in the run-up to the climax of the 1995-96 season are somewhat misplaced. If memory serves right, Keegan was praised for his forthrightness at the time he spoke out and . It was only afterwards, when Newcastle crumbled under pressure, that the story was re-written as a parable of Fergie's psychological mastery. Ben\u00edtez has already been cast as the hapless donkey in the 2009 remake, but let us just see how the season unfolds. By and large winners get to write the history and if Liverpool ultimately prevail in the league race then last Friday will be forever remembered as the day the old master was put in his place.",
      "charCount": "7284"
    },
    "isHosted": false,
    "pillarId": "pillar/sport",
    "pillarName": "Sport"
  },
  {
    "id": "world/2009/jan/15/russia-gas-bush",
    "type": "article",
    "sectionId": "world",
    "sectionName": "World news",
    "webPublicationDate": "2009-01-15T00:01:00Z",
    "webTitle": "Oiling the wheels",
    "webUrl": "https://www.theguardian.com/world/2009/jan/15/russia-gas-bush",
    "apiUrl": "https://content.guardianapis.com/world/2009/jan/15/russia-gas-bush",
    "fields": {
      "headline": "Oiling the wheels",
      "trailText": "<p><strong>Letter: </strong>You report: \"... Medvedev said he was referring to an agreement signed between Ukraine and the US. He did not name the agreement ...\"</p>",
      "main": "",
      "body": "<p>You report (New doubts as Russia agrees to resume gas supplies to Europe, 13 January): \"... Medvedev said he was referring to an agreement signed between Ukraine and the US. He did not name the agreement, but may have been referring to a strategic partnership deal signed last month in Washington.\" I find this fully in the Machiavellian spirit of Bush's foreign policy. Here in the last days of his reign, he keeps playing geopolitical games for which others will pay a heavy price. The goal is to prolong the EU-Russia fission so as to advance the dream of the Nabucco pipeline, from the Caspian Sea, avoiding Russia. It has little to do with Ukrainian or European \"energy security\". One can only hope the crisis is quickly resolved and the last Bush adventure ends in crushing failure, as all the others did, from Iraq to Georgia. The Ukrainians will pay a heavy price for the reckless adventure of their \"democratically elected\" US puppet, as Georgians did. <br><strong>Professor David Gurarie</strong><br>Cleveland, Ohio, USA</p>",
      "newspaperPageNumber": "31",
      "wordcount": "170",
      "commentable": "false",
      "isPremoderated": "false",
      "lastModified": "2017-04-12T14:58:42Z",
      "newspaperEditionDate": "2009-01-15T00:00:00Z",
      "productionOffice": "UK",
      "publication": "The Guardian",
      "shortUrl": "https://gu.com/p/248cd",
      "shouldHideAdverts": "false",
      "showInRelatedContent": "true",
      "legallySensitive": "false",
      "lang": "en",
      "bodyText": "You report (New doubts as Russia agrees to resume gas supplies to Europe, 13 January): \"... Medvedev said he was referring to an agreement signed between Ukraine and the US. He did not name the agreement, but may have been referring to a strategic partnership deal signed last month in Washington.\" I find this fully in the Machiavellian spirit of Bush's foreign policy. Here in the last days of his reign, he keeps playing geopolitical games for which others will pay a heavy price. The goal is to prolong the EU-Russia fission so as to advance the dream of the Nabucco pipeline, from the Caspian Sea, avoiding Russia. It has little to do with Ukrainian or European \"energy security\". One can only hope the crisis is quickly resolved and the last Bush adventure ends in crushing failure, as all the others did, from Iraq to Georgia. The Ukrainians will pay a heavy price for the reckless adventure of their \"democratically elected\" US puppet, as Georgians did. Professor David Gurarie Cleveland, Ohio, USA",
      "charCount": "1006"
    },
    "isHosted": false,
    "pillarId": "pillar/news",
    "pillarName": "News"
  },
  {
    "id": "business/2009/jan/15/market-forces-share-price",
    "type": "article",
    "sectionId": "business",
    "sectionName": "Business",
    "webPublicationDate": "2009-01-15T00:01:00Z",
    "webTitle": "Market forces: rally wiped out by concern over banking sector",
    "webUrl": "https://www.theguardian.com/business/2009/jan/15/market-forces-share-price",
    "apiUrl": "https://content.guardianapis.com/business/2009/jan/15/market-forces-share-price",
    "fields": {
      "headline": "Rally wiped out by concern over banking sector",
      "trailText": "<p><strong>Chris Tryhorn: </strong>London markets had a torrid day yesterday as fears for the health of the banking system intensified</p>",
      "byline": "Chris Tryhorn",
      "main": "",
      "body": "<p>London markets had a torrid day yesterday as fears for the health of the banking system intensified. Banks were among the biggest fallers as the FTSE 100 had its worst day for more than six weeks, dropping almost 5% to the blue-chip index's lowest level since 5 December. </p> <p>The sell-off started in earnest in morning trading and gathered pace after Wall Street opened lower on grim US retail figures. <strong>Royal Bank of Scotland</strong> led the day's losers, plunging more than 18%, or 9.4p, to 41.7p. This represents a loss of around \u00a35.5bn for the government, which bought its 58% stake in the bank for \u00a315bn at 65.5p a share. <strong>Barclays</strong> slid more than 14% to close down 23.8p at 142.1p, after it cut 2,100 commercial and retail jobs to add to the redundancies at its investment division. <strong>Lloyds TSB</strong> and <strong>HBOS</strong> both fell ahead of their merger next week, Lloyds down 15.8p to 117.2p, and HBOS falling by 10.9p to 70.1p.</p> <p><strong>HSBC</strong>, which alone among the high-street banks did not have to drum up extra funds last year, lost 51.25p to close at 588.75p, after analysts at Morgan Stanley argued it would need to raise up to $30bn of fresh capital.</p> <p>The <strong>FTSE 100</strong> closed at 4,180.64, down 218.51 points, having been down more than 280 points at one stage in the afternoon. The index has now racked up six straight days of losses, a decline of more than 450 points that has wiped out a post-Christmas rally. </p> <p>The turmoil extended way beyond the banking sector, with only four companies in positive territory. Shares in <strong>FirstGroup </strong>slipped by almost 15% to 358.75p after the transport company reported problems at its Greyhound bus division in north America.</p> <p>Falling metals prices and slackening demand depressed the shares of mining companies. <strong>Rio Tinto</strong>, which yesterday announced plans to cut diamond output in Australia and named Jim Leng as its new chairman, was down 175p at \u00a313.80. A rare success story was oil services and engineering group <strong>Amec</strong>, which predicted pre-tax profits last year would exceed \u00a3200m and promised 2009 would be \"another year of improved performance\". The shares rose 34.5p to 572p.</p> <p>In the FTSE 250 <strong>Punch Taverns </strong>dropped more than 30% after the pub group said like-for-like profits at its leased and tenanted business had fallen 12% year-on-year over the 20 weeks ending on 10 January. It was the first in a series of updates that will tell investors how the beleaguered pub sector fared over the Christmas and New Year period and dragged down rivals such as <strong>Enterprise Inns</strong>, down 14.25p to 47p, and <strong>Greene King</strong>, off 31.25p at 424p. Teathers analyst Kate Pettem remained bullish on Punch, arguing the risk to the company from a debt default had been overplayed. She recommended buying the shares, with a target price of 275p.</p>",
      "newspaperPageNumber": "26",
      "wordcount": "492",
      "commentable": "false",
      "isPremoderated": "false",
      "lastModified": "2017-11-26T20:17:15Z",
      "newspaperEditionDate": "2009-01-15T00:00:00Z",
      "productionOffice": "UK",
      "publication": "The Guardian",
      "shortUrl": "https://gu.com/p/2489b",
      "shouldHideAdverts": "false",
      "showInRelatedContent": "true",
      "legallySensitive": "false",
      "lang": "en",
      "bodyText": "London markets had a torrid day yesterday as fears for the health of the banking system intensified. Banks were among the biggest fallers as the FTSE 100 had its worst day for more than six weeks, dropping almost 5% to the blue-chip index's lowest level since 5 December. The sell-off started in earnest in morning trading and gathered pace after Wall Street opened lower on grim US retail figures. Royal Bank of Scotland led the day's losers, plunging more than 18%, or 9.4p, to 41.7p. This represents a loss of around \u00a35.5bn for the government, which bought its 58% stake in the bank for \u00a315bn at 65.5p a share. Barclays slid more than 14% to close down 23.8p at 142.1p, after it cut 2,100 commercial and retail jobs to add to the redundancies at its investment division. Lloyds TSB and HBOS both fell ahead of their merger next week, Lloyds down 15.8p to 117.2p, and HBOS falling by 10.9p to 70.1p. HSBC, which alone among the high-street banks did not have to drum up extra funds last year, lost 51.25p to close at 588.75p, after analysts at Morgan Stanley argued it would need to raise up to $30bn of fresh capital. The FTSE 100 closed at 4,180.64, down 218.51 points, having been down more than 280 points at one stage in the afternoon. The index has now racked up six straight days of losses, a decline of more than 450 points that has wiped out a post-Christmas rally. The turmoil extended way beyond the banking sector, with only four companies in positive territory. Shares in FirstGroup slipped by almost 15% to 358.75p after the transport company reported problems at its Greyhound bus division in north America. Falling metals prices and slackening demand depressed the shares of mining companies. Rio Tinto, which yesterday announced plans to cut diamond output in Australia and named Jim Leng as its new chairman, was down 175p at \u00a313.80. A rare success story was oil services and engineering group Amec, which predicted pre-tax profits last year would exceed \u00a3200m and promised 2009 would be \"another year of improved performance\". The shares rose 34.5p to 572p. In the FTSE 250 Punch Taverns dropped more than 30% after the pub group said like-for-like profits at its leased and tenanted business had fallen 12% year-on-year over the 20 weeks ending on 10 January. It was the first in a series of updates that will tell investors how the beleaguered pub sector fared over the Christmas and New Year period and dragged down rivals such as Enterprise Inns, down 14.25p to 47p, and Greene King, off 31.25p at 424p. Teathers analyst Kate Pettem remained bullish on Punch, arguing the risk to the company from a debt default had been overplayed. She recommended buying the shares, with a target price of 275p.",
      "charCount": "2721"
    },
    "isHosted": false,
    "pillarId": "pillar/news",
    "pillarName": "News"
  },
  {
    "id": "lifeandstyle/2009/jan/15/wine-rules",
    "type": "article",
    "sectionId": "lifeandstyle",
    "sectionName": "Life and style",
    "webPublicationDate": "2009-01-15T00:01:00Z",
    "webTitle": "Zoe Williams: The wine rules",
    "webUrl": "https://www.theguardian.com/lifeandstyle/2009/jan/15/wine-rules",
    "apiUrl": "https://content.guardianapis.com/lifeandstyle/2009/jan/15/wine-rules",
    "fields": {
      "headline": "The wine rules",
      "standfirst": "Are you stuck in a wine rut - buying the same old plonk time  and time again? Zoe Williams offers some refreshing tips",
      "trailText": "<p>Are you stuck in a wine rut - buying the same old plonk time  and time again? <strong>Zoe Williams</strong> offers some refreshing tips</p>",
      "byline": "Zoe Williams",
      "main": "<figure class=\"element element-image\" data-media-id=\"gu-image-341785687\"> <img src=\"http://static.guim.co.uk/sys-images/Lifeandhealth/Pix/pictures/2008/07/15/fizz7.jpg\" alt=\"Pouring a glass of Rose wine\" width=\"460\" height=\"276\" class=\"gu-image\" /> <figcaption> <span class=\"element-image__caption\">Pouring a glass of Rose wine</span> </figcaption> </figure>",
      "body": "<p>OK, there is good news and bad news - the good news is that, as a nation, we buy a lot of wine. Recession, schmecession. Vinexpo, the company that organises the world's largest wine exhibition, yesterday released figures that show that Britain has overtaken Germany and the United States to become the world's largest wine importer, buying 1.6bn bottles a year. Even taking into account the fact that we make little of our own wine, and most of it is eye-poppingly overpriced and tastes of wee, this is still amazing. Think how small we are, to drink so much. It's like waking up to find that we're an empire state all over again. Only drunk, and without an empire. </p> <p>If there is a downside, it is that we do not tend to buy very good wine. Robert Joseph, the international wine expert, says: \"We are terrific bargain-hunters. Other countries hunt for bargains on Wednesday; we hunt for bargains on Wednesday and Saturday.\" We flap towards two-for-one offers as if to pay the full price for anything would be a mug's game. Jamie Ivey, vintner and author of Extremely Pale Ros\u00e9, says: \"My background is that I was a typical English wine consumer, I guess. I went to Threshers or Oddbins and bought what was on offer. And whatever they had, I'd buy at around the \u00a35 mark. I had a little bit of knowledge, but not too much.\" </p> <p>That's the way we all do it, isn't it? I buy all mine from Virgin Wines, because not only are there always offers, but I love the way it just appears on my doorstep, like magic. But it doesn't have to be this way - we can buy nicer wine, for no more money, extend our range and palates and knowledge, and take more pleasure from it if we follow six simple rules. </p> <p>Seriously, if we're going to sink 1.6bn bottles of this stuff, won't it be worth it?</p> <h2>1 Not all supermarkets are the same</h2> <p>It is tempting to write off supermarkets altogether, since they have such a bad press among wine-makers, and they do so much to encourage, or rather create, the buyer-behaviour that locks us all into a whole week of BOGOF Jacob's Creek. Adam Lechmere, editor-at-large of Decanter magazine, explains: \"Supermarkets would love us all to trade up. They're well aware that this great wall of wine stops people doing that. You get there, you're knackered, your children are howling, and you just go for Jacob's and the Wolf Blass.\" Plus, they drive a swingeing bargain with producers, so the featured wines are just the ones with the biggest marketing budgets, which tend to be the biggest producers, which tend to make the most uninteresting wines. </p> <p>However, academic Kathleen Burk, author (with Michael Bywater) of The Secret Life of Wine, thinks that Waitrose is brilliant. \"I don't think I've ever had a bad wine from Waitrose,\" she says. \"Three of their buyers are Masters of Wine, and there are only about 260 of those in the world.\" She thinks that Majestic is better than Oddbins and Threshers, and says that because Oddbins, what remains of it, has just been bought back off its French owners by its founder, we can expect a return to the glory days. Don't be a snob, in other words. Though having said that ...</p> <h2>2 Try boutique off-licences and small producers</h2> <p>Recommended, from all the experts mentioned, are the following: Lea &amp; Sandeman, Green &amp; Blue Wines, Berry Brothers, Philglas &amp; Swiggot and Imbibros. To that I would add Wines of the World, but only because they'll let me take my dog in. Lechmere stresses the importance of expertise from the shop assistants. You can get high-quality advice, as well as tastings, in posh offies. There are plenty of websites that are just virtual supermarkets, but most experts speak highly of the Wine Society, which, Burk recaps, \"is a co-operative that began in 1874, when various gentlemen didn't want to go through brokers - they wanted to go directly to producers\". Lechmere also rates <a href=\"http://www.everywine.co.uk\">everywine.co.uk</a>. A new site is <a href=\"http://nakedwines.com\">nakedwines.com</a>, run by Rowan Gormley, a banker turned wine buff (good timing), which he describes as a \"farmers' market, on the internet, for wine\". New and Old World, all sorts, the stipulation being that they're all from small producers. Gormley is anti conglomerates. \"The general rule is, the bigger the badder. </p> <p>The really big guys' wineries look like oil refineries.\" The efforts made by smaller producers, without the marketing budget but with a personal stake, are incredible, he says. \"You're basically getting a home-cooked meal instead of a McDonald's. They're competitive with supermarket wines, because the money is spent on the wine, not on the marketing.\" </p> <p>There are other reasons to buy from small producers. \"The crucial thing that I didn't appreciate is that when the wine is not bottled on the premises, the grapes have to be shipped and they deteriorate pretty quickly,\" says Ivey. \"So a lot of chemicals have to be added to keep it ripe. Whereas, if you buy wine from a small producer who has bottled on site, the wine hasn't got the chemicals.\" Wine bottled on site in France will say \"Mise en bouteille au Ch\u00e2teau\", but most wine-producing countries have a variant of this estate-bottled rubric, only not in French. </p> <h2>3 Buy wine in quantity</h2> <p>Wine writer Jancis Robinson (<a href=\"http://www.jancisrobinson.com\">jancisrobinson.com</a>) has wine overflowing from two cellars. Ivey points out that, with the exception of his pale, delicate ros\u00e9s (which won't last much beyond a year), wine does keep, and if you're prepared to order 24 bottles, you can buy direct from smaller vineyards yourself. </p> <h2>4 Never spend less than \u00a36.99</h2> <p>With taxes, the maximum amount that the wine can account for in a \u00a33.99 bottle is 50p. </p> <p>So if you spend a fiver, you are straightaway tripling the amount you've spent on wine. However, you also have to factor in marketing, so Gormley adjusts this equation: \"The average bottle of wine in the UK costs \u00a34.08, and there's \u00a31 of marketing in there and only 30p of wine.\" Decanter magazine's tasting panel came up with \u00a36.99 as the minimum you could pay to guarantee a reasonable wine. Lechmere qualifies that: \"You probably could find something amazing below this, but your chances of a complete dog increase exponentially.\"</p> <h2>5 Think about provenance</h2> <p>Opinion is divided about Old and New World - Burk prefers the elegance and finesse of the Old, but is quick to point out that the New has some fabulous wines. In terms of individual countries, however, there are some things to look out for. With ros\u00e9, Ivey says, outlets such as Oddbins and Threshers will \"tend to have very full-bodied ros\u00e9s, Chilean cabinet sauvignons, which have been made by a red wine-maker jumping on the bandwagon. It will bear no resemblance to the delicate ros\u00e9 you drank on holiday.\" Everybody seems quite down on American midmarket brands. Lechmere says, \"British people buy huge amount of American wine, and unless you're prepared to spend \u00a312-plus, it's all crap.\" </p> <h2>6 Don't get hung up on single varietals</h2> <p>Casual snobbery comes into play again, as people ignore or go off grapes because they sound a bit Bridget Jones. \"I was in a wine bar a couple of years ago, and some young woman, who worked in the City, said 'I don't like chardonnay, I'll have a chablis instead,'\" says Burk. \"And, of course, chablis is a variety of chardonnay.\" When the film Sideways came out (in which Paul Giamatti's character raged about how he hated merlot), sales of merlot in the US went down by 22%. \"Poor merlot!\" says Burk. \"It's a component of claret, you know.\" It's a nice fruity grape, but on its own, it loses elegance. Gormley says, \"The fashion now is for the single grape, but blind tastings usually show that blends are better. Small producers blend more, because they're growing in smaller amounts\".</p>",
      "newspaperPageNumber": "10",
      "wordcount": "1343",
      "commentable": "false",
      "isPremoderated": "false",
      "lastModified": "2017-11-25T22:13:16Z",
      "newspaperEditionDate": "2009-01-15T00:00:00Z",
      "productionOffice": "UK",
      "publication": "The Guardian",
      "shortUrl": "https://gu.com/p/24868",
      "shouldHideAdverts": "false",
      "showInRelatedContent": "true",
      "legallySensitive": "false",
      "lang": "en",
      "bodyText": "OK, there is good news and bad news - the good news is that, as a nation, we buy a lot of wine. Recession, schmecession. Vinexpo, the company that organises the world's largest wine exhibition, yesterday released figures that show that Britain has overtaken Germany and the United States to become the world's largest wine importer, buying 1.6bn bottles a year. Even taking into account the fact that we make little of our own wine, and most of it is eye-poppingly overpriced and tastes of wee, this is still amazing. Think how small we are, to drink so much. It's like waking up to find that we're an empire state all over again. Only drunk, and without an empire. If there is a downside, it is that we do not tend to buy very good wine. Robert Joseph, the international wine expert, says: \"We are terrific bargain-hunters. Other countries hunt for bargains on Wednesday; we hunt for bargains on Wednesday and Saturday.\" We flap towards two-for-one offers as if to pay the full price for anything would be a mug's game. Jamie Ivey, vintner and author of Extremely Pale Ros\u00e9, says: \"My background is that I was a typical English wine consumer, I guess. I went to Threshers or Oddbins and bought what was on offer. And whatever they had, I'd buy at around the \u00a35 mark. I had a little bit of knowledge, but not too much.\" That's the way we all do it, isn't it? I buy all mine from Virgin Wines, because not only are there always offers, but I love the way it just appears on my doorstep, like magic. But it doesn't have to be this way - we can buy nicer wine, for no more money, extend our range and palates and knowledge, and take more pleasure from it if we follow six simple rules. Seriously, if we're going to sink 1.6bn bottles of this stuff, won't it be worth it? 1 Not all supermarkets are the same It is tempting to write off supermarkets altogether, since they have such a bad press among wine-makers, and they do so much to encourage, or rather create, the buyer-behaviour that locks us all into a whole week of BOGOF Jacob's Creek. Adam Lechmere, editor-at-large of Decanter magazine, explains: \"Supermarkets would love us all to trade up. They're well aware that this great wall of wine stops people doing that. You get there, you're knackered, your children are howling, and you just go for Jacob's and the Wolf Blass.\" Plus, they drive a swingeing bargain with producers, so the featured wines are just the ones with the biggest marketing budgets, which tend to be the biggest producers, which tend to make the most uninteresting wines. However, academic Kathleen Burk, author (with Michael Bywater) of The Secret Life of Wine, thinks that Waitrose is brilliant. \"I don't think I've ever had a bad wine from Waitrose,\" she says. \"Three of their buyers are Masters of Wine, and there are only about 260 of those in the world.\" She thinks that Majestic is better than Oddbins and Threshers, and says that because Oddbins, what remains of it, has just been bought back off its French owners by its founder, we can expect a return to the glory days. Don't be a snob, in other words. Though having said that ... 2 Try boutique off-licences and small producers Recommended, from all the experts mentioned, are the following: Lea &amp; Sandeman, Green &amp; Blue Wines, Berry Brothers, Philglas &amp; Swiggot and Imbibros. To that I would add Wines of the World, but only because they'll let me take my dog in. Lechmere stresses the importance of expertise from the shop assistants. You can get high-quality advice, as well as tastings, in posh offies. There are plenty of websites that are just virtual supermarkets, but most experts speak highly of the Wine Society, which, Burk recaps, \"is a co-operative that began in 1874, when various gentlemen didn't want to go through brokers - they wanted to go directly to producers\". Lechmere also rates everywine.co.uk. A new site is nakedwines.com, run by Rowan Gormley, a banker turned wine buff (good timing), which he describes as a \"farmers' market, on the internet, for wine\". New and Old World, all sorts, the stipulation being that they're all from small producers. Gormley is anti conglomerates. \"The general rule is, the bigger the badder. The really big guys' wineries look like oil refineries.\" The efforts made by smaller producers, without the marketing budget but with a personal stake, are incredible, he says. \"You're basically getting a home-cooked meal instead of a McDonald's. They're competitive with supermarket wines, because the money is spent on the wine, not on the marketing.\" There are other reasons to buy from small producers. \"The crucial thing that I didn't appreciate is that when the wine is not bottled on the premises, the grapes have to be shipped and they deteriorate pretty quickly,\" says Ivey. \"So a lot of chemicals have to be added to keep it ripe. Whereas, if you buy wine from a small producer who has bottled on site, the wine hasn't got the chemicals.\" Wine bottled on site in France will say \"Mise en bouteille au Ch\u00e2teau\", but most wine-producing countries have a variant of this estate-bottled rubric, only not in French. 3 Buy wine in quantity Wine writer Jancis Robinson (jancisrobinson.com) has wine overflowing from two cellars. Ivey points out that, with the exception of his pale, delicate ros\u00e9s (which won't last much beyond a year), wine does keep, and if you're prepared to order 24 bottles, you can buy direct from smaller vineyards yourself. 4 Never spend less than \u00a36.99 With taxes, the maximum amount that the wine can account for in a \u00a33.99 bottle is 50p. So if you spend a fiver, you are straightaway tripling the amount you've spent on wine. However, you also have to factor in marketing, so Gormley adjusts this equation: \"The average bottle of wine in the UK costs \u00a34.08, and there's \u00a31 of marketing in there and only 30p of wine.\" Decanter magazine's tasting panel came up with \u00a36.99 as the minimum you could pay to guarantee a reasonable wine. Lechmere qualifies that: \"You probably could find something amazing below this, but your chances of a complete dog increase exponentially.\" 5 Think about provenance Opinion is divided about Old and New World - Burk prefers the elegance and finesse of the Old, but is quick to point out that the New has some fabulous wines. In terms of individual countries, however, there are some things to look out for. With ros\u00e9, Ivey says, outlets such as Oddbins and Threshers will \"tend to have very full-bodied ros\u00e9s, Chilean cabinet sauvignons, which have been made by a red wine-maker jumping on the bandwagon. It will bear no resemblance to the delicate ros\u00e9 you drank on holiday.\" Everybody seems quite down on American midmarket brands. Lechmere says, \"British people buy huge amount of American wine, and unless you're prepared to spend \u00a312-plus, it's all crap.\" 6 Don't get hung up on single varietals Casual snobbery comes into play again, as people ignore or go off grapes because they sound a bit Bridget Jones. \"I was in a wine bar a couple of years ago, and some young woman, who worked in the City, said 'I don't like chardonnay, I'll have a chablis instead,'\" says Burk. \"And, of course, chablis is a variety of chardonnay.\" When the film Sideways came out (in which Paul Giamatti's character raged about how he hated merlot), sales of merlot in the US went down by 22%. \"Poor merlot!\" says Burk. \"It's a component of claret, you know.\" It's a nice fruity grape, but on its own, it loses elegance. Gormley says, \"The fashion now is for the single grape, but blind tastings usually show that blends are better. Small producers blend more, because they're growing in smaller amounts\".",
      "charCount": "7651"
    },
    "isHosted": false,
    "pillarId": "pillar/lifestyle",
    "pillarName": "Lifestyle"
  }
]