[
  {
    "id": "sport/2009/jan/31/zimbabwe-test-match-return-icc",
    "type": "article",
    "sectionId": "sport",
    "sectionName": "Sport",
    "webPublicationDate": "2009-01-31T15:07:19Z",
    "webTitle": "Cricket: Zimbabwe could be 'two years or more' away from Test match return",
    "webUrl": "https://www.theguardian.com/sport/2009/jan/31/zimbabwe-test-match-return-icc",
    "apiUrl": "https://content.guardianapis.com/sport/2009/jan/31/zimbabwe-test-match-return-icc",
    "fields": {
      "headline": "Zimbabwe could be 'two years or more' away from Test match return",
      "standfirst": "\u2022 Report on Zimbabwe's future to be presented in April<br />\u2022 Further discussions to take place on Test championship",
      "trailText": "<p>Cricket: The ICC have said that Zimbabwe could be 'two years' away from a return to Test cricket</p>",
      "main": "<figure class=\"element element-image\" data-media-id=\"gu-image-342611690\"> <img src=\"http://static.guim.co.uk/sys-images/Sport/Pix/columnists/2009/1/31/1233412120807/Zimbabwes-Ray-Price-leave-001.jpg\" alt=\"Zimbabwe's Ray Price leaves the field after they beat Bangladesh\" width=\"460\" height=\"276\" class=\"gu-image\" /> <figcaption> <span class=\"element-image__caption\">Zimbabwe have not played a Test match since September 2005, although they have continued to play one-day internationals. Photograph: Andrew Biraj/Reuters</span> </figcaption> </figure>",
      "body": "<p>Zimbabwe remain at least \"six months to two years or more\" away from a return to Test match cricket, according to an International Cricket Council (ICC) task team. The team, headed by West Indies Cricket Board president Julian Hunte, presented its interim report at an ICC board meeting in Perth today.</p> <p>Zimbabwe withdrew from Test match cricket in January 2006 due to their inability to provide competitive opposition for the other Test nations, and their hopes of re-inclusion now rest with the ICC delegation which is due to give a final report on its findings at the ICC's next board meeting in April.</p> <p>\"Pending submission of that final report, the board was told that none of the stakeholders spoken to during the visit were of the view that Zimbabwe was ready to return to Test cricket, with time-frames proposed ranging from six months to two years or more,\" an ICC statement read. </p> <p>\"When a timetable was drawn up last October it was always the intention to present an interim report at this meeting with a final report to be submitted at the next Board meeting, in Dubai in April.\" The board also discussed the possibility of a Test championship replacing the current Future Tours Programme (FTP), which concludes in 2012.</p> <p>These proposals have been met with concern by various associations, including the England and Wales Cricket Board (ECB), which has prompted the ICC to call for further discussion on the matter.</p> <p>\"With the BCCI and the England and Wales Cricket Board (ECB) expressing reservations about the idea of an enhanced Test championship, the Board agreed further consultation was necessary between ICC management and the ICC Chief Executives' Committee with a view to producing an acceptable model,\" the statement read. \"It was further agreed this process would be led by ICC general manager of cricket David Richardson and would take place in the lead-up to and during the next CEC meeting, due to be held in Johannesburg in February.\"</p>",
      "wordcount": "328",
      "commentable": "false",
      "isPremoderated": "false",
      "lastModified": "2017-06-05T17:50:08Z",
      "newspaperEditionDate": "2009-01-31T00:00:00Z",
      "productionOffice": "UK",
      "publication": "theguardian.com",
      "shortUrl": "https://gu.com/p/25vcm",
      "shouldHideAdverts": "false",
      "showInRelatedContent": "true",
      "legallySensitive": "false",
      "lang": "en",
      "bodyText": "Zimbabwe remain at least \"six months to two years or more\" away from a return to Test match cricket, according to an International Cricket Council (ICC) task team. The team, headed by West Indies Cricket Board president Julian Hunte, presented its interim report at an ICC board meeting in Perth today. Zimbabwe withdrew from Test match cricket in January 2006 due to their inability to provide competitive opposition for the other Test nations, and their hopes of re-inclusion now rest with the ICC delegation which is due to give a final report on its findings at the ICC's next board meeting in April. \"Pending submission of that final report, the board was told that none of the stakeholders spoken to during the visit were of the view that Zimbabwe was ready to return to Test cricket, with time-frames proposed ranging from six months to two years or more,\" an ICC statement read. \"When a timetable was drawn up last October it was always the intention to present an interim report at this meeting with a final report to be submitted at the next Board meeting, in Dubai in April.\" The board also discussed the possibility of a Test championship replacing the current Future Tours Programme (FTP), which concludes in 2012. These proposals have been met with concern by various associations, including the England and Wales Cricket Board (ECB), which has prompted the ICC to call for further discussion on the matter. \"With the BCCI and the England and Wales Cricket Board (ECB) expressing reservations about the idea of an enhanced Test championship, the Board agreed further consultation was necessary between ICC management and the ICC Chief Executives' Committee with a view to producing an acceptable model,\" the statement read. \"It was further agreed this process would be led by ICC general manager of cricket David Richardson and would take place in the lead-up to and during the next CEC meeting, due to be held in Johannesburg in February.\"",
      "charCount": "1954"
    },
    "isHosted": false,
    "pillarId": "pillar/sport",
    "pillarName": "Sport"
  },
  {
    "id": "media/greenslade/2009/jan/31/national-newspapers",
    "type": "article",
    "sectionId": "media",
    "sectionName": "Media",
    "webPublicationDate": "2009-01-31T12:42:33Z",
    "webTitle": "Roy Greenslade: What the papers say about protectionism",
    "webUrl": "https://www.theguardian.com/media/greenslade/2009/jan/31/national-newspapers",
    "apiUrl": "https://content.guardianapis.com/media/greenslade/2009/jan/31/national-newspapers",
    "fields": {
      "headline": "What the papers say about the 'British jobs for British workers' strikes",
      "trailText": "<p>Almost every national daily newspaper carries an editorial today about the oil refinery strikers' quoting back to the prime minister <strong>Gordon Brown</strong> his misguided statement in September 2007 extolling the virtues of \"British jobs for British workers.\"</p>",
      "byline": "Roy Greenslade",
      "main": "",
      "body": "<p>Almost every national daily newspaper carries an editorial today about the oil refinery strikers' quoting back to the prime minister <strong>Gordon Brown</strong> his misguided statement in September 2007 extolling the virtues of \"British jobs for British workers.\" </p> <p>Most of the leading articles decry protectionism and nationalism. Here's a brief review of them and, arguably, the most significant are those in the <strong>Daily Mail</strong> and <strong>The Sun's</strong>. </p> <p><a href=\"http://www.telegraph.co.uk/comment/telegraph-view/4403255/Protectionism-is-in-the-end-no-protection-at-all.html\">The <strong>Daily Telegraph:</strong></a> \"During the boom years, the government extolled the virtues of globalisation for attracting foreign workers to these shores to do jobs that British people either no longer needed or could not be bothered to do, at the depressed wages that could be paid to overseas employees. Yet, at the first sign yesterday of unrest over this approach, ministers have run a mile.\"</p> <p><a href=\"http://www.timesonline.co.uk/tol/comment/leading_article/article5622130.ece\"><strong>The Times:</strong></a> \"British workers who are unable to find jobs in a severe downturn have understandable reason for frustration; but it is economically illiterate to suppose that domestic living standards and employment are damaged by the free movement of labour.\"</p> <p><a href=\"http://www.independent.co.uk/opinion/leading-articles/leading-article-we-must-resist-the-temptation-to-resort-to-protectionism-1521701.html\"><strong>The Independent: </strong></a>\"'British jobs for British workers'\" is a catchy phrase with ready appeal. An alibi and a clarion call to labour market xenophobia, it was an easy crowd-pleaser the Prime Minister will surely come to regret.\"</p> <p><a href=\"http://www.theguardian.com/commentisfree/2009/jan/31/globalisation-davos-editorial\"><strong>The Guardian</strong>:</a> \"The prime minister.. could make the argument with more credibility if he had not previously promised British jobs for British workers, a cynical piece of rhetoric - less internationalist than National Front... Finance has gone global while politics has stayed national, and this is the unhappy result.\"</p> <p><a href=\"http://www.dailymail.co.uk/debate/article-1132822/MAIL-COMMENT-Brown-deliver-British-workers.html\">The <strong>Daily Mail:</strong></a> \"The sight of strikers on picket lines across Britain doesn't inspire much sympathy, but for once it's easy to understand their anger and frustration... Now that we face a deep and prolonged recession, there needs to be a fundamental change. Free trade is vital, but it doesn't require an open-door policy on migration.\" </p> <p>The <strong>Daily Express:</strong> \"Following a lengthy period of separation the final divorce between the Labour Party and the British working class is taking place before our eyes... The government's real fidelity has been to the European superstate.\"</p> <p><a href=\"http://www.mirror.co.uk/news/top-stories/2009/01/31/local-workers-115875-21085114/\">The <strong>Daily Mirror:</strong></a> \"The big energy companies must insist on fairness from their contractors because it's wrong, wrong, wrong to discriminate against local workers.\"</p> <p><a href=\"http://www.thesun.co.uk/sol/homepage/news/sun_says/article244723.ece\"><strong>The Sun:</strong></a> \"How Gordon Brown must wish he'd never trumpeted about 'British jobs for British workers'. It is another ill-judged boast that has come back to bite the PM.</p> <blockquote> <p>\"The Sun understands the frustration of Brits losing jobs to foreign workers when unemployment is soaring... But let's be clear: Total is quite within its rights to choose a foreign company and that company is within its rights to bring in its own workforce.</p> <p>\"Wildcat strikes are wrong and will achieve nothing... All the world's economies depend on each other now. That's the reality of globalisation. Creeping back into our shell and putting up the protectionist shutters is not an option.\"</p> </blockquote> <p>The Sun's reaction is very interesting. Its traditional anti-strike line is bolstered by its endorsement of globalisation and the free movement of labour. Many of its readers would probably disagree.</p> <p>By contrast, the Mail - by maintaining its inflexible hostility towards immigration - exhibits an overt nationalistic tone. \"We can no longer afford the luxury of the world's most liberal immigration policy,\" it concludes. \"This madness must stop.\"</p>",
      "wordcount": "552",
      "commentCloseDate": "2009-02-07T12:42:00Z",
      "commentable": "true",
      "isPremoderated": "false",
      "lastModified": "2016-08-11T16:54:05Z",
      "newspaperEditionDate": "2009-01-31T00:00:00Z",
      "productionOffice": "UK",
      "publication": "theguardian.com",
      "shortUrl": "https://gu.com/p/25vc4",
      "shouldHideAdverts": "false",
      "showInRelatedContent": "true",
      "legallySensitive": "false",
      "lang": "en",
      "bodyText": "Almost every national daily newspaper carries an editorial today about the oil refinery strikers' quoting back to the prime minister Gordon Brown his misguided statement in September 2007 extolling the virtues of \"British jobs for British workers.\" Most of the leading articles decry protectionism and nationalism. Here's a brief review of them and, arguably, the most significant are those in the Daily Mail and The Sun's. The Daily Telegraph: \"During the boom years, the government extolled the virtues of globalisation for attracting foreign workers to these shores to do jobs that British people either no longer needed or could not be bothered to do, at the depressed wages that could be paid to overseas employees. Yet, at the first sign yesterday of unrest over this approach, ministers have run a mile.\" The Times: \"British workers who are unable to find jobs in a severe downturn have understandable reason for frustration; but it is economically illiterate to suppose that domestic living standards and employment are damaged by the free movement of labour.\" The Independent: \"'British jobs for British workers'\" is a catchy phrase with ready appeal. An alibi and a clarion call to labour market xenophobia, it was an easy crowd-pleaser the Prime Minister will surely come to regret.\" The Guardian: \"The prime minister.. could make the argument with more credibility if he had not previously promised British jobs for British workers, a cynical piece of rhetoric - less internationalist than National Front... Finance has gone global while politics has stayed national, and this is the unhappy result.\" The Daily Mail: \"The sight of strikers on picket lines across Britain doesn't inspire much sympathy, but for once it's easy to understand their anger and frustration... Now that we face a deep and prolonged recession, there needs to be a fundamental change. Free trade is vital, but it doesn't require an open-door policy on migration.\" The Daily Express: \"Following a lengthy period of separation the final divorce between the Labour Party and the British working class is taking place before our eyes... The government's real fidelity has been to the European superstate.\" The Daily Mirror: \"The big energy companies must insist on fairness from their contractors because it's wrong, wrong, wrong to discriminate against local workers.\" The Sun: \"How Gordon Brown must wish he'd never trumpeted about 'British jobs for British workers'. It is another ill-judged boast that has come back to bite the PM. \"The Sun understands the frustration of Brits losing jobs to foreign workers when unemployment is soaring... But let's be clear: Total is quite within its rights to choose a foreign company and that company is within its rights to bring in its own workforce. \"Wildcat strikes are wrong and will achieve nothing... All the world's economies depend on each other now. That's the reality of globalisation. Creeping back into our shell and putting up the protectionist shutters is not an option.\" The Sun's reaction is very interesting. Its traditional anti-strike line is bolstered by its endorsement of globalisation and the free movement of labour. Many of its readers would probably disagree. By contrast, the Mail - by maintaining its inflexible hostility towards immigration - exhibits an overt nationalistic tone. \"We can no longer afford the luxury of the world's most liberal immigration policy,\" it concludes. \"This madness must stop.\"",
      "charCount": "3459"
    },
    "isHosted": false,
    "pillarId": "pillar/news",
    "pillarName": "News"
  },
  {
    "id": "sport/2009/jan/31/super-bowl-american-football-nfl",
    "type": "article",
    "sectionId": "sport",
    "sectionName": "Sport",
    "webPublicationDate": "2009-01-31T00:01:00Z",
    "webTitle": "Football fever: tickets for Super Bowl 43 on Sunday sell out",
    "webUrl": "https://www.theguardian.com/sport/2009/jan/31/super-bowl-american-football-nfl",
    "apiUrl": "https://content.guardianapis.com/sport/2009/jan/31/super-bowl-american-football-nfl",
    "fields": {
      "headline": "Football fever",
      "trailText": "<p>Tickets for Super Bowl 43 on Sunday have sold out despite the economic downturn and a $1,000 price tag</p>",
      "byline": "Jason Rodrigues",
      "main": "",
      "body": "<p>Super Bowl Sunday is watched by almost 100 million viewers on US television and is beamed to more than 200 countries, reaching a further 45 million viewers.</p> <p>Tickets for Super Bowl 43 have sold out, despite a $1,000 price tag. As a gesture to less wealthy fans, the organisers set aside 1,000 seats at $500 each. Sports fans often buy a new TV to watch the game, but this year sales are likely to fall slightly as only 2.7% of consumers were planning a new purchase, down from 4.1% in 2008.</p> <p>Players in the winning team will receive $78,000 each. The losing side will get $40,000 each. Tampa, Florida, which is hosting this year's final, could normally expect a windfall of $180m, but experts say the current economic downturn will generate $30m less.</p> <p>Domino's Pizza sales jump 30% on Super Bowl Sunday compared to a typical Sunday. The company expects to deliver 1.2m pizzas across America during the game.</p> <p>The half-time entertainment slot will be filled with a 12-minute live performance by Bruce Springsteen and the E Street Band. </p> <p>American troops in Iraq will be given two beers each during the final. There is normally a ban on drinking alcohol in combat zones.</p>",
      "newspaperPageNumber": "27",
      "wordcount": "210",
      "commentable": "false",
      "isPremoderated": "false",
      "lastModified": "2017-11-26T23:26:12Z",
      "newspaperEditionDate": "2009-01-31T00:00:00Z",
      "productionOffice": "UK",
      "publication": "The Guardian",
      "shortUrl": "https://gu.com/p/25v2x",
      "shouldHideAdverts": "false",
      "showInRelatedContent": "true",
      "legallySensitive": "false",
      "lang": "en",
      "bodyText": "Super Bowl Sunday is watched by almost 100 million viewers on US television and is beamed to more than 200 countries, reaching a further 45 million viewers. Tickets for Super Bowl 43 have sold out, despite a $1,000 price tag. As a gesture to less wealthy fans, the organisers set aside 1,000 seats at $500 each. Sports fans often buy a new TV to watch the game, but this year sales are likely to fall slightly as only 2.7% of consumers were planning a new purchase, down from 4.1% in 2008. Players in the winning team will receive $78,000 each. The losing side will get $40,000 each. Tampa, Florida, which is hosting this year's final, could normally expect a windfall of $180m, but experts say the current economic downturn will generate $30m less. Domino's Pizza sales jump 30% on Super Bowl Sunday compared to a typical Sunday. The company expects to deliver 1.2m pizzas across America during the game. The half-time entertainment slot will be filled with a 12-minute live performance by Bruce Springsteen and the E Street Band. American troops in Iraq will be given two beers each during the final. There is normally a ban on drinking alcohol in combat zones.",
      "charCount": "1163"
    },
    "isHosted": false,
    "pillarId": "pillar/sport",
    "pillarName": "Sport"
  },
  {
    "id": "commentisfree/2009/jan/31/snp-scottish-parliament-budget-defeat",
    "type": "article",
    "sectionId": "commentisfree",
    "sectionName": "Opinion",
    "webPublicationDate": "2009-01-31T00:01:00Z",
    "webTitle": "Editorial: End of an era for Alex Salmond and the SNP",
    "webUrl": "https://www.theguardian.com/commentisfree/2009/jan/31/snp-scottish-parliament-budget-defeat",
    "apiUrl": "https://content.guardianapis.com/commentisfree/2009/jan/31/snp-scottish-parliament-budget-defeat",
    "fields": {
      "headline": "End of an era",
      "trailText": "<p><strong>Editorial: </strong> The SNP's budget defeat in the Scottish parliament signals a more critical attitude towards Alex Salmond and his party</p>",
      "byline": "Editorial",
      "main": "",
      "body": "<p>At first sight, Alex Salmond's Scottish executive is not one of the European governments whose authority is reeling under the impact of the recession. As head of a devolved administration with limited powers and funds, Mr Salmond does not command the billions to enable him to bail out Scottish banks even if he wants to - just as well, given the scale of the losses of RBS and the former HBOS. Neither global financial turmoil nor local economic downturn can therefore be easily laid at his door. In Scotland, as in the rest of Britain, political ownership of the recession still rests mainly with Labour.</p> <p>Even so, this week's Scottish budget crisis is umbilically linked to the changed political climate brought about by the credit crunch and the recession. Wednesday's defeat, on a casting vote, of the SNP's budget plans in the Scottish parliament is less about any particular measure in the bill than about the changed context and dynamic of Scottish politics since the banking crisis began. For 18 months, following the SNP win in May 2007, Mr Salmond played a blinder. Everything he said would happen did happen. That all changed last autumn. Today Mr Salmond's claims that Iceland and Ireland point the way for small independent nations like Scotland ring hollow. So does his assertion that Scotland's vaunted banks gave the nation international financial credibility. The view that independence could be financed on the back of an oil price of $150 a barrel also looks fantastic now that the price is below $50.</p> <p>These convulsions leave Mr Salmond's flamboyant style of politics looking out of tune with more sombre times. The result - given a powerful tweak by Labour's byelection win in Glenrothes in November - is an SNP suddenly looking like what it actually is, a party for whom only a third of the nation voted, that holds a single-seat plurality in a hung parliament in which it can only get its way through deals and coalitions, not the nationalist movement with a majority mandate that it so brilliantly pretended to be until the banks collapsed. The other parties at Holyrood grasp this, which is why they have become less acquiescent towards the once all-conquering SNP.</p> <p>That new mood culminated in Mr Salmond's reverse this week, when the Greens joined with Labour and the Liberal Democrats to derail the budget. That crisis has probably now peaked. The Lib Dems, in particular, have been quick to propose changes that may see a revised budget pass within a few days. A new Labour-led coalition is improbable, while fresh elections are also unlikely, since neither the parties nor the public want them. But the SNP budget defeat is a clear sign of a new and tougher era in Mr Salmond's rollercoaster political fortunes.</p>",
      "newspaperPageNumber": "34",
      "wordcount": "464",
      "commentCloseDate": "2009-02-03T00:24:29Z",
      "commentable": "true",
      "isPremoderated": "false",
      "lastModified": "2017-05-08T03:05:24Z",
      "newspaperEditionDate": "2009-01-31T00:00:00Z",
      "productionOffice": "UK",
      "publication": "The Guardian",
      "shortUrl": "https://gu.com/p/25v2p",
      "shouldHideAdverts": "false",
      "showInRelatedContent": "true",
      "legallySensitive": "false",
      "lang": "en",
      "bodyText": "At first sight, Alex Salmond's Scottish executive is not one of the European governments whose authority is reeling under the impact of the recession. As head of a devolved administration with limited powers and funds, Mr Salmond does not command the billions to enable him to bail out Scottish banks even if he wants to - just as well, given the scale of the losses of RBS and the former HBOS. Neither global financial turmoil nor local economic downturn can therefore be easily laid at his door. In Scotland, as in the rest of Britain, political ownership of the recession still rests mainly with Labour. Even so, this week's Scottish budget crisis is umbilically linked to the changed political climate brought about by the credit crunch and the recession. Wednesday's defeat, on a casting vote, of the SNP's budget plans in the Scottish parliament is less about any particular measure in the bill than about the changed context and dynamic of Scottish politics since the banking crisis began. For 18 months, following the SNP win in May 2007, Mr Salmond played a blinder. Everything he said would happen did happen. That all changed last autumn. Today Mr Salmond's claims that Iceland and Ireland point the way for small independent nations like Scotland ring hollow. So does his assertion that Scotland's vaunted banks gave the nation international financial credibility. The view that independence could be financed on the back of an oil price of $150 a barrel also looks fantastic now that the price is below $50. These convulsions leave Mr Salmond's flamboyant style of politics looking out of tune with more sombre times. The result - given a powerful tweak by Labour's byelection win in Glenrothes in November - is an SNP suddenly looking like what it actually is, a party for whom only a third of the nation voted, that holds a single-seat plurality in a hung parliament in which it can only get its way through deals and coalitions, not the nationalist movement with a majority mandate that it so brilliantly pretended to be until the banks collapsed. The other parties at Holyrood grasp this, which is why they have become less acquiescent towards the once all-conquering SNP. That new mood culminated in Mr Salmond's reverse this week, when the Greens joined with Labour and the Liberal Democrats to derail the budget. That crisis has probably now peaked. The Lib Dems, in particular, have been quick to propose changes that may see a revised budget pass within a few days. A new Labour-led coalition is improbable, while fresh elections are also unlikely, since neither the parties nor the public want them. But the SNP budget defeat is a clear sign of a new and tougher era in Mr Salmond's rollercoaster political fortunes.",
      "charCount": "2739"
    },
    "isHosted": false,
    "pillarId": "pillar/opinion",
    "pillarName": "Opinion"
  },
  {
    "id": "politics/2009/jan/31/strike-oil-refinery",
    "type": "article",
    "sectionId": "politics",
    "sectionName": "Politics",
    "webPublicationDate": "2009-01-31T00:01:00Z",
    "webTitle": "We want fairness, we want jobs,\tsay workers on the picket lines outside Total's Lindsey oil refinery",
    "webUrl": "https://www.theguardian.com/politics/2009/jan/31/strike-oil-refinery",
    "apiUrl": "https://content.guardianapis.com/politics/2009/jan/31/strike-oil-refinery",
    "fields": {
      "headline": "We want fairness, we want jobs,\tsay workers on the picket lines",
      "standfirst": "Dispute over Italians shipped in for engineering project sparks strikes across the country",
      "trailText": "<p>Dispute over Italians shipped in for engineering project sparks strikes across the country</p>",
      "byline": "Robert Booth, Martin Wainwright and Steven Morris",
      "main": "",
      "body": "<p><strong>The following correction was printed in the Guardian's Corrections and clarifications column, Wednesday 4 February 2009</strong></p> <p> In the article below we quoted a protester as saying he had heard that 85% of workers on a new power station being built at Uskmouth were foreign. Welsh Power has asked us to point out that it has an explicit policy of employing local contractors wherever possible and that the proportion of British workers on the Uskmouth site is 82.5%.</p> <p> </p> <p><br>The flags outside the Lindsey oil refinery at North Killingholme in Lincolnshire seemed to say it all on a day British workers cried foul at European workers taking jobs here. The colours of the plant's owner, Total, hung on one side and the blue and gold stars of the EU on the other. Between them was the union flag, which had slipped towards half-mast.</p> <p>It was an unusually poetic moment on a day when industrial action swept across the country in protest at European directives taking precedence over jobs for British workers.</p> <p>Up to 3,000 workers from at least 11 oil refineries and power plants in England, Scotland, Wales and Northern Ireland mounted protests and unofficial strikes in opposition to the granting of an estimated 300 jobs to European contractors at North Killingholme. Union leaders said they should have been given to British workers.</p> <p>The day of coordinated action seemed to take the government by surprise, particularly as Gordon Brown and the business secretary, Lord Mandelson, were at the World Economic Forum in Davos, Switzerland. With a certain irony, as protesters gathered in the dark of the early morning in Lincolnshire, Brown was preparing to make a speech against the kind of protectionism they wanted to see more of.</p> <p>About 800 workers led the nationwide action at the Lincolnshire refinery in scenes rarely seen in the UK since the 1980s. It was the third day of the dispute but it was the first time they had enjoyed such solidarity from colleagues around the country. Mechanical and building contractors in the oil and energy industry travel all over the UK to work and know each other well. Workers from Staythorpe power station construction site in Nottinghamshire travelled to Lindsey yesterday. They had staged their own protests this month after claims that workers were being hired from overseas.</p> <p>Outside the Lindsey plant, Unite union regional officer Bernard McAuley climbed on the back of a flat-bed truck to rally hundreds of striking workers in fluorescent safety coats.</p> <p>He said: \"There is sufficient unemployed skilled labour wanting the right to work on that site and they are demanding the right to work on that site. Our general secretary of Unite and the GMB have called upon the prime minister to call an urgent meeting with the heads of industry in the engineering and construction industry to clients and the trade unions to get round the table. We want fairness. We want the rights of our members to have the opportunity to be employed, not just on this job but on all jobs around the United Kingdom.\"</p> <p>The refinery was working largely as usual, with steam pouring from vents on the complex of pipes, chimneys and girders which towers over the flatlands of the Humber estuary's south shore.</p> <p>Many strikers held placards and banners expressing their anger at the award of the contract to build a desulphurisation unit to the foreign contractors. One read: \"Right to Work UK Workers.\" For many it was the apparent betrayal by Brown that rankled. In several speeches in 2006 and 2007 he had promised that his government would create \"British jobs for British workers\". One banner even quoted him: \"In the wise words of Gordon Brown, UK jobs for British workers.\"</p> <p>In the sprawling complex behind the protest, 100 Italian and Portuguese mechanical contractors had already started work. They are expected to be joined by hundreds more next month.</p> <p>The foreign workers are staying in barges which brought them from the continent and are moored at Grimsby docks as a cost-cutting floating workers' hostel.</p> <p>In TC's bar in Grimsby fish docks, where some of the British workers at the Total project regularly meet before work, there was support for the industrial action. Yet while factions from the right are anxious to capitalise on workers' vulnerability to stoke nationalism, the mood is one of anger tempered by respect for the Italians who have started work.</p> <p>\"They're hard workers these Italians and when this contract was organised British workers didn't want the jobs,\" said one of two brothers who run a fish processing business in the docks.</p> <p>His brother, until recently captain of a small trawler, said: \"There's only one answer to this and it isn't walking out on strike. Everyone sympathises with their reasons for doing it, but what they need is the ballot box.\"</p> <p>The industrial action spread quickly across the UK. At the Wilton chemical site, Teesside, 400 walked out, and, in the biggest show of solidarity, 700 stopped work at the Grangemouth oil refinery in Scotland.</p> <p>About 500 stopped work at Scottish Power's Longannet power station and 100 at the same firm's Cockenzie power station. The unofficial actions also spread to Northern Ireland, where 60 workers protested at Kilroot power station in County Antrim, and in Wales, where 50 came out at RWE npower's Aberthaw power station.</p> <p>Insulation engineer Andy Summers, 60, said: \"I'm here today to show support for the British working classes. My parents and grandparents fought on the frontline in two world wars. It was the working classes who opened up Europe but it's now the working classes who are going on the dole - with jobs going to people coming from abroad.\"</p> <p>Engineer Delwyn Smith, 36, of Caerphilly, said: \"I've been here two years but was hoping to get work at the new Uskmouth power station being built soon. But we've heard they're planning on having 85% foreign workers and only 15% from the local area. I've got a 14-year-old son to think about and how I'm going to support his future.\"</p> <p>In Davos, Brown told a press conference: \"I understand people's worries about their jobs. I understand people's anxieties about employment across the country. But we are doing everything we can both to get economic growth moving in our country and to help people who are unemployed, to help them into new jobs.\"</p> <p>That was not enough for Conservative leader David Cameron. \"There are legitimate questions to be asked of this company,\" he told reporters in Davos. \"If it is disqualifying British workers from applying for jobs, then that is illegal. But the prime minister should never have used that slogan. On the one hand he lectures everyone about globalisation and on the other he borrows this slogan from the BNP. He has been taking people for fools and has been found out.\"</p> <p>The weekend will bring ministers some respite from the strikes and time for the negotiators at Acas to begin their work. But more action is planned for Monday.</p> <h2>Brown's British vision</h2> <p>\"As we set out on the next stage of our journey this is our vision: Britain leading the global economy - by our skills and creativity, by our enterprise and flexibility, by our investment in transport and infrastructure - a world leader in science; a world leader in financial and business services; a world leader in energy and the environment from nuclear to renewables; a world leader in the creative industries; and, yes, modern manufacturing too; drawing on the talents of all to create British jobs for British workers.\"</p> <p><strong>Gordon Brown's first speech as prime minister to the Labour party conference, 24 September 2007</strong></p>",
      "newspaperPageNumber": "4",
      "wordcount": "1275",
      "commentable": "false",
      "isPremoderated": "false",
      "lastModified": "2017-11-27T12:07:13Z",
      "newspaperEditionDate": "2009-01-31T00:00:00Z",
      "productionOffice": "UK",
      "publication": "The Guardian",
      "shortUrl": "https://gu.com/p/25v38",
      "shouldHideAdverts": "false",
      "showInRelatedContent": "true",
      "legallySensitive": "false",
      "lang": "en",
      "bodyText": "The following correction was printed in the Guardian's Corrections and clarifications column, Wednesday 4 February 2009 In the article below we quoted a protester as saying he had heard that 85% of workers on a new power station being built at Uskmouth were foreign. Welsh Power has asked us to point out that it has an explicit policy of employing local contractors wherever possible and that the proportion of British workers on the Uskmouth site is 82.5%. The flags outside the Lindsey oil refinery at North Killingholme in Lincolnshire seemed to say it all on a day British workers cried foul at European workers taking jobs here. The colours of the plant's owner, Total, hung on one side and the blue and gold stars of the EU on the other. Between them was the union flag, which had slipped towards half-mast. It was an unusually poetic moment on a day when industrial action swept across the country in protest at European directives taking precedence over jobs for British workers. Up to 3,000 workers from at least 11 oil refineries and power plants in England, Scotland, Wales and Northern Ireland mounted protests and unofficial strikes in opposition to the granting of an estimated 300 jobs to European contractors at North Killingholme. Union leaders said they should have been given to British workers. The day of coordinated action seemed to take the government by surprise, particularly as Gordon Brown and the business secretary, Lord Mandelson, were at the World Economic Forum in Davos, Switzerland. With a certain irony, as protesters gathered in the dark of the early morning in Lincolnshire, Brown was preparing to make a speech against the kind of protectionism they wanted to see more of. About 800 workers led the nationwide action at the Lincolnshire refinery in scenes rarely seen in the UK since the 1980s. It was the third day of the dispute but it was the first time they had enjoyed such solidarity from colleagues around the country. Mechanical and building contractors in the oil and energy industry travel all over the UK to work and know each other well. Workers from Staythorpe power station construction site in Nottinghamshire travelled to Lindsey yesterday. They had staged their own protests this month after claims that workers were being hired from overseas. Outside the Lindsey plant, Unite union regional officer Bernard McAuley climbed on the back of a flat-bed truck to rally hundreds of striking workers in fluorescent safety coats. He said: \"There is sufficient unemployed skilled labour wanting the right to work on that site and they are demanding the right to work on that site. Our general secretary of Unite and the GMB have called upon the prime minister to call an urgent meeting with the heads of industry in the engineering and construction industry to clients and the trade unions to get round the table. We want fairness. We want the rights of our members to have the opportunity to be employed, not just on this job but on all jobs around the United Kingdom.\" The refinery was working largely as usual, with steam pouring from vents on the complex of pipes, chimneys and girders which towers over the flatlands of the Humber estuary's south shore. Many strikers held placards and banners expressing their anger at the award of the contract to build a desulphurisation unit to the foreign contractors. One read: \"Right to Work UK Workers.\" For many it was the apparent betrayal by Brown that rankled. In several speeches in 2006 and 2007 he had promised that his government would create \"British jobs for British workers\". One banner even quoted him: \"In the wise words of Gordon Brown, UK jobs for British workers.\" In the sprawling complex behind the protest, 100 Italian and Portuguese mechanical contractors had already started work. They are expected to be joined by hundreds more next month. The foreign workers are staying in barges which brought them from the continent and are moored at Grimsby docks as a cost-cutting floating workers' hostel. In TC's bar in Grimsby fish docks, where some of the British workers at the Total project regularly meet before work, there was support for the industrial action. Yet while factions from the right are anxious to capitalise on workers' vulnerability to stoke nationalism, the mood is one of anger tempered by respect for the Italians who have started work. \"They're hard workers these Italians and when this contract was organised British workers didn't want the jobs,\" said one of two brothers who run a fish processing business in the docks. His brother, until recently captain of a small trawler, said: \"There's only one answer to this and it isn't walking out on strike. Everyone sympathises with their reasons for doing it, but what they need is the ballot box.\" The industrial action spread quickly across the UK. At the Wilton chemical site, Teesside, 400 walked out, and, in the biggest show of solidarity, 700 stopped work at the Grangemouth oil refinery in Scotland. About 500 stopped work at Scottish Power's Longannet power station and 100 at the same firm's Cockenzie power station. The unofficial actions also spread to Northern Ireland, where 60 workers protested at Kilroot power station in County Antrim, and in Wales, where 50 came out at RWE npower's Aberthaw power station. Insulation engineer Andy Summers, 60, said: \"I'm here today to show support for the British working classes. My parents and grandparents fought on the frontline in two world wars. It was the working classes who opened up Europe but it's now the working classes who are going on the dole - with jobs going to people coming from abroad.\" Engineer Delwyn Smith, 36, of Caerphilly, said: \"I've been here two years but was hoping to get work at the new Uskmouth power station being built soon. But we've heard they're planning on having 85% foreign workers and only 15% from the local area. I've got a 14-year-old son to think about and how I'm going to support his future.\" In Davos, Brown told a press conference: \"I understand people's worries about their jobs. I understand people's anxieties about employment across the country. But we are doing everything we can both to get economic growth moving in our country and to help people who are unemployed, to help them into new jobs.\" That was not enough for Conservative leader David Cameron. \"There are legitimate questions to be asked of this company,\" he told reporters in Davos. \"If it is disqualifying British workers from applying for jobs, then that is illegal. But the prime minister should never have used that slogan. On the one hand he lectures everyone about globalisation and on the other he borrows this slogan from the BNP. He has been taking people for fools and has been found out.\" The weekend will bring ministers some respite from the strikes and time for the negotiators at Acas to begin their work. But more action is planned for Monday. Brown's British vision \"As we set out on the next stage of our journey this is our vision: Britain leading the global economy - by our skills and creativity, by our enterprise and flexibility, by our investment in transport and infrastructure - a world leader in science; a world leader in financial and business services; a world leader in energy and the environment from nuclear to renewables; a world leader in the creative industries; and, yes, modern manufacturing too; drawing on the talents of all to create British jobs for British workers.\" Gordon Brown's first speech as prime minister to the Labour party conference, 24 September 2007",
      "charCount": "7558"
    },
    "isHosted": false,
    "pillarId": "pillar/news",
    "pillarName": "News"
  },
  {
    "id": "money/2009/jan/31/move-to-pembroke",
    "type": "article",
    "sectionId": "money",
    "sectionName": "Money",
    "webPublicationDate": "2009-01-31T00:01:00Z",
    "webTitle": "Let's move to ... Pembroke, Pembrokeshire",
    "webUrl": "https://www.theguardian.com/money/2009/jan/31/move-to-pembroke",
    "apiUrl": "https://content.guardianapis.com/money/2009/jan/31/move-to-pembroke",
    "fields": {
      "headline": "Let's move to ...",
      "standfirst": "Pembroke, Pembrokeshire",
      "trailText": "<p>Oil refinery aside, Pembroke has all the unspoiltness a downshifter could possibly want</p>",
      "byline": "Tom Dyckhoff",
      "main": "<figure class=\"element element-image\" data-media-id=\"gu-image-342580698\"> <img src=\"http://static.guim.co.uk/sys-images/Lifeandhealth/Pix/pictures/2009/1/30/1233329032704/Pembroke-001.jpg\" alt=\"Pembroke\" width=\"460\" height=\"276\" class=\"gu-image\" /> <figcaption> <span class=\"element-image__caption\">Pembroke: Cheaper than Tenby and quite cute. Photograph: Joel Redman</span> </figcaption> </figure>",
      "body": "<p><strong>What's going for it?</strong> </p> <p>You'll need a blind eye to live here. What klutz thought it would be a good idea to plonk a gargantuan oil refinery cheek by jowl with a national park? Like, dur. Anyhow, your good eye's got plenty of stuff to keep it busy on the Pembrokeshire coast, like puffins out on the islands, a zillion coves, castles straight outta Enid Blyton and, oil refinery aside, all the unspoiltness a voluntary or - dole queues being what they are these days - involuntary downshifter could possibly want. Change of life? Here you are. My surfer duderoo friend raves about Freshwater West Bay, too, but since I'm not a pretty sight in a wetsuit, you'll have to take it from him. You'll like the Cleddau estuary. Tenby may have the upper hand in the cute ickle town stakes round here, but Pembroke's cheaper, still has a shot of cuteness (Georgian high street, castle, etc), plus the upside that you don't get so inundated with tourists. Truly Cornwall's equal in all but property prices and clotted cream (though buttered Welsh cakes make up for that).</p> <p><strong>The case against</strong> </p> <p>Oil refineries, docks, power stations, but if you avoid the B4325 you might just keep them at arm's length. The economy: jobs aren't thick on the ground here. Far, far away from almost everything. Thrills outside wetsuits/walking boots are hard to come by.</p> <p><strong>Well connected?</strong> </p> <p>Hardly the point. But if you simply must get to Haverfordwest, the local bus service is pretty good. Rail: Swansea, two hours/every two hours; Cardiff, three hours and near four for Bristol.</p> <p><strong>Schools</strong> </p> <p>Jolly good. Estyn rates Golden Grove, Monkton Priory, Pennar and St Mary's Catholic primaries as \"good\", and the town's secondary, Pembroke School, too. </p> <p><strong>Hang out at...</strong> </p> <p>Pottery Shed cafe - great homemade cakes. White's Golden Crust bakery in Lamphey. </p> <p><strong>Where to buy</strong> </p> <p>An interesting mix, with streets of Georgian town houses, your usual suburbans, plus farm buildings and the odd 15th-century chapel. Nice, brightly painted town houses in the central conservation area. Check out the sweet villages a few minutes' drive away, such as Manorbier, with its sandy beaches, and Lamphey.</p> <p><strong>Market values</strong> </p> <p>Five-bed Georgian town houses, \u00a3250,000-\u00a3420,000. Detached suburbans, \u00a3190,000-\u00a3350,000. Bungalows, \u00a3150,000-\u00a3270,000. Semis, \u00a3120,000-\u00a3180,000. Two-to-four-bed terraces, \u00a3100,000-\u00a3200,000.</p> <p><strong>Bargain of the week</strong> <br>Detached, 19th-century, three-bed cottage \"with potential for development\", \u00a3220,000, with Guy Thomas (01646 682342). </p> <h2>From the streets of Pembroke</h2> <p><strong>Stephanie Douglas-Law:</strong> \"I love the coastline and beaches, and there's a great community feel, but the restaurants are better in nearby Tenby.\"</p> <p><strong>Don Wilkes:</strong> \"I moved to Pembroke with my wife 17 years ago and we felt at home straight away. There are some beautiful beaches nearby - the walk around Bosherston Ponds leading to Broad Haven beach is a must. Brown's chip shop on Main Street. A downside is that we're a distance from the big shops, multiscreen cinemas, etc. Road and rail links could be improved. But it's a great place to bring up a family.\"</p> <p>\u2022 Do you live in Scarborough? Do you have a favourite haunt, a pet hate or advice for newcomers? If so, please write to us: Let's Move, Guardian Weekend, Kings Place, London N1 9GU. Or email us at <a href=\"mailto:lets.move@theguardian.com\">lets.move@theguardian.com</a>. For inclusion, letters and emails should reach us by next Friday, and may be edited. A full name and postal address (not for publication) must be supplied.</p>",
      "newspaperPageNumber": "68",
      "wordcount": "583",
      "commentCloseDate": "2009-02-05T00:01:00Z",
      "commentable": "true",
      "isPremoderated": "false",
      "lastModified": "2018-06-19T11:18:42Z",
      "newspaperEditionDate": "2009-01-31T00:00:00Z",
      "productionOffice": "UK",
      "publication": "The Guardian",
      "shortUrl": "https://gu.com/p/24p7f",
      "shouldHideAdverts": "false",
      "showInRelatedContent": "true",
      "legallySensitive": "false",
      "lang": "en",
      "bodyText": "What's going for it? You'll need a blind eye to live here. What klutz thought it would be a good idea to plonk a gargantuan oil refinery cheek by jowl with a national park? Like, dur. Anyhow, your good eye's got plenty of stuff to keep it busy on the Pembrokeshire coast, like puffins out on the islands, a zillion coves, castles straight outta Enid Blyton and, oil refinery aside, all the unspoiltness a voluntary or - dole queues being what they are these days - involuntary downshifter could possibly want. Change of life? Here you are. My surfer duderoo friend raves about Freshwater West Bay, too, but since I'm not a pretty sight in a wetsuit, you'll have to take it from him. You'll like the Cleddau estuary. Tenby may have the upper hand in the cute ickle town stakes round here, but Pembroke's cheaper, still has a shot of cuteness (Georgian high street, castle, etc), plus the upside that you don't get so inundated with tourists. Truly Cornwall's equal in all but property prices and clotted cream (though buttered Welsh cakes make up for that). The case against Oil refineries, docks, power stations, but if you avoid the B4325 you might just keep them at arm's length. The economy: jobs aren't thick on the ground here. Far, far away from almost everything. Thrills outside wetsuits/walking boots are hard to come by. Well connected? Hardly the point. But if you simply must get to Haverfordwest, the local bus service is pretty good. Rail: Swansea, two hours/every two hours; Cardiff, three hours and near four for Bristol. Schools Jolly good. Estyn rates Golden Grove, Monkton Priory, Pennar and St Mary's Catholic primaries as \"good\", and the town's secondary, Pembroke School, too. Hang out at... Pottery Shed cafe - great homemade cakes. White's Golden Crust bakery in Lamphey. Where to buy An interesting mix, with streets of Georgian town houses, your usual suburbans, plus farm buildings and the odd 15th-century chapel. Nice, brightly painted town houses in the central conservation area. Check out the sweet villages a few minutes' drive away, such as Manorbier, with its sandy beaches, and Lamphey. Market values Five-bed Georgian town houses, \u00a3250,000-\u00a3420,000. Detached suburbans, \u00a3190,000-\u00a3350,000. Bungalows, \u00a3150,000-\u00a3270,000. Semis, \u00a3120,000-\u00a3180,000. Two-to-four-bed terraces, \u00a3100,000-\u00a3200,000. Bargain of the week Detached, 19th-century, three-bed cottage \"with potential for development\", \u00a3220,000, with Guy Thomas (01646 682342). From the streets of Pembroke Stephanie Douglas-Law: \"I love the coastline and beaches, and there's a great community feel, but the restaurants are better in nearby Tenby.\" Don Wilkes: \"I moved to Pembroke with my wife 17 years ago and we felt at home straight away. There are some beautiful beaches nearby - the walk around Bosherston Ponds leading to Broad Haven beach is a must. Brown's chip shop on Main Street. A downside is that we're a distance from the big shops, multiscreen cinemas, etc. Road and rail links could be improved. But it's a great place to bring up a family.\" \u2022 Do you live in Scarborough? Do you have a favourite haunt, a pet hate or advice for newcomers? If so, please write to us: Let's Move, Guardian Weekend, Kings Place, London N1 9GU. Or email us at lets.move@theguardian.com. For inclusion, letters and emails should reach us by next Friday, and may be edited. A full name and postal address (not for publication) must be supplied.",
      "charCount": "3426"
    },
    "isHosted": false,
    "pillarId": "pillar/lifestyle",
    "pillarName": "Lifestyle"
  },
  {
    "id": "politics/2009/jan/31/faq-oil-refinery-strikes",
    "type": "article",
    "sectionId": "politics",
    "sectionName": "Politics",
    "webPublicationDate": "2009-01-31T00:01:00Z",
    "webTitle": "Oil refinery strikes FAQ: Are we facing industrial turmoil?",
    "webUrl": "https://www.theguardian.com/politics/2009/jan/31/faq-oil-refinery-strikes",
    "apiUrl": "https://content.guardianapis.com/politics/2009/jan/31/faq-oil-refinery-strikes",
    "fields": {
      "headline": "Are we facing industrial turmoil?",
      "trailText": "<p>A brief guide to the oil refinery strikes</p>",
      "main": "",
      "body": "<h2>Why have the oil refinery strikes broken out across the UK?</h2> <p>They are sympathy actions by workers angry at the decision by Total to give a \u00a3200m contract to build a desulphurisation unit at the Lindsey oil refinery to an Italian firm, IREM, which says it will bring in 400 of its permanent skilled workforce of Italians and Portuguese to do the job. They say they will be employed at the same rates as British workers at the refinery and no \"direct redundancies\" are expected as a result because they are new jobs. The strikers say there is sufficient unemployed skilled labour locally to do the work. They held up placards echoing Gordon Brown's 2007 \"British jobs for British workers\" Labour conference promise.</p> <p>A similar dispute has been running since the autumn at Staythorpe power station, Newark, Nottinghamshire, where a Spanish company brought in its own staff after winning a contract to rebuild the boiler and turbine.</p> <p>The local Conservative MP, Patrick Mercer, has warned that far-right extremists have been trying to exploit the situation, using Brown's \"British jobs\" slogan. Unions say 60% of Britain's ageing power plants face replacement over the next few years and power industry engineers across the country fear they could miss out on the jobs.</p> <h2>Are the walkouts official?</h2> <p>No, the solidarity action has been \"spontaneous\", but unions Unite and GMB have been vocal in their support and have pressed Downing Street to call meetings with the industry.</p> <h2>But Brown promised \"British jobs for British workers?\"</h2> <p>The reality was always that he could only create \"British jobs for European workers\". What Brown failed to mention was that the term \"resident\" as in the \"resident market labour test\" means anyone who is resident in an EU country - not just British workers. The Italians at Lindsey pass the test just as easily as local Lincolnshire construction workers. Ministers say by investing in education and training they are equipping British workers and youngsters with the skills to get the jobs, but they can't \"reserve\" them for British citizens. New jobs in Britain have to go through the \"resident labour market test\" before they can be filled by a foreign migrant worker. That means employers have to show that no suitably qualified, settled worker can fill the vacancy by advertising it for two weeks in a trade journal, the national press or a local jobcentre.</p> <h2>But how can the oil refinery jobs not be open to local Lincolnshire workers?</h2> <p>The government says IREM is acting within the rules as laid down by the EU \"posted workers\" directive. This allows a European company to employ its own staff on a temporary project in another EU member state. The only condition under this directive is that the contract is for a limited time and that the employer meets local working regulations; for example, that they pay at least the UK minimum wage. This directive was introduced in 1996 to improve labour mobility in Europe and protect \"posted\" workers.</p> <p>Downing Street stressed yesterday that the IREM contract was awarded at Lindsey when there were skill shortages in the construction sector and this was no longer the case. This argument suggests ministers are already looking for ways around the EU directive to ensure more British recruitment.</p> <h2>Is this the start of a wave of French-style, recession-related union militancy?</h2> <p>The possibility of \"Britons First\" industrial turmoil aimed against foreign migrants must be the stuff of nightmares for Labour ministers facing a general election in the next 15 months. The union Unite wants to make sure its members are not shut out of a \u00a310bn-plus stream of energy infrastructure contracts.</p> <p>The government's new points-based immigration system is designed to limit the flow of non-EU migrants into Britain, but it does not control the movement of labour within Europe. As unemployment rises, past recessions suggest that inward migration to Britain will decline, but new labour flashpoints, such as the Olympic building projects, could easily erupt.</p>",
      "newspaperPageNumber": "5",
      "wordcount": "660",
      "commentable": "false",
      "isPremoderated": "false",
      "lastModified": "2017-11-27T12:07:33Z",
      "newspaperEditionDate": "2009-01-31T00:00:00Z",
      "productionOffice": "UK",
      "publication": "The Guardian",
      "shortUrl": "https://gu.com/p/25v39",
      "shouldHideAdverts": "false",
      "showInRelatedContent": "true",
      "legallySensitive": "false",
      "lang": "en",
      "bodyText": "Why have the oil refinery strikes broken out across the UK? They are sympathy actions by workers angry at the decision by Total to give a \u00a3200m contract to build a desulphurisation unit at the Lindsey oil refinery to an Italian firm, IREM, which says it will bring in 400 of its permanent skilled workforce of Italians and Portuguese to do the job. They say they will be employed at the same rates as British workers at the refinery and no \"direct redundancies\" are expected as a result because they are new jobs. The strikers say there is sufficient unemployed skilled labour locally to do the work. They held up placards echoing Gordon Brown's 2007 \"British jobs for British workers\" Labour conference promise. A similar dispute has been running since the autumn at Staythorpe power station, Newark, Nottinghamshire, where a Spanish company brought in its own staff after winning a contract to rebuild the boiler and turbine. The local Conservative MP, Patrick Mercer, has warned that far-right extremists have been trying to exploit the situation, using Brown's \"British jobs\" slogan. Unions say 60% of Britain's ageing power plants face replacement over the next few years and power industry engineers across the country fear they could miss out on the jobs. Are the walkouts official? No, the solidarity action has been \"spontaneous\", but unions Unite and GMB have been vocal in their support and have pressed Downing Street to call meetings with the industry. But Brown promised \"British jobs for British workers?\" The reality was always that he could only create \"British jobs for European workers\". What Brown failed to mention was that the term \"resident\" as in the \"resident market labour test\" means anyone who is resident in an EU country - not just British workers. The Italians at Lindsey pass the test just as easily as local Lincolnshire construction workers. Ministers say by investing in education and training they are equipping British workers and youngsters with the skills to get the jobs, but they can't \"reserve\" them for British citizens. New jobs in Britain have to go through the \"resident labour market test\" before they can be filled by a foreign migrant worker. That means employers have to show that no suitably qualified, settled worker can fill the vacancy by advertising it for two weeks in a trade journal, the national press or a local jobcentre. But how can the oil refinery jobs not be open to local Lincolnshire workers? The government says IREM is acting within the rules as laid down by the EU \"posted workers\" directive. This allows a European company to employ its own staff on a temporary project in another EU member state. The only condition under this directive is that the contract is for a limited time and that the employer meets local working regulations; for example, that they pay at least the UK minimum wage. This directive was introduced in 1996 to improve labour mobility in Europe and protect \"posted\" workers. Downing Street stressed yesterday that the IREM contract was awarded at Lindsey when there were skill shortages in the construction sector and this was no longer the case. This argument suggests ministers are already looking for ways around the EU directive to ensure more British recruitment. Is this the start of a wave of French-style, recession-related union militancy? The possibility of \"Britons First\" industrial turmoil aimed against foreign migrants must be the stuff of nightmares for Labour ministers facing a general election in the next 15 months. The union Unite wants to make sure its members are not shut out of a \u00a310bn-plus stream of energy infrastructure contracts. The government's new points-based immigration system is designed to limit the flow of non-EU migrants into Britain, but it does not control the movement of labour within Europe. As unemployment rises, past recessions suggest that inward migration to Britain will decline, but new labour flashpoints, such as the Olympic building projects, could easily erupt.",
      "charCount": "4011"
    },
    "isHosted": false,
    "pillarId": "pillar/news",
    "pillarName": "News"
  },
  {
    "id": "business/2009/jan/31/international-trade-recession-fal-cornwall-shipping-sailors",
    "type": "article",
    "sectionId": "business",
    "sectionName": "Business",
    "webPublicationDate": "2009-01-31T00:01:00Z",
    "webTitle": "Ships grounded as global financial downturn takes its toll",
    "webUrl": "https://www.theguardian.com/business/2009/jan/31/international-trade-recession-fal-cornwall-shipping-sailors",
    "apiUrl": "https://content.guardianapis.com/business/2009/jan/31/international-trade-recession-fal-cornwall-shipping-sailors",
    "fields": {
      "headline": "Marooned on the Fal: sailors stranded on the ships that are going nowhere",
      "standfirst": "Shipping crews from all over the world caught in Cornwall   as global trade slows",
      "trailText": "<p>Shipping crews from all over the world caught in Cornwall   as global trade slows</p>",
      "byline": "Steven Morris",
      "main": "",
      "body": "<p>Rolan and Ryan grin when asked what they enjoyed most about their trip to the bright lights of Truro. \"Many beautiful girls,\" says Ryan. Sadly for the two Filipino friends, they had only three hours to savour the delights of Cornwall's cathedral city before dashing back to their ship a few miles downstream. </p> <p>Rolan, Ryan and their two older shipmates, Gregorio and Florencio, have a lot of time on their hands just now. The only trouble is they are stuck miles away from their friends, families and comrades with no idea of when they might get away and very limited opportunity to go ashore and get to know the locals. </p> <p>The four Filipinos are among about 30 sailors marooned in the deep, still waters of the river Fal. Their ships have been laid up in this safe haven either because the global financial crisis means there is no work for them or because they have been seized by the courts. Turn a corner near King Harry ferry just south of Truro and through the trees you suddenly glimpse the giant ships - car carriers, bulk carriers, banana boats. </p> <p>There are 10 ships here, looked after by skeleton crews of three or four to each vessel. As well as the Filipinos, there are Polish, Portuguese, Russian, Ukrainian and Bulgarian sailors with too much time to kill, often not enough work to do and little access to the outside world. </p> <p>Sailors on one of the laid-up ships spend time cycling round the vast empty decks, trying to keep fit. Some organise games of football on board and many are becoming excellent darts players. </p> <p>On one vessel they seem to have given up the ghost and are padding around unshaven and in flip-flops, asking anyone who passes if they have any spare DVDs - they have watched all theirs dozens of times. </p> <p>\"Don't get the idea it's anything like On the Town [the musical starring Gene Kelly and Frank Sinatra in which a group of sailors hit New York],\" says the port chaplain, Louise Carter, who regularly visits the ships. \"It's much more grim. Some are well looked after but some of the crews seem as laid up as the boats. They are not well dressed, some are not eating properly. </p> <p>\"There's a real issue with boredom. Many say it's a problem getting to shore or they can't phone home. Some of them have said: 'Where is the nearest town? How can we get there?' They are very vulnerable people and yet they are entrusted with millions of pounds worth of ship to look after for months at a time. They are effectively on floating prisons.\" </p> <p>The four Filipinos who are in charge of the bulk carrier Challenger II are still disciplined and well-supplied but when the Guardian visited did not pretend they were having a great time. \"It's kind of lonely,\" said the chief engineer, Gregorio. \"We are only four of us here. Our companions, the rest of the crew, went home. It's good because we have the job but it's not normal for us because we are only staying here in one place. We usually move around the world. We miss the normal life.\"</p> <p>In good times, the ship sails around Europe and the Baltic, its huge containers full of goods such as coal or timber. The crew is used to being in a new port every three days. Gregorio, who proudly shows off his vast engine room, does not count the jobs they do as real work. \"It's just maintenance. We make the watch, we're not working.\" </p> <p>They have been in Cornwall for three weeks so far and have just been told they could be there another two weeks - or perhaps another two months. </p> <p>They spend a lot of time in the general mess room. They watch videos and the news, though the reception on their television is terrible. Gregorio, 53, who has been at sea for a quarter of a century, is frustrated they cannot get access to the internet. The men take it in turns to cook - the chef is long gone. And they do lots of cleaning to pass the time. </p> <p>\"I clean for exercise and to keep warm,\" says Florencio, 52, the chief officer. He has not been on shore yet but is planning to go to Truro next week so he can wire money back to his family if he can find an bank that can help him do it. He says he won't be going on a spending spree. \"My monthly wage may be the same as weekly wage here. It is too expensive,\" he says. </p> <p>Florencio is missing his two children terribly. When he spoke to them at Christmas on the phone they begged him to come home. \"They say 'please come, please come.'\" It is difficult to keep in contact. He texts them and only actually speaks to them if there's an emergency. </p> <p>The lack of communication with the outside world means that they do not know how their 21 colleagues who have left the ship have got on. \"They'll probably be on vacation,\" suggests Gregorio. But whether there will be any work after that holiday is another question. \"It is hard times also in the Philippines,\" he says.</p> <p>There seem to be two advantages to life on the Fal. The crew does still have paid work. And though they maintain a strict watch - one of the younger ones does the 6pm-6am shift - they do not have to fear attack. \"There are no pirates here, that's one good thing,\" says Gregorio.</p> <p></p> <h2><strong>Ideal berth</strong></h2> <p>The river Fal is an ideal spot to lay up ships. The water is deep and the river sheltered. It is cheap - \u00a3570 a week for a bulk carrier - and the infrastructure, tugs, chandleries and repair yards are there for when it is time to leave. One disadvantage is that ships are not tied up at a dock but in the river, making it harder for crews to reach land. </p> <p>Famous ships to have been berthed here include the Royal Navy's HMS Ajax after the Battle of the River Plate in the second world war. </p> <p>The number of commercial vessels laid up in the Fal is a good indicator of the economy. In the late 1950s when the oil price dropped after the Suez crisis, six full tankers were tied up in the river. In the early 70s Cunard laid up three liners. During the recessions in the 80s and 90s, the river gradually filled up. More ships are expected.</p>",
      "newspaperPageNumber": "13",
      "wordcount": "1099",
      "commentable": "false",
      "isPremoderated": "false",
      "lastModified": "2017-11-27T12:07:22Z",
      "newspaperEditionDate": "2009-01-31T00:00:00Z",
      "productionOffice": "UK",
      "publication": "The Guardian",
      "shortUrl": "https://gu.com/p/25v4c",
      "shouldHideAdverts": "false",
      "showInRelatedContent": "true",
      "legallySensitive": "false",
      "lang": "en",
      "bodyText": "Rolan and Ryan grin when asked what they enjoyed most about their trip to the bright lights of Truro. \"Many beautiful girls,\" says Ryan. Sadly for the two Filipino friends, they had only three hours to savour the delights of Cornwall's cathedral city before dashing back to their ship a few miles downstream. Rolan, Ryan and their two older shipmates, Gregorio and Florencio, have a lot of time on their hands just now. The only trouble is they are stuck miles away from their friends, families and comrades with no idea of when they might get away and very limited opportunity to go ashore and get to know the locals. The four Filipinos are among about 30 sailors marooned in the deep, still waters of the river Fal. Their ships have been laid up in this safe haven either because the global financial crisis means there is no work for them or because they have been seized by the courts. Turn a corner near King Harry ferry just south of Truro and through the trees you suddenly glimpse the giant ships - car carriers, bulk carriers, banana boats. There are 10 ships here, looked after by skeleton crews of three or four to each vessel. As well as the Filipinos, there are Polish, Portuguese, Russian, Ukrainian and Bulgarian sailors with too much time to kill, often not enough work to do and little access to the outside world. Sailors on one of the laid-up ships spend time cycling round the vast empty decks, trying to keep fit. Some organise games of football on board and many are becoming excellent darts players. On one vessel they seem to have given up the ghost and are padding around unshaven and in flip-flops, asking anyone who passes if they have any spare DVDs - they have watched all theirs dozens of times. \"Don't get the idea it's anything like On the Town [the musical starring Gene Kelly and Frank Sinatra in which a group of sailors hit New York],\" says the port chaplain, Louise Carter, who regularly visits the ships. \"It's much more grim. Some are well looked after but some of the crews seem as laid up as the boats. They are not well dressed, some are not eating properly. \"There's a real issue with boredom. Many say it's a problem getting to shore or they can't phone home. Some of them have said: 'Where is the nearest town? How can we get there?' They are very vulnerable people and yet they are entrusted with millions of pounds worth of ship to look after for months at a time. They are effectively on floating prisons.\" The four Filipinos who are in charge of the bulk carrier Challenger II are still disciplined and well-supplied but when the Guardian visited did not pretend they were having a great time. \"It's kind of lonely,\" said the chief engineer, Gregorio. \"We are only four of us here. Our companions, the rest of the crew, went home. It's good because we have the job but it's not normal for us because we are only staying here in one place. We usually move around the world. We miss the normal life.\" In good times, the ship sails around Europe and the Baltic, its huge containers full of goods such as coal or timber. The crew is used to being in a new port every three days. Gregorio, who proudly shows off his vast engine room, does not count the jobs they do as real work. \"It's just maintenance. We make the watch, we're not working.\" They have been in Cornwall for three weeks so far and have just been told they could be there another two weeks - or perhaps another two months. They spend a lot of time in the general mess room. They watch videos and the news, though the reception on their television is terrible. Gregorio, 53, who has been at sea for a quarter of a century, is frustrated they cannot get access to the internet. The men take it in turns to cook - the chef is long gone. And they do lots of cleaning to pass the time. \"I clean for exercise and to keep warm,\" says Florencio, 52, the chief officer. He has not been on shore yet but is planning to go to Truro next week so he can wire money back to his family if he can find an bank that can help him do it. He says he won't be going on a spending spree. \"My monthly wage may be the same as weekly wage here. It is too expensive,\" he says. Florencio is missing his two children terribly. When he spoke to them at Christmas on the phone they begged him to come home. \"They say 'please come, please come.'\" It is difficult to keep in contact. He texts them and only actually speaks to them if there's an emergency. The lack of communication with the outside world means that they do not know how their 21 colleagues who have left the ship have got on. \"They'll probably be on vacation,\" suggests Gregorio. But whether there will be any work after that holiday is another question. \"It is hard times also in the Philippines,\" he says. There seem to be two advantages to life on the Fal. The crew does still have paid work. And though they maintain a strict watch - one of the younger ones does the 6pm-6am shift - they do not have to fear attack. \"There are no pirates here, that's one good thing,\" says Gregorio. Ideal berth The river Fal is an ideal spot to lay up ships. The water is deep and the river sheltered. It is cheap - \u00a3570 a week for a bulk carrier - and the infrastructure, tugs, chandleries and repair yards are there for when it is time to leave. One disadvantage is that ships are not tied up at a dock but in the river, making it harder for crews to reach land. Famous ships to have been berthed here include the Royal Navy's HMS Ajax after the Battle of the River Plate in the second world war. The number of commercial vessels laid up in the Fal is a good indicator of the economy. In the late 1950s when the oil price dropped after the Suez crisis, six full tankers were tied up in the river. In the early 70s Cunard laid up three liners. During the recessions in the 80s and 90s, the river gradually filled up. More ships are expected.",
      "charCount": "5874"
    },
    "isHosted": false,
    "pillarId": "pillar/news",
    "pillarName": "News"
  }
]