[
  {
    "id": "culture/2000/mar/27/artsfeatures3",
    "type": "article",
    "sectionId": "global",
    "sectionName": "Global",
    "webPublicationDate": "2000-03-26T23:00:00Z",
    "webTitle": "The Flying Dutchman",
    "webUrl": "https://www.theguardian.com/culture/2000/mar/27/artsfeatures3",
    "apiUrl": "https://content.guardianapis.com/culture/2000/mar/27/artsfeatures3",
    "fields": {
      "headline": "The Flying Dutchman",
      "standfirst": "Royal Opera House, London<br />  * *",
      "trailText": "<p>The inevitable question hanging over the Royal Opera's revival of The Flying Dutchman was whether Covent Garden's tricky computerised stage system would be up to the demands of Ian Judge's infamously hi-tech production. Apart from the occasional metallic creak, the first night actually went without a hitch, but at a price. </p>",
      "byline": "Tim Ashley",
      "main": "",
      "body": "<p>The inevitable question hanging over the Royal Opera's revival of The Flying Dutchman was whether Covent Garden's tricky computerised stage system would be up to the demands of Ian Judge's infamously hi-tech production. Apart from the occasional metallic creak, the first night actually went without a hitch, but at a price. </p> <p>Judge's overwrought staging, a whirligig of swivelling platforms and staircases when unveiled in 1992, was originally geared to the fashionable, if unauthentic, one-act version of the score produced by Wagner's widow Cosima in 1901. (Wagner repeatedly toyed with the idea of running the opera as a continuous whole, but never put it into practice.) A lack of technical rehearsal time forced the Opera House to revert to Wagner's own final edition - the 1860 three-act version - which will doubtless displease some, but does spare us some of the more motion sickness-inducing movements of John Gunter's set. </p> <p>The production's other flaws remain, however. Psychology is subordinate to spectacle: there's a queasy tilt towards symbolism throughout that renders the opera's depiction of the effect of the uncanny upon a bourgeois society unclear. </p> <p>More worryingly, the performance itself is wretchedly uneven. The conductor is Simone Young, who drives the piece with a hard, unyielding ferocity, turning it into a Gothic horror story, although Wagner was after something more subtle. There is a lack of tenderness in her interpretation, and the playing is alarmingly coarse. </p> <p>Bernd Weikl scrapes through the Dutchman's music with a tattered wreck of a voice, his former sexual charisma now conspicuous by its absence. Solveig Kringelborn acts her socks off as Senta, turning Wagner's heroine into a credible neurotic who belongs on Freud's couch - but vocally some of it is excruciatingly squally and she should not really be singing the role in the first place. </p> <p>Kim Begley's Erik is finely lyrical, if at times effortful. The choral singing is fabulous and there's a definitive Daland from the wonderful Kurt Moll, but he can't redeem an evening that ranks as one of the messiest to be heard at Covent Garden for some time.</p>",
      "newspaperPageNumber": "10",
      "wordcount": "345",
      "commentable": "false",
      "isPremoderated": "false",
      "lastModified": "2017-09-20T15:56:34Z",
      "newspaperEditionDate": "2000-03-27T00:00:00Z",
      "productionOffice": "UK",
      "publication": "theguardian.com",
      "shortUrl": "https://gu.com/p/xh9m7",
      "shouldHideAdverts": "false",
      "showInRelatedContent": "true",
      "legallySensitive": "false",
      "lang": "en",
      "bodyText": "The inevitable question hanging over the Royal Opera's revival of The Flying Dutchman was whether Covent Garden's tricky computerised stage system would be up to the demands of Ian Judge's infamously hi-tech production. Apart from the occasional metallic creak, the first night actually went without a hitch, but at a price. Judge's overwrought staging, a whirligig of swivelling platforms and staircases when unveiled in 1992, was originally geared to the fashionable, if unauthentic, one-act version of the score produced by Wagner's widow Cosima in 1901. (Wagner repeatedly toyed with the idea of running the opera as a continuous whole, but never put it into practice.) A lack of technical rehearsal time forced the Opera House to revert to Wagner's own final edition - the 1860 three-act version - which will doubtless displease some, but does spare us some of the more motion sickness-inducing movements of John Gunter's set. The production's other flaws remain, however. Psychology is subordinate to spectacle: there's a queasy tilt towards symbolism throughout that renders the opera's depiction of the effect of the uncanny upon a bourgeois society unclear. More worryingly, the performance itself is wretchedly uneven. The conductor is Simone Young, who drives the piece with a hard, unyielding ferocity, turning it into a Gothic horror story, although Wagner was after something more subtle. There is a lack of tenderness in her interpretation, and the playing is alarmingly coarse. Bernd Weikl scrapes through the Dutchman's music with a tattered wreck of a voice, his former sexual charisma now conspicuous by its absence. Solveig Kringelborn acts her socks off as Senta, turning Wagner's heroine into a credible neurotic who belongs on Freud's couch - but vocally some of it is excruciatingly squally and she should not really be singing the role in the first place. Kim Begley's Erik is finely lyrical, if at times effortful. The choral singing is fabulous and there's a definitive Daland from the wonderful Kurt Moll, but he can't redeem an evening that ranks as one of the messiest to be heard at Covent Garden for some time.",
      "charCount": "2142"
    },
    "isHosted": false
  },
  {
    "id": "money/2000/mar/27/personalfinancenews.shopping",
    "type": "article",
    "sectionId": "money",
    "sectionName": "Money",
    "webPublicationDate": "2000-03-26T23:00:00Z",
    "webTitle": "M&S moves into virtual underwear",
    "webUrl": "https://www.theguardian.com/money/2000/mar/27/personalfinancenews.shopping",
    "apiUrl": "https://content.guardianapis.com/money/2000/mar/27/personalfinancenews.shopping",
    "fields": {
      "headline": "M&S moves into virtual underwear",
      "standfirst": "<br /><a href=\"http://www.newsunlimited.co.uk/efinance\">E-finance: special report</a>",
      "trailText": "<p>Marks &amp; Spencer is attempting to give its share price some dot.com fizz by taking a stake in an online lingerie company.</p>",
      "byline": "John Cassy",
      "main": "",
      "body": "<p>Marks &amp; Spencer is attempting to give its share price some dot.com fizz by taking a stake in an online lingerie company.</p> <p>As part of its efforts to shake off a dowdy image M&amp;S is investing an undisclosed amount in <a href=\"http://www.splendour.com\">Splendour.com</a>, which will design and market luxury underwear online. </p> <p>The company is the brainchild of Mark Pilkington, a former chief executive of Wonderbra manufacturer Gossard. </p> <p>M&amp;S Ventures will take a \"major stake\" in Splendour.com and supply the company with two board members. It will also give it a stake in a potential rival. </p> <p>The British lingerie market is worth \u00a31.5bn a year and M&amp;S is its biggest player, with more than a third of total sales. </p> <p>Splendour.com's first products, aimed at the upper end of the market - at present served mainly through specialist retail outlets - should be available over the internet by the summer. </p> <p>Mr Pilkington said: \"I believe that there is a real opportunity for a net-only premium brand providing luxury lingerie direct to the consumer. </p> <p>\"M&amp;S's investment will help us achieve our goal of becoming Europe's leading online lingerie company.\"</p>",
      "newspaperPageNumber": "21",
      "wordcount": "197",
      "commentable": "false",
      "isPremoderated": "false",
      "lastModified": "2017-02-21T23:46:36Z",
      "newspaperEditionDate": "2000-03-27T00:00:00Z",
      "productionOffice": "UK",
      "publication": "theguardian.com",
      "shortUrl": "https://gu.com/p/dqec",
      "shouldHideAdverts": "false",
      "showInRelatedContent": "true",
      "legallySensitive": "false",
      "lang": "en",
      "bodyText": "Marks &amp; Spencer is attempting to give its share price some dot.com fizz by taking a stake in an online lingerie company. As part of its efforts to shake off a dowdy image M&amp;S is investing an undisclosed amount in Splendour.com, which will design and market luxury underwear online. The company is the brainchild of Mark Pilkington, a former chief executive of Wonderbra manufacturer Gossard. M&amp;S Ventures will take a \"major stake\" in Splendour.com and supply the company with two board members. It will also give it a stake in a potential rival. The British lingerie market is worth \u00a31.5bn a year and M&amp;S is its biggest player, with more than a third of total sales. Splendour.com's first products, aimed at the upper end of the market - at present served mainly through specialist retail outlets - should be available over the internet by the summer. Mr Pilkington said: \"I believe that there is a real opportunity for a net-only premium brand providing luxury lingerie direct to the consumer. \"M&amp;S's investment will help us achieve our goal of becoming Europe's leading online lingerie company.\"",
      "charCount": "1117"
    },
    "isHosted": false,
    "pillarId": "pillar/lifestyle",
    "pillarName": "Lifestyle"
  },
  {
    "id": "money/2000/mar/27/business.personalfinancenews1",
    "type": "article",
    "sectionId": "money",
    "sectionName": "Money",
    "webPublicationDate": "2000-03-26T23:00:00Z",
    "webTitle": "Opec heads for higher output",
    "webUrl": "https://www.theguardian.com/money/2000/mar/27/business.personalfinancenews1",
    "apiUrl": "https://content.guardianapis.com/money/2000/mar/27/business.personalfinancenews1",
    "fields": {
      "headline": "Opec heads for higher output",
      "trailText": "<p>Opec ministers will meet in Vienna today amid rising expectations of a deal to increase output and ease worries of an oil-price induced economic slowdown. </p>",
      "byline": "Mark Milner, deputy financial editor",
      "main": "",
      "body": "<p>Opec ministers will meet in Vienna today amid rising expectations of a deal to increase output and ease worries of an oil-price induced economic slowdown. </p> <p>They are expected to agree a 5% increase in crude oil production which they hope will bring the price back to between $20 and $25 a barrel. </p> <p>A year-long curb on production levels has seen the price of oil recover from lows of $10 a barrel to a recent high of $34, raising fears that the price increase could feed inflation in industrialised economies and slow economic growth. </p> <p>Concern about the outlook for the global economy has presented oil producers with a delicate balancing act: trying to maintain a price level which they regard as reasonable but which is also sustainable. </p> <p>The dilemma for producers was highlighted by the Kuwaitis who warned at the weekend they would increase their output even if the other Opec members failed to reach a new agreement. </p> <p>\"It is not in Kuwait's interest that oil prices reach between $30 and $35 a barrel,\" said the foreign minister Sheikh Sabah al-Ahmad al-Sabah. </p> <p>Although there is disagreement about the extent to which output should be lifted a deal looks likely. Saudi Arabia wants an increase of 1.7m barrels a day but others seek to restrict the increase to around 1m barrels. </p> <p>Algeria is among those concerned that increasing production too much would send the oil price - which has slipped to around $28 a barrel in recent days - still lower. </p> <p>But yesterday after talks with his Algerian opposite number, the Saudi oil minister Ali al-Naimi said: \"We and Algeria are agreed on a position.\" </p> <p>Oil producers, including non-members of Opec, have come under heavy pressure, particularly from the US to raise output. One concern in the US is that stocks have already been depleted before the warmer weather brings motorists out onto the roads in even greater numbers, boosting the demand for petrol. </p> <p>Last March Opec reached a deal to cut output levels by more than 4m barrels a day to 23m barrels in an attempt to revive the price. Despite expectations that producers would cheat on their output quotas, the restrictions held - forcing prices higher. </p> <p>Now Opec is expected to agree an increase of up to 1.5m barrels a day - and Mexico, which is not a member of Opec but which cooperated with the earlier output curbs, has already said it will now lift production levels. Though the US would like to see production increased by 3m barrels a day President Clinton is under stood to be happy with Opec's gradual approach. </p> <p>Britain last night urged Opec states to achieve market stability with a price of around $25. \"We think somewhere in the mid $20s is an area around which an understanding between the oil producers and the oil users can actually come,\" said energy minister Richard Caborn. </p> <p>Iraq, which is not a party to Opec decisions, also plans to raise oil sales in the next few weeks under the humanitarian exchange arrangements with the United Nations.</p>",
      "newspaperPageNumber": "21",
      "wordcount": "511",
      "commentable": "false",
      "isPremoderated": "false",
      "lastModified": "2001-12-12T00:00:00Z",
      "newspaperEditionDate": "2000-03-27T00:00:00Z",
      "productionOffice": "UK",
      "publication": "theguardian.com",
      "shortUrl": "https://gu.com/p/355b",
      "shouldHideAdverts": "false",
      "showInRelatedContent": "true",
      "legallySensitive": "false",
      "lang": "en",
      "bodyText": "Opec ministers will meet in Vienna today amid rising expectations of a deal to increase output and ease worries of an oil-price induced economic slowdown. They are expected to agree a 5% increase in crude oil production which they hope will bring the price back to between $20 and $25 a barrel. A year-long curb on production levels has seen the price of oil recover from lows of $10 a barrel to a recent high of $34, raising fears that the price increase could feed inflation in industrialised economies and slow economic growth. Concern about the outlook for the global economy has presented oil producers with a delicate balancing act: trying to maintain a price level which they regard as reasonable but which is also sustainable. The dilemma for producers was highlighted by the Kuwaitis who warned at the weekend they would increase their output even if the other Opec members failed to reach a new agreement. \"It is not in Kuwait's interest that oil prices reach between $30 and $35 a barrel,\" said the foreign minister Sheikh Sabah al-Ahmad al-Sabah. Although there is disagreement about the extent to which output should be lifted a deal looks likely. Saudi Arabia wants an increase of 1.7m barrels a day but others seek to restrict the increase to around 1m barrels. Algeria is among those concerned that increasing production too much would send the oil price - which has slipped to around $28 a barrel in recent days - still lower. But yesterday after talks with his Algerian opposite number, the Saudi oil minister Ali al-Naimi said: \"We and Algeria are agreed on a position.\" Oil producers, including non-members of Opec, have come under heavy pressure, particularly from the US to raise output. One concern in the US is that stocks have already been depleted before the warmer weather brings motorists out onto the roads in even greater numbers, boosting the demand for petrol. Last March Opec reached a deal to cut output levels by more than 4m barrels a day to 23m barrels in an attempt to revive the price. Despite expectations that producers would cheat on their output quotas, the restrictions held - forcing prices higher. Now Opec is expected to agree an increase of up to 1.5m barrels a day - and Mexico, which is not a member of Opec but which cooperated with the earlier output curbs, has already said it will now lift production levels. Though the US would like to see production increased by 3m barrels a day President Clinton is under stood to be happy with Opec's gradual approach. Britain last night urged Opec states to achieve market stability with a price of around $25. \"We think somewhere in the mid $20s is an area around which an understanding between the oil producers and the oil users can actually come,\" said energy minister Richard Caborn. Iraq, which is not a party to Opec decisions, also plans to raise oil sales in the next few weeks under the humanitarian exchange arrangements with the United Nations.",
      "charCount": "2949"
    },
    "isHosted": false,
    "pillarId": "pillar/lifestyle",
    "pillarName": "Lifestyle"
  },
  {
    "id": "uk/2000/mar/26/antonybarnett.theobserver",
    "type": "article",
    "sectionId": "uk-news",
    "sectionName": "UK news",
    "webPublicationDate": "2000-03-26T00:30:34Z",
    "webTitle": "Click here to buy a bargain warship",
    "webUrl": "https://www.theguardian.com/uk/2000/mar/26/antonybarnett.theobserver",
    "apiUrl": "https://content.guardianapis.com/uk/2000/mar/26/antonybarnett.theobserver",
    "fields": {
      "headline": "Click here to buy a bargain warship",
      "trailText": "It will give anyone with enough money a licence to kill. A new Internet site is advertising enough weaponry to start a war.",
      "byline": "Antony Barnett",
      "main": "",
      "body": "It will give anyone with enough money a licence to kill. A new Internet site is advertising enough weaponry to start a war. <p>The website, <a href=\"http://www.powertochooseit.com\" target=\"_NEW\">powertochooseit.com</a>, was set up by two Blackburn-based property developers who used to concentrate on leasing unusual properties, fast cars and helicopters to the film and music industries. </p> <p>Now, under the heading 'defend your own country', you can find a 4,800-ton Royal Navy warship described as 'little used' and in 'excellent condition'. The ship has an Exocet missile launcher and two helicopter pads and sleeps 270. Extras include 30mm cannon. When commissioned in 1984, it cost the British taxpayers \u00a380m, but 16 years later the depreciation in secondhand frigates is such that it can now be offered at the bargain price of \u00a3300,000. The ship can be viewed at Plymouth. </p> <p>Other military wares for sale include a Soviet MiG 17f bomber with a maximum speed of 710 mph. It is based in Poland and can be purchased for around \u00a370,000. </p> <p>It is not just weaponry that is available, however. A mature bull elephant was recently on sale for \u00a32,500. Rhama was described as only understanding 'verbal commands in Thai'. Viewing was in Chomburi, Thailand, and the reason for sale was that Rhama, once employed in the logging industry, had been made redundant and a 'new tractor forces disposal'. </p> <p>Other interesting objects for sale include a 'deceptively spacious' oil recovery platform. Currently moored in the North Sea and weighing 111,000 tons, it sleeps 215. Fully water-proofed, it can be towed to a site of your choice. Open to offers. </p> <p>According to managing director Gerald Dunbar: 'We have been e-mailed from around the world from people who have unusual objects for sale. They are all legitimate. The frigate comes from the Ministry of Defence, who agreed to allow us to put it on our website.' </p> <p>Dunbar added: 'We've got a Chieftain tank coming on the market this week. It's a bargain at \u00a315,000.' </p> <p>The company is adamant that the objects won't fall into the wrong hands. A spokesman said: 'These MiGs came from the 1960s, and are basically for people who collect historic aircraft, not for anyone who wants to wage war. </p> <p>'Anything we sell will be perfectly legal and vetted by all the appropriate authorities.'</p> <p>\u0095 <a href=\"mailto:antony.barnett@observer.co.uk\" target_new>antony.barnett@observer.co.uk</a></p>",
      "newspaperPageNumber": "14",
      "wordcount": "393",
      "commentable": "false",
      "isPremoderated": "false",
      "lastModified": "2000-03-26T00:30:34Z",
      "newspaperEditionDate": "2000-03-26T00:00:00Z",
      "productionOffice": "UK",
      "publication": "The Observer",
      "shortUrl": "https://gu.com/p/yc8k",
      "shouldHideAdverts": "false",
      "showInRelatedContent": "true",
      "legallySensitive": "false",
      "lang": "en",
      "bodyText": "It will give anyone with enough money a licence to kill. A new Internet site is advertising enough weaponry to start a war. The website, powertochooseit.com, was set up by two Blackburn-based property developers who used to concentrate on leasing unusual properties, fast cars and helicopters to the film and music industries. Now, under the heading 'defend your own country', you can find a 4,800-ton Royal Navy warship described as 'little used' and in 'excellent condition'. The ship has an Exocet missile launcher and two helicopter pads and sleeps 270. Extras include 30mm cannon. When commissioned in 1984, it cost the British taxpayers \u00a380m, but 16 years later the depreciation in secondhand frigates is such that it can now be offered at the bargain price of \u00a3300,000. The ship can be viewed at Plymouth. Other military wares for sale include a Soviet MiG 17f bomber with a maximum speed of 710 mph. It is based in Poland and can be purchased for around \u00a370,000. It is not just weaponry that is available, however. A mature bull elephant was recently on sale for \u00a32,500. Rhama was described as only understanding 'verbal commands in Thai'. Viewing was in Chomburi, Thailand, and the reason for sale was that Rhama, once employed in the logging industry, had been made redundant and a 'new tractor forces disposal'. Other interesting objects for sale include a 'deceptively spacious' oil recovery platform. Currently moored in the North Sea and weighing 111,000 tons, it sleeps 215. Fully water-proofed, it can be towed to a site of your choice. Open to offers. According to managing director Gerald Dunbar: 'We have been e-mailed from around the world from people who have unusual objects for sale. They are all legitimate. The frigate comes from the Ministry of Defence, who agreed to allow us to put it on our website.' Dunbar added: 'We've got a Chieftain tank coming on the market this week. It's a bargain at \u00a315,000.' The company is adamant that the objects won't fall into the wrong hands. A spokesman said: 'These MiGs came from the 1960s, and are basically for people who collect historic aircraft, not for anyone who wants to wage war. 'Anything we sell will be perfectly legal and vetted by all the appropriate authorities.' \u0095 antony.barnett@observer.co.uk",
      "charCount": "2275"
    },
    "isHosted": false,
    "pillarId": "pillar/news",
    "pillarName": "News"
  },
  {
    "id": "world/2000/mar/26/jasonburke.theobserver",
    "type": "article",
    "sectionId": "world",
    "sectionName": "World news",
    "webPublicationDate": "2000-03-26T00:30:18Z",
    "webTitle": "Battle rages for Saro-Wiwa's bones",
    "webUrl": "https://www.theguardian.com/world/2000/mar/26/jasonburke.theobserver",
    "apiUrl": "https://content.guardianapis.com/world/2000/mar/26/jasonburke.theobserver",
    "fields": {
      "headline": "Battle rages for Saro-Wiwa's bones",
      "standfirst": "Five years after the brutal execution of the Nigerian playwright and eight fellow activists their reburial has fuelled a series of bitter feuds that threaten further unrest, reports  Jason Burke",
      "trailText": "His death sentence prompted thousands to hold candlelit vigils around the world. Ken Saro-Wiwa, a campaigner against Western oil interests in his native Nigeria, became an international martyr when his country's ruling dictator ordered him to be hanged.",
      "byline": "Jason Burke",
      "main": "",
      "body": "His death sentence prompted thousands to hold candlelit vigils around the world. Ken Saro-Wiwa, a campaigner against Western oil interests in his native Nigeria, became an international martyr when his country's ruling dictator ordered him to be hanged. <p>The planned execution five years ago almost led to Britain expelling the populous West African state from the Commonwealth, as his then London-based son launched a poignant plea for clemency. It was to no avail. Saro-Wiwa was led to the gallows and his body dumped in a shallow grave. </p> <p>Now, however, the bones of Saro-Wiwa are stirring again. A row over what should happen to his remains is causing a conflict stretching from London to Lagos that could once again tear Nigeria apart. </p> <p>With a new democratically elected government installed in Nigeria, there have been suggestions that Saro-Wiwa should receive a traditional funeral next month in an attempt to show that the dark chapters of Nigeria's murderous past can finally be closed. The funeral would aid 'reconciliation', said Olusegun Obasanjo, the country's new President. </p> <p>The remains of the eight other activists executed alongside him - who had, like Saro- Wiwa, fought for better treatment for the country's Ogoni tribal minority in the oil-rich delta region where they live - were buried close by. </p> <p>However, the prospect of a funeral has split the political representatives of the Ogoni and set the relatives of the executed men against each other. </p> <p>A key figure is Saro-Wiwa's eldest son, Ken Wiwa, who fled Nigeria's dictatorship for London, along with thousands of his countrymen, and now lives in Toronto. He wants his father buried according to his last wishes: in a simple grave if his beloved Ogoni people - of whom there about 500,000 - had still not been granted independent rule. </p> <p>'We have to follow Ken's orders,' said Owens Wiwa, the hanged activist's younger brother. 'It is the family's duty to follow his last wishes. After everything he gave during his life, and after our failure to prevent his death, that is the least we can do.' </p> <p>Saro-Wiwa's family contacted the Physicians for Human Rights (PHR) in Toronto who agreed to send a forensic expert to Port Harcourt, the southern city where he was hanged, to locate and examine the remains of the 'Ogoni Nine' - the other men hanged with him. </p> <p>But the expert, who travelled to Nigeria last month, immediately ran into difficulties when relatives of the slain blocked his visit to the burial site. </p> <p>'It was a fiasco,' said one PHR source. 'He walked slap into the middle of a million different agendas.' </p> <p>The affair exploded across Nigerian newspapers as the various parties rushed to defend themselves in print. The argument is fundamentally over the form of the funeral. </p> <p>Though Saro-Wiwa's family want the simple ceremony outlined in his will, many Ogoni politicians - even those of the Movement for the Survival of the Ogoni People (Mosop) that Saro-Wiwa founded - hope to use the occasion to rally their demoralised supporters and boost their political presence. </p> <p>They have formed a 'burial committee' and have made calls for all nine of the executed men to be buried together in a huge public ceremony. The Wiwas have refused to recognise the committee, prompting accusations by some senior Mosop figures that the family are acting like 'dynastic rulers'. </p> <p>Others criticise both sides. The widow of Barinem Kiobel, who died alongside Saro-Wiwa, claims that his family have never asked for her permission and that Mosop have just tried to make 'cheap political profit' out of the affair. </p> <p>'The gimmicks, tricks, manipulation and dehumanisation of some elements in Mosop leave much to be desired,' Esther Kiobel said. </p> <p>Lucky Dobee, whose elder brother was hanged, also says that her family was not consulted. Though the newly elected President of Nigeria, himself a former dissident, has been supportive of the reburial plan, other government figures are thought to oppose it for fear that it could spark a new round of blood-letting and violence in the country. </p> <p>'Any funeral would be a huge occasion and the local authorities might have difficulty maintaining order,' said a Nigerian journalist based in London. 'They might have to resort to force and then things could very quickly spiral out of control. Not only would a funeral be a public relations disaster but it could be very inflammatory nationwide.' </p> <p>The family hints that sinister interests are orchestrating the row. 'The confusion is organised. There are many people who still think Ken is a threat even if he is dead,' one of Saro-Wiwa's six surviving children told The Observer last week. 'This is a way to muddy his memory.' </p> <p>But the authorities' concern may be justified. For a decade, Nigeria has teetered on the brink of total collapse. Thousands have been killed in communal violence in the past year, despite the country's return to civilian rule, and last month several hundred more died in riots following the imposition of Islamic law on large parts of the country. </p> <p>Recently, youths attacked and killed 12 police officers. In response the President ordered the destruction of their home town, Odi, not far from the grim and steamy Port Harcourt. </p> <p>Though the general situation has improved since General Sani Abacha - the military ruler who ordered Saro-Wiwa's execution - died of a sudden heart attack in 1998, many Nigerians still live in appalling poverty. </p> <p>The benefits received by local people from the massive oil business are still minimal and no one doubts the ease with which the country - Africa's most populous state - could slip into chaos. The Niger delta is still racked with violence and sabotage and the kidnapping of oil company employees is common. </p> <p>Though almost unanimously lauded in the West - at least posthumously - Saro-Wiwa has always been a controversial figure at home. Though few doubt that he was innocent of the charges for which he was executed - ordering the deaths of four pro-government chiefs - he has nevertheless been accused of creating a climate of violence that facilitated the murders. </p> <p>A liberal man - and a talented satirist and playwright - Saro-Wiwa was also a ruthless and effective political player who knew how to work a crowd. </p> <p>His campaign against the multinational oil companies who run massive operations in Nigeria and in the Ogoni heartlands was not universally admired. He undoubtedly had many enemies. </p> <p>Last week his brother made a heartfelt appeal for those enemies to be reconciled. 'Ken was a man of peace and his burial should be peaceful. It should not be a cause for strife. The storm will pass and then we will all see a brighter future,' he said. </p> <p><a href=\"mailto:jason.burke@observer.co.uk\">jason.burke@observer.co.uk</a></p>",
      "newspaperPageNumber": "4",
      "wordcount": "1125",
      "commentable": "false",
      "isPremoderated": "false",
      "lastModified": "2000-03-26T00:30:18Z",
      "newspaperEditionDate": "2000-03-26T00:00:00Z",
      "productionOffice": "UK",
      "publication": "theguardian.com",
      "shortUrl": "https://gu.com/p/phjd",
      "shouldHideAdverts": "false",
      "showInRelatedContent": "true",
      "legallySensitive": "false",
      "lang": "en",
      "bodyText": "His death sentence prompted thousands to hold candlelit vigils around the world. Ken Saro-Wiwa, a campaigner against Western oil interests in his native Nigeria, became an international martyr when his country's ruling dictator ordered him to be hanged. The planned execution five years ago almost led to Britain expelling the populous West African state from the Commonwealth, as his then London-based son launched a poignant plea for clemency. It was to no avail. Saro-Wiwa was led to the gallows and his body dumped in a shallow grave. Now, however, the bones of Saro-Wiwa are stirring again. A row over what should happen to his remains is causing a conflict stretching from London to Lagos that could once again tear Nigeria apart. With a new democratically elected government installed in Nigeria, there have been suggestions that Saro-Wiwa should receive a traditional funeral next month in an attempt to show that the dark chapters of Nigeria's murderous past can finally be closed. The funeral would aid 'reconciliation', said Olusegun Obasanjo, the country's new President. The remains of the eight other activists executed alongside him - who had, like Saro- Wiwa, fought for better treatment for the country's Ogoni tribal minority in the oil-rich delta region where they live - were buried close by. However, the prospect of a funeral has split the political representatives of the Ogoni and set the relatives of the executed men against each other. A key figure is Saro-Wiwa's eldest son, Ken Wiwa, who fled Nigeria's dictatorship for London, along with thousands of his countrymen, and now lives in Toronto. He wants his father buried according to his last wishes: in a simple grave if his beloved Ogoni people - of whom there about 500,000 - had still not been granted independent rule. 'We have to follow Ken's orders,' said Owens Wiwa, the hanged activist's younger brother. 'It is the family's duty to follow his last wishes. After everything he gave during his life, and after our failure to prevent his death, that is the least we can do.' Saro-Wiwa's family contacted the Physicians for Human Rights (PHR) in Toronto who agreed to send a forensic expert to Port Harcourt, the southern city where he was hanged, to locate and examine the remains of the 'Ogoni Nine' - the other men hanged with him. But the expert, who travelled to Nigeria last month, immediately ran into difficulties when relatives of the slain blocked his visit to the burial site. 'It was a fiasco,' said one PHR source. 'He walked slap into the middle of a million different agendas.' The affair exploded across Nigerian newspapers as the various parties rushed to defend themselves in print. The argument is fundamentally over the form of the funeral. Though Saro-Wiwa's family want the simple ceremony outlined in his will, many Ogoni politicians - even those of the Movement for the Survival of the Ogoni People (Mosop) that Saro-Wiwa founded - hope to use the occasion to rally their demoralised supporters and boost their political presence. They have formed a 'burial committee' and have made calls for all nine of the executed men to be buried together in a huge public ceremony. The Wiwas have refused to recognise the committee, prompting accusations by some senior Mosop figures that the family are acting like 'dynastic rulers'. Others criticise both sides. The widow of Barinem Kiobel, who died alongside Saro-Wiwa, claims that his family have never asked for her permission and that Mosop have just tried to make 'cheap political profit' out of the affair. 'The gimmicks, tricks, manipulation and dehumanisation of some elements in Mosop leave much to be desired,' Esther Kiobel said. Lucky Dobee, whose elder brother was hanged, also says that her family was not consulted. Though the newly elected President of Nigeria, himself a former dissident, has been supportive of the reburial plan, other government figures are thought to oppose it for fear that it could spark a new round of blood-letting and violence in the country. 'Any funeral would be a huge occasion and the local authorities might have difficulty maintaining order,' said a Nigerian journalist based in London. 'They might have to resort to force and then things could very quickly spiral out of control. Not only would a funeral be a public relations disaster but it could be very inflammatory nationwide.' The family hints that sinister interests are orchestrating the row. 'The confusion is organised. There are many people who still think Ken is a threat even if he is dead,' one of Saro-Wiwa's six surviving children told The Observer last week. 'This is a way to muddy his memory.' But the authorities' concern may be justified. For a decade, Nigeria has teetered on the brink of total collapse. Thousands have been killed in communal violence in the past year, despite the country's return to civilian rule, and last month several hundred more died in riots following the imposition of Islamic law on large parts of the country. Recently, youths attacked and killed 12 police officers. In response the President ordered the destruction of their home town, Odi, not far from the grim and steamy Port Harcourt. Though the general situation has improved since General Sani Abacha - the military ruler who ordered Saro-Wiwa's execution - died of a sudden heart attack in 1998, many Nigerians still live in appalling poverty. The benefits received by local people from the massive oil business are still minimal and no one doubts the ease with which the country - Africa's most populous state - could slip into chaos. The Niger delta is still racked with violence and sabotage and the kidnapping of oil company employees is common. Though almost unanimously lauded in the West - at least posthumously - Saro-Wiwa has always been a controversial figure at home. Though few doubt that he was innocent of the charges for which he was executed - ordering the deaths of four pro-government chiefs - he has nevertheless been accused of creating a climate of violence that facilitated the murders. A liberal man - and a talented satirist and playwright - Saro-Wiwa was also a ruthless and effective political player who knew how to work a crowd. His campaign against the multinational oil companies who run massive operations in Nigeria and in the Ogoni heartlands was not universally admired. He undoubtedly had many enemies. Last week his brother made a heartfelt appeal for those enemies to be reconciled. 'Ken was a man of peace and his burial should be peaceful. It should not be a cause for strife. The storm will pass and then we will all see a brighter future,' he said. jason.burke@observer.co.uk",
      "charCount": "6674"
    },
    "isHosted": false,
    "pillarId": "pillar/news",
    "pillarName": "News"
  },
  {
    "id": "money/2000/mar/26/cash.theobserver",
    "type": "article",
    "sectionId": "money",
    "sectionName": "Money",
    "webPublicationDate": "2000-03-26T00:30:12Z",
    "webTitle": "Yours, mine - and ours",
    "webUrl": "https://www.theguardian.com/money/2000/mar/26/cash.theobserver",
    "apiUrl": "https://content.guardianapis.com/money/2000/mar/26/cash.theobserver",
    "fields": {
      "headline": "Yours, mine - and ours",
      "standfirst": "New partner, new home, new life... Choosing to have a second family can mean a rewarding second chance at parenthood - but it can also mean a bigger drain on your finances than you've ever faced.  Alexander Garrett  reports",
      "trailText": "<p>Society in San Francisco was aghast to discover last year that one of its leading lights, Gordon Getty, son of the oil magnate J Paul Getty, had been secretly keeping a second family for many years. </p>",
      "byline": "Alexander Garrett",
      "main": "",
      "body": "<p>Society in San Francisco was aghast to discover last year that one of its leading lights, Gordon Getty, son of the oil magnate J Paul Getty, had been secretly keeping a second family for many years. </p> <p>The younger Getty had three daughters by his mistress, Cynthia Beck, who took him to court to change their name to his, and claim a share of the family fortune. </p> <p>As one of the richest men in the world Gordon Getty was able to view this with a degree of equanimity. For most people , having a second family can be laden with financial implications that will radically affect their lifestyles for years to come. </p> <p>More than 50 per cent of parents who become divorced or separated find a new partner within five years, in many cases marrying for a second time. As a result, thousands of second families are created each year, as mothers and fathers with one set of financial dependents add another set to their responsibilities, either by starting a new family or by becoming a step-parent. </p> <p>The permutations are endless: fathers supporting their natural children who don't live with them, and their step-children who do, for example, or fathers supporting their own children from a second relationship, and those from a first who don't. And, of course, there are mothers in all of these situations - they may be far less common, but there are 50,000 women who have been assessed by the Child Support Agency over maintenance for their children. </p> <p>Whatever the precise scenario, the decision to embark on a second family involves a huge financial commitment, even if it is one that is not always consciously acknowledged. </p> <p>The implications are not just whether you have enough to take on a second family, in terms of the income you will need to earn and the amount you will have left to spend. For the nature of broken relationships creates a potential minefield in which the division of resources between two - or even three - families can be extremely complicated to work out, and can lead to tensions between all the parties involved that may even put second marriages and relationships at risk. </p> <p>Cheryl Walters, head of policy and research at Parentline Plus, an organisation which incorporates the National Association of Stepfamilies, believes that many parents do not even consider the financial implications before starting a second family. 'There are people who just meet someone, feel absolutely right and decide to go for it,' she says. 'Others consider the pros and cons more seriously. What is clear is that those who do consider all the angles have a better outcome in the long-term.' </p> <p>For any putative second-family parent, affordability is clearly a key issue, if not the only one. According to Loughborough University's Centre for Research in Social Policy, the average child costs \u00a354,000 at today's prices to raise to the age of 17 - or \u00a33,200 each year. If you already had three children by your ex-partner, and you took on responsibility for a couple more, that would leave you with a dent of \u00a316,000 in your net income, an amount that somebody on an average income would find impossible to support. </p> <p>This assumes, of course, that the parent in question is supporting the children in their first family. In reality, of course, most don't. Liz Sewell, chief executive of the lone parent families' organisation Gingerbread, says: 'The single most important statistic is that only a third of lone-parent families receive any maintenance from the father. If you become a lone parent, your income will almost certainly fall, but if you become an absent parent, your income is quite likely to rise.' </p> <p>Up until now, many parents who don't have custody of their children - which usually means fathers - have been able to start a second family fairly confident that they can avoid supporting their first one. That may be about to change, with a new Child Support Act that promises much tougher sanctions to make parents pay. The amount they have to pay is clearly much more simply defined in the planned reform of the Child Support Agency. </p> <p>But statutory child maintenance is only one part of the financial liability you have to consider when you start a second family. For a start, if you have been married, you may have to pay spousal maintenance to your ex-wife (or, less commonly, your husband). As far as your children are concerned, you will inevitably be asked to stump up for extras, whether it is a pair of trainers, piano lessons or a school exchange trip. And you may find yourself having to contribute to two mortgages, two life insurance policies and even two pensions, either as part of a divorce settlement or to provide the security that you want for your children. Inevitably, in some cases, that means deciding not to have any more children, or limiting the size of a second family. </p> <p>Ian MacKay, a spokesman for Families Need Fathers, says: 'It is certainly true that absent fathers who keep in touch with their first family end up worse off than those who have less contact. A father who walks away and merely meets his CSA liability spares himself the cost of looking after his children when he has access, and also the cost of travel. For example, one chap I've been helping is in the RAF. His ex-wife is in Scotland, but he's been posted to Wiltshire, and it's obviously expensive for him to go and see his children there. But the judge has told him that the important thing is for him to maintain his children, not for him to see them.' </p> <p>Absent parents who try to keep up the best relationship with their 'first family' children, in addition to supporting them, must certainly be prepared for the fact that it will cost them. In cases where one parent has custody, and the other only has contact, if the 'absent' parent looks after the children for less than 104 nights a year - equivalent to two nights every week - there is no reduction in the maintenance that many are liable to pay. </p> <p>Equally, if they look after the children full-time for any period, say half the summer holidays, they are unlikely to receive any of the Child Benefit that is paid to the parent with custody. And the one tax concession towards supporting a second family - income tax relief on maintenance payments worth around \u00a34 a week for standard rate taxpayers - is being abolished from April. </p> <p>Resolving financial issues with your ex-partner is going to be stressful in many cases, especially if the parting was somewhat acrimonious. </p> <p>Sewell says: 'Money becomes used as a bargaining tool.' In spite of her earnest wish that parents should not use funding for children to push other issues, Sewell acknowledges that maintenance is frequently used as a lever for the absent parent to obtain access. </p> <p>But financial issues can also take a toll on the second family. It may be resentment at maintenance payments made to the first family, or something as simple as a father buying more expensive presents for his first set of children when they come to stay. If both partners in the second family have children of their own, the tensions and resentments can become even more inflamed. </p> <p>Parentline Plus' Walters says: 'If things don't get talked about, you can end up with each parent fighting for their own. But although these issues are messy, if you can bear to tackle them at the outset, then it doesn't have to become a war. With the new couple it's absolutely vital to face up to these issues.' </p> <p>Too often, Walters says, money becomes the repository for many of the disputes that surface around a second family. Anyone embarking on such a course must be prepared to separate the financial matters from the underlying issues, and to discuss both in an adult fashion. </p> <p>Sorting out the finances to everyone's satisfaction may not assuage all the feelings of hurt and resentment that accompany divorce and separation, but it can provide the basis for a more civilised relationship between all the parties involved. </p> <p><strong>Supporting roles: The issues</strong></p> <p><strong> 1. Child maintenance</strong> </p> <p> Can you afford to support your existing children? Under the new CSA rules, which should come into force within the next two years, you will be expected to pay 15 per cent of your net income for one child, 20 per cent for two, and 25 per cent for three. It is possible to come to an agreement independent of the CSA in court. </p> <p> <strong> 2. Spousal maintenance</strong> </p> <p> If you weren't married to your ex-, you don't have to worry about this. Maintenance usually forms part of a divorce settlement, principally in cases where one partner has little or no earnings of their own, and has been dependent upon the other for a considerable period. But if the supported partner remarries or co-habits, the maintenance stops for good. </p> <p> <strong> 3. Access</strong> </p> <p> Unless joint custody is granted, you must depend on access to see your children. If they spend more than 104 nights a year under your roof, you may be entitled to a reduction in maintenance. Parents with custody therefore have a vested interest in keeping access to less than two nights a week. </p> <p> <strong> 4. Stepchildren</strong> </p> <p> Who is going to support your stepchildren? Under the law, their natural parents are jointly responsible for their upkeep, which means that won't earn you any reduction in the amount of maintenance you pay for your own children. However, if their other parent has left the country, or simply refuses to pay, it may be down to you and your new partner. </p> <p> <strong> 5. Mortgage</strong> </p> <p> Usually in the case of divorce, the house is sold and the proceeds shared, taking account of the division of other assets. In a minority of cases, though, a parent may find that their name remains on the mortgage, and they could find they have difficulty in obtaining a new mortgage. </p> <p> <strong> 6. Benefits</strong> </p> <p> Child-related benefits are all paid to the parent who has custody. So if you are the 'absent' parent, you're entitled to nothing, even if you frequently look after your children during access visits. </p> <p> <strong> 7. School/university fees</strong> </p> <p> A court can order you to pay school fees for the children from your first family, particularly if they had already started in private school when your relationship ended, or if it had been your agreed intention for them to have private schooling. Your liability may not end at 18 - your offspring could get a court order to make you contribute towards their upkeep at university. </p> <p> <strong> 8. Life insurance</strong> </p> <p> If you die, would all of your children be provided for? You may want to take out a life insurance policy for each set of children. </p> <p> <strong> 9. Pension</strong> </p> <p> Unless it is offset against other assets at the time of a divorce settlement, part of your pension may be earmarked for your former spouse, or it may be split so he or she receives part of the fund in their own right. </p> <p> <strong> 10. Inheritance</strong> </p> <p> If you have a second family, it is important to make a will so that your intentions are absolutely clear. Your step-children have no claim on your estate if you die intestate, unless they can prove they were dependent on you.</p>",
      "newspaperPageNumber": "2",
      "wordcount": "1906",
      "commentable": "false",
      "isPremoderated": "false",
      "lastModified": "2000-03-26T00:30:12Z",
      "newspaperEditionDate": "2000-03-26T00:00:00Z",
      "productionOffice": "UK",
      "publication": "The Observer",
      "shortUrl": "https://gu.com/p/352k",
      "shouldHideAdverts": "false",
      "showInRelatedContent": "true",
      "legallySensitive": "false",
      "lang": "en",
      "bodyText": "Society in San Francisco was aghast to discover last year that one of its leading lights, Gordon Getty, son of the oil magnate J Paul Getty, had been secretly keeping a second family for many years. The younger Getty had three daughters by his mistress, Cynthia Beck, who took him to court to change their name to his, and claim a share of the family fortune. As one of the richest men in the world Gordon Getty was able to view this with a degree of equanimity. For most people , having a second family can be laden with financial implications that will radically affect their lifestyles for years to come. More than 50 per cent of parents who become divorced or separated find a new partner within five years, in many cases marrying for a second time. As a result, thousands of second families are created each year, as mothers and fathers with one set of financial dependents add another set to their responsibilities, either by starting a new family or by becoming a step-parent. The permutations are endless: fathers supporting their natural children who don't live with them, and their step-children who do, for example, or fathers supporting their own children from a second relationship, and those from a first who don't. And, of course, there are mothers in all of these situations - they may be far less common, but there are 50,000 women who have been assessed by the Child Support Agency over maintenance for their children. Whatever the precise scenario, the decision to embark on a second family involves a huge financial commitment, even if it is one that is not always consciously acknowledged. The implications are not just whether you have enough to take on a second family, in terms of the income you will need to earn and the amount you will have left to spend. For the nature of broken relationships creates a potential minefield in which the division of resources between two - or even three - families can be extremely complicated to work out, and can lead to tensions between all the parties involved that may even put second marriages and relationships at risk. Cheryl Walters, head of policy and research at Parentline Plus, an organisation which incorporates the National Association of Stepfamilies, believes that many parents do not even consider the financial implications before starting a second family. 'There are people who just meet someone, feel absolutely right and decide to go for it,' she says. 'Others consider the pros and cons more seriously. What is clear is that those who do consider all the angles have a better outcome in the long-term.' For any putative second-family parent, affordability is clearly a key issue, if not the only one. According to Loughborough University's Centre for Research in Social Policy, the average child costs \u00a354,000 at today's prices to raise to the age of 17 - or \u00a33,200 each year. If you already had three children by your ex-partner, and you took on responsibility for a couple more, that would leave you with a dent of \u00a316,000 in your net income, an amount that somebody on an average income would find impossible to support. This assumes, of course, that the parent in question is supporting the children in their first family. In reality, of course, most don't. Liz Sewell, chief executive of the lone parent families' organisation Gingerbread, says: 'The single most important statistic is that only a third of lone-parent families receive any maintenance from the father. If you become a lone parent, your income will almost certainly fall, but if you become an absent parent, your income is quite likely to rise.' Up until now, many parents who don't have custody of their children - which usually means fathers - have been able to start a second family fairly confident that they can avoid supporting their first one. That may be about to change, with a new Child Support Act that promises much tougher sanctions to make parents pay. The amount they have to pay is clearly much more simply defined in the planned reform of the Child Support Agency. But statutory child maintenance is only one part of the financial liability you have to consider when you start a second family. For a start, if you have been married, you may have to pay spousal maintenance to your ex-wife (or, less commonly, your husband). As far as your children are concerned, you will inevitably be asked to stump up for extras, whether it is a pair of trainers, piano lessons or a school exchange trip. And you may find yourself having to contribute to two mortgages, two life insurance policies and even two pensions, either as part of a divorce settlement or to provide the security that you want for your children. Inevitably, in some cases, that means deciding not to have any more children, or limiting the size of a second family. Ian MacKay, a spokesman for Families Need Fathers, says: 'It is certainly true that absent fathers who keep in touch with their first family end up worse off than those who have less contact. A father who walks away and merely meets his CSA liability spares himself the cost of looking after his children when he has access, and also the cost of travel. For example, one chap I've been helping is in the RAF. His ex-wife is in Scotland, but he's been posted to Wiltshire, and it's obviously expensive for him to go and see his children there. But the judge has told him that the important thing is for him to maintain his children, not for him to see them.' Absent parents who try to keep up the best relationship with their 'first family' children, in addition to supporting them, must certainly be prepared for the fact that it will cost them. In cases where one parent has custody, and the other only has contact, if the 'absent' parent looks after the children for less than 104 nights a year - equivalent to two nights every week - there is no reduction in the maintenance that many are liable to pay. Equally, if they look after the children full-time for any period, say half the summer holidays, they are unlikely to receive any of the Child Benefit that is paid to the parent with custody. And the one tax concession towards supporting a second family - income tax relief on maintenance payments worth around \u00a34 a week for standard rate taxpayers - is being abolished from April. Resolving financial issues with your ex-partner is going to be stressful in many cases, especially if the parting was somewhat acrimonious. Sewell says: 'Money becomes used as a bargaining tool.' In spite of her earnest wish that parents should not use funding for children to push other issues, Sewell acknowledges that maintenance is frequently used as a lever for the absent parent to obtain access. But financial issues can also take a toll on the second family. It may be resentment at maintenance payments made to the first family, or something as simple as a father buying more expensive presents for his first set of children when they come to stay. If both partners in the second family have children of their own, the tensions and resentments can become even more inflamed. Parentline Plus' Walters says: 'If things don't get talked about, you can end up with each parent fighting for their own. But although these issues are messy, if you can bear to tackle them at the outset, then it doesn't have to become a war. With the new couple it's absolutely vital to face up to these issues.' Too often, Walters says, money becomes the repository for many of the disputes that surface around a second family. Anyone embarking on such a course must be prepared to separate the financial matters from the underlying issues, and to discuss both in an adult fashion. Sorting out the finances to everyone's satisfaction may not assuage all the feelings of hurt and resentment that accompany divorce and separation, but it can provide the basis for a more civilised relationship between all the parties involved. Supporting roles: The issues 1. Child maintenance Can you afford to support your existing children? Under the new CSA rules, which should come into force within the next two years, you will be expected to pay 15 per cent of your net income for one child, 20 per cent for two, and 25 per cent for three. It is possible to come to an agreement independent of the CSA in court. 2. Spousal maintenance If you weren't married to your ex-, you don't have to worry about this. Maintenance usually forms part of a divorce settlement, principally in cases where one partner has little or no earnings of their own, and has been dependent upon the other for a considerable period. But if the supported partner remarries or co-habits, the maintenance stops for good. 3. Access Unless joint custody is granted, you must depend on access to see your children. If they spend more than 104 nights a year under your roof, you may be entitled to a reduction in maintenance. Parents with custody therefore have a vested interest in keeping access to less than two nights a week. 4. Stepchildren Who is going to support your stepchildren? Under the law, their natural parents are jointly responsible for their upkeep, which means that won't earn you any reduction in the amount of maintenance you pay for your own children. However, if their other parent has left the country, or simply refuses to pay, it may be down to you and your new partner. 5. Mortgage Usually in the case of divorce, the house is sold and the proceeds shared, taking account of the division of other assets. In a minority of cases, though, a parent may find that their name remains on the mortgage, and they could find they have difficulty in obtaining a new mortgage. 6. Benefits Child-related benefits are all paid to the parent who has custody. So if you are the 'absent' parent, you're entitled to nothing, even if you frequently look after your children during access visits. 7. School/university fees A court can order you to pay school fees for the children from your first family, particularly if they had already started in private school when your relationship ended, or if it had been your agreed intention for them to have private schooling. Your liability may not end at 18 - your offspring could get a court order to make you contribute towards their upkeep at university. 8. Life insurance If you die, would all of your children be provided for? You may want to take out a life insurance policy for each set of children. 9. Pension Unless it is offset against other assets at the time of a divorce settlement, part of your pension may be earmarked for your former spouse, or it may be split so he or she receives part of the fund in their own right. 10. Inheritance If you have a second family, it is important to make a will so that your intentions are absolutely clear. Your step-children have no claim on your estate if you die intestate, unless they can prove they were dependent on you.",
      "charCount": "10857"
    },
    "isHosted": false,
    "pillarId": "pillar/lifestyle",
    "pillarName": "Lifestyle"
  },
  {
    "id": "money/2000/mar/26/personalfinancenews.business3",
    "type": "article",
    "sectionId": "money",
    "sectionName": "Money",
    "webPublicationDate": "2000-03-26T00:00:00Z",
    "webTitle": "Gordon's oil secret",
    "webUrl": "https://www.theguardian.com/money/2000/mar/26/personalfinancenews.business3",
    "apiUrl": "https://content.guardianapis.com/money/2000/mar/26/personalfinancenews.business3",
    "fields": {
      "headline": "Gordon's oil secret",
      "standfirst": "<br /><a href=\"http://www.newsunlimited.co.uk/budget2000/\">Budget 2000: special report</a>",
      "trailText": "<p>Oil revenues could raise the projected UK budget surplus for 2000-2001 by &#163;1 billion or more, Whitehall sources say. </p>",
      "byline": "William Keegan, Economics Editor",
      "main": "",
      "body": "<p>Oil revenues could raise the projected UK budget surplus for 2000-2001 by \u00a31 billion or more, Whitehall sources say. </p> <p>Despite the recent rise in the oil price to between $25 and $30 a barrel, the cautious Chancellor has assumed it will fall to $21. This should mean that for every $1 above $21 that the price averages in the coming year, revenues will be \u00a3200m higher. </p> <p>The Treasury's Economic and Fiscal Strategy report last week showed that, without the spending increases announced on Budget day, the current Budget surplus was expected to be \u00a317bn in 2000-01, compared with \u00a311bn forecast as recently as the November Pre-Budget report. </p> <p>After public spending rises costing a net \u00a33bn unveiled last week, the surplus was projected at \u00a314 bn. But there is a widespread suspicion that Gordon Brown has been so cautious generally that this may be too gloomy. </p> <p>Whitehall officials were surprised by City alarm over the projected cut in the current surplus in later years. This is projected to fall after 2002-03, and capital spending plans will mean a return to net government borrowing in the capital markets. </p> <p>Liberal Democrat Treasury spokesman Matthew Taylor accused Brown of hiding 'the size of his election war chest'. </p> <p>Officials said that the Chancellor had obeyed strict fiscal rules.</p>",
      "newspaperPageNumber": "1",
      "wordcount": "213",
      "commentable": "false",
      "isPremoderated": "false",
      "lastModified": "2001-12-12T00:00:00Z",
      "newspaperEditionDate": "2000-03-26T00:00:00Z",
      "productionOffice": "UK",
      "publication": "The Observer",
      "shortUrl": "https://gu.com/p/3526",
      "shouldHideAdverts": "false",
      "showInRelatedContent": "true",
      "legallySensitive": "false",
      "lang": "en",
      "bodyText": "Oil revenues could raise the projected UK budget surplus for 2000-2001 by \u00a31 billion or more, Whitehall sources say. Despite the recent rise in the oil price to between $25 and $30 a barrel, the cautious Chancellor has assumed it will fall to $21. This should mean that for every $1 above $21 that the price averages in the coming year, revenues will be \u00a3200m higher. The Treasury's Economic and Fiscal Strategy report last week showed that, without the spending increases announced on Budget day, the current Budget surplus was expected to be \u00a317bn in 2000-01, compared with \u00a311bn forecast as recently as the November Pre-Budget report. After public spending rises costing a net \u00a33bn unveiled last week, the surplus was projected at \u00a314 bn. But there is a widespread suspicion that Gordon Brown has been so cautious generally that this may be too gloomy. Whitehall officials were surprised by City alarm over the projected cut in the current surplus in later years. This is projected to fall after 2002-03, and capital spending plans will mean a return to net government borrowing in the capital markets. Liberal Democrat Treasury spokesman Matthew Taylor accused Brown of hiding 'the size of his election war chest'. Officials said that the Chancellor had obeyed strict fiscal rules.",
      "charCount": "1285"
    },
    "isHosted": false,
    "pillarId": "pillar/lifestyle",
    "pillarName": "Lifestyle"
  }
]