[
  {
    "id": "technology/2000/jan/13/lifeonlineaguidetotheinternet.onlinesupplement",
    "type": "article",
    "sectionId": "technology",
    "sectionName": "Technology",
    "webPublicationDate": "2000-01-13T11:35:07Z",
    "webTitle": "Weblife: email news",
    "webUrl": "https://www.theguardian.com/technology/2000/jan/13/lifeonlineaguidetotheinternet.onlinesupplement",
    "apiUrl": "https://content.guardianapis.com/technology/2000/jan/13/lifeonlineaguidetotheinternet.onlinesupplement",
    "fields": {
      "headline": "Weblife: email news",
      "standfirst": "There are plenty of organisations willing to keep you posted for less than the price of a stamp, writes  Simon Jeffery",
      "trailText": "<p>Just before Christmas, FT.com used Lenin to advertise its email news - which was deceptive since their service is not as revolutionary as the old red. Email news - headlines or stories sent straight to your inbox - is one of the oldest news channels on the net. </p>",
      "main": "",
      "body": "<p>Just before Christmas, FT.com used Lenin to advertise its email news - which was deceptive since their service is not as revolutionary as the old red. Email news - headlines or stories sent straight to your inbox - is one of the oldest news channels on the net. </p> <p>And it still makes sense: in the beginning was the word which on the net was mostly carried by email. It wasn't until the world wide web appeared in 1994 that programmers added the photos, videos, sound clips and animation that make the net the colourful, and slow, place that it is today. </p> <p>If you want news but don't have time to crank up the web, if you use only email, or if you want current affairs dropped straight in your inbox (one occasion when the net really does just cost a few pence) then email news could be for you. If you're discerning enough to say no to what you don't want, that is. </p> <p>You need an email account. Hotmail (<a href=\"http://www.hotmail.com\">www.hotmail.com</a>) is as good as any other, not least because it offers its own email news. As you would expect from a Gates enterprise, he plugs his own stuff (more on Guardian Unlimited later) so flight booker Expedia makes an appearance with MSNBC news. There are more than 30 other options ranging from business to teen lifestyle and horoscopes. I subscribed to them all. </p> <p>Not the best idea. If you are less than vitally concerned about the Dow Jones or teen couple of the week - and you don't use Hotmail for anything else - you may encounter a backlog when you pop back to check your creaking inbox. True, not all of it is trivial: Anchor Desk has good technology news, Slate is like a daily version of Newsweek or Time. But there is still an awful lot of the \"What's the best way to ask someone out?\" nonsense you get from Bolt.com, a teen interest mail that can interest only the most self-obsessed of teens. </p> <p>Out of interest I checked one of my inbox's many horoscopes: it said I would get a mountain of mail. It wasn't kidding. </p> <p>Back in the realm of fact, I had subscribed to ITN's desktop news (<a href=\"http://www.itn.co.uk\">www.itn.co.uk</a>). ITN is useful - the news comes at lunchtime so you get a different enough selection of stories to a morning paper, and there are links to video reports. (A great advance - TV on your computer!) You are also your own news editor - though, in practice, this means choosing how many UK and international stories you want, rather than sending a hack out to the Maldives to file a report on coral diving. </p> <p>You get only the first few lines of a story; for the rest you must visit the website. The Press Association's email (<a href=\"http://www.pa.press.net/newsbriefing\">www.pa.press.net/newsbriefing</a>) is similar but gets away with it as it has a wider range of stories (sport, news extra, anniversaries, afternoon and evening events) and calls itself a briefing. Better is Guardian Unlimited's Wrap (<a href=\"http://www.newsunlimited.co.uk/wrap\" target=\"_NEW\">www.newsunlimited.co.uk/wrap</a>) - a concise and complete round-up of the morning papers. On the other hand, FT.com (<a href=\"http://www.ft.com\">www.ft.com</a>) actually puts in three dots at the end of an item to let you know there's more to read on the main site... </p> <p> But FT.com has superb specialised news and lets you choose it from categories such as internet and e-commerce, IT and markets. Nice - though it would be better to have a keyword search so if you were interested in Vodafone's latest exploits, but not telecommunications as a whole, you could cut out all the stories you didn't want. Investors and analysists would love it: it's got to be better than using the email as a daily advert for the main site. </p> <p>The closest thing on the net used to be News Hound, an automated clipping service that shut down at the end of last year, so try Yahoo! alerts (<a href=\"http://alerts.yahoo.com\">http://alerts.yahoo.com</a>) instead. Of the new generation, Moreover.com (<a href=\"http://www.moreover.com\" target=\"_NEW\">www.moreover.com</a>) collects headlines from more than 1,500 sources and sorts them into 200 categories. I chose \"Europe\" but the week's delay in receiving my inaugural email suggested nothing was going on in the continent. </p> <p>There are also the specialists: Russia Today (<a href=\"http://briefs.einmail.com\" target=\"_NEW\">http://briefs.einmail.com</a>) gives the latest news, features and financial information on the country. You can get news on central Europe and China from the same team. </p> <p> Suck (<a href=\"http://www.suck.com\">www.suck.com</a>) is off-centre news and comment on the issues of the day, and also very long. Elbow Grease (<a href=\"http://www.hotwired.com\">www.hotwired.com</a>) is shorter, with useful technology news from Wired magazine. Oxygen (<a href=\"http://www.oxygen.com\">www.oxygen.com</a>) will appeal to the kind of women who want to be \"empowered moms\" and receive a daily email called Weight-a-Minute. </p> <p>Not your thing? Try Cricketline (<a href=\"http://www.cricketline.com\">www.cricketline.com</a>) for cricket and the Guardian's Fiver (<a href=\"http://www.footballunlimited.co.uk/fiver\" target=\"_NEW\">www.footballunlimited.</a>) for footie. </p> <p>For the dumb, esoteric and just plain bonkers try About.com (<a href=\"http://email.about. com/internet/email\" target=\"_NEW\">http://email.about. com/internet/email</a>), which has a good selection including the Daily Message (Bible quotes, recipes and trivia), MySnow Report and EmailRemind for personal appointments and public holidays (like hard to remember Christmas day) to name just three. </p> <p>Best in this vein is the Daily Word (<a href=\"http://www.dailycast.com\">www.dailycast.com</a>) that teaches you a new word each day. Today's was a synonym for quirk which can also be a polite way of saying someone or thing is weird or wrong. </p> <p>It gave me a word I could use to describe email news: idiosyncratic.</p>",
      "newspaperPageNumber": "4",
      "wordcount": "935",
      "commentable": "false",
      "isPremoderated": "false",
      "lastModified": "2000-01-14T11:35:07Z",
      "newspaperEditionDate": "2000-01-13T00:00:00Z",
      "productionOffice": "UK",
      "publication": "The Guardian",
      "shortUrl": "https://gu.com/p/x4bx",
      "shouldHideAdverts": "false",
      "showInRelatedContent": "true",
      "legallySensitive": "false",
      "lang": "en",
      "bodyText": "Just before Christmas, FT.com used Lenin to advertise its email news - which was deceptive since their service is not as revolutionary as the old red. Email news - headlines or stories sent straight to your inbox - is one of the oldest news channels on the net. And it still makes sense: in the beginning was the word which on the net was mostly carried by email. It wasn't until the world wide web appeared in 1994 that programmers added the photos, videos, sound clips and animation that make the net the colourful, and slow, place that it is today. If you want news but don't have time to crank up the web, if you use only email, or if you want current affairs dropped straight in your inbox (one occasion when the net really does just cost a few pence) then email news could be for you. If you're discerning enough to say no to what you don't want, that is. You need an email account. Hotmail (www.hotmail.com) is as good as any other, not least because it offers its own email news. As you would expect from a Gates enterprise, he plugs his own stuff (more on Guardian Unlimited later) so flight booker Expedia makes an appearance with MSNBC news. There are more than 30 other options ranging from business to teen lifestyle and horoscopes. I subscribed to them all. Not the best idea. If you are less than vitally concerned about the Dow Jones or teen couple of the week - and you don't use Hotmail for anything else - you may encounter a backlog when you pop back to check your creaking inbox. True, not all of it is trivial: Anchor Desk has good technology news, Slate is like a daily version of Newsweek or Time. But there is still an awful lot of the \"What's the best way to ask someone out?\" nonsense you get from Bolt.com, a teen interest mail that can interest only the most self-obsessed of teens. Out of interest I checked one of my inbox's many horoscopes: it said I would get a mountain of mail. It wasn't kidding. Back in the realm of fact, I had subscribed to ITN's desktop news (www.itn.co.uk). ITN is useful - the news comes at lunchtime so you get a different enough selection of stories to a morning paper, and there are links to video reports. (A great advance - TV on your computer!) You are also your own news editor - though, in practice, this means choosing how many UK and international stories you want, rather than sending a hack out to the Maldives to file a report on coral diving. You get only the first few lines of a story; for the rest you must visit the website. The Press Association's email (www.pa.press.net/newsbriefing) is similar but gets away with it as it has a wider range of stories (sport, news extra, anniversaries, afternoon and evening events) and calls itself a briefing. Better is Guardian Unlimited's Wrap (www.newsunlimited.co.uk/wrap) - a concise and complete round-up of the morning papers. On the other hand, FT.com (www.ft.com) actually puts in three dots at the end of an item to let you know there's more to read on the main site... But FT.com has superb specialised news and lets you choose it from categories such as internet and e-commerce, IT and markets. Nice - though it would be better to have a keyword search so if you were interested in Vodafone's latest exploits, but not telecommunications as a whole, you could cut out all the stories you didn't want. Investors and analysists would love it: it's got to be better than using the email as a daily advert for the main site. The closest thing on the net used to be News Hound, an automated clipping service that shut down at the end of last year, so try Yahoo! alerts (http://alerts.yahoo.com) instead. Of the new generation, Moreover.com (www.moreover.com) collects headlines from more than 1,500 sources and sorts them into 200 categories. I chose \"Europe\" but the week's delay in receiving my inaugural email suggested nothing was going on in the continent. There are also the specialists: Russia Today (http://briefs.einmail.com) gives the latest news, features and financial information on the country. You can get news on central Europe and China from the same team. Suck (www.suck.com) is off-centre news and comment on the issues of the day, and also very long. Elbow Grease (www.hotwired.com) is shorter, with useful technology news from Wired magazine. Oxygen (www.oxygen.com) will appeal to the kind of women who want to be \"empowered moms\" and receive a daily email called Weight-a-Minute. Not your thing? Try Cricketline (www.cricketline.com) for cricket and the Guardian's Fiver (www.footballunlimited.) for footie. For the dumb, esoteric and just plain bonkers try About.com (http://email.about. com/internet/email), which has a good selection including the Daily Message (Bible quotes, recipes and trivia), MySnow Report and EmailRemind for personal appointments and public holidays (like hard to remember Christmas day) to name just three. Best in this vein is the Daily Word (www.dailycast.com) that teaches you a new word each day. Today's was a synonym for quirk which can also be a polite way of saying someone or thing is weird or wrong. It gave me a word I could use to describe email news: idiosyncratic.",
      "charCount": "5150"
    },
    "isHosted": false,
    "pillarId": "pillar/news",
    "pillarName": "News"
  },
  {
    "id": "theguardian/2000/jan/13/guardianletters4",
    "type": "article",
    "sectionId": "theguardian",
    "sectionName": "From the Guardian",
    "webPublicationDate": "2000-01-13T03:09:41Z",
    "webTitle": "Perils of net shopping",
    "webUrl": "https://www.theguardian.com/theguardian/2000/jan/13/guardianletters4",
    "apiUrl": "https://content.guardianapis.com/theguardian/2000/jan/13/guardianletters4",
    "fields": {
      "headline": "Perils of net shopping",
      "trailText": "Gary Glitter isn't the only one from whom an apology should be forthcoming (Nervous Glitter apologises after leaving jail, January 12). A local Our Price had Gary Glitter CDs for sale at Christmas.",
      "main": "",
      "body": "Gary Glitter isn't the only one from whom an apology should be forthcoming (Nervous Glitter apologises after leaving jail, January 12). A local Our Price had Gary Glitter CDs for sale at Christmas. <p> A spokesperson informed me that Our Price could see no reason to withdraw Glitter's material from sale. I am shocked by their their apparent indifference to the plight of sexually abused children.<br><b> P Murphy </b> <br> Doncaster, S Yorks </p> <p> You call for a cultural change in the MoD's dealings with the defence industry (Comment, January 12). The government has introduced the smart procurement initiative for precisely this reason and to deliver clear improvements in the way we supply our armed forces. It is a radical change which is already achieving results - not least with the Bowman project. <br> <b> Baroness Symons </b><br> Minister of state for defence procurement</p> <p> I have recently started using Tesco Internet to supply my home groceries. Sometimes they can't supply the requested items and send substitutes. My latest delivery should have included an 800g medium sliced organic wholemeal loaf. The substitute was a Durex Fetherlite pack of 18. My major concern is how do I spread my peanut butter whilst practising safe sex?<br><b> Richard Thompson </b> <br> Weybridge, Surrey<br> thassoc@csi.com </p> <p> If \"the ticket office at Blackfriars was open as normal\" (Report, January 11, 2000), it's no wonder Cherie Booth wasn't able to buy a ticket.<br><b> David Hunt </b> <br> London<br> dhunt@uswebcks.com </p> <p> </p> <p> \"Poison pen is eating away Bach's manuscripts\" (January 11). Presumably just decomposing. <br><b>R Epton</b><br> Brigg, N Lincs <br> raepton@hotmail.com </p> <p> </p>",
      "newspaperPageNumber": "21",
      "wordcount": "254",
      "commentable": "false",
      "isPremoderated": "false",
      "lastModified": "2000-01-13T03:09:41Z",
      "newspaperEditionDate": "2000-01-13T00:00:00Z",
      "productionOffice": "UK",
      "publication": "theguardian.com",
      "shortUrl": "https://gu.com/p/xvfpz",
      "shouldHideAdverts": "false",
      "showInRelatedContent": "true",
      "legallySensitive": "false",
      "lang": "en",
      "bodyText": "Gary Glitter isn't the only one from whom an apology should be forthcoming (Nervous Glitter apologises after leaving jail, January 12). A local Our Price had Gary Glitter CDs for sale at Christmas. A spokesperson informed me that Our Price could see no reason to withdraw Glitter's material from sale. I am shocked by their their apparent indifference to the plight of sexually abused children. P Murphy Doncaster, S Yorks You call for a cultural change in the MoD's dealings with the defence industry (Comment, January 12). The government has introduced the smart procurement initiative for precisely this reason and to deliver clear improvements in the way we supply our armed forces. It is a radical change which is already achieving results - not least with the Bowman project. Baroness Symons Minister of state for defence procurement I have recently started using Tesco Internet to supply my home groceries. Sometimes they can't supply the requested items and send substitutes. My latest delivery should have included an 800g medium sliced organic wholemeal loaf. The substitute was a Durex Fetherlite pack of 18. My major concern is how do I spread my peanut butter whilst practising safe sex? Richard Thompson Weybridge, Surrey thassoc@csi.com If \"the ticket office at Blackfriars was open as normal\" (Report, January 11, 2000), it's no wonder Cherie Booth wasn't able to buy a ticket. David Hunt London dhunt@uswebcks.com \"Poison pen is eating away Bach's manuscripts\" (January 11). Presumably just decomposing. R Epton Brigg, N Lincs raepton@hotmail.com",
      "charCount": "1563"
    },
    "isHosted": false,
    "pillarId": "pillar/news",
    "pillarName": "News"
  },
  {
    "id": "world/2000/jan/13/balkans.politicalnews",
    "type": "article",
    "sectionId": "world",
    "sectionName": "World news",
    "webPublicationDate": "2000-01-13T03:09:38Z",
    "webTitle": "Paying the price",
    "webUrl": "https://www.theguardian.com/world/2000/jan/13/balkans.politicalnews",
    "apiUrl": "https://content.guardianapis.com/world/2000/jan/13/balkans.politicalnews",
    "fields": {
      "headline": "Paying the price",
      "standfirst": "MoD says \u00a3400m Kosovo bill omits bombs<BR><BR><A HREF=\"http://www.newsunlimited.co.uk/Kosovo/0,2759,45613,00.html\"> Kosovo: special report </A>",
      "trailText": "The Kosovo war cost the ministry of defence an additonal &#163;400m in excess of what it would normally spend on the armed forces, it was disclosed yesterday.",
      "byline": "Richard Norton-Taylor",
      "main": "",
      "body": "The Kosovo war cost the ministry of defence an additonal \u00a3400m in excess of what it would normally spend on the armed forces, it was disclosed yesterday. <p> The figure, the first official estimate, was given by Colin Balmer, the MoD's principal finance officer in evidence to the Commons defence committee. </p> <p>He said the sum, which will be funded by the treasury's contingency reserve fund, did not include the cost of replacing weapons dropped on Serbia during the 78-day bombing campaign. </p> <p>RAF planes such as the Harrier, based at Gioia del Colle base in Italy, dropped 1,011 bombs during the conflict, according to ministry figures. They included 242 Paveway precision-guided bombs which cost between \u00a329,000 and \u00a349,000 each. </p> <p>MoD officials admitted there was a shortage of personnel in all three armed services. The RAF's problems in retaining skilled pilots - described in an unpublished report to the defence committee - was described by Julian Brazier, Conservative MP for Canterbury, as \"appalling\". </p>",
      "newspaperPageNumber": "13",
      "wordcount": "163",
      "commentable": "false",
      "isPremoderated": "false",
      "lastModified": "2017-05-08T09:50:12Z",
      "newspaperEditionDate": "2000-01-13T00:00:00Z",
      "productionOffice": "UK",
      "publication": "theguardian.com",
      "shortUrl": "https://gu.com/p/mkdf",
      "shouldHideAdverts": "false",
      "showInRelatedContent": "true",
      "legallySensitive": "false",
      "lang": "en",
      "bodyText": "The Kosovo war cost the ministry of defence an additonal \u00a3400m in excess of what it would normally spend on the armed forces, it was disclosed yesterday. The figure, the first official estimate, was given by Colin Balmer, the MoD's principal finance officer in evidence to the Commons defence committee. He said the sum, which will be funded by the treasury's contingency reserve fund, did not include the cost of replacing weapons dropped on Serbia during the 78-day bombing campaign. RAF planes such as the Harrier, based at Gioia del Colle base in Italy, dropped 1,011 bombs during the conflict, according to ministry figures. They included 242 Paveway precision-guided bombs which cost between \u00a329,000 and \u00a349,000 each. MoD officials admitted there was a shortage of personnel in all three armed services. The RAF's problems in retaining skilled pilots - described in an unpublished report to the defence committee - was described by Julian Brazier, Conservative MP for Canterbury, as \"appalling\".",
      "charCount": "1001"
    },
    "isHosted": false,
    "pillarId": "pillar/news",
    "pillarName": "News"
  },
  {
    "id": "theguardian/2000/jan/13/features11.g24",
    "type": "article",
    "sectionId": "global",
    "sectionName": "Global",
    "webPublicationDate": "2000-01-13T03:09:02Z",
    "webTitle": "Suits you, baby",
    "webUrl": "https://www.theguardian.com/theguardian/2000/jan/13/features11.g24",
    "apiUrl": "https://content.guardianapis.com/theguardian/2000/jan/13/features11.g24",
    "fields": {
      "headline": "Suits you, baby",
      "standfirst": "Would you spend as much on a pushchair as on a second-hand car?  Luisa Dillner  reports on the new breed of parents who accessorise their child to within an inch of its life",
      "trailText": "For celebrities a baby is no longer the ultimate fashion statement. It's the baby's accessories that really count. Liam Gallagher recently paraded his offspring in a papoose made by Bill Amberg, a vision of leather and sheepskin with a matching ludicrous price tag of &#163;210. On Tuesday actress Emma Thompson spent two hours wheeling her five-week-old daughter through Regent's Park in a de rigueur three-wheel thick-tyred buggy. Forget cellular blankets, little Gaia Romilly (and why do they all have ridiculous names?) was snug in an insulated sleeping bag.",
      "main": "",
      "body": "For celebrities a baby is no longer the ultimate fashion statement. It's the baby's accessories that really count. Liam Gallagher recently paraded his offspring in a papoose made by Bill Amberg, a vision of leather and sheepskin with a matching ludicrous price tag of \u00a3210. On Tuesday actress Emma Thompson spent two hours wheeling her five-week-old daughter through Regent's Park in a de rigueur three-wheel thick-tyred buggy. Forget cellular blankets, little Gaia Romilly (and why do they all have ridiculous names?) was snug in an insulated sleeping bag. <p>So how does this make the rest of us feel, wheeling our babies round in battered Maclaren pushchairs stained with the juices of previous toddlers, grateful for hand-me-downs from our friends' babies and not too posh to buy two babygros for \u00a312 from Woolworths. Just as the jeweller looks at a man when he buys his girlfriend an engagement ring, with an obvious, \"So this is how much you love her sir?\" the buggy you buy, the cot you choose and how you decorate the nursery, measure parental love by the damage they do to your credit card. </p> <p>I recently bought curtains for our baby's room in a sale. They weren't fantastic but they were cheap. Does this make me a bad mother? The market for baby equipment is vast and growing, as the age and therefore income of first-time mothers rises each year. At the Conran Shop, a three-wheel buggy made by Land-Rover, sells for \u00a3400. The shop assistant is keen to stress that this includes a rain cover and canopy. \"What's so good about it?\" I ask. \"Well it's designed by the Land-Rover company, it has wheels like car tyre wheels. It is light and you can jog with it. It is suitable for all terrains.\" All terrains presumably being Kensington and Hampstead. </p> <p>I admit that I would like such a buggy but \u00a3400 is more than I paid five years ago for a perfectly adequate car. </p> <p>The complexity of buggy-buying has also increased since I had my first child 11 years ago and pushchairs came in flowery or striped fabric. These days you need an engineering degree to work out the pros and cons of your baby buggy being made of anodized aluminium, having bike-style caliper handbrakes with lock button for parking and whether to have 12-, 16-, or 20in wheels (all potential features of the new Babby Jogger 11 from the US). In fact so sophisticated have even papooses become that we we couldn't work out how to use a Baby Bjorn baby carrier that a friend gave us. </p> <p>Along with the increased opportunity to buy expensive knick-knacks for your baby is the chance to compete with other parents. \"There is massive competition between mothers,\" says Diane Kenwood, features editor of the magazine Having a Baby. \"It starts from 'my labour was longer or shorter than yours' and continues to 'My child is sitting or standing earlier than yours'. I defy any mother to say she doesn't look at what other babies have and think, 'Why did she choose that buggy or those orange check bedclothes?' These accessories feed on the competitive instincts of mothers.\" </p> <p> Most of the messages that parents get about what to buy their babies, is subliminal, says Kenwood. \"I don't think the marketing is any more in your face, there is surreptitious pressure from the cult of the celebrity pregnancy. In the past you disappeared when you were pregnant, now being pregnant and a mother is the in thing. To be as gorgeous as a celebrity parent you need the same accessories. You can now accessorise your baby to within an inch of its life.\" </p> <p>You can also buy an assortment of vital baby equipment. Now available is a Babysphere Apollo, a pushchair that has an air filter to protect babies from pollution. Mothercare will soon be selling a bottle that can sterilise itself and has new handles on some of its pushchairs that prevent wrist injury. Expensive, of course, doesn't always mean better. But that won't stop most parents. The Conran Shop for instance, will do you a tasteful highchair in natural beech for \u00a3159, and Mothercare list a hand-carved solid pine cot for around \u00a3300 and a car seat for \u00a399. In Harrods some of the baby furniture is so cute it makes you cry (maybe only if you're pregnant) - as do the prices. </p> <p>The only faint encouragement for those of us with slim wallets is watching those parents who buy DKNY and Christian Dior see the clothes go out of fashion before their kids have grown out of them.</p>",
      "newspaperPageNumber": "5",
      "wordcount": "770",
      "commentable": "false",
      "isPremoderated": "false",
      "lastModified": "2017-11-26T06:07:04Z",
      "newspaperEditionDate": "2000-01-13T00:00:00Z",
      "productionOffice": "UK",
      "publication": "The Guardian",
      "shortUrl": "https://gu.com/p/p6cm",
      "shouldHideAdverts": "false",
      "showInRelatedContent": "true",
      "legallySensitive": "false",
      "lang": "en",
      "bodyText": "For celebrities a baby is no longer the ultimate fashion statement. It's the baby's accessories that really count. Liam Gallagher recently paraded his offspring in a papoose made by Bill Amberg, a vision of leather and sheepskin with a matching ludicrous price tag of \u00a3210. On Tuesday actress Emma Thompson spent two hours wheeling her five-week-old daughter through Regent's Park in a de rigueur three-wheel thick-tyred buggy. Forget cellular blankets, little Gaia Romilly (and why do they all have ridiculous names?) was snug in an insulated sleeping bag. So how does this make the rest of us feel, wheeling our babies round in battered Maclaren pushchairs stained with the juices of previous toddlers, grateful for hand-me-downs from our friends' babies and not too posh to buy two babygros for \u00a312 from Woolworths. Just as the jeweller looks at a man when he buys his girlfriend an engagement ring, with an obvious, \"So this is how much you love her sir?\" the buggy you buy, the cot you choose and how you decorate the nursery, measure parental love by the damage they do to your credit card. I recently bought curtains for our baby's room in a sale. They weren't fantastic but they were cheap. Does this make me a bad mother? The market for baby equipment is vast and growing, as the age and therefore income of first-time mothers rises each year. At the Conran Shop, a three-wheel buggy made by Land-Rover, sells for \u00a3400. The shop assistant is keen to stress that this includes a rain cover and canopy. \"What's so good about it?\" I ask. \"Well it's designed by the Land-Rover company, it has wheels like car tyre wheels. It is light and you can jog with it. It is suitable for all terrains.\" All terrains presumably being Kensington and Hampstead. I admit that I would like such a buggy but \u00a3400 is more than I paid five years ago for a perfectly adequate car. The complexity of buggy-buying has also increased since I had my first child 11 years ago and pushchairs came in flowery or striped fabric. These days you need an engineering degree to work out the pros and cons of your baby buggy being made of anodized aluminium, having bike-style caliper handbrakes with lock button for parking and whether to have 12-, 16-, or 20in wheels (all potential features of the new Babby Jogger 11 from the US). In fact so sophisticated have even papooses become that we we couldn't work out how to use a Baby Bjorn baby carrier that a friend gave us. Along with the increased opportunity to buy expensive knick-knacks for your baby is the chance to compete with other parents. \"There is massive competition between mothers,\" says Diane Kenwood, features editor of the magazine Having a Baby. \"It starts from 'my labour was longer or shorter than yours' and continues to 'My child is sitting or standing earlier than yours'. I defy any mother to say she doesn't look at what other babies have and think, 'Why did she choose that buggy or those orange check bedclothes?' These accessories feed on the competitive instincts of mothers.\" Most of the messages that parents get about what to buy their babies, is subliminal, says Kenwood. \"I don't think the marketing is any more in your face, there is surreptitious pressure from the cult of the celebrity pregnancy. In the past you disappeared when you were pregnant, now being pregnant and a mother is the in thing. To be as gorgeous as a celebrity parent you need the same accessories. You can now accessorise your baby to within an inch of its life.\" You can also buy an assortment of vital baby equipment. Now available is a Babysphere Apollo, a pushchair that has an air filter to protect babies from pollution. Mothercare will soon be selling a bottle that can sterilise itself and has new handles on some of its pushchairs that prevent wrist injury. Expensive, of course, doesn't always mean better. But that won't stop most parents. The Conran Shop for instance, will do you a tasteful highchair in natural beech for \u00a3159, and Mothercare list a hand-carved solid pine cot for around \u00a3300 and a car seat for \u00a399. In Harrods some of the baby furniture is so cute it makes you cry (maybe only if you're pregnant) - as do the prices. The only faint encouragement for those of us with slim wallets is watching those parents who buy DKNY and Christian Dior see the clothes go out of fashion before their kids have grown out of them.",
      "charCount": "4377"
    },
    "isHosted": false
  },
  {
    "id": "film/2000/jan/13/comics",
    "type": "article",
    "sectionId": "film",
    "sectionName": "Film",
    "webPublicationDate": "2000-01-13T03:08:00Z",
    "webTitle": "The price is right",
    "webUrl": "https://www.theguardian.com/film/2000/jan/13/comics",
    "apiUrl": "https://content.guardianapis.com/film/2000/jan/13/comics",
    "fields": {
      "headline": "The price is right",
      "standfirst": "Who will direct the movie version of Spiderman?",
      "trailText": "<p>Who will direct the movie version of Spiderman?</p>",
      "byline": "Interview by Jennifer Rodger",
      "main": "",
      "body": "<p><strong> Sam Raimi 5-2 </strong></p> <p><strong>James Cameron 3-1 </strong></p> <p><strong>Richard Donner 5-1 </strong></p> <p><strong>Steven Spielberg 5-1 </strong></p> <p><strong>Jan de Bont 10-1 </strong></p> <p><strong>David Fincher 14-1</strong> </p> <p>Debate among fans of the long-john-wearing arachnid boy has reached fever pitch over rumours that a film will be imminently green-lighted. </p> <p>Variety announced earlier this week that Columbia wants Sam Raimi to direct its big-budget adaptation of the Marvel Comics franchise. The emergence of Raimi over the past two weeks comes with a web of intrigue and entanglements that has prevented Columbia from making a formal offer. </p> <p>\"Raimi has other films he is committed to direct\", says Ed Nicholson, Ladbrokes' entertainment odds compiler. \"While Raimi is an avowed Spiderman fanatic, Sony needs the film for summer 2001. If the production companies can negotiate he'll be odds-on to direct, but as it is he is still a favourite.\" </p> <p>Richard Donner has done it before with Superman, and he can do it again, says Ed. \"And like Donner, Spielberg could bring just the right sprawling, fantastic, epic feeling it would need. But it might mean that Spidey has to find the child within, and that won't please the hardcore fans.\" </p> <p>\"James Cameron would also get the special effects right\", says Ed. \"But the characters are so important in Spiderman, it might be better off with an actor's director rather than such an obviously visual one. Nevertheless, his script treatment for the film on a Spiderman website is getting good feedback from the fans.\" </p> <p>David Fincher and Jan de Bont are outsiders because they lack experience in super-hero flicks, says Ed. \"Although Jan de Bont did Speed, his recent flick The Haunting and Twister suggests he is a great cinematographer, not a great director. And I can't imagine any studio executive looking at David Fincher's Fight Club and thinking he is the perfect choice for launching a new child-friendly franchise.\"</p>",
      "newspaperPageNumber": "22",
      "wordcount": "306",
      "commentable": "false",
      "isPremoderated": "false",
      "lastModified": "2000-01-13T03:08:49Z",
      "newspaperEditionDate": "2000-01-13T00:00:00Z",
      "productionOffice": "UK",
      "publication": "theguardian.com",
      "shortUrl": "https://gu.com/p/xf5qf",
      "shouldHideAdverts": "false",
      "showInRelatedContent": "true",
      "legallySensitive": "false",
      "lang": "en",
      "bodyText": "Sam Raimi 5-2 James Cameron 3-1 Richard Donner 5-1 Steven Spielberg 5-1 Jan de Bont 10-1 David Fincher 14-1 Debate among fans of the long-john-wearing arachnid boy has reached fever pitch over rumours that a film will be imminently green-lighted. Variety announced earlier this week that Columbia wants Sam Raimi to direct its big-budget adaptation of the Marvel Comics franchise. The emergence of Raimi over the past two weeks comes with a web of intrigue and entanglements that has prevented Columbia from making a formal offer. \"Raimi has other films he is committed to direct\", says Ed Nicholson, Ladbrokes' entertainment odds compiler. \"While Raimi is an avowed Spiderman fanatic, Sony needs the film for summer 2001. If the production companies can negotiate he'll be odds-on to direct, but as it is he is still a favourite.\" Richard Donner has done it before with Superman, and he can do it again, says Ed. \"And like Donner, Spielberg could bring just the right sprawling, fantastic, epic feeling it would need. But it might mean that Spidey has to find the child within, and that won't please the hardcore fans.\" \"James Cameron would also get the special effects right\", says Ed. \"But the characters are so important in Spiderman, it might be better off with an actor's director rather than such an obviously visual one. Nevertheless, his script treatment for the film on a Spiderman website is getting good feedback from the fans.\" David Fincher and Jan de Bont are outsiders because they lack experience in super-hero flicks, says Ed. \"Although Jan de Bont did Speed, his recent flick The Haunting and Twister suggests he is a great cinematographer, not a great director. And I can't imagine any studio executive looking at David Fincher's Fight Club and thinking he is the perfect choice for launching a new child-friendly franchise.\"",
      "charCount": "1845"
    },
    "isHosted": false,
    "pillarId": "pillar/arts",
    "pillarName": "Arts"
  },
  {
    "id": "business/2000/jan/13/personalfinancenews.money",
    "type": "article",
    "sectionId": "business",
    "sectionName": "Business",
    "webPublicationDate": "2000-01-13T00:00:00Z",
    "webTitle": "House prices rise 12.6%",
    "webUrl": "https://www.theguardian.com/business/2000/jan/13/personalfinancenews.money",
    "apiUrl": "https://content.guardianapis.com/business/2000/jan/13/personalfinancenews.money",
    "fields": {
      "headline": "House prices rise 12.6%",
      "trailText": "<p>The London borough of <strong> Hackney</strong> saw house prices rise 37% in 1999, while the <strong> Wirral</strong> and <strong> Darlington</strong> were among areas that saw values fall 10% or more, according to a new survey,  writes Rupert Jones . </p>",
      "main": "",
      "body": "<p>The London borough of <strong> Hackney</strong> saw house prices rise 37% in 1999, while the <strong> Wirral</strong> and <strong> Darlington</strong> were among areas that saw values fall 10% or more, according to a new survey, writes Rupert Jones . </p> <p>The cost of the average home rose 12.6% last year, and is expected to notch up growth of 11% in 2000, said <strong> Nationwide</strong> building society. </p> <p>London remains the driving force, with prices up by more than 20% in 1999. But Nationwide group economist Alex Bannister said: \"We think that this year we will see a more balanced picture, with London probably coming off a bit and price growth rippling out across the rest of the country.\" </p> <p>Nine London boroughs saw prices increase by more than 30%, but in the Wirral prices fell by 20%.</p>",
      "newspaperPageNumber": "25",
      "wordcount": "130",
      "commentable": "false",
      "isPremoderated": "false",
      "lastModified": "2001-12-12T00:00:00Z",
      "newspaperEditionDate": "2000-01-13T00:00:00Z",
      "productionOffice": "UK",
      "publication": "theguardian.com",
      "shortUrl": "https://gu.com/p/3xx8",
      "shouldHideAdverts": "false",
      "showInRelatedContent": "true",
      "legallySensitive": "false",
      "lang": "en",
      "bodyText": "The London borough of Hackney saw house prices rise 37% in 1999, while the Wirral and Darlington were among areas that saw values fall 10% or more, according to a new survey, writes Rupert Jones . The cost of the average home rose 12.6% last year, and is expected to notch up growth of 11% in 2000, said Nationwide building society. London remains the driving force, with prices up by more than 20% in 1999. But Nationwide group economist Alex Bannister said: \"We think that this year we will see a more balanced picture, with London probably coming off a bit and price growth rippling out across the rest of the country.\" Nine London boroughs saw prices increase by more than 30%, but in the Wirral prices fell by 20%.",
      "charCount": "719"
    },
    "isHosted": false,
    "pillarId": "pillar/news",
    "pillarName": "News"
  }
]