[
  {
    "id": "business/2000/feb/25/davidteather",
    "type": "article",
    "sectionId": "business",
    "sectionName": "Business",
    "webPublicationDate": "2000-02-25T01:18:53Z",
    "webTitle": "Reed's late grab for safety of the net",
    "webUrl": "https://www.theguardian.com/business/2000/feb/25/davidteather",
    "apiUrl": "https://content.guardianapis.com/business/2000/feb/25/davidteather",
    "fields": {
      "headline": "Reed's late grab for safety of the net",
      "standfirst": "<A HREF=\"http://www.newsunlimited.co.uk/efinance\">E-finance: special report</A>",
      "trailText": "Anglo-Dutch publishing group Reed Elsevier yesterday outlined plans to invest &#163;750m to move its business on to the internet but failed to prevent a 10% slump in its share price.",
      "byline": "David Teather,  Media Business Correspondent",
      "main": "",
      "body": "Anglo-Dutch publishing group Reed Elsevier yesterday outlined plans to invest \u00a3750m to move its business on to the internet but failed to prevent a 10% slump in its share price. <p>Crispin Davis, who became chief executive of Reed in September, said the cash sum which outstrips recent announcements from Reuters, Pearson and BSkyB was to make up for years of under-investment. </p> <p>It will be partly funded by a wide ranging cost control programme announced in December. Reed gave further details of the programme yesterday including the loss of 1,500 jobs, largely in the US. </p> <p>The announcement was made as Reed reported what it conceded was a disappointing performance last year that saw pre-tax profits falling by 9% to \u00a3710m on turnover of \u00a33.4bn. The company added a warning that the online investment would result in next year's profits being \"somewhat below\" those of 1999. </p> <p>Mr Davis forecast some 25% of revenues would be generated by the internet by 2002 - a target of around \u00a31bn and up from last years \u00a3120m. \"The internet is quite clearly the driver for growth and I think we have very good assets to build on - a market leading position, very strong brands, excellent content and global reach,\" he said. </p> <p>Cash will be spent building online versions of Reed's business, science and legal publications which will initially be offered in parallel to the paper versions but with the aim of replacing most of its operations with the internet. Examples include ScienceDirect Internet which includes 10 years of scientific journal archives online. </p> <p>By 2002, 60% of science revenues are expected to come from online operations, 40% of legal revenues and 10% of business-to-business revenues. </p> <p>Reed Elsevier said it would weed out non-core businesses, including OAG Worldwide and Springhouse. Disposals so far earmarked accounted for \u00a3200m of revenue in 1999 and are expected to have a small negative impact on earnings in the short term. </p> <p>There was some sign from the City however that investors are beginning to suffer internet fatigue. \"We all know they have to migrate to the internet but give us something new and radical,\" said one media analyst. \"Competition is flooding into Reed's core markets and we're not convinced Davis really believes he can turn this thing around.\" </p> <p>The group, which is dual-listed as Reed International in London and Elsevier in the Netherlands, saw its shares jump initially on announcement of the plan but then pull back sharply after outperforming the market by 84% in the past three months on hopes for a major internet push. </p> <p>The Reed share price fell 60p to 545p and was further unsettled by a series of outstanding lawsuits against the company including one in the Virgin Islands alleging anti-competitive behaviour and claiming $6bn (\u00a33.75bn) in damages. Mr Davis said the lawsuit was \"irrelevant\". </p> <p>In common with other media groups hurrying to re-invent themselves as internet stocks, Reed said it was rebasing its dividend and reduced its 1999 payout by a third to 10p. </p> <p>\"Although we should not expect the turnaround to be quick, we feel positive and confident about Reed's future,\" said Mr Davis.</p>",
      "newspaperPageNumber": "26",
      "wordcount": "521",
      "commentable": "false",
      "isPremoderated": "false",
      "lastModified": "2017-02-21T23:47:27Z",
      "newspaperEditionDate": "2000-02-25T00:00:00Z",
      "productionOffice": "UK",
      "publication": "theguardian.com",
      "shortUrl": "https://gu.com/p/xeyat",
      "shouldHideAdverts": "false",
      "showInRelatedContent": "true",
      "legallySensitive": "false",
      "lang": "en",
      "bodyText": "Anglo-Dutch publishing group Reed Elsevier yesterday outlined plans to invest \u00a3750m to move its business on to the internet but failed to prevent a 10% slump in its share price. Crispin Davis, who became chief executive of Reed in September, said the cash sum which outstrips recent announcements from Reuters, Pearson and BSkyB was to make up for years of under-investment. It will be partly funded by a wide ranging cost control programme announced in December. Reed gave further details of the programme yesterday including the loss of 1,500 jobs, largely in the US. The announcement was made as Reed reported what it conceded was a disappointing performance last year that saw pre-tax profits falling by 9% to \u00a3710m on turnover of \u00a33.4bn. The company added a warning that the online investment would result in next year's profits being \"somewhat below\" those of 1999. Mr Davis forecast some 25% of revenues would be generated by the internet by 2002 - a target of around \u00a31bn and up from last years \u00a3120m. \"The internet is quite clearly the driver for growth and I think we have very good assets to build on - a market leading position, very strong brands, excellent content and global reach,\" he said. Cash will be spent building online versions of Reed's business, science and legal publications which will initially be offered in parallel to the paper versions but with the aim of replacing most of its operations with the internet. Examples include ScienceDirect Internet which includes 10 years of scientific journal archives online. By 2002, 60% of science revenues are expected to come from online operations, 40% of legal revenues and 10% of business-to-business revenues. Reed Elsevier said it would weed out non-core businesses, including OAG Worldwide and Springhouse. Disposals so far earmarked accounted for \u00a3200m of revenue in 1999 and are expected to have a small negative impact on earnings in the short term. There was some sign from the City however that investors are beginning to suffer internet fatigue. \"We all know they have to migrate to the internet but give us something new and radical,\" said one media analyst. \"Competition is flooding into Reed's core markets and we're not convinced Davis really believes he can turn this thing around.\" The group, which is dual-listed as Reed International in London and Elsevier in the Netherlands, saw its shares jump initially on announcement of the plan but then pull back sharply after outperforming the market by 84% in the past three months on hopes for a major internet push. The Reed share price fell 60p to 545p and was further unsettled by a series of outstanding lawsuits against the company including one in the Virgin Islands alleging anti-competitive behaviour and claiming $6bn (\u00a33.75bn) in damages. Mr Davis said the lawsuit was \"irrelevant\". In common with other media groups hurrying to re-invent themselves as internet stocks, Reed said it was rebasing its dividend and reduced its 1999 payout by a third to 10p. \"Although we should not expect the turnaround to be quick, we feel positive and confident about Reed's future,\" said Mr Davis.",
      "charCount": "3127"
    },
    "isHosted": false,
    "pillarId": "pillar/news",
    "pillarName": "News"
  }
]