[
  {
    "id": "politics/2000/jan/20/ethicalforeignpolicy.world1",
    "type": "article",
    "sectionId": "politics",
    "sectionName": "Politics",
    "webPublicationDate": "2000-01-20T17:37:08Z",
    "webTitle": "The generals profit as the people pay with their lives",
    "webUrl": "https://www.theguardian.com/politics/2000/jan/20/ethicalforeignpolicy.world1",
    "apiUrl": "https://content.guardianapis.com/politics/2000/jan/20/ethicalforeignpolicy.world1",
    "fields": {
      "headline": "The generals profit as the people pay with their lives",
      "standfirst": "British-made Hawks bomb Congo as Zimbabwe fights a war which is making a select few rich",
      "trailText": "British-made Hawks bomb Congo as Zimbabwe fights a war which is making a select few rich",
      "byline": "Chris McGreal  in Johannesburg",
      "main": "",
      "body": "The long suffering people of the Democratic Republic of Congo have little inclination to dwell on how the bombs that kill their families and destroy their homes are delivered. The hundreds who died last year in Makanza, Goma or Kisangani might have fallen victim to aircraft from an array of countries. After all, Congo's war has become a multinational free for all. <p>But somewhere in the mix is a handful of British Hawks flown by the Zimbabwe airforce. They deliver bombs and unguided rockets. When they miss, civilians pay. The aircraft take the killing far beyond the front line, tormenting the Congolese people who, for the most part, feel no great loyalty to either side in the 17-month civil war. </p> <p>The 11,000 Zimbabwean troops in Congo represent the largest contingent of foreign soldiers fighting to prop up President Laurent Kabila's regime against Rwandan and Ugandan-backed rebels who occupy more than half the country. </p> <p>Other countries also came to Mr Kabila's aid, most notably Angola. But Angola had its own civil war and so Zimbabwe has done much of the work to keep the rebels at bay. </p> <p>Tens of thousands of Congolese civilians have died. Some were caught in the fighting, others were murdered by the rebels or pro-Kabila forces in wholesale massacres of those considered disloyal or just of the wrong ethnic group. Many more died of hunger and exhaustion as they hid in the jungle. </p> <p>Cities and towns are wrecked. Villages are flattened. Large parts of a fertile country twice the size of France and Germany combined are having trouble finding food for the first time in living memory. Even the capital, Kinshasa, is grappling to feed itself or find enough fuel to cook. </p> <p>Congo's 50m people thought they had escaped such horrors when a relatively bloodless rebellion overthrew despot Mobutu Sese Seko three years ago. Mobutu watched his country wither through neglect but now parts of it are being ground into the dust by a profit-driven war. </p> <p>President Robert Mugabe of Zimbabwe says he sent his troops to Congo to prevent the overthrow of a legitimate government, albeit a regime that came to power by force with the backing of the very people now trying to overthrow it. </p> <p>But there is another motive behind Zimbabwe's interest in propping up Mr Kabila. Zimbabwe's generals, political allies and relatives have made small fortunes in Congo's diamond and cobalt mining industries, and trading in timber and transport. </p> <p>The army has created companies to do business in Congo because, it says, Zimbabwe's private sector is not taking advantage of the opportunities. This week, one of the military's firms said it had a multi-million dollar diamond mining deal in Mbuji-Mayi. The state-owned Zimbabwean Defence Industries won a \u00a335m contract to supply the Congolese army. Profits go to generals and politicians. </p> <p>Zimbabwe's Society for Prevention of Cruelty to Animals has even accused the army of smuggling hundreds of African grey parrots worth as much as a \u00a31,000 each. The political and military elite are not the only ones to profit. Many on the rebel side are getting rich too but no one doubts that the men from Zimbabwe have organised it best. But the war is bleeding the coffers of Mr Mugabe's government of more than \u00a31m a day. </p> <p>He staved off the worst consequences for over a year with some judicious financial juggling. But now hard currency reserves have run dry, the Zimbabwe dollar is collapsing and inflation is surging. The country is in recession for the first time since independence in 1980. </p> <p>As a result, Zimbabwe has defaulted on loans, including those guaranteeing British exports. The cash crunch has created a fuel crisis because oil companies refuse to extend credit to Zimbabwe. Motorists queue for hours to buy petrol. Electricity is supplied only because South Africa's Eskom power company continues to cater for almost half Zimbabwe's needs - even though it has not been paid in months. </p> <p>Last year the head of the International Monetary Fund, Michel Camdessus, described Zimbabwe's economic crisis as \"very dangerous\" and blamed it on the war in Congo. Britain's minister for Africa, Peter Hain, was \"very concerned\". </p> <p>The widespread unpopularity of the war and the economic crisis have helped to galvanise the strongest political challenge to Mr Mugabe in his two decades in power. Trade unionists have led the way with strikes and the launch of a new political party. Some newspapers openly taunt him. Even old allies, such as the soldiers and civil servants, have made their discontent known. </p> <p>Mr Mugabe's government has tried to win them back by doubling their pay (even though that adds to the country's financial woes). It has turned on longtime foes, with sometimes brutal treatment of journalists who expose the truth of the war in Congo and dissent in the army. Political and trade union opponents have been beaten up. </p> <p>The government could be made to pay the price of its adventure in Congo in two critical ballots over the coming weeks. A referendum on a revised constitution which strengthens Mr Mugabe's powers is promised soon. </p> <p>Parliamentary elections are scheduled for March. The opposition believes that the war, economic crisis and general desperation at Mr Mugabe's rule offers it the best chance ever of overturning his parliamentary majority. </p> <p>Britain and the US have pressed Mr Mugabe to get his troops out of Congo. He would now like to do that. The government says it will bring half the soldiers home in time for the election in March. </p> <p>Zimbabwe hoped a peace accord signed in August would offer a face-saving way to bring the soldiers home and protect its investments, but the fighting continues. </p> <p>There is, perhaps, too much bitterness and suspicion, and a belief among some of Mr Kabila's enemies that Zimbabwe cannot keep up the fight for much longer.</p>",
      "newspaperPageNumber": "3",
      "wordcount": "972",
      "commentable": "false",
      "isPremoderated": "false",
      "lastModified": "2017-05-08T09:49:52Z",
      "newspaperEditionDate": "2000-01-20T00:00:00Z",
      "productionOffice": "UK",
      "publication": "theguardian.com",
      "shortUrl": "https://gu.com/p/mxx4",
      "shouldHideAdverts": "false",
      "showInRelatedContent": "true",
      "legallySensitive": "false",
      "lang": "en",
      "bodyText": "The long suffering people of the Democratic Republic of Congo have little inclination to dwell on how the bombs that kill their families and destroy their homes are delivered. The hundreds who died last year in Makanza, Goma or Kisangani might have fallen victim to aircraft from an array of countries. After all, Congo's war has become a multinational free for all. But somewhere in the mix is a handful of British Hawks flown by the Zimbabwe airforce. They deliver bombs and unguided rockets. When they miss, civilians pay. The aircraft take the killing far beyond the front line, tormenting the Congolese people who, for the most part, feel no great loyalty to either side in the 17-month civil war. The 11,000 Zimbabwean troops in Congo represent the largest contingent of foreign soldiers fighting to prop up President Laurent Kabila's regime against Rwandan and Ugandan-backed rebels who occupy more than half the country. Other countries also came to Mr Kabila's aid, most notably Angola. But Angola had its own civil war and so Zimbabwe has done much of the work to keep the rebels at bay. Tens of thousands of Congolese civilians have died. Some were caught in the fighting, others were murdered by the rebels or pro-Kabila forces in wholesale massacres of those considered disloyal or just of the wrong ethnic group. Many more died of hunger and exhaustion as they hid in the jungle. Cities and towns are wrecked. Villages are flattened. Large parts of a fertile country twice the size of France and Germany combined are having trouble finding food for the first time in living memory. Even the capital, Kinshasa, is grappling to feed itself or find enough fuel to cook. Congo's 50m people thought they had escaped such horrors when a relatively bloodless rebellion overthrew despot Mobutu Sese Seko three years ago. Mobutu watched his country wither through neglect but now parts of it are being ground into the dust by a profit-driven war. President Robert Mugabe of Zimbabwe says he sent his troops to Congo to prevent the overthrow of a legitimate government, albeit a regime that came to power by force with the backing of the very people now trying to overthrow it. But there is another motive behind Zimbabwe's interest in propping up Mr Kabila. Zimbabwe's generals, political allies and relatives have made small fortunes in Congo's diamond and cobalt mining industries, and trading in timber and transport. The army has created companies to do business in Congo because, it says, Zimbabwe's private sector is not taking advantage of the opportunities. This week, one of the military's firms said it had a multi-million dollar diamond mining deal in Mbuji-Mayi. The state-owned Zimbabwean Defence Industries won a \u00a335m contract to supply the Congolese army. Profits go to generals and politicians. Zimbabwe's Society for Prevention of Cruelty to Animals has even accused the army of smuggling hundreds of African grey parrots worth as much as a \u00a31,000 each. The political and military elite are not the only ones to profit. Many on the rebel side are getting rich too but no one doubts that the men from Zimbabwe have organised it best. But the war is bleeding the coffers of Mr Mugabe's government of more than \u00a31m a day. He staved off the worst consequences for over a year with some judicious financial juggling. But now hard currency reserves have run dry, the Zimbabwe dollar is collapsing and inflation is surging. The country is in recession for the first time since independence in 1980. As a result, Zimbabwe has defaulted on loans, including those guaranteeing British exports. The cash crunch has created a fuel crisis because oil companies refuse to extend credit to Zimbabwe. Motorists queue for hours to buy petrol. Electricity is supplied only because South Africa's Eskom power company continues to cater for almost half Zimbabwe's needs - even though it has not been paid in months. Last year the head of the International Monetary Fund, Michel Camdessus, described Zimbabwe's economic crisis as \"very dangerous\" and blamed it on the war in Congo. Britain's minister for Africa, Peter Hain, was \"very concerned\". The widespread unpopularity of the war and the economic crisis have helped to galvanise the strongest political challenge to Mr Mugabe in his two decades in power. Trade unionists have led the way with strikes and the launch of a new political party. Some newspapers openly taunt him. Even old allies, such as the soldiers and civil servants, have made their discontent known. Mr Mugabe's government has tried to win them back by doubling their pay (even though that adds to the country's financial woes). It has turned on longtime foes, with sometimes brutal treatment of journalists who expose the truth of the war in Congo and dissent in the army. Political and trade union opponents have been beaten up. The government could be made to pay the price of its adventure in Congo in two critical ballots over the coming weeks. A referendum on a revised constitution which strengthens Mr Mugabe's powers is promised soon. Parliamentary elections are scheduled for March. The opposition believes that the war, economic crisis and general desperation at Mr Mugabe's rule offers it the best chance ever of overturning his parliamentary majority. Britain and the US have pressed Mr Mugabe to get his troops out of Congo. He would now like to do that. The government says it will bring half the soldiers home in time for the election in March. Zimbabwe hoped a peace accord signed in August would offer a face-saving way to bring the soldiers home and protect its investments, but the fighting continues. There is, perhaps, too much bitterness and suspicion, and a belief among some of Mr Kabila's enemies that Zimbabwe cannot keep up the fight for much longer.",
      "charCount": "5803"
    },
    "isHosted": false,
    "pillarId": "pillar/news",
    "pillarName": "News"
  },
  {
    "id": "lifeandstyle/2000/jan/20/shopping.consumerpages",
    "type": "article",
    "sectionId": "lifeandstyle",
    "sectionName": "Life and style",
    "webPublicationDate": "2000-01-20T16:27:38Z",
    "webTitle": "Bargain hunting:  how to compare prices",
    "webUrl": "https://www.theguardian.com/lifeandstyle/2000/jan/20/shopping.consumerpages",
    "apiUrl": "https://content.guardianapis.com/lifeandstyle/2000/jan/20/shopping.consumerpages",
    "fields": {
      "headline": "Bargain hunting:  how to compare prices",
      "trailText": "<p>There are a handful of internet sites which can make your life considerably easier, both online and offline. These are not shopping portals (though they may offer that facility as well), but price or product comparison sites. Here are the best.</p>",
      "byline": "Sally Kinnes",
      "main": "",
      "body": "<p>There are a handful of internet sites which can make your life considerably easier, both online and offline. These are not shopping portals (though they may offer that facility as well), but price or product comparison sites. Among the best is <a href=\"http://www.buy.co.uk\">www.buy.co.uk</a> . Comparing utility prices has become so complicated, even the likes of Which? and telecoms watchdog Oftel admit it's beyond the reach of mere mortals: you need special computer software to do it. </p> <p>If you type in your annual gas (water, or electritcy) bill into buy.co.uk's search engine, plus your current provider and your preferred method of payment, it will come back with the best deal. It also has a mobile phone tariff calculator, and will shortly add a dual fuel calculator. </p> <p>For comparative financial information, <a href=\"http://www.moneyextra.com/main.asp\">www.moneyextra.com/main.asp</a> is hard to beat. Without asking you to register, it will go off and find you a new mortgage, the best deal on credit cards, deposit and current accounts, ISAs, insurance, and personal loans. </p> <p>Moneyextra doesn't compare pensions. If you want to see how yours is doing, go to <a href=\"http://www.micropal.com\">www.micropal.com</a>, an acknowledged leader in the provision of fund information. The site takes getting used to, but if you put in your pension details, it will tell you its Mircopal rating, which is the sort of thing financial advisers use. </p> <p>If it's more general shopping you are after, visit <a href=\"http://www.shopsmart.com\">www.shopsmart.com</a>. According to managing director, Daniel Gestetner, it's the biggest shopping portal in the UK, and has already gobbled up some good directories such as <a href=\"http://www.shopguide.co.uk\">www.shopguide.co.uk</a> and <a href=\"http://www.enterprisecity.co.uk\">www.enterprisecity.co.uk</a> . </p> <p>The site has a price comparison calculator, which is a model of how these things should be set up. It includes the cost of postage, packing and delivery, is fast and efficient, and lists price, product and shop. (Sounds like commonsense, but so many websites don't deliver the basics). On the downside, the price comparison covers only music, movies, video, PC games and books. This leaves 75 percent of Shopsmart's shopping categories with no way of comparing prices. The site also checks only the shops on its site, not the whole web, but it does have a strict criteria of the types of shops it includes. </p> <p>\"They have to use a secure system,\" says the MD, Daniel Gestetner. \"They have to give a telephone number, they have to a have a UK presence, as a lot of the horror stories you hear are from people buying abroad, and they have to take credit cards.\" </p> <p>A site called <a href=\"http://www.priceoffers.co.uk\">www.priceoffers.co.uk</a> is a curious beast: it's an online guide to offline bargains. Still if you want to know there's 50% off Simpson videos at Asda, this is the place to come.</p>",
      "newspaperPageNumber": "13",
      "wordcount": "464",
      "commentable": "false",
      "isPremoderated": "false",
      "lastModified": "2005-11-03T16:27:38Z",
      "newspaperEditionDate": "2000-01-20T00:00:00Z",
      "productionOffice": "UK",
      "publication": "theguardian.com",
      "shortUrl": "https://gu.com/p/xefkx",
      "shouldHideAdverts": "false",
      "showInRelatedContent": "true",
      "legallySensitive": "false",
      "lang": "en",
      "bodyText": "There are a handful of internet sites which can make your life considerably easier, both online and offline. These are not shopping portals (though they may offer that facility as well), but price or product comparison sites. Among the best is www.buy.co.uk . Comparing utility prices has become so complicated, even the likes of Which? and telecoms watchdog Oftel admit it's beyond the reach of mere mortals: you need special computer software to do it. If you type in your annual gas (water, or electritcy) bill into buy.co.uk's search engine, plus your current provider and your preferred method of payment, it will come back with the best deal. It also has a mobile phone tariff calculator, and will shortly add a dual fuel calculator. For comparative financial information, www.moneyextra.com/main.asp is hard to beat. Without asking you to register, it will go off and find you a new mortgage, the best deal on credit cards, deposit and current accounts, ISAs, insurance, and personal loans. Moneyextra doesn't compare pensions. If you want to see how yours is doing, go to www.micropal.com, an acknowledged leader in the provision of fund information. The site takes getting used to, but if you put in your pension details, it will tell you its Mircopal rating, which is the sort of thing financial advisers use. If it's more general shopping you are after, visit www.shopsmart.com. According to managing director, Daniel Gestetner, it's the biggest shopping portal in the UK, and has already gobbled up some good directories such as www.shopguide.co.uk and www.enterprisecity.co.uk . The site has a price comparison calculator, which is a model of how these things should be set up. It includes the cost of postage, packing and delivery, is fast and efficient, and lists price, product and shop. (Sounds like commonsense, but so many websites don't deliver the basics). On the downside, the price comparison covers only music, movies, video, PC games and books. This leaves 75 percent of Shopsmart's shopping categories with no way of comparing prices. The site also checks only the shops on its site, not the whole web, but it does have a strict criteria of the types of shops it includes. \"They have to use a secure system,\" says the MD, Daniel Gestetner. \"They have to give a telephone number, they have to a have a UK presence, as a lot of the horror stories you hear are from people buying abroad, and they have to take credit cards.\" A site called www.priceoffers.co.uk is a curious beast: it's an online guide to offline bargains. Still if you want to know there's 50% off Simpson videos at Asda, this is the place to come.",
      "charCount": "2638"
    },
    "isHosted": false,
    "pillarId": "pillar/lifestyle",
    "pillarName": "Lifestyle"
  },
  {
    "id": "lifeandstyle/2000/jan/20/shopping.consumerpages2",
    "type": "article",
    "sectionId": "lifeandstyle",
    "sectionName": "Life and style",
    "webPublicationDate": "2000-01-20T16:27:00Z",
    "webTitle": "Cybershopping's 50 favourite sites",
    "webUrl": "https://www.theguardian.com/lifeandstyle/2000/jan/20/shopping.consumerpages2",
    "apiUrl": "https://content.guardianapis.com/lifeandstyle/2000/jan/20/shopping.consumerpages2",
    "fields": {
      "headline": "Cybershopping's 50 favourite sites",
      "standfirst": "We've all heard of amazon and lastminute.com, and there's no better way to get net shopping than with safe and reliable sites like these. But if that's as far as online buying has taken you, it's time to visit some of the web's more tempting addresses and discover just how fast you can blow your money in cyberspace",
      "trailText": "<p>We've all heard of amazon and lastminute.com, and there's no better way to get net shopping than with safe and reliable sites like these. But if that's as far as online buying has taken you, it's time to visit some of the web's more tempting addresses and discover just how fast you can blow your money in cyberspace</p>",
      "byline": "Felicity Lawrence and Sally Kinnes. Additional research by Helen Brooks",
      "main": "",
      "body": "<p><strong> 1</strong> Are you sitting comfortably? Start by getting the right seat at <a href=\"http://www.thechair.co.uk\">www.thechair.co.uk</a>, where you can zoom around and try out modern or classic designs. It has its own very good take on the much-imitated Arne Jacobsen chair Christine Keeler once famously perched on - it's called the Kite, and costs \u00a369. </p> <p><strong>2</strong> Put on your slippers. <a href=\"http://www.agentprovocateur.com\">www.agentprovocateur.com</a> can supply satin mules with maribou trim (\u00a355), as well as all sorts of expensive underwear. Practical they ain't - but then the company is run by Vivienne Westwood's son, and all you have to do with this kind of shopping is relax, sit back and enjoy it. </p> <p><strong>3</strong> Fix yourself a drink, courtesy of <a href=\"http://www.berry-bros.co.uk\">www.berry-bros.co.uk</a>, one of Britain's oldest and most traditional wine merchants, yet also one of the quickest off the mark to set up a comprehensive website. Scan its bestsellers list for a quaffable merlot Domaine d'Antugnac at \u00a34.95. </p> <p><strong>4</strong> If you're feeling flush, you'll enjoy <a href=\"http://www.amivin.com\">www.amivin.com</a>'s interpretation of everyday wines \"all under \u00a311.75\". This site gives a guarantee that its prices won't be beaten, and the Errazuriz Sauvignon Blanc at \u00a35.49 goes down a treat. </p> <p><strong>5</strong> Get yourself a personal organiser so that you can store these web addresses and browse and shop on the bus on the way to work. The Psion Series 7 is about as clever as personal organisers get. As well as standard PC-type applications (word processor, spreadsheet), it has a web browser, email and is the first Psion to have a colour screen. It's available from <a href=\"http://www.insight.com/uk/\">www.insight.com/uk/</a> at \u00a3657.99. </p> <p><strong>6</strong> Rather cheaper is the Psion Revo, selling for \u00a3214.99 at the good computer and electronics site <a href=\"http://www.microwarehouse.co.uk\">www.microwarehouse.co.uk</a>. The Revo doesn't come with a colour screen, but it will send and receive email if you connect it up to a mobile phone with an infrared port. </p> <p><strong>7</strong> Book your entertainment for later. <a href=\"http://www.odeon.com\">www.odeon.com</a> has listings for many of its cinemas and you can order your tickets online. Why not check out Angela's Ashes? </p> <p><strong>8</strong> Staying in? <a href=\"http://www.blackstar.co.uk\">www.blackstar.co.uk</a> is one of the best sites for videos and DVDs. In case you missed what everyone's been talking about, the video of Ali G Innit is \u00a314.39, and has the best bits from his TV interviews and some footage never broadcast. </p> <p><strong>9</strong> Line up some food, in case you get carried away by your cybershopping and find it's closing time when you resurface. Sign up for a weekly order of organic fruit and vegetables at <a href=\"http://www.organicsdirect.co.uk\">www.organicsdirect.co.uk</a>. Don't be put off by the whole-foody nutloaf design on this site, just enjoy knowing you will be supporting small local producers. A standard vegetable box is \u00a314.95. The bread is good too - no arguments about whether fresh means fresh or reheated or half-baked here. </p> <p><strong>10</strong> <a href=\"http://www.iceland.co.uk\">www.iceland.co.uk</a> has won the race to be the first major retailer offering online shopping nationwide. It was also the first to take a stand against GM foods. Get it to bring a chicken tikka or a week's supply of fish fingers to your door. (If you are on a Mac, you have to use Netscape Navigator.) </p> <p><strong>11</strong> If you live in the right postcode, take advantage of Tesco's efforts to fight back against Asda by cutting its prices. <a href=\"http://www.tescodirect.com\">www.tescodirect.com</a> can provide you with a van of food and wine fit for the Queen, (or was it the Queen's servants?), and will probably be cheaper than your local supermarket, despite the \u00a35 delivery charge. </p> <p><strong>12</strong> For a treat, sample some Lakeland organic trout from Hawkshead, at <a href=\"http://www.edirectory.co.uk/organicfish\">www.edirectory.co.uk/organicfish</a>. It will arrive the next day fresher than the average fish counter offerings. It's just \u00a32.00 for a 392g fish, but with a hefty \u00a38.50 delivery charge, you'll need to order in bulk to make it worthwhile. </p> <p><strong>13</strong> For meat, <a href=\"http://www.richardwoodall.co.uk\">www.richardwoodall.co.uk</a> is hard to beat. This company's ham has been served not only to the Queen but also to travellers on Concorde and, less encouragingly, to passengers on the Titanic. Smoked home-cured bacon is a great last meal at \u00a33.34 for a 500g pack. </p> <p><strong>14</strong> <a href=\"http://www.realmeat.co.uk\">www.realmeat.co.uk</a> is also excellent and has a wider range. </p> <p><strong>15</strong> Wonderful olive oils are among the range of delicatessen produce available at <a href=\"http://www.morel.co.uk\">www.morel.co.uk</a>. The French everyday olive oil comes in a beautiful 1 litre tin costing \u00a36.90. </p> <p><strong>16</strong> More delicatessen goodies - as well as delicious bread - can be found at <a href=\"http://www.villagebakery.com\">www.villagebakery.com</a> . </p> <p><strong>17</strong> Once the provisioning has been done, you can settle down for some serious spending. Nervous about the phone bill? Go to <a href=\"http://www.bt.com\">www.bt.com</a> to change your friends and family discounted numbers. Your chosen \"best friend\" number (which receives a 15% discount) will, of course, be your internet dial-up number. </p> <p><strong>18</strong> Some things are meant to be expensive. <a href=\"http://www.ifexonline.co.uk\">www.ifexonline.co.uk</a> will do you a nice Le Corbusier sofa for \u00a31,200. This site is a vast catalogue of everything from beds to broom cupboards, all top of the range, utterly desirable and liable to break the bank. Tiny pictures prevent excessive salivation. </p> <p><strong>19</strong> For cheaper cupboards, filing boxes, shoe racks, and all the accessories that would help you organise your life if only you were that kind of person, go to <a href=\"http://www.theholdingcompany.co.uk\">www.theholdingcompany.co.uk</a>. A zinc doctor's cupboard (\u00a3220) could restore you. The owner of the site, being American, is light years ahead of most when it comes to efficient online ordering services. </p> <p><strong>20</strong> Plain, sensible and affordable is <a href=\"http://www.mccord.uk.com\">www.mccord.uk.com</a>, where a white shag-pile carpet starts at \u00a319.99. Just remember it's called a Flokati rug now. </p> <p><strong>21</strong> For an affordable yet collectible piece of modern design, look at Ella Doran's table mats, \u00a329.50 for six on <a href=\"http://www.bluedeco.com\">www.bluedeco.com</a>. </p> <p><strong>22</strong> Bag a bit of design history by visiting the second-hand designer furniture shop <a href=\"http://www.eatmyhandbagbitch.co.uk\">www.eatmyhandbagbitch.co.uk</a> for a System 1-2-3 Armchair by Verner Panton, great condition, a snip at \u00a3750 (that Panton exhibition at the Design Museum last year did wonders for prices, wouldn't you know), or an Eero Saarinen tulip chair at \u00a3225. (Online browsing, email ordering.) </p> <p><strong>23</strong> The self-respecting kitchen is supposed to have a Dualit toaster these days. The assembler's individual mark is on the base plate, and they are even made from the same heat-proof material as used in the space shuttle (nothing being too good to launch your day). You can read all about them at <a href=\"http://www.dualit.com\">www.dualit.com</a>, then buy one cheap at <a href=\"http://www.ogormans.co.uk\">www.ogormans.co.uk</a> (from \u00a3100 for a two-slicer, to \u00a3250 for a four-slice sandwich). </p> <p><strong>24</strong> \"We won't be beaten on price\" is the kind of reassurance canny shoppers like to hear, especially if they have an extravagance in mind such as a stylish Smeg fridge. <a href=\"http://www.electric-shop.co.uk\">www.electric-shop.co.uk</a> makes such a promise and of the three Smegs listed, prices start at \u00a3659 for the FC 36RX stainless steel model. </p> <p><strong>25</strong> The site above doesn't list Smeg's retro Fab 32 but you can find one at <a href=\"http://www.fhm.co.uk/shop/\">www.fhm.co.uk/shop/</a>, the online outpost of the magazine. The FHM lads seem an unlikely target for such a fridge but the price is good (\u00a31,130). Must be its curves, and its lager-holding capacity. </p> <p><strong>26</strong> <a href=\"http://www.value-direct.co.uk\">www.value-direct.co.uk</a> is another site confident about its pricing. It offers refunds of 110% if you can find the same product cheaper elsewhere, including delivery. This, then, is the place to buy that Dyson vacuum cleaner you've always promised yourself. The stylish no-bag, no-loss-of-suction De Stijl DC04 machine costs \u00a3238.95 (UK delivery is free). </p> <p><strong>27</strong> After all this bargain hunting, time for a splurge. The Cross in Notting Hill is one of the fashion crowd's favourite shops. Set up by Sam Robinson and Sarah Keen, whose friends have handy names like Jemima Khan and Jade Jagger, it sells an eclectic mix of clothes, and things for children and the home. Be tempted by Megan Park's hand-embroidered silk sarong skirt (\u00a3325) at <a href=\"http://www.thecrosscatalogue.com\">www.www.thecrosscatalogue.com</a>, or settle for flower flip-flops at \u00a330. Assuage your guilt by buying something for someone else, a teddy bear with heart, say (\u00a322). </p> <p><strong>28</strong> Stella McCartney, with her Chloe label, is next season's guest designer at La Redoute, a French mail-order catalogue that has gone online at <a href=\"http://www.redoute.co.uk\">www.redoute.co.uk</a> . It is one of the best for affordable but stylish interpretations of designer fashion. Already on the site is a range by Joseph: long flared skirt, \u00a344.99; trousers, \u00a344.99. McCartney's bosses are threatening to make you get a catalogue before you can order the Chloe dress, though (try emailing a request). </p> <p><strong>29</strong> For more designer gear, there's <a href=\"http://www.ghost.co.uk\">www.ghost.co.uk</a>, whose site sells a limited range of its classics (including the straight pant in viscose, \u00a381, and the cowl camisole, \u00a372). </p> <p><strong>30</strong> <a href=\"http://www.diesel.co.uk\">www.diesel.co.uk</a> has a funky site with the latest streetwear. Its Luster jean (\u00a360) promises to \"give delightful female calf muscles just the respect they deserve\". Men can buy the Diesel logo on their workwear pants for a mere \u00a370. </p> <p><strong>31</strong> <a href=\"http://www.boo.com\">www.boo.com</a> also has a great range of urban wear, and the latest in website design. It is especially hot on trainers, with labels such as DKNY, Acupuncture and Jil Sander, but unforgiveably hasn't been set up for Mac users. </p> <p><strong> 32</strong> For reliable everyday clothes for adults and children, <a href=\"http://www.boden.co.uk\">www.boden.co.uk</a> has a good online catalogue and seems to have recovered from its Christmas blips. </p> <p><strong>33</strong> If the funds are falling a little low, time to have a flutter at the online bookmakers <a href=\"http://www.bluesq.com\">www.bluesq.com</a>. </p> <p><strong>34</strong> Plan to make some serious savings on your next car by visiting <a href=\"http://www.oneswoop.com\">www.oneswoop.com</a> . Selling starts on March 1, but you can register now. It is dedicated to using the net to overcome the rip-off dealer network that has forced UK drivers to pay over the odds for their cars. It has a deal with M&amp;S financial services to arrange finance, and delivers direct to your door. So far it can offer Ford, Audi/Volkswagen, Peugeot, Rover and Vauxhall/Opel, but eventually it hopes to sell all models and promises mouthwatering discounts. </p> <p><strong>35</strong> Carphone Ware- house's website, <a href=\"http://www.carphonewarehouse.com\">www.carphonewarehouse.com</a> may not be the easiest to navigate, but the company does promise to refund 110% if you find a phone cheaper elsewhere, and will even monitor prices (and refund the difference with a voucher) three months after your purchase. Order online and its 48-hour delivery service is free, making it the best place to buy Ericsson's dinky and highly desirable new T28 phone (\u00a3249.99), the teenagers' must-have, an Ericsson Chatboard (\u00a319.99) or Nokia's 7110 phone (\u00a3129.99). The Nokia is, so far, the only WAP (wireless application protocol) on the market, allowing you to access a simplified, no-picture version of the internet and send and receive emails. Stock can be a problem on the Nokia. </p> <p><strong>36</strong> The term \"MP3\" is the most searched on the internet, even more than \"sex\", which is saying something. But then MP3 is the technology that is threatening to put the music industry out of business. MP3 players allow you to download music absolutely free from the internet (via a cable attached to your PC) and then play it. You can buy them at the good discount site <a href=\"http://www.unbeatable.co.uk\">www.unbeatable.co.uk</a> (Samsung YPE32 for \u00a3129.99). </p> <p><strong>37</strong> <a href=\"http://www.dixons.co.uk\">www.dixons.co.uk</a> still has an MP3 player, the Diamond-Rio 300, in the sale at \u00a399.99. </p> <p><strong>38</strong> For a list, by music category, of sites where you can download free music, go to <a href=\"http://www.mp3.com\">www.mp3.com</a>. </p> <p><strong>39</strong> How about saying it with flowers? <a href=\"http://www.0800-blossoms.com\">www.0800-blossoms.com</a> knocks the spots off most Interflora bouquets and, though not cheap, provides a fast and reliable service. The \"French country hand-tied posy\" is \u00a335.50 including delivery. </p> <p><strong>40</strong> Feeling lost? The Garmin eMap is a global positioning system receiver which allows you to find out exactly where you're going. It costs \u00a3208.99 for a hand-held one. Or there's the world's first wristwatch designed to receive and process GPS information (\u00a3299). A version for the car costs \u00a3499. Already spotted on smart school runs in London. All from <a href=\"http://www.21store.com\">www.21store.com</a>, a good place for anything electronic. </p> <p><strong>41</strong> Babies can travel in luxury in a Trekker all-terrain buggy, about \u00a3300 from <a href=\"http://www.urchin.co.uk\">www.urchin.co.uk</a>, for \"kids with brattitude\". If they haven't got it already, they will have when you've spent this kind of money on them. This site has an imaginative range of products: the cardboard house is \u00a346, the sheep lamp, \u00a329.99. </p> <p><strong>42</strong> Older kids will start demanding a bike. <a href=\"http://www.wiggle.co.uk\">www.wiggle.co.uk</a> is an all-singing, all-dancing cycle specialist. Refuse requests for the stumpjumper, \u00a3999; settle for the children's Hotrock bike at \u00a3169.99. You can order Durex here too (too late, too late). </p> <p><strong>43</strong> Even cheaper still, tell them to make do with finger bikes - the latest playground craze. A model bike that can perform stunts - heel flips, 50/50 grinds, don't worry, parents aren't meant to understand any of these terms - is available at the excellent toy site, <a href=\"http://www.etoys.co.uk\">www.etoys.co.uk</a>, for \u00a36.99. </p> <p><strong>44</strong> Retreat to the garden. Connect to a full list of all the nurseries selling plants in the country through the Royal Horticultural Society's Plant Finder at <a href=\"http://www.rhs.org.uk\">www.rhs.org.uk</a> . It has links to those that have online sites. Sadly, the RHS site itself is suffering from a touch of blight and is much harder to find your way round than it used to be. </p> <p><strong>45</strong> One of the country's best growers for a wide range of plants is Burncoose. Go to <a href=\"http://www.eclipse.co.uk/burncoose\">www.eclipse.co.uk/burncoose</a> for a Camellia \"E.G Waterhouse\" at \u00a37. </p> <p><strong>46</strong> <a href=\"http://www.oxalis.co.uk\">www.oxalis.co.uk</a> is a portal for 29 nurseries, and though the quality is variable, it has some worthwhile places to visit, particularly for tools. </p> <p><strong>47</strong> Flagging? <a href=\"http://www.ukyes.com\">www.ukyes.com</a><strong> </strong> will sell you Viagra pills in different strengths. You have to fill out a medical checklist for Dr Richard Brye Franklin to review, and the site's security certificate seems to have expired. It also seemed keen to double our order when checked yesterday, but hell . . . </p> <p><strong>48</strong> Beginning to think you need to upgrade your computer? For a full range of manufacturers, check out <a href=\"http://www.dabs.co.uk\">www.dabs.co.uk</a> . The name's daft but the site is highly recommended. </p> <p><strong>49</strong> Overwhelmed? Get away from it all with a train ticket - Paris, Bognor, anywhere - ordered from <a href=\"http://www.thetrainline.com\">www.thetrainline.com</a> . </p> <p><strong>50</strong> But don't forget, if you take that mobile or personal organiser with you on the high street, the Guardian's <a href=\"http://www.shoppingunlimited.co.uk\">www.shoppingunlimited.co.uk</a> is only a click away.</p>",
      "newspaperPageNumber": "11",
      "wordcount": "2490",
      "commentable": "false",
      "isPremoderated": "false",
      "lastModified": "2005-11-03T16:27:38Z",
      "newspaperEditionDate": "2000-01-20T00:00:00Z",
      "productionOffice": "UK",
      "publication": "theguardian.com",
      "shortUrl": "https://gu.com/p/xef27",
      "shouldHideAdverts": "false",
      "showInRelatedContent": "true",
      "legallySensitive": "false",
      "lang": "en",
      "bodyText": "1 Are you sitting comfortably? Start by getting the right seat at www.thechair.co.uk, where you can zoom around and try out modern or classic designs. It has its own very good take on the much-imitated Arne Jacobsen chair Christine Keeler once famously perched on - it's called the Kite, and costs \u00a369. 2 Put on your slippers. www.agentprovocateur.com can supply satin mules with maribou trim (\u00a355), as well as all sorts of expensive underwear. Practical they ain't - but then the company is run by Vivienne Westwood's son, and all you have to do with this kind of shopping is relax, sit back and enjoy it. 3 Fix yourself a drink, courtesy of www.berry-bros.co.uk, one of Britain's oldest and most traditional wine merchants, yet also one of the quickest off the mark to set up a comprehensive website. Scan its bestsellers list for a quaffable merlot Domaine d'Antugnac at \u00a34.95. 4 If you're feeling flush, you'll enjoy www.amivin.com's interpretation of everyday wines \"all under \u00a311.75\". This site gives a guarantee that its prices won't be beaten, and the Errazuriz Sauvignon Blanc at \u00a35.49 goes down a treat. 5 Get yourself a personal organiser so that you can store these web addresses and browse and shop on the bus on the way to work. The Psion Series 7 is about as clever as personal organisers get. As well as standard PC-type applications (word processor, spreadsheet), it has a web browser, email and is the first Psion to have a colour screen. It's available from www.insight.com/uk/ at \u00a3657.99. 6 Rather cheaper is the Psion Revo, selling for \u00a3214.99 at the good computer and electronics site www.microwarehouse.co.uk. The Revo doesn't come with a colour screen, but it will send and receive email if you connect it up to a mobile phone with an infrared port. 7 Book your entertainment for later. www.odeon.com has listings for many of its cinemas and you can order your tickets online. Why not check out Angela's Ashes? 8 Staying in? www.blackstar.co.uk is one of the best sites for videos and DVDs. In case you missed what everyone's been talking about, the video of Ali G Innit is \u00a314.39, and has the best bits from his TV interviews and some footage never broadcast. 9 Line up some food, in case you get carried away by your cybershopping and find it's closing time when you resurface. Sign up for a weekly order of organic fruit and vegetables at www.organicsdirect.co.uk. Don't be put off by the whole-foody nutloaf design on this site, just enjoy knowing you will be supporting small local producers. A standard vegetable box is \u00a314.95. The bread is good too - no arguments about whether fresh means fresh or reheated or half-baked here. 10 www.iceland.co.uk has won the race to be the first major retailer offering online shopping nationwide. It was also the first to take a stand against GM foods. Get it to bring a chicken tikka or a week's supply of fish fingers to your door. (If you are on a Mac, you have to use Netscape Navigator.) 11 If you live in the right postcode, take advantage of Tesco's efforts to fight back against Asda by cutting its prices. www.tescodirect.com can provide you with a van of food and wine fit for the Queen, (or was it the Queen's servants?), and will probably be cheaper than your local supermarket, despite the \u00a35 delivery charge. 12 For a treat, sample some Lakeland organic trout from Hawkshead, at www.edirectory.co.uk/organicfish. It will arrive the next day fresher than the average fish counter offerings. It's just \u00a32.00 for a 392g fish, but with a hefty \u00a38.50 delivery charge, you'll need to order in bulk to make it worthwhile. 13 For meat, www.richardwoodall.co.uk is hard to beat. This company's ham has been served not only to the Queen but also to travellers on Concorde and, less encouragingly, to passengers on the Titanic. Smoked home-cured bacon is a great last meal at \u00a33.34 for a 500g pack. 14 www.realmeat.co.uk is also excellent and has a wider range. 15 Wonderful olive oils are among the range of delicatessen produce available at www.morel.co.uk. The French everyday olive oil comes in a beautiful 1 litre tin costing \u00a36.90. 16 More delicatessen goodies - as well as delicious bread - can be found at www.villagebakery.com . 17 Once the provisioning has been done, you can settle down for some serious spending. Nervous about the phone bill? Go to www.bt.com to change your friends and family discounted numbers. Your chosen \"best friend\" number (which receives a 15% discount) will, of course, be your internet dial-up number. 18 Some things are meant to be expensive. www.ifexonline.co.uk will do you a nice Le Corbusier sofa for \u00a31,200. This site is a vast catalogue of everything from beds to broom cupboards, all top of the range, utterly desirable and liable to break the bank. Tiny pictures prevent excessive salivation. 19 For cheaper cupboards, filing boxes, shoe racks, and all the accessories that would help you organise your life if only you were that kind of person, go to www.theholdingcompany.co.uk. A zinc doctor's cupboard (\u00a3220) could restore you. The owner of the site, being American, is light years ahead of most when it comes to efficient online ordering services. 20 Plain, sensible and affordable is www.mccord.uk.com, where a white shag-pile carpet starts at \u00a319.99. Just remember it's called a Flokati rug now. 21 For an affordable yet collectible piece of modern design, look at Ella Doran's table mats, \u00a329.50 for six on www.bluedeco.com. 22 Bag a bit of design history by visiting the second-hand designer furniture shop www.eatmyhandbagbitch.co.uk for a System 1-2-3 Armchair by Verner Panton, great condition, a snip at \u00a3750 (that Panton exhibition at the Design Museum last year did wonders for prices, wouldn't you know), or an Eero Saarinen tulip chair at \u00a3225. (Online browsing, email ordering.) 23 The self-respecting kitchen is supposed to have a Dualit toaster these days. The assembler's individual mark is on the base plate, and they are even made from the same heat-proof material as used in the space shuttle (nothing being too good to launch your day). You can read all about them at www.dualit.com, then buy one cheap at www.ogormans.co.uk (from \u00a3100 for a two-slicer, to \u00a3250 for a four-slice sandwich). 24 \"We won't be beaten on price\" is the kind of reassurance canny shoppers like to hear, especially if they have an extravagance in mind such as a stylish Smeg fridge. www.electric-shop.co.uk makes such a promise and of the three Smegs listed, prices start at \u00a3659 for the FC 36RX stainless steel model. 25 The site above doesn't list Smeg's retro Fab 32 but you can find one at www.fhm.co.uk/shop/, the online outpost of the magazine. The FHM lads seem an unlikely target for such a fridge but the price is good (\u00a31,130). Must be its curves, and its lager-holding capacity. 26 www.value-direct.co.uk is another site confident about its pricing. It offers refunds of 110% if you can find the same product cheaper elsewhere, including delivery. This, then, is the place to buy that Dyson vacuum cleaner you've always promised yourself. The stylish no-bag, no-loss-of-suction De Stijl DC04 machine costs \u00a3238.95 (UK delivery is free). 27 After all this bargain hunting, time for a splurge. The Cross in Notting Hill is one of the fashion crowd's favourite shops. Set up by Sam Robinson and Sarah Keen, whose friends have handy names like Jemima Khan and Jade Jagger, it sells an eclectic mix of clothes, and things for children and the home. Be tempted by Megan Park's hand-embroidered silk sarong skirt (\u00a3325) at www.www.thecrosscatalogue.com, or settle for flower flip-flops at \u00a330. Assuage your guilt by buying something for someone else, a teddy bear with heart, say (\u00a322). 28 Stella McCartney, with her Chloe label, is next season's guest designer at La Redoute, a French mail-order catalogue that has gone online at www.redoute.co.uk . It is one of the best for affordable but stylish interpretations of designer fashion. Already on the site is a range by Joseph: long flared skirt, \u00a344.99; trousers, \u00a344.99. McCartney's bosses are threatening to make you get a catalogue before you can order the Chloe dress, though (try emailing a request). 29 For more designer gear, there's www.ghost.co.uk, whose site sells a limited range of its classics (including the straight pant in viscose, \u00a381, and the cowl camisole, \u00a372). 30 www.diesel.co.uk has a funky site with the latest streetwear. Its Luster jean (\u00a360) promises to \"give delightful female calf muscles just the respect they deserve\". Men can buy the Diesel logo on their workwear pants for a mere \u00a370. 31 www.boo.com also has a great range of urban wear, and the latest in website design. It is especially hot on trainers, with labels such as DKNY, Acupuncture and Jil Sander, but unforgiveably hasn't been set up for Mac users. 32 For reliable everyday clothes for adults and children, www.boden.co.uk has a good online catalogue and seems to have recovered from its Christmas blips. 33 If the funds are falling a little low, time to have a flutter at the online bookmakers www.bluesq.com. 34 Plan to make some serious savings on your next car by visiting www.oneswoop.com . Selling starts on March 1, but you can register now. It is dedicated to using the net to overcome the rip-off dealer network that has forced UK drivers to pay over the odds for their cars. It has a deal with M&amp;S financial services to arrange finance, and delivers direct to your door. So far it can offer Ford, Audi/Volkswagen, Peugeot, Rover and Vauxhall/Opel, but eventually it hopes to sell all models and promises mouthwatering discounts. 35 Carphone Ware- house's website, www.carphonewarehouse.com may not be the easiest to navigate, but the company does promise to refund 110% if you find a phone cheaper elsewhere, and will even monitor prices (and refund the difference with a voucher) three months after your purchase. Order online and its 48-hour delivery service is free, making it the best place to buy Ericsson's dinky and highly desirable new T28 phone (\u00a3249.99), the teenagers' must-have, an Ericsson Chatboard (\u00a319.99) or Nokia's 7110 phone (\u00a3129.99). The Nokia is, so far, the only WAP (wireless application protocol) on the market, allowing you to access a simplified, no-picture version of the internet and send and receive emails. Stock can be a problem on the Nokia. 36 The term \"MP3\" is the most searched on the internet, even more than \"sex\", which is saying something. But then MP3 is the technology that is threatening to put the music industry out of business. MP3 players allow you to download music absolutely free from the internet (via a cable attached to your PC) and then play it. You can buy them at the good discount site www.unbeatable.co.uk (Samsung YPE32 for \u00a3129.99). 37 www.dixons.co.uk still has an MP3 player, the Diamond-Rio 300, in the sale at \u00a399.99. 38 For a list, by music category, of sites where you can download free music, go to www.mp3.com. 39 How about saying it with flowers? www.0800-blossoms.com knocks the spots off most Interflora bouquets and, though not cheap, provides a fast and reliable service. The \"French country hand-tied posy\" is \u00a335.50 including delivery. 40 Feeling lost? The Garmin eMap is a global positioning system receiver which allows you to find out exactly where you're going. It costs \u00a3208.99 for a hand-held one. Or there's the world's first wristwatch designed to receive and process GPS information (\u00a3299). A version for the car costs \u00a3499. Already spotted on smart school runs in London. All from www.21store.com, a good place for anything electronic. 41 Babies can travel in luxury in a Trekker all-terrain buggy, about \u00a3300 from www.urchin.co.uk, for \"kids with brattitude\". If they haven't got it already, they will have when you've spent this kind of money on them. This site has an imaginative range of products: the cardboard house is \u00a346, the sheep lamp, \u00a329.99. 42 Older kids will start demanding a bike. www.wiggle.co.uk is an all-singing, all-dancing cycle specialist. Refuse requests for the stumpjumper, \u00a3999; settle for the children's Hotrock bike at \u00a3169.99. You can order Durex here too (too late, too late). 43 Even cheaper still, tell them to make do with finger bikes - the latest playground craze. A model bike that can perform stunts - heel flips, 50/50 grinds, don't worry, parents aren't meant to understand any of these terms - is available at the excellent toy site, www.etoys.co.uk, for \u00a36.99. 44 Retreat to the garden. Connect to a full list of all the nurseries selling plants in the country through the Royal Horticultural Society's Plant Finder at www.rhs.org.uk . It has links to those that have online sites. Sadly, the RHS site itself is suffering from a touch of blight and is much harder to find your way round than it used to be. 45 One of the country's best growers for a wide range of plants is Burncoose. Go to www.eclipse.co.uk/burncoose for a Camellia \"E.G Waterhouse\" at \u00a37. 46 www.oxalis.co.uk is a portal for 29 nurseries, and though the quality is variable, it has some worthwhile places to visit, particularly for tools. 47 Flagging? www.ukyes.com will sell you Viagra pills in different strengths. You have to fill out a medical checklist for Dr Richard Brye Franklin to review, and the site's security certificate seems to have expired. It also seemed keen to double our order when checked yesterday, but hell . . . 48 Beginning to think you need to upgrade your computer? For a full range of manufacturers, check out www.dabs.co.uk . The name's daft but the site is highly recommended. 49 Overwhelmed? Get away from it all with a train ticket - Paris, Bognor, anywhere - ordered from www.thetrainline.com . 50 But don't forget, if you take that mobile or personal organiser with you on the high street, the Guardian's www.shoppingunlimited.co.uk is only a click away.",
      "charCount": "13869"
    },
    "isHosted": false,
    "pillarId": "pillar/lifestyle",
    "pillarName": "Lifestyle"
  },
  {
    "id": "media/2000/jan/20/tvandradio.television3",
    "type": "article",
    "sectionId": "theguardian",
    "sectionName": "From the Guardian",
    "webPublicationDate": "2000-01-20T02:12:30Z",
    "webTitle": "The price is right",
    "webUrl": "https://www.theguardian.com/media/2000/jan/20/tvandradio.television3",
    "apiUrl": "https://content.guardianapis.com/media/2000/jan/20/tvandradio.television3",
    "fields": {
      "headline": "The price is right",
      "standfirst": "Which actor will return, in 2002, to the TV role that first made them famous?",
      "trailText": "<p>Which actor will return, in 2002, to the TV role that first made them famous?</p>",
      "byline": "Jennifer Rodger",
      "main": "",
      "body": "<p><strong> Joe Absolom as Matthew Rose (EastEnders) 7/4 </strong></p> <p><strong>David Duchovny as Fox Mulder (X Files) 3/1 </strong></p> <p><strong>George Clooney as Dr Doug Ross (ER) 3/1</strong> </p> <p>This week Daniella Westbrook announced a fourth departure from the part of stroppy Sam in EastEnders, complete with an open door for her return. A good deal done, but what are the chances of other actors returning to the staid soap roles that made them stars, asks Ladbrokes' entertainment odds compiler, Ed Nicholson. </p> <p>Once again the word is out that George Clooney may go back to ER as heartthrob rogue Dr Doug Ross. Though the rumours are well timed, as a new series has just begun on Sky One, Ed doesn't think the story has much substance. </p> <p>\"I can't see him making a one-off appearance\", says Ed, referring to Juliana Maguilie's (Nurse Hathaway) remarks that Clooney might pop back and show Ross isn't a \"deadbeat dad\". \"I don't think he'll go backwards, and it's really only likely to happen if there was a film of ER\", Ed concludes. </p> <p>In October Joe Absolom announced he was quitting EastEnders, just after his charactor Matthew Rose was framed for manslaughter. Joe told bosses he wanted to concentrate on a musical career with his band Hung Up. </p> <p>Martine McCutcheon left for similar reasons, \"but where Martine's character is dead, there is a history of EastEnders management leaving the door ajar for young stars to come back\", says Ed. </p> <p>David Duchovny, on the other hand, has bitter relations on the other side of the camera - he has made unpleasant comments about Gillian Anderson, and has a bitter lawsuit with the programme makers. </p> <p>\"There has also been plenty written about him wanting to go back into cinema,\" says Ed. \"And the entire X Files programme is in the balance, after the announcement a couple of months ago that Gillian Anderson is quitting. Obviously their relationship is pivotal. Fans can only hope that if Mulder disappears it's under the guise of taking time off.\"</p>",
      "newspaperPageNumber": "22",
      "wordcount": "334",
      "commentable": "false",
      "isPremoderated": "false",
      "lastModified": "2017-12-19T22:49:53Z",
      "newspaperEditionDate": "2000-01-20T00:00:00Z",
      "productionOffice": "UK",
      "publication": "theguardian.com",
      "shortUrl": "https://gu.com/p/3xa8",
      "shouldHideAdverts": "false",
      "showInRelatedContent": "true",
      "legallySensitive": "false",
      "lang": "en",
      "bodyText": "Joe Absolom as Matthew Rose (EastEnders) 7/4 David Duchovny as Fox Mulder (X Files) 3/1 George Clooney as Dr Doug Ross (ER) 3/1 This week Daniella Westbrook announced a fourth departure from the part of stroppy Sam in EastEnders, complete with an open door for her return. A good deal done, but what are the chances of other actors returning to the staid soap roles that made them stars, asks Ladbrokes' entertainment odds compiler, Ed Nicholson. Once again the word is out that George Clooney may go back to ER as heartthrob rogue Dr Doug Ross. Though the rumours are well timed, as a new series has just begun on Sky One, Ed doesn't think the story has much substance. \"I can't see him making a one-off appearance\", says Ed, referring to Juliana Maguilie's (Nurse Hathaway) remarks that Clooney might pop back and show Ross isn't a \"deadbeat dad\". \"I don't think he'll go backwards, and it's really only likely to happen if there was a film of ER\", Ed concludes. In October Joe Absolom announced he was quitting EastEnders, just after his charactor Matthew Rose was framed for manslaughter. Joe told bosses he wanted to concentrate on a musical career with his band Hung Up. Martine McCutcheon left for similar reasons, \"but where Martine's character is dead, there is a history of EastEnders management leaving the door ajar for young stars to come back\", says Ed. David Duchovny, on the other hand, has bitter relations on the other side of the camera - he has made unpleasant comments about Gillian Anderson, and has a bitter lawsuit with the programme makers. \"There has also been plenty written about him wanting to go back into cinema,\" says Ed. \"And the entire X Files programme is in the balance, after the announcement a couple of months ago that Gillian Anderson is quitting. Obviously their relationship is pivotal. Fans can only hope that if Mulder disappears it's under the guise of taking time off.\"",
      "charCount": "1915"
    },
    "isHosted": false,
    "pillarId": "pillar/news",
    "pillarName": "News"
  },
  {
    "id": "theguardian/2000/jan/20/correctionsandclarifications",
    "type": "article",
    "sectionId": "news",
    "sectionName": "News",
    "webPublicationDate": "2000-01-20T02:12:14Z",
    "webTitle": "Corrections and clarifications",
    "webUrl": "https://www.theguardian.com/theguardian/2000/jan/20/correctionsandclarifications",
    "apiUrl": "https://content.guardianapis.com/theguardian/2000/jan/20/correctionsandclarifications",
    "fields": {
      "headline": "Corrections and clarifications",
      "trailText": "&#149; A graph showing the decline in the price of cocoa beans against the rise in the price of a Mars Bar over the past 25 years, page 13, Guardian Education, January 18, neglected to say that the vertical scale was calibrated in US dollars per ton of cocoa beans.",
      "main": "",
      "body": "\u0095 A graph showing the decline in the price of cocoa beans against the rise in the price of a Mars Bar over the past 25 years, page 13, Guardian Education, January 18, neglected to say that the vertical scale was calibrated in US dollars per ton of cocoa beans. <p>\u0095 An article headed Plus points, pages 2H and 3H, Guardian Higher, January 18, was minus its ending. It should have concluded, \"In the mathematical sciences less than 5% of graduates are still seeking jobs after university. A panel on page 3H of Guardian Higher, January 18, showed the percentage of graduates in various subjects unemployed after six months (not employed, as the table seemed to indicate).</p> <p>\u0095 We misspelt the name of Helen Liddell in a letter, page 17, January 18. Apologies to her and to the writer of the letter, Sir Michael Scholar. </p> <p>\u0095 Apologies to readers of early editions, January 17, whose attention was drawn, page 10, to the \"huge Ironic columns\" of Manchester city art gallery. The Ionic columns were back in place for later editions. </p> <p>\u0095 Aggressive instruction for those preparing to travel abroad (page 3, Office hours, January 17): Charge batteries and take combatible plugs. </p> <p>\u0095 In our television notes, page 24, G2, yesterday, we said that three MPs who spent a few days as students at the University of Luton on its media arts course, mucked in on assignments and enjoyed \"a few heavily subsided pints ...\" In addition, we got wrong the name of one of the MPs, Fiona Mactaggart. We called her Anne. Apologies. </p> <p>It is the policy of the Guardian to correct significant errors as soon as possible. Please quote the date and page number. Readers may contact the office of the Readers' Editor by telephoning 0171 239 9589 between 11am and 5pm Monday to Friday. Surface mail to Readers' Editor, The Guardian, 119 Farringdon Road, London EC1R 3ER. Fax 0171 239 9897. Email: <a href=\"mailto:reader@theguardian.com\">reader@theguardian.com</a></p>",
      "newspaperPageNumber": "23",
      "wordcount": "320",
      "commentable": "false",
      "isPremoderated": "false",
      "lastModified": "2000-01-20T02:12:14Z",
      "newspaperEditionDate": "2000-01-20T00:00:00Z",
      "productionOffice": "UK",
      "publication": "theguardian.com",
      "shortUrl": "https://gu.com/p/hvnc",
      "shouldHideAdverts": "false",
      "showInRelatedContent": "true",
      "legallySensitive": "false",
      "lang": "en",
      "bodyText": "\u0095 A graph showing the decline in the price of cocoa beans against the rise in the price of a Mars Bar over the past 25 years, page 13, Guardian Education, January 18, neglected to say that the vertical scale was calibrated in US dollars per ton of cocoa beans. \u0095 An article headed Plus points, pages 2H and 3H, Guardian Higher, January 18, was minus its ending. It should have concluded, \"In the mathematical sciences less than 5% of graduates are still seeking jobs after university. A panel on page 3H of Guardian Higher, January 18, showed the percentage of graduates in various subjects unemployed after six months (not employed, as the table seemed to indicate). \u0095 We misspelt the name of Helen Liddell in a letter, page 17, January 18. Apologies to her and to the writer of the letter, Sir Michael Scholar. \u0095 Apologies to readers of early editions, January 17, whose attention was drawn, page 10, to the \"huge Ironic columns\" of Manchester city art gallery. The Ionic columns were back in place for later editions. \u0095 Aggressive instruction for those preparing to travel abroad (page 3, Office hours, January 17): Charge batteries and take combatible plugs. \u0095 In our television notes, page 24, G2, yesterday, we said that three MPs who spent a few days as students at the University of Luton on its media arts course, mucked in on assignments and enjoyed \"a few heavily subsided pints ...\" In addition, we got wrong the name of one of the MPs, Fiona Mactaggart. We called her Anne. Apologies. It is the policy of the Guardian to correct significant errors as soon as possible. Please quote the date and page number. Readers may contact the office of the Readers' Editor by telephoning 0171 239 9589 between 11am and 5pm Monday to Friday. Surface mail to Readers' Editor, The Guardian, 119 Farringdon Road, London EC1R 3ER. Fax 0171 239 9897. Email: reader@theguardian.com",
      "charCount": "1876"
    },
    "isHosted": false,
    "pillarId": "pillar/news",
    "pillarName": "News"
  },
  {
    "id": "business/2000/jan/20/2",
    "type": "article",
    "sectionId": "business",
    "sectionName": "Business",
    "webPublicationDate": "2000-01-20T02:12:09Z",
    "webTitle": "Oil rig plan may help environment",
    "webUrl": "https://www.theguardian.com/business/2000/jan/20/2",
    "apiUrl": "https://content.guardianapis.com/business/2000/jan/20/2",
    "fields": {
      "headline": "Oil rig plan may help environment",
      "trailText": "<p>A plan to divert &#163;1bn from the coffers of oil companies to an environment fund will be put to the UK Offshore Operators Association at a conference today. </p>",
      "byline": "Paul Brown, Environment Correspondent",
      "main": "",
      "body": "<p>A plan to divert \u00a31bn from the coffers of oil companies to an environment fund will be put to the UK Offshore Operators Association at a conference today. </p> <p>John Prescott, the deputy prime minister, has already expressed an interest in the scheme which is the brainchild of environmentalist David Bellamy and Pete Wilkinson, a former director of Greenpeace. </p> <p>The oil industry is now committed to moving 250 old gas and oil rigs from the North Sea to land for disposal at a cost of around \u00a320bn. </p> <p>Mr Bellamy and Mr Wilkinson think leaving the bases where they are or towing them all to one area to act as a haven for fish is a better idea than lifting them to land. </p> <p>This \"elephants graveyard\" for old rigs could be marked on charts to avoid it becoming a hazard to shipping. </p> <p>The idea is to divert the money saved in not bringing the legs to land into a super-fund for the environment. This fund would be the largest sum of money ever devoted to environmental improvement. </p> <p>The plan is controversial because the government's policy now is to dispose of all old rigs on land. </p> <p>Following the row over plans to dump the Brent Spar oil storage platform at sea the North Sea Conference of 16 European nations decided two years ago that all oil platforms could not be dumped at sea, a decision Mr Wilkinson said was political rather than based on environmental concerns. </p> <p>Tim Watson, chairman of the Recommissioning Partnership, a company which wants to refurbish and re-use old oil platforms, endorsed the idea. \"As far as I can see everyone would gain,\" he said. </p> <p>\"The carrot for the oil companies would be that the super-fund would get slightly less cash than they would otherwise have had to spend on getting rid of the legs of the rig, but the environment would gain a huge sum to spend on projects that would otherwise not be funded.\"</p>",
      "newspaperPageNumber": "26",
      "wordcount": "326",
      "commentable": "false",
      "isPremoderated": "false",
      "lastModified": "2000-01-20T02:12:09Z",
      "newspaperEditionDate": "2000-01-20T00:00:00Z",
      "productionOffice": "UK",
      "publication": "theguardian.com",
      "shortUrl": "https://gu.com/p/3xad",
      "shouldHideAdverts": "false",
      "showInRelatedContent": "true",
      "legallySensitive": "false",
      "lang": "en",
      "bodyText": "A plan to divert \u00a31bn from the coffers of oil companies to an environment fund will be put to the UK Offshore Operators Association at a conference today. John Prescott, the deputy prime minister, has already expressed an interest in the scheme which is the brainchild of environmentalist David Bellamy and Pete Wilkinson, a former director of Greenpeace. The oil industry is now committed to moving 250 old gas and oil rigs from the North Sea to land for disposal at a cost of around \u00a320bn. Mr Bellamy and Mr Wilkinson think leaving the bases where they are or towing them all to one area to act as a haven for fish is a better idea than lifting them to land. This \"elephants graveyard\" for old rigs could be marked on charts to avoid it becoming a hazard to shipping. The idea is to divert the money saved in not bringing the legs to land into a super-fund for the environment. This fund would be the largest sum of money ever devoted to environmental improvement. The plan is controversial because the government's policy now is to dispose of all old rigs on land. Following the row over plans to dump the Brent Spar oil storage platform at sea the North Sea Conference of 16 European nations decided two years ago that all oil platforms could not be dumped at sea, a decision Mr Wilkinson said was political rather than based on environmental concerns. Tim Watson, chairman of the Recommissioning Partnership, a company which wants to refurbish and re-use old oil platforms, endorsed the idea. \"As far as I can see everyone would gain,\" he said. \"The carrot for the oil companies would be that the super-fund would get slightly less cash than they would otherwise have had to spend on getting rid of the legs of the rig, but the environment would gain a huge sum to spend on projects that would otherwise not be funded.\"",
      "charCount": "1824"
    },
    "isHosted": false,
    "pillarId": "pillar/news",
    "pillarName": "News"
  }
]