[
  {
    "id": "football/2000/jun/02/sport.fridayflutter",
    "type": "article",
    "sectionId": "football",
    "sectionName": "Football",
    "webPublicationDate": "2000-06-02T22:54:14Z",
    "webTitle": "Baby-faced assassin over-priced for Euro 2000",
    "webUrl": "https://www.theguardian.com/football/2000/jun/02/sport.fridayflutter",
    "apiUrl": "https://content.guardianapis.com/football/2000/jun/02/sport.fridayflutter",
    "fields": {
      "headline": "Baby-faced assassin over-priced for Euro 2000",
      "standfirst": "Mike Hodgkinson, our man with a clog in one hand and a box of luxury chocolates in the other, points out the value bets for Euro 2000, before having a good old bitch about the result of this year's Eurovision Song Contest",
      "trailText": "<p>Our man with a clog in one hand and a box of luxury chocolates in the other, points out the value bets for Euro 2000, before having a good old bitch about the result of this year's Eurovision Song Contest.</p>",
      "main": "",
      "body": "<p>Apart from paying their respects at the bar where Oliver Reed had his last drink, England's merry men will also be required to turn out against Malta's national football side on Saturday. The white shirts are sure to win but the fear of picking up injuries could let the home side in for a jammy goal. As the only bet worth chancing here is the correct score, try 1-4. Keegan will want to get another run under Robbie Fowler's belt but should he choose to start with Kevin Phillips, take the Sunderland striker to be the first to ripple Maltese netting.</p> <p>All in all, it's best to go easy this weekend and hold off on your big ante-post Euro 2000 wagers for another few days. The top scorer market hasn't fully settled yet, but the 50-1 (Hills) offered about baby-faced assassin Ole Gunnar Solskjaer really catches the eye. If Spain get up to their usual big competition antics, it's not beyond the bounds of reason to suppose that Norway could take Group C, and if that happens Manchester United's super-saviour should only need a couple more goals to clinch it. Alan Shearer took the honours at Euro 96 with a grand tally of six, so if you take Norway to get at least as far as the semis, stake your money on Ole. A brace from him against Slovenia early doors will do very nicely, thank you.</p> <p>Naturally, if you're tempted to back Solskjaer it's also worth taking Norway each way at 28s with Coral. They're as low as 16s with some other firms and when you see a gap that big you're assured, at the very least, of value. Coach Nils Johan Semb's squad, which contains eight Premiership players, will attempt to continue Norway's fine current record. They've lost just three of their 25 games since the 1998 World Cup.</p> <p>As for other possible winners, go easy on heavyweights Holland and Spain, even though one from those two is nailed on to reach the final. Take instead the each-way 20s about the Czech Republic (Coral). They're the reigning runners-up and coach Jozef Chovanec says he is \"very satisfied\" with the team - great news that, in a straw-clutching sort of way.</p> <p>Chovanec may, however, miss girl-haired Liverpool star Patrick Berger, who has been suspended for the Czech Republic's two opening games. Like an utter fool, Berger was sent off during the final qualifying game against the Faroe Islands, of all teams. His madness was the only blot on an impressive record of ten straight wins. That kind of form shouldn't be taken lightly.</p> <p>If Sweden weren't so riddled with injury, they'd also be worth chancing at 20s bearing in mind the problems they gave England during qualification. They won Group Five, but they'll find it tougher now without Stefan Schwarz, Pontus Kaamark and Andreas Andersson. Striker Henrik Larsson has still not fully recovered from his nightmare leg injury, so where will the goals come from?</p> <p>Nowhere, probably. Sweden's highlight for this year will remain their competent hosting of Eurovision 2000. How those crooning Danes stole it we'll never know. Russia was robbed.</p>",
      "wordcount": "523",
      "commentable": "false",
      "isPremoderated": "false",
      "lastModified": "2018-02-22T10:55:05Z",
      "newspaperEditionDate": "2000-06-02T00:00:00Z",
      "productionOffice": "UK",
      "publication": "theguardian.com",
      "shortUrl": "https://gu.com/p/x4eqn",
      "shouldHideAdverts": "false",
      "showInRelatedContent": "true",
      "legallySensitive": "false",
      "lang": "en",
      "bodyText": "Apart from paying their respects at the bar where Oliver Reed had his last drink, England's merry men will also be required to turn out against Malta's national football side on Saturday. The white shirts are sure to win but the fear of picking up injuries could let the home side in for a jammy goal. As the only bet worth chancing here is the correct score, try 1-4. Keegan will want to get another run under Robbie Fowler's belt but should he choose to start with Kevin Phillips, take the Sunderland striker to be the first to ripple Maltese netting. All in all, it's best to go easy this weekend and hold off on your big ante-post Euro 2000 wagers for another few days. The top scorer market hasn't fully settled yet, but the 50-1 (Hills) offered about baby-faced assassin Ole Gunnar Solskjaer really catches the eye. If Spain get up to their usual big competition antics, it's not beyond the bounds of reason to suppose that Norway could take Group C, and if that happens Manchester United's super-saviour should only need a couple more goals to clinch it. Alan Shearer took the honours at Euro 96 with a grand tally of six, so if you take Norway to get at least as far as the semis, stake your money on Ole. A brace from him against Slovenia early doors will do very nicely, thank you. Naturally, if you're tempted to back Solskjaer it's also worth taking Norway each way at 28s with Coral. They're as low as 16s with some other firms and when you see a gap that big you're assured, at the very least, of value. Coach Nils Johan Semb's squad, which contains eight Premiership players, will attempt to continue Norway's fine current record. They've lost just three of their 25 games since the 1998 World Cup. As for other possible winners, go easy on heavyweights Holland and Spain, even though one from those two is nailed on to reach the final. Take instead the each-way 20s about the Czech Republic (Coral). They're the reigning runners-up and coach Jozef Chovanec says he is \"very satisfied\" with the team - great news that, in a straw-clutching sort of way. Chovanec may, however, miss girl-haired Liverpool star Patrick Berger, who has been suspended for the Czech Republic's two opening games. Like an utter fool, Berger was sent off during the final qualifying game against the Faroe Islands, of all teams. His madness was the only blot on an impressive record of ten straight wins. That kind of form shouldn't be taken lightly. If Sweden weren't so riddled with injury, they'd also be worth chancing at 20s bearing in mind the problems they gave England during qualification. They won Group Five, but they'll find it tougher now without Stefan Schwarz, Pontus Kaamark and Andreas Andersson. Striker Henrik Larsson has still not fully recovered from his nightmare leg injury, so where will the goals come from? Nowhere, probably. Sweden's highlight for this year will remain their competent hosting of Eurovision 2000. How those crooning Danes stole it we'll never know. Russia was robbed.",
      "charCount": "3002"
    },
    "isHosted": false,
    "pillarId": "pillar/sport",
    "pillarName": "Sport"
  },
  {
    "id": "business/2000/jun/02/8",
    "type": "article",
    "sectionId": "business",
    "sectionName": "Business",
    "webPublicationDate": "2000-06-02T00:03:54Z",
    "webTitle": "Movers",
    "webUrl": "https://www.theguardian.com/business/2000/jun/02/8",
    "apiUrl": "https://content.guardianapis.com/business/2000/jun/02/8",
    "fields": {
      "headline": "Movers",
      "trailText": "<p><strong> Railtrack</strong> 's profits might be falling, the national transport infrastructure might need billions invested to make it safe, let alone more efficient, and yet its share price rose comfortably yesterday. </p>",
      "main": "",
      "body": "<p><strong> Railtrack</strong> 's profits might be falling, the national transport infrastructure might need billions invested to make it safe, let alone more efficient, and yet its share price rose comfortably yesterday. </p> <p>Dealers claimed that Railtrack was worth its positive movement because its poor figures were far from unexpected. One would have thought, however, that a pre-tax profit of \u00a3421m, propped up as it is by subsidies, plus the revelation that the eventual figure will be lower once exceptionals are accounted for, might have hindered support. </p> <p>More pertinent, in traders' minds, then, might be the very clear indication by the chief executive, Gerald Corbett, that money for reinvest ment will have to come from the public coffers, reversing the decline in public subsidy to the railways. </p> <p>It is almost as if the railways never stopped being a nationalised industry: poor service, huge drain on the taxpayer, whingeing management. However, shareholders are doing well enough - the price rose 32p to 872p. </p> <p>The FTSE 100 index as a whole closed 111.2 points firmer at 6,470.2, while the Techmark 100 index rose 95.70 points at 3,351.95. </p> <p>One of the few marketing moving moves of the day was the surprise bid for property company <strong> MEPC</strong>, which rose 101.25p to 541.25p. A couple of weeks ago a story had been circulating that a big property deal was in the offing, with Land Securities the centre of the speculation. However, time and yesterday's announcement have revealed that that deal which would not quite show itself was the \u00a31.9bn bid for MEPC from Leconport Estates, a joint venture formed by GE Capital and Hermes Venture. </p> <p>Also in the property sector, <strong> British Land</strong> bounced back after the previous day's post-result falls to rise 25p to 425p. </p> <p><strong> South African Breweries</strong> also firmed, rising 2p to 411p - after it posted forecast busting full year figures, with pre-tax profit of \u00a3844m - \u00a3717m better than last year. </p> <p><strong> Boots</strong> , despite lots of whizzy ideas surrounding two of the greatest fads in Britain today, the net and our health, lost 44.5p to 512.5p. </p> <p>Tech and media stocks had one of their better days: <strong> Telewest</strong> rose 30p to 302p, <strong> Baltimore</strong> added 57p to 512p, <strong> Sage Group</strong> firmed 37.5p to 686p and <strong> BSkyB</strong> rose 100p to \u00a313.25. The continued speculation about Freeserve's future again aided <strong> Dixons</strong>, up 13.75p at 330.25p. </p> <p>Bucking the trend was <strong> Lastminute.com</strong>, off 6.5p at 131.5p, despite Lehman Brothers giving it a \"buy\" rating and a price target of 300p.</p>",
      "newspaperPageNumber": "30",
      "wordcount": "426",
      "commentable": "false",
      "isPremoderated": "false",
      "lastModified": "2000-06-02T00:03:54Z",
      "newspaperEditionDate": "2000-06-02T00:00:00Z",
      "productionOffice": "UK",
      "publication": "theguardian.com",
      "shortUrl": "https://gu.com/p/38e8",
      "shouldHideAdverts": "false",
      "showInRelatedContent": "true",
      "legallySensitive": "false",
      "lang": "en",
      "bodyText": "Railtrack 's profits might be falling, the national transport infrastructure might need billions invested to make it safe, let alone more efficient, and yet its share price rose comfortably yesterday. Dealers claimed that Railtrack was worth its positive movement because its poor figures were far from unexpected. One would have thought, however, that a pre-tax profit of \u00a3421m, propped up as it is by subsidies, plus the revelation that the eventual figure will be lower once exceptionals are accounted for, might have hindered support. More pertinent, in traders' minds, then, might be the very clear indication by the chief executive, Gerald Corbett, that money for reinvest ment will have to come from the public coffers, reversing the decline in public subsidy to the railways. It is almost as if the railways never stopped being a nationalised industry: poor service, huge drain on the taxpayer, whingeing management. However, shareholders are doing well enough - the price rose 32p to 872p. The FTSE 100 index as a whole closed 111.2 points firmer at 6,470.2, while the Techmark 100 index rose 95.70 points at 3,351.95. One of the few marketing moving moves of the day was the surprise bid for property company MEPC, which rose 101.25p to 541.25p. A couple of weeks ago a story had been circulating that a big property deal was in the offing, with Land Securities the centre of the speculation. However, time and yesterday's announcement have revealed that that deal which would not quite show itself was the \u00a31.9bn bid for MEPC from Leconport Estates, a joint venture formed by GE Capital and Hermes Venture. Also in the property sector, British Land bounced back after the previous day's post-result falls to rise 25p to 425p. South African Breweries also firmed, rising 2p to 411p - after it posted forecast busting full year figures, with pre-tax profit of \u00a3844m - \u00a3717m better than last year. Boots , despite lots of whizzy ideas surrounding two of the greatest fads in Britain today, the net and our health, lost 44.5p to 512.5p. Tech and media stocks had one of their better days: Telewest rose 30p to 302p, Baltimore added 57p to 512p, Sage Group firmed 37.5p to 686p and BSkyB rose 100p to \u00a313.25. The continued speculation about Freeserve's future again aided Dixons, up 13.75p at 330.25p. Bucking the trend was Lastminute.com, off 6.5p at 131.5p, despite Lehman Brothers giving it a \"buy\" rating and a price target of 300p.",
      "charCount": "2442"
    },
    "isHosted": false,
    "pillarId": "pillar/news",
    "pillarName": "News"
  }
]