[
  {
    "id": "technology/2000/jun/09/microsoft.news",
    "type": "article",
    "sectionId": "technology",
    "sectionName": "Technology",
    "webPublicationDate": "2000-06-09T15:01:46Z",
    "webTitle": "A high price for hubris",
    "webUrl": "https://www.theguardian.com/technology/2000/jun/09/microsoft.news",
    "apiUrl": "https://content.guardianapis.com/technology/2000/jun/09/microsoft.news",
    "fields": {
      "headline": "A high price for hubris",
      "standfirst": "Microsoft brought this fate on itself<br/><br/><a href=\"http://www.guardianunlimited.co.uk/microsoft/0,2759,58235,00.html\">The future of Microsoft: special report </a>",
      "trailText": "<p>Microsoft has got no more than it deserves. Its arrogance in refusing to admit any of the serious charges against it has goaded Judge Thomas Penfield Jackson, a conservative Reaganite appointment, into inflicting a more severe penalty than would have happened had the software company shown any serious sign of regret or even of willingness to meet half way. Now, unless an appeal court or the supreme court overturns the judgment, Microsoft will be split into two separate companies.</p>",
      "main": "",
      "body": "<p>Microsoft has got no more than it deserves. Its arrogance in refusing to admit any of the serious charges against it has goaded Judge Thomas Penfield Jackson, a conservative Reaganite appointment, into inflicting a more severe penalty than would have happened had the software company shown any serious sign of regret or even of willingness to meet half way. Now, unless an appeal court or the supreme court overturns the judgment, Microsoft will be split into two separate companies. One company will house the Windows operating system and the other, much the more attractive option, when the dominance of personal computers is under attack from the internet and other platforms, will take over the applications. Both will still be monopolies. Windows resides in over 90% of the world's PCs and Excel and Word have an even bigger share of of the spreadsheet and word processing markets. </p> <p>What will happen? No one really knows. It will depend on human behaviour. It is possible that the two new companies will act like Siamese twins or parallel monopolies, each feeding off the other's monopoly position: new versions of the applications could boost demand for a more advanced version of Windows, and vice versa. If both are run by Microsoft's existing top brass, imbued with its culture, that could easily happen. </p> <p>The more exciting scenario is that, once freed from umbilical linkage to Windows, the applications company would start to sell its products (and lots of new ones) much more aggressively for other operating systems - like the freely available Linux. It could also unleash more of the huge creative and entrepreneurial talent concentrated at the company's campus, where there is more intellectual fire power per square yard than at almost any other big corporation. </p> <p>None of this may ever happen. Microsoft may convince higher courts that the justice department got it all wrong. It has a vested interest in stringing the suit out because it will be able to hang on to its monopoly profits for the duration. It knows it will take ages to engineer the break-up when the supreme court has finally ruled. If Microsoft eventually wins, then the US authorities will be saying that old economy rules do not apply in the new age. That would have very serious consequences. Meanwhile, it is reassuring to know that the world's biggest companies are still subject to the rule of law. Even in the globalised economy.</p>",
      "newspaperPageNumber": "21",
      "wordcount": "404",
      "commentable": "false",
      "isPremoderated": "false",
      "lastModified": "2017-02-21T23:44:42Z",
      "newspaperEditionDate": "2000-06-09T00:00:00Z",
      "productionOffice": "UK",
      "publication": "theguardian.com",
      "shortUrl": "https://gu.com/p/xcej",
      "shouldHideAdverts": "false",
      "showInRelatedContent": "true",
      "legallySensitive": "false",
      "lang": "en",
      "bodyText": "Microsoft has got no more than it deserves. Its arrogance in refusing to admit any of the serious charges against it has goaded Judge Thomas Penfield Jackson, a conservative Reaganite appointment, into inflicting a more severe penalty than would have happened had the software company shown any serious sign of regret or even of willingness to meet half way. Now, unless an appeal court or the supreme court overturns the judgment, Microsoft will be split into two separate companies. One company will house the Windows operating system and the other, much the more attractive option, when the dominance of personal computers is under attack from the internet and other platforms, will take over the applications. Both will still be monopolies. Windows resides in over 90% of the world's PCs and Excel and Word have an even bigger share of of the spreadsheet and word processing markets. What will happen? No one really knows. It will depend on human behaviour. It is possible that the two new companies will act like Siamese twins or parallel monopolies, each feeding off the other's monopoly position: new versions of the applications could boost demand for a more advanced version of Windows, and vice versa. If both are run by Microsoft's existing top brass, imbued with its culture, that could easily happen. The more exciting scenario is that, once freed from umbilical linkage to Windows, the applications company would start to sell its products (and lots of new ones) much more aggressively for other operating systems - like the freely available Linux. It could also unleash more of the huge creative and entrepreneurial talent concentrated at the company's campus, where there is more intellectual fire power per square yard than at almost any other big corporation. None of this may ever happen. Microsoft may convince higher courts that the justice department got it all wrong. It has a vested interest in stringing the suit out because it will be able to hang on to its monopoly profits for the duration. It knows it will take ages to engineer the break-up when the supreme court has finally ruled. If Microsoft eventually wins, then the US authorities will be saying that old economy rules do not apply in the new age. That would have very serious consequences. Meanwhile, it is reassuring to know that the world's biggest companies are still subject to the rule of law. Even in the globalised economy.",
      "charCount": "2417"
    },
    "isHosted": false,
    "pillarId": "pillar/news",
    "pillarName": "News"
  },
  {
    "id": "lifeandstyle/2000/jun/09/foodanddrink",
    "type": "article",
    "sectionId": "lifeandstyle",
    "sectionName": "Life and style",
    "webPublicationDate": "2000-06-09T10:39:47Z",
    "webTitle": "Swimming against the tide",
    "webUrl": "https://www.theguardian.com/lifeandstyle/2000/jun/09/foodanddrink",
    "apiUrl": "https://content.guardianapis.com/lifeandstyle/2000/jun/09/foodanddrink",
    "fields": {
      "headline": "Swimming against the tide",
      "standfirst": "Scotland's farmed salmon industry is under siege.  Matthew Fort  reports on how some farmers are fighting back by going organic - and explains how to tell the good fish from the bad and the ugly",
      "trailText": "<p>Scotland's farmed salmon industry is under siege.  Matthew Fort  reports on how some farmers are fighting back by going organic - and explains how to tell the good fish from the bad and the ugly</p>",
      "byline": "Matthew Fort",
      "main": "",
      "body": "<p>Oh dear: 395,000 farmed salmon have fled their cages and swum off into the far blue yonder in the first five months of this year, according to a report this week. Well, there's a surprise. </p> <p>Or perhaps not. Apparently another 225,000 of the slippery bleeders got away last year. It seems that they have been at it for years, mingling with their wild cousins, probably interbreeding with them, with untold consequences for the genetic make-up of the fish - including the incredible inbuilt code that tells them how to come back, year after year, to the same rivers to breed. And then there's the possibility that the farmed salmon, once in the wild, are spreading the diseases to which they are notoriously prone. </p> <p>The report is another blow to the embattled Scottish salmon farming industry, which in recent years has had to cope with infectious salmon anaemia, accusations of habitual overuse of chemicals and general environmental mayhem. Not to mention the fact that international prices are being kept uneconomically low by the vast state-supported and less tightly controlled Norwegian industry, which dumps huge quantities of farmed fish on the open market. </p> <p>The downward forces on the price of salmon has made it the cod de nos jours . In fact, as stocks of the free-swimming cod have crashed, pushing the price higher and higher, it is now enjoying a kind of celebrity and fashionableness that only relative rarity and expense can bring. </p> <p>Salmon, on the other hand, is now cheap and ubiquitous. In 1998 the Scottish industry produced 86,000 tonnes of the stuff. This may be dwarfed by the tonnage that the Norwegians churn out, but it's still a lot of fish flesh. Small wonder that super market chiller cabinets are stacked with neatly trimmed bricks of salmon fillets. It lends itself to the array of ready-prepared cook-chill lines. Then there are the salmon fishcakes, seared salmon, blackened salmon, pan-fried salmon, roasted salmon, salmon carpaccio or salmon tartare dishes without which no restaurant menu seems complete. We are almost at the point reached 200 years ago, when the apprentices of London went on strike in disgust at being fed salmon more than five times a week. </p> <p>Large-scale salmon farming is not much different from large-scale broiler chicken farming. The principles are that you cram as many fish as possible into a given area - 20kg of fish per cubic metre. The cages - the largest of which can hold up to 750,000 fish - are anchored in protected coastal lochs. You feed the salmon a mix of fish-meal protein, fish oil, vitamins and minerals to produce quick growth, as well as pigment to achieve the desirable pink colour. You regularly dose them with large quantities of any one of 19 authorised chemicals to deal with the infestations of sea lice and certain diseases caused, in part, by the conditions of close confinement. </p> <p>It isn't surprising that, under these circumstances, the quality of the end product is not that great. You can always tell an intensively farmed fish from the rounded, stumpy shape of its head and nose, the often stunted, sometimes deformed nature of its fins, and the ragged, ill-formed state of the tail. You can always tell the uncooked flesh by its floppy, flabby condition and the distinctive, regular layers of creamy white fat between the pink sections of flesh, which together create a kind of herringbone effect. And when you pop the cooked article into your mouth, well, it's hard to believe that this is related to the wild salmon. Indeed, in spite of its popularity in the catering trade, few top chefs will touch intensively farmed fish. </p> <p>Unfortunately, the wild salmon is in very serious trouble too. Stocks of salmon have been in decline for several decades, but so bad have the spawning runs up rivers become in recent years - particularly in spring - that fishermen in England have been forbidden to kill any salmon before June 15, and many of the prime Scottish rivers have set limits of one fish per rod per week. There has even been talk of a total moratorium on salmon fishing in rivers for 10 years. </p> <p>Quite why this decline is happening is something of a mystery, although it seems likely to be a combination of over-netting in the mouths of some rivers; over-fishing at sea; contamination of the coastal lochs due to salmon farming; and general pollution. The decline certainly isn't the result of over-fishing in rivers. Fishing for salmon with a fly, or even spun bait, is among the least efficient ways of catching fish yet devised by man. </p> <p>Unquestionably, a wild salmon is a beautiful creature to look on, shaped like a torpedo, with a bullet-shaped head and nose, a tail like a triangular spade and the colour of a silver ingot shimmering with pink and blue. It is a noble thing to eat, as well - firm, flaky, with a sweet, curdy flavour. Few of us are likely to enjoy it again. However, all is not lost. </p> <p>The Scottish salmon farming industry is tentatively embracing non-intensive and organic practices. The Orkney Salmon Company and Aquascot, which also has sites in Orkney, have been working on an organic certification scheme with the Soil Association, guardian of all things organic, for some years, and their considerable investments of time and money are beginning to pay off - at least for the shoppers in selected Sainsbury's and Waitrose stores, to which virtually the entire organic output goes at present. </p> <p>There are a number of farms, too, around the coast of both southern and northern Ireland that have been developing non-intensive practices for some time. The Clare Salmon Company carries German organic certification. Ocean Farm at Killybegs, Fanad Fisheries in Donegal, and the Northern Salmon Fisheries of Glenarm all produce non-intensively reared fish, even if they don't necessarily subscribe to full organic methods. </p> <p>The difference between the intensive and the non-intensive systems is marked. The fish densities are halved to 10kg of fish per cubic metre. The fish feed is strictly controlled: it contains less fish oil, uses fish from sustainable sources and is coloured only with crushed prawn shells, part of the salmon's diet in the wild. In order to qualify for organic certification, the fish cannot be dosed with any chemical agents. Instead, the farmers have to rely on the natural movement of the sea water to keep them free of lice. For this reason the cages are anchored in areas with fierce tidal movements; this has the extra advantage of giving the fish a thorough workout each time the tide changes, thus improving tone and texture. </p> <p>And if the finished fish does not quite have the ravishing beauty to the eye of its fresh-caught spring-run cousin, when it comes to eating even the most discriminating gourmet would be hard-pressed to tell them apart. Of course there is a price - about \u00a316/kg as compared to \u00a312/kg for intensively farmed salmon. But if the Scottish salmon farming industry is to recover its lost lustre, we had better be prepared to pay it.</p>",
      "newspaperPageNumber": "6",
      "wordcount": "1189",
      "commentable": "false",
      "isPremoderated": "false",
      "lastModified": "2017-11-26T05:59:23Z",
      "newspaperEditionDate": "2000-06-09T00:00:00Z",
      "productionOffice": "UK",
      "publication": "The Guardian",
      "shortUrl": "https://gu.com/p/xf3vx",
      "shouldHideAdverts": "false",
      "showInRelatedContent": "true",
      "legallySensitive": "false",
      "lang": "en",
      "bodyText": "Oh dear: 395,000 farmed salmon have fled their cages and swum off into the far blue yonder in the first five months of this year, according to a report this week. Well, there's a surprise. Or perhaps not. Apparently another 225,000 of the slippery bleeders got away last year. It seems that they have been at it for years, mingling with their wild cousins, probably interbreeding with them, with untold consequences for the genetic make-up of the fish - including the incredible inbuilt code that tells them how to come back, year after year, to the same rivers to breed. And then there's the possibility that the farmed salmon, once in the wild, are spreading the diseases to which they are notoriously prone. The report is another blow to the embattled Scottish salmon farming industry, which in recent years has had to cope with infectious salmon anaemia, accusations of habitual overuse of chemicals and general environmental mayhem. Not to mention the fact that international prices are being kept uneconomically low by the vast state-supported and less tightly controlled Norwegian industry, which dumps huge quantities of farmed fish on the open market. The downward forces on the price of salmon has made it the cod de nos jours . In fact, as stocks of the free-swimming cod have crashed, pushing the price higher and higher, it is now enjoying a kind of celebrity and fashionableness that only relative rarity and expense can bring. Salmon, on the other hand, is now cheap and ubiquitous. In 1998 the Scottish industry produced 86,000 tonnes of the stuff. This may be dwarfed by the tonnage that the Norwegians churn out, but it's still a lot of fish flesh. Small wonder that super market chiller cabinets are stacked with neatly trimmed bricks of salmon fillets. It lends itself to the array of ready-prepared cook-chill lines. Then there are the salmon fishcakes, seared salmon, blackened salmon, pan-fried salmon, roasted salmon, salmon carpaccio or salmon tartare dishes without which no restaurant menu seems complete. We are almost at the point reached 200 years ago, when the apprentices of London went on strike in disgust at being fed salmon more than five times a week. Large-scale salmon farming is not much different from large-scale broiler chicken farming. The principles are that you cram as many fish as possible into a given area - 20kg of fish per cubic metre. The cages - the largest of which can hold up to 750,000 fish - are anchored in protected coastal lochs. You feed the salmon a mix of fish-meal protein, fish oil, vitamins and minerals to produce quick growth, as well as pigment to achieve the desirable pink colour. You regularly dose them with large quantities of any one of 19 authorised chemicals to deal with the infestations of sea lice and certain diseases caused, in part, by the conditions of close confinement. It isn't surprising that, under these circumstances, the quality of the end product is not that great. You can always tell an intensively farmed fish from the rounded, stumpy shape of its head and nose, the often stunted, sometimes deformed nature of its fins, and the ragged, ill-formed state of the tail. You can always tell the uncooked flesh by its floppy, flabby condition and the distinctive, regular layers of creamy white fat between the pink sections of flesh, which together create a kind of herringbone effect. And when you pop the cooked article into your mouth, well, it's hard to believe that this is related to the wild salmon. Indeed, in spite of its popularity in the catering trade, few top chefs will touch intensively farmed fish. Unfortunately, the wild salmon is in very serious trouble too. Stocks of salmon have been in decline for several decades, but so bad have the spawning runs up rivers become in recent years - particularly in spring - that fishermen in England have been forbidden to kill any salmon before June 15, and many of the prime Scottish rivers have set limits of one fish per rod per week. There has even been talk of a total moratorium on salmon fishing in rivers for 10 years. Quite why this decline is happening is something of a mystery, although it seems likely to be a combination of over-netting in the mouths of some rivers; over-fishing at sea; contamination of the coastal lochs due to salmon farming; and general pollution. The decline certainly isn't the result of over-fishing in rivers. Fishing for salmon with a fly, or even spun bait, is among the least efficient ways of catching fish yet devised by man. Unquestionably, a wild salmon is a beautiful creature to look on, shaped like a torpedo, with a bullet-shaped head and nose, a tail like a triangular spade and the colour of a silver ingot shimmering with pink and blue. It is a noble thing to eat, as well - firm, flaky, with a sweet, curdy flavour. Few of us are likely to enjoy it again. However, all is not lost. The Scottish salmon farming industry is tentatively embracing non-intensive and organic practices. The Orkney Salmon Company and Aquascot, which also has sites in Orkney, have been working on an organic certification scheme with the Soil Association, guardian of all things organic, for some years, and their considerable investments of time and money are beginning to pay off - at least for the shoppers in selected Sainsbury's and Waitrose stores, to which virtually the entire organic output goes at present. There are a number of farms, too, around the coast of both southern and northern Ireland that have been developing non-intensive practices for some time. The Clare Salmon Company carries German organic certification. Ocean Farm at Killybegs, Fanad Fisheries in Donegal, and the Northern Salmon Fisheries of Glenarm all produce non-intensively reared fish, even if they don't necessarily subscribe to full organic methods. The difference between the intensive and the non-intensive systems is marked. The fish densities are halved to 10kg of fish per cubic metre. The fish feed is strictly controlled: it contains less fish oil, uses fish from sustainable sources and is coloured only with crushed prawn shells, part of the salmon's diet in the wild. In order to qualify for organic certification, the fish cannot be dosed with any chemical agents. Instead, the farmers have to rely on the natural movement of the sea water to keep them free of lice. For this reason the cages are anchored in areas with fierce tidal movements; this has the extra advantage of giving the fish a thorough workout each time the tide changes, thus improving tone and texture. And if the finished fish does not quite have the ravishing beauty to the eye of its fresh-caught spring-run cousin, when it comes to eating even the most discriminating gourmet would be hard-pressed to tell them apart. Of course there is a price - about \u00a316/kg as compared to \u00a312/kg for intensively farmed salmon. But if the Scottish salmon farming industry is to recover its lost lustre, we had better be prepared to pay it.",
      "charCount": "6980"
    },
    "isHosted": false,
    "pillarId": "pillar/lifestyle",
    "pillarName": "Lifestyle"
  },
  {
    "id": "business/2000/jun/09/microsoft.technology",
    "type": "article",
    "sectionId": "business",
    "sectionName": "Business",
    "webPublicationDate": "2000-06-09T01:11:27Z",
    "webTitle": "They say that breaking up is hard to do",
    "webUrl": "https://www.theguardian.com/business/2000/jun/09/microsoft.technology",
    "apiUrl": "https://content.guardianapis.com/business/2000/jun/09/microsoft.technology",
    "fields": {
      "headline": "They say that breaking up is hard to do",
      "standfirst": "Notebook Judge delivers swift justice<br /><a href=\"http://www.guardianunlimited.co.uk/microsoft/0,2759,58235,00.html\">The future of Microsoft: special report </a>",
      "trailText": "<p>The words of American Judge Thomas Penfield Jackson in his memorandum, order and final judgment that Microsoft, perhaps the most extraordinary business success story of recent times, should be broken up are quite astonishing in their bluntness and aggression. </p>",
      "main": "",
      "body": "<p>The words of American Judge Thomas Penfield Jackson in his memorandum, order and final judgment that Microsoft, perhaps the most extraordinary business success story of recent times, should be broken up are quite astonishing in their bluntness and aggression. </p> <p>Having listened for two years, he quite clearly believes that the company's officers lie and that as an organisation it is untrustworthy. The judge is also convinced that Microsoft, in turn convinced of its own innocence, continues the types of business practice which got it up in front of the US district court bench in the first place - using its monopoly in desktop operating systems to bully smaller competitors making PC applications. </p> <p>Having unfairly swiped the internet browser market, the judge's view is that there is a real risk Microsoft will go and destroy the competition in other sectors. So much so that he has effectively ruled that while the appeal goes through, the business should to a large extent be frozen. </p> <p>So it will be interesting to see what Microsoft unveils in a fortnight's time, when it is due to give us all a peek of what the next generation of Windows software, powered for the internet age, will look like. </p> <p>The slide show, which has already been delayed by the trial developments, might be rather shorter than first envisaged. </p> <p>Meanwhile, with the legal brawling over the anti-monopoly case likely to go on for at least another year as the software company appeals both the verdict and sentence, it has become increasingly fashionable on the other side of the Atlantic to criticise the US state department for destroying shareholder value. </p> <p>Microsoft stock is 40% off its peak and, so the argument goes, since this ranks as one of the world's biggest quoted enterprises that price drop impacts on the savings and pension of many millions of investors. Mr Gates, with 15% of the company, has seen his paper personal wealth shrink by about \u00a325bn and other shareholders have seen almost \u00a3200bn disappear. </p> <p>But this is very narrow thinking. The state department brought its case against Microsoft because the company was alleged to be exploiting its monopoly to strangle existing competition and ward off future competitors. And Judge Jackson has found the company guilty and ordered that it be split up. </p> <p>That verdict and sentence says Microsoft has been restricting enterprise - destroying shareholder value elsewhere or doing its best to make sure that non-Microsoft value is not created. Having first given computing to the masses, it has then restricted the use and development of the technology. </p> <p>There is little doubt that over the past couple of years as the prospect of the Microsoft machine being tamed has increased so has the confidence of many thousands of companies who have been potential competitors to the software monolith. There is real value in this. It is the stuff of long-term economic prosperity, and investors and pensioners the world over should thank Judge Jackson for that. </p> <p><strong> No comparison </strong><br> </p> <p> The give growth a chance school of central banking has not taken root in Frankfurt. Yesterday's show of machismo by the European Central Bank is an indication that Wim Duisenberg is no Alan Greenspan. </p> <p>America's record-breaking run of economic growth would not have reached its 10th year had Mr Duisenberg been in charge. He made it clear yesterday that the ECB was starting to get the heebie-jeebies about rising prices in euroland, even though inflation - affected by higher oil prices - is running only a smidgen above the bank's 2% ceiling. Of course euroland still has a massive overhang of unemployment - the baleful legacy of two decades of deflationary economic policies. </p> <p>In essence, the ECB believes that much of this unemployment is structural and will not disappear even with strong growth. Instead, it sees supply-side reforms and a good solid dose of market liberalisation as the way forward. The bank has certainly put its money where its mouth is by moving from a fixed-rate refinancing system for a more variable-rate regime. This gives the markets a bigger role in dictating monetary policy. </p> <p>But the fear must be that the bank is still fighting the last war. Inflation is low around the world, and the experience of the anglo-saxon economies in the past decade is that a sustained period of strong demand is crucial not just to bringing down unemployment but to smoothing the passage of economic reform. By moving rates upwards too early, the ECB risks choking off the recovery. And if that happens, the euro will go down not up.</p>",
      "newspaperPageNumber": "25",
      "wordcount": "759",
      "commentable": "false",
      "isPremoderated": "false",
      "lastModified": "2017-02-21T23:44:42Z",
      "newspaperEditionDate": "2000-06-09T00:00:00Z",
      "productionOffice": "UK",
      "publication": "theguardian.com",
      "shortUrl": "https://gu.com/p/38n7",
      "shouldHideAdverts": "false",
      "showInRelatedContent": "true",
      "legallySensitive": "false",
      "lang": "en",
      "bodyText": "The words of American Judge Thomas Penfield Jackson in his memorandum, order and final judgment that Microsoft, perhaps the most extraordinary business success story of recent times, should be broken up are quite astonishing in their bluntness and aggression. Having listened for two years, he quite clearly believes that the company's officers lie and that as an organisation it is untrustworthy. The judge is also convinced that Microsoft, in turn convinced of its own innocence, continues the types of business practice which got it up in front of the US district court bench in the first place - using its monopoly in desktop operating systems to bully smaller competitors making PC applications. Having unfairly swiped the internet browser market, the judge's view is that there is a real risk Microsoft will go and destroy the competition in other sectors. So much so that he has effectively ruled that while the appeal goes through, the business should to a large extent be frozen. So it will be interesting to see what Microsoft unveils in a fortnight's time, when it is due to give us all a peek of what the next generation of Windows software, powered for the internet age, will look like. The slide show, which has already been delayed by the trial developments, might be rather shorter than first envisaged. Meanwhile, with the legal brawling over the anti-monopoly case likely to go on for at least another year as the software company appeals both the verdict and sentence, it has become increasingly fashionable on the other side of the Atlantic to criticise the US state department for destroying shareholder value. Microsoft stock is 40% off its peak and, so the argument goes, since this ranks as one of the world's biggest quoted enterprises that price drop impacts on the savings and pension of many millions of investors. Mr Gates, with 15% of the company, has seen his paper personal wealth shrink by about \u00a325bn and other shareholders have seen almost \u00a3200bn disappear. But this is very narrow thinking. The state department brought its case against Microsoft because the company was alleged to be exploiting its monopoly to strangle existing competition and ward off future competitors. And Judge Jackson has found the company guilty and ordered that it be split up. That verdict and sentence says Microsoft has been restricting enterprise - destroying shareholder value elsewhere or doing its best to make sure that non-Microsoft value is not created. Having first given computing to the masses, it has then restricted the use and development of the technology. There is little doubt that over the past couple of years as the prospect of the Microsoft machine being tamed has increased so has the confidence of many thousands of companies who have been potential competitors to the software monolith. There is real value in this. It is the stuff of long-term economic prosperity, and investors and pensioners the world over should thank Judge Jackson for that. No comparison The give growth a chance school of central banking has not taken root in Frankfurt. Yesterday's show of machismo by the European Central Bank is an indication that Wim Duisenberg is no Alan Greenspan. America's record-breaking run of economic growth would not have reached its 10th year had Mr Duisenberg been in charge. He made it clear yesterday that the ECB was starting to get the heebie-jeebies about rising prices in euroland, even though inflation - affected by higher oil prices - is running only a smidgen above the bank's 2% ceiling. Of course euroland still has a massive overhang of unemployment - the baleful legacy of two decades of deflationary economic policies. In essence, the ECB believes that much of this unemployment is structural and will not disappear even with strong growth. Instead, it sees supply-side reforms and a good solid dose of market liberalisation as the way forward. The bank has certainly put its money where its mouth is by moving from a fixed-rate refinancing system for a more variable-rate regime. This gives the markets a bigger role in dictating monetary policy. But the fear must be that the bank is still fighting the last war. Inflation is low around the world, and the experience of the anglo-saxon economies in the past decade is that a sustained period of strong demand is crucial not just to bringing down unemployment but to smoothing the passage of economic reform. By moving rates upwards too early, the ECB risks choking off the recovery. And if that happens, the euro will go down not up.",
      "charCount": "4545"
    },
    "isHosted": false,
    "pillarId": "pillar/news",
    "pillarName": "News"
  },
  {
    "id": "media/2000/jun/09/tvandradio.television3",
    "type": "article",
    "sectionId": "theguardian",
    "sectionName": "From the Guardian",
    "webPublicationDate": "2000-06-09T01:11:21Z",
    "webTitle": "Watch this",
    "webUrl": "https://www.theguardian.com/media/2000/jun/09/tvandradio.television3",
    "apiUrl": "https://content.guardianapis.com/media/2000/jun/09/tvandradio.television3",
    "fields": {
      "headline": "Watch this",
      "trailText": "<p>I'm All Right Jack | Local Hero | Close Encounters Of The Third Kind (Special Edition) | Dawn Of The Dead</p>",
      "byline": "Paul Howlett  and   Will Hodgkinson",
      "main": "",
      "body": "<p><strong> I'm All Right Jack</strong> </p> <p>(John Boulting, 1959) </p> <p>9am, Carlton Cinema </p> <p>The Boulting brothers' attack on big business and the unions - in the days when unions wielded power. Ian Carmichael plays a young twit embroiled by devious Dennis Price and Richard Attenborough in a scheme to spark a strike at the latter's munitions factory - where Peter Sellers reigns as shop steward. </p> <p><strong> Local Hero</strong> </p> <p>(Bill Forsyth, 1983) </p> <p>8pm, FilmFour </p> <p>The enchanting tale of a clash of cultures in a small Scottish village, as Texan oil exec Peter Riegert arrives to buy up the place lock, stock and barrel, working out a deal with local lawyer Denis Lawson. Forsyth attracted Burt Lancaster at a cut price with his wistful, comic script: he plays the corporation's star-gazing boss, a twinkling presence in a film that sparkles like the Aurora Borealis. </p> <p><strong> Close Encounters Of The Third Kind (Special Edition)</strong> </p> <p>(Steven Spielberg, 1977) </p> <p>10pm, FilmFour </p> <p>Featuring the aliens with the five-note musical calling card: and curiously, since this is Spielberg's homage to 50s sci-fi,not a ray-gun in sight. He blew the $20m mega-budget on dazzling special effects, with Douglas Trumbull's team creating alien craft of astonishing size and power, and on clever smaller tricks too - such as little Cary Guffey's toys going bonkers when the aliens arrive (pictured). An exercise in wide-eyed wonder. </p> <p><strong> Dawn Of The Dead</strong> <br> (George A Romero, 1979) </p> <p>12.30am, FilmFour </p> <p>George A Romero's zombie trilogy is up there with Citizen Kane as far as gorehounds are concerned, and it's a film that's celebrated for combining what's almost socialist political comment with a story about braindead denizens of the grave. This, the second in the series, is the most downbeat and morbidly humorous. A classic. </p>",
      "newspaperPageNumber": "19",
      "wordcount": "286",
      "commentable": "false",
      "isPremoderated": "false",
      "lastModified": "2017-12-19T22:48:20Z",
      "newspaperEditionDate": "2000-06-09T00:00:00Z",
      "productionOffice": "UK",
      "publication": "theguardian.com",
      "shortUrl": "https://gu.com/p/38nn",
      "shouldHideAdverts": "false",
      "showInRelatedContent": "true",
      "legallySensitive": "false",
      "lang": "en",
      "bodyText": "I'm All Right Jack (John Boulting, 1959) 9am, Carlton Cinema The Boulting brothers' attack on big business and the unions - in the days when unions wielded power. Ian Carmichael plays a young twit embroiled by devious Dennis Price and Richard Attenborough in a scheme to spark a strike at the latter's munitions factory - where Peter Sellers reigns as shop steward. Local Hero (Bill Forsyth, 1983) 8pm, FilmFour The enchanting tale of a clash of cultures in a small Scottish village, as Texan oil exec Peter Riegert arrives to buy up the place lock, stock and barrel, working out a deal with local lawyer Denis Lawson. Forsyth attracted Burt Lancaster at a cut price with his wistful, comic script: he plays the corporation's star-gazing boss, a twinkling presence in a film that sparkles like the Aurora Borealis. Close Encounters Of The Third Kind (Special Edition) (Steven Spielberg, 1977) 10pm, FilmFour Featuring the aliens with the five-note musical calling card: and curiously, since this is Spielberg's homage to 50s sci-fi,not a ray-gun in sight. He blew the $20m mega-budget on dazzling special effects, with Douglas Trumbull's team creating alien craft of astonishing size and power, and on clever smaller tricks too - such as little Cary Guffey's toys going bonkers when the aliens arrive (pictured). An exercise in wide-eyed wonder. Dawn Of The Dead (George A Romero, 1979) 12.30am, FilmFour George A Romero's zombie trilogy is up there with Citizen Kane as far as gorehounds are concerned, and it's a film that's celebrated for combining what's almost socialist political comment with a story about braindead denizens of the grave. This, the second in the series, is the most downbeat and morbidly humorous. A classic.",
      "charCount": "1732"
    },
    "isHosted": false,
    "pillarId": "pillar/news",
    "pillarName": "News"
  },
  {
    "id": "business/2000/jun/09/3",
    "type": "article",
    "sectionId": "business",
    "sectionName": "Business",
    "webPublicationDate": "2000-06-09T01:11:16Z",
    "webTitle": "Opec",
    "webUrl": "https://www.theguardian.com/business/2000/jun/09/3",
    "apiUrl": "https://content.guardianapis.com/business/2000/jun/09/3",
    "fields": {
      "headline": "Opec",
      "trailText": "<p>Eurosceptics seeking a model of intergovernmental co-operation free of any hint of supranational infection could do worse than look at the 11-nation Organisation of Petroleum Exporting Countries, Opec, as it approaches a crunch summit on June 21. </p>",
      "byline": "Dan Atkinson",
      "main": "",
      "body": "<p>Eurosceptics seeking a model of intergovernmental co-operation free of any hint of supranational infection could do worse than look at the 11-nation Organisation of Petroleum Exporting Countries, Opec, as it approaches a crunch summit on June 21. </p> <p>If you can imagine an EU in which Germany hints it will pull out of a key piece of union strategy - say, the single currency - while the member state responsible for drafting the plan - France, for instance - breezily concurs, suggesting there is nothing automatic about the transition to the euro, then you have a rough idea of how Opec operates. </p> <p>To be fair, Opec is a single issue outfit - and that has certain advantages, in that members can hate each other or even go to war with one another without being kicked out. But it works also in reverse, in that all differences tend to become oil differences. </p> <p>The story so far: by January 1999, the price per barrel sank below $10. The cartel thrashed out a cuts package that worked. Last night, the price was above $27 and it regularly bobs above the $28 Opec ceiling, when an EU-style \"thermostat\" mechanism is supposed to raise quotas. </p> <p>Except that it does not. The \"swing\" producer Saudi Arabia is sceptical of the whole concept of putting quotas on automatic pilot, and Venezuela - author of the scheme - has weighed in with the intriguing notion that the automatic pilot is not necessarily automatic. </p> <p>So their excellencies the Opec energy ministers will meet in Vienna to decide whether the present healthy price is robust enough to take the sort of quota increase that will please the profligate United States, or is merely speculative froth that will be blown away once the taps are turned on. </p> <p>The gloomiest view, that of analyst David Fleming, is that, given Opec's growing share of finite oil supplies, it does not matter much anyway. All Opec has to do is \"chunter along\", he said, and prices will rise. The reason is simple. \"There are no more Alaskas, there are no more North Seas.\"</p>",
      "newspaperPageNumber": "28",
      "wordcount": "348",
      "commentable": "false",
      "isPremoderated": "false",
      "lastModified": "2000-06-09T01:11:16Z",
      "newspaperEditionDate": "2000-06-09T00:00:00Z",
      "productionOffice": "UK",
      "publication": "theguardian.com",
      "shortUrl": "https://gu.com/p/38ng",
      "shouldHideAdverts": "false",
      "showInRelatedContent": "true",
      "legallySensitive": "false",
      "lang": "en",
      "bodyText": "Eurosceptics seeking a model of intergovernmental co-operation free of any hint of supranational infection could do worse than look at the 11-nation Organisation of Petroleum Exporting Countries, Opec, as it approaches a crunch summit on June 21. If you can imagine an EU in which Germany hints it will pull out of a key piece of union strategy - say, the single currency - while the member state responsible for drafting the plan - France, for instance - breezily concurs, suggesting there is nothing automatic about the transition to the euro, then you have a rough idea of how Opec operates. To be fair, Opec is a single issue outfit - and that has certain advantages, in that members can hate each other or even go to war with one another without being kicked out. But it works also in reverse, in that all differences tend to become oil differences. The story so far: by January 1999, the price per barrel sank below $10. The cartel thrashed out a cuts package that worked. Last night, the price was above $27 and it regularly bobs above the $28 Opec ceiling, when an EU-style \"thermostat\" mechanism is supposed to raise quotas. Except that it does not. The \"swing\" producer Saudi Arabia is sceptical of the whole concept of putting quotas on automatic pilot, and Venezuela - author of the scheme - has weighed in with the intriguing notion that the automatic pilot is not necessarily automatic. So their excellencies the Opec energy ministers will meet in Vienna to decide whether the present healthy price is robust enough to take the sort of quota increase that will please the profligate United States, or is merely speculative froth that will be blown away once the taps are turned on. The gloomiest view, that of analyst David Fleming, is that, given Opec's growing share of finite oil supplies, it does not matter much anyway. All Opec has to do is \"chunter along\", he said, and prices will rise. The reason is simple. \"There are no more Alaskas, there are no more North Seas.\"",
      "charCount": "1989"
    },
    "isHosted": false,
    "pillarId": "pillar/news",
    "pillarName": "News"
  },
  {
    "id": "business/2000/jun/09/7",
    "type": "article",
    "sectionId": "business",
    "sectionName": "Business",
    "webPublicationDate": "2000-06-09T01:11:15Z",
    "webTitle": "Britain heads off EU blank tape tax",
    "webUrl": "https://www.theguardian.com/business/2000/jun/09/7",
    "apiUrl": "https://content.guardianapis.com/business/2000/jun/09/7",
    "fields": {
      "headline": "Britain heads off EU blank tape tax",
      "trailText": "<p>Plans to increase the price of blank video cassettes to compensate producers for lost revenue when people record films instead of buying them have been shelved, European Union diplomats said yesterday.\n</p>",
      "byline": "Andrew Osborn  in Brussels",
      "main": "",
      "body": "<p>Plans to increase the price of blank video cassettes to compensate producers for lost revenue when people record films instead of buying them have been shelved, European Union diplomats said yesterday. </p> <p>Britain was one of the fiercest opponents of the scheme pushed by France, Belgium and Italy as the best way of safeguarding film and programme makers' rights.</p> <p>The proposal was part of a new EU copyright directive that is in the process of being finalised. But EU governments were reported to have struck a political deal yesterday on the legislation and to have agreed that Britain and others do not have to levy the tax.</p> <p>\"The odds are that this [deal] will go through,\" one official said. \"The UK copyright regime will not need to be changed at all, and there will be no tape levies.\"</p> <p>Diplomats said Britain had managed to persuade France and others that producers are already paid for their efforts by broadcasters such as the BBC, and that British consumers are making a contribution through the licence fee.</p> <p>The fact that a consumer might build a collection of high quality recordings was irrelevant, Britain argued, because the originals still offered extra features. \"This does not cause economic damage for the rights holder and this agreement is a real breakthrough,\" the EU official said.</p>",
      "newspaperPageNumber": "26",
      "wordcount": "218",
      "commentable": "false",
      "isPremoderated": "false",
      "lastModified": "2000-06-09T01:11:15Z",
      "newspaperEditionDate": "2000-06-09T00:00:00Z",
      "productionOffice": "UK",
      "publication": "theguardian.com",
      "shortUrl": "https://gu.com/p/38ne",
      "shouldHideAdverts": "false",
      "showInRelatedContent": "true",
      "legallySensitive": "false",
      "lang": "en",
      "bodyText": "Plans to increase the price of blank video cassettes to compensate producers for lost revenue when people record films instead of buying them have been shelved, European Union diplomats said yesterday. Britain was one of the fiercest opponents of the scheme pushed by France, Belgium and Italy as the best way of safeguarding film and programme makers' rights. The proposal was part of a new EU copyright directive that is in the process of being finalised. But EU governments were reported to have struck a political deal yesterday on the legislation and to have agreed that Britain and others do not have to levy the tax. \"The odds are that this [deal] will go through,\" one official said. \"The UK copyright regime will not need to be changed at all, and there will be no tape levies.\" Diplomats said Britain had managed to persuade France and others that producers are already paid for their efforts by broadcasters such as the BBC, and that British consumers are making a contribution through the licence fee. The fact that a consumer might build a collection of high quality recordings was irrelevant, Britain argued, because the originals still offered extra features. \"This does not cause economic damage for the rights holder and this agreement is a real breakthrough,\" the EU official said.",
      "charCount": "1299"
    },
    "isHosted": false,
    "pillarId": "pillar/news",
    "pillarName": "News"
  }
]