[
  {
    "id": "world/2000/oct/22/uselections2000.usa2",
    "type": "article",
    "sectionId": "us-news",
    "sectionName": "US news",
    "webPublicationDate": "2000-10-22T01:36:51Z",
    "webTitle": "Comment: Faustian pact that could scupper Gore",
    "webUrl": "https://www.theguardian.com/world/2000/oct/22/uselections2000.usa2",
    "apiUrl": "https://content.guardianapis.com/world/2000/oct/22/uselections2000.usa2",
    "fields": {
      "headline": "Faustian pact that could scupper Gore",
      "standfirst": "Liberal Americans feel they sold their souls to Clinton...and that could usher Bush into the White House<BR><BR><A HREF=\"http://www.guardianunlimited.co.uk/US_election_race/\">Special report: the US elections</A>",
      "trailText": "Over lunch in a Manhattan restaurant, I had my second-greatest shock during two weeks in America. My companion was a New York journalist, a conventional liberal. He was thinking of voting for a Republican presidential candidate for the first time in his life.",
      "byline": "Geoffrey Wheatcroft",
      "main": "",
      "body": "Over lunch in a Manhattan restaurant, I had my second-greatest shock during two weeks in America. My companion was a New York journalist, a conventional liberal. He was thinking of voting for a Republican presidential candidate for the first time in his life. <p>In a close race, George W. Bush is slight favourite to win on 7 November (the Blair Government is privately resigned to a Bush victory). That lunchtime conversation offered one hint as to why this should be so. It is not merely Al Gore's unappetising and uninspiring personality. Behind that lies the barely conscious revulsion of many Americans for the ignoble bargain they made when they voted for Bill Clinton. </p> <p>This election ought to have been a walkover for Gore. During the Clinton presidency, the economy has boomed. That may be luck as much as judgment, but the rule in politics is that he who would take the blame if things go wrong is entitled to take the credit when they go right. It's true that the benefits of this boom have been unevenly distributed, more to the haves than to the have-nots. But in a country where barely half of the electorate votes, that should help Gore. </p> <p>On top of which, the Republicans chose as their candidate a man who - in the words of a journalist who supports Bush, the Washington Post 's Michael Kelly - is smarter than the average bear, but not much. A less polite way of putting it is that 'W' is even more of a buffoon than his father. He is certainly more of a mangler of language, who says, 'They will be in the forethought of our thinking' and that 'I will have a foreign-handed foreign policy'. My favourite was when he met Ffion Hague and, told about the unusual spelling of her name, greeted her: 'Hi, Ef-fion.' </p> <p>How then to explain that this ludicrous personage may well win - and some who consider themselves liberals may vote for him? There are clues in a New Yorker article about Clinton by Joe Klein ('Anonymous' of Primary Colors ). Klein is trying to be objective, and says harsh things. He also displays some of the lingering delusions about Clinton. Disenchanted as he affects to be about the man's not-so-private conduct, Klein writes of Clinton's 'intellectual acuity'. One could as well speak of his moral integrity. </p> <p>Yet the weirdest passage is when he describes Clinton's bid for the presidency in 1992. He had to show that he was tougher on crime than wimpish liberal Democrats, 'especially on the squalid, and substantively irrelevant, issue of the death penalty'. </p> <p>Irrelevant to whom? Not, one supposes, to the Americans judicially put to death every year, guilty or otherwise. Under Governor Bush, Texas has led the country, if not the world (China offers stiff competition), in executing people. We knew that Bush sniggers when talking about those he has executed, and gloats about those he will execute, whether or not they have been convicted of a capital offence. We now learn that he spends an average of 15 minutes considering each clemency appeal. </p> <p>Where does that leave enlightened Democrats? Klein alludes to the way, during his first presidential campaign, Clinton put to death for electoral advantage a brain-damaged black man. Americans opposed to capital punishment nevertheless voted for him. Is it a wonder that their consciences are troubled? Eight years ago they persuaded themselves that Clinton was the lesser evil, and some are now trying to persuade themselves that Gore is. </p> <p>There is another side to that. Tikkun is a radical Jewish magazine, published in San Francisco and edited by Michael Lerner. In it he argues against 'lesser-evilism', as morally corrupting and often politically ineffective. He says that Gore is scarcely a lesser evil in any case, with 'his slavish subordination to corporate interests, cheerleading for the military, flip-flops and lack of a moral centre, and his betrayal of environmental causes for the sake of political self-interest'. </p> <p>My single greatest shock came when I hired a car and eventually had to stop for petrol. A full tank cost $21.50, around \u00a315. In England I would have been lucky to get change from \u00a335. And Gore's response to the latest fuel-price crisis? He asked Clinton to release oil stocks from the strategic reserve so Americans could continue to enjoy driving in the style, and at the price, to which they are accustomed. </p> <p>With all that, Gore's greatest problem remains Clinton, and the sense of shame many Americans feel about having been suckered by one fraud already in the past decade. Gore knows this. The New York Times described how relations between president and vice-president are icier than ever. Gore rarely speaks to Clinton, let alone asks his advice, and each man feels betrayed by the other. </p> <p>But Gore's complaints of betrayal are surely the more abject. Forget Monica: no-one actually thinks that Clinton raped Miss Lewinsky, but many Americans - including Gore - believe he did, in a legal sense, rape Juanita Broaddrick. </p> <p>Asked if he thought this was the case, Gore couldn't answer. A vice-president who believes his Head of State is a rapist is someone who has engaged in a terrifying Faustian bargain. Perhaps it epitomises the bargain many Americans made when they voted for Clinton. </p> <p>The New York Times says cutely that 'the buddy movie that began when these two young Southern centrists started off on a high-energy bus tour across America in the 1992 campaign wasn't supposed to end like this', but then perhaps the buddy movie between Clinton and American liberalism was always likely to end in tears, rage and guilt. If liberals now try to assuage that guilt by taking it out on Al Gore, he truly has no one but himself to blame.</p>",
      "newspaperPageNumber": "31",
      "wordcount": "965",
      "commentable": "false",
      "isPremoderated": "false",
      "lastModified": "2017-07-15T04:02:35Z",
      "newspaperEditionDate": "2000-10-22T00:00:00Z",
      "productionOffice": "UK",
      "publication": "theguardian.com",
      "shortUrl": "https://gu.com/p/xxn7c",
      "shouldHideAdverts": "false",
      "showInRelatedContent": "true",
      "legallySensitive": "false",
      "lang": "en",
      "bodyText": "Over lunch in a Manhattan restaurant, I had my second-greatest shock during two weeks in America. My companion was a New York journalist, a conventional liberal. He was thinking of voting for a Republican presidential candidate for the first time in his life. In a close race, George W. Bush is slight favourite to win on 7 November (the Blair Government is privately resigned to a Bush victory). That lunchtime conversation offered one hint as to why this should be so. It is not merely Al Gore's unappetising and uninspiring personality. Behind that lies the barely conscious revulsion of many Americans for the ignoble bargain they made when they voted for Bill Clinton. This election ought to have been a walkover for Gore. During the Clinton presidency, the economy has boomed. That may be luck as much as judgment, but the rule in politics is that he who would take the blame if things go wrong is entitled to take the credit when they go right. It's true that the benefits of this boom have been unevenly distributed, more to the haves than to the have-nots. But in a country where barely half of the electorate votes, that should help Gore. On top of which, the Republicans chose as their candidate a man who - in the words of a journalist who supports Bush, the Washington Post 's Michael Kelly - is smarter than the average bear, but not much. A less polite way of putting it is that 'W' is even more of a buffoon than his father. He is certainly more of a mangler of language, who says, 'They will be in the forethought of our thinking' and that 'I will have a foreign-handed foreign policy'. My favourite was when he met Ffion Hague and, told about the unusual spelling of her name, greeted her: 'Hi, Ef-fion.' How then to explain that this ludicrous personage may well win - and some who consider themselves liberals may vote for him? There are clues in a New Yorker article about Clinton by Joe Klein ('Anonymous' of Primary Colors ). Klein is trying to be objective, and says harsh things. He also displays some of the lingering delusions about Clinton. Disenchanted as he affects to be about the man's not-so-private conduct, Klein writes of Clinton's 'intellectual acuity'. One could as well speak of his moral integrity. Yet the weirdest passage is when he describes Clinton's bid for the presidency in 1992. He had to show that he was tougher on crime than wimpish liberal Democrats, 'especially on the squalid, and substantively irrelevant, issue of the death penalty'. Irrelevant to whom? Not, one supposes, to the Americans judicially put to death every year, guilty or otherwise. Under Governor Bush, Texas has led the country, if not the world (China offers stiff competition), in executing people. We knew that Bush sniggers when talking about those he has executed, and gloats about those he will execute, whether or not they have been convicted of a capital offence. We now learn that he spends an average of 15 minutes considering each clemency appeal. Where does that leave enlightened Democrats? Klein alludes to the way, during his first presidential campaign, Clinton put to death for electoral advantage a brain-damaged black man. Americans opposed to capital punishment nevertheless voted for him. Is it a wonder that their consciences are troubled? Eight years ago they persuaded themselves that Clinton was the lesser evil, and some are now trying to persuade themselves that Gore is. There is another side to that. Tikkun is a radical Jewish magazine, published in San Francisco and edited by Michael Lerner. In it he argues against 'lesser-evilism', as morally corrupting and often politically ineffective. He says that Gore is scarcely a lesser evil in any case, with 'his slavish subordination to corporate interests, cheerleading for the military, flip-flops and lack of a moral centre, and his betrayal of environmental causes for the sake of political self-interest'. My single greatest shock came when I hired a car and eventually had to stop for petrol. A full tank cost $21.50, around \u00a315. In England I would have been lucky to get change from \u00a335. And Gore's response to the latest fuel-price crisis? He asked Clinton to release oil stocks from the strategic reserve so Americans could continue to enjoy driving in the style, and at the price, to which they are accustomed. With all that, Gore's greatest problem remains Clinton, and the sense of shame many Americans feel about having been suckered by one fraud already in the past decade. Gore knows this. The New York Times described how relations between president and vice-president are icier than ever. Gore rarely speaks to Clinton, let alone asks his advice, and each man feels betrayed by the other. But Gore's complaints of betrayal are surely the more abject. Forget Monica: no-one actually thinks that Clinton raped Miss Lewinsky, but many Americans - including Gore - believe he did, in a legal sense, rape Juanita Broaddrick. Asked if he thought this was the case, Gore couldn't answer. A vice-president who believes his Head of State is a rapist is someone who has engaged in a terrifying Faustian bargain. Perhaps it epitomises the bargain many Americans made when they voted for Clinton. The New York Times says cutely that 'the buddy movie that began when these two young Southern centrists started off on a high-energy bus tour across America in the 1992 campaign wasn't supposed to end like this', but then perhaps the buddy movie between Clinton and American liberalism was always likely to end in tears, rage and guilt. If liberals now try to assuage that guilt by taking it out on Al Gore, he truly has no one but himself to blame.",
      "charCount": "5651"
    },
    "isHosted": false,
    "pillarId": "pillar/news",
    "pillarName": "News"
  },
  {
    "id": "world/2000/oct/22/zimbabwe.andrewmeldrum",
    "type": "article",
    "sectionId": "world",
    "sectionName": "World news",
    "webPublicationDate": "2000-10-22T01:36:49Z",
    "webTitle": "Is this the end for 'Bobodan'?",
    "webUrl": "https://www.theguardian.com/world/2000/oct/22/zimbabwe.andrewmeldrum",
    "apiUrl": "https://content.guardianapis.com/world/2000/oct/22/zimbabwe.andrewmeldrum",
    "fields": {
      "headline": "Is this the end for 'Bobodan'?",
      "standfirst": "Rioters in Zimbabwe want Robert Mugabe to follow Slobodan Milosevic's example<BR><BR><A HREF=\"http://www.guardianunlimited.co.uk/zimbabwe\">Special report: Zimbabwe</A>",
      "trailText": "Observers believe the beginning of the end of President Robert Mugabe's hold on power has begun but fear the country will pay a high price in chaos and blood before he relinquishes it.",
      "byline": "by Andrew Meldrum Harare",
      "main": "",
      "body": "Observers believe the beginning of the end of President Robert Mugabe's hold on power has begun but fear the country will pay a high price in chaos and blood before he relinquishes it. <p>The anti-government riots which rocked Harare for three days last week were only a hint of things to come. No fatalities were recorded and there was limited property damage. In fact, the worst violence appears to have been that inflicted by the police and the army after the riots had stopped. </p> <p>But most striking and significant was the bitter antipathy shown by the demonstrators toward Zimbabwe's leader. 'We hate Mugabe,' shouted one young rioter, shortly after throwing a rock at a police van. 'If he wants to be a person who is respected in his grave, then he must resign now. He has not been a good leader, especially economically. We want him out by the end of the year.' </p> <p>'No, no, he must go sooner than that. He must be out by the end of this month. We are going to keep this up until he goes,' shouted another young man, before a cloud of tear gas sent us all running in different directions. </p> <p>Inflation of more than 60 per cent, unemployment of more than 50 per cent and growing by the day, chronic shortages of fuel, a distant and expensive war, and an increasingly repressive and violent police force all add to Mugabe's palpable unpopularity. Last week 30 per cent increases in the price of bread, sugar and bus fares sparked the protests. </p> <p>'The riots showed the people's disgust for this regime. It was Round One of the troubles this country must endure to rid itself of Mugabe,' said political science lecturer John Makumbe. </p> <p>'Round Two will come soon with the mass protest proposed by the MDC [the Movement for Democratic Change], which will be a national strike. That could be very significant. If it is well organised it could bring in every issue that people are concerned about: the high cost of living, corruption, the erosion of the rule of law, the Congo war, repression - everything. But even that will probably still be a preliminary round. </p> <p>'Round Three - that is not so easy to predict. What kind of civil disobedience the population will take to bring him down is anybody's guess. But I fear it will be bloody.' </p> <p>Unlike the demonstrators, Makumbe does not believe Mugabe will be forced out by Christmas. 'That is wishful thinking. Mugabe will not go without a major fight. The pressure on him must build and build. I don't think the pressure will become unbearable by Christmas. But I definitely think Mugabe will not be able to stay in office until his term expires in 2002. He will go down fighting and I fear he will take heaps of blood with him.' </p> <p>Certainly the Zimbabwe army acted like a brutal occupying force when it was sent to quell last week's disturbances. Tear gas bombs were dropped from helicopters over whole neighbourhoods. Troops went from door to door, dragging out and beating people of all ages. </p> <p>The government is benefiting from the town planning of Ian Smith's regime, which placed black townships miles away from the centre of the capital. They can be easily sealed off, leaving rioters with little to do but destroy their own neighbourhoods. </p> <p>The MDC showed consider able restraint last week by not trying to take advantage of what were clearly spontaneous riots. Instead the party is concentrating its efforts on introducing a parliamentary motion to impeach Mugabe. </p> <p>'The MDC must do every thing it can in parliament,' said Makumbe. 'It must raise questions about who killed who. It must raise so many questions about Mugabe's rule that it will be difficult for him to visit any foreign country. Everything that can be dragged up as a skeleton on Mugabe and his underlings must be dragged up. </p> <p>'This is the first time we have a democratic parliament with a significant opposition. It must hold Mugabe and his cronies accountable. Incrementally, bit by bit, this will erode Mugabe's authority and build animosity to his rule.' </p> <p>MDC leader Morgan Tsvangirai called Robert Mugabe 'the Milosevic of Africa' and many are predicting that 'Bobodan' Mugabe will be the next dictator to fall. But Makumbe disagrees. 'I think Milosevic was a better tactician, he knew when to step down. </p> <p>'The population has already signalled it is going to rise up and force Mugabe out, but he is not listening.'</p>",
      "newspaperPageNumber": "24",
      "wordcount": "760",
      "commentable": "false",
      "isPremoderated": "false",
      "lastModified": "2018-03-08T13:54:22Z",
      "newspaperEditionDate": "2000-10-22T00:00:00Z",
      "productionOffice": "UK",
      "publication": "theguardian.com",
      "shortUrl": "https://gu.com/p/h6kp",
      "shouldHideAdverts": "false",
      "showInRelatedContent": "true",
      "legallySensitive": "false",
      "lang": "en",
      "bodyText": "Observers believe the beginning of the end of President Robert Mugabe's hold on power has begun but fear the country will pay a high price in chaos and blood before he relinquishes it. The anti-government riots which rocked Harare for three days last week were only a hint of things to come. No fatalities were recorded and there was limited property damage. In fact, the worst violence appears to have been that inflicted by the police and the army after the riots had stopped. But most striking and significant was the bitter antipathy shown by the demonstrators toward Zimbabwe's leader. 'We hate Mugabe,' shouted one young rioter, shortly after throwing a rock at a police van. 'If he wants to be a person who is respected in his grave, then he must resign now. He has not been a good leader, especially economically. We want him out by the end of the year.' 'No, no, he must go sooner than that. He must be out by the end of this month. We are going to keep this up until he goes,' shouted another young man, before a cloud of tear gas sent us all running in different directions. Inflation of more than 60 per cent, unemployment of more than 50 per cent and growing by the day, chronic shortages of fuel, a distant and expensive war, and an increasingly repressive and violent police force all add to Mugabe's palpable unpopularity. Last week 30 per cent increases in the price of bread, sugar and bus fares sparked the protests. 'The riots showed the people's disgust for this regime. It was Round One of the troubles this country must endure to rid itself of Mugabe,' said political science lecturer John Makumbe. 'Round Two will come soon with the mass protest proposed by the MDC [the Movement for Democratic Change], which will be a national strike. That could be very significant. If it is well organised it could bring in every issue that people are concerned about: the high cost of living, corruption, the erosion of the rule of law, the Congo war, repression - everything. But even that will probably still be a preliminary round. 'Round Three - that is not so easy to predict. What kind of civil disobedience the population will take to bring him down is anybody's guess. But I fear it will be bloody.' Unlike the demonstrators, Makumbe does not believe Mugabe will be forced out by Christmas. 'That is wishful thinking. Mugabe will not go without a major fight. The pressure on him must build and build. I don't think the pressure will become unbearable by Christmas. But I definitely think Mugabe will not be able to stay in office until his term expires in 2002. He will go down fighting and I fear he will take heaps of blood with him.' Certainly the Zimbabwe army acted like a brutal occupying force when it was sent to quell last week's disturbances. Tear gas bombs were dropped from helicopters over whole neighbourhoods. Troops went from door to door, dragging out and beating people of all ages. The government is benefiting from the town planning of Ian Smith's regime, which placed black townships miles away from the centre of the capital. They can be easily sealed off, leaving rioters with little to do but destroy their own neighbourhoods. The MDC showed consider able restraint last week by not trying to take advantage of what were clearly spontaneous riots. Instead the party is concentrating its efforts on introducing a parliamentary motion to impeach Mugabe. 'The MDC must do every thing it can in parliament,' said Makumbe. 'It must raise questions about who killed who. It must raise so many questions about Mugabe's rule that it will be difficult for him to visit any foreign country. Everything that can be dragged up as a skeleton on Mugabe and his underlings must be dragged up. 'This is the first time we have a democratic parliament with a significant opposition. It must hold Mugabe and his cronies accountable. Incrementally, bit by bit, this will erode Mugabe's authority and build animosity to his rule.' MDC leader Morgan Tsvangirai called Robert Mugabe 'the Milosevic of Africa' and many are predicting that 'Bobodan' Mugabe will be the next dictator to fall. But Makumbe disagrees. 'I think Milosevic was a better tactician, he knew when to step down. 'The population has already signalled it is going to rise up and force Mugabe out, but he is not listening.'",
      "charCount": "4313"
    },
    "isHosted": false,
    "pillarId": "pillar/news",
    "pillarName": "News"
  },
  {
    "id": "technology/2000/oct/22/business.theobserver1",
    "type": "article",
    "sectionId": "technology",
    "sectionName": "Technology",
    "webPublicationDate": "2000-10-22T01:36:48Z",
    "webTitle": "Name-your-price web firm plots cautious launch in UK",
    "webUrl": "https://www.theguardian.com/technology/2000/oct/22/business.theobserver1",
    "apiUrl": "https://content.guardianapis.com/technology/2000/oct/22/business.theobserver1",
    "fields": {
      "headline": "Name-your-price web firm plots cautious launch in UK",
      "standfirst": "<a href=\"http://www.guardianunlimited.co.uk/internetnews\">Net news</a>",
      "trailText": "<p>Priceline.com Europe, the offshoot of the troubled US internet firm which allows customers to name the price they are prepared to pay for flights, car hire and other goods and services, is to adopt a low-key approach when it launches in the UK within the next two weeks. </p>",
      "byline": "Jamie Doward",
      "main": "",
      "body": "<p>Priceline.com Europe, the offshoot of the troubled US internet firm which allows customers to name the price they are prepared to pay for flights, car hire and other goods and services, is to adopt a low-key approach when it launches in the UK within the next two weeks. </p> <p>In a move which illustrates how internet companies are becoming more cautious about how they spend their cash - the fear of the so called 'burn rate' - the company will not proceed with a full-scale marketing campaign until the start of next year. </p> <p>A large online campaign will start when the site is launched in the UK, but the company decided against paying higher offline advertising costs before Christmas. Instead it believes a so-called 'soft' launch now, aimed at attracting the early adopters, followed by a full-blown campaign in the first quarter of next year is a better use of its \u00a310 million marketing budget. </p> <p>The company also says that it has learnt from the problems suffered by some of the online banks who were inundated by swarms of internet users after they launched in a wave of publicity. A quieter approach, Priceline Europe believes, will allow it to address any teething problems early on. </p> <p>Priceline Europe is a joint venture between <a href=\"http://www.priceline.com/\">Priceline.com</a>, the US firm which was once valued at more than $17 billion but is now worth less than $1bn, and venture capital firm General Atlantic Partners. </p> <p>The joint venture made headlines earlier this year when it pulled off a major management coup by appointing Dennis Malamatinas, the respected boss of Burger King, as its chief executive officer. At the time Malamatinas said he was attracted to the company because it was a 'genuine' idea suited to the internet. </p> <p>The company has patented its own internet pricing system which allows web users to type in the price they want to pay for goods and services. The more flexible consumers are prepared to be - for instance if they are prepared to fly from a range of airports rather than any specific one - the greater the discounts. </p> <p>However, despite claims by the US company's founder, Jay Walker, that Priceline's business model could be extended into any area, the business has already had to pull out of a number of ventures such as Priceline WebHouse Club, which allowed consumers to bid for cut-price groceries. A plan to launch a specialised online credit card was also dropped. </p> <p>A further blow came in recent weeks when the company warned of an impending downturn in airline ticket sales, which account for more than four-fifths of its revenues.</p>",
      "newspaperPageNumber": "1",
      "wordcount": "436",
      "commentable": "false",
      "isPremoderated": "false",
      "lastModified": "2017-02-21T23:41:32Z",
      "newspaperEditionDate": "2000-10-22T00:00:00Z",
      "productionOffice": "UK",
      "publication": "The Observer",
      "shortUrl": "https://gu.com/p/xkee",
      "shouldHideAdverts": "false",
      "showInRelatedContent": "true",
      "legallySensitive": "false",
      "lang": "en",
      "bodyText": "Priceline.com Europe, the offshoot of the troubled US internet firm which allows customers to name the price they are prepared to pay for flights, car hire and other goods and services, is to adopt a low-key approach when it launches in the UK within the next two weeks. In a move which illustrates how internet companies are becoming more cautious about how they spend their cash - the fear of the so called 'burn rate' - the company will not proceed with a full-scale marketing campaign until the start of next year. A large online campaign will start when the site is launched in the UK, but the company decided against paying higher offline advertising costs before Christmas. Instead it believes a so-called 'soft' launch now, aimed at attracting the early adopters, followed by a full-blown campaign in the first quarter of next year is a better use of its \u00a310 million marketing budget. The company also says that it has learnt from the problems suffered by some of the online banks who were inundated by swarms of internet users after they launched in a wave of publicity. A quieter approach, Priceline Europe believes, will allow it to address any teething problems early on. Priceline Europe is a joint venture between Priceline.com, the US firm which was once valued at more than $17 billion but is now worth less than $1bn, and venture capital firm General Atlantic Partners. The joint venture made headlines earlier this year when it pulled off a major management coup by appointing Dennis Malamatinas, the respected boss of Burger King, as its chief executive officer. At the time Malamatinas said he was attracted to the company because it was a 'genuine' idea suited to the internet. The company has patented its own internet pricing system which allows web users to type in the price they want to pay for goods and services. The more flexible consumers are prepared to be - for instance if they are prepared to fly from a range of airports rather than any specific one - the greater the discounts. However, despite claims by the US company's founder, Jay Walker, that Priceline's business model could be extended into any area, the business has already had to pull out of a number of ventures such as Priceline WebHouse Club, which allowed consumers to bid for cut-price groceries. A plan to launch a specialised online credit card was also dropped. A further blow came in recent weeks when the company warned of an impending downturn in airline ticket sales, which account for more than four-fifths of its revenues.",
      "charCount": "2532"
    },
    "isHosted": false,
    "pillarId": "pillar/news",
    "pillarName": "News"
  },
  {
    "id": "theobserver/2000/oct/22/features.magazine17",
    "type": "article",
    "sectionId": "theobserver",
    "sectionName": "From the Observer",
    "webPublicationDate": "2000-10-22T01:36:46Z",
    "webTitle": "Barbara Ellen: The real price of sex",
    "webUrl": "https://www.theguardian.com/theobserver/2000/oct/22/features.magazine17",
    "apiUrl": "https://content.guardianapis.com/theobserver/2000/oct/22/features.magazine17",
    "fields": {
      "headline": "The real price of sex",
      "trailText": "<p>Like many women, my only real objection to gold-digging is that it looks like such hard work. Before you know it, your life would become a tape-loop of Aerosmith's 'Walk This Way'.</p>",
      "byline": "Barbara Ellen",
      "main": "",
      "body": "<p>Like many women, my only real objection to gold-digging is that it looks like such hard work. Before you know it, your life would become a tape-loop of Aerosmith's 'Walk This Way' ('Talk this way!'), or one of those tacky Robert Palmer videos, where all the women get to strut around looking 'haughty' and 'dominant' in short skirts and stilettos. All that and having to be textbook 'sex-ee', and 'nice to be with' (read passive, uncomplaining, adoring), too. It would stretch the patience of any right-thinking woman to the limit. And for what? Jewels that make you shudder; scratchy underwear you'd only wear in a power cut, and dinners in fancy restaurants, listening to some \u00fcbersuit bore on about how great he is. </p> <p>I don't think I've ever been that hungry. </p> <p>Saying that, when done right, there's clearly an art, an arithmetic, to gold-digging - money is the objective, but sexuality is the key. Once upon a time, the colourful Courtney Love sat opposite me in a hotel room, grabbed her crotch and yelled: 'Women have so much power here if they only knew it.' But then, Courtney is smart enough to know that 'here' retains its potency only when it cannot be bought, either literally or metaphorically. Once a woman is 'for sale' on any level, she not only loses the power of 'here', she loses the greatest human right of all - emotional autonomy. That's why gold-diggers, even when they're as amusing and irresistible as Anna Nicole Smith, always remind me of mannequins in a department store window - beautiful and desirable, but also strangely powerless - inanimate, until posed, by hands seen and unseen. </p> <p>Two people were 'for sale' in very different ways this week. One, Ben Way, is a young man, just starting out in life, the other is the 'notorious' Bienvenida n\u00e9e Buck, a woman seemingly still determined only to leave the rich man's playpen, toes up, in a jewel-lined casket. To their credit, both these people were honest about their price tags, past and present. A year ago, at 19, Way, an internet high-flyer, was offered a multi-million pound contract to develop a new search engine. The drawback was that he was also required to sign away his right to drink, stay out late and dress outlandishly. Predictably, perhaps, what really caught the media eye was that he was also required to abstain from sexual relations for several months, when he met a girl, and only then after his bosses had vetted his intended. Way didn't care for this clause, but he signed regardless. </p> <p>By doing so, Way became someone who was willing to have no sex for money. A hooker in reverse if you like - a completely new kind of corporate-inspired male gold-digger. Bienvenida, who started out poor, is your more traditional GD. Like all women who make a living claiming that they know what makes men tick, and how to keep them happy, she obviously hates sex with an unbridled passion. To her, men, are just wallets with legs, human doors to a better existence, sugar daddies you suck like lollipops, until only the stick is left, and you have to trudge back to the billionaire candy store for more. </p> <p>According to Bienvenida, women too often let their emotions get in the way - we should all be treating relationships as business transactions, she yaps, like Ivana Trump-meets-Jane-Austen. In unguarded moments, Bienvenida admits she prefers dogs to men (there's a difference?), and bristles at the implication that she is exchanging sex for money in the time-honoured fashion. 'I use my mind, not my body,' she says, adding, 'No man who is successful invests his time with a loser. For that, they go to prostitutes.' Way appeared less bullish, admitting that he didn't feel good about his decision ('I missed out on all the things that make life at 19 worthwhile.') Then again, he is finding \u00a325m quite handy, and claims to have learnt something: 'Business is my big love,' he heavy-breathes. 'My babe.'</p> <p>It's too easy to sneer. Everybody has a price, and, for some of us, it's getting lower all the time. However, what is interesting here is how neither Bienvenida or Way accept how any equation featuring sex and money invariably leads to some form of prostitution. Then again, maybe the similarity of their situations is less interesting than their difference. On the one hand, you have a young man who has been richly renumerated for repressing a sexuality which undoubtedly exists, on the other, you have a woman who has been rewarded for promoting a sexuality which probably doesn't. Both are gold-diggers but Bienvenida emerges as the stocking-clad 'female' throwback, while Way may just be the 'male' future - hinting at the dawning of a new age where corporations control every aspect of our behaviour from the bedroom to the boardroom. As with dinners with boring rich guys, it's all seems to boil down to how 'hungry' you decide you are.</p> <p><a href=\"mailto:barbara.ellen@observer.co.uk\">barbara.ellen@observer.co.uk</a></p>",
      "wordcount": "846",
      "commentable": "false",
      "isPremoderated": "false",
      "lastModified": "2000-10-22T01:36:46Z",
      "newspaperEditionDate": "2000-10-22T00:00:00Z",
      "productionOffice": "UK",
      "publication": "The Observer",
      "shortUrl": "https://gu.com/p/xgz34",
      "shouldHideAdverts": "false",
      "showInRelatedContent": "true",
      "legallySensitive": "false",
      "lang": "en",
      "bodyText": "Like many women, my only real objection to gold-digging is that it looks like such hard work. Before you know it, your life would become a tape-loop of Aerosmith's 'Walk This Way' ('Talk this way!'), or one of those tacky Robert Palmer videos, where all the women get to strut around looking 'haughty' and 'dominant' in short skirts and stilettos. All that and having to be textbook 'sex-ee', and 'nice to be with' (read passive, uncomplaining, adoring), too. It would stretch the patience of any right-thinking woman to the limit. And for what? Jewels that make you shudder; scratchy underwear you'd only wear in a power cut, and dinners in fancy restaurants, listening to some \u00fcbersuit bore on about how great he is. I don't think I've ever been that hungry. Saying that, when done right, there's clearly an art, an arithmetic, to gold-digging - money is the objective, but sexuality is the key. Once upon a time, the colourful Courtney Love sat opposite me in a hotel room, grabbed her crotch and yelled: 'Women have so much power here if they only knew it.' But then, Courtney is smart enough to know that 'here' retains its potency only when it cannot be bought, either literally or metaphorically. Once a woman is 'for sale' on any level, she not only loses the power of 'here', she loses the greatest human right of all - emotional autonomy. That's why gold-diggers, even when they're as amusing and irresistible as Anna Nicole Smith, always remind me of mannequins in a department store window - beautiful and desirable, but also strangely powerless - inanimate, until posed, by hands seen and unseen. Two people were 'for sale' in very different ways this week. One, Ben Way, is a young man, just starting out in life, the other is the 'notorious' Bienvenida n\u00e9e Buck, a woman seemingly still determined only to leave the rich man's playpen, toes up, in a jewel-lined casket. To their credit, both these people were honest about their price tags, past and present. A year ago, at 19, Way, an internet high-flyer, was offered a multi-million pound contract to develop a new search engine. The drawback was that he was also required to sign away his right to drink, stay out late and dress outlandishly. Predictably, perhaps, what really caught the media eye was that he was also required to abstain from sexual relations for several months, when he met a girl, and only then after his bosses had vetted his intended. Way didn't care for this clause, but he signed regardless. By doing so, Way became someone who was willing to have no sex for money. A hooker in reverse if you like - a completely new kind of corporate-inspired male gold-digger. Bienvenida, who started out poor, is your more traditional GD. Like all women who make a living claiming that they know what makes men tick, and how to keep them happy, she obviously hates sex with an unbridled passion. To her, men, are just wallets with legs, human doors to a better existence, sugar daddies you suck like lollipops, until only the stick is left, and you have to trudge back to the billionaire candy store for more. According to Bienvenida, women too often let their emotions get in the way - we should all be treating relationships as business transactions, she yaps, like Ivana Trump-meets-Jane-Austen. In unguarded moments, Bienvenida admits she prefers dogs to men (there's a difference?), and bristles at the implication that she is exchanging sex for money in the time-honoured fashion. 'I use my mind, not my body,' she says, adding, 'No man who is successful invests his time with a loser. For that, they go to prostitutes.' Way appeared less bullish, admitting that he didn't feel good about his decision ('I missed out on all the things that make life at 19 worthwhile.') Then again, he is finding \u00a325m quite handy, and claims to have learnt something: 'Business is my big love,' he heavy-breathes. 'My babe.' It's too easy to sneer. Everybody has a price, and, for some of us, it's getting lower all the time. However, what is interesting here is how neither Bienvenida or Way accept how any equation featuring sex and money invariably leads to some form of prostitution. Then again, maybe the similarity of their situations is less interesting than their difference. On the one hand, you have a young man who has been richly renumerated for repressing a sexuality which undoubtedly exists, on the other, you have a woman who has been rewarded for promoting a sexuality which probably doesn't. Both are gold-diggers but Bienvenida emerges as the stocking-clad 'female' throwback, while Way may just be the 'male' future - hinting at the dawning of a new age where corporations control every aspect of our behaviour from the bedroom to the boardroom. As with dinners with boring rich guys, it's all seems to boil down to how 'hungry' you decide you are. barbara.ellen@observer.co.uk",
      "charCount": "4864"
    },
    "isHosted": false,
    "pillarId": "pillar/news",
    "pillarName": "News"
  },
  {
    "id": "money/2000/oct/22/observercashsection.theobserver2",
    "type": "article",
    "sectionId": "money",
    "sectionName": "Money",
    "webPublicationDate": "2000-10-22T01:35:05Z",
    "webTitle": "Off the rails in a throwaway world",
    "webUrl": "https://www.theguardian.com/money/2000/oct/22/observercashsection.theobserver2",
    "apiUrl": "https://content.guardianapis.com/money/2000/oct/22/observercashsection.theobserver2",
    "fields": {
      "headline": "Off the rails in a throwaway world",
      "standfirst": "Affordable chic has brought high fashion to the high street. But capricious spending may be wiping out any price savings",
      "trailText": "<p>Affordable chic has brought high fashion to the high street. But capricious spending may be wiping out any price savings.</p>",
      "main": "",
      "body": "<p>The way we look and dress has a vital role to play in self-image and self-worth. It can therefore make demands on our finances out of all proportion to practical considerations. But while we may follow fashion we are not necessarily slaves to it. </p> <p>Between 1989 and 1999 the amount we spent on clothes, footwear and accessories grew by 38 per cent to just under \u00a336 billion. Over the same period, the proportion of money spent on essential items fell. But the high street has undergone a revolution which makes dressing up with the Joneses more affordable. Outlets such as TK Maxx, part of the world's largest 'off-price' clothing retailer, the TJX Companies, and UK operation Matalan have boomed on the back of offering affordable chic. 'The chain stores copy the catwalk al-most instantly these days,' said the V&amp;A's Bolton. 'People are getting much smart-er about mixing these items with one or two designer labels to achieve the right look.' </p> <p>Even celebrities such as Zo\u00eb Ball and Posh Spice can be found flicking through the rails on the high street looking for fashions that can be worn today and then thrown away tomorrow. But this brings with it another set of problems. If fashionable clothes can be purchased for less money, there's nothing to stop us revamping our wardrobes more frequently. The benefits of lower prices are wiped out by more capricious spending. </p> <p>And real financial problems can arise if we work, or spend our leisure time, in an environment where the dress code exceeds our purchasing power. 'The women in the office are all single and wear Prada,' said Sue (not her real name), who works as an office administrator in an advertising agency. 'I'm a single mother and just can't afford to keep up.' And while the high street is becoming more adept at imitating couture style, we are all becoming more brand aware. </p> <p>'Peer group identity is being eroded by brands,' said Bolton. This shift is being recognised by the high street, and retailers such as Debenhams are bringing in high-profile designers to produce special ranges aimed at aspirational Middle England. We don't mend clothes because we get rid of them before we wear them out. </p> <p>Neither is this a purely female thing. Men, particularly younger men, are just as fashion conscious. (Expenditure on male toiletries has risen 79 per cent in the past 10 years.) </p> <p>Brands are also a way of establishing status. In a society where the outward trappings of class are being eroded, brands are one way of identifying with, and being identified by, a social or economic peer group. If Mrs Jones wears Prada, then so do I.</p>",
      "newspaperPageNumber": "4",
      "wordcount": "452",
      "commentable": "false",
      "isPremoderated": "false",
      "lastModified": "2000-10-22T01:35:05Z",
      "newspaperEditionDate": "2000-10-22T00:00:00Z",
      "productionOffice": "UK",
      "publication": "The Observer",
      "shortUrl": "https://gu.com/p/3gnv",
      "shouldHideAdverts": "false",
      "showInRelatedContent": "true",
      "legallySensitive": "false",
      "lang": "en",
      "bodyText": "The way we look and dress has a vital role to play in self-image and self-worth. It can therefore make demands on our finances out of all proportion to practical considerations. But while we may follow fashion we are not necessarily slaves to it. Between 1989 and 1999 the amount we spent on clothes, footwear and accessories grew by 38 per cent to just under \u00a336 billion. Over the same period, the proportion of money spent on essential items fell. But the high street has undergone a revolution which makes dressing up with the Joneses more affordable. Outlets such as TK Maxx, part of the world's largest 'off-price' clothing retailer, the TJX Companies, and UK operation Matalan have boomed on the back of offering affordable chic. 'The chain stores copy the catwalk al-most instantly these days,' said the V&amp;A's Bolton. 'People are getting much smart-er about mixing these items with one or two designer labels to achieve the right look.' Even celebrities such as Zo\u00eb Ball and Posh Spice can be found flicking through the rails on the high street looking for fashions that can be worn today and then thrown away tomorrow. But this brings with it another set of problems. If fashionable clothes can be purchased for less money, there's nothing to stop us revamping our wardrobes more frequently. The benefits of lower prices are wiped out by more capricious spending. And real financial problems can arise if we work, or spend our leisure time, in an environment where the dress code exceeds our purchasing power. 'The women in the office are all single and wear Prada,' said Sue (not her real name), who works as an office administrator in an advertising agency. 'I'm a single mother and just can't afford to keep up.' And while the high street is becoming more adept at imitating couture style, we are all becoming more brand aware. 'Peer group identity is being eroded by brands,' said Bolton. This shift is being recognised by the high street, and retailers such as Debenhams are bringing in high-profile designers to produce special ranges aimed at aspirational Middle England. We don't mend clothes because we get rid of them before we wear them out. Neither is this a purely female thing. Men, particularly younger men, are just as fashion conscious. (Expenditure on male toiletries has risen 79 per cent in the past 10 years.) Brands are also a way of establishing status. In a society where the outward trappings of class are being eroded, brands are one way of identifying with, and being identified by, a social or economic peer group. If Mrs Jones wears Prada, then so do I.",
      "charCount": "2594"
    },
    "isHosted": false,
    "pillarId": "pillar/lifestyle",
    "pillarName": "Lifestyle"
  },
  {
    "id": "business/2000/oct/22/theobserver.observerbusiness4",
    "type": "article",
    "sectionId": "business",
    "sectionName": "Business",
    "webPublicationDate": "2000-10-22T01:34:59Z",
    "webTitle": "Treasury's model predicts \u00a316bn surplus",
    "webUrl": "https://www.theguardian.com/business/2000/oct/22/theobserver.observerbusiness4",
    "apiUrl": "https://content.guardianapis.com/business/2000/oct/22/theobserver.observerbusiness4",
    "fields": {
      "headline": "Treasury's model predicts \u00a316bn surplus",
      "trailText": "<p>Even the quarterly forecast that uses the Treasury's own economic model is predicting that the Chancellor, Gordon Brown, will enjoy an 'embarrassing' budget surplus. The respected Ernst &amp; Young Item Club estimates it at some &#163;16 billion. </p>",
      "byline": "Faisal Islam",
      "main": "",
      "body": "<p>Even the quarterly forecast that uses the Treasury's own economic model is predicting that the Chancellor, Gordon Brown, will enjoy an 'embarrassing' budget surplus. The respected Ernst &amp; Young Item Club estimates it at some \u00a316 billion. </p> <p>The report forecasts growth of 3 per cent this year, falling back next year, but with inflation firmly under control. </p> <p>However, says author Professor Peter Spencer, the strong state of the public finances may endanger growth if the Chancellor continues to 'hoard' cash, such as the receipts from the third generation mobile phone licence auctions. </p> <p>He says: 'The war chest is so brim-full that it is threatening to sink the ship of state. The tax bonanza is a mixed blessing, because money is being raised through taxes, but that money is not being spent.' </p> <p>The predicted surplus, \u00a310bn above Budget estimates, will increase political pressure on the Chancellor to cut taxes and increase spending in the pre-Budget report, which is believed to be scheduled for 8 November. </p> <p>In fact, the Item Club stresses that there are economic risks in failing to pump such surpluses back into the economy, because of fragility in the corporate and household sectors. </p> <p>The main problem is the \u00a315bn deficit and a levelling off of investment in the companies sector, the report says. In addition, real household income is predicted to grow by only 2 per cent next year, even given an income tax cut of \u00a36bn. These factors make the UK economy more susceptible to shocks in the world economy, such as an enduringly high oil price or a slump in equity prices. </p> <p>Spencer disputed that using the surplus would add to inflationary pressures because 'the Chancellor would be simply putting money into the economy that he's already taken out'. </p> <p>The report suggests raising the threshold for upper rate tax bands in line with earnings and selected cuts to indirect taxes. </p> <p>A Treasury spokesman said that there was no special insight from use of the Treasury model and that its predictions depended on the economic assumptions made. </p> <p>Other analysts predict next month's pre-Budget Report will point to a one-off rise in the basic state pension, a small reduction in the excise duty on petrol for motorists, and an increase in the personal income tax allowance.</p>",
      "newspaperPageNumber": "3",
      "wordcount": "378",
      "commentable": "false",
      "isPremoderated": "false",
      "lastModified": "2000-10-22T01:34:59Z",
      "newspaperEditionDate": "2000-10-22T00:00:00Z",
      "productionOffice": "UK",
      "publication": "The Observer",
      "shortUrl": "https://gu.com/p/3gmd",
      "shouldHideAdverts": "false",
      "showInRelatedContent": "true",
      "legallySensitive": "false",
      "lang": "en",
      "bodyText": "Even the quarterly forecast that uses the Treasury's own economic model is predicting that the Chancellor, Gordon Brown, will enjoy an 'embarrassing' budget surplus. The respected Ernst &amp; Young Item Club estimates it at some \u00a316 billion. The report forecasts growth of 3 per cent this year, falling back next year, but with inflation firmly under control. However, says author Professor Peter Spencer, the strong state of the public finances may endanger growth if the Chancellor continues to 'hoard' cash, such as the receipts from the third generation mobile phone licence auctions. He says: 'The war chest is so brim-full that it is threatening to sink the ship of state. The tax bonanza is a mixed blessing, because money is being raised through taxes, but that money is not being spent.' The predicted surplus, \u00a310bn above Budget estimates, will increase political pressure on the Chancellor to cut taxes and increase spending in the pre-Budget report, which is believed to be scheduled for 8 November. In fact, the Item Club stresses that there are economic risks in failing to pump such surpluses back into the economy, because of fragility in the corporate and household sectors. The main problem is the \u00a315bn deficit and a levelling off of investment in the companies sector, the report says. In addition, real household income is predicted to grow by only 2 per cent next year, even given an income tax cut of \u00a36bn. These factors make the UK economy more susceptible to shocks in the world economy, such as an enduringly high oil price or a slump in equity prices. Spencer disputed that using the surplus would add to inflationary pressures because 'the Chancellor would be simply putting money into the economy that he's already taken out'. The report suggests raising the threshold for upper rate tax bands in line with earnings and selected cuts to indirect taxes. A Treasury spokesman said that there was no special insight from use of the Treasury model and that its predictions depended on the economic assumptions made. Other analysts predict next month's pre-Budget Report will point to a one-off rise in the basic state pension, a small reduction in the excise duty on petrol for motorists, and an increase in the personal income tax allowance.",
      "charCount": "2267"
    },
    "isHosted": false,
    "pillarId": "pillar/news",
    "pillarName": "News"
  },
  {
    "id": "business/2000/oct/22/theobserver.observerbusiness2",
    "type": "article",
    "sectionId": "business",
    "sectionName": "Business",
    "webPublicationDate": "2000-10-22T01:34:59Z",
    "webTitle": "Acquiring Clearasil will bring Boots US penetration",
    "webUrl": "https://www.theguardian.com/business/2000/oct/22/theobserver.observerbusiness2",
    "apiUrl": "https://content.guardianapis.com/business/2000/oct/22/theobserver.observerbusiness2",
    "fields": {
      "headline": "Putting Boots into acne",
      "standfirst": "Acquiring Clearasil will bring the group US penetration, but 'cures' for the skin disease are controversial, writes  Nick Mathiason",
      "trailText": "<p>Acquiring Clearasil will bring the group US penetration, but 'cures' for the skin disease are controversial.</p>",
      "byline": "Nick Mathiason",
      "main": "",
      "body": "<p>Acne, scourge of teenagers everywhere, came out of the shadows and into the business spotlight last week. </p> <p>It was Boots the Chemists' biggest acquisition since it disastrously overpaid for Halfords, Payless and Fads 10 years ago. The UK's most powerful pharmacy chain splashed out \u00a3233 million for the Clearasil and Biactol spot remedy brands from US Pringles-to-Pampers giant, Procter &amp; Gamble. </p> <p>For Boots, the deal gives it vital US penetration. Clearasil, invented in the late Forties by American Ivan Combe - the man behind Odor-Eaters and the Grecian men's hair formula - is a market leader in the States. The product will act as a bridgehead for Boots' other big-name, over-the-counter health products, which include Nurofen and Strepsils. It will also bolster its other teenage skincare products. </p> <p>Over the last four years, Boots has bought teenage skincare products in both France and Germany to tap into a worldwide acne consumer market worth \u00a31.5 billion and growing by 5 per cent each year. The prescribed acne-related drug market is worth another \u00a31bn. </p> <p>But more importantly Boots sees this acquisition as a way of enticing more customers on a long-term basis. The theory is that if Boots can be the teenagers' friend in their darkest hour, they will stay with the trusted health care group throughout their lives. </p> <p>Analysts, who have mostly been bearish on Boots as its shares have slid from a high of \u00a310.70 in mid-1998 to \u00a35.40 this weekend, praised the deal, despite the Nottingham-based firm paying a high price for the brand - 2.5 times its annual \u00a394m worldwide sales. </p> <p>'It's a clearly defined strategy,' said one. 'Boots knows its future lies in healthcare and related services. Its pharmacy division is under attack as margins are reduced thanks to the aggressive pricing strategies of Wal-Mart and Tesco. Healthcare is a growing market and it is how it can become a world player and create shareholder value. This deal gives it more than a foothold into global markets. It makes sense.' </p> <p>Barry Clare, Boots Healthcare International's managing director, explained why he thinks acne is a market worth tapping. 'Central heating, less time spent on outdoor activity, less time spent on healthy pursuits and worsening diets are driving up the problem.' </p> <p>Clare, who confirmed that similar consumer healthcare product acquisitions were on the cards, is intent on a massive Clearasil marketing push. The brands, he believes, stagnated under the ownership of Procter &amp; Gamble, which instead concentrated on its Olay beauty products. </p> <p>But in the week in which Body Shop boss Anita Roddick slammed anti-ageing creams as 'pap', there are many who fear that companies such as Boots and SmithKline Beecham, which makes the rival Oxy product, are making unrealistic claims for their brands. </p> <p>'There are no overnight cures for acne,' said Acne Support Group chief executive, Alison Dudley. 'The old Clearasil ads showed the amount of dirt that comes off cotton wool thanks to Clearasil. The inference is that acne is caused by dirt. This is totally inaccurate. You cannot wash away spots. The blame doesn't lie with the products. It lies with the hazy, misleading messages. </p> <p>'Kids are more likely to have less self-worth as increasingly people are aware of beauty and skin care. Airbrushed images in the media tell us we could and should have perfect skin and this is what these products are preying on.' </p> <p>Boots is adamant that it will take a responsible attitude to its advertising. </p> <p>It needs to. 'Pus Daddy' is the latest jibe meted out to those with acne by school kids increasingly obsessed with personal appearance. </p> <p>According to the British Association of Dermatologists, 85 per cent of the population suffer from acne at some point in their youth and 15 per cent have severe problems. </p> <p>The London-based Acne Support Group says that 15 per cent of those questioned in a recent survey felt suicidal as a result of the condition. </p> <p>But those with acne are often too embarrassed to talk to a doctor. And if they do, they are usually fobbed off with a pat 'it'll pass' response. By the age of 25, it usually does. But the disease, for which there are no cures - just treatments - is regarded as trivial. 'The market has been talking down to the customer,' admitted Clare. </p> <p>However, in the reclusive world of spot sufferers there are more pressing fears. Last month the US Food and Drug Administration met to discuss whether to restrict the use of the anti-acne drug Roaccutane, produced by Swiss-firm Roche Products. The drug has been 'associated' with depression and even suicide. </p> <p>America's FDA decided against restricting it, but demanded that Roche compile a register of all those prescribed the drug, which is taken by mouth and can cause birth defects in the offspring of women pregnant while taking the drug. </p> <p>The FDA continues to monitor the situation and a spokeswoman said: 'There's enough evidence to indicate an association [with psychiatric disorders] but not enough to suggest a causal link.' </p> <p>There is no doubt that Roaccutane has changed many acne sufferers' lives for the better. But the drug - a vitamin A derivative known as a retenoid - is facing legal actions worldwide from patients who claim to have suffered severe depression or attempted suicide while on it. Claims are being prepared in Britain and Ireland. The European Union is also 'aware there are problems'. </p> <p>Britain's leading dermatol ogist, Dr Tony Chu, is concerned that the drug, which since 1982 has been administered to about 11 million people worldwide and last year took sales of more than \u00a3300m, is 'over-prescribed'. </p> <p>'My feeling is it's overused. It's like zap therapy but the relapse rate is about 50 percent.' </p> <p>Roche maintains that a suicide rate of 1.7 patients on Roaccutane per 100,000 is 10 times lower than the average suicide rate according to research by the Samaritans. </p> <p>'Psychiatric events reported in association with Roaccutane therapy reflect the multiple risk factors in the population of adolescent and young adults afflicted with the disfiguring disease of acne,' the company said. </p> <p>It added: 'Roche takes issues of safety very seriously and is diligent in monitoring the safety of all its medicines.' </p> <p>But for those who take Roaccutane, the 'associated' psychiatric risks of the drug, which are now spelt out in a special warning when it is prescribed, is all they need. </p> <p><strong>What is acne?</strong></p> <p>ACNE is an inflammatory skin disease. It affects the tiny pores which cover the face, arms, back and chest and the oil glands attached to them. </p> <p>It is caused by an excessive response by grease glands under the skin to sex hormones which partially blocks pores, restricts the flow of oil on to the skin and results in solidification of the oil which causes blackheads. </p> <p>If the blockage becomes complete, oil builds up around the hair. </p> <p>The hair root then becomes infected with the bacteria normally present on skin. This bacteria breaks down the oil to inflammatory chemicals which causes redness and pus - the zit. </p> <p>The disease is normally self-limiting which is why, by the time the sufferer reaches 25, it has normally abated.</p> <p><strong>The skin game</strong> </p> <p>Total UK acne spend: \u00a364m </p> <p><strong>Clean &amp; Clear (J&amp;J) 20% </strong> <br><strong>Oxy (SmithKline Beecham) 19% </strong> <br><strong>Clearasil (Boots) 15% </strong> <br><strong>Biactol (Boots) 7%</strong></p> <p>Source: Information Resources</p>",
      "newspaperPageNumber": "2",
      "wordcount": "1228",
      "commentable": "false",
      "isPremoderated": "false",
      "lastModified": "2000-10-22T01:34:59Z",
      "newspaperEditionDate": "2000-10-22T00:00:00Z",
      "productionOffice": "UK",
      "publication": "The Observer",
      "shortUrl": "https://gu.com/p/3gm8",
      "shouldHideAdverts": "false",
      "showInRelatedContent": "true",
      "legallySensitive": "false",
      "lang": "en",
      "bodyText": "Acne, scourge of teenagers everywhere, came out of the shadows and into the business spotlight last week. It was Boots the Chemists' biggest acquisition since it disastrously overpaid for Halfords, Payless and Fads 10 years ago. The UK's most powerful pharmacy chain splashed out \u00a3233 million for the Clearasil and Biactol spot remedy brands from US Pringles-to-Pampers giant, Procter &amp; Gamble. For Boots, the deal gives it vital US penetration. Clearasil, invented in the late Forties by American Ivan Combe - the man behind Odor-Eaters and the Grecian men's hair formula - is a market leader in the States. The product will act as a bridgehead for Boots' other big-name, over-the-counter health products, which include Nurofen and Strepsils. It will also bolster its other teenage skincare products. Over the last four years, Boots has bought teenage skincare products in both France and Germany to tap into a worldwide acne consumer market worth \u00a31.5 billion and growing by 5 per cent each year. The prescribed acne-related drug market is worth another \u00a31bn. But more importantly Boots sees this acquisition as a way of enticing more customers on a long-term basis. The theory is that if Boots can be the teenagers' friend in their darkest hour, they will stay with the trusted health care group throughout their lives. Analysts, who have mostly been bearish on Boots as its shares have slid from a high of \u00a310.70 in mid-1998 to \u00a35.40 this weekend, praised the deal, despite the Nottingham-based firm paying a high price for the brand - 2.5 times its annual \u00a394m worldwide sales. 'It's a clearly defined strategy,' said one. 'Boots knows its future lies in healthcare and related services. Its pharmacy division is under attack as margins are reduced thanks to the aggressive pricing strategies of Wal-Mart and Tesco. Healthcare is a growing market and it is how it can become a world player and create shareholder value. This deal gives it more than a foothold into global markets. It makes sense.' Barry Clare, Boots Healthcare International's managing director, explained why he thinks acne is a market worth tapping. 'Central heating, less time spent on outdoor activity, less time spent on healthy pursuits and worsening diets are driving up the problem.' Clare, who confirmed that similar consumer healthcare product acquisitions were on the cards, is intent on a massive Clearasil marketing push. The brands, he believes, stagnated under the ownership of Procter &amp; Gamble, which instead concentrated on its Olay beauty products. But in the week in which Body Shop boss Anita Roddick slammed anti-ageing creams as 'pap', there are many who fear that companies such as Boots and SmithKline Beecham, which makes the rival Oxy product, are making unrealistic claims for their brands. 'There are no overnight cures for acne,' said Acne Support Group chief executive, Alison Dudley. 'The old Clearasil ads showed the amount of dirt that comes off cotton wool thanks to Clearasil. The inference is that acne is caused by dirt. This is totally inaccurate. You cannot wash away spots. The blame doesn't lie with the products. It lies with the hazy, misleading messages. 'Kids are more likely to have less self-worth as increasingly people are aware of beauty and skin care. Airbrushed images in the media tell us we could and should have perfect skin and this is what these products are preying on.' Boots is adamant that it will take a responsible attitude to its advertising. It needs to. 'Pus Daddy' is the latest jibe meted out to those with acne by school kids increasingly obsessed with personal appearance. According to the British Association of Dermatologists, 85 per cent of the population suffer from acne at some point in their youth and 15 per cent have severe problems. The London-based Acne Support Group says that 15 per cent of those questioned in a recent survey felt suicidal as a result of the condition. But those with acne are often too embarrassed to talk to a doctor. And if they do, they are usually fobbed off with a pat 'it'll pass' response. By the age of 25, it usually does. But the disease, for which there are no cures - just treatments - is regarded as trivial. 'The market has been talking down to the customer,' admitted Clare. However, in the reclusive world of spot sufferers there are more pressing fears. Last month the US Food and Drug Administration met to discuss whether to restrict the use of the anti-acne drug Roaccutane, produced by Swiss-firm Roche Products. The drug has been 'associated' with depression and even suicide. America's FDA decided against restricting it, but demanded that Roche compile a register of all those prescribed the drug, which is taken by mouth and can cause birth defects in the offspring of women pregnant while taking the drug. The FDA continues to monitor the situation and a spokeswoman said: 'There's enough evidence to indicate an association [with psychiatric disorders] but not enough to suggest a causal link.' There is no doubt that Roaccutane has changed many acne sufferers' lives for the better. But the drug - a vitamin A derivative known as a retenoid - is facing legal actions worldwide from patients who claim to have suffered severe depression or attempted suicide while on it. Claims are being prepared in Britain and Ireland. The European Union is also 'aware there are problems'. Britain's leading dermatol ogist, Dr Tony Chu, is concerned that the drug, which since 1982 has been administered to about 11 million people worldwide and last year took sales of more than \u00a3300m, is 'over-prescribed'. 'My feeling is it's overused. It's like zap therapy but the relapse rate is about 50 percent.' Roche maintains that a suicide rate of 1.7 patients on Roaccutane per 100,000 is 10 times lower than the average suicide rate according to research by the Samaritans. 'Psychiatric events reported in association with Roaccutane therapy reflect the multiple risk factors in the population of adolescent and young adults afflicted with the disfiguring disease of acne,' the company said. It added: 'Roche takes issues of safety very seriously and is diligent in monitoring the safety of all its medicines.' But for those who take Roaccutane, the 'associated' psychiatric risks of the drug, which are now spelt out in a special warning when it is prescribed, is all they need. What is acne? ACNE is an inflammatory skin disease. It affects the tiny pores which cover the face, arms, back and chest and the oil glands attached to them. It is caused by an excessive response by grease glands under the skin to sex hormones which partially blocks pores, restricts the flow of oil on to the skin and results in solidification of the oil which causes blackheads. If the blockage becomes complete, oil builds up around the hair. The hair root then becomes infected with the bacteria normally present on skin. This bacteria breaks down the oil to inflammatory chemicals which causes redness and pus - the zit. The disease is normally self-limiting which is why, by the time the sufferer reaches 25, it has normally abated. The skin game Total UK acne spend: \u00a364m Clean &amp; Clear (J&amp;J) 20% Oxy (SmithKline Beecham) 19% Clearasil (Boots) 15% Biactol (Boots) 7% Source: Information Resources",
      "charCount": "7281"
    },
    "isHosted": false,
    "pillarId": "pillar/news",
    "pillarName": "News"
  }
]