[
  {
    "id": "world/2000/nov/20/worlddispatch.patrickbarkham",
    "type": "article",
    "sectionId": "world",
    "sectionName": "World news",
    "webPublicationDate": "2000-11-20T12:36:45Z",
    "webTitle": "Oil and water don't mix",
    "webUrl": "https://www.theguardian.com/world/2000/nov/20/worlddispatch.patrickbarkham",
    "apiUrl": "https://content.guardianapis.com/world/2000/nov/20/worlddispatch.patrickbarkham",
    "fields": {
      "headline": "Oil and water don't mix",
      "standfirst": "Jet skis were involved in eight out of nine accidents on Sydney's waterways last summer, writes  Patrick Barkham, and now they are being blamed for polluting the country's premier tourist hotspot.",
      "trailText": "<B>View from Australia:</B> Jet skis were involved in eight out of nine accidents on Sydney's waterways last summer, writes  <B>Patrick Barkham</B>, and now they are being blamed for polluting the country's premier tourist hotspot.",
      "byline": "Patrick Barkham",
      "main": "",
      "body": "The dazzling light bounces off the green-and-gold ferries, the sailing boats, speedboats, 18th century replica clippers and the giant modern day navy and container ships that bob and weave through Sydney harbour. <p>It is just another weekend on Australia's busiest waterway. But new regulations and research casts doubt on the right of one group cutting through the aquatic traffic, Sydney's 5,000 jet ski users, to enjoy the harbour waters.</p> <p>US environmental group Bluewater Network claims that running a two-stroke motor on a jet ski - also called personal watercraft - for one hour causes as much hydrocarbon pollution as a 5,000-mile car journey.</p> <p>A yellow-grey smog hangs over the harbour on some busy summer weekends. The New South Wales Environment Protection Authority says that outboard motors, including jet skis and powerboats, cause 10% of volatile organic compounds and 6.8% of carbon monoxide in Sydney's air.</p> <p>\"There is a problem with personal watercraft emissions because of their two-stroke engines,\" said the EPA's Bernard Carlon. \"But their total contribution to air pollution is very small.\"</p> <p>The Green party has called for a complete ban on jet skis in Sydney harbour and is supporting a campaign by the Jetfree Coalition to create a 300m jetski-free zone around the entire coast of Australia.</p> <p>\"Jet skis are punching above their weight in the pollution stakes, in terms of accidents and in terms of complaints,\" said local Green party MP Lee Rhiannon. \"I've lived around Sydney harbour all my life. Every time you're out there you see more and more of these things. Trying to ban them outright is not the solution. They need to be regulated and users given some space in which to do it.\"</p> <p>Personal watercraft make up 6% of recreational vessels in New South Wales but attract 37% of complaints about public boating. Jet ski drivers caused eight out of nine accidents on Sydney's waterways last summer.</p> <p>Jetski users point out that dirty two-stroke technology used by lawn-mowers causes more pollution than jetskis. The Australian Personal Watercraft Association's Steve Kaniowski said the Bluewater Network's figures were \"impossible\" given that cars consumed more fuel than jetskis.</p> <p>Mr Kaniowski said the personal watercraft industry was at the forefront of reducing marine motor emissions. Two-stroke engines release up to 25% of their oil and fuel unburned. But new fuel injection systems have increased fuel economy by up to 30% and reduced exhaust emissions by up to 75%. Honda is set to manufacture a four-stroke jet ski, which will emit far less pollution than a car.</p> <p>New regulations address public concern about noise and dangerous driving by jet skis' predominantly young, male users. \"We have progressively introduced what are now the toughest controls on jet skis for any type of vessel in Australia,\" said Neil Patchett of the Waterways Authority of New South Wales.</p> <p>Local councils have been given the power to bar personal watercraft from sensitive areas, while irregular driving, including \"tearing around in circles, doing slalom turns, and all the things that your average citizen would say is annoying behaviour\" is banned, said Mr Patchett.</p> <p>\"Complaints have reduced dramatically ever since the registration fee has been increased, which pays for extra education for users,\" said Mr Kaniowski. \"We agree we should continue down that path.\" But he opposes the new capacity of councils to ban jet skis.</p> <p>\"We are being victimised,\" said Mr Kaniowski. \"Not everyone is a hooligan on the water. I'm a successful manager in a big corporation. I've got every right and responsibility on the water and I'm also a treehugger.\"</p> <p>\"Sydney harbour is one of the most beautiful harbours in the world. There is plenty of water for everybody. It is everybody's water and it is everybody's to share.\"</p> <p><b>Email</b><br> <a href=\"mailto:patrick.barkham@theguardian.com\">patrick.barkham@theguardian.com</a></p> <p><b>Related special reports</b><br> <a href=\"http://www.guardianunlimited.co.uk/ausref/0,2759,180854,00.html\">Australia and the monarchy</a><br> <a href=\"http://www.guardianunlimited.co.uk/sydney\">Sydney olympics 2000</a></p> <p><b>Other articles</b><br> <a href=\"http://www.searchunlimited.co.uk/search97cgi/s97networkr_cgi?QueryText=%28patrick+barkham%29AND+%28VdkPublicationDate+%3E%3D+01%2DSep%2D1998%29&amp;ResultColSize=2000&amp;ResultTemplate=ArchiveFull%2Ehts&amp;Collection=archive&amp;SortSpec=score+Desc&amp;Query=patrick+barkham&amp;ResultStart=1&amp;ResultCount=10&amp;ResultMaxDocs=1000&amp;Dtv=\">More articles by Patrick Barkham</a></p> <p><b>Useful links</b><br> <a href=\"http://www.smh.com.au/\" target=\"_new\">Sydney Morning Herald</a><br> <a href=\"http://www.abc.net.au/\" target=\"_new\">Australia Broadcasting Corporation</a><br> <a href=\"http://www.theage.com.au/\" target=\"_new\">The Age</a><br> <a href=\"http://www.asiapulse.com/\" target=\"_new\">Asia Pulse</a><br><a href=\"http://www.earthisland.org/bw/bwnhome.shtml\" target=\"_NEW\">Blue Water Network</a><br><a href=\"http://www.nsw.greens.org.au/parl/lee/index.html\" target=\"_NEW\">Lee Rhianon - Green MP</a><br><a href=\"http://www.epa.nsw.gov.au/\" target=\"_NEW\">New South Wales Environment Protection Agency</a><br></p>",
      "wordcount": "667",
      "commentable": "false",
      "isPremoderated": "false",
      "lastModified": "2000-11-20T12:36:45Z",
      "newspaperEditionDate": "2000-11-20T00:00:00Z",
      "productionOffice": "UK",
      "publication": "theguardian.com",
      "shortUrl": "https://gu.com/p/h2a4",
      "shouldHideAdverts": "false",
      "showInRelatedContent": "true",
      "legallySensitive": "false",
      "lang": "en",
      "bodyText": "The dazzling light bounces off the green-and-gold ferries, the sailing boats, speedboats, 18th century replica clippers and the giant modern day navy and container ships that bob and weave through Sydney harbour. It is just another weekend on Australia's busiest waterway. But new regulations and research casts doubt on the right of one group cutting through the aquatic traffic, Sydney's 5,000 jet ski users, to enjoy the harbour waters. US environmental group Bluewater Network claims that running a two-stroke motor on a jet ski - also called personal watercraft - for one hour causes as much hydrocarbon pollution as a 5,000-mile car journey. A yellow-grey smog hangs over the harbour on some busy summer weekends. The New South Wales Environment Protection Authority says that outboard motors, including jet skis and powerboats, cause 10% of volatile organic compounds and 6.8% of carbon monoxide in Sydney's air. \"There is a problem with personal watercraft emissions because of their two-stroke engines,\" said the EPA's Bernard Carlon. \"But their total contribution to air pollution is very small.\" The Green party has called for a complete ban on jet skis in Sydney harbour and is supporting a campaign by the Jetfree Coalition to create a 300m jetski-free zone around the entire coast of Australia. \"Jet skis are punching above their weight in the pollution stakes, in terms of accidents and in terms of complaints,\" said local Green party MP Lee Rhiannon. \"I've lived around Sydney harbour all my life. Every time you're out there you see more and more of these things. Trying to ban them outright is not the solution. They need to be regulated and users given some space in which to do it.\" Personal watercraft make up 6% of recreational vessels in New South Wales but attract 37% of complaints about public boating. Jet ski drivers caused eight out of nine accidents on Sydney's waterways last summer. Jetski users point out that dirty two-stroke technology used by lawn-mowers causes more pollution than jetskis. The Australian Personal Watercraft Association's Steve Kaniowski said the Bluewater Network's figures were \"impossible\" given that cars consumed more fuel than jetskis. Mr Kaniowski said the personal watercraft industry was at the forefront of reducing marine motor emissions. Two-stroke engines release up to 25% of their oil and fuel unburned. But new fuel injection systems have increased fuel economy by up to 30% and reduced exhaust emissions by up to 75%. Honda is set to manufacture a four-stroke jet ski, which will emit far less pollution than a car. New regulations address public concern about noise and dangerous driving by jet skis' predominantly young, male users. \"We have progressively introduced what are now the toughest controls on jet skis for any type of vessel in Australia,\" said Neil Patchett of the Waterways Authority of New South Wales. Local councils have been given the power to bar personal watercraft from sensitive areas, while irregular driving, including \"tearing around in circles, doing slalom turns, and all the things that your average citizen would say is annoying behaviour\" is banned, said Mr Patchett. \"Complaints have reduced dramatically ever since the registration fee has been increased, which pays for extra education for users,\" said Mr Kaniowski. \"We agree we should continue down that path.\" But he opposes the new capacity of councils to ban jet skis. \"We are being victimised,\" said Mr Kaniowski. \"Not everyone is a hooligan on the water. I'm a successful manager in a big corporation. I've got every right and responsibility on the water and I'm also a treehugger.\" \"Sydney harbour is one of the most beautiful harbours in the world. There is plenty of water for everybody. It is everybody's water and it is everybody's to share.\" Email patrick.barkham@theguardian.com Related special reports Australia and the monarchy Sydney olympics 2000 Other articles More articles by Patrick Barkham Useful links Sydney Morning Herald Australia Broadcasting Corporation The Age Asia Pulse Blue Water Network Lee Rhianon - Green MP New South Wales Environment Protection Agency",
      "charCount": "4145"
    },
    "isHosted": false,
    "pillarId": "pillar/news",
    "pillarName": "News"
  },
  {
    "id": "media/2000/nov/20/business.pressandpublishing",
    "type": "article",
    "sectionId": "media",
    "sectionName": "Media",
    "webPublicationDate": "2000-11-20T07:55:24Z",
    "webTitle": "OK! chief takes lead in race for Express",
    "webUrl": "https://www.theguardian.com/media/2000/nov/20/business.pressandpublishing",
    "apiUrl": "https://content.guardianapis.com/media/2000/nov/20/business.pressandpublishing",
    "fields": {
      "headline": "OK! chief takes lead in race for Express",
      "standfirst": "Hinduja brothers left trailing by Richard Desmond's Northern &amp; Shell Group<br /><br /><a href=\"http://www.mediaguardian.co.uk/\">MediaGuardian.co.uk</a>",
      "trailText": "<p><strong>8am: </strong>Publishing tycoon Richard Desmond's Northern &amp; Shell Group, which publishes OK! magazine, last night emerged as the surprise front-runner in the bid battle for Express Newspapers. By <strong>Rob Griffin</strong>.</p>",
      "byline": "Rob Griffin",
      "main": "",
      "body": "<p>Publishing tycoon Richard Desmond last night emerged as the surprise front-runner in the bid battle for Express Newspapers. </p> <p>Industry sources hinted that a deal could come as early as this week. </p> <p>Mr Desmond's Northern &amp; Shell Group, publisher of celebrity magazine OK! and soft porn titles such as Asian Babes, has been regarded as a serious contender only in the past few days. </p> <p>United News &amp; Media, owner of the Express titles, was initially sceptical but is now thought to favour Mr Desmond over the billionaire Hinduja brothers. </p> <p>Dresdner Kleinwort Benson, the investment bank advising United on the sale, is due to continue discussions with bidders and senior executives at United today. </p> <p>Observers say an announcement regarding the sale is expected to be made \"very soon\". </p> <p>Mr Desmond is understood to be planning a stock market flotation for Northern &amp; Shell, which also includes the adult TV Fantasy Channel. </p> <p>The group's OK! magazine now outsells rival Hello! and is reported to have paid Catherine Zeta Jones and Michael Douglas \u00a31m for the exclusive rights to their New York wedding over the weekend. </p> <p>Mr Desmond is said to believe that the addition of the Express stable, which includes the Daily Star as well as the Daily and Sunday Express titles, would provide a pre-flotation boost. </p> <p>Speculation over the Express group's future has been intense, with no less than seven groups said to have expressed an interest, but the emergence of Mr Desmond as the lead contender will come as a shock to the Hindujas who were reported to be close to an agreement with United. </p> <p>The brothers, who have manufacturing and oil interests across India and Europe, are believed to have tabled a bid of about \u00a3120m. Any acquisition would be made through Amas UK, their wholly owned subsidiary. </p> <p>Yesterday it was revealed that the pair were looking to bring Gulf Oil, described as their prize asset, to Britain after taking over and rebranding a chain of petrol stations. </p> <p>The Hindujas are also known to be interested in buying 40% of Air India from the Indian government, but reports that they are mounting a \u00a3400m bid for Go, the British Airways-owned cut-price airline, were last night dismissed by their spokesman as \"pure speculation\". </p> <p>Prior to Mr Desmond, the brothers' main rival for the Express has been the Daily Mail &amp; General Trust, owner of the Daily Mail newspaper, which is understood to have put in a similar bid. </p> <p>But its approach began to falter after it was made clear that, as a rival, a non-refundable \u00a360m deposit would have to be made to gain access to commercially sensitive information. </p> <p>Among the other parties said to be interested were Hollinger International, publisher of the Daily Telegraph, but it, too, would need to post a similar deposit to proceed. </p> <p>The Barclay brothers, who own the Scotsman and Sunday Business, pulled out of the running last month, although industry observers are refusing to write them off as bidders completely. </p> <p>Weekend reports also suggested that two other groups were considering putting together rival bids. </p> <p>A consortium involving showbusiness PR man Matthew Freud, Labour peer Lord Alli and media entrepreneur Chris Evans is said to be at an \"early stage\", while David Sullivan, owner of the Daily and Sunday Sport, is said to want the Express group's Daily Star title. </p> <p>Mr Sullivan is understood to have hired investment bankers to put together his bid but was not interested in either of the Express titles.</p>",
      "newspaperPageNumber": "25",
      "wordcount": "578",
      "commentable": "false",
      "isPremoderated": "false",
      "lastModified": "2017-05-31T21:58:35Z",
      "newspaperEditionDate": "2000-11-20T00:00:00Z",
      "productionOffice": "UK",
      "publication": "theguardian.com",
      "shortUrl": "https://gu.com/p/3j6y",
      "shouldHideAdverts": "false",
      "showInRelatedContent": "true",
      "legallySensitive": "false",
      "lang": "en",
      "bodyText": "Publishing tycoon Richard Desmond last night emerged as the surprise front-runner in the bid battle for Express Newspapers. Industry sources hinted that a deal could come as early as this week. Mr Desmond's Northern &amp; Shell Group, publisher of celebrity magazine OK! and soft porn titles such as Asian Babes, has been regarded as a serious contender only in the past few days. United News &amp; Media, owner of the Express titles, was initially sceptical but is now thought to favour Mr Desmond over the billionaire Hinduja brothers. Dresdner Kleinwort Benson, the investment bank advising United on the sale, is due to continue discussions with bidders and senior executives at United today. Observers say an announcement regarding the sale is expected to be made \"very soon\". Mr Desmond is understood to be planning a stock market flotation for Northern &amp; Shell, which also includes the adult TV Fantasy Channel. The group's OK! magazine now outsells rival Hello! and is reported to have paid Catherine Zeta Jones and Michael Douglas \u00a31m for the exclusive rights to their New York wedding over the weekend. Mr Desmond is said to believe that the addition of the Express stable, which includes the Daily Star as well as the Daily and Sunday Express titles, would provide a pre-flotation boost. Speculation over the Express group's future has been intense, with no less than seven groups said to have expressed an interest, but the emergence of Mr Desmond as the lead contender will come as a shock to the Hindujas who were reported to be close to an agreement with United. The brothers, who have manufacturing and oil interests across India and Europe, are believed to have tabled a bid of about \u00a3120m. Any acquisition would be made through Amas UK, their wholly owned subsidiary. Yesterday it was revealed that the pair were looking to bring Gulf Oil, described as their prize asset, to Britain after taking over and rebranding a chain of petrol stations. The Hindujas are also known to be interested in buying 40% of Air India from the Indian government, but reports that they are mounting a \u00a3400m bid for Go, the British Airways-owned cut-price airline, were last night dismissed by their spokesman as \"pure speculation\". Prior to Mr Desmond, the brothers' main rival for the Express has been the Daily Mail &amp; General Trust, owner of the Daily Mail newspaper, which is understood to have put in a similar bid. But its approach began to falter after it was made clear that, as a rival, a non-refundable \u00a360m deposit would have to be made to gain access to commercially sensitive information. Among the other parties said to be interested were Hollinger International, publisher of the Daily Telegraph, but it, too, would need to post a similar deposit to proceed. The Barclay brothers, who own the Scotsman and Sunday Business, pulled out of the running last month, although industry observers are refusing to write them off as bidders completely. Weekend reports also suggested that two other groups were considering putting together rival bids. A consortium involving showbusiness PR man Matthew Freud, Labour peer Lord Alli and media entrepreneur Chris Evans is said to be at an \"early stage\", while David Sullivan, owner of the Daily and Sunday Sport, is said to want the Express group's Daily Star title. Mr Sullivan is understood to have hired investment bankers to put together his bid but was not interested in either of the Express titles.",
      "charCount": "3463"
    },
    "isHosted": false,
    "pillarId": "pillar/news",
    "pillarName": "News"
  },
  {
    "id": "environment/2000/nov/20/usa2000.climatechange",
    "type": "article",
    "sectionId": "environment",
    "sectionName": "Environment",
    "webPublicationDate": "2000-11-20T01:38:26Z",
    "webTitle": "Comment: The next US president and global warming",
    "webUrl": "https://www.theguardian.com/environment/2000/nov/20/usa2000.climatechange",
    "apiUrl": "https://content.guardianapis.com/environment/2000/nov/20/usa2000.climatechange",
    "fields": {
      "headline": "Driving to doom",
      "standfirst": "Unless the winner, whether Bush or Gore, wakes up to global warming, we'll all be the losers<br /><br /><a href=\"http://www.guardianunlimited.co.uk/US_election_race/\">Special report: the US elections</a><br /><a href=\"www.guardianunlimited.co.uk/globalwarming\">Special report: global warming</a>",
      "trailText": "<p>Unless the winner, whether Bush or Gore, wakes up to global warming, we'll all be the losers.</p>",
      "byline": "Peter Preston",
      "main": "",
      "body": "<p>Let us for the moment leave chads, whether pregnant or dimpled, twisting in the wind. The supreme court of Florida is welcome to them. Something rather more serious - no, literally apocalyptic - lurks behind these frenzied American revels; something that, this week links Palm Beach and the Hague. A simple question: can democracy save the world? </p> <p>Guardian readers know that teams from 180 countries have gathered in Holland to try, one more time, to secure an agreement which reduces the greenhouse gas emissions that threaten the future of our globally warmed globe. Three years ago, in Kyoto, the leaders of those 180 countries solemnly promised to cut these emissions. They have not, however, been cut: they have risen. </p> <p>Even Kyoto, with the modest reductions it set, hasn't held. And, in particular, the US - with 5% of world population and 25% of emissions - has not kept to its word or the puny, insufficient targets it accepted in Japan. Unless the new rulers in Pennsylvania Avenue, whoever they turn out to be, can be persuaded to wake up and shape up, then we might as well not bother. A world environment policy without the polluter-in-chief is a hole in the head and a hole in the ozone layer. There will be no more important conference - for America or any of us - this year. </p> <p>Guardian readers know this because the Guardian reports it. American readers are less well served. In the US you may wade through dead forests of newsprint this morning without finding mention of the Hague. It might as well be happening on another planet, not the other side of our planet. And, anyway, George W Bush says he does not believe in global warming. He doesn't think it exists. Al Gore believes all right, yet he hasn't managed, over eight years in power, to do much about it. </p> <p>Hang on though! Isn't there, at last, a strong, growing American Green party now? And didn't it, in many ways, shape the whole presidential debate, raising causes that others feared to touch? Ralph Nader made the death penalty and privatised prisons and failed drug wars real issues. He put his old enemy, corporate power, in the firing line. It would have been a far poorer election without him. </p> <p>The thing that haunts me, 12 days on, is that it would also have been a different election. Without the irate grey panthers of Palm Beach waving their butterfly ballots, George W would already be far into his triumphant transition - and the clear divide between his victory or defeat was, and is, Nader's Green vote. We're talking 80,000-plus, not a frail 930. Nader, taking Florida Democrat votes quite disproportionately, filled out Bush's White House pass. </p> <p>Democrat bosses are bitter about that, but Nader just shrugs. Without him, he says, there was only a choice of two evils. Evil, whatever its shade, is still evil. President Gore would be an evil, too. \"Al Gore lost this election for Al Gore.\" Nader, with his calm fury and idealism, brought in hundreds of thousands of young people turned off by standard campaigning. He was an energising force (and a prophet his supporters keep comparing with Gandhi). </p> <p>Fair enough. But I went to Nader's last great Washington rally, almost as the polls opened a fortnight ago, and sat through four hours of oratory and ambition. I did not once hear the words \"global warming\" uttered. Nor \"ozone layer\". These were Green warriors who seemed more anxious to talk at length about statehood for the district of Columbia. These were environmentalists reserving their biggest cheers for legalising pot smoking. </p> <p>Now, of course, Nader does have the requisite policies somewhere in the greenhouse. Leaf through his position papers and you'll find him endorsing the standard Ozone Action programme and shredding Gore as an \"environment poseur\" playing a cynical con game. But he made precious little of it, one brick amongst many, at the close. The \"uncompromising political force\" he aimed to create was more interested in enfranchising Washington voters. </p> <p>Which is why I worry so deeply about what democracy can address, and what it can achieve, in a true environmental crisis. </p> <p>There are 90 or so Green parties around the world. Some rise and rise - to a share of government in Germany (where they embrace the European federal state). Some, like our own Greens, rise and fall again. There is no pattern to the way they bring their urgent message, the most urgent message of all. The end-of-the-world message. They don't know whether to be part of the process, or the heart of the process or standing outside it, proclaiming doom. </p> <p>\"Where were they when the petrol tanks ran dry?\" one Labour cabinet minister asked me privately the other day. Strangely silent, he thought. When the case for higher fuel taxes had to be made, he didn't hear much cheeping from the British Greens. They only surfaced to denounce Tony Blair's big environmental speech as - of course - not enough. </p> <p> There must, I think, be a parallel staring at boots in America today. Ralph Nader's presidential run, in all likelihood, will cost Gore the White House. That is not a value judgment, but a statistical one. If that's the way the next few days turn out, then there will be no action of any meaningful kind through Bush's Oval Office years. The pollution of the US, like the pollution of Texas, will proceed without let or hindrance. The failure of the Hague talks is foredoomed. </p> <p>How do you trade off four or eight years of that against vote-splitting and future party building? Where is the equation between some small progress now and no progress at all? These are terrible conundrums, but they can be put in hard terms. </p> <p>Bush and Cheney - as they would - want to license oil drilling in the Arctic National Wildlife Refuge, America's last great wilderness. They'll get that through Congress. Why rely on Arab oil, when you've got more of your own? Gore - for all his trimmings - is committed to stop that. If I were a porcupine caribou in that last great wilderness, what would I vote for - death today or life tomorrow? </p> <p>Here's the inescapable dilemma. If profligate energy use, low petrol prices, the whole bent of this consumer society, is ruining the earth today, then it needs an answer today. There is no tomorrow if you don't talk greenhouse gases today. But the voters don't want to listen and even prophet-politicians like Nader who seek their vote don't tell them in terms. Less petrol at a greater price? Forget it. When gun holders vote Bush, as they did, to hang on to their guns, what chance that car owners will vote to make their own lives more difficult? </p> <p>George W smirks: Florida's lawyers pound on: and democracy shies away because the hard questions can't be put. </p> <p><strong>Useful links</strong></p> <p><a href=\"http://www.unfccc.int\">UN framework convention on climate change</a></p> <p><a href=\"http://www.unfccc.de/resource/docs/convkp/kpeng.html\">Full text of the Kyoto Protocol</a></p> <p><a href=\"http://www.environment.detr.gov.uk/climatechange\">DETR climate change programme</a></p> <p><a href=\"http://www.cru.uea.ac.uk\">University of East Anglia Climatic Research Unit</a></p> <p><a href=\"mailto:peter.preston@theguardian.com\">peter.preston@theguardian.com</a></p>",
      "newspaperPageNumber": "21",
      "wordcount": "1185",
      "commentable": "false",
      "isPremoderated": "false",
      "lastModified": "2018-02-14T20:37:58Z",
      "newspaperEditionDate": "2000-11-20T00:00:00Z",
      "productionOffice": "UK",
      "publication": "theguardian.com",
      "shortUrl": "https://gu.com/p/237p",
      "shouldHideAdverts": "false",
      "showInRelatedContent": "true",
      "legallySensitive": "false",
      "lang": "en",
      "bodyText": "Let us for the moment leave chads, whether pregnant or dimpled, twisting in the wind. The supreme court of Florida is welcome to them. Something rather more serious - no, literally apocalyptic - lurks behind these frenzied American revels; something that, this week links Palm Beach and the Hague. A simple question: can democracy save the world? Guardian readers know that teams from 180 countries have gathered in Holland to try, one more time, to secure an agreement which reduces the greenhouse gas emissions that threaten the future of our globally warmed globe. Three years ago, in Kyoto, the leaders of those 180 countries solemnly promised to cut these emissions. They have not, however, been cut: they have risen. Even Kyoto, with the modest reductions it set, hasn't held. And, in particular, the US - with 5% of world population and 25% of emissions - has not kept to its word or the puny, insufficient targets it accepted in Japan. Unless the new rulers in Pennsylvania Avenue, whoever they turn out to be, can be persuaded to wake up and shape up, then we might as well not bother. A world environment policy without the polluter-in-chief is a hole in the head and a hole in the ozone layer. There will be no more important conference - for America or any of us - this year. Guardian readers know this because the Guardian reports it. American readers are less well served. In the US you may wade through dead forests of newsprint this morning without finding mention of the Hague. It might as well be happening on another planet, not the other side of our planet. And, anyway, George W Bush says he does not believe in global warming. He doesn't think it exists. Al Gore believes all right, yet he hasn't managed, over eight years in power, to do much about it. Hang on though! Isn't there, at last, a strong, growing American Green party now? And didn't it, in many ways, shape the whole presidential debate, raising causes that others feared to touch? Ralph Nader made the death penalty and privatised prisons and failed drug wars real issues. He put his old enemy, corporate power, in the firing line. It would have been a far poorer election without him. The thing that haunts me, 12 days on, is that it would also have been a different election. Without the irate grey panthers of Palm Beach waving their butterfly ballots, George W would already be far into his triumphant transition - and the clear divide between his victory or defeat was, and is, Nader's Green vote. We're talking 80,000-plus, not a frail 930. Nader, taking Florida Democrat votes quite disproportionately, filled out Bush's White House pass. Democrat bosses are bitter about that, but Nader just shrugs. Without him, he says, there was only a choice of two evils. Evil, whatever its shade, is still evil. President Gore would be an evil, too. \"Al Gore lost this election for Al Gore.\" Nader, with his calm fury and idealism, brought in hundreds of thousands of young people turned off by standard campaigning. He was an energising force (and a prophet his supporters keep comparing with Gandhi). Fair enough. But I went to Nader's last great Washington rally, almost as the polls opened a fortnight ago, and sat through four hours of oratory and ambition. I did not once hear the words \"global warming\" uttered. Nor \"ozone layer\". These were Green warriors who seemed more anxious to talk at length about statehood for the district of Columbia. These were environmentalists reserving their biggest cheers for legalising pot smoking. Now, of course, Nader does have the requisite policies somewhere in the greenhouse. Leaf through his position papers and you'll find him endorsing the standard Ozone Action programme and shredding Gore as an \"environment poseur\" playing a cynical con game. But he made precious little of it, one brick amongst many, at the close. The \"uncompromising political force\" he aimed to create was more interested in enfranchising Washington voters. Which is why I worry so deeply about what democracy can address, and what it can achieve, in a true environmental crisis. There are 90 or so Green parties around the world. Some rise and rise - to a share of government in Germany (where they embrace the European federal state). Some, like our own Greens, rise and fall again. There is no pattern to the way they bring their urgent message, the most urgent message of all. The end-of-the-world message. They don't know whether to be part of the process, or the heart of the process or standing outside it, proclaiming doom. \"Where were they when the petrol tanks ran dry?\" one Labour cabinet minister asked me privately the other day. Strangely silent, he thought. When the case for higher fuel taxes had to be made, he didn't hear much cheeping from the British Greens. They only surfaced to denounce Tony Blair's big environmental speech as - of course - not enough. There must, I think, be a parallel staring at boots in America today. Ralph Nader's presidential run, in all likelihood, will cost Gore the White House. That is not a value judgment, but a statistical one. If that's the way the next few days turn out, then there will be no action of any meaningful kind through Bush's Oval Office years. The pollution of the US, like the pollution of Texas, will proceed without let or hindrance. The failure of the Hague talks is foredoomed. How do you trade off four or eight years of that against vote-splitting and future party building? Where is the equation between some small progress now and no progress at all? These are terrible conundrums, but they can be put in hard terms. Bush and Cheney - as they would - want to license oil drilling in the Arctic National Wildlife Refuge, America's last great wilderness. They'll get that through Congress. Why rely on Arab oil, when you've got more of your own? Gore - for all his trimmings - is committed to stop that. If I were a porcupine caribou in that last great wilderness, what would I vote for - death today or life tomorrow? Here's the inescapable dilemma. If profligate energy use, low petrol prices, the whole bent of this consumer society, is ruining the earth today, then it needs an answer today. There is no tomorrow if you don't talk greenhouse gases today. But the voters don't want to listen and even prophet-politicians like Nader who seek their vote don't tell them in terms. Less petrol at a greater price? Forget it. When gun holders vote Bush, as they did, to hang on to their guns, what chance that car owners will vote to make their own lives more difficult? George W smirks: Florida's lawyers pound on: and democracy shies away because the hard questions can't be put. Useful links UN framework convention on climate change Full text of the Kyoto Protocol DETR climate change programme University of East Anglia Climatic Research Unit peter.preston@theguardian.com",
      "charCount": "6861"
    },
    "isHosted": false,
    "pillarId": "pillar/news",
    "pillarName": "News"
  },
  {
    "id": "world/2000/nov/20/duncancampbell",
    "type": "article",
    "sectionId": "world",
    "sectionName": "World news",
    "webPublicationDate": "2000-11-20T01:38:09Z",
    "webTitle": "High price of speeding on the slopes",
    "webUrl": "https://www.theguardian.com/world/2000/nov/20/duncancampbell",
    "apiUrl": "https://content.guardianapis.com/world/2000/nov/20/duncancampbell",
    "fields": {
      "headline": "High price of speeding on the slopes",
      "trailText": "Skiers in the US are preparing for the Thanksgiving holiday this week, aware that for the first time dangerous skiing could result in a charge of homicide.",
      "byline": "Duncan Campbell in Los Angeles",
      "main": "",
      "body": "Skiers in the US are preparing for the Thanksgiving holiday this week, aware that for the first time dangerous skiing could result in a charge of homicide. <p>Last week a skier was convicted of killing someone with whom he collided, and now faces up to six years in prison. </p> <p>The verdict by a jury in Eagle, Colorado, raises the spectre of further criminal charges and civil action against skiers considered by juries to have acted in reckless ways. </p> <p>Lawyers say the case has ramifications for surfers and others who take part in sports where collisions are not uncommon. </p> <p>The death of such celebrity skiers as the singer and politician Sonny Bono and the Kennedy heir Michael on the American slopes in recent years heightened the need for improved controls on the millions who head for the slopes each season. But last week's verdict has taken the skiing world by surprise. </p> <p>Nathan Hall, 21, of Chico, California, was convicted of the criminally negligent homicide of Alan Cobb, 33, from Denver, Colorado. </p> <p>Hall, who worked as a lift operator at the resort of Vail in Colorado, collided with Cobb when he was skiing very fast in what witnesses described as poor conditions in 1997. Cobb died of head injuries. </p> <p>\"Today our ski slopes in Colorado and the world have been made safer,\" the prosecuting attorney, John Clune, said after the verdict. </p> <p>\"You can't recklessly ski and hurt somebody. I think the whole world should pay attention to this. He [Hall] was bombing down the mountain. He was reckless. That is why Alan isn't with us.\" </p> <p>Hall was charged with reckless manslaughter, which carries a maximum jail sentence of 16 years. The lesser offence of criminally negligent homicide carries a penalty of six years. He will be sentenced at the beginning of next year. </p> <p>Hall said he had a \"lot of strong feelings and comments I want to make, but not at this time\". </p> <p>The jury heard a tape recording made after the accident in which Hall said he was \"out of control\" and unable to stop. The fact that he was an expert skier and thus aware of the risks of skiing at such high speed may have counted against him. </p> <p>Civil actions are not uncommon after such incidents, and Cobb's family have reached a $300,000 (\u00a3210,000) settlement with the Vail resort. But lawyers say this is the first criminal trial of a skier for killing someone. </p> <p>Last year, 30 people died on the American ski slopes, 23 skiers and seven snowboarders, down from 39 the previous year. The average annual death toll is around 34. </p> <p>In a message on its website, the National Ski Areas Association says the risks of skiing should not be over-estimated. </p> <p>\"Skiing and snowboarding are no more dangerous than other high-energy participation sports.\" </p> <p>It says last year's death toll was not high, considering that 7.4m skiers and 3.6m snow-boarders were engaged in the sports.</p>",
      "newspaperPageNumber": "16",
      "wordcount": "491",
      "commentable": "false",
      "isPremoderated": "false",
      "lastModified": "2000-11-20T01:38:09Z",
      "newspaperEditionDate": "2000-11-20T00:00:00Z",
      "productionOffice": "UK",
      "publication": "theguardian.com",
      "shortUrl": "https://gu.com/p/tyy3",
      "shouldHideAdverts": "false",
      "showInRelatedContent": "true",
      "legallySensitive": "false",
      "lang": "en",
      "bodyText": "Skiers in the US are preparing for the Thanksgiving holiday this week, aware that for the first time dangerous skiing could result in a charge of homicide. Last week a skier was convicted of killing someone with whom he collided, and now faces up to six years in prison. The verdict by a jury in Eagle, Colorado, raises the spectre of further criminal charges and civil action against skiers considered by juries to have acted in reckless ways. Lawyers say the case has ramifications for surfers and others who take part in sports where collisions are not uncommon. The death of such celebrity skiers as the singer and politician Sonny Bono and the Kennedy heir Michael on the American slopes in recent years heightened the need for improved controls on the millions who head for the slopes each season. But last week's verdict has taken the skiing world by surprise. Nathan Hall, 21, of Chico, California, was convicted of the criminally negligent homicide of Alan Cobb, 33, from Denver, Colorado. Hall, who worked as a lift operator at the resort of Vail in Colorado, collided with Cobb when he was skiing very fast in what witnesses described as poor conditions in 1997. Cobb died of head injuries. \"Today our ski slopes in Colorado and the world have been made safer,\" the prosecuting attorney, John Clune, said after the verdict. \"You can't recklessly ski and hurt somebody. I think the whole world should pay attention to this. He [Hall] was bombing down the mountain. He was reckless. That is why Alan isn't with us.\" Hall was charged with reckless manslaughter, which carries a maximum jail sentence of 16 years. The lesser offence of criminally negligent homicide carries a penalty of six years. He will be sentenced at the beginning of next year. Hall said he had a \"lot of strong feelings and comments I want to make, but not at this time\". The jury heard a tape recording made after the accident in which Hall said he was \"out of control\" and unable to stop. The fact that he was an expert skier and thus aware of the risks of skiing at such high speed may have counted against him. Civil actions are not uncommon after such incidents, and Cobb's family have reached a $300,000 (\u00a3210,000) settlement with the Vail resort. But lawyers say this is the first criminal trial of a skier for killing someone. Last year, 30 people died on the American ski slopes, 23 skiers and seven snowboarders, down from 39 the previous year. The average annual death toll is around 34. In a message on its website, the National Ski Areas Association says the risks of skiing should not be over-estimated. \"Skiing and snowboarding are no more dangerous than other high-energy participation sports.\" It says last year's death toll was not high, considering that 7.4m skiers and 3.6m snow-boarders were engaged in the sports.",
      "charCount": "2815"
    },
    "isHosted": false,
    "pillarId": "pillar/news",
    "pillarName": "News"
  },
  {
    "id": "business/2000/nov/20/oil.climatechange",
    "type": "article",
    "sectionId": "business",
    "sectionName": "Business",
    "webPublicationDate": "2000-11-20T00:15:09Z",
    "webTitle": "Charlotte Denny: The US consumer is pumping the world dry",
    "webUrl": "https://www.theguardian.com/business/2000/nov/20/oil.climatechange",
    "apiUrl": "https://content.guardianapis.com/business/2000/nov/20/oil.climatechange",
    "fields": {
      "headline": "How the US consumer is pumping the world dry",
      "standfirst": "<a href=\"http://www.guardian.co.uk/petrol/\">Special report: Petrol</a><br /><a href=\"http://www.guardian.co.uk/globalwarming/\">Special report: Global warming</a>",
      "trailText": "<p>For latter day new agers, the believers in the digital economy, oil is such an old fashioned commodity that it barely rates     a mention. In their visions of the future, the economy will run on ideas and computer codes, and somehow escape one     of the iron laws of economics: scarcity.    </p>",
      "byline": "Charlotte Denny",
      "main": "",
      "body": "<p>For latter day new agers, the believers in the digital economy, oil is such an old fashioned commodity that it barely rates a mention. In their visions of the future, the economy will run on ideas and computer codes, and somehow escape one of the iron laws of economics: scarcity. </p> <p> But if the laws of supply and demand have apparently been suspended in the digital world, they are back with a vengeance in the world of energy, as Opec has demonstrated this year. The production cuts that the oil producers' cartel implemented last year have trebled the price of crude, and some economists believe the soaring price of energy will inevitably send the industrialised world into recession. </p> <p> \"The modern world turns on energy; and the biggest provider of that is petroleum,\" says Professor Andrew Oswald, from the University of Warwick. \"I am sceptical when people tell me that Bill Gates and computers have taken over so we don't need to worry about oil stocks any more.\" </p> <p> Rather than being the bad guys, though, it is possible that Opec has done the west a good turn this year by putting up the costs of its favourite fuel, even if the price is a painful slump. </p> <p> We simply cannot afford to consume as much of the stuff as we have been doing. Burning oil is choking the world with carbon dioxide, an important cause of global warning. Second, even without the hand of Opec interfering, oil prices could be about to rise steeply because of dwindling supplies. </p> <p> The nightmare scenario is outlined by David Fleming in a recent article - After Oil Prospect, November 2000. \"The steep decline in the discovery of oil since 1965 means that production, too, must decline, and the turning point is expected in 2005,\" he writes. </p> <p> Such gloomy prognoses have been dismissed in the past by analysts, who argue that there are further reserves out there waiting to be discovered. </p> <p> But Mr Fleming says that many of these new fields are of lower quality than great oil fields which have fuelled world industry since the war and will be more expensive and slower to extract. The turning point will come when demand outstrips supply, sending prices through the roof. </p> <p> Higher prices will prompt new exploration and make some marginal fields viable. This will only delay the inevitable, according to Mr Fleming. \"Within the period 2001-3, the tension between demand and the reduced growth in supply can only be expected to raise the price of oil supplies even further,\" he says. </p> <p> Even the relatively conservative International Energy Agency agrees that world oil supply will peak, although it predicts a deadline of 2012. </p> <p> But its analysis is based on assuming demand grows in line with past trends. An even scarier possibility is raised by Prof Oswald. At present the US, with its 250m consumers, sucks up the largest proportion of world oil - 19m of the 74m barrels the world uses daily. Two-thirds is used for transportation. \"Forget software taking over from steel mills,\" says Mr Oswald. \"It is the rise and rise of the motor car and the lorry which is the issue.\" </p> <p> At the moment, the average American consumes 25 times the amount of oil used by the average Chinese citizen. China consumes just 4m barrels of oil a day for transport, despite having five times as many people as the US. But what happens when the growing Chinese middle classes trade in their bicycles for cars? </p> <p>China is about to open its markets and join the World Trade Organisation, a process which involve painful disruptions for many of its citizens, but growing wealth for many others - and the arrival of foreign car firms will provide the opportunity to spend their money. </p> <p> The country is industrialising rapidly, and while there are only 15m cars in the country now - one for every 125 people - the numbers are rising rapidly. </p> <p> Prof Oswald says that once China gets the motor car all bets are off. \"It's not clear how world oil demand and supply will cope in our children's lives,\" he says. It is a problem, too, for the politicians gathering at The Hague this week to thrash out an agreement on cuts to carbon dioxide emissions to tackle global warming. </p> <p>Developing countries such as China were excluded from the agreement outlined three years ago in Kyoto, when industrialised countries agreed to cut emissions back to an average of 5% below 1990 levels over the next decade. </p> <p>The US is calling on developing nations to shoulder some of the burden of cutting emissions - provoking outrage from their politicians, who point out that it was the west that put most of the carbon dioxide into the atmosphere. </p> <p> The US position is particularly galling because it has not even managed to sell the relatively modest cuts outlined at Kyoto to an American electorate hooked on oil. The US economy has been firing on all cylinders during the past few years, increasing its demand for energy, and it would now have to cut back its emissions by 20% - a target US industry says is impossibly painful. </p> <p> One stumbling block which should not be allowed to derail an agreement this week is the question of so-called emissions trading - allowing countries to pay other nations to make carbon dioxide cuts on their behalf. </p> <p> As a price of signing up to the Kyoto protocol, the US wants to be allowed to achieve its emissions cuts through trading or through other flexible measures such as the clean development mechanism, where developed countries pay to clean up carbon dioxide emissions in the developing world, in exchange for a credit towards their own quotas. </p> <p> The EU is demanding that emissions trading and other such mechanisms account for no more than half a country's cuts. It is irrelevant for global warming where carbon dioxide is produced - and it makes sense to make the cuts where it is cheapest. If US industry can pay a fac tory in another country to clean up its emissions more cheaply, that will soften the economic impact of the cuts. </p> <p> If the US signs up to a deal this week then American consumers will just have to change their ways, even if industry is able to make deals offshore. The biggest single contributor to global warming is the private car. US negotiators at the Hague recognise these realities, although few are optimistic about a deal being ratified by Congress any time soon. But if the threat of global warming will not persuade Americans to abandon their love affair with the car, perhaps the prospect of a world running out of oil will. </p> <p> The US has already used more than two-thirds of its own oil reserves and is now dependent on foreign suppliers for half its daily needs. The remaining reserves are concentrated in countries which regard the US with some suspicion, if not downright hostility. The prospect of being over a barrel to the Middle East might be the shock that America and the world needs to put the necessary investment into cleaner technology. </p> <p> <a href=\"mailto:charlotte.denny@theguardian.com\">charlotte.denny@theguardian.com</a></p>",
      "wordcount": "1190",
      "commentable": "false",
      "isPremoderated": "false",
      "lastModified": "2018-02-14T20:37:59Z",
      "newspaperEditionDate": "2000-11-20T00:00:00Z",
      "productionOffice": "UK",
      "publication": "theguardian.com",
      "shortUrl": "https://gu.com/p/x8qm",
      "shouldHideAdverts": "false",
      "showInRelatedContent": "true",
      "legallySensitive": "false",
      "lang": "en",
      "bodyText": "For latter day new agers, the believers in the digital economy, oil is such an old fashioned commodity that it barely rates a mention. In their visions of the future, the economy will run on ideas and computer codes, and somehow escape one of the iron laws of economics: scarcity. But if the laws of supply and demand have apparently been suspended in the digital world, they are back with a vengeance in the world of energy, as Opec has demonstrated this year. The production cuts that the oil producers' cartel implemented last year have trebled the price of crude, and some economists believe the soaring price of energy will inevitably send the industrialised world into recession. \"The modern world turns on energy; and the biggest provider of that is petroleum,\" says Professor Andrew Oswald, from the University of Warwick. \"I am sceptical when people tell me that Bill Gates and computers have taken over so we don't need to worry about oil stocks any more.\" Rather than being the bad guys, though, it is possible that Opec has done the west a good turn this year by putting up the costs of its favourite fuel, even if the price is a painful slump. We simply cannot afford to consume as much of the stuff as we have been doing. Burning oil is choking the world with carbon dioxide, an important cause of global warning. Second, even without the hand of Opec interfering, oil prices could be about to rise steeply because of dwindling supplies. The nightmare scenario is outlined by David Fleming in a recent article - After Oil Prospect, November 2000. \"The steep decline in the discovery of oil since 1965 means that production, too, must decline, and the turning point is expected in 2005,\" he writes. Such gloomy prognoses have been dismissed in the past by analysts, who argue that there are further reserves out there waiting to be discovered. But Mr Fleming says that many of these new fields are of lower quality than great oil fields which have fuelled world industry since the war and will be more expensive and slower to extract. The turning point will come when demand outstrips supply, sending prices through the roof. Higher prices will prompt new exploration and make some marginal fields viable. This will only delay the inevitable, according to Mr Fleming. \"Within the period 2001-3, the tension between demand and the reduced growth in supply can only be expected to raise the price of oil supplies even further,\" he says. Even the relatively conservative International Energy Agency agrees that world oil supply will peak, although it predicts a deadline of 2012. But its analysis is based on assuming demand grows in line with past trends. An even scarier possibility is raised by Prof Oswald. At present the US, with its 250m consumers, sucks up the largest proportion of world oil - 19m of the 74m barrels the world uses daily. Two-thirds is used for transportation. \"Forget software taking over from steel mills,\" says Mr Oswald. \"It is the rise and rise of the motor car and the lorry which is the issue.\" At the moment, the average American consumes 25 times the amount of oil used by the average Chinese citizen. China consumes just 4m barrels of oil a day for transport, despite having five times as many people as the US. But what happens when the growing Chinese middle classes trade in their bicycles for cars? China is about to open its markets and join the World Trade Organisation, a process which involve painful disruptions for many of its citizens, but growing wealth for many others - and the arrival of foreign car firms will provide the opportunity to spend their money. The country is industrialising rapidly, and while there are only 15m cars in the country now - one for every 125 people - the numbers are rising rapidly. Prof Oswald says that once China gets the motor car all bets are off. \"It's not clear how world oil demand and supply will cope in our children's lives,\" he says. It is a problem, too, for the politicians gathering at The Hague this week to thrash out an agreement on cuts to carbon dioxide emissions to tackle global warming. Developing countries such as China were excluded from the agreement outlined three years ago in Kyoto, when industrialised countries agreed to cut emissions back to an average of 5% below 1990 levels over the next decade. The US is calling on developing nations to shoulder some of the burden of cutting emissions - provoking outrage from their politicians, who point out that it was the west that put most of the carbon dioxide into the atmosphere. The US position is particularly galling because it has not even managed to sell the relatively modest cuts outlined at Kyoto to an American electorate hooked on oil. The US economy has been firing on all cylinders during the past few years, increasing its demand for energy, and it would now have to cut back its emissions by 20% - a target US industry says is impossibly painful. One stumbling block which should not be allowed to derail an agreement this week is the question of so-called emissions trading - allowing countries to pay other nations to make carbon dioxide cuts on their behalf. As a price of signing up to the Kyoto protocol, the US wants to be allowed to achieve its emissions cuts through trading or through other flexible measures such as the clean development mechanism, where developed countries pay to clean up carbon dioxide emissions in the developing world, in exchange for a credit towards their own quotas. The EU is demanding that emissions trading and other such mechanisms account for no more than half a country's cuts. It is irrelevant for global warming where carbon dioxide is produced - and it makes sense to make the cuts where it is cheapest. If US industry can pay a fac tory in another country to clean up its emissions more cheaply, that will soften the economic impact of the cuts. If the US signs up to a deal this week then American consumers will just have to change their ways, even if industry is able to make deals offshore. The biggest single contributor to global warming is the private car. US negotiators at the Hague recognise these realities, although few are optimistic about a deal being ratified by Congress any time soon. But if the threat of global warming will not persuade Americans to abandon their love affair with the car, perhaps the prospect of a world running out of oil will. The US has already used more than two-thirds of its own oil reserves and is now dependent on foreign suppliers for half its daily needs. The remaining reserves are concentrated in countries which regard the US with some suspicion, if not downright hostility. The prospect of being over a barrel to the Middle East might be the shock that America and the world needs to put the necessary investment into cleaner technology. charlotte.denny@theguardian.com",
      "charCount": "6847"
    },
    "isHosted": false,
    "pillarId": "pillar/news",
    "pillarName": "News"
  },
  {
    "id": "technology/2000/nov/20/business.personalfinancenews",
    "type": "article",
    "sectionId": "technology",
    "sectionName": "Technology",
    "webPublicationDate": "2000-11-20T00:00:00Z",
    "webTitle": "How big banks pocket millions from the online rip-off",
    "webUrl": "https://www.theguardian.com/technology/2000/nov/20/business.personalfinancenews",
    "apiUrl": "https://content.guardianapis.com/technology/2000/nov/20/business.personalfinancenews",
    "fields": {
      "headline": "How big banks pocket millions from the online rip-off",
      "standfirst": "Customers lured from high street branches to internet accounts pay the price through low interest rates",
      "trailText": "<p>Customers lured from high street branches to internet accounts pay the price through low interest rates.</p>",
      "byline": "Jill Treanor, deputy city editor",
      "main": "",
      "body": "<p>The big banks are ripping off their customers by more than \u00a380m a year by luring them away from branches and on to the internet. </p> <p>According to new research, the major banks are saving millions by paying tiny rates of interest to their internet customers even though they cost them a fraction of those using branches. </p> <p>On average the \"big four\" - HSBC, Lloyds TSB, NatWest and Barclays - are paying 0.1% rates on current account balances while specialist online banks are offering up to 40 times higher rates of interest. </p> <p>The big four have an 80% share of the current account market and, according to new research, are cashing in on customer inertia. While statistics show current account customers are more likely to divorce than move to a new bank, they do appear to be increasingly prepared to move to their existing bank's internet site. </p> <p>However, the Halifax believes this inertia is costing the 2.5m online current account customers of the big four interest payments of \u00a385m a year. And, as the number of internet customers grows, the banks will benefit even more. </p> <p>The situation has already attracted government attention and in the coming days the Department of Trade and Industry is expected to publish the findings of a survey as to why bank customers are so reluctant to take their business elsewhere. </p> <p>The banks have been instructed to make it easier for customers to move their accounts by sharing direct debit details, and banks which have traditionally been bigger players in the mortgage market, such as Halifax, Abbey National and Alliance &amp; Leicester, are aiming to benefit by offering more attractive products than the big four. </p> <p>As yet, despite the pledge to make it easier for customers to move accounts, there is little evidence that customers are moving their current accounts from the big four. </p> <p>Last week, though, the Nationwide building society, usually more associated with mortgages and savings, claimed to be taking a 5% share of all new current accounts, many of which were for its internet banking. </p> <p>This appears to be an isolated case. Most of the movement in savings is away from the established accounts of the big four and towards their internet offshoots. Privately, bankers admit this is to their advantage as these accounts are cheaper for them to run. This is backed by consultants Booz, Allen &amp; Hamilton. They calculate that online transactions cost less than 1% of those in branches. Barclays have closed more than 160 of its branches this year alone. </p> <p><strong> Big push </strong><br> </p> <p> Barclays is one of the banks which is making a big push for internet customers. It now claims to be the country's biggest internet bank with more than 1.5m customers and is advertising its online business in a campaign fronted by Scottish comedian Robbie Coltrane, who boasts customers can now be their own bank managers by using the net. </p> <p>Yet, according to the Halifax, customers miss out as a result. David Walkden, general manager of Halifax Online, said: \"Millions of people are becoming their own bank managers on the phone and on the net but are not getting anything extra for doing so.\". </p> <p>Halifax, which has only 2m current accounts in comparison with Barclays' 8m, intends to pay 4% interest on current accounts from next year so long as \u00a31,000 is paid in each month. It plans to pay it to online, phone and branch customers and has pledged to set a \"crack switching team\" on changing customers' direct debits. </p> <p>It is too soon to know whether Halifax's attempt to win customers by paying interest rates will bear fruit as it it will not start paying the rate until next year. However, if customers can be enticed to open new current accounts, Halifax calculates that the 2.5m online customers of the big four could receive a combined interest payment of \u00a385m a year by taking up its 4% offer. </p> <p>The \"big four\" argued yesterday that they do not offer their online customers better rates because they are still able to use branches and the telephone. </p> <p>A spokesman for NatWest, which is now owned by Royal Bank of Scotland, said: \"Our philosophy is to have one current account and for customers to choose how to access us\". </p> <p><strong> New brand</strong><br> </p> <p> This was view echoed by the other high street banks. Lloyds TSB said: \"Remember, no one is being forced to use the internet\". </p> <p>Lloyds TSB said, however, that it would be offering more attractive rates through its new internet bank, to be known as evolve.com, after it is launched later this year. </p> <p>This route, of setting up a separate brand for the internet, has also been chosen by other banks. For instance, the 0.5m online customers of Abbey National are paid very little interest while the 45,000 customers of its new Cahoot internet bank can expect payments of up to 7.1%. </p> <p>Yet, even Halifax is setting up a telephone and online operation under a new brand which will offer better rates to customers. The Intelligent Finance unit, advertised to the tunes of Fatboy Slim and currently dogged by technical difficulties, will pay 5% on current accounts, even more than a Halifax-branded account. </p> <p><strong>Called to account</strong></p> <p><strong> Barclays</strong><br> </p> <p> <strong> Online customers </strong> 1.5m </p> <p><strong> Traditional current accounts </strong> 8m+ </p> <p><strong> Rate </strong> 0.1% pa </p> <p><strong> Lloyds TSB</strong><br> </p> <p> <strong> Online </strong> 500,000+ </p> <p><strong> Traditional </strong> 7m (approx) </p> <p><strong> Rate</strong> 0.1% pa </p> <p><strong> NatWest </strong><br> </p> <p> <strong> Online</strong> 400,000 </p> <p><strong> Traditional</strong> 6.5m </p> <p><strong> Rate</strong> 0.1% pa </p> <p><strong> HSBC</strong><br> </p> <p> <strong> Online </strong> 500,000 </p> <p><strong> Traditional </strong> 7m (approx) </p> <p><strong> Rate</strong> 0.1% </p> <p><strong> First Direct (HSBC)</strong><br> </p> <p> <strong> Customer numbers</strong> not available </p> <p><strong> Rate</strong> 5% for firstdirect.com </p> <p><strong> Cahoot (Abbey National)</strong><br> </p> <p> <strong> Customers</strong> 45,000 </p> <p><strong> Rate</strong> up to 7.1% </p> <p><strong> Smile (Cooperative Bank)</strong><br> </p> <p> <strong> Online</strong> 200,000 </p> <p><strong> Rate</strong> 4.85%</p>",
      "newspaperPageNumber": "3",
      "wordcount": "952",
      "commentable": "false",
      "isPremoderated": "false",
      "lastModified": "2017-02-21T23:40:58Z",
      "newspaperEditionDate": "2000-11-20T00:00:00Z",
      "productionOffice": "UK",
      "publication": "theguardian.com",
      "shortUrl": "https://gu.com/p/xkh4",
      "shouldHideAdverts": "false",
      "showInRelatedContent": "true",
      "legallySensitive": "false",
      "lang": "en",
      "bodyText": "The big banks are ripping off their customers by more than \u00a380m a year by luring them away from branches and on to the internet. According to new research, the major banks are saving millions by paying tiny rates of interest to their internet customers even though they cost them a fraction of those using branches. On average the \"big four\" - HSBC, Lloyds TSB, NatWest and Barclays - are paying 0.1% rates on current account balances while specialist online banks are offering up to 40 times higher rates of interest. The big four have an 80% share of the current account market and, according to new research, are cashing in on customer inertia. While statistics show current account customers are more likely to divorce than move to a new bank, they do appear to be increasingly prepared to move to their existing bank's internet site. However, the Halifax believes this inertia is costing the 2.5m online current account customers of the big four interest payments of \u00a385m a year. And, as the number of internet customers grows, the banks will benefit even more. The situation has already attracted government attention and in the coming days the Department of Trade and Industry is expected to publish the findings of a survey as to why bank customers are so reluctant to take their business elsewhere. The banks have been instructed to make it easier for customers to move their accounts by sharing direct debit details, and banks which have traditionally been bigger players in the mortgage market, such as Halifax, Abbey National and Alliance &amp; Leicester, are aiming to benefit by offering more attractive products than the big four. As yet, despite the pledge to make it easier for customers to move accounts, there is little evidence that customers are moving their current accounts from the big four. Last week, though, the Nationwide building society, usually more associated with mortgages and savings, claimed to be taking a 5% share of all new current accounts, many of which were for its internet banking. This appears to be an isolated case. Most of the movement in savings is away from the established accounts of the big four and towards their internet offshoots. Privately, bankers admit this is to their advantage as these accounts are cheaper for them to run. This is backed by consultants Booz, Allen &amp; Hamilton. They calculate that online transactions cost less than 1% of those in branches. Barclays have closed more than 160 of its branches this year alone. Big push Barclays is one of the banks which is making a big push for internet customers. It now claims to be the country's biggest internet bank with more than 1.5m customers and is advertising its online business in a campaign fronted by Scottish comedian Robbie Coltrane, who boasts customers can now be their own bank managers by using the net. Yet, according to the Halifax, customers miss out as a result. David Walkden, general manager of Halifax Online, said: \"Millions of people are becoming their own bank managers on the phone and on the net but are not getting anything extra for doing so.\". Halifax, which has only 2m current accounts in comparison with Barclays' 8m, intends to pay 4% interest on current accounts from next year so long as \u00a31,000 is paid in each month. It plans to pay it to online, phone and branch customers and has pledged to set a \"crack switching team\" on changing customers' direct debits. It is too soon to know whether Halifax's attempt to win customers by paying interest rates will bear fruit as it it will not start paying the rate until next year. However, if customers can be enticed to open new current accounts, Halifax calculates that the 2.5m online customers of the big four could receive a combined interest payment of \u00a385m a year by taking up its 4% offer. The \"big four\" argued yesterday that they do not offer their online customers better rates because they are still able to use branches and the telephone. A spokesman for NatWest, which is now owned by Royal Bank of Scotland, said: \"Our philosophy is to have one current account and for customers to choose how to access us\". New brand This was view echoed by the other high street banks. Lloyds TSB said: \"Remember, no one is being forced to use the internet\". Lloyds TSB said, however, that it would be offering more attractive rates through its new internet bank, to be known as evolve.com, after it is launched later this year. This route, of setting up a separate brand for the internet, has also been chosen by other banks. For instance, the 0.5m online customers of Abbey National are paid very little interest while the 45,000 customers of its new Cahoot internet bank can expect payments of up to 7.1%. Yet, even Halifax is setting up a telephone and online operation under a new brand which will offer better rates to customers. The Intelligent Finance unit, advertised to the tunes of Fatboy Slim and currently dogged by technical difficulties, will pay 5% on current accounts, even more than a Halifax-branded account. Called to account Barclays Online customers 1.5m Traditional current accounts 8m+ Rate 0.1% pa Lloyds TSB Online 500,000+ Traditional 7m (approx) Rate 0.1% pa NatWest Online 400,000 Traditional 6.5m Rate 0.1% pa HSBC Online 500,000 Traditional 7m (approx) Rate 0.1% First Direct (HSBC) Customer numbers not available Rate 5% for firstdirect.com Cahoot (Abbey National) Customers 45,000 Rate up to 7.1% Smile (Cooperative Bank) Online 200,000 Rate 4.85%",
      "charCount": "5481"
    },
    "isHosted": false,
    "pillarId": "pillar/news",
    "pillarName": "News"
  }
]