[
  {
    "id": "business/2000/oct/10/oil",
    "type": "article",
    "sectionId": "business",
    "sectionName": "Business",
    "webPublicationDate": "2000-10-10T02:34:29Z",
    "webTitle": "Petrol crisis fuels inflation",
    "webUrl": "https://www.theguardian.com/business/2000/oct/10/oil",
    "apiUrl": "https://content.guardianapis.com/business/2000/oct/10/oil",
    "fields": {
      "headline": "Petrol crisis fuels inflation",
      "trailText": "Rising prices at the petrol pumps led to a sharp pick up in inflation last month, according to official figures published today.",
      "byline": "Staff and agencies",
      "main": "",
      "body": "Rising prices at the petrol pumps led to a sharp pick up in inflation last month, according to official figures published today. <p>The Office for National Statistics reported that the headline rate of inflation in September rose to 3.3% from 3.0% the previous month. </p> <p>The key underlying inflation rate - which excludes mortgage interest payments and is used by the Bank of England when setting interest rates - was also up, from 1.9% to 2.2%. But it remained below the government's 2.5% target. </p> <p>The ONS said the increase was due largely to rising petrol prices - reflecting the rising cost of crude oil - which partly reversed the price falls of the previous month. </p> <p>Normally, state pensions and other benefits would be uprated next year in line with the September headline inflation figure. </p> <p>The 3.3% rate of growth would give an increase of around \u00a32.25p a week on the single person's basic state pension. But the chancellor, Gordon Brown, has signalled that next year's up-rating would be above inflation. </p> <p>His announcement followed an outcry over this year's 75p pension increase, which was based on the September 1999 figures, when inflation was at a 36-year low at just 1.1%. Mr Brown is expected to give details of the increase when he delivers his annual pre-Budget report in the next few weeks.</p>",
      "wordcount": "228",
      "commentable": "false",
      "isPremoderated": "false",
      "lastModified": "2000-10-10T09:16:25Z",
      "newspaperEditionDate": "2000-10-10T00:00:00Z",
      "productionOffice": "UK",
      "publication": "theguardian.com",
      "shortUrl": "https://gu.com/p/xje2y",
      "shouldHideAdverts": "false",
      "showInRelatedContent": "true",
      "legallySensitive": "false",
      "lang": "en",
      "bodyText": "Rising prices at the petrol pumps led to a sharp pick up in inflation last month, according to official figures published today. The Office for National Statistics reported that the headline rate of inflation in September rose to 3.3% from 3.0% the previous month. The key underlying inflation rate - which excludes mortgage interest payments and is used by the Bank of England when setting interest rates - was also up, from 1.9% to 2.2%. But it remained below the government's 2.5% target. The ONS said the increase was due largely to rising petrol prices - reflecting the rising cost of crude oil - which partly reversed the price falls of the previous month. Normally, state pensions and other benefits would be uprated next year in line with the September headline inflation figure. The 3.3% rate of growth would give an increase of around \u00a32.25p a week on the single person's basic state pension. But the chancellor, Gordon Brown, has signalled that next year's up-rating would be above inflation. His announcement followed an outcry over this year's 75p pension increase, which was based on the September 1999 figures, when inflation was at a 36-year low at just 1.1%. Mr Brown is expected to give details of the increase when he delivers his annual pre-Budget report in the next few weeks.",
      "charCount": "1297"
    },
    "isHosted": false,
    "pillarId": "pillar/news",
    "pillarName": "News"
  },
  {
    "id": "world/2000/oct/10/uselections2000.usa",
    "type": "article",
    "sectionId": "world",
    "sectionName": "World news",
    "webPublicationDate": "2000-10-10T01:27:39Z",
    "webTitle": "How big money buys big votes in US race",
    "webUrl": "https://www.theguardian.com/world/2000/oct/10/uselections2000.usa",
    "apiUrl": "https://content.guardianapis.com/world/2000/oct/10/uselections2000.usa",
    "fields": {
      "headline": "How big money buys big votes in US race",
      "standfirst": "Gore's social agenda under assault as billions of dollars dominate 'hidden election'<BR><A HREF=\"http://www.guardianunlimited.co.uk/US_election_race/\">Special report: the US elections</A>",
      "trailText": "Flo seems such a nice old lady. She is feisty, good-humoured and worries about how other elderly Americans are getting on, especially with the high price of medicines these days. She is especially concerned that some new-fangled policy in Congress is going to put \"big government in our medicine cabinet\".",
      "byline": "Julian Borger  and  Martin Kettle  in Washington",
      "main": "",
      "body": "Flo seems such a nice old lady. She is feisty, good-humoured and worries about how other elderly Americans are getting on, especially with the high price of medicines these days. She is especially concerned that some new-fangled policy in Congress is going to put \"big government in our medicine cabinet\". <p>That remark, almost hidden among her lighthearted musings, gives away who she really works for. The series of public policy advertisements she appears in is paid for by an innocuously named group, Citizens for Better Medicare, which turns out to be the public relations arm of Pharmaceutical Research and Manufacturers of America. </p> <p>The industry lobby is fighting a tooth and nail battle against a Democratic proposal to curb the ballooning price of prescription medicines. It has poured more than $11m (\u00a37.8m) into the presidential campaign - mainly to George W Bush who opposes the scheme, but about a third to Al Gore in the hope he will feel beholden to the industry if elected and perhaps water down the plan. In a close race like this, it pays to hedge your bets. For that reason, the industry has ploughed many millions more into congressional races. </p> <p>The gulf between Flo's kindly face and the hard-edged bottom-line war she is fighting in is a fitting illustration of the two parallel elections underway in the US. One is a contest of personalities and a menu of user-friendly policies that fills the airwaves and news bulletins. The other is practically invisible and pits two loose coalitions of corporations and interest groups against each other in a struggle to decide how money will be made and who will make it under the next administration. </p> <p>The map of the visible election is familiar. It is the patchwork of states coloured in different shades to represent their allegiances. The other, largely invisible, electoral map shows how corporate America has lined up for contest - the most money-driven election in US history. </p> <p>Larry Makinson, head of the Centre for Responsive Politics which monitors the role of money in the campaign, said the sheer amount of cash involved owed a lot to the closeness of the race. The corporations, he explained, \"don't know who to lobby because they don't know who's going to be in control and both parties are trying to raise money like gangbusters. And so they're calling in chits.\" </p> <p>But after the election, it is corporate America that will call in its chits, and - if recent political history is anything to go by - much of the new administration's policy will be guided by the bets placed by big business during the campaign. </p> <p>In some cases, the policy issues are the same in both the visible and invisible elections. The future of Medicare has been exhaustively debated, even though the trade association, whose \"public service\" broadcasts are helping shape that debate, is rarely identified. </p> <p>However, many of the key battles which determine the struggle over big money are not fought in the open. They concern issues such as tort reform and financial deregulation, which sound obscure and tedious, but which represent billions of dollars to both parties' financial backers. </p> <p>The story is often told of how George W Bush came almost out of nowhere to win the Texas governorship in 1994 from a popular Democratic incumbent, Anne Richards. It is often explained in terms of Mr Bush's optimistic never-say-die nature and his easy manner with ordinary Texans. </p> <p>But it had a lot to do with one campaign pledge. \"Probably the first and most important thing I will do when I am governor of this state,\" he promised, \"is to insist Texas changes the tort laws and insist we end the frivolous and junk lawsuits that threaten our producers and crowd our courts.\" </p> <p>True to his word, he signed a string of tort reform bills in his first few weeks in office. Tort reform means making it harder for consumers to sue large corporations. If he becomes president, Bush and his backers mean to put industries such as tobacco, guns, oil and medicine far beyond the reach of the lawsuits which have had the corporations pinned down in the courts for years. </p> <p>The Bush tort reform proposals would limit victims' rights of access to the court system and cap the amount of damages they could be awarded if they did manage to bring a case to court. </p> <p>The effect in Texas was dramatic. When a San Antonio jury tried to award a widow $42.5m after lax oil company safety procedures had resulted in the death of her husband, an oil refinery worker, the Bush tort reform laws meant the company paid just $200,000. </p> <p>Mr Bush's tort reform pledge flooded his 1994 campaign with corporate funds, and is doing the same now. It is bringing in cash from almost every corporate sector which feels vulnerable to the US people's litigious instincts - financial services, insurance, tobacco, pharmaceuticals and oil, the list is endless and explains the Republican candidate's extraordinary lead in the money stakes. The anti-corporate third party candidate, Ralph Nader, often refers to Mr Bush as a \"corporation disguised as a human being\". </p> <p>Mr Bush had raised a record $170m by the end of August and must be heading towards $200m by the election on November 7. Over half his campaign funding is \"hard money\" - individual donations subject to a limit of $1,000 given directly to his campaign coffers. These donations are often \"bundled\" together by firms or interest groups in the names of their members or employees. </p> <p>The rest is \"soft money\" which can be given to each party's national committee to promote \"issues\". These issues are not supposed to be directly related to the election campaign, and so are not subject to cash limits. But it is a transparent veil. The money and the advertising it funds almost always goes to support the presidential candidates. </p> <p>Vice-president Gore has raised more soft money than hard but altogether he has little more than half the financial resources of his opponent. His key backers are the lawyers, who fear tort reform as much as Mr Bush's corporate sponsors crave it. In most class-action lawsuits - against gun manufacturers, tobacco, the construction industry or whomever - the lawyers keep a third of the financial award. Each year in US courts that accounts for a huge sum of money and the legal industry has invested nearly $12m in Mr Gore to make sure its members are not deprived of it. </p> <p><b> Alienating industries</b><br> </p> <p>Mr Gore's and the Democrats' close association with the trial lawyers has, however, inflicted strategic costs elsewhere, alienating industries that might otherwise be sympathetic, such as the computer and dot.com industry. </p> <p>Silicon Valley is this year's emerging big player on the election Monopoly-board, contributing $10m to the presidential campaigns alone. The Clinton Democrats have long held an edge here, as they have generally opposed initiatives to tax the internet. Furthermore, the relaxed liberal California lifestyle which is home to many in the industry is conducive to Democratic support. Democratic primacy is being challenged however, as the big computer and internet firms worry about the threat of shareholder lawsuits, by which individual owners of company stock have sued firms for sudden plunges in its value, a frequent occurrence in the volatile hi-tech sector. </p> <p>The huge financial sector is also tilting away from Mr Gore. The banks and investment houses have traditionally been \"double-givers\", backing politicians on both sides, to make sure government stayed out of their business. Their payoff was the financial deregulation legislation of 1999. </p> <p>But this year, there is another issue on the table. Mr Bush's proposal to allow Americans to invest part of their social security payments (the US version of national insurance payments) in the stock market has raised the possibility of billions of dollars of new investment funds for the securities industries. It represents a significant prize and has tilted this, the largest single corporate sector, decisively in Mr Bush's favour. </p> <p>Mr Gore's environmental policies have cost him dearly in the race for big money. It has alienated the real estate brokers and construction industry, which are against environmental zoning, the transportation industry, which wants cheap fuel and less emission control, and the big oil companies. </p> <p>Mr Bush and his running mate, Dick Cheney, spent much of their careers in the oil business, so the industry's backing comes as little surprise. But the oil companies will exact a price for a Republican victory. They want to explore the Arctic coastal plain in Alaska, beneath which they believe there are 16bn barrels of oil. Mr Gore has said he will not allow the area, a wildlife refuge, to be destroyed. </p> <p>Mr Gore's environmental policy is generally more popular with voters, as is his support for Medicare and his opposition to tort reform (most Americans believe in the right to sue). But those positions have also lost him financial backing. This election may prove whether you can win the contest for votes without winning the contest for money first.</p>",
      "newspaperPageNumber": "3",
      "wordcount": "1510",
      "commentable": "false",
      "isPremoderated": "false",
      "lastModified": "2017-07-15T04:02:41Z",
      "newspaperEditionDate": "2000-10-10T00:00:00Z",
      "productionOffice": "UK",
      "publication": "theguardian.com",
      "shortUrl": "https://gu.com/p/k8ym",
      "shouldHideAdverts": "false",
      "showInRelatedContent": "true",
      "legallySensitive": "false",
      "lang": "en",
      "bodyText": "Flo seems such a nice old lady. She is feisty, good-humoured and worries about how other elderly Americans are getting on, especially with the high price of medicines these days. She is especially concerned that some new-fangled policy in Congress is going to put \"big government in our medicine cabinet\". That remark, almost hidden among her lighthearted musings, gives away who she really works for. The series of public policy advertisements she appears in is paid for by an innocuously named group, Citizens for Better Medicare, which turns out to be the public relations arm of Pharmaceutical Research and Manufacturers of America. The industry lobby is fighting a tooth and nail battle against a Democratic proposal to curb the ballooning price of prescription medicines. It has poured more than $11m (\u00a37.8m) into the presidential campaign - mainly to George W Bush who opposes the scheme, but about a third to Al Gore in the hope he will feel beholden to the industry if elected and perhaps water down the plan. In a close race like this, it pays to hedge your bets. For that reason, the industry has ploughed many millions more into congressional races. The gulf between Flo's kindly face and the hard-edged bottom-line war she is fighting in is a fitting illustration of the two parallel elections underway in the US. One is a contest of personalities and a menu of user-friendly policies that fills the airwaves and news bulletins. The other is practically invisible and pits two loose coalitions of corporations and interest groups against each other in a struggle to decide how money will be made and who will make it under the next administration. The map of the visible election is familiar. It is the patchwork of states coloured in different shades to represent their allegiances. The other, largely invisible, electoral map shows how corporate America has lined up for contest - the most money-driven election in US history. Larry Makinson, head of the Centre for Responsive Politics which monitors the role of money in the campaign, said the sheer amount of cash involved owed a lot to the closeness of the race. The corporations, he explained, \"don't know who to lobby because they don't know who's going to be in control and both parties are trying to raise money like gangbusters. And so they're calling in chits.\" But after the election, it is corporate America that will call in its chits, and - if recent political history is anything to go by - much of the new administration's policy will be guided by the bets placed by big business during the campaign. In some cases, the policy issues are the same in both the visible and invisible elections. The future of Medicare has been exhaustively debated, even though the trade association, whose \"public service\" broadcasts are helping shape that debate, is rarely identified. However, many of the key battles which determine the struggle over big money are not fought in the open. They concern issues such as tort reform and financial deregulation, which sound obscure and tedious, but which represent billions of dollars to both parties' financial backers. The story is often told of how George W Bush came almost out of nowhere to win the Texas governorship in 1994 from a popular Democratic incumbent, Anne Richards. It is often explained in terms of Mr Bush's optimistic never-say-die nature and his easy manner with ordinary Texans. But it had a lot to do with one campaign pledge. \"Probably the first and most important thing I will do when I am governor of this state,\" he promised, \"is to insist Texas changes the tort laws and insist we end the frivolous and junk lawsuits that threaten our producers and crowd our courts.\" True to his word, he signed a string of tort reform bills in his first few weeks in office. Tort reform means making it harder for consumers to sue large corporations. If he becomes president, Bush and his backers mean to put industries such as tobacco, guns, oil and medicine far beyond the reach of the lawsuits which have had the corporations pinned down in the courts for years. The Bush tort reform proposals would limit victims' rights of access to the court system and cap the amount of damages they could be awarded if they did manage to bring a case to court. The effect in Texas was dramatic. When a San Antonio jury tried to award a widow $42.5m after lax oil company safety procedures had resulted in the death of her husband, an oil refinery worker, the Bush tort reform laws meant the company paid just $200,000. Mr Bush's tort reform pledge flooded his 1994 campaign with corporate funds, and is doing the same now. It is bringing in cash from almost every corporate sector which feels vulnerable to the US people's litigious instincts - financial services, insurance, tobacco, pharmaceuticals and oil, the list is endless and explains the Republican candidate's extraordinary lead in the money stakes. The anti-corporate third party candidate, Ralph Nader, often refers to Mr Bush as a \"corporation disguised as a human being\". Mr Bush had raised a record $170m by the end of August and must be heading towards $200m by the election on November 7. Over half his campaign funding is \"hard money\" - individual donations subject to a limit of $1,000 given directly to his campaign coffers. These donations are often \"bundled\" together by firms or interest groups in the names of their members or employees. The rest is \"soft money\" which can be given to each party's national committee to promote \"issues\". These issues are not supposed to be directly related to the election campaign, and so are not subject to cash limits. But it is a transparent veil. The money and the advertising it funds almost always goes to support the presidential candidates. Vice-president Gore has raised more soft money than hard but altogether he has little more than half the financial resources of his opponent. His key backers are the lawyers, who fear tort reform as much as Mr Bush's corporate sponsors crave it. In most class-action lawsuits - against gun manufacturers, tobacco, the construction industry or whomever - the lawyers keep a third of the financial award. Each year in US courts that accounts for a huge sum of money and the legal industry has invested nearly $12m in Mr Gore to make sure its members are not deprived of it. Alienating industries Mr Gore's and the Democrats' close association with the trial lawyers has, however, inflicted strategic costs elsewhere, alienating industries that might otherwise be sympathetic, such as the computer and dot.com industry. Silicon Valley is this year's emerging big player on the election Monopoly-board, contributing $10m to the presidential campaigns alone. The Clinton Democrats have long held an edge here, as they have generally opposed initiatives to tax the internet. Furthermore, the relaxed liberal California lifestyle which is home to many in the industry is conducive to Democratic support. Democratic primacy is being challenged however, as the big computer and internet firms worry about the threat of shareholder lawsuits, by which individual owners of company stock have sued firms for sudden plunges in its value, a frequent occurrence in the volatile hi-tech sector. The huge financial sector is also tilting away from Mr Gore. The banks and investment houses have traditionally been \"double-givers\", backing politicians on both sides, to make sure government stayed out of their business. Their payoff was the financial deregulation legislation of 1999. But this year, there is another issue on the table. Mr Bush's proposal to allow Americans to invest part of their social security payments (the US version of national insurance payments) in the stock market has raised the possibility of billions of dollars of new investment funds for the securities industries. It represents a significant prize and has tilted this, the largest single corporate sector, decisively in Mr Bush's favour. Mr Gore's environmental policies have cost him dearly in the race for big money. It has alienated the real estate brokers and construction industry, which are against environmental zoning, the transportation industry, which wants cheap fuel and less emission control, and the big oil companies. Mr Bush and his running mate, Dick Cheney, spent much of their careers in the oil business, so the industry's backing comes as little surprise. But the oil companies will exact a price for a Republican victory. They want to explore the Arctic coastal plain in Alaska, beneath which they believe there are 16bn barrels of oil. Mr Gore has said he will not allow the area, a wildlife refuge, to be destroyed. Mr Gore's environmental policy is generally more popular with voters, as is his support for Medicare and his opposition to tort reform (most Americans believe in the right to sue). But those positions have also lost him financial backing. This election may prove whether you can win the contest for votes without winning the contest for money first.",
      "charCount": "9025"
    },
    "isHosted": false,
    "pillarId": "pillar/news",
    "pillarName": "News"
  },
  {
    "id": "business/2000/oct/10/theairlineindustry.britishairwaysbusiness",
    "type": "article",
    "sectionId": "business",
    "sectionName": "Business",
    "webPublicationDate": "2000-10-10T01:27:33Z",
    "webTitle": "At this price?  British  Airways",
    "webUrl": "https://www.theguardian.com/business/2000/oct/10/theairlineindustry.britishairwaysbusiness",
    "apiUrl": "https://content.guardianapis.com/business/2000/oct/10/theairlineindustry.britishairwaysbusiness",
    "fields": {
      "headline": "At this price?  British  Airways",
      "trailText": "<p>British Airways has been ploughing through a prolonged patch of turbulence. Chief executive Bob Ayling has gone, replaced in May by Australian executive Rod Eddington. The planned merger with American Airlines appears to have been abandoned. The proposed takeover of the Dutch airline KLM collapsed.\n</p>",
      "byline": "Nicholas Bannister",
      "main": "",
      "body": "<p>British Airways has been ploughing through a prolonged patch of turbulence. Chief executive Bob Ayling has gone, replaced in May by Australian executive Rod Eddington. The planned merger with American Airlines appears to have been abandoned. The proposed takeover of the Dutch airline KLM collapsed. </p> <p>Mr Ayling's plan to focus the airline's main business on premium passengers has yet to prove itself.</p> <p>The \"world's favourite airline\" is rethinking its involvement at Gatwick, London's second terminal, and is about to embark on a restructuring of its loss-making short haul routes.</p> <p>To cap it all, it has had to introduce random breath-testing of pilots and cabin crew after 11 pilots and three crew were suspended following claims they had been drinking alcohol before flying.</p> <p>BA shares have been jumping up and down in a manner worthy of a flight on a bad day.</p> <p>The company, which announced record profits six years ago, is now struggling to return to profitability.</p> <p>The City is in no doubt about the task before Mr Eddington and his team. It is to return BA to profit with a strategy that will include linking up with a strong North American or European partner, or preferably both.</p> <p>A prerequisite of such a strategy may be a reshaping of the management team, a pruning of some of those responsible for bringing BA to its present parlous position.</p> <p>The group is fast running out of time. BA has already run into regulatory problems with international partnerships. Regulators in Brussels and Washington effectively scuppered the plans for code sharing arrangements between BA and American Airlines.</p> <p>Mr Eddington will have to pull something credible out of the hat fast, for the institutions will not tolerate the recent renewed plunge in BA's share price for much longer.</p> <p>One thing is certain. BA shareholders must be prepared for a continued bumpy ride. The shares - which closed yesterday at 291.25p, down 1.75p - are not for the faint-hearted.</p>",
      "newspaperPageNumber": "26",
      "wordcount": "325",
      "commentable": "false",
      "isPremoderated": "false",
      "lastModified": "2017-06-06T01:40:53Z",
      "newspaperEditionDate": "2000-10-10T00:00:00Z",
      "productionOffice": "UK",
      "publication": "theguardian.com",
      "shortUrl": "https://gu.com/p/3fn9",
      "shouldHideAdverts": "false",
      "showInRelatedContent": "true",
      "legallySensitive": "false",
      "lang": "en",
      "bodyText": "British Airways has been ploughing through a prolonged patch of turbulence. Chief executive Bob Ayling has gone, replaced in May by Australian executive Rod Eddington. The planned merger with American Airlines appears to have been abandoned. The proposed takeover of the Dutch airline KLM collapsed. Mr Ayling's plan to focus the airline's main business on premium passengers has yet to prove itself. The \"world's favourite airline\" is rethinking its involvement at Gatwick, London's second terminal, and is about to embark on a restructuring of its loss-making short haul routes. To cap it all, it has had to introduce random breath-testing of pilots and cabin crew after 11 pilots and three crew were suspended following claims they had been drinking alcohol before flying. BA shares have been jumping up and down in a manner worthy of a flight on a bad day. The company, which announced record profits six years ago, is now struggling to return to profitability. The City is in no doubt about the task before Mr Eddington and his team. It is to return BA to profit with a strategy that will include linking up with a strong North American or European partner, or preferably both. A prerequisite of such a strategy may be a reshaping of the management team, a pruning of some of those responsible for bringing BA to its present parlous position. The group is fast running out of time. BA has already run into regulatory problems with international partnerships. Regulators in Brussels and Washington effectively scuppered the plans for code sharing arrangements between BA and American Airlines. Mr Eddington will have to pull something credible out of the hat fast, for the institutions will not tolerate the recent renewed plunge in BA's share price for much longer. One thing is certain. BA shareholders must be prepared for a continued bumpy ride. The shares - which closed yesterday at 291.25p, down 1.75p - are not for the faint-hearted.",
      "charCount": "1945"
    },
    "isHosted": false,
    "pillarId": "pillar/news",
    "pillarName": "News"
  },
  {
    "id": "business/2000/oct/10/4",
    "type": "article",
    "sectionId": "business",
    "sectionName": "Business",
    "webPublicationDate": "2000-10-10T01:27:31Z",
    "webTitle": "Celltech falls as drug trial fails",
    "webUrl": "https://www.theguardian.com/business/2000/oct/10/4",
    "apiUrl": "https://content.guardianapis.com/business/2000/oct/10/4",
    "fields": {
      "headline": "Celltech falls as drug trial fails",
      "standfirst": "Price paid for developer questioned",
      "trailText": "<p>Britain's biggest biotechnology company, Celltech, suffered a significant blow yesterday with news that one of its most advanced products, a drug for the skin disease scleroderma, had failed in clinical trials. </p>",
      "byline": "Andrew Clark",
      "main": "",
      "body": "<p>Britain's biggest biotechnology company, Celltech, suffered a significant blow yesterday with news that one of its most advanced products, a drug for the skin disease scleroderma, had failed in clinical trials. </p> <p>The news sent Celltech shares down 46p to \u00a313.11 and triggered renewed suggestions that the company overpaid last year in its \u00a3580m purchase of drugs company Medeva, which developed the failed product. </p> <p>Celltech said the drug, Relaxin, had showed no statistically significant evidence of working in a large-scale study in the US. Scleroderma is a rare disease in which the body produces too much collagen, causing a thickening of the skin and of internal organs which kills 60% of sufferers within 10 years. </p> <p>Celltech's chief executive Peter Fellner said: \"We were disappointed by this but we weren't very surprised. We had no clear view within Celltech as to whether it would prove effective.\" </p> <p>He said the company had considered axeing Relaxin earlier this year. Trials were only continued because otherwise Celltech would have had to pay compensation to its development partner in the US. </p> <p>Celltech has now dropped nearly all the development projects it inherited from Medeva, including a hepatitis vaccine, Hepagene, and an investigation into the use of nicotine to treat bowel problems. The only significant on going work is on a new version of methylphenidate, Medeva's leading drug for attention deficit disorder. </p> <p>When asked whether he felt Medeva's pipeline was poor quality, Mr Fellner said: \"With hindsight, you might say that.\" </p> <p>He stressed, however, that the group had bought Medeva for its sales and marketing network in the US and for its profitable operation selling older products: \"At the time we announced the deal, the purchase was for \u00a3580m. The amount attributable to Medeva's so-called pipeline was no more than 10%.\" </p> <p>Industry experts were divided. One analyst, who declined to be named, said: \"The general view is that they overpaid fairly massively. They were pretty well stitched up by their investment banks.\" </p> <p>However, Nick Woolf of ABN Amro disagreed. \"I think it would be unfair to claim they overpaid. This setback is not serious - it's just a blow to sentiment,\" he said. </p> <p>Celltech has launched two new products this year - Mylotarg, for leukaemia, and Chirocaine, an anaesthetic. The next most advanced were Relaxin and Humicade, a drug for the bowel disorder Crohn's disease. </p> <p>Analyst Howard Miller of Teather &amp; Greenwood said the loss of Relaxin would knock Celltech's projected earnings for the year 2005 by about 10%: \"I don't think on the whole scale of things that this is a big catastrophe for them.\" </p> <p>\u0095ReNeuron, a Guildford-based company using hi-tech stem cells to develop treatments for brain disorders, has announced plans to float on the Alternative Investment Market.</p>",
      "newspaperPageNumber": "25",
      "wordcount": "454",
      "commentable": "false",
      "isPremoderated": "false",
      "lastModified": "2000-10-10T01:27:31Z",
      "newspaperEditionDate": "2000-10-10T00:00:00Z",
      "productionOffice": "UK",
      "publication": "theguardian.com",
      "shortUrl": "https://gu.com/p/3fn5",
      "shouldHideAdverts": "false",
      "showInRelatedContent": "true",
      "legallySensitive": "false",
      "lang": "en",
      "bodyText": "Britain's biggest biotechnology company, Celltech, suffered a significant blow yesterday with news that one of its most advanced products, a drug for the skin disease scleroderma, had failed in clinical trials. The news sent Celltech shares down 46p to \u00a313.11 and triggered renewed suggestions that the company overpaid last year in its \u00a3580m purchase of drugs company Medeva, which developed the failed product. Celltech said the drug, Relaxin, had showed no statistically significant evidence of working in a large-scale study in the US. Scleroderma is a rare disease in which the body produces too much collagen, causing a thickening of the skin and of internal organs which kills 60% of sufferers within 10 years. Celltech's chief executive Peter Fellner said: \"We were disappointed by this but we weren't very surprised. We had no clear view within Celltech as to whether it would prove effective.\" He said the company had considered axeing Relaxin earlier this year. Trials were only continued because otherwise Celltech would have had to pay compensation to its development partner in the US. Celltech has now dropped nearly all the development projects it inherited from Medeva, including a hepatitis vaccine, Hepagene, and an investigation into the use of nicotine to treat bowel problems. The only significant on going work is on a new version of methylphenidate, Medeva's leading drug for attention deficit disorder. When asked whether he felt Medeva's pipeline was poor quality, Mr Fellner said: \"With hindsight, you might say that.\" He stressed, however, that the group had bought Medeva for its sales and marketing network in the US and for its profitable operation selling older products: \"At the time we announced the deal, the purchase was for \u00a3580m. The amount attributable to Medeva's so-called pipeline was no more than 10%.\" Industry experts were divided. One analyst, who declined to be named, said: \"The general view is that they overpaid fairly massively. They were pretty well stitched up by their investment banks.\" However, Nick Woolf of ABN Amro disagreed. \"I think it would be unfair to claim they overpaid. This setback is not serious - it's just a blow to sentiment,\" he said. Celltech has launched two new products this year - Mylotarg, for leukaemia, and Chirocaine, an anaesthetic. The next most advanced were Relaxin and Humicade, a drug for the bowel disorder Crohn's disease. Analyst Howard Miller of Teather &amp; Greenwood said the loss of Relaxin would knock Celltech's projected earnings for the year 2005 by about 10%: \"I don't think on the whole scale of things that this is a big catastrophe for them.\" \u0095ReNeuron, a Guildford-based company using hi-tech stem cells to develop treatments for brain disorders, has announced plans to float on the Alternative Investment Market.",
      "charCount": "2818"
    },
    "isHosted": false,
    "pillarId": "pillar/news",
    "pillarName": "News"
  },
  {
    "id": "business/2000/oct/10/5",
    "type": "article",
    "sectionId": "business",
    "sectionName": "Business",
    "webPublicationDate": "2000-10-10T01:27:20Z",
    "webTitle": "City briefing",
    "webUrl": "https://www.theguardian.com/business/2000/oct/10/5",
    "apiUrl": "https://content.guardianapis.com/business/2000/oct/10/5",
    "fields": {
      "headline": "City briefing",
      "trailText": "<p><strong> Petrol pioneer changes hands</strong><br /> </p>",
      "main": "",
      "body": "<p><strong> Petrol pioneer changes hands</strong><br> </p> <p>Carless Refining and Marketing, the oil company founded in 1859 and credited with coining the word \"petrol\", is changing hands. Repsol-YPF, the Spanish oil group, yesterday announced it is selling Carless to Petrochem UK for an undisclosed sum. </p> <p>Harwich-based Carless is one of the UK's biggest refiners of specialist hydrocarbons, with a turnover of about \u00a3100m. Its products include petrochemical feedstocks and speciality fuels.</p> <p><strong> New Asda line under scrutiny</strong><br> </p> <p>Asda, owned by Wal-Mart, yesterday introduced a new line of budget products with some items to be sold below cost price. </p> <p>The range of \"SmartPrice\" products, already available in Wal-Mart's German stores, caused a stir when the German cartel office threatened to fine the US retailer last month for each item sold at an artificially low price. </p> <p>The German competition authority said the chain's aggressive low price tactics were driving out competition. A report from Britain's competition commission is similarly expected to criticise the practice of selling below cost.</p> <p><strong> Grid accepts Ofgem prices</strong><br> </p> <p>Britain's monopoly bulk electricity carrier, National Grid, said yesterday that it had decided to accept the price regime proposals for the next five years by Ofgem, the electricity industry regulator. </p> <p>Last month Ofgem relaxed its final proposals from provisional ones set out in June, a move which sent the group's share price surging. </p> <p>It set out price rises for the asset side of the business which will be limited to inflation minus 1.5 percentage points (RPI-1.5) a year in 2002-2005, with no cut in the first year 2001-2002. In June it proposed a year one cut of 0-6%, and RPI-3 for each of the remaining four years. </p> <p><strong> Ebookers buys UK travel firm</strong><br> </p> <p>European online travel company ebookers.com said yesterday that it planned to buy British travel company Flightbookers for $15m (\u00a310m). </p> <p>Ebookers said that the $15m price tag was set in a call option to acquire Flightbookers agreed at the time of its November 1999 initial public offering. The agreement is subject to approval by the shareholders.</p> <p><strong> Sportsworld Media excels</strong><br> </p> <p>Sportsworld Media Group said its current year has started strongly and trading is in line with the board's expectations. </p> <p>The firm reported results for the year to June 30 with full year pre-tax profit - before amortisation of goodwill and including minority contributions - of \u00a35.59m, up from \u00a31.77m. </p> <p><strong> BBC wins right to own name</strong><br> </p> <p>The BBC has won the right to the web domain name <a href=\"http://www.bbcnews.com\">www.bbcnews.com</a>. An arbitrator acting for the World Intellectual Property Organisation ruled that the name must be transferred from its holder, a Belize-registered business.</p>",
      "newspaperPageNumber": "23",
      "wordcount": "432",
      "commentable": "false",
      "isPremoderated": "false",
      "lastModified": "2000-10-10T01:27:20Z",
      "newspaperEditionDate": "2000-10-10T00:00:00Z",
      "productionOffice": "UK",
      "publication": "theguardian.com",
      "shortUrl": "https://gu.com/p/3fmn",
      "shouldHideAdverts": "false",
      "showInRelatedContent": "true",
      "legallySensitive": "false",
      "lang": "en",
      "bodyText": "Petrol pioneer changes hands Carless Refining and Marketing, the oil company founded in 1859 and credited with coining the word \"petrol\", is changing hands. Repsol-YPF, the Spanish oil group, yesterday announced it is selling Carless to Petrochem UK for an undisclosed sum. Harwich-based Carless is one of the UK's biggest refiners of specialist hydrocarbons, with a turnover of about \u00a3100m. Its products include petrochemical feedstocks and speciality fuels. New Asda line under scrutiny Asda, owned by Wal-Mart, yesterday introduced a new line of budget products with some items to be sold below cost price. The range of \"SmartPrice\" products, already available in Wal-Mart's German stores, caused a stir when the German cartel office threatened to fine the US retailer last month for each item sold at an artificially low price. The German competition authority said the chain's aggressive low price tactics were driving out competition. A report from Britain's competition commission is similarly expected to criticise the practice of selling below cost. Grid accepts Ofgem prices Britain's monopoly bulk electricity carrier, National Grid, said yesterday that it had decided to accept the price regime proposals for the next five years by Ofgem, the electricity industry regulator. Last month Ofgem relaxed its final proposals from provisional ones set out in June, a move which sent the group's share price surging. It set out price rises for the asset side of the business which will be limited to inflation minus 1.5 percentage points (RPI-1.5) a year in 2002-2005, with no cut in the first year 2001-2002. In June it proposed a year one cut of 0-6%, and RPI-3 for each of the remaining four years. Ebookers buys UK travel firm European online travel company ebookers.com said yesterday that it planned to buy British travel company Flightbookers for $15m (\u00a310m). Ebookers said that the $15m price tag was set in a call option to acquire Flightbookers agreed at the time of its November 1999 initial public offering. The agreement is subject to approval by the shareholders. Sportsworld Media excels Sportsworld Media Group said its current year has started strongly and trading is in line with the board's expectations. The firm reported results for the year to June 30 with full year pre-tax profit - before amortisation of goodwill and including minority contributions - of \u00a35.59m, up from \u00a31.77m. BBC wins right to own name The BBC has won the right to the web domain name www.bbcnews.com. An arbitrator acting for the World Intellectual Property Organisation ruled that the name must be transferred from its holder, a Belize-registered business.",
      "charCount": "2658"
    },
    "isHosted": false,
    "pillarId": "pillar/news",
    "pillarName": "News"
  }
]