[
  {
    "id": "money/2000/apr/06/business.personalfinancenews2",
    "type": "article",
    "sectionId": "money",
    "sectionName": "Money",
    "webPublicationDate": "2000-04-05T23:00:00Z",
    "webTitle": "'Madness' to raise rates as output and house prices dip",
    "webUrl": "https://www.theguardian.com/money/2000/apr/06/business.personalfinancenews2",
    "apiUrl": "https://content.guardianapis.com/money/2000/apr/06/business.personalfinancenews2",
    "fields": {
      "headline": "'Madness' to raise rates as output and house prices dip",
      "trailText": "<p>The Bank of England came under mounting pressure to save Britain's struggling manufacturers from a fifth interest-rate increase in eight months as fresh evidence showed factory output falling, house prices falling and high-street spending failing to meet retailers' expectations. </p>",
      "byline": "Larry Elliott and Michael White",
      "main": "",
      "body": "<p>The Bank of England came under mounting pressure to save Britain's struggling manufacturers from a fifth interest-rate increase in eight months as fresh evidence showed factory output falling, house prices falling and high-street spending failing to meet retailers' expectations. </p> <p>Although separate data showed activity in the service sector at its highest for almost three years, trade unions and employers urged the Bank's monetary policy committee not to inflict further pain on exporters by lifting rates from their current level of 6% today. </p> <p>Peter Booth, the national organiser for manufacturing at the T&amp;G union said the strength of the pound had been a key factor in the loss of 400,000 manufacturing jobs over the past 12 months, while Kate Barker, the chief economist at the CBI said there was strong evidence that industry was failing to cope with the high exchange rate. </p> <p>The former chancellor, Kenneth Clarke said in an interview with the Guardian that the Bank would be \"mad\" to raise rates, adding that the least the MPC could do would be to leave rates on hold. \"They have already raised rates quite a lot and sterling is now becoming a serious medium-term problem.\" </p> <p>Mr Clarke accused both the chancellor, Gordon Brown, and the governor of the Bank, Eddie George, of not knowing what to do about sterling's persistently high levels which are dramatically hurting exports and the balance of payments. </p> <p>\"There is a threat hanging over Dagenham where Ford are at least set to cut production, a threat to Honda at Swindon as well as the crisis at Longbridge. But this is only the visible tip of a big iceberg,\" said Mr Clarke. </p> <p>Official government figures released yesterday showed that manufacturing output fell by 0.2% in February, the third consecutive fall. </p> <p>Factory production in the three months to February was down by 0.5% on the previous quarter, with some analysts saying that the pre-millennium boost in output was a false dawn. </p> <p>The CBI said retail sales volumes were higher last month than a year ago, but that shops and stores had been disappointed by the level of activity. Some 44% of retailers said sales were higher than in March 1999, while 21% said they were lower. The gap of 23 percentage points was well down on the 47-point gap in February. </p> <p>Meanwhile, the Halifax - Britain's biggest mortgage lender - said house prices fell by 0.4% in March. The second monthly fall brought the annual rate of increase down from 15% to 13.5%. An earlier survey by the Nationwide said prices were rising more rapidly than at any time for nine years, but the Halifax said the market was starting to cool. </p> <p>City analysts believe that today's decision is too close to call, with the problems of manufacturing offset by strong growth in the sheltered service sector. </p> <p>The Chartered Institute of Purchasing &amp; Supply said yesterday that business activity in services had expanded for 13 months, with growth accelerating last month. </p> <p>Employment had also picked up, as did prices, the CIPS added.</p>",
      "newspaperPageNumber": "26",
      "wordcount": "510",
      "commentable": "false",
      "isPremoderated": "false",
      "lastModified": "2001-12-12T00:00:00Z",
      "newspaperEditionDate": "2000-04-06T00:00:00Z",
      "productionOffice": "UK",
      "publication": "theguardian.com",
      "shortUrl": "https://gu.com/p/35jd",
      "shouldHideAdverts": "false",
      "showInRelatedContent": "true",
      "legallySensitive": "false",
      "lang": "en",
      "bodyText": "The Bank of England came under mounting pressure to save Britain's struggling manufacturers from a fifth interest-rate increase in eight months as fresh evidence showed factory output falling, house prices falling and high-street spending failing to meet retailers' expectations. Although separate data showed activity in the service sector at its highest for almost three years, trade unions and employers urged the Bank's monetary policy committee not to inflict further pain on exporters by lifting rates from their current level of 6% today. Peter Booth, the national organiser for manufacturing at the T&amp;G union said the strength of the pound had been a key factor in the loss of 400,000 manufacturing jobs over the past 12 months, while Kate Barker, the chief economist at the CBI said there was strong evidence that industry was failing to cope with the high exchange rate. The former chancellor, Kenneth Clarke said in an interview with the Guardian that the Bank would be \"mad\" to raise rates, adding that the least the MPC could do would be to leave rates on hold. \"They have already raised rates quite a lot and sterling is now becoming a serious medium-term problem.\" Mr Clarke accused both the chancellor, Gordon Brown, and the governor of the Bank, Eddie George, of not knowing what to do about sterling's persistently high levels which are dramatically hurting exports and the balance of payments. \"There is a threat hanging over Dagenham where Ford are at least set to cut production, a threat to Honda at Swindon as well as the crisis at Longbridge. But this is only the visible tip of a big iceberg,\" said Mr Clarke. Official government figures released yesterday showed that manufacturing output fell by 0.2% in February, the third consecutive fall. Factory production in the three months to February was down by 0.5% on the previous quarter, with some analysts saying that the pre-millennium boost in output was a false dawn. The CBI said retail sales volumes were higher last month than a year ago, but that shops and stores had been disappointed by the level of activity. Some 44% of retailers said sales were higher than in March 1999, while 21% said they were lower. The gap of 23 percentage points was well down on the 47-point gap in February. Meanwhile, the Halifax - Britain's biggest mortgage lender - said house prices fell by 0.4% in March. The second monthly fall brought the annual rate of increase down from 15% to 13.5%. An earlier survey by the Nationwide said prices were rising more rapidly than at any time for nine years, but the Halifax said the market was starting to cool. City analysts believe that today's decision is too close to call, with the problems of manufacturing offset by strong growth in the sheltered service sector. The Chartered Institute of Purchasing &amp; Supply said yesterday that business activity in services had expanded for 13 months, with growth accelerating last month. Employment had also picked up, as did prices, the CIPS added.",
      "charCount": "3005"
    },
    "isHosted": false,
    "pillarId": "pillar/lifestyle",
    "pillarName": "Lifestyle"
  },
  {
    "id": "society/2000/apr/05/societyhousing.comment",
    "type": "article",
    "sectionId": "society",
    "sectionName": "Society",
    "webPublicationDate": "2000-04-05T20:19:14Z",
    "webTitle": "Paying the price",
    "webUrl": "https://www.theguardian.com/society/2000/apr/05/societyhousing.comment",
    "apiUrl": "https://content.guardianapis.com/society/2000/apr/05/societyhousing.comment",
    "fields": {
      "headline": "Paying the price",
      "standfirst": "Chris Holmes wants to see a change in attitudes to rented homes, starting with scrapping the term 'social housing' because it is so stigmatised",
      "trailText": "<p>Chris Holmes wants to see a change in attitudes to rented homes, starting with scrapping the term 'social housing' because it is so stigmatised</p>",
      "byline": "Chris Holmes",
      "main": "",
      "body": "<p>While the government set out its vision for the future in its long-awaited housing policy green paper, published yesterday, we must not lose sight of the need to plan communities. </p> <p>The green paper vision is ambitious. At the heart of the green paper is the aim of ensuring that everyone has the opportunity of a living in a decent home. It emphasises the need to reform the current crisis-driven legislation and to create policies and practice which seek to prevent homelessness arising in the first place. There are important proposals to extend the help given to vulnerable people leaving institutions and an outline of changes to make the homebuying process easier. The paper has a lot to say about choice, flexibility and inclusive communities. But, to give substance to these words, we need to jettison old thinking about housing - and with it some old language. </p> <p>It is time to break down the divisive attitudes to housing tenure - the ingrained belief that owning your own home is intrinsically better than renting, and that rented \"social housing\" is the tenure of the last resort for those who have no other choice. </p> <p>The term social housing should be abandoned. It is an artificial and increasingly stigmatised label. In its place we need to create new and more flexible forms of housing where people can choose between different tenure of equal status. </p> <p>Polls shows that 90% of people would like to own their homes, but a significant minority cannot afford to do this. Some owners face serious problems as a result of taking on commitments they cannot sustain, while many single people in their 20s prefer the flexibility of renting. </p> <p>Public subsidy should be available to people in all tenures, but only to assist those who cannot afford the full market cost of adequate housing. </p> <p>For home owners, this help could include grants to lower income households - especially older people -to improve their property and mortgage benefit to home owners facing unexpected difficulties. </p> <p>Rented homes could be made up of \"private\" and \"not-for-profit\" lettings - homes let by local councils, housing associations, housing co-operatives and local housing companies. Not-for-profit landlords would provide homes at subsidised rents for low income tenants and at-cost rents for those in work who can afford it. </p> <p>A Mori poll last year found that two-thirds of people believe that local authority and housing association homes should be available to anyone who prefers to rent their home. </p> <p>A new form of cost-rent tenancy will encourage this, but without giving public subsidy to people who do not need it. </p> <p>More radically, not-for-profit landlords should have the freedom to decide the kind of homes they let. This will mean selling properties - for full or part ownership - on monolithic estates of rented housing. And, using the proceeds from sales, buying homes to rent in areas that are mostly privately owned. </p> <p>Recent research by the Demos thinktank has shown the crucial link between the housing market and choice of schools. House prices are pushed upwards as better-off parents buy homes near to successful state schools. </p> <p>A properly integrated social policy would set targets for the balance of incomes and tenure for schools' catchment areas. Current market forces are leading to greater segregation, and social action is essential to develop more inclusive communities. </p> <p>We also need a new approach to the way homes are let by not-for-profit landlords. Most landlords give very little choice to people over where they live; the very name - \"allocating\" tenancies - reflects a deeply ingrained paternalism. The aim must be to offer people seeking somewhere to rent as much choice as possible, while giving priority to those in greatest need. </p> <p>The internet could transform the process of letting rented homes, making it possible for people seeking accommodation - from any landlord anywhere in the country - to find out what is available. </p> <p>The success of this radical new approach depends on an increase in investment in affordable homes. A major research project carried out for Shelter has shown a substantial shortfall in the investment needed to provide affordable homes for people on lower incomes. </p> <p> Next month, Shelter will publish the final report from a three-year research project. It will set the scale of unmet need, how it can more effectively be met, and how much it will cost. Our proposals include linking private finance with public subsidy to provide homes at affordable rents; making better use of planning powers to secure more affordable homes and ensuring that both investment and public spending are targeted to where they are most needed. </p> <p>But they also require an increase in public spending on housing. As the price of achieving the goal of a decent home for everybody, increasing choice, strengthening cohesive communities and raising achievements in schools, it is surely a price worth paying.</p> <p>\u0095 Chris Holmes is director of Shelter.</p>",
      "newspaperPageNumber": "6",
      "wordcount": "812",
      "commentable": "false",
      "isPremoderated": "false",
      "lastModified": "2000-11-08T21:19:14Z",
      "newspaperEditionDate": "2000-04-05T00:00:00Z",
      "productionOffice": "UK",
      "publication": "The Guardian",
      "shortUrl": "https://gu.com/p/35h5",
      "shouldHideAdverts": "false",
      "showInRelatedContent": "true",
      "legallySensitive": "false",
      "lang": "en",
      "bodyText": "While the government set out its vision for the future in its long-awaited housing policy green paper, published yesterday, we must not lose sight of the need to plan communities. The green paper vision is ambitious. At the heart of the green paper is the aim of ensuring that everyone has the opportunity of a living in a decent home. It emphasises the need to reform the current crisis-driven legislation and to create policies and practice which seek to prevent homelessness arising in the first place. There are important proposals to extend the help given to vulnerable people leaving institutions and an outline of changes to make the homebuying process easier. The paper has a lot to say about choice, flexibility and inclusive communities. But, to give substance to these words, we need to jettison old thinking about housing - and with it some old language. It is time to break down the divisive attitudes to housing tenure - the ingrained belief that owning your own home is intrinsically better than renting, and that rented \"social housing\" is the tenure of the last resort for those who have no other choice. The term social housing should be abandoned. It is an artificial and increasingly stigmatised label. In its place we need to create new and more flexible forms of housing where people can choose between different tenure of equal status. Polls shows that 90% of people would like to own their homes, but a significant minority cannot afford to do this. Some owners face serious problems as a result of taking on commitments they cannot sustain, while many single people in their 20s prefer the flexibility of renting. Public subsidy should be available to people in all tenures, but only to assist those who cannot afford the full market cost of adequate housing. For home owners, this help could include grants to lower income households - especially older people -to improve their property and mortgage benefit to home owners facing unexpected difficulties. Rented homes could be made up of \"private\" and \"not-for-profit\" lettings - homes let by local councils, housing associations, housing co-operatives and local housing companies. Not-for-profit landlords would provide homes at subsidised rents for low income tenants and at-cost rents for those in work who can afford it. A Mori poll last year found that two-thirds of people believe that local authority and housing association homes should be available to anyone who prefers to rent their home. A new form of cost-rent tenancy will encourage this, but without giving public subsidy to people who do not need it. More radically, not-for-profit landlords should have the freedom to decide the kind of homes they let. This will mean selling properties - for full or part ownership - on monolithic estates of rented housing. And, using the proceeds from sales, buying homes to rent in areas that are mostly privately owned. Recent research by the Demos thinktank has shown the crucial link between the housing market and choice of schools. House prices are pushed upwards as better-off parents buy homes near to successful state schools. A properly integrated social policy would set targets for the balance of incomes and tenure for schools' catchment areas. Current market forces are leading to greater segregation, and social action is essential to develop more inclusive communities. We also need a new approach to the way homes are let by not-for-profit landlords. Most landlords give very little choice to people over where they live; the very name - \"allocating\" tenancies - reflects a deeply ingrained paternalism. The aim must be to offer people seeking somewhere to rent as much choice as possible, while giving priority to those in greatest need. The internet could transform the process of letting rented homes, making it possible for people seeking accommodation - from any landlord anywhere in the country - to find out what is available. The success of this radical new approach depends on an increase in investment in affordable homes. A major research project carried out for Shelter has shown a substantial shortfall in the investment needed to provide affordable homes for people on lower incomes. Next month, Shelter will publish the final report from a three-year research project. It will set the scale of unmet need, how it can more effectively be met, and how much it will cost. Our proposals include linking private finance with public subsidy to provide homes at affordable rents; making better use of planning powers to secure more affordable homes and ensuring that both investment and public spending are targeted to where they are most needed. But they also require an increase in public spending on housing. As the price of achieving the goal of a decent home for everybody, increasing choice, strengthening cohesive communities and raising achievements in schools, it is surely a price worth paying. \u0095 Chris Holmes is director of Shelter.",
      "charCount": "4947"
    },
    "isHosted": false,
    "pillarId": "pillar/news",
    "pillarName": "News"
  },
  {
    "id": "technology/2000/apr/05/microsoft.business2",
    "type": "article",
    "sectionId": "technology",
    "sectionName": "Technology",
    "webPublicationDate": "2000-04-05T00:33:26Z",
    "webTitle": "Make Windows transparent",
    "webUrl": "https://www.theguardian.com/technology/2000/apr/05/microsoft.business2",
    "apiUrl": "https://content.guardianapis.com/technology/2000/apr/05/microsoft.business2",
    "fields": {
      "headline": "Make Windows transparent",
      "standfirst": "<A HREF=\"http://www.newsunlimited.co.uk/microsoft/0,2759,58235,00.html\">Microsoft on trial: special report </A>",
      "trailText": "With Microsoft pronounced guilty and its share price falling fast, US analysts were looking fairly desperately for the good side of the story. If the judgment was bad for Microsoft, surely it must be good for somebody.",
      "byline": "Jack Schofield",
      "main": "",
      "body": "With Microsoft pronounced guilty and its share price falling fast, US analysts were looking fairly desperately for the good side of the story. If the judgment was bad for Microsoft, surely it must be good for somebody. <p>Surely there must be companies whose shares would rise. Candidates were hard to find. Ultimately, some thought that Red Hat, VA Linux and other suppliers of Linux operating systems would benefit, but in stock market terms these tiny companies are already more overvalued than the dot.coms. </p> <p>Even Linus Torvalds, the Finn who wrote Linux's small core, thinks the system is three years away from being competitive on desktop and, he reminds us, that is what he said three years ago. </p> <p>So if there is no realistic competition - as Judge Jackson found - why is Microsoft running scared? Why have some analysts and journalists been suggesting Microsoft is doomed, the PC industry is doomed, and that the tech world is going to be taken over by network computers, high-powered games consoles, television set-top boxes, mobile phones or whatever else happens to be flavour of the month? </p> <p>It is Microsoft's bad luck to be under attack just after it has beaten off one lot of competition and just before the next lot arrives. </p> <p>Although Microsoft's Windows won the battle for the PC operating systems market, this was no foregone conclusion. There were half a dozen proprietary suppliers supplying their own hardware bundled with their own software, including the Acorn Archimedes, Apple Macintosh, Atari ST, Commodore Amiga, the NeXT cube and the Sinclair QL. </p> <p>This is the sort of competition the US justice department seems to want, with lots of pointless duplication of effort and users getting locked in to single suppliers instead of being free to change between hardware brands. </p> <p>There have also been many alternatives to Windows on PCs, including Digital Research's GEM (Graphical Environment Manager), Quarterdeck's DesQview and Be's BeOS. </p> <p>The market had lots of choice, it made its choice and it is not the US government's job to try to roll back or rewrite history. It is especially not the US government's job to decide the course of software development by defining what belongs in an operating system, and what does not - unless it is also planning to throw out the copyright laws. </p> <p>But the question remains: what can be done to control Microsoft while it has a monopoly, and while it struggles for survival against whatever the next generation of technology throws its way. </p> <p>The US Department of Justice needs to think hard about that, because it seems to suppose that problems of conduct and pricing can be solved by making structural changes - to Microsoft or to the market or both. </p> <p>From the consumer's point of view, it would be better advised to apply the existing laws that would increase competition. </p> <p>For example, PC manufacturers and consumers would benefit from published standard prices for Windows, and Microsoft might even make more money out of it. </p> <p>What is more, if people resort to blackmail and other threats, why not throw them into jail?</p>",
      "newspaperPageNumber": "28",
      "wordcount": "515",
      "commentable": "false",
      "isPremoderated": "false",
      "lastModified": "2017-02-21T23:46:21Z",
      "newspaperEditionDate": "2000-04-05T00:00:00Z",
      "productionOffice": "UK",
      "publication": "theguardian.com",
      "shortUrl": "https://gu.com/p/2bya",
      "shouldHideAdverts": "false",
      "showInRelatedContent": "true",
      "legallySensitive": "false",
      "lang": "en",
      "bodyText": "With Microsoft pronounced guilty and its share price falling fast, US analysts were looking fairly desperately for the good side of the story. If the judgment was bad for Microsoft, surely it must be good for somebody. Surely there must be companies whose shares would rise. Candidates were hard to find. Ultimately, some thought that Red Hat, VA Linux and other suppliers of Linux operating systems would benefit, but in stock market terms these tiny companies are already more overvalued than the dot.coms. Even Linus Torvalds, the Finn who wrote Linux's small core, thinks the system is three years away from being competitive on desktop and, he reminds us, that is what he said three years ago. So if there is no realistic competition - as Judge Jackson found - why is Microsoft running scared? Why have some analysts and journalists been suggesting Microsoft is doomed, the PC industry is doomed, and that the tech world is going to be taken over by network computers, high-powered games consoles, television set-top boxes, mobile phones or whatever else happens to be flavour of the month? It is Microsoft's bad luck to be under attack just after it has beaten off one lot of competition and just before the next lot arrives. Although Microsoft's Windows won the battle for the PC operating systems market, this was no foregone conclusion. There were half a dozen proprietary suppliers supplying their own hardware bundled with their own software, including the Acorn Archimedes, Apple Macintosh, Atari ST, Commodore Amiga, the NeXT cube and the Sinclair QL. This is the sort of competition the US justice department seems to want, with lots of pointless duplication of effort and users getting locked in to single suppliers instead of being free to change between hardware brands. There have also been many alternatives to Windows on PCs, including Digital Research's GEM (Graphical Environment Manager), Quarterdeck's DesQview and Be's BeOS. The market had lots of choice, it made its choice and it is not the US government's job to try to roll back or rewrite history. It is especially not the US government's job to decide the course of software development by defining what belongs in an operating system, and what does not - unless it is also planning to throw out the copyright laws. But the question remains: what can be done to control Microsoft while it has a monopoly, and while it struggles for survival against whatever the next generation of technology throws its way. The US Department of Justice needs to think hard about that, because it seems to suppose that problems of conduct and pricing can be solved by making structural changes - to Microsoft or to the market or both. From the consumer's point of view, it would be better advised to apply the existing laws that would increase competition. For example, PC manufacturers and consumers would benefit from published standard prices for Windows, and Microsoft might even make more money out of it. What is more, if people resort to blackmail and other threats, why not throw them into jail?",
      "charCount": "3067"
    },
    "isHosted": false,
    "pillarId": "pillar/news",
    "pillarName": "News"
  }
]