[
  {
    "id": "football/2000/may/17/uefa.sport3",
    "type": "article",
    "sectionId": "football",
    "sectionName": "Football",
    "webPublicationDate": "2000-05-16T23:43:11Z",
    "webTitle": "Henry the red-hot marksman",
    "webUrl": "https://www.theguardian.com/football/2000/may/17/uefa.sport3",
    "apiUrl": "https://content.guardianapis.com/football/2000/may/17/uefa.sport3",
    "fields": {
      "headline": "Henry the red-hot marksman",
      "standfirst": "The Frenchman was a striker in despair when he rediscovered the target<br /><a href=\"http://www.footballunlimited.co.uk/UEFA_Cup/Story/0,5764,221685,00.html\">Second best not an option</a> <br /><a href=\"http://www.footballunlimited.co.uk/UEFA_Cup/Story/0,5764,221714,00.html\">Danish police go on charm offensive</a> <br /><a href=\"http://www.footballunlimited.co.uk/UEFA_Cup/Story/0,5764,221688,00.html\">Wenger's legion can win in style</a> <br /><a href=\" http://www.footballunlimited.co.uk/UEFA_Cup/Story/0,5764,221682,00.html \">Player-by-player guide</a>",
      "trailText": "<p>Thierry Henry was a striker in despair when he rediscovered the target, and now Galatasaray may be about to pay the price for his blistering end-of-season form.</p>",
      "byline": "Jon Brodkin  in Copenhagen",
      "main": "",
      "body": "<p>By 9.30 tonight Galatasaray could be the latest in a long line of victims wishing Thierry Henry had stuck to his guns. One morning, soon after his arrival at Highbury, the Frenchman dragged himself miserably out of bed intent on demanding a move. </p> <p>This was not a move from Arsenal but from the striker's role he feared was ruining his career. Out of the Champions League side and looking as potent in the Premiership as John Jensen, Henry decided enough was enough. He had to ask Ars\u00e8ne Wenger to go back out wide. </p> <p>\"It was so hard at the beginning,\" he recalls. \"Patrick [Vieira] used to tease me all the time. At first it was funny but it was true as well. I missed so many chances, not even difficult ones. In my mind I was in the France squad at the World Cup as a winger and one day I decided I had to speak to the boss. </p> <p>\"But when I arrived at training I thought: 'It's all right.' There are players who stop when they have a little problem. I decided I had to keep going and maybe we would see at the end of the season. I had a lot of confidence in Ars\u00e8ne.\" </p> <p>Presumably the 22-year-old will not be banging on Wenger's door tomorrow, unless it is to demand a pay rise. He has been sensational of late, his pace, power and finishing mocking the early doubts. Goals have flowed like David Ginola's locks. Why the \u00a311m fee? Because he is worth it. </p> <p>Henry remembers the day he started to feel a \"real striker\" again. As a youngster he always had that sense, 45 goals in one season for Monaco's youth team catapulting him into Wenger's side at 17. </p> <p>But Wenger soon departed and Henry was moved to the wing. Four years later, when he arrived at Highbury from Juventus, the scoring confidence was gone. At home to Derby last November it began to flood back. </p> <p>Twice set up by Marc Overmars, twice he made no mistake. \"When you score two goals, and you win with that, suddenly you feel more like a striker,\" he says. The statistics tell it all: two goals in 17 games before, 22 in 27 since, 26 in all. Here he hopes to score for the 11th successive match. How different Arsenal's Champions League and Premiership fortunes might have been if Henry had been in this form from the start. \"No one,\" he confesses, \"has missed the chances I have.\" </p> <p>The new incisiveness is based not just on confidence but on his adjustment to the Premiership. Team-mates have toughened him up in training and this month Henry even brushed aside Marcel Desailly to score against Chelsea. That prompted Wenger to compare Henry's build to a boxer's but not even he expected His 'Enery to settle this fast. </p> <p>\"I didn't expect he would be such a success,\" says the manager, who originally wanted Henry to play with Nicolas Anelka, not instead of him. \"I thought it would need more time. I was disappointed with the way he played at Liverpool alongside Bergkamp. He showed no signs it would be a success. But he learns quickly.\" </p> <p>The counter-attacking thrust of Anelka is no longer missed. And Henry - outgoing but not arrogant - has become part of the dressing room and the club in a way his friend never did. In the canteen he pulls faces at Vieira, trying to distract the midfielder from his interview. On Friday he watched the under-18s win the Youth Cup. He remembers how much that meant to him at Monaco - small touches, big impression. </p> <p>It says much that a message flashed up at Highbury recently proclaiming \"Well done Thierry, only 162 to go\". Goals to beat Ian Wright's record, that is. Henry studies Wright on video (the goals not the chat show) and there is a sense that he is here to stay. </p> <p>He enjoys London, though not a in pubbing-kebabing Gazza sort of way. As a teenager at Monaco he ignored the casinos and the beach, and still football comes first. \"I go to dance,\" he says, \"but not all the time, you know.\" </p> <p>More often he is with friends, visitors from Paris, occasionally tucking into the Caribbean food that reminds him of his mother's Guadaloupe cuisine. He appreciates the less intense life on and off the pitch: \"In Italy, if you miss one chance, even if you are Batistuta or Bierhoff, they have to kill you. Here they were singing my name.\" </p> <p>Henry says he likes pressure and not only Arsenal should celebrate his reincarnation. France have surely found the striker they won the World Cup without. Henry may be asked to start alone up front in Euro 2000 but he believes he and Anelka could work as a pair. </p> <p>\"Romario and Bebeto used to play together for Brazil,\" he says, \"and they played the same way.\" Henry and Anelka, 22 and 21, may have to vary the baby-cradling celebrations. Tonight Arsenal would settle for the upraised arm and charge towards the corner flag.</p>",
      "newspaperPageNumber": "30",
      "wordcount": "854",
      "commentable": "false",
      "isPremoderated": "false",
      "lastModified": "2017-02-20T22:30:50Z",
      "newspaperEditionDate": "2000-05-17T00:00:00Z",
      "productionOffice": "UK",
      "publication": "theguardian.com",
      "shortUrl": "https://gu.com/p/x4ed2",
      "shouldHideAdverts": "false",
      "showInRelatedContent": "true",
      "legallySensitive": "false",
      "lang": "en",
      "bodyText": "By 9.30 tonight Galatasaray could be the latest in a long line of victims wishing Thierry Henry had stuck to his guns. One morning, soon after his arrival at Highbury, the Frenchman dragged himself miserably out of bed intent on demanding a move. This was not a move from Arsenal but from the striker's role he feared was ruining his career. Out of the Champions League side and looking as potent in the Premiership as John Jensen, Henry decided enough was enough. He had to ask Ars\u00e8ne Wenger to go back out wide. \"It was so hard at the beginning,\" he recalls. \"Patrick [Vieira] used to tease me all the time. At first it was funny but it was true as well. I missed so many chances, not even difficult ones. In my mind I was in the France squad at the World Cup as a winger and one day I decided I had to speak to the boss. \"But when I arrived at training I thought: 'It's all right.' There are players who stop when they have a little problem. I decided I had to keep going and maybe we would see at the end of the season. I had a lot of confidence in Ars\u00e8ne.\" Presumably the 22-year-old will not be banging on Wenger's door tomorrow, unless it is to demand a pay rise. He has been sensational of late, his pace, power and finishing mocking the early doubts. Goals have flowed like David Ginola's locks. Why the \u00a311m fee? Because he is worth it. Henry remembers the day he started to feel a \"real striker\" again. As a youngster he always had that sense, 45 goals in one season for Monaco's youth team catapulting him into Wenger's side at 17. But Wenger soon departed and Henry was moved to the wing. Four years later, when he arrived at Highbury from Juventus, the scoring confidence was gone. At home to Derby last November it began to flood back. Twice set up by Marc Overmars, twice he made no mistake. \"When you score two goals, and you win with that, suddenly you feel more like a striker,\" he says. The statistics tell it all: two goals in 17 games before, 22 in 27 since, 26 in all. Here he hopes to score for the 11th successive match. How different Arsenal's Champions League and Premiership fortunes might have been if Henry had been in this form from the start. \"No one,\" he confesses, \"has missed the chances I have.\" The new incisiveness is based not just on confidence but on his adjustment to the Premiership. Team-mates have toughened him up in training and this month Henry even brushed aside Marcel Desailly to score against Chelsea. That prompted Wenger to compare Henry's build to a boxer's but not even he expected His 'Enery to settle this fast. \"I didn't expect he would be such a success,\" says the manager, who originally wanted Henry to play with Nicolas Anelka, not instead of him. \"I thought it would need more time. I was disappointed with the way he played at Liverpool alongside Bergkamp. He showed no signs it would be a success. But he learns quickly.\" The counter-attacking thrust of Anelka is no longer missed. And Henry - outgoing but not arrogant - has become part of the dressing room and the club in a way his friend never did. In the canteen he pulls faces at Vieira, trying to distract the midfielder from his interview. On Friday he watched the under-18s win the Youth Cup. He remembers how much that meant to him at Monaco - small touches, big impression. It says much that a message flashed up at Highbury recently proclaiming \"Well done Thierry, only 162 to go\". Goals to beat Ian Wright's record, that is. Henry studies Wright on video (the goals not the chat show) and there is a sense that he is here to stay. He enjoys London, though not a in pubbing-kebabing Gazza sort of way. As a teenager at Monaco he ignored the casinos and the beach, and still football comes first. \"I go to dance,\" he says, \"but not all the time, you know.\" More often he is with friends, visitors from Paris, occasionally tucking into the Caribbean food that reminds him of his mother's Guadaloupe cuisine. He appreciates the less intense life on and off the pitch: \"In Italy, if you miss one chance, even if you are Batistuta or Bierhoff, they have to kill you. Here they were singing my name.\" Henry says he likes pressure and not only Arsenal should celebrate his reincarnation. France have surely found the striker they won the World Cup without. Henry may be asked to start alone up front in Euro 2000 but he believes he and Anelka could work as a pair. \"Romario and Bebeto used to play together for Brazil,\" he says, \"and they played the same way.\" Henry and Anelka, 22 and 21, may have to vary the baby-cradling celebrations. Tonight Arsenal would settle for the upraised arm and charge towards the corner flag.",
      "charCount": "4645"
    },
    "isHosted": false,
    "pillarId": "pillar/sport",
    "pillarName": "Sport"
  },
  {
    "id": "business/2000/may/16/4",
    "type": "article",
    "sectionId": "business",
    "sectionName": "Business",
    "webPublicationDate": "2000-05-16T00:15:29Z",
    "webTitle": "Premier Oil admits abuses in Burma",
    "webUrl": "https://www.theguardian.com/business/2000/may/16/4",
    "apiUrl": "https://content.guardianapis.com/business/2000/may/16/4",
    "fields": {
      "headline": "Premier Oil admits abuses in Burma",
      "standfirst": "Executive denials crumble under pressure from rights groups and UK government",
      "trailText": "<p>Executive denials crumble under pressure from rights groups and UK government</p>",
      "byline": "Terry Macalister",
      "main": "",
      "body": "<p>Human rights abuses have been taking place inside an area of Burma controlled by Premier Oil, the British company conceded yesterday, despite previous denials from top executives. </p> <p>Last month ministers asked the oil company to abandon its petroleum interests to pressurise the country's repressive military junta. Burmese opposition leader and Nobel prize-winner Aung San Suu Kyi has also called on Premier to withdraw, and yesterday's admission by the company will intensify pressure on it to pull out of the country. </p> <p>Chief executive Charles Jamieson told the company's annual meeting last year that he was \"not aware of any abuses in our pipeline area or of cases of forced labour being used in Burma.\" </p> <p>But at yesterday's annual meeting he was asked how he could remain unaware of such issues when an environmental assessment report by oil group Texaco had warned from 1996 there were likely to be problems. It had looked at the impact of a proposed pipeline - which has now been built - from the offshore Yetagun field to the Thai border, which was protected by the army. </p> <p>Following the meeting Mr Jamieson admitted his com pany had raised with the government examples of continuing abuses in its controlled areas. \"It is not just human rights but environmental [abuses], too,\" he volunteered. </p> <p>But he insisted they were only isolated incidents. Asked how this tallied with contrary statements in the past, he replied: \"If I said that [last year] it was not what I meant.\" </p> <p>In April the government said it had taken the unprecedented step of asking Premier Oil to withdraw from its 27% interest in the Yetagun gas project as part of an attempt to increase pressure on the authorities. </p> <p>The Confederation of British Industry criticised the government's call, saying that \"in the absence of clear legal sanctions from the UK or UN, it should be left up to companies to make decisions about where they do business\". </p> <p>It also emerged yesterday that Premier might become the target of a legal action seeking compensation for human rights abuses associated to its relationship with Myanmar's military government, according to Kate Wredford, a US attorney and the director of EarthRights International. </p> <p>Ms Wredford said that it was \"a possibility\" that Premier Oil could face legal action as its involvement with Burma's military government had been no different from a US oil group, Unocal, , which is involved in a legal action against Ms Wredford's organisation and other groups over claims that hundreds of Burmese citizens were used as forced labour on a Unocal gas pipeline project. </p> <p>She said the \"crux\" of such a case was that Premier \"should have known that human rights abuses were occurring\" in its infrastructure in Burma. </p> <p>Mr Jamieson reiterated Premier's commitment to \"constructive engagement\" in Burma, arguing that pulling out would lead to huge contractual problems, and would not solve political or social problems there. </p> <p>Premier was one of the independent oil exploration and production firms founded in the 1980s to develop the North Sea fields. In recent years it has moved into Asia. Its main projects are now in Pakistan and Indonesia as well as Burma. </p> <p>The stock has performed badly over the same period but a 25% stakeholding by US oil group Amerada Hess has protected the company from a takeover. Last September Premier strengthened its defences and financial muscle by bringing in Petronas of Malaysia as another big stakeholder. </p> <p>The company came under ferocious attack from shareholders at its London meeting over its commitment to Burma, its sagging share price and breaches of governance standards. The shares last night were unchanged at 12p, against 55p in 1997.</p>",
      "newspaperPageNumber": "21",
      "wordcount": "605",
      "commentable": "false",
      "isPremoderated": "false",
      "lastModified": "2000-05-16T00:15:29Z",
      "newspaperEditionDate": "2000-05-16T00:00:00Z",
      "productionOffice": "UK",
      "publication": "theguardian.com",
      "shortUrl": "https://gu.com/p/37j6",
      "shouldHideAdverts": "false",
      "showInRelatedContent": "true",
      "legallySensitive": "false",
      "lang": "en",
      "bodyText": "Human rights abuses have been taking place inside an area of Burma controlled by Premier Oil, the British company conceded yesterday, despite previous denials from top executives. Last month ministers asked the oil company to abandon its petroleum interests to pressurise the country's repressive military junta. Burmese opposition leader and Nobel prize-winner Aung San Suu Kyi has also called on Premier to withdraw, and yesterday's admission by the company will intensify pressure on it to pull out of the country. Chief executive Charles Jamieson told the company's annual meeting last year that he was \"not aware of any abuses in our pipeline area or of cases of forced labour being used in Burma.\" But at yesterday's annual meeting he was asked how he could remain unaware of such issues when an environmental assessment report by oil group Texaco had warned from 1996 there were likely to be problems. It had looked at the impact of a proposed pipeline - which has now been built - from the offshore Yetagun field to the Thai border, which was protected by the army. Following the meeting Mr Jamieson admitted his com pany had raised with the government examples of continuing abuses in its controlled areas. \"It is not just human rights but environmental [abuses], too,\" he volunteered. But he insisted they were only isolated incidents. Asked how this tallied with contrary statements in the past, he replied: \"If I said that [last year] it was not what I meant.\" In April the government said it had taken the unprecedented step of asking Premier Oil to withdraw from its 27% interest in the Yetagun gas project as part of an attempt to increase pressure on the authorities. The Confederation of British Industry criticised the government's call, saying that \"in the absence of clear legal sanctions from the UK or UN, it should be left up to companies to make decisions about where they do business\". It also emerged yesterday that Premier might become the target of a legal action seeking compensation for human rights abuses associated to its relationship with Myanmar's military government, according to Kate Wredford, a US attorney and the director of EarthRights International. Ms Wredford said that it was \"a possibility\" that Premier Oil could face legal action as its involvement with Burma's military government had been no different from a US oil group, Unocal, , which is involved in a legal action against Ms Wredford's organisation and other groups over claims that hundreds of Burmese citizens were used as forced labour on a Unocal gas pipeline project. She said the \"crux\" of such a case was that Premier \"should have known that human rights abuses were occurring\" in its infrastructure in Burma. Mr Jamieson reiterated Premier's commitment to \"constructive engagement\" in Burma, arguing that pulling out would lead to huge contractual problems, and would not solve political or social problems there. Premier was one of the independent oil exploration and production firms founded in the 1980s to develop the North Sea fields. In recent years it has moved into Asia. Its main projects are now in Pakistan and Indonesia as well as Burma. The stock has performed badly over the same period but a 25% stakeholding by US oil group Amerada Hess has protected the company from a takeover. Last September Premier strengthened its defences and financial muscle by bringing in Petronas of Malaysia as another big stakeholder. The company came under ferocious attack from shareholders at its London meeting over its commitment to Burma, its sagging share price and breaches of governance standards. The shares last night were unchanged at 12p, against 55p in 1997.",
      "charCount": "3681"
    },
    "isHosted": false,
    "pillarId": "pillar/news",
    "pillarName": "News"
  },
  {
    "id": "world/2000/may/16/uselections2000.usa",
    "type": "article",
    "sectionId": "us-news",
    "sectionName": "US news",
    "webPublicationDate": "2000-05-16T00:15:19Z",
    "webTitle": "Moms in a muddle",
    "webUrl": "https://www.theguardian.com/world/2000/may/16/uselections2000.usa",
    "apiUrl": "https://content.guardianapis.com/world/2000/may/16/uselections2000.usa",
    "fields": {
      "headline": "Moms in a muddle",
      "standfirst": "US women voters could spike gun lobby<BR><BR><A HREF=\"http://www.guardianunlimited.co.uk/US_election_race/0,2759,71139,00.html\" >The US elections: special report </A>",
      "trailText": "The \"Million Mom March\" in Washington and dozens of other US cities at the weekend will increase pressure on the Republican-controlled congress to reconsider its opposition to modest and much-needed gun control measures ahead of this November's general election. But the idea that politicians who receive campaign backing and funds from the pro-gun lobby will pay a heavy price at the polls is optimistic.",
      "main": "",
      "body": "The \"Million Mom March\" in Washington and dozens of other US cities at the weekend will increase pressure on the Republican-controlled congress to reconsider its opposition to modest and much-needed gun control measures ahead of this November's general election. But the idea that politicians who receive campaign backing and funds from the pro-gun lobby will pay a heavy price at the polls is optimistic. Although guns claim about 32,000 lives each year, including many thousands of teenagers and children, America's women voters seem to be as confused as everybody else about what to do and who should do it. The marchers do not aim as high as a total ban on handguns and assault weapons, as in post-Dunblane Britain. This may simply reflect the harsh politics of the possible. But nor do women voters support, in convincing numbers, the Democratic presidential candidate, Al Gore, who, unlike his Republican rival, George W Bush, at least seems sincere in wanting to try to stem the carnage. <p>Mr Gore has put forward a raft of gun control measures including photo- licensing for handgun sales, child-proof trigger locks, a three-day waiting period for gun purchases, and tougher penalties for gun-related crime. This is hardly radical stuff. But Mr Bush, in contrast, opposes national gun registration, stresses the need to enforce existing laws more effectively, and constantly reiterates, for the benefit of the deeply unpleasant National Rifle Association and its acolytes, his unthinking belief in the \"law-abiding American's constitutional right to own guns to protect family and home\". </p> <p>This overall stance puts Mr Bush at odds with public opinion. Gallup surveys show 61% of Americans favour stricter firearms controls; 68% support a ban on semi-automatic assault guns; and 73% back handgun registration. And yet it is the gung-ho Mr Bush who is currently gaining in national polls. He leads Mr Gore among male voters (including key swing states with a large hunting fraternity like Ohio) and also, increasingly, among women. They, reportedly, find the boyish-looking Mr Bush more appealing on television than his earnest rival. If such whimsy translates into votes, it will be depressing. While the men have proved incapable of ending this national scandal, all of America's moms together could swiftly vanquish the gun menace. They have the electoral firepower. But will they bring it to bear?</p>",
      "newspaperPageNumber": "19",
      "wordcount": "385",
      "commentable": "false",
      "isPremoderated": "false",
      "lastModified": "2017-07-15T04:03:24Z",
      "newspaperEditionDate": "2000-05-16T00:00:00Z",
      "productionOffice": "UK",
      "publication": "theguardian.com",
      "shortUrl": "https://gu.com/p/hy9q",
      "shouldHideAdverts": "false",
      "showInRelatedContent": "true",
      "legallySensitive": "false",
      "lang": "en",
      "bodyText": "The \"Million Mom March\" in Washington and dozens of other US cities at the weekend will increase pressure on the Republican-controlled congress to reconsider its opposition to modest and much-needed gun control measures ahead of this November's general election. But the idea that politicians who receive campaign backing and funds from the pro-gun lobby will pay a heavy price at the polls is optimistic. Although guns claim about 32,000 lives each year, including many thousands of teenagers and children, America's women voters seem to be as confused as everybody else about what to do and who should do it. The marchers do not aim as high as a total ban on handguns and assault weapons, as in post-Dunblane Britain. This may simply reflect the harsh politics of the possible. But nor do women voters support, in convincing numbers, the Democratic presidential candidate, Al Gore, who, unlike his Republican rival, George W Bush, at least seems sincere in wanting to try to stem the carnage. Mr Gore has put forward a raft of gun control measures including photo- licensing for handgun sales, child-proof trigger locks, a three-day waiting period for gun purchases, and tougher penalties for gun-related crime. This is hardly radical stuff. But Mr Bush, in contrast, opposes national gun registration, stresses the need to enforce existing laws more effectively, and constantly reiterates, for the benefit of the deeply unpleasant National Rifle Association and its acolytes, his unthinking belief in the \"law-abiding American's constitutional right to own guns to protect family and home\". This overall stance puts Mr Bush at odds with public opinion. Gallup surveys show 61% of Americans favour stricter firearms controls; 68% support a ban on semi-automatic assault guns; and 73% back handgun registration. And yet it is the gung-ho Mr Bush who is currently gaining in national polls. He leads Mr Gore among male voters (including key swing states with a large hunting fraternity like Ohio) and also, increasingly, among women. They, reportedly, find the boyish-looking Mr Bush more appealing on television than his earnest rival. If such whimsy translates into votes, it will be depressing. While the men have proved incapable of ending this national scandal, all of America's moms together could swiftly vanquish the gun menace. They have the electoral firepower. But will they bring it to bear?",
      "charCount": "2403"
    },
    "isHosted": false,
    "pillarId": "pillar/news",
    "pillarName": "News"
  }
]