[
  {
    "id": "technology/2000/oct/23/business.personalfinancenews",
    "type": "article",
    "sectionId": "technology",
    "sectionName": "Technology",
    "webPublicationDate": "2000-10-23T16:34:23Z",
    "webTitle": "'Pump and dump' boy is unrepentant",
    "webUrl": "https://www.theguardian.com/technology/2000/oct/23/business.personalfinancenews",
    "apiUrl": "https://content.guardianapis.com/technology/2000/oct/23/business.personalfinancenews",
    "fields": {
      "headline": "'Pump and dump' boy is unrepentant",
      "standfirst": "<br /><a href=\"http://www.moneyunlimited.co.uk/\">Money Unlimited</a><br /><a href=\"http://www.guardianunlimited.co.uk/internetnews\">Net news</a>",
      "trailText": "<p>A 16-year-old American who made hundreds of thousands of dollars by using internet bulletin boards to manipulate the price of shares he owned has said he does not think there is anything wrong with the practice. </p>",
      "byline": "John Cassy",
      "main": "",
      "body": "<p>A 16-year-old American who made hundreds of thousands of dollars by using internet bulletin boards to manipulate the price of shares he owned has said he does not think there is anything wrong with the practice. </p> <p>Jonathan Lebed, who lives in New Jersey, bought his parents a $40,000 Mercedes car after surrendering $285,000 in profits from the scam and promising the securities and exchange commission that he would not do it again. </p> <p>Jonathan, who is not old enough to smoke or drive legally, earlier this year became the youngest person to be charged with illegal stock dealing. Last month he agreed to hand over $285,000 to the SEC to settle civil charges that he fraudulently committed stock deals that netted him about $800,000 over a two-year period. </p> <p>\"Yes [I manipulated stocks], but I wasn't doing anything wrong ... I wasn't posting any false information,\" Jonathan told CBS's 60 Minutes in his first interview last night. </p> <p>Jonathan told the programme how he made a fortune from \"pumping and dumping\" shares. That involves buying a stock, tipping it in internet chat rooms and selling when the price rises. </p> <p>However, he said he was merely highlighting a number of undervalued companies \"that would be worth a lot more if everybody knew about it\". </p> <p>SEC chairman Arthur Levitt saw it differently. Jonathan, he said, \"used fictitious names. The purpose... was not to help investors... but rather to line his own pockets as soon as he hyped the price of the stock.\" </p> <p>Jonathan's father Greg was proud of his son's gains. \"He earned it. He did a lot of work. He didn't sit behind a garage smoking pot, or stealing wheels off a car.\"</p>",
      "newspaperPageNumber": "24",
      "wordcount": "282",
      "commentable": "false",
      "isPremoderated": "false",
      "lastModified": "2017-02-21T23:41:31Z",
      "newspaperEditionDate": "2000-10-23T00:00:00Z",
      "productionOffice": "UK",
      "publication": "theguardian.com",
      "shortUrl": "https://gu.com/p/xkek",
      "shouldHideAdverts": "false",
      "showInRelatedContent": "true",
      "legallySensitive": "false",
      "lang": "en",
      "bodyText": "A 16-year-old American who made hundreds of thousands of dollars by using internet bulletin boards to manipulate the price of shares he owned has said he does not think there is anything wrong with the practice. Jonathan Lebed, who lives in New Jersey, bought his parents a $40,000 Mercedes car after surrendering $285,000 in profits from the scam and promising the securities and exchange commission that he would not do it again. Jonathan, who is not old enough to smoke or drive legally, earlier this year became the youngest person to be charged with illegal stock dealing. Last month he agreed to hand over $285,000 to the SEC to settle civil charges that he fraudulently committed stock deals that netted him about $800,000 over a two-year period. \"Yes [I manipulated stocks], but I wasn't doing anything wrong ... I wasn't posting any false information,\" Jonathan told CBS's 60 Minutes in his first interview last night. Jonathan told the programme how he made a fortune from \"pumping and dumping\" shares. That involves buying a stock, tipping it in internet chat rooms and selling when the price rises. However, he said he was merely highlighting a number of undervalued companies \"that would be worth a lot more if everybody knew about it\". SEC chairman Arthur Levitt saw it differently. Jonathan, he said, \"used fictitious names. The purpose... was not to help investors... but rather to line his own pockets as soon as he hyped the price of the stock.\" Jonathan's father Greg was proud of his son's gains. \"He earned it. He did a lot of work. He didn't sit behind a garage smoking pot, or stealing wheels off a car.\"",
      "charCount": "1627"
    },
    "isHosted": false,
    "pillarId": "pillar/news",
    "pillarName": "News"
  },
  {
    "id": "business/2000/oct/23/4",
    "type": "article",
    "sectionId": "business",
    "sectionName": "Business",
    "webPublicationDate": "2000-10-23T00:56:22Z",
    "webTitle": "Economics made easy",
    "webUrl": "https://www.theguardian.com/business/2000/oct/23/4",
    "apiUrl": "https://content.guardianapis.com/business/2000/oct/23/4",
    "fields": {
      "headline": "Economics made easy",
      "standfirst": "What is stagflation?",
      "trailText": "<p>It is an economic policymaker's worst nightmare: a combination of rampant inflation, falling output and high unemployment.  </p>",
      "byline": "Charlotte Denny",
      "main": "",
      "body": "<p>It is an economic policymaker's worst nightmare: a combination of rampant inflation, falling output and high unemployment. </p> <p>Stagflation last stalked the headlines in the 1970s, when two successive oil price rises sent inflation spiralling while choking off growth in the west. </p> <p>It destroyed the assumption of some economic policymakers at the time that there was a trade-off between unemployment and inflation and that higher inflation allowed lower unemployment. The trebling of oil prices over the last 18 months to levels not seen since the Gulf war has led some to wonder if we could be in for a re-run of the 1970s - not just on the catwalks but in the economy. </p> <p><strong> Any signs of its return?</strong> </p> <p>There are no signs as yet in Britain where inflation is the lowest of any European Union country. Although headline inflation has been pushed up by higher petrol prices, the Bank of England has said that unless this spills over into price increases in the rest of the economy, it will not react. </p> <p>However, the 11 members of the eurozone are in more trouble: inflation is at 2.8%, which is well above the 2% ceiling which the European Central Bank has set itself as its inflation target. </p> <p>But policymakers are reluctant to raise interest rates because there are signs that the French and German economies, the motors of the eurozone, are slowing down. </p> <p>In the US, inflation is above 3.5%, but the Federal Reserve is in a dilemma, partly because of the impending US election, but also because American companies are starting to issue profits warnings which are having an unsettling effect on the markets. A rise in interest rates could cause the US stock markets to tumble. </p> <p><strong> What should they do?</strong> </p> <p>Stagflation poses a real dilemma for policymakers: do they cut rates to stimulate the economy or raise them to tackle the threat of inflation. Last time, the countries which survived the oil price rise the best were the ones which did least to accommodate it by lowering interest rates: Germany for example. </p> <p>However, some people argue that things are different this time; there are fewer signs that rising energy prices are spilling over into other areas of the economy. </p> <p>For example, wage inflation is subdued by historical standards, suggesting fewer dangers of an inflationary wage price spiral. </p> <p>Central bankers may be able to negotiate their way through the minefield this time, better than they did the last, but it will take some careful navigating.</p>",
      "newspaperPageNumber": "27",
      "wordcount": "415",
      "commentable": "false",
      "isPremoderated": "false",
      "lastModified": "2000-10-23T00:56:22Z",
      "newspaperEditionDate": "2000-10-23T00:00:00Z",
      "productionOffice": "UK",
      "publication": "theguardian.com",
      "shortUrl": "https://gu.com/p/3gz9",
      "shouldHideAdverts": "false",
      "showInRelatedContent": "true",
      "legallySensitive": "false",
      "lang": "en",
      "bodyText": "It is an economic policymaker's worst nightmare: a combination of rampant inflation, falling output and high unemployment. Stagflation last stalked the headlines in the 1970s, when two successive oil price rises sent inflation spiralling while choking off growth in the west. It destroyed the assumption of some economic policymakers at the time that there was a trade-off between unemployment and inflation and that higher inflation allowed lower unemployment. The trebling of oil prices over the last 18 months to levels not seen since the Gulf war has led some to wonder if we could be in for a re-run of the 1970s - not just on the catwalks but in the economy. Any signs of its return? There are no signs as yet in Britain where inflation is the lowest of any European Union country. Although headline inflation has been pushed up by higher petrol prices, the Bank of England has said that unless this spills over into price increases in the rest of the economy, it will not react. However, the 11 members of the eurozone are in more trouble: inflation is at 2.8%, which is well above the 2% ceiling which the European Central Bank has set itself as its inflation target. But policymakers are reluctant to raise interest rates because there are signs that the French and German economies, the motors of the eurozone, are slowing down. In the US, inflation is above 3.5%, but the Federal Reserve is in a dilemma, partly because of the impending US election, but also because American companies are starting to issue profits warnings which are having an unsettling effect on the markets. A rise in interest rates could cause the US stock markets to tumble. What should they do? Stagflation poses a real dilemma for policymakers: do they cut rates to stimulate the economy or raise them to tackle the threat of inflation. Last time, the countries which survived the oil price rise the best were the ones which did least to accommodate it by lowering interest rates: Germany for example. However, some people argue that things are different this time; there are fewer signs that rising energy prices are spilling over into other areas of the economy. For example, wage inflation is subdued by historical standards, suggesting fewer dangers of an inflationary wage price spiral. Central bankers may be able to negotiate their way through the minefield this time, better than they did the last, but it will take some careful navigating.",
      "charCount": "2434"
    },
    "isHosted": false,
    "pillarId": "pillar/news",
    "pillarName": "News"
  },
  {
    "id": "business/2000/oct/23/3",
    "type": "article",
    "sectionId": "business",
    "sectionName": "Business",
    "webPublicationDate": "2000-10-23T00:56:21Z",
    "webTitle": "Monday briefing",
    "webUrl": "https://www.theguardian.com/business/2000/oct/23/3",
    "apiUrl": "https://content.guardianapis.com/business/2000/oct/23/3",
    "fields": {
      "headline": "Monday briefing",
      "trailText": "<p><strong> Sunday Times</strong><br /> </p>",
      "main": "",
      "body": "<p><strong> Sunday Times</strong><br> </p> <p> Talks have begun between <strong> British Airways</strong>, Air France and Delta Airlines to form a new alliance, which could result in the break-up of BA's existing Oneworld partnership. BA may switch allegiance from American Airlines, with which it started Oneworld, to Air France and Delta's Skyteam collaboration. </p> <p>Private equity groups<strong> Cinven</strong> and <strong> BC Partners</strong> are frontrunners to buy <strong> Burmah Castrol</strong>'s chemicals businesses from BP Amoco for up to \u00a3800m. BP paid \u00a33bn for Burmah earlier this year for its lubricants division, and put the rest up for sale. </p> <p>South African group <strong> Logical Holdings</strong> has pulled its proposed \u00a31.5bn London listing just weeks before it was due to float. It blames volatile market conditions. </p> <p><strong> Sunday Telegraph</strong><br> </p> <p> <strong> Sir Christopher Lewinton</strong>, chairman of <strong> TI</strong>, has reportedly succumbed to shareholder pressure and agreed to halve his multi-million payoff following the group's merger with Smiths Industries. Lewinton has also ruled himself out of the running to become the next chairman of advertising group WPP, and advertising executives now say it is \"highly unlikely\" he will take up the post. </p> <p><strong> Lasmo</strong> is expected to sell North Sea assets and interests in Algeria and Venezuela, in an effort to bolster its flagging share price. The company has been under pressure from shareholders who are frustrated that the company's shares have failed to reflect the buoyant oil price. </p> <p><strong> Coral</strong> has abandoned plans for a \u00a31bn stock market flotation for the foreseeable future. The company is said to believe its internet business needs more development, and it is concerned about the uncertain state of the stock market. </p> <p><strong> Mail on Sunday</strong><br> </p> <p> <strong> Camelot</strong> will this week announce plans for a Europe-wide lottery to strengthen its campaign to continue running Britain's national draw. </p> <p>Its plans for a European lottery were rejected by the lottery commission last month. But now Camelot has been told by lawyers there are no obstacles to the scheme under British and European law. </p> <p><strong> British Airways</strong> has held talks with Tony Blair, seeking government support to revive its plans for an alliance with American Airlines. </p> <p><strong> Sunday Express</strong><br> </p> <p> <strong> Unilever</strong> faces a battle with a 68-year-old grandmother, who claims its Bestfood business stole the name Skippy for its products from a cartoon character created by her father. </p> <p><strong> Observer</strong><br> </p> <p> <strong> Alchemy</strong>, the venture capital group which lost out in the battle to buy Rover cars, is considering a \u00a31.5bn bid for <strong> Whitbread</strong>'s 3,000 pubs. Alchemy is keen to emulate the success in the pubs sector enjoyed by City rival Nomura. </p> <p>Last year Alchemy joined Nomura to make a last-ditch bid for Allied Domecq's pub estate, which eventually went to entrepreneur Hugh Osmond's Punch Taverns. </p> <p><strong> BT</strong> is looking at a multi-billion pound sale of its interests in Asia and the Far East as a way of raising cash to offset its debts. </p> <p><strong> Sunday Business</strong><br> </p> <p> Train companies are to be given millions of pounds of taxpayers' money to compensate for the loss of revenue during safety work. </p> <p>The payments are being discussed by deputy prime minister John Prescott, shadow strategic rail authority chairman Sir Alastair Morton and Tom Winsor, the rail regulator. </p> <p>US aerospace group <strong> BF Goodrich</strong> is considering a \u00a31.8bn bid for <strong> TI</strong> to counter the merger of TI with Smiths Industries. KKR, the American private equity house is also eyeing the situation, according to investment bankers. </p> <p><strong> BT</strong> may sell its 25% stake in Cegetel, the French telephone company, and its 49% holding in Spanish group Airtel for close to \u00a39bn. </p> <p><strong> IoS</strong><br> </p> <p> Stock Exchange chairman <strong> Don Cruickshank</strong> will next month face another grilling from MPs anxious for an explanation of the failed merger with <strong> Deutsche B\u00f6rse</strong>, once the fate of the hostile bid from Sweden's OM Gruppen is determined. </p> <p>Five months ago Cruickshank and then chief executive Gavin Casey faced a tirade from MPs. </p> <p><strong> Reports out this week</strong><br> </p> <p><strong> Today</strong><br> </p> <p> <strong> Interims</strong> EID Parry (India), JetCam International, WPP. </p> <p><strong> Finals </strong> Netvest.com. <strong> AGMs</strong> Grosvenor Land Holdings. </p> <p><strong> EGMs</strong> Provalis. </p> <p><strong> Tuesday</strong><br> </p> <p> <strong> Interims</strong> Inter-Alliance Group, SmithKline Beecham (Q3), Westbury. <strong> Finals</strong> JazzFM. <strong> AGMs</strong> Pacific Horizon, Regent Inns. <strong> EGMs</strong> Rutland Trust. </p> <p><strong> Wednesday</strong><br> </p> <p> <strong> Interims</strong> AstraZeneca (Q3), Centex Corporation, Zen Research, JJB Sports, Ted Baker. <strong> Finals</strong> High-Point Rendel Group, Indigovision Group. <strong> AGMs</strong> Fleming Overseas, Murray Income Trust. <strong> EGMs</strong> None scheduled. </p> <p><strong> Thursday</strong><br> </p> <p> <strong> Interims</strong> Chloride Group, Pilkington. <strong> Finals</strong> Shiloh, WH Smith. </p> <p><strong> AGMs</strong> Beazer Homes. <strong> EGMs </strong> None scheduled. </p> <p><strong> Friday</strong><br> </p> <p> <strong> Interims</strong> Hitachi Credit. <strong> Finals</strong> Channelfly.com. </p> <p><strong> AGMs </strong> Galliford, Linx Printing. <strong> EGMs</strong> None scheduled. </p> <p><strong> Indicators this week</strong><br> </p> <p><strong> Today</strong><br> </p> <p> <strong> UK </strong> IRS pay settlements (Q). <strong> UK</strong> CBI pay databank survey. </p> <p><strong> Tuesday</strong><br> </p> <p> <strong> UK</strong> RICS house price survey (Sep). <strong> UK </strong> Global trade (Aug). </p> <p><strong> UK</strong> Non-EU trade (Sep). </p> <p><strong> Wednesday</strong><br> </p> <p> <strong> UK</strong> CBI industrial trends survey (Q). </p> <p><strong> Thursday</strong><br> </p> <p> <strong> UK</strong> BBA analysis of mortgage lending (Sep). </p> <p><strong> Friday</strong><br> </p> <p> <strong> UK</strong> NIESR economic review (Q).</p>",
      "newspaperPageNumber": "24",
      "wordcount": "771",
      "commentable": "false",
      "isPremoderated": "false",
      "lastModified": "2000-10-23T00:56:21Z",
      "newspaperEditionDate": "2000-10-23T00:00:00Z",
      "productionOffice": "UK",
      "publication": "theguardian.com",
      "shortUrl": "https://gu.com/p/3gzx",
      "shouldHideAdverts": "false",
      "showInRelatedContent": "true",
      "legallySensitive": "false",
      "lang": "en",
      "bodyText": "Sunday Times Talks have begun between British Airways, Air France and Delta Airlines to form a new alliance, which could result in the break-up of BA's existing Oneworld partnership. BA may switch allegiance from American Airlines, with which it started Oneworld, to Air France and Delta's Skyteam collaboration. Private equity groups Cinven and BC Partners are frontrunners to buy Burmah Castrol's chemicals businesses from BP Amoco for up to \u00a3800m. BP paid \u00a33bn for Burmah earlier this year for its lubricants division, and put the rest up for sale. South African group Logical Holdings has pulled its proposed \u00a31.5bn London listing just weeks before it was due to float. It blames volatile market conditions. Sunday Telegraph Sir Christopher Lewinton, chairman of TI, has reportedly succumbed to shareholder pressure and agreed to halve his multi-million payoff following the group's merger with Smiths Industries. Lewinton has also ruled himself out of the running to become the next chairman of advertising group WPP, and advertising executives now say it is \"highly unlikely\" he will take up the post. Lasmo is expected to sell North Sea assets and interests in Algeria and Venezuela, in an effort to bolster its flagging share price. The company has been under pressure from shareholders who are frustrated that the company's shares have failed to reflect the buoyant oil price. Coral has abandoned plans for a \u00a31bn stock market flotation for the foreseeable future. The company is said to believe its internet business needs more development, and it is concerned about the uncertain state of the stock market. Mail on Sunday Camelot will this week announce plans for a Europe-wide lottery to strengthen its campaign to continue running Britain's national draw. Its plans for a European lottery were rejected by the lottery commission last month. But now Camelot has been told by lawyers there are no obstacles to the scheme under British and European law. British Airways has held talks with Tony Blair, seeking government support to revive its plans for an alliance with American Airlines. Sunday Express Unilever faces a battle with a 68-year-old grandmother, who claims its Bestfood business stole the name Skippy for its products from a cartoon character created by her father. Observer Alchemy, the venture capital group which lost out in the battle to buy Rover cars, is considering a \u00a31.5bn bid for Whitbread's 3,000 pubs. Alchemy is keen to emulate the success in the pubs sector enjoyed by City rival Nomura. Last year Alchemy joined Nomura to make a last-ditch bid for Allied Domecq's pub estate, which eventually went to entrepreneur Hugh Osmond's Punch Taverns. BT is looking at a multi-billion pound sale of its interests in Asia and the Far East as a way of raising cash to offset its debts. Sunday Business Train companies are to be given millions of pounds of taxpayers' money to compensate for the loss of revenue during safety work. The payments are being discussed by deputy prime minister John Prescott, shadow strategic rail authority chairman Sir Alastair Morton and Tom Winsor, the rail regulator. US aerospace group BF Goodrich is considering a \u00a31.8bn bid for TI to counter the merger of TI with Smiths Industries. KKR, the American private equity house is also eyeing the situation, according to investment bankers. BT may sell its 25% stake in Cegetel, the French telephone company, and its 49% holding in Spanish group Airtel for close to \u00a39bn. IoS Stock Exchange chairman Don Cruickshank will next month face another grilling from MPs anxious for an explanation of the failed merger with Deutsche B\u00f6rse, once the fate of the hostile bid from Sweden's OM Gruppen is determined. Five months ago Cruickshank and then chief executive Gavin Casey faced a tirade from MPs. Reports out this week Today Interims EID Parry (India), JetCam International, WPP. Finals Netvest.com. AGMs Grosvenor Land Holdings. EGMs Provalis. Tuesday Interims Inter-Alliance Group, SmithKline Beecham (Q3), Westbury. Finals JazzFM. AGMs Pacific Horizon, Regent Inns. EGMs Rutland Trust. Wednesday Interims AstraZeneca (Q3), Centex Corporation, Zen Research, JJB Sports, Ted Baker. Finals High-Point Rendel Group, Indigovision Group. AGMs Fleming Overseas, Murray Income Trust. EGMs None scheduled. Thursday Interims Chloride Group, Pilkington. Finals Shiloh, WH Smith. AGMs Beazer Homes. EGMs None scheduled. Friday Interims Hitachi Credit. Finals Channelfly.com. AGMs Galliford, Linx Printing. EGMs None scheduled. Indicators this week Today UK IRS pay settlements (Q). UK CBI pay databank survey. Tuesday UK RICS house price survey (Sep). UK Global trade (Aug). UK Non-EU trade (Sep). Wednesday UK CBI industrial trends survey (Q). Thursday UK BBA analysis of mortgage lending (Sep). Friday UK NIESR economic review (Q).",
      "charCount": "4830"
    },
    "isHosted": false,
    "pillarId": "pillar/news",
    "pillarName": "News"
  }
]