[
  {
    "id": "technology/2000/aug/08/efinance.business",
    "type": "article",
    "sectionId": "technology",
    "sectionName": "Technology",
    "webPublicationDate": "2000-08-08T00:40:40Z",
    "webTitle": "At this price?  Baltimore",
    "webUrl": "https://www.theguardian.com/technology/2000/aug/08/efinance.business",
    "apiUrl": "https://content.guardianapis.com/technology/2000/aug/08/efinance.business",
    "fields": {
      "headline": "At this price?  Baltimore",
      "trailText": "<p>Trying to value shares in Irish e-security firm <strong> Baltimore</strong> is a thankless task. Few companies inspire such a diverse range of opinions. </p>",
      "byline": "John Cassy",
      "main": "",
      "body": "<p>Trying to value shares in Irish e-security firm <strong> Baltimore</strong> is a thankless task. Few companies inspire such a diverse range of opinions. </p> <p>The stock is one of the most volatile in the hi-tech sector, but yesterday it held steady at 640.5p. </p> <p>Some analysts believe Baltimore is on the verge of becoming a global power and a fairer value is around 900p; others rate them an outright sell. Nomura describes Baltimore as \"one of the most overpriced software stocks on the market\" - even after it fell from March highs of almost \u00a314. </p> <p>Nomura analysts say last week's deal with Commerce One in the US is indicative of their concerns. Under the deal Baltimore will supply its public key infrastructure to the company but the contract is non-exclusive and Baltimore did not put any monetary value on it. </p> <p>Nomura argues that Baltimore is valued as if it has proprietary technology and will make high margins. However, the standard it is based on is non-proprietary and Nomura predicts Baltimore will never earn much more than 20%-25% margin. </p> <p>Current market value of \u00a32bn is 46 times this year's forecast sales and 87 times 2002 forecast earnings. Nomura says this is unrealistic. </p> <p>What Nomura would like to see is a bigger presence in the US market, arguing that more than half of the world's leading multinationals are based in the US and the big decisions on security will be taken by corporate headquarters. Baltimore's US revenues are growing but mainly through acquisition. Further smart buys would help to calm some analysts' nerves. </p> <p>Dealing room whispers suggest a possible target is Entrust Technologies, a US rival that last month saw its shares fall more than 50% after warning that second-quarter earnings will be much lower than expected. It is valued at around $1.5bn. </p> <p>A combination of the two groups would be a very different proposition. Investors should hold, but be prepared for a rollercoaster ride. </p>",
      "newspaperPageNumber": "20",
      "wordcount": "323",
      "commentable": "false",
      "isPremoderated": "false",
      "lastModified": "2017-02-21T23:43:18Z",
      "newspaperEditionDate": "2000-08-08T00:00:00Z",
      "productionOffice": "UK",
      "publication": "theguardian.com",
      "shortUrl": "https://gu.com/p/xk68",
      "shouldHideAdverts": "false",
      "showInRelatedContent": "true",
      "legallySensitive": "false",
      "lang": "en",
      "bodyText": "Trying to value shares in Irish e-security firm Baltimore is a thankless task. Few companies inspire such a diverse range of opinions. The stock is one of the most volatile in the hi-tech sector, but yesterday it held steady at 640.5p. Some analysts believe Baltimore is on the verge of becoming a global power and a fairer value is around 900p; others rate them an outright sell. Nomura describes Baltimore as \"one of the most overpriced software stocks on the market\" - even after it fell from March highs of almost \u00a314. Nomura analysts say last week's deal with Commerce One in the US is indicative of their concerns. Under the deal Baltimore will supply its public key infrastructure to the company but the contract is non-exclusive and Baltimore did not put any monetary value on it. Nomura argues that Baltimore is valued as if it has proprietary technology and will make high margins. However, the standard it is based on is non-proprietary and Nomura predicts Baltimore will never earn much more than 20%-25% margin. Current market value of \u00a32bn is 46 times this year's forecast sales and 87 times 2002 forecast earnings. Nomura says this is unrealistic. What Nomura would like to see is a bigger presence in the US market, arguing that more than half of the world's leading multinationals are based in the US and the big decisions on security will be taken by corporate headquarters. Baltimore's US revenues are growing but mainly through acquisition. Further smart buys would help to calm some analysts' nerves. Dealing room whispers suggest a possible target is Entrust Technologies, a US rival that last month saw its shares fall more than 50% after warning that second-quarter earnings will be much lower than expected. It is valued at around $1.5bn. A combination of the two groups would be a very different proposition. Investors should hold, but be prepared for a rollercoaster ride.",
      "charCount": "1899"
    },
    "isHosted": false,
    "pillarId": "pillar/news",
    "pillarName": "News"
  },
  {
    "id": "business/2000/aug/08/britishairwaysbusiness",
    "type": "article",
    "sectionId": "business",
    "sectionName": "Business",
    "webPublicationDate": "2000-08-08T00:40:22Z",
    "webTitle": "Go may be cut from BA as price of deal",
    "webUrl": "https://www.theguardian.com/business/2000/aug/08/britishairwaysbusiness",
    "apiUrl": "https://content.guardianapis.com/business/2000/aug/08/britishairwaysbusiness",
    "fields": {
      "headline": "Go may be cut from BA as price of deal",
      "trailText": "<p> For regulators in Brussels the price of a merger with KLM could mean that Go, the low-cost airline established by British Airways in May 1998, is released from BA's clutches. </p>",
      "byline": "Terry Macalister",
      "main": "",
      "body": "<p> For regulators in Brussels the price of a merger with KLM could mean that Go, the low-cost airline established by British Airways in May 1998, is released from BA's clutches. </p> <p>Rod Eddington hinted that the Stansted-based carrier could be cut free yesterday when he announced his company's second-quarter earnings. </p> <p>He said \"nothing has been ruled in or out\" when it came to a decision on the future of Go. But he added that success or failure of talks with KLM had implications for Go. </p> <p>Analysts believe BA will come under pressure from regulators to offload assets such as Go to win approval from the EU for a tie-up with the Dutch national flag carrier. </p> <p>But KLM has its own low-cost airline Buzz that took over many of KLM's British routes and competes with Go. A sell-off would suit the British low-cost operator whose chief executive Barbara Cassani is understood to favour independence perhaps via a flotation. </p> <p>Go has been extremely successful in opening new routes and bringing in passengers. No quarterly figures are given but it reported an unaudited pre-tax loss of \u00a317m in the 12 months to March 2000. </p>",
      "newspaperPageNumber": "18",
      "wordcount": "190",
      "commentable": "false",
      "isPremoderated": "false",
      "lastModified": "2000-08-08T00:40:22Z",
      "newspaperEditionDate": "2000-08-08T00:00:00Z",
      "productionOffice": "UK",
      "publication": "theguardian.com",
      "shortUrl": "https://gu.com/p/3bmd",
      "shouldHideAdverts": "false",
      "showInRelatedContent": "true",
      "legallySensitive": "false",
      "lang": "en",
      "bodyText": "For regulators in Brussels the price of a merger with KLM could mean that Go, the low-cost airline established by British Airways in May 1998, is released from BA's clutches. Rod Eddington hinted that the Stansted-based carrier could be cut free yesterday when he announced his company's second-quarter earnings. He said \"nothing has been ruled in or out\" when it came to a decision on the future of Go. But he added that success or failure of talks with KLM had implications for Go. Analysts believe BA will come under pressure from regulators to offload assets such as Go to win approval from the EU for a tie-up with the Dutch national flag carrier. But KLM has its own low-cost airline Buzz that took over many of KLM's British routes and competes with Go. A sell-off would suit the British low-cost operator whose chief executive Barbara Cassani is understood to favour independence perhaps via a flotation. Go has been extremely successful in opening new routes and bringing in passengers. No quarterly figures are given but it reported an unaudited pre-tax loss of \u00a317m in the 12 months to March 2000.",
      "charCount": "1108"
    },
    "isHosted": false,
    "pillarId": "pillar/news",
    "pillarName": "News"
  }
]