[
  {
    "id": "media/2000/dec/22/newmedia.business",
    "type": "article",
    "sectionId": "media",
    "sectionName": "Media",
    "webPublicationDate": "2000-12-22T07:54:53Z",
    "webTitle": "At this price?  Reuters",
    "webUrl": "https://www.theguardian.com/media/2000/dec/22/newmedia.business",
    "apiUrl": "https://content.guardianapis.com/media/2000/dec/22/newmedia.business",
    "fields": {
      "headline": "At this price?  Reuters",
      "standfirst": "<a href=\"http://www.mediaguardian.co.uk/\">MediaGuardian.co.uk</a>",
      "trailText": "<p>So far this year Emap, United News &amp; Media and now Reuters have reined in most, if not all, of their ambitious internet related investment programmes, writes <strong>Neil Hume</strong>.</p>",
      "byline": "Neil Hume",
      "main": "",
      "body": "<p>It is a tale all too familiar to those who have followed the fortunes of the media sector in the past year - a company abandoning an aggressive move into new media that was dreamt up at the height of the dot.com boom. </p> <p>So far this year Emap, United News &amp; Media and now Reuters have reined in most, if not all, of their ambitious internet related investment programmes. </p> <p>While the City has welcomed the move in some cases, notably United News and Media, it has reacted badly to Reuters' decision to abandon the launch of a retail version of Instinet - the alternative trading system best known for running one of the world's biggest after hours stock trading systems. </p> <p>Although the decision is understandable - having tasted a bear market for the first time retail punters are no longer actively trading - Reuters' share price fell 73p to \u00a311.19 yesterday as analysts voiced their disappointment. Investors must be asking themselves why. </p> <p>Aside from the fact that a retail Instinet was seen as the most valuable of Reuters' new ventures, it also means it will be worth less, when a minority stake, if floated at some point next year. </p> <p>Retail Instinet was a chance for Instinet - 17% of group turnover last year - to reduce its dependence on the Nasdaq. Until now that has not mattered. Instinet has benefited from the turmoil on the Nasdaq. But things are changing. Trading levels are slowing, and that hurts. </p> <p>This all highlights Reuters' sensitivity to difficult market conditions and raises doubts as to the viability of some of its other ventures. </p> <p>In share price terms, the abandonment of the project negates one of the catalysts that could have pushed Reuters out of its recent \u00a310-\u00a312 trading range, which it now looks destined to wallow in. Coupled with its exposure to Nasdaq-listed Tibco, this in effect makes Reuters a geared play on the Nasdaq. A worrying prospect. </p> <p>At its current level, a hold.</p>",
      "newspaperPageNumber": "23",
      "wordcount": "333",
      "commentable": "false",
      "isPremoderated": "false",
      "lastModified": "2016-08-11T22:48:00Z",
      "newspaperEditionDate": "2000-12-22T00:00:00Z",
      "productionOffice": "UK",
      "publication": "theguardian.com",
      "shortUrl": "https://gu.com/p/3mct",
      "shouldHideAdverts": "false",
      "showInRelatedContent": "true",
      "legallySensitive": "false",
      "lang": "en",
      "bodyText": "It is a tale all too familiar to those who have followed the fortunes of the media sector in the past year - a company abandoning an aggressive move into new media that was dreamt up at the height of the dot.com boom. So far this year Emap, United News &amp; Media and now Reuters have reined in most, if not all, of their ambitious internet related investment programmes. While the City has welcomed the move in some cases, notably United News and Media, it has reacted badly to Reuters' decision to abandon the launch of a retail version of Instinet - the alternative trading system best known for running one of the world's biggest after hours stock trading systems. Although the decision is understandable - having tasted a bear market for the first time retail punters are no longer actively trading - Reuters' share price fell 73p to \u00a311.19 yesterday as analysts voiced their disappointment. Investors must be asking themselves why. Aside from the fact that a retail Instinet was seen as the most valuable of Reuters' new ventures, it also means it will be worth less, when a minority stake, if floated at some point next year. Retail Instinet was a chance for Instinet - 17% of group turnover last year - to reduce its dependence on the Nasdaq. Until now that has not mattered. Instinet has benefited from the turmoil on the Nasdaq. But things are changing. Trading levels are slowing, and that hurts. This all highlights Reuters' sensitivity to difficult market conditions and raises doubts as to the viability of some of its other ventures. In share price terms, the abandonment of the project negates one of the catalysts that could have pushed Reuters out of its recent \u00a310-\u00a312 trading range, which it now looks destined to wallow in. Coupled with its exposure to Nasdaq-listed Tibco, this in effect makes Reuters a geared play on the Nasdaq. A worrying prospect. At its current level, a hold.",
      "charCount": "1904"
    },
    "isHosted": false,
    "pillarId": "pillar/news",
    "pillarName": "News"
  },
  {
    "id": "business/2000/dec/22/oilandpetrol.news",
    "type": "article",
    "sectionId": "business",
    "sectionName": "Business",
    "webPublicationDate": "2000-12-22T03:35:25Z",
    "webTitle": "Oil group Lasmo falls to \u00a32.7bn Italian bid",
    "webUrl": "https://www.theguardian.com/business/2000/dec/22/oilandpetrol.news",
    "apiUrl": "https://content.guardianapis.com/business/2000/dec/22/oilandpetrol.news",
    "fields": {
      "headline": "Oil group Lasmo falls to \u00a32.7bn Italian bid",
      "standfirst": "<a href=\"http://www.guardianunlimited.co.uk/petrol/\">Special report: the petrol war</a>",
      "trailText": "<p>Eni, the Italian national energy company, last night swiftly wrapped up an agreed &#163;2.7bn cash takeover of Lasmo</p>",
      "byline": "David Gow, industrial editor",
      "main": "",
      "body": "<p>Eni, the Italian national energy company, last night swiftly wrapped up an agreed \u00a32.7bn cash takeover of Lasmo, the independent British oil and gas group, after swamping an earlier bid from its US rival, Amerada Hess. </p> <p>Just a few hours after Amerada effectively threw in the towel, saying it did not intend raising its 180p a share cash and stock offer, Eni disclosed that it had bought a further 28.4% of Lasmo's shares on top of the 25% irrevocables it had already acquired from institutions - giving it 53.4% of the 29-year-old British company just a week after approaching its board. </p> <p>\"It's effectively game over,\" banking sources said, as Vittorio Minchato, chief executive of the world's seventh largest energy group disclosed that he expected the deal to be completed by the end of the first quarter of next year. </p> <p>The acquisition, worth \u00a33.8bn with the \u00a31.1bn Lasmo debt Eni is taking over, is being financed by a \u00a33bn bridging loan from the Italian group's banking advisers, JP Morgan, which expects it could lead to a further round of consolidation in the global oil and gas industry. </p> <p>The recent spate of mergers has largely been conducted by and among the so-called oil majors whose shares have soared after the tripling of crude prices. Smaller, independent groups such as Lasmo have been relatively shunned by the market, with the British group's stock rising just 41p in the past 12 months to 141p before Amerada's agreed offer last month. </p> <p>Paul Murray, Lasmo's finance director, insisted that the independents' business model was not flawed but admitted that such groups were out of market favour and had difficulty attracting capital funds. It effectively put itself up for sale earlier this year by embarking on a fresh round of asset disposals and share buy-backs to boost its value. </p> <p>Lasmo, which has 62% of its activities in oil exploration and production and 38% in gas, has around 56% of its proven reserves in Indonesia and Venezuela, both tough regions Eni is keen to exploit and where the Italian group believes it can squeeze out greater productivity gains. </p> <p>Mr Minchato, who paid \u00a3788m for British Borneo, another UK oil \"minnow\", earlier this year, said the Lasmo acquisition would enable Eni to reach its target of 1.5m barrels of oil per day two years early - in 2001. </p> <p>The agreed deal represents a hefty 42% premium to Lasmo's closing price on November 13, the day before Amerada declared its bid, and is worth 12% more than the US group's offer. It simply reserved the right to make a revised offer \"in the event of changed circumstances\". </p> <p>But the market felt the Italian offer represented fair value and was a knock-out blow by a group worth \u00a326.4bn. Eni is promising cost-savings of \u20ac80m (\u00a348bn) a year compared with the \u20ac130m set out by Amerada.</p>",
      "newspaperPageNumber": "20",
      "wordcount": "481",
      "commentable": "false",
      "isPremoderated": "false",
      "lastModified": "2001-12-07T03:35:25Z",
      "newspaperEditionDate": "2000-12-22T00:00:00Z",
      "productionOffice": "UK",
      "publication": "theguardian.com",
      "shortUrl": "https://gu.com/p/3md5",
      "shouldHideAdverts": "false",
      "showInRelatedContent": "true",
      "legallySensitive": "false",
      "lang": "en",
      "bodyText": "Eni, the Italian national energy company, last night swiftly wrapped up an agreed \u00a32.7bn cash takeover of Lasmo, the independent British oil and gas group, after swamping an earlier bid from its US rival, Amerada Hess. Just a few hours after Amerada effectively threw in the towel, saying it did not intend raising its 180p a share cash and stock offer, Eni disclosed that it had bought a further 28.4% of Lasmo's shares on top of the 25% irrevocables it had already acquired from institutions - giving it 53.4% of the 29-year-old British company just a week after approaching its board. \"It's effectively game over,\" banking sources said, as Vittorio Minchato, chief executive of the world's seventh largest energy group disclosed that he expected the deal to be completed by the end of the first quarter of next year. The acquisition, worth \u00a33.8bn with the \u00a31.1bn Lasmo debt Eni is taking over, is being financed by a \u00a33bn bridging loan from the Italian group's banking advisers, JP Morgan, which expects it could lead to a further round of consolidation in the global oil and gas industry. The recent spate of mergers has largely been conducted by and among the so-called oil majors whose shares have soared after the tripling of crude prices. Smaller, independent groups such as Lasmo have been relatively shunned by the market, with the British group's stock rising just 41p in the past 12 months to 141p before Amerada's agreed offer last month. Paul Murray, Lasmo's finance director, insisted that the independents' business model was not flawed but admitted that such groups were out of market favour and had difficulty attracting capital funds. It effectively put itself up for sale earlier this year by embarking on a fresh round of asset disposals and share buy-backs to boost its value. Lasmo, which has 62% of its activities in oil exploration and production and 38% in gas, has around 56% of its proven reserves in Indonesia and Venezuela, both tough regions Eni is keen to exploit and where the Italian group believes it can squeeze out greater productivity gains. Mr Minchato, who paid \u00a3788m for British Borneo, another UK oil \"minnow\", earlier this year, said the Lasmo acquisition would enable Eni to reach its target of 1.5m barrels of oil per day two years early - in 2001. The agreed deal represents a hefty 42% premium to Lasmo's closing price on November 13, the day before Amerada declared its bid, and is worth 12% more than the US group's offer. It simply reserved the right to make a revised offer \"in the event of changed circumstances\". But the market felt the Italian offer represented fair value and was a knock-out blow by a group worth \u00a326.4bn. Eni is promising cost-savings of \u20ac80m (\u00a348bn) a year compared with the \u20ac130m set out by Amerada.",
      "charCount": "2774"
    },
    "isHosted": false,
    "pillarId": "pillar/news",
    "pillarName": "News"
  },
  {
    "id": "business/2000/dec/22/4",
    "type": "article",
    "sectionId": "business",
    "sectionName": "Business",
    "webPublicationDate": "2000-12-22T00:51:49Z",
    "webTitle": "Market forces: Little information goes a long way",
    "webUrl": "https://www.theguardian.com/business/2000/dec/22/4",
    "apiUrl": "https://content.guardianapis.com/business/2000/dec/22/4",
    "fields": {
      "headline": "Little information goes a long way",
      "trailText": "<p>It is probably fair to say there is not much independent research in the Square Mile. In fact the situation has become so dire that \"hold\" recommendations are now interpreted by fund managers as \"sell\" advice. </p>",
      "byline": "Neil Hume",
      "main": "",
      "body": "<p>It is probably fair to say there is not much independent research in the Square Mile. In fact the situation has become so dire that \"hold\" recommendations are now interpreted by fund managers as \"sell\" advice. </p> <p>The root of the problem is the pressure exerted by corporate finance departments. Such is the need to secure the position of adviser on the next corporate takeover or flotation that analysts are uncomfortable writing something negative on a company which is, or could become, a client. </p> <p>The recent case of Orange, the mobile phone company, trying to vet independent analysis produced before its listing has taken the debate to another, and more worrying, level. </p> <p>Investors, therefore, are always keen to get their hands on some raw data and luckily enough there was some floating around yesterday. Market research firm Taylor Nelson Sofres has just released the latest data on the respective market share of the nation's food retailers, and it does not make pleasant reading for <strong>Sainsbury</strong>, unchanged at 405p. </p> <p>According to Taylor Nelson, in the four weeks to December 10 Sainsbury's market share dropped noticeably, from 18% to 17.6%. Analysts reckon this is Sainsbury's lowest market share in living memory and puts its position as the nation's second biggest grocer in jeopardy. Wal-Mart-owned Asda was yesterday claiming it is the second biggest, something Sainsbury angrily denied. </p> <p>Whatever the truth, market professionals believe the data could be a signal to sell Sainsbury. Since appointing Sir Peter Davis to run the group in March, Sainsbury's price has risen almost 200p but profitability has not improved. </p> <p>In the wider market it was another tough day with more gloomy corporate news rolling in from the other side of the Atlantic - warnings from telecom company AT&amp;T and equipment maker Lucent. With traders still trying to figure out why the Federal Reserve had warned about an impending recession in North America this week and then decided to do nothing about it, the FTSE 100 ended 61.2 points lower at 6,115.5. </p> <p>This was off the lowest levels of the day thanks to a late Nasdaq surge but still left the blue chip index at its lowest closing level for seven months and on course to record its worst annual performance since its creation at the end of 1983. </p> <p>In the wake of the AT&amp;T warning, telecom stocks were under pressure. <strong>BT</strong> fell 32p to 590p and <strong>Cable &amp; Wireless</strong> eased 3p to 919. But it was market heavyweight <strong>Vodafone</strong>, off 11p to 234, that did the real damage, as dealers fretted about the impact of 220m freshly minted Vodafone shares hitting the market in the near future. </p> <p>Vodafone yesterday acquired the mobile operations of Irish telecoms group Eircom for $4.01bn (\u00a32.6bn). One un fortunate effect of the deal is that Dutch telecoms group KPN, which owns a 21% stake in Eircom, has ended up with 220m Vodafone shares that it is free to sell 30 days after the deal is completed. Given KPN's financial position, traders think it will sell at the first possible opportunity. </p> <p>The tech sector was also weak with the FTSE Techmark 100 falling 45.07 points to 2,499.05. <strong>Autonomy</strong>, down 191 to \u00a319.45, and <strong>Dimension Data</strong>, 33p lower at 462p, were the worst casualties. </p> <p>Things were a little brighter in the mid cap world as a couple of takeovers - a counter offer for oil company <strong>Lasmo</strong>, up 21.5p to 199p from Italy's ENI and a \u00a3692m offer for heating products concern <strong>Hepworth</strong>, 26.5p stronger at 279.5 - spiced things up. Turnover in Lasmo almost reached 700m shares. Apparently ENI's brokers moved into the market and bought 10% of Lasmo shares. </p> <p>But the FTSE Mid 250 ended 14.7 points adrift at 6,423.1. Handheld computer specialist <strong>Psion</strong> was the worst performer, down 47p to 243.5p, unsettled by disappointing second quarter figures from US rival Palm.</p>",
      "newspaperPageNumber": "23",
      "wordcount": "660",
      "commentable": "false",
      "isPremoderated": "false",
      "lastModified": "2000-12-22T00:51:49Z",
      "newspaperEditionDate": "2000-12-22T00:00:00Z",
      "productionOffice": "UK",
      "publication": "theguardian.com",
      "shortUrl": "https://gu.com/p/3mcj",
      "shouldHideAdverts": "false",
      "showInRelatedContent": "true",
      "legallySensitive": "false",
      "lang": "en",
      "bodyText": "It is probably fair to say there is not much independent research in the Square Mile. In fact the situation has become so dire that \"hold\" recommendations are now interpreted by fund managers as \"sell\" advice. The root of the problem is the pressure exerted by corporate finance departments. Such is the need to secure the position of adviser on the next corporate takeover or flotation that analysts are uncomfortable writing something negative on a company which is, or could become, a client. The recent case of Orange, the mobile phone company, trying to vet independent analysis produced before its listing has taken the debate to another, and more worrying, level. Investors, therefore, are always keen to get their hands on some raw data and luckily enough there was some floating around yesterday. Market research firm Taylor Nelson Sofres has just released the latest data on the respective market share of the nation's food retailers, and it does not make pleasant reading for Sainsbury, unchanged at 405p. According to Taylor Nelson, in the four weeks to December 10 Sainsbury's market share dropped noticeably, from 18% to 17.6%. Analysts reckon this is Sainsbury's lowest market share in living memory and puts its position as the nation's second biggest grocer in jeopardy. Wal-Mart-owned Asda was yesterday claiming it is the second biggest, something Sainsbury angrily denied. Whatever the truth, market professionals believe the data could be a signal to sell Sainsbury. Since appointing Sir Peter Davis to run the group in March, Sainsbury's price has risen almost 200p but profitability has not improved. In the wider market it was another tough day with more gloomy corporate news rolling in from the other side of the Atlantic - warnings from telecom company AT&amp;T and equipment maker Lucent. With traders still trying to figure out why the Federal Reserve had warned about an impending recession in North America this week and then decided to do nothing about it, the FTSE 100 ended 61.2 points lower at 6,115.5. This was off the lowest levels of the day thanks to a late Nasdaq surge but still left the blue chip index at its lowest closing level for seven months and on course to record its worst annual performance since its creation at the end of 1983. In the wake of the AT&amp;T warning, telecom stocks were under pressure. BT fell 32p to 590p and Cable &amp; Wireless eased 3p to 919. But it was market heavyweight Vodafone, off 11p to 234, that did the real damage, as dealers fretted about the impact of 220m freshly minted Vodafone shares hitting the market in the near future. Vodafone yesterday acquired the mobile operations of Irish telecoms group Eircom for $4.01bn (\u00a32.6bn). One un fortunate effect of the deal is that Dutch telecoms group KPN, which owns a 21% stake in Eircom, has ended up with 220m Vodafone shares that it is free to sell 30 days after the deal is completed. Given KPN's financial position, traders think it will sell at the first possible opportunity. The tech sector was also weak with the FTSE Techmark 100 falling 45.07 points to 2,499.05. Autonomy, down 191 to \u00a319.45, and Dimension Data, 33p lower at 462p, were the worst casualties. Things were a little brighter in the mid cap world as a couple of takeovers - a counter offer for oil company Lasmo, up 21.5p to 199p from Italy's ENI and a \u00a3692m offer for heating products concern Hepworth, 26.5p stronger at 279.5 - spiced things up. Turnover in Lasmo almost reached 700m shares. Apparently ENI's brokers moved into the market and bought 10% of Lasmo shares. But the FTSE Mid 250 ended 14.7 points adrift at 6,423.1. Handheld computer specialist Psion was the worst performer, down 47p to 243.5p, unsettled by disappointing second quarter figures from US rival Palm.",
      "charCount": "3785"
    },
    "isHosted": false,
    "pillarId": "pillar/news",
    "pillarName": "News"
  },
  {
    "id": "theguardian/2000/dec/22/guardianleaders",
    "type": "article",
    "sectionId": "theguardian",
    "sectionName": "From the Guardian",
    "webPublicationDate": "2000-12-22T00:51:47Z",
    "webTitle": "Leader: Clinton aiming to go out with a bang",
    "webUrl": "https://www.theguardian.com/theguardian/2000/dec/22/guardianleaders",
    "apiUrl": "https://content.guardianapis.com/theguardian/2000/dec/22/guardianleaders",
    "fields": {
      "headline": "Clinton is aiming to go out with a bang",
      "trailText": "US President Bill Clinton seems determined to put his remaining 30 days in office to good use. Far from sitting back and waiting for George W Bush to pick up the baton, Mr Clinton is intensifying his personal involvement in efforts to resolve a range of international issues.",
      "byline": "Leader",
      "main": "",
      "body": "US President Bill Clinton seems determined to put his remaining 30 days in office to good use. Far from sitting back and waiting for George W Bush to pick up the baton, Mr Clinton is intensifying his personal involvement in efforts to resolve a range of international issues. <p>His motivation is partly a desire to tie up loose ends, partly his ambition to stamp his mark on history. An outgoing American president may feel a certain freedom of action once the die is cast: witness George Bush Snr's departing 1993 Somalia intervention. This might be dismissed as mere legacy politics. But such thinking ignores the desirability of much that Mr Clinton is hurriedly seeking to achieve. It also overlooks another key motivating factor. Competitive as always, the president can see some opportunities to \"do the right thing\" - and snooker poor Dubya and all those smirking Republicans at the same time. </p> <p>The immediate focus of Mr Clinton's attention is the Israeli-Palestinian dispute. Having exacerbated the problem by raising hopes before last July's ultimately unsuccessful Camp David summit, and then been forced to look on impotently as rage overwhelmed dialogue, Mr Clinton dragged the two sides back to the negotiating table this week. On Wednesday he personally presented them with the outlines of a revised deal on sharing Jerusalem, on land and refugees. Today he will step into the fray once again. </p> <p>The reaction of both parties has been remarkably positive. \"Concerning sovereignty over Arab Jerusalem, including the holy shrines ... we are very close,\" says the Palestinians' chief negotiator, Yasser Abed Rabbo. Israel's Shlomo Ben-Ami is similarly and strikingly upbeat. Mr Clinton says he will not travel to the Middle East again. But he is prepared to host one more last-gasp summit. For this he has set a cliffhanger deadline of January 10, just 10 days before he leaves office. </p> <p>If Mr Clinton pulls this off, after so many setbacks, it would be an extraordinary coup. It could bring the bloodshed to a halt, clear the way for an independent Palestine, finally furnish the state of Israel with some secure, recognised borders, reboot stalled negotiations with Syria over the Golan Heights, defuse oil price-destabilising, anti-western agitation in the Arab world and rescue Israel's prime minister, Ehud Barak, from possible defeat at the polls next February. </p> <p>What a way to leave the Oval Office! And what fun, he might think, what an added bonus to be able to stiff de facto president-in-waiting Dick Cheney and the other Bushmen who have been busily rubbishing his peacemaking efforts. </p> <p>If that does not work, Mr Clinton has several other tricks up his sleeve. Still on the cards is a visit to North Korea, the so-called rogue state whose rusting missiles cause so much concern in Washington. Such a trip would undoubtedly be presented as enhancing the prospects for detente on the Korean peninsula and bolstering regional security. But as the Republicans know well, any agreement with Pyongyang on missile curbs would also kick into touch the major single justification for spending $60bn on that pet Bush project, national missile defence. </p> <p>Mr Clinton's end-of-term activities in other trouble spots also bear close watching. He remains deeply engaged in Ireland. He may yet punish Afghanistan militarily for its support of terrorism. And if the Socialists are finally routed in tomorrow's Serbian elections, he would dearly like to close another chapter by seeing Slobodan Milosevic delivered up to The Hague war crimes tribunal. Nothing may yet become Mr Clinton in office so much as his leaving of it.</p>",
      "newspaperPageNumber": "17",
      "wordcount": "590",
      "commentable": "false",
      "isPremoderated": "false",
      "lastModified": "2000-12-22T00:51:47Z",
      "newspaperEditionDate": "2000-12-22T00:00:00Z",
      "productionOffice": "UK",
      "publication": "theguardian.com",
      "shortUrl": "https://gu.com/p/xvefx",
      "shouldHideAdverts": "false",
      "showInRelatedContent": "true",
      "legallySensitive": "false",
      "lang": "en",
      "bodyText": "US President Bill Clinton seems determined to put his remaining 30 days in office to good use. Far from sitting back and waiting for George W Bush to pick up the baton, Mr Clinton is intensifying his personal involvement in efforts to resolve a range of international issues. His motivation is partly a desire to tie up loose ends, partly his ambition to stamp his mark on history. An outgoing American president may feel a certain freedom of action once the die is cast: witness George Bush Snr's departing 1993 Somalia intervention. This might be dismissed as mere legacy politics. But such thinking ignores the desirability of much that Mr Clinton is hurriedly seeking to achieve. It also overlooks another key motivating factor. Competitive as always, the president can see some opportunities to \"do the right thing\" - and snooker poor Dubya and all those smirking Republicans at the same time. The immediate focus of Mr Clinton's attention is the Israeli-Palestinian dispute. Having exacerbated the problem by raising hopes before last July's ultimately unsuccessful Camp David summit, and then been forced to look on impotently as rage overwhelmed dialogue, Mr Clinton dragged the two sides back to the negotiating table this week. On Wednesday he personally presented them with the outlines of a revised deal on sharing Jerusalem, on land and refugees. Today he will step into the fray once again. The reaction of both parties has been remarkably positive. \"Concerning sovereignty over Arab Jerusalem, including the holy shrines ... we are very close,\" says the Palestinians' chief negotiator, Yasser Abed Rabbo. Israel's Shlomo Ben-Ami is similarly and strikingly upbeat. Mr Clinton says he will not travel to the Middle East again. But he is prepared to host one more last-gasp summit. For this he has set a cliffhanger deadline of January 10, just 10 days before he leaves office. If Mr Clinton pulls this off, after so many setbacks, it would be an extraordinary coup. It could bring the bloodshed to a halt, clear the way for an independent Palestine, finally furnish the state of Israel with some secure, recognised borders, reboot stalled negotiations with Syria over the Golan Heights, defuse oil price-destabilising, anti-western agitation in the Arab world and rescue Israel's prime minister, Ehud Barak, from possible defeat at the polls next February. What a way to leave the Oval Office! And what fun, he might think, what an added bonus to be able to stiff de facto president-in-waiting Dick Cheney and the other Bushmen who have been busily rubbishing his peacemaking efforts. If that does not work, Mr Clinton has several other tricks up his sleeve. Still on the cards is a visit to North Korea, the so-called rogue state whose rusting missiles cause so much concern in Washington. Such a trip would undoubtedly be presented as enhancing the prospects for detente on the Korean peninsula and bolstering regional security. But as the Republicans know well, any agreement with Pyongyang on missile curbs would also kick into touch the major single justification for spending $60bn on that pet Bush project, national missile defence. Mr Clinton's end-of-term activities in other trouble spots also bear close watching. He remains deeply engaged in Ireland. He may yet punish Afghanistan militarily for its support of terrorism. And if the Socialists are finally routed in tomorrow's Serbian elections, he would dearly like to close another chapter by seeing Slobodan Milosevic delivered up to The Hague war crimes tribunal. Nothing may yet become Mr Clinton in office so much as his leaving of it.",
      "charCount": "3617"
    },
    "isHosted": false,
    "pillarId": "pillar/news",
    "pillarName": "News"
  },
  {
    "id": "business/2000/dec/22/vodafonegroup",
    "type": "article",
    "sectionId": "business",
    "sectionName": "Business",
    "webPublicationDate": "2000-12-22T00:51:40Z",
    "webTitle": "Vodafone stands out among the crowd",
    "webUrl": "https://www.theguardian.com/business/2000/dec/22/vodafonegroup",
    "apiUrl": "https://content.guardianapis.com/business/2000/dec/22/vodafonegroup",
    "fields": {
      "headline": "Vodafone stands out among the crowd",
      "standfirst": "Global player Purity pays for British firm on takeover trail",
      "trailText": "<p>Global player Purity pays for British firm on takeover trail.</p>",
      "byline": "Mark Milner",
      "main": "",
      "body": "<p>Few in the global telecommunications industry will look back on 2000 with pleasure. Despite a flying start it has been, largely, a year of mounting debts and increasingly anxious shareholders. The management at Vodafone will, however, count itself among the few. </p> <p>The group began the year with 35m subscribers in 24 countries. By the end of third quarter, thanks to a series of takeovers and alliances, the total had soared to almost 60m. Nor has the company shown any inclination to rest on its laurels. This week alone it has bought a 15% stake in Japan Telecom, expanding its presence in an important mobile telephone market and underlining its credentials as a truly global player. </p> <p>Even before the ink was dry on that deal, the Vodafone negotiators were burning Wednesday's midnight oil to clinch a \u20ac4.5bn (\u00a32.7bn) deal to acquire Eircell, Ireland's biggest mobile phone company with more than 1m subscribers. </p> <p>The hectic pre-Christmas spree ensures that Vodafone is ending the year on a similar note to the way in which it saw in the millennium. The group kicked off 2000 embroiled in one of the year's toughest takeover battles. Its hostile bid - which eventually toppped $190bn (\u00a3135bn) - for Germany's Mannesmann not only raised eyebrows in the industry, it turned corporate Germany upside down. In a sense, Mannesmann sealed its own fate when it bought Orange in 1999, throwing down a gauntlet Vodafone could hardly fail to pick up. </p> <p>Despite a degree of anguish from many in the German establishment - Germany had traditionally been a place where hostile takeovers were just not done - Vodafone got the bid through, not least because some shareholders were keen to shake-up the previously cosy world of Rhineland capitalism. Time magazine rated it hostile bid of the year. </p> <p>Vodafone kept up a hectic schedule of deals. It took control of Spanish mobile telecoms operator Airtel. It struck alliances in the US and Europe to form internet companies Verizon and Vizzavi respectively. And like any self respecting mobile phone group, it joined in the complex series of auctions via which Europe's governments (with mixed success) parcelled out third-generation mobile phone licences. </p> <p>Along the way it dropped Airtouch - legacy of yet another, but earlier alliance - from the name, demonstrating clearly the location of the corporate centre of gravity. The group also ran into a row over special bonuses to executives which the company justified on the basis of Vodafone's transformation from a corporate shed in Newbury to global powerhouse </p> <p>The financial performance has not been bad either. In the year to the end of March, turnover on a pro-forma basis was up by more than a third at \u00a312.56bn. Profits, on the same basis, had risen from just under \u00a31bn to more than \u00a32.5bn. Yet by the halfway stage in the current financial year, Vodafone had all but matched the previous full-year's profits figure. </p> <p>Vodafone's relative ability to ride out the storm - and it is relative not absolute, the share price is down from a February peak of 401p to just below 250p - has been boosted by its status as a \"pure\" mobile phone company. </p> <p>Not for Vodafone the endless wrestling with regulators and/or Brussels over opening various bits of a fixed-line business, such as the local loop, which generate valuable revenues to new entrants. </p> <p>Even so, Vodafone will still have its work cut out in the current year, reassuring investors that it can turn its geographic reach and technical capability into services and market shares capable of generating the level of earning investors were expecting when they pushed the shares up to that early-year peak. For Vodafone 2000 has been the year of the deal. Now it has to make sure it can deliver.</p>",
      "newspaperPageNumber": "22",
      "wordcount": "631",
      "commentable": "false",
      "isPremoderated": "false",
      "lastModified": "2000-12-22T00:51:40Z",
      "newspaperEditionDate": "2000-12-22T00:00:00Z",
      "productionOffice": "UK",
      "publication": "theguardian.com",
      "shortUrl": "https://gu.com/p/3mc5",
      "shouldHideAdverts": "false",
      "showInRelatedContent": "true",
      "legallySensitive": "false",
      "lang": "en",
      "bodyText": "Few in the global telecommunications industry will look back on 2000 with pleasure. Despite a flying start it has been, largely, a year of mounting debts and increasingly anxious shareholders. The management at Vodafone will, however, count itself among the few. The group began the year with 35m subscribers in 24 countries. By the end of third quarter, thanks to a series of takeovers and alliances, the total had soared to almost 60m. Nor has the company shown any inclination to rest on its laurels. This week alone it has bought a 15% stake in Japan Telecom, expanding its presence in an important mobile telephone market and underlining its credentials as a truly global player. Even before the ink was dry on that deal, the Vodafone negotiators were burning Wednesday's midnight oil to clinch a \u20ac4.5bn (\u00a32.7bn) deal to acquire Eircell, Ireland's biggest mobile phone company with more than 1m subscribers. The hectic pre-Christmas spree ensures that Vodafone is ending the year on a similar note to the way in which it saw in the millennium. The group kicked off 2000 embroiled in one of the year's toughest takeover battles. Its hostile bid - which eventually toppped $190bn (\u00a3135bn) - for Germany's Mannesmann not only raised eyebrows in the industry, it turned corporate Germany upside down. In a sense, Mannesmann sealed its own fate when it bought Orange in 1999, throwing down a gauntlet Vodafone could hardly fail to pick up. Despite a degree of anguish from many in the German establishment - Germany had traditionally been a place where hostile takeovers were just not done - Vodafone got the bid through, not least because some shareholders were keen to shake-up the previously cosy world of Rhineland capitalism. Time magazine rated it hostile bid of the year. Vodafone kept up a hectic schedule of deals. It took control of Spanish mobile telecoms operator Airtel. It struck alliances in the US and Europe to form internet companies Verizon and Vizzavi respectively. And like any self respecting mobile phone group, it joined in the complex series of auctions via which Europe's governments (with mixed success) parcelled out third-generation mobile phone licences. Along the way it dropped Airtouch - legacy of yet another, but earlier alliance - from the name, demonstrating clearly the location of the corporate centre of gravity. The group also ran into a row over special bonuses to executives which the company justified on the basis of Vodafone's transformation from a corporate shed in Newbury to global powerhouse The financial performance has not been bad either. In the year to the end of March, turnover on a pro-forma basis was up by more than a third at \u00a312.56bn. Profits, on the same basis, had risen from just under \u00a31bn to more than \u00a32.5bn. Yet by the halfway stage in the current financial year, Vodafone had all but matched the previous full-year's profits figure. Vodafone's relative ability to ride out the storm - and it is relative not absolute, the share price is down from a February peak of 401p to just below 250p - has been boosted by its status as a \"pure\" mobile phone company. Not for Vodafone the endless wrestling with regulators and/or Brussels over opening various bits of a fixed-line business, such as the local loop, which generate valuable revenues to new entrants. Even so, Vodafone will still have its work cut out in the current year, reassuring investors that it can turn its geographic reach and technical capability into services and market shares capable of generating the level of earning investors were expecting when they pushed the shares up to that early-year peak. For Vodafone 2000 has been the year of the deal. Now it has to make sure it can deliver.",
      "charCount": "3724"
    },
    "isHosted": false,
    "pillarId": "pillar/news",
    "pillarName": "News"
  }
]