[
  {
    "id": "technology/2000/aug/03/internetnews.onlinesupplement",
    "type": "article",
    "sectionId": "technology",
    "sectionName": "Technology",
    "webPublicationDate": "2000-08-03T12:39:36Z",
    "webTitle": "Heavy surfers pay the price",
    "webUrl": "https://www.theguardian.com/technology/2000/aug/03/internetnews.onlinesupplement",
    "apiUrl": "https://content.guardianapis.com/technology/2000/aug/03/internetnews.onlinesupplement",
    "fields": {
      "headline": "Heavy surfers pay the price",
      "standfirst": "Of course you can have unlimited, unmetered access to the net - as long as you don't use it too much, reports  Neil McIntosh",
      "trailText": "<p>Of course you can have unlimited, unmetered access to the net - as long as you don't use it too much, reports  Neil McIntosh</p>",
      "byline": "Neil McIntosh",
      "main": "",
      "body": "<p>When Robin Downs signed up for <a href=\"http://www.Breathe.com/\" target=\"_new\">Breathe's</a> unmetered internet access deal, Breathe Freely, he thought it would save him a fortune. </p> <p>For a one-off payment of \u00a350, Robin - a systems consultant based in the West Midlands - could surf the net whenever and for as long as he wanted. Breathe Freely's free 24/7 internet service, one of a rash of new unmetered access deals announced in April and May this year, would mean he would have no worries about racking up those giant phone bills every UK-based net user dreads. </p> <p>Or so he thought. Last week, three months after signing up to Breathe's offer, he was unceremoniously disconnected from the service provider's unmetered offering. The reason? He was using it too much. </p> <p>Around 500 other \"heavy users\" found they, too, were no longer breathing freely. </p> <p>Their disappointment was mirrored by thousands of surfers using different ISPs around the country who - while not actually thrown off their services - were suffering woeful levels of service. </p> <p>Breathe, founded by Martin Dawes Telecommunications and backed by \u00a320m from Chase Capital Partners, 3i and US Flatiron Partners, had invoked a clause in its terms and conditions allowing it to disconnect anyone who \"puts our ability to supply the service at risk\". </p> <p>But at least Downs and his fellow \"heavy breathers\" had enjoyed some kind of service - albeit briefly. Rhys Tucker, from Cardiff, is one of many NTL users who were looking forward to similar savings way back in March, when the cable giant promised: \"From 17 April 2000, you'll be able to surf the internet free of charge!\" Tucker is still waiting, along with thousands of other net users, for the vital CD-rom to arrive in the post, so he can get connected. </p> <p>By the end of last week the Advertising Standards Authority had received 144 complaints about <a href=\"http://www.ntl.com\" target=\"_new\">NTL's</a> advertising of the service, and it has launched a formal investigation. NTL, if nothing else, can at least claim the dubious honour of the highest ever number of complaints over matters of fact in an advertisement, notching up nearly double last year's record. </p> <p>Meanwhile, across the country, net users signed up to other unmetered ISPs are struggling with engaged tones, slow service and technical cock-ups. </p> <p>LineOne has announced it is pulling the plug on its unmetered access from the end of September, provoking a frosty letter from its trade association, the Internet Service Providers' Association, asking it to explain its actions. <a href=\"http://www.Virgin.Net\" target=\"_new\"> Virgin.Net</a> abandoned plans to unveil its own flat-rate service last month. Even BT's own ISP, BTInternet, has drawn complaints over its level of service, especially on weekday evenings. </p> <p>The ISPs' long summer of discontent started in a blaze of hype in March. <a href=\"http://www.altavista.com\" target=\"_new\">AltaVista</a> announced it would launch a new form of internet access which would give users free calls to the net. The company did not actually deliver until the very end of June - but that did not stop several other ISPs launching competing offers almost straight away. </p> <p>On the horizon was a deal, brokered by telecoms watchdog Oftel, which would force BT to offer the means to provide unmetered internet access at wholesale prices. With BT dragging its heels, that is only beginning to happen, meaning the ISPs are left paying users' phone bills. Some ISPs feel that is a price they are not willing to pay. </p> <p>At Breathe Freely, however, it appears to have simply been a question of capacity - or lack of it. The company decided it wanted to skim off the most internet-use intensive - and expensive - 1% of its users. </p> <p>\"We got it wrong,\" admits Sean Gardner, chief operating officer of Breathe, trying to explain why Robin Downs and around 500 other users were cut off. \"When we launched Breathe Freely we were among the first unmetered ISPs, and there was no forward visibility as to what the usage patterns would be. </p> <p>\"Looking over the first three months of the service, we found that 1% of the users were causing real problems for the rest. Had it been half of the user base, we would have had problems, but doing this was the right thing for the majority.\" </p> <p>But why could Breathe, with its high-profile financial backing and big-budget advertising campaign, not simply invest in its infrastructure to provide a decent service to all its users? Gardner says the technology which they opted for at launch was, remarkably, not scaleable to meet demand. Breathe Freely will relaunch this month, he says, with more flexible technology in place. </p> <p>Meanwhile, he says, the company has learnt a lot about users' voracious appetites for the internet when they are not paying by the minute for a connection. </p> <p>\"The research company, Durlacher, predicted a three-fold increase in a user's internet use when they got unmetered access. Our experience pointed to an increase of six to 10 times previous usage. We just could not predict that,\" says Gardner. He says one user somehow managed to clock up 29 hours of usage in one day by setting up an ISDN-style connection. </p> <p>\"There were also several businesses using the service,\" he adds, \"and we had made it clear this offer was not for business users.\" </p> <p>But Downs insists that he was not abusing Breathe Freely before he was cut off, using it mainly in the evenings and then largely only for internet chats with friends living abroad. \"They say they have a small proportion of users on for a long time,\" he says. \"But, statistically, that is always going to be the case - you're going to get people who use it a lot, and those who do not use it at all.\" </p> <p>Downs is now challenging the validity of the clause in Breathe's contract that says users can be disconnected if their level of use puts the service at risk. </p> <p>He is also angry he got no warning that his levels of use were considered abnormal. \"At no point have I had problems getting on to Breathe,\" he adds. \"I've not been hearing the engaged tone - it didn't appear line capacity was an issue.\" </p> <p> Over at NTL, consumer public relations manager Jacqueline Aldridge says it, too, has been caught out by demand. It has been limiting the number of CDs issued to preserve the quality of their service (although Online readers who have managed to get CDs have complained about engaged tones, downed email services and sluggish responses from NTLworld). </p> <p>\"There has been very high demand for the service so we have been managing distribution of discs,\" she says. \"Obviously, there are very frustrated and disappointed customers, because they are keen to get the service as soon as possible. </p> <p>\"We're sending out discs now very rapidly to people in the queue, and everyone who signed up before the end of May should get their disc before the end of August. Anyone who signed up after that is being told exactly how long they will have to wait. </p> <p>\"Most people who are using the service are really liking it. Just because it is a free service doesn't mean you shouldn't be able to get connected, or have the service collapse under the weight of people using it. We want to make sure that, for the people who are using it, it's a really high quality experience.\" </p> <p>For would-be NTLworld user Rhys Tucker that isn't the point: he feels the email he was sent in March promised him free internet access in mid-April, and NTL's failure to deliver that has cost him money in charges made to NTL's standard, metered service. He is now pursuing a claim against NTL in Cardiff county court in an attempt to recoup those charges. </p> <p>\"I'm really annoyed by it all,\" he says. \"What really gets me is that they can promise free internet access and then just not honour that commitment. They promised existing customers would have priority, but that doesn't seemed to have happened at all.\" </p> <p>The problems some ISPs are facing with unmetered access are not deterring their rivals - this week ic24 announced plans to extend its free hours online to weekday evenings. The company's marketing director, Jill Playle, has even lambasted other ISPs for deceiving consumers and taken a lie detector test in an attempt to prove her company's \"after eight\" deal is really free. </p> <p>It is, but the company's offering is still restricted, running only for four hours a night during the week, and users get cut off after one hour to discourage loitering. </p> <p>So is unconditional, quality unmetered internet access ever going to come to pass? Telecoms analyst Tim Johnson of Ovum, an IT research house, says that the arrival of a new bulk-buying arrangement with BT (see panel) will make it much easier for ISPs to offer flat-rate access 24 hours a day, by fixing their costs. </p> <p>The new system, he says, has proven technically difficult to implement, and has taken BT and some ISPs by surprise. But, he adds, \"when they do get round to it, it will change the whole scene. </p> <p>\"In 12 months' time,\" he promises, \"fixed rate access will be what everyone is doing, as a matter of course.\" </p> <p><strong>Can we turn this telecoms fiasco into Friaco?</strong></p> <p>So far, unmetered access has been a fiasco. Aside from problems with quality, even signing up to an unmetered ISP has been complicated by demands to switch phone companies, and install special software that forces you to look at advertisements. </p> <p>These problems stem from the struggle ISPs face to recoup their costs from unmetered access. They are effectively having to pay users' phone bills by the minute, while being paid only a flat fee, if anything, by the user. They are unable to buy connections in bulk from BT, whose only flat rate product - Surftime - is dismissed by many as too expensive and too complicated to administer. </p> <p>There is some hope, however. BT has been told by the telecoms regulator, Oftel, that it must offer a new solution for ISPs wanting to offer unmetered access. That solution is called Friaco - for flat rate internet access call origination. Friaco could have a dramatic effect on the way Britain accesses the internet. According to the Campaign for Unmetered Telecommunications (Cut), \"always-on\" Friaco connections could cost ISPs as little as \u00a360 a year per user, which works out at 60 to 80% less than BT Surftime. </p> <p>That is low enough to keep subscriptions low, or even free. </p> <p>Friaco was supposed to be available from June 1, but continued haggling between BT and ISPs means it has been delayed. </p> <p>Negotiations are continuing between ISPs and BT over how the costs will be split, but it is expected that we will begin to see the first Friaco services in the last three months of this year. </p> <p>And that means, finally, we could be surfing on a flat rate in time for Christmas. </p> <p>Cut's Erol Ziya says that, while this summer's problems might create short-term scepticism about unmetered offers, in the long term \"it will take off\". </p> <p>\"It is the only sensible way to use the internet,\" he says. </p> <p>\"Things will settle down, and there will be a range of providers at a range of prices and quality. </p> <p>\"There is a market for pay by the minute, but that will become the niche it always should have been.\"</p>",
      "newspaperPageNumber": "2",
      "wordcount": "1891",
      "commentable": "false",
      "isPremoderated": "false",
      "lastModified": "2017-02-21T23:43:24Z",
      "newspaperEditionDate": "2000-08-03T00:00:00Z",
      "productionOffice": "UK",
      "publication": "The Guardian",
      "shortUrl": "https://gu.com/p/xcmq",
      "shouldHideAdverts": "false",
      "showInRelatedContent": "true",
      "legallySensitive": "false",
      "lang": "en",
      "bodyText": "When Robin Downs signed up for Breathe's unmetered internet access deal, Breathe Freely, he thought it would save him a fortune. For a one-off payment of \u00a350, Robin - a systems consultant based in the West Midlands - could surf the net whenever and for as long as he wanted. Breathe Freely's free 24/7 internet service, one of a rash of new unmetered access deals announced in April and May this year, would mean he would have no worries about racking up those giant phone bills every UK-based net user dreads. Or so he thought. Last week, three months after signing up to Breathe's offer, he was unceremoniously disconnected from the service provider's unmetered offering. The reason? He was using it too much. Around 500 other \"heavy users\" found they, too, were no longer breathing freely. Their disappointment was mirrored by thousands of surfers using different ISPs around the country who - while not actually thrown off their services - were suffering woeful levels of service. Breathe, founded by Martin Dawes Telecommunications and backed by \u00a320m from Chase Capital Partners, 3i and US Flatiron Partners, had invoked a clause in its terms and conditions allowing it to disconnect anyone who \"puts our ability to supply the service at risk\". But at least Downs and his fellow \"heavy breathers\" had enjoyed some kind of service - albeit briefly. Rhys Tucker, from Cardiff, is one of many NTL users who were looking forward to similar savings way back in March, when the cable giant promised: \"From 17 April 2000, you'll be able to surf the internet free of charge!\" Tucker is still waiting, along with thousands of other net users, for the vital CD-rom to arrive in the post, so he can get connected. By the end of last week the Advertising Standards Authority had received 144 complaints about NTL's advertising of the service, and it has launched a formal investigation. NTL, if nothing else, can at least claim the dubious honour of the highest ever number of complaints over matters of fact in an advertisement, notching up nearly double last year's record. Meanwhile, across the country, net users signed up to other unmetered ISPs are struggling with engaged tones, slow service and technical cock-ups. LineOne has announced it is pulling the plug on its unmetered access from the end of September, provoking a frosty letter from its trade association, the Internet Service Providers' Association, asking it to explain its actions. Virgin.Net abandoned plans to unveil its own flat-rate service last month. Even BT's own ISP, BTInternet, has drawn complaints over its level of service, especially on weekday evenings. The ISPs' long summer of discontent started in a blaze of hype in March. AltaVista announced it would launch a new form of internet access which would give users free calls to the net. The company did not actually deliver until the very end of June - but that did not stop several other ISPs launching competing offers almost straight away. On the horizon was a deal, brokered by telecoms watchdog Oftel, which would force BT to offer the means to provide unmetered internet access at wholesale prices. With BT dragging its heels, that is only beginning to happen, meaning the ISPs are left paying users' phone bills. Some ISPs feel that is a price they are not willing to pay. At Breathe Freely, however, it appears to have simply been a question of capacity - or lack of it. The company decided it wanted to skim off the most internet-use intensive - and expensive - 1% of its users. \"We got it wrong,\" admits Sean Gardner, chief operating officer of Breathe, trying to explain why Robin Downs and around 500 other users were cut off. \"When we launched Breathe Freely we were among the first unmetered ISPs, and there was no forward visibility as to what the usage patterns would be. \"Looking over the first three months of the service, we found that 1% of the users were causing real problems for the rest. Had it been half of the user base, we would have had problems, but doing this was the right thing for the majority.\" But why could Breathe, with its high-profile financial backing and big-budget advertising campaign, not simply invest in its infrastructure to provide a decent service to all its users? Gardner says the technology which they opted for at launch was, remarkably, not scaleable to meet demand. Breathe Freely will relaunch this month, he says, with more flexible technology in place. Meanwhile, he says, the company has learnt a lot about users' voracious appetites for the internet when they are not paying by the minute for a connection. \"The research company, Durlacher, predicted a three-fold increase in a user's internet use when they got unmetered access. Our experience pointed to an increase of six to 10 times previous usage. We just could not predict that,\" says Gardner. He says one user somehow managed to clock up 29 hours of usage in one day by setting up an ISDN-style connection. \"There were also several businesses using the service,\" he adds, \"and we had made it clear this offer was not for business users.\" But Downs insists that he was not abusing Breathe Freely before he was cut off, using it mainly in the evenings and then largely only for internet chats with friends living abroad. \"They say they have a small proportion of users on for a long time,\" he says. \"But, statistically, that is always going to be the case - you're going to get people who use it a lot, and those who do not use it at all.\" Downs is now challenging the validity of the clause in Breathe's contract that says users can be disconnected if their level of use puts the service at risk. He is also angry he got no warning that his levels of use were considered abnormal. \"At no point have I had problems getting on to Breathe,\" he adds. \"I've not been hearing the engaged tone - it didn't appear line capacity was an issue.\" Over at NTL, consumer public relations manager Jacqueline Aldridge says it, too, has been caught out by demand. It has been limiting the number of CDs issued to preserve the quality of their service (although Online readers who have managed to get CDs have complained about engaged tones, downed email services and sluggish responses from NTLworld). \"There has been very high demand for the service so we have been managing distribution of discs,\" she says. \"Obviously, there are very frustrated and disappointed customers, because they are keen to get the service as soon as possible. \"We're sending out discs now very rapidly to people in the queue, and everyone who signed up before the end of May should get their disc before the end of August. Anyone who signed up after that is being told exactly how long they will have to wait. \"Most people who are using the service are really liking it. Just because it is a free service doesn't mean you shouldn't be able to get connected, or have the service collapse under the weight of people using it. We want to make sure that, for the people who are using it, it's a really high quality experience.\" For would-be NTLworld user Rhys Tucker that isn't the point: he feels the email he was sent in March promised him free internet access in mid-April, and NTL's failure to deliver that has cost him money in charges made to NTL's standard, metered service. He is now pursuing a claim against NTL in Cardiff county court in an attempt to recoup those charges. \"I'm really annoyed by it all,\" he says. \"What really gets me is that they can promise free internet access and then just not honour that commitment. They promised existing customers would have priority, but that doesn't seemed to have happened at all.\" The problems some ISPs are facing with unmetered access are not deterring their rivals - this week ic24 announced plans to extend its free hours online to weekday evenings. The company's marketing director, Jill Playle, has even lambasted other ISPs for deceiving consumers and taken a lie detector test in an attempt to prove her company's \"after eight\" deal is really free. It is, but the company's offering is still restricted, running only for four hours a night during the week, and users get cut off after one hour to discourage loitering. So is unconditional, quality unmetered internet access ever going to come to pass? Telecoms analyst Tim Johnson of Ovum, an IT research house, says that the arrival of a new bulk-buying arrangement with BT (see panel) will make it much easier for ISPs to offer flat-rate access 24 hours a day, by fixing their costs. The new system, he says, has proven technically difficult to implement, and has taken BT and some ISPs by surprise. But, he adds, \"when they do get round to it, it will change the whole scene. \"In 12 months' time,\" he promises, \"fixed rate access will be what everyone is doing, as a matter of course.\" Can we turn this telecoms fiasco into Friaco? So far, unmetered access has been a fiasco. Aside from problems with quality, even signing up to an unmetered ISP has been complicated by demands to switch phone companies, and install special software that forces you to look at advertisements. These problems stem from the struggle ISPs face to recoup their costs from unmetered access. They are effectively having to pay users' phone bills by the minute, while being paid only a flat fee, if anything, by the user. They are unable to buy connections in bulk from BT, whose only flat rate product - Surftime - is dismissed by many as too expensive and too complicated to administer. There is some hope, however. BT has been told by the telecoms regulator, Oftel, that it must offer a new solution for ISPs wanting to offer unmetered access. That solution is called Friaco - for flat rate internet access call origination. Friaco could have a dramatic effect on the way Britain accesses the internet. According to the Campaign for Unmetered Telecommunications (Cut), \"always-on\" Friaco connections could cost ISPs as little as \u00a360 a year per user, which works out at 60 to 80% less than BT Surftime. That is low enough to keep subscriptions low, or even free. Friaco was supposed to be available from June 1, but continued haggling between BT and ISPs means it has been delayed. Negotiations are continuing between ISPs and BT over how the costs will be split, but it is expected that we will begin to see the first Friaco services in the last three months of this year. And that means, finally, we could be surfing on a flat rate in time for Christmas. Cut's Erol Ziya says that, while this summer's problems might create short-term scepticism about unmetered offers, in the long term \"it will take off\". \"It is the only sensible way to use the internet,\" he says. \"Things will settle down, and there will be a range of providers at a range of prices and quality. \"There is a market for pay by the minute, but that will become the niche it always should have been.\"",
      "charCount": "10868"
    },
    "isHosted": false,
    "pillarId": "pillar/news",
    "pillarName": "News"
  },
  {
    "id": "technology/2000/aug/03/efinance.business2",
    "type": "article",
    "sectionId": "technology",
    "sectionName": "Technology",
    "webPublicationDate": "2000-08-03T01:21:48Z",
    "webTitle": "Brussels grapples with B2B question",
    "webUrl": "https://www.theguardian.com/technology/2000/aug/03/efinance.business2",
    "apiUrl": "https://content.guardianapis.com/technology/2000/aug/03/efinance.business2",
    "fields": {
      "headline": "Brussels grapples with B2B question",
      "standfirst": "<br /><a href=\"http://www.guardianunlimited.co.uk/efinance\">Special report: e-finance</a><br /> <a href=\"http://www.guardianunlimited.co.uk/internetnews\">Net news</a>",
      "trailText": "<p>2B or not 2B has been the crunch question exercising the minds of Europe's most powerful industry regulators in the past few months and the moment of truth is drawing near. </p>",
      "byline": "Andrew Osborn in Brussels",
      "main": "",
      "body": "<p>2B or not 2B has been the crunch question exercising the minds of Europe's most powerful industry regulators in the past few months and the moment of truth is drawing near. </p> <p>Trillions of pounds are at stake and the European commission has until Monday to make a ruling which is expected to set a global regulatory precedent for the future of business-to-business (B2B) internet marketplaces. </p> <p>The EC is considering MyAircraft.com, a joint venture between some of the aerospace industry's biggest players who want to trade spare parts and engines over the net. The rationale is that it will allow participating companies to slash costs by pooling their purchasing or selling power to achieve critical mass. Middlemen will be cut out and, in theory, pricing and transaction costs will be transparent and lower. </p> <p>There is just one problem. Regulators on both sides of the Atlantic have expressed concern that the concept might give rise to price-fixing cartels. The industry players are so big and their collaboration is, to say the least, slightly unusual. </p> <p>Business-to-business e-commerce is forecast to generate more than \u00a34 trillion by 2005 making retail e-commerce look relatively paltry by comparison. It accounts for four-fifths of global e-commerce and a disparate collection of industries is rushing to join B2B exchanges to cut costs. </p> <p>In the motor industry a B2B exchange, Covisint, has emerged. A joint venture between Ford, General Motors, DaimlerChrysler and Renault/Nissan, it aims to become not just the main way the car makers' suppliers sell their wares to the big three but eventually the preferred venue for suppliers to trade with their partners. </p> <p>The commodities marketplace is going online in the form of the Intercontinental Exchange. The venture intends to offer a variety of metals from August, and in the fourth quarter plans to start oil-based derivatives such as swaps - contracts in the difference between a product's prompt price and the price of a forward traded month. </p> <p>In many cases, some industries have more than one exchange on offer and the idea is that there will come a time when it makes sense for these to link up into a seamless virtual global marketplace. The boundaries between different market players will inevitably become blurred, and regulators in Brussels and Washington are unsure how to deal with this unsettling phenomenon. </p> <p>In the case of MyAircraft.com, Honeywell International, United Technologies and i2 Technologies have banded together. The aviation industry says it expects to conduct a quarter of its business over the net within a year and it spends \u00a3270bn annually on spare parts and engines. </p> <p>Boeing, BAE Systems, Lockheed Martin and Raytheon have announced that they plan to do the same thing. Their exchange, Exostar, will be up and running in September and its money-making potential is huge. </p> <p>The four companies do business with 37,000 suppliers and almost every nation's government, and have a combined annual procurement budget of more than \u00a350bn. Ominously, its chief executive has admitted that its activities will over lap with MyAircraft.com and has said that the two exchanges will be connected and might eventually even merge. </p> <p>Regulators might need more time to assess the problems posed by B2B deals, but MyAircraft.com will be the first real opportunity for Brussels to wade into the debate. </p> <p>It can opt to approve the deal or initiate a four-month inquiry. Investigations often throw up specific problems which can only be remedied by the companies concerned making certain concessions. The EC will have to tread carefully, because Washington and a host of other industries which plan to create their own exchanges will be watching closely. </p> <p>EC spokeswoman Amelia Torres explains: \"One potential violation of competition rules would be if the companies that enter into online exchange platform deals were to exchange price or other sensitive information, because that would be a cartel and we would not authorise it.\" </p> <p>The competition commissioner, Mario Monti, has in recent times shown a willingness to play hardball in the field of mergers and acquisitions. He will be aware that his US counterparts are also looking into B2B exchanges. The US federal trade commission is considering whether it should approve Covisint. Making sure that companies abide by the EU's competition rules and do not abuse their dominant position to squeeze out competitors is the one area of competence where the EC wields real power, and Mr Monti will want to get it right. </p> <p>B2B marketplaces are said to be so important for the future of e-commerce that he is likely to come under enormous pressure from his colleagues and others not to do anything to stifle its progress. That may prove a difficult balance to strike.</p>",
      "newspaperPageNumber": "27",
      "wordcount": "779",
      "commentable": "false",
      "isPremoderated": "false",
      "lastModified": "2017-02-21T23:43:25Z",
      "newspaperEditionDate": "2000-08-03T00:00:00Z",
      "productionOffice": "UK",
      "publication": "theguardian.com",
      "shortUrl": "https://gu.com/p/xk5p",
      "shouldHideAdverts": "false",
      "showInRelatedContent": "true",
      "legallySensitive": "false",
      "lang": "en",
      "bodyText": "2B or not 2B has been the crunch question exercising the minds of Europe's most powerful industry regulators in the past few months and the moment of truth is drawing near. Trillions of pounds are at stake and the European commission has until Monday to make a ruling which is expected to set a global regulatory precedent for the future of business-to-business (B2B) internet marketplaces. The EC is considering MyAircraft.com, a joint venture between some of the aerospace industry's biggest players who want to trade spare parts and engines over the net. The rationale is that it will allow participating companies to slash costs by pooling their purchasing or selling power to achieve critical mass. Middlemen will be cut out and, in theory, pricing and transaction costs will be transparent and lower. There is just one problem. Regulators on both sides of the Atlantic have expressed concern that the concept might give rise to price-fixing cartels. The industry players are so big and their collaboration is, to say the least, slightly unusual. Business-to-business e-commerce is forecast to generate more than \u00a34 trillion by 2005 making retail e-commerce look relatively paltry by comparison. It accounts for four-fifths of global e-commerce and a disparate collection of industries is rushing to join B2B exchanges to cut costs. In the motor industry a B2B exchange, Covisint, has emerged. A joint venture between Ford, General Motors, DaimlerChrysler and Renault/Nissan, it aims to become not just the main way the car makers' suppliers sell their wares to the big three but eventually the preferred venue for suppliers to trade with their partners. The commodities marketplace is going online in the form of the Intercontinental Exchange. The venture intends to offer a variety of metals from August, and in the fourth quarter plans to start oil-based derivatives such as swaps - contracts in the difference between a product's prompt price and the price of a forward traded month. In many cases, some industries have more than one exchange on offer and the idea is that there will come a time when it makes sense for these to link up into a seamless virtual global marketplace. The boundaries between different market players will inevitably become blurred, and regulators in Brussels and Washington are unsure how to deal with this unsettling phenomenon. In the case of MyAircraft.com, Honeywell International, United Technologies and i2 Technologies have banded together. The aviation industry says it expects to conduct a quarter of its business over the net within a year and it spends \u00a3270bn annually on spare parts and engines. Boeing, BAE Systems, Lockheed Martin and Raytheon have announced that they plan to do the same thing. Their exchange, Exostar, will be up and running in September and its money-making potential is huge. The four companies do business with 37,000 suppliers and almost every nation's government, and have a combined annual procurement budget of more than \u00a350bn. Ominously, its chief executive has admitted that its activities will over lap with MyAircraft.com and has said that the two exchanges will be connected and might eventually even merge. Regulators might need more time to assess the problems posed by B2B deals, but MyAircraft.com will be the first real opportunity for Brussels to wade into the debate. It can opt to approve the deal or initiate a four-month inquiry. Investigations often throw up specific problems which can only be remedied by the companies concerned making certain concessions. The EC will have to tread carefully, because Washington and a host of other industries which plan to create their own exchanges will be watching closely. EC spokeswoman Amelia Torres explains: \"One potential violation of competition rules would be if the companies that enter into online exchange platform deals were to exchange price or other sensitive information, because that would be a cartel and we would not authorise it.\" The competition commissioner, Mario Monti, has in recent times shown a willingness to play hardball in the field of mergers and acquisitions. He will be aware that his US counterparts are also looking into B2B exchanges. The US federal trade commission is considering whether it should approve Covisint. Making sure that companies abide by the EU's competition rules and do not abuse their dominant position to squeeze out competitors is the one area of competence where the EC wields real power, and Mr Monti will want to get it right. B2B marketplaces are said to be so important for the future of e-commerce that he is likely to come under enormous pressure from his colleagues and others not to do anything to stifle its progress. That may prove a difficult balance to strike.",
      "charCount": "4763"
    },
    "isHosted": false,
    "pillarId": "pillar/news",
    "pillarName": "News"
  },
  {
    "id": "business/2000/aug/03/10",
    "type": "article",
    "sectionId": "business",
    "sectionName": "Business",
    "webPublicationDate": "2000-08-03T01:21:44Z",
    "webTitle": "Cancer drug pays off for health care company",
    "webUrl": "https://www.theguardian.com/business/2000/aug/03/10",
    "apiUrl": "https://content.guardianapis.com/business/2000/aug/03/10",
    "fields": {
      "headline": "At this price?  Scotia Holdings",
      "trailText": "<p>Shining a red lamp on patients' heads is an unlikely way to treat cancer, but the approach is paying off for healthcare company  Scotia Holdings . </p>",
      "byline": "Andrew Clark",
      "main": "",
      "body": "<p>Shining a red lamp on patients' heads is an unlikely way to treat cancer, but the approach is paying off for healthcare company <strong> Scotia Holdings </strong> . </p> <p>Scotia's main product is Foscan, a drug initially aimed at head and neck tumours, which is injected into patients' arms but only becomes active when sufferers sit under a certain wavelength of light. </p> <p>An update on clinical trials yesterday showed dramatic results: 88% of patients with mild forms of cancer saw tumours disappear entirely. More impressively, in serious cases where all hope had been lost, 17% saw the disease clear. </p> <p>These figures suggest the product could be a \"front-line\" treatment for cancer, with few of the side-effects of chemotherapy and radiotherapy. The only downside is that patients must avoid bright light, and around 4% end up suffering from burns. </p> <p>For all Foscan's promise, however, the road ahead looks bumpy for Scotia. The company is running out of money; by the end of the year it will have just \u00a34m left. Even more worrying, a series of convertible bonds are outstanding which will require the company to pay back \u00a350m of borrowing unless the share price has reached 340p by 2002. Scotia's shares rose 10p to 133.5p yesterday. </p> <p>The company's survival depends on Foscan getting the nod from American regulators in October (approval has already been delayed from July). If successful, it needs to find a marketing partner prepared to inject some cash by the year-end. </p> <p>Scotia has widened trials of Foscan to pancreatic, bone, skin and prostate cancer. If successful, the drug could enter a worldwide market worth more than $500m, with Scotia taking royalties of about 25%. </p> <p>The problem is that there is little else in the company's locker apart from Olibra, a disappointing weight-loss yoghurt. Scotia is an \"all or nothing\" bet, too risky for the average small investor. </p>",
      "newspaperPageNumber": "26",
      "wordcount": "307",
      "commentable": "false",
      "isPremoderated": "false",
      "lastModified": "2000-08-03T01:21:44Z",
      "newspaperEditionDate": "2000-08-03T00:00:00Z",
      "productionOffice": "UK",
      "publication": "theguardian.com",
      "shortUrl": "https://gu.com/p/3bhc",
      "shouldHideAdverts": "false",
      "showInRelatedContent": "true",
      "legallySensitive": "false",
      "lang": "en",
      "bodyText": "Shining a red lamp on patients' heads is an unlikely way to treat cancer, but the approach is paying off for healthcare company Scotia Holdings . Scotia's main product is Foscan, a drug initially aimed at head and neck tumours, which is injected into patients' arms but only becomes active when sufferers sit under a certain wavelength of light. An update on clinical trials yesterday showed dramatic results: 88% of patients with mild forms of cancer saw tumours disappear entirely. More impressively, in serious cases where all hope had been lost, 17% saw the disease clear. These figures suggest the product could be a \"front-line\" treatment for cancer, with few of the side-effects of chemotherapy and radiotherapy. The only downside is that patients must avoid bright light, and around 4% end up suffering from burns. For all Foscan's promise, however, the road ahead looks bumpy for Scotia. The company is running out of money; by the end of the year it will have just \u00a34m left. Even more worrying, a series of convertible bonds are outstanding which will require the company to pay back \u00a350m of borrowing unless the share price has reached 340p by 2002. Scotia's shares rose 10p to 133.5p yesterday. The company's survival depends on Foscan getting the nod from American regulators in October (approval has already been delayed from July). If successful, it needs to find a marketing partner prepared to inject some cash by the year-end. Scotia has widened trials of Foscan to pancreatic, bone, skin and prostate cancer. If successful, the drug could enter a worldwide market worth more than $500m, with Scotia taking royalties of about 25%. The problem is that there is little else in the company's locker apart from Olibra, a disappointing weight-loss yoghurt. Scotia is an \"all or nothing\" bet, too risky for the average small investor.",
      "charCount": "1846"
    },
    "isHosted": false,
    "pillarId": "pillar/news",
    "pillarName": "News"
  },
  {
    "id": "science/2000/aug/03/gm.food",
    "type": "article",
    "sectionId": "environment",
    "sectionName": "Environment",
    "webPublicationDate": "2000-08-03T01:21:41Z",
    "webTitle": "Further 25 sites for GM trials",
    "webUrl": "https://www.theguardian.com/science/2000/aug/03/gm.food",
    "apiUrl": "https://content.guardianapis.com/science/2000/aug/03/gm.food",
    "fields": {
      "headline": "Further 25 sites for GM trials",
      "standfirst": "<br /><a href=\"http://www.guardianunlimited.co.uk/gmdebate/\">Special report: GM debate</a>",
      "trailText": "<p>A total of 25 new sites for GM trials of oil seed rape will be announced today, the first time the government-backed programme has hit the target set by its scientific advisers. </p>",
      "byline": "James Meikle",
      "main": "",
      "body": "<p>A total of 25 new sites for GM trials of oil seed rape will be announced today, the first time the government-backed programme has hit the target set by its scientific advisers. </p> <p>Nearly half the autumn plantings will be made on the same farms or in the same villages used for this summer's troubled trials of spring rape, maize and sugar beet. </p> <p>But advisers are still concerned that a recent spate of crop trashings that have damaged seven sites in recent weeks will mean that it will be difficult to find volunteer farmers in sufficient numbers to protect the scientific validity of the rest of the three year programme run by the industry. Several of 66 sites named earlier this year for the summer trials pulled out after local pressure. </p> <p>Ministers, who have warned they might have to keep locations secret if attacks by anti-GM activists continued, said the trials were vital to establish what effects, if any, the new crops had on wildlife. </p> <p>The list of sites, leaked to Friends of the Earth yesterday, contains four in Scotland, two more in Daviot, Aberdeenshire, site of the present trial north of the border, another at Rothienorman in the same county, and the fourth at Munlochy in Highland county. </p> <p>There are no new sites in Wales. The announcement of the present one at Sealand in Flintshire caused fury in the Welsh assembly this summer. </p> <p>Ministers will be encouraged they at least have enough sites to start with this autumn. </p> <p>Today the Commons agriculture select committee is expected to criticise strongly ministers' handling of the accidental contamination of imported conventional rape seed by GM material. Hundreds of farmers had to destroy their crops after unwittingly planting the seeds. </p> <p>An announcement as to whether ministers regard present buffer zones between GM and conventional crops to be adequate is also expected. The Department of the Environment last night refused to comment \"on what we have not announced yet\". </p> <p>For the moment, the government will continue to publish map references but it has warned that illegal activity might forced it to reconsider.</p>",
      "newspaperPageNumber": "7",
      "wordcount": "347",
      "commentable": "false",
      "isPremoderated": "false",
      "lastModified": "2017-05-08T09:41:46Z",
      "newspaperEditionDate": "2000-08-03T00:00:00Z",
      "productionOffice": "UK",
      "publication": "theguardian.com",
      "shortUrl": "https://gu.com/p/xc2m",
      "shouldHideAdverts": "false",
      "showInRelatedContent": "true",
      "legallySensitive": "false",
      "lang": "en",
      "bodyText": "A total of 25 new sites for GM trials of oil seed rape will be announced today, the first time the government-backed programme has hit the target set by its scientific advisers. Nearly half the autumn plantings will be made on the same farms or in the same villages used for this summer's troubled trials of spring rape, maize and sugar beet. But advisers are still concerned that a recent spate of crop trashings that have damaged seven sites in recent weeks will mean that it will be difficult to find volunteer farmers in sufficient numbers to protect the scientific validity of the rest of the three year programme run by the industry. Several of 66 sites named earlier this year for the summer trials pulled out after local pressure. Ministers, who have warned they might have to keep locations secret if attacks by anti-GM activists continued, said the trials were vital to establish what effects, if any, the new crops had on wildlife. The list of sites, leaked to Friends of the Earth yesterday, contains four in Scotland, two more in Daviot, Aberdeenshire, site of the present trial north of the border, another at Rothienorman in the same county, and the fourth at Munlochy in Highland county. There are no new sites in Wales. The announcement of the present one at Sealand in Flintshire caused fury in the Welsh assembly this summer. Ministers will be encouraged they at least have enough sites to start with this autumn. Today the Commons agriculture select committee is expected to criticise strongly ministers' handling of the accidental contamination of imported conventional rape seed by GM material. Hundreds of farmers had to destroy their crops after unwittingly planting the seeds. An announcement as to whether ministers regard present buffer zones between GM and conventional crops to be adequate is also expected. The Department of the Environment last night refused to comment \"on what we have not announced yet\". For the moment, the government will continue to publish map references but it has warned that illegal activity might forced it to reconsider.",
      "charCount": "2079"
    },
    "isHosted": false,
    "pillarId": "pillar/news",
    "pillarName": "News"
  },
  {
    "id": "media/2000/aug/03/tvandradio.television4",
    "type": "article",
    "sectionId": "theguardian",
    "sectionName": "From the Guardian",
    "webPublicationDate": "2000-08-03T01:21:31Z",
    "webTitle": "TV guide: Who will play Harry Potter in the film of the book?",
    "webUrl": "https://www.theguardian.com/media/2000/aug/03/tvandradio.television4",
    "apiUrl": "https://content.guardianapis.com/media/2000/aug/03/tvandradio.television4",
    "fields": {
      "headline": "The price is right",
      "standfirst": "Who will play Harry Potter in the film of the book?",
      "trailText": "<p>Who will play Harry Potter in the film of the book?</p>",
      "byline": "Jennifer Rodger",
      "main": "",
      "body": "<p><strong> An unknown .................4-6 </strong></p> <p><strong>Liam Aiken .................13-8 </strong></p> <p><strong>Haley Joel Osment ......11-4 </strong></p> <p><strong>Peter McNicholl ............4-1 </strong></p> <p><strong>Jake Lloyd ....................5-1</strong> </p> <p>By now, at least half the world has read the new Harry Potter novel, so it's no surprise that Harry movie rumours have been swelling. The most striking news is that Warner Bros are considering an American actor as the child wizard. But when asked whether a US actor was in the running, the book's author, JK Rowling said: \"Harry has still not been cast yet. And believe me, he's going to be British when he is!\" </p> <p>Ed Nicholson, Ladbrokes' analytical guru, thinks the Harry Potter movie is going to be magical. \"But the story about who will play Harry is almost as good as any of the Potter storylines themselves. It makes fascinating reading.\" </p> <p>At audition, children have five minutes to perform in front of director Chris Columbus and his daughter. Apparently, UK casting director Susie Figgis was so frustrated after seeing thousands of potential Potters that she left the project. Steven Spielberg allegedly pulled out of directing the picture after Rowling objected to his plans to cast The Sixth Sense star Haley Joel Osment in the lead. Some people are saying that Rowling signed a deal which gives her enormous control over the film. Others say that when the deal was cut, the issue of who plays Harry wasn't on the table. </p> <p>\"Haley Joel Osment's performance in The Sixth Sense was amazing,\" says Ed. \"And Liam Aiken, from Stepmom, is in with a hell of a chance. Columbus likes him, and has worked with him before.\" </p> <p>US casting director Janet Hirshenson has been seeing lots of other US children for the role - Jake Lloyd also comes into the reckoning. \"A leading actor of his generation, but an outsider in my book,\" says Ed. </p> <p>One English contender is Peter McNicholl (Vinnie Jones's son in Lock, Stock... ). \"If he doesn't get the part, I'm told he's sending Vinnie round to sort them out,\" says Ed. \"I wonder if Harry can make any inanimate object disappear!\"</p>",
      "newspaperPageNumber": "22",
      "wordcount": "342",
      "commentable": "false",
      "isPremoderated": "false",
      "lastModified": "2017-12-19T22:48:14Z",
      "newspaperEditionDate": "2000-08-03T00:00:00Z",
      "productionOffice": "UK",
      "publication": "theguardian.com",
      "shortUrl": "https://gu.com/p/3bgn",
      "shouldHideAdverts": "false",
      "showInRelatedContent": "true",
      "legallySensitive": "false",
      "lang": "en",
      "bodyText": "An unknown .................4-6 Liam Aiken .................13-8 Haley Joel Osment ......11-4 Peter McNicholl ............4-1 Jake Lloyd ....................5-1 By now, at least half the world has read the new Harry Potter novel, so it's no surprise that Harry movie rumours have been swelling. The most striking news is that Warner Bros are considering an American actor as the child wizard. But when asked whether a US actor was in the running, the book's author, JK Rowling said: \"Harry has still not been cast yet. And believe me, he's going to be British when he is!\" Ed Nicholson, Ladbrokes' analytical guru, thinks the Harry Potter movie is going to be magical. \"But the story about who will play Harry is almost as good as any of the Potter storylines themselves. It makes fascinating reading.\" At audition, children have five minutes to perform in front of director Chris Columbus and his daughter. Apparently, UK casting director Susie Figgis was so frustrated after seeing thousands of potential Potters that she left the project. Steven Spielberg allegedly pulled out of directing the picture after Rowling objected to his plans to cast The Sixth Sense star Haley Joel Osment in the lead. Some people are saying that Rowling signed a deal which gives her enormous control over the film. Others say that when the deal was cut, the issue of who plays Harry wasn't on the table. \"Haley Joel Osment's performance in The Sixth Sense was amazing,\" says Ed. \"And Liam Aiken, from Stepmom, is in with a hell of a chance. Columbus likes him, and has worked with him before.\" US casting director Janet Hirshenson has been seeing lots of other US children for the role - Jake Lloyd also comes into the reckoning. \"A leading actor of his generation, but an outsider in my book,\" says Ed. One English contender is Peter McNicholl (Vinnie Jones's son in Lock, Stock... ). \"If he doesn't get the part, I'm told he's sending Vinnie round to sort them out,\" says Ed. \"I wonder if Harry can make any inanimate object disappear!\"",
      "charCount": "2022"
    },
    "isHosted": false,
    "pillarId": "pillar/news",
    "pillarName": "News"
  },
  {
    "id": "technology/2000/aug/03/onlinesupplement5",
    "type": "article",
    "sectionId": "technology",
    "sectionName": "Technology",
    "webPublicationDate": "2000-08-03T01:21:20Z",
    "webTitle": "What's new",
    "webUrl": "https://www.theguardian.com/technology/2000/aug/03/onlinesupplement5",
    "apiUrl": "https://content.guardianapis.com/technology/2000/aug/03/onlinesupplement5",
    "fields": {
      "headline": "What's new",
      "trailText": "<p>Eyes have it | Me for half price</p>",
      "byline": "Ashley Norris   and  Jack Schofield",
      "main": "",
      "body": "<p><strong> Eyes have it</strong><br> Olympus has unveiled the latest incarnation of its Eye-Trek multimedia glasses, the FMD-700. Unlike its predecessor the new model features VGA and SVGA interfaces for easy connection to a PC. </p> <p>So if you fancy playing games, or even working on Microsoft Excel on what Olympus claims is the equivalent of a 52inch screen now is your chance. </p> <p>The company claims the new Eye-Treks are capable of better picture quality than the original version thanks to a tweak called Optical Super Resolution. </p> <p>Olympus has also entered into an alliance with Polaroid to manufacture hybrid digital cameras that have the ability to make instant Polaroid prints. The first model, the Camedia C-211, goes on sale in the US in October for $799. No news yet on a UK launch. (AN)</p> <p><strong> Cheaper Me</strong> <br> Microsoft UK plans to sell Windows Millennium Edition or Me for half price for the rest of this year. Users upgrading from Windows 98 or Windows 98 Second Edition (SE) should be able to get the new version for about \u00a339.99. This may reflect the fact that Me is not noticeably different from SE, and most of the new bits can be downloaded free from the Microsoft web site. However, users upgrading from Windows 95 will be asked for the usual \u00a379.99 or less, while the handful buying a new retail copy will be stung for up to \u00a3149.99. Windows Me is expected to reach the shops on September 14, almost three months after the code was completed. </p> <p> <strong> Gadget quest</strong><br> Some readers have had difficulties finding two of the summer gadgets featured in Online last month. The Mosquito Cure can be found at <a href=\"http://www.edgeco.com\">www.edgeco.com</a> or 001 800 732 9976 (and some airlines also have it in their in-flight sales magazines). Teksta the robot dog is available from Vivid Imaginations (01702 200660), or Hamleys in London. <br></p>",
      "newspaperPageNumber": "5",
      "wordcount": "313",
      "commentable": "false",
      "isPremoderated": "false",
      "lastModified": "2017-02-21T23:43:26Z",
      "newspaperEditionDate": "2000-08-03T00:00:00Z",
      "productionOffice": "UK",
      "publication": "The Guardian",
      "shortUrl": "https://gu.com/p/23xb",
      "shouldHideAdverts": "false",
      "showInRelatedContent": "true",
      "legallySensitive": "false",
      "lang": "en",
      "bodyText": "Eyes have it Olympus has unveiled the latest incarnation of its Eye-Trek multimedia glasses, the FMD-700. Unlike its predecessor the new model features VGA and SVGA interfaces for easy connection to a PC. So if you fancy playing games, or even working on Microsoft Excel on what Olympus claims is the equivalent of a 52inch screen now is your chance. The company claims the new Eye-Treks are capable of better picture quality than the original version thanks to a tweak called Optical Super Resolution. Olympus has also entered into an alliance with Polaroid to manufacture hybrid digital cameras that have the ability to make instant Polaroid prints. The first model, the Camedia C-211, goes on sale in the US in October for $799. No news yet on a UK launch. (AN) Cheaper Me Microsoft UK plans to sell Windows Millennium Edition or Me for half price for the rest of this year. Users upgrading from Windows 98 or Windows 98 Second Edition (SE) should be able to get the new version for about \u00a339.99. This may reflect the fact that Me is not noticeably different from SE, and most of the new bits can be downloaded free from the Microsoft web site. However, users upgrading from Windows 95 will be asked for the usual \u00a379.99 or less, while the handful buying a new retail copy will be stung for up to \u00a3149.99. Windows Me is expected to reach the shops on September 14, almost three months after the code was completed. Gadget quest Some readers have had difficulties finding two of the summer gadgets featured in Online last month. The Mosquito Cure can be found at www.edgeco.com or 001 800 732 9976 (and some airlines also have it in their in-flight sales magazines). Teksta the robot dog is available from Vivid Imaginations (01702 200660), or Hamleys in London.",
      "charCount": "1764"
    },
    "isHosted": false,
    "pillarId": "pillar/news",
    "pillarName": "News"
  }
]