[
  {
    "id": "world/2000/feb/03/qanda.marktran",
    "type": "article",
    "sectionId": "media",
    "sectionName": "Media",
    "webPublicationDate": "2000-02-03T16:59:52Z",
    "webTitle": "Share tipping",
    "webUrl": "https://www.theguardian.com/world/2000/feb/03/qanda.marktran",
    "apiUrl": "https://content.guardianapis.com/world/2000/feb/03/qanda.marktran",
    "fields": {
      "headline": "Share tipping",
      "trailText": "<B>Why is Piers Morgan in trouble? </B><BR>  The <A HREF=\"http://www.londonstockexchange.com/\" TARGET=\"_new\">stock exchange</A> and the  <A HREF=\"http://www.pcc.org.uk/about/default.htm\" TARGET=\"_new\">Press Complaints  Commission</A> are investigating the <A HREF=\"http://www.mirror.co.uk/\" TARGET=\"_new\"> Mirror</A>  editor after he bought around \u00a320,000 worth of shares in a  technology company the day before his newspaper tipped its  shares, doubling the share price.",
      "byline": "Mark Tran",
      "main": "",
      "body": "<b>Why is Piers Morgan in trouble? </b> <br> The <a href=\"http://www.londonstockexchange.com/\" target=\"_new\">stock exchange</a> and the <a href=\"http://www.pcc.org.uk/about/default.htm\" target=\"_new\">Press Complaints Commission</a> are investigating the <a href=\"http://www.mirror.co.uk/\" target=\"_new\"> Mirror</a> editor after he bought around \u00a320,000 worth of shares in a technology company the day before his newspaper tipped its shares, doubling the share price. <p><b>What was the company? </b><br><a href=\"http://www.hemscott.com/EQUITIES/company/cd03485.htm\" target=\"_new\">Viglen Technology</a> is a computer hardware company owned by business tycoon Sir Alan Sugar, also the chairman of Tottenham Hotspur and former executive of Amstrad.</p> <p><b>Where did the tip appear? </b><br>In the City Slickers column written by Anil Bhoyrul and James Hipwell, who were brought on to the Mirror on the recommendation of Kelvin McKenzie, former editor of the Sun. They revealed \"exclusively\" on January 18 that the Viglen company was about to set up an internet arm, even though this had been known since Christmas. Newspaper and television share tipsters can have an enormous impact on stock market prices, especially on so called penny shares. Show Me The Money, <a href=\"http://www.channel4.com/\" target=\"_new\"> Channel 4</a>'s share tipping programme has had a huge impact on share-trading patterns. While it was on air at the end of last year, there was an explosion of sharebuying by small investors. The city watchdog, the <a href=\"http://www.fsa.gov.uk/\" target=\"_new\"> financial services authority</a>, was so concerned it issued a warning to retail investors about the danger of dealing in small illiquid stocks. The <a href=\"http://www.sib.co.uk/enf/els3.htm\" target=\"_new\"> internet has fuelled the boom in retail trading</a> with sites like <a href=\"http://www.fool.com/\" target=\"_new\"> Motley Fool</a> and <a href=\"http://www.hemscott.com/\" target=\"_new\"> Hemmington Scott</a>.</p> <p><b>What are the rules for financial journalists and tips? </b><br>The <a href=\"http://www.pcc.org.uk/about/default.htm\" target=\"_new\">PCC code of conduct</a> on financial journalism states that even where the law does not prohibit it, journalists must not use for their own profit financial information they receive in advance of its general publication, nor should they pass such information to others. Journalists must not write about companies in which they or their close families hold a significant financial interest without disclosing the interest to their bosses. They must not buy or sell shares about which they have recently written or intend to write about in the near future.</p> <p><b>What has Mr Morgan had to say?</b><br> Mr Morgan, who was forced to defend his share dealings to the board of Trinity Mirror, the parent company of his paper, said he was happy to cooperate with the PCC. In a statement, he said: \"My purchase of the shares was made six hours before the City Slickers obtained their story from Viglen's chief executive.\"</p> <p><b>Have there been past cases of financial tipsters getting into trouble? </b><br> The most famous case occurred in the mid-1980s when <a href=\"http://www.wsj.com/\" target=\"_new\"> Wall Street Journal</a> share tipster R Foster Winans was convinced of fraud and given an 18-month prison sentence. Winans had been buying shares in companies as well as passing on the information to his gay lover before tipping them in the influential Heard on the Street column. He made only $30,000 in profits from his activities, but his case played an important part in American law on insider dealing, which eventually led to the downfall of Ivan Boesky, a leading financial figure of the 'greed is good' era.</p> <p><b>What happens next?</b><br> The PCC inquiry is expected to last about a month. The stock exchange, which never comments on specific investigations, is understood to be investigating both Mr Morgan's dealings and the role of City Slickers share-tipping column, and has referred the case to the <a href=\"http://www.dti.gov.uk/\" target=\"_new\">department of trade and industry</a>. Insider dealing is an offence under the financial services act and it is the DTI that prosecutes in such cases. In the preliminary stages, the stock exchange uses computers to determine who has made a transaction and when, and can identify \"unusual\" market activity. The stock exchange refers only 30 cases a year to the DTI for investigation. The last high profile investigation into such allegations involved Lord Archer of Weston-super-Mare.</p>",
      "wordcount": "628",
      "commentable": "false",
      "isPremoderated": "false",
      "lastModified": "2016-08-11T23:02:08Z",
      "newspaperEditionDate": "2000-02-03T00:00:00Z",
      "productionOffice": "UK",
      "publication": "theguardian.com",
      "shortUrl": "https://gu.com/p/q566",
      "shouldHideAdverts": "false",
      "showInRelatedContent": "true",
      "legallySensitive": "false",
      "lang": "en",
      "bodyText": "Why is Piers Morgan in trouble? The stock exchange and the Press Complaints Commission are investigating the Mirror editor after he bought around \u00a320,000 worth of shares in a technology company the day before his newspaper tipped its shares, doubling the share price. What was the company? Viglen Technology is a computer hardware company owned by business tycoon Sir Alan Sugar, also the chairman of Tottenham Hotspur and former executive of Amstrad. Where did the tip appear? In the City Slickers column written by Anil Bhoyrul and James Hipwell, who were brought on to the Mirror on the recommendation of Kelvin McKenzie, former editor of the Sun. They revealed \"exclusively\" on January 18 that the Viglen company was about to set up an internet arm, even though this had been known since Christmas. Newspaper and television share tipsters can have an enormous impact on stock market prices, especially on so called penny shares. Show Me The Money, Channel 4's share tipping programme has had a huge impact on share-trading patterns. While it was on air at the end of last year, there was an explosion of sharebuying by small investors. The city watchdog, the financial services authority, was so concerned it issued a warning to retail investors about the danger of dealing in small illiquid stocks. The internet has fuelled the boom in retail trading with sites like Motley Fool and Hemmington Scott. What are the rules for financial journalists and tips? The PCC code of conduct on financial journalism states that even where the law does not prohibit it, journalists must not use for their own profit financial information they receive in advance of its general publication, nor should they pass such information to others. Journalists must not write about companies in which they or their close families hold a significant financial interest without disclosing the interest to their bosses. They must not buy or sell shares about which they have recently written or intend to write about in the near future. What has Mr Morgan had to say? Mr Morgan, who was forced to defend his share dealings to the board of Trinity Mirror, the parent company of his paper, said he was happy to cooperate with the PCC. In a statement, he said: \"My purchase of the shares was made six hours before the City Slickers obtained their story from Viglen's chief executive.\" Have there been past cases of financial tipsters getting into trouble? The most famous case occurred in the mid-1980s when Wall Street Journal share tipster R Foster Winans was convinced of fraud and given an 18-month prison sentence. Winans had been buying shares in companies as well as passing on the information to his gay lover before tipping them in the influential Heard on the Street column. He made only $30,000 in profits from his activities, but his case played an important part in American law on insider dealing, which eventually led to the downfall of Ivan Boesky, a leading financial figure of the 'greed is good' era. What happens next? The PCC inquiry is expected to last about a month. The stock exchange, which never comments on specific investigations, is understood to be investigating both Mr Morgan's dealings and the role of City Slickers share-tipping column, and has referred the case to the department of trade and industry. Insider dealing is an offence under the financial services act and it is the DTI that prosecutes in such cases. In the preliminary stages, the stock exchange uses computers to determine who has made a transaction and when, and can identify \"unusual\" market activity. The stock exchange refers only 30 cases a year to the DTI for investigation. The last high profile investigation into such allegations involved Lord Archer of Weston-super-Mare.",
      "charCount": "3758"
    },
    "isHosted": false,
    "pillarId": "pillar/news",
    "pillarName": "News"
  },
  {
    "id": "theguardian/2000/feb/03/guardianweekly.guardianweekly1",
    "type": "article",
    "sectionId": "global",
    "sectionName": "Global",
    "webPublicationDate": "2000-02-03T02:04:52Z",
    "webTitle": "In the land of the free, the legal eagle is king",
    "webUrl": "https://www.theguardian.com/theguardian/2000/feb/03/guardianweekly.guardianweekly1",
    "apiUrl": "https://content.guardianapis.com/theguardian/2000/feb/03/guardianweekly.guardianweekly1",
    "fields": {
      "headline": "In the land of the free, the legal eagle is king",
      "trailText": "There are 2m guns in civilian hands in the United States. That works out at 200 per lawyer. Wade through the foaming websites of the anti-semites, weekend militiamen and Republicans, and it becomes clear that many among America's well-armed citizenry have performed the same calculation. Because if there is any hope of the ceasefire that they fear, it will come out of the barrel of a law suit.",
      "byline": "Gregory Palast",
      "main": "",
      "body": "There are 2m guns in civilian hands in the United States. That works out at 200 per lawyer. Wade through the foaming websites of the anti-semites, weekend militiamen and Republicans, and it becomes clear that many among America's well-armed citizenry have performed the same calculation. Because if there is any hope of the ceasefire that they fear, it will come out of the barrel of a law suit. <p>First, the score. Gunshot deaths in the US are way down - to only 88 a day. Around 87,000 lucky Americans were treated for bullet wounds last year; 32,436 unlucky ones died, including a dozen policemen by their own weapons. In one typical case, a young man, Steven Fox, described feeling pieces of his brain fly from his skull after a mugger shot him. He is permanently paralysed. </p> <p>But, hey, that's business for you. And what a business it is. Guns, ammo and accessories are a $6bn-a-year honey pot for several corporations: Browning, Smith &amp; Wesson, Colt and others. </p> <p>Britain loves stories of gun lust in the US. It is an opportunity for snooty comparisons with America's crude and lawless society. This drives Elisa Barnes crazy. </p> <p>Barnes is the lawyer who recently brought a groundbreaking law suit against handgun manufacturers, which were found negligent in the shooting of Fox. \"You [European] guys are so smug. Glock, Browning, Beretta have these refined European owners. Smith &amp; Wesson is the number one seller of killer guns - and it's owned by Tomkins plc, of England.\" </p> <p>Armed crime is traditionally viewed as a social problem, but Barnes thought it was too convenient for gun makers to blame the criminal alone. Through investigation and statistical analysis she concluded that sales to criminals are a much-valued - if unpublicised - market segment sought out and provisioned by these upstanding manufacturers. </p> <p>Her calculations are compelling. Gun companies dumped several million weapons into outlets in states with few curbs on purchases, super-saturating the legal market so that excess would flow up the \"Iron Pipeline\" to meet black market demand in New York and other big cities. </p> <p>Like the company that sells cigarette rolling papers in quantities far outstripping sales of legal tobacco, gun manufacturers have a nod-and-wink understanding of where their products end up. Their market models cannot account for half the gun sales in loose-law states such as Georgia. </p> <p>Nor can industry executives fail to have noticed the requests - more than 800,000 of them - to manufacturers from the Alcohol, Tobacco and Firearms agency to trace guns captured by police after use in crimes . </p> <p>The Fox case jury found a dozen gun makers guilty of negligent distribution. The shooter's gun was never found. Unable to determine which company made the gun that fired the bullet into Fox's head, the jury ordered all the makers of .25 calibre weapons in the case to pony up $5m for Fox's care and pain. </p> <p>Fox's victory burst the dam. Several hundred lawyers - including the Costanza group, the combine of firms that mangled the tobacco industry - filed suits to make sure the gun industry feels our pain. New Orleans is the first of dozens of cities in court demanding that gun purveyors pay the cost of gathering the wounded off the streets, and the cost of arming the municipal police force in self-defence. The legal profession may finally accomplish what a cowering Congress dare not consider: shutting down firearms sales at source. </p> <p>The civil rights group NAACP has weighed in with a massive class-action suit on behalf of thousands of the wounded and dead, based on yet another theory: product liability. I spoke to one of their counsel, Mike Hausfeld, just after he returned from beating Hitler in a US courtroom. Fifty years after the war, Hausfeld's firm brought a suit against Mercedes-Benz, Siemens, BASF and others who used slave labour from concentration and prison camps under the Nazi regime. The defendants have agreed to create a $1.2bn compensation fund. </p> <p>Hausfeld concedes that the companies were acting under orders of the Reich, but points out: \"Contemporary industrial empires were made from those profits. In 1938 Henry Ford received a medal from the F\u00fchrer, and his German plants continued to provide Ford income through 1942. Those profits belong to the victims.\" </p> <p>I started with guns, but my real topic is America, Home of the Brave Lawsuit. The open courthouse is the best of US democracy, where Davids may sling their rocks at corporate Goliaths. That is sufficient reason for the powers-that-be to malign the US system of civil justice with frightful images of O J Simpson and Louise Woodward where - they imply - juries ran amok. </p> <p>Corporate Europe has good reason to fear US law. Consider other Hausfeld cases. His firm took part in securing $1bn from Hoffman LaRoche and other pharmaceuticals giants to compensate victims of their worldwide conspiracy to fix the price of vitamins. </p> <p>The action, brought in the US, has so far benefited American victims only. European governments can collect fines, but victims of the cartel are effectively out of luck under European Union and British law, even under the supposedly tough new rules. </p> <p>Hausfeld was also one of the legion of lawyers who whacked Exxon for $5bn in punitive damages for the Exxon Valdez spill. While the Wall Street Journal excoriated the courts for vacuuming Exxon's deep pockets, the $5bn hit seems to have focused the oil shipper's attention. Grudg ingly, Exxon-Mobil now spends billions on double-hulled tankers, escort vessels and new safety equipment when operating in the lawyer-infested waters of Alaska. </p> <p>By contrast, the French are still picking dead birds out of the TotalFina oil slick. I can't help thinking that disaster, whatever its technical cause, was a product of the Civil Liability Convention (which Britain joined after the Valdez disaster) - limiting shippers' responsibility for spill damage in European waters to roughly $127m. At that price, as far as shippers are concerned, an oil spill is a bargain compared with the cost of prevention. </p> <p>That brings us to Hausfeld's suit against Monsanto, filed last month. Europe's Greens flatter themselves that they forced the company to retreat from its aggressive promotion of genetically modified grains. But it is difficult to imagine Monsanto's chief executive, Robert Shapiro, frightened by a salvo of well-drafted leaflets. Rumblings of a lawsuit, however, had to disturb his repose, and added to the pressure to seek a haven through merger. </p> <p>After all, every US chemical company executive is schooled in the story of how half the asbestos industry was forced into bankruptcy court to settle several hundred thousand lawsuits that found companies culpable because they claimed the mineral was harmless. </p> <p>Alan Simpson, a British Labour MP, has drafted a law that would make GM food and seed sellers liable to legal action for any medical or environmental damage they may cause, more in line with US law. Simpson suspects that Monsanto, AstraZeneca and their ilk would be less cavalier about seeds with tweaked DNA if the companies knew they would reap what they sow. </p> <p>Where will America's lawsuit-crazed lawyers strike next? General Augusto Pinochet has shopped at Harrods in London, but has never been to Macy's in New York. In fact, since his coup in 1973, the general has not set foot in the US. Of course not, says Hausfeld, \"We'd sue him.\" The Observer</p>",
      "newspaperPageNumber": "25",
      "wordcount": "1229",
      "commentable": "false",
      "isPremoderated": "false",
      "lastModified": "2000-02-03T02:04:52Z",
      "newspaperEditionDate": "2000-02-03T00:00:00Z",
      "productionOffice": "UK",
      "publication": "Guardian Weekly",
      "shortUrl": "https://gu.com/p/t8yt",
      "shouldHideAdverts": "false",
      "showInRelatedContent": "true",
      "legallySensitive": "false",
      "lang": "en",
      "bodyText": "There are 2m guns in civilian hands in the United States. That works out at 200 per lawyer. Wade through the foaming websites of the anti-semites, weekend militiamen and Republicans, and it becomes clear that many among America's well-armed citizenry have performed the same calculation. Because if there is any hope of the ceasefire that they fear, it will come out of the barrel of a law suit. First, the score. Gunshot deaths in the US are way down - to only 88 a day. Around 87,000 lucky Americans were treated for bullet wounds last year; 32,436 unlucky ones died, including a dozen policemen by their own weapons. In one typical case, a young man, Steven Fox, described feeling pieces of his brain fly from his skull after a mugger shot him. He is permanently paralysed. But, hey, that's business for you. And what a business it is. Guns, ammo and accessories are a $6bn-a-year honey pot for several corporations: Browning, Smith &amp; Wesson, Colt and others. Britain loves stories of gun lust in the US. It is an opportunity for snooty comparisons with America's crude and lawless society. This drives Elisa Barnes crazy. Barnes is the lawyer who recently brought a groundbreaking law suit against handgun manufacturers, which were found negligent in the shooting of Fox. \"You [European] guys are so smug. Glock, Browning, Beretta have these refined European owners. Smith &amp; Wesson is the number one seller of killer guns - and it's owned by Tomkins plc, of England.\" Armed crime is traditionally viewed as a social problem, but Barnes thought it was too convenient for gun makers to blame the criminal alone. Through investigation and statistical analysis she concluded that sales to criminals are a much-valued - if unpublicised - market segment sought out and provisioned by these upstanding manufacturers. Her calculations are compelling. Gun companies dumped several million weapons into outlets in states with few curbs on purchases, super-saturating the legal market so that excess would flow up the \"Iron Pipeline\" to meet black market demand in New York and other big cities. Like the company that sells cigarette rolling papers in quantities far outstripping sales of legal tobacco, gun manufacturers have a nod-and-wink understanding of where their products end up. Their market models cannot account for half the gun sales in loose-law states such as Georgia. Nor can industry executives fail to have noticed the requests - more than 800,000 of them - to manufacturers from the Alcohol, Tobacco and Firearms agency to trace guns captured by police after use in crimes . The Fox case jury found a dozen gun makers guilty of negligent distribution. The shooter's gun was never found. Unable to determine which company made the gun that fired the bullet into Fox's head, the jury ordered all the makers of .25 calibre weapons in the case to pony up $5m for Fox's care and pain. Fox's victory burst the dam. Several hundred lawyers - including the Costanza group, the combine of firms that mangled the tobacco industry - filed suits to make sure the gun industry feels our pain. New Orleans is the first of dozens of cities in court demanding that gun purveyors pay the cost of gathering the wounded off the streets, and the cost of arming the municipal police force in self-defence. The legal profession may finally accomplish what a cowering Congress dare not consider: shutting down firearms sales at source. The civil rights group NAACP has weighed in with a massive class-action suit on behalf of thousands of the wounded and dead, based on yet another theory: product liability. I spoke to one of their counsel, Mike Hausfeld, just after he returned from beating Hitler in a US courtroom. Fifty years after the war, Hausfeld's firm brought a suit against Mercedes-Benz, Siemens, BASF and others who used slave labour from concentration and prison camps under the Nazi regime. The defendants have agreed to create a $1.2bn compensation fund. Hausfeld concedes that the companies were acting under orders of the Reich, but points out: \"Contemporary industrial empires were made from those profits. In 1938 Henry Ford received a medal from the F\u00fchrer, and his German plants continued to provide Ford income through 1942. Those profits belong to the victims.\" I started with guns, but my real topic is America, Home of the Brave Lawsuit. The open courthouse is the best of US democracy, where Davids may sling their rocks at corporate Goliaths. That is sufficient reason for the powers-that-be to malign the US system of civil justice with frightful images of O J Simpson and Louise Woodward where - they imply - juries ran amok. Corporate Europe has good reason to fear US law. Consider other Hausfeld cases. His firm took part in securing $1bn from Hoffman LaRoche and other pharmaceuticals giants to compensate victims of their worldwide conspiracy to fix the price of vitamins. The action, brought in the US, has so far benefited American victims only. European governments can collect fines, but victims of the cartel are effectively out of luck under European Union and British law, even under the supposedly tough new rules. Hausfeld was also one of the legion of lawyers who whacked Exxon for $5bn in punitive damages for the Exxon Valdez spill. While the Wall Street Journal excoriated the courts for vacuuming Exxon's deep pockets, the $5bn hit seems to have focused the oil shipper's attention. Grudg ingly, Exxon-Mobil now spends billions on double-hulled tankers, escort vessels and new safety equipment when operating in the lawyer-infested waters of Alaska. By contrast, the French are still picking dead birds out of the TotalFina oil slick. I can't help thinking that disaster, whatever its technical cause, was a product of the Civil Liability Convention (which Britain joined after the Valdez disaster) - limiting shippers' responsibility for spill damage in European waters to roughly $127m. At that price, as far as shippers are concerned, an oil spill is a bargain compared with the cost of prevention. That brings us to Hausfeld's suit against Monsanto, filed last month. Europe's Greens flatter themselves that they forced the company to retreat from its aggressive promotion of genetically modified grains. But it is difficult to imagine Monsanto's chief executive, Robert Shapiro, frightened by a salvo of well-drafted leaflets. Rumblings of a lawsuit, however, had to disturb his repose, and added to the pressure to seek a haven through merger. After all, every US chemical company executive is schooled in the story of how half the asbestos industry was forced into bankruptcy court to settle several hundred thousand lawsuits that found companies culpable because they claimed the mineral was harmless. Alan Simpson, a British Labour MP, has drafted a law that would make GM food and seed sellers liable to legal action for any medical or environmental damage they may cause, more in line with US law. Simpson suspects that Monsanto, AstraZeneca and their ilk would be less cavalier about seeds with tweaked DNA if the companies knew they would reap what they sow. Where will America's lawsuit-crazed lawyers strike next? General Augusto Pinochet has shopped at Harrods in London, but has never been to Macy's in New York. In fact, since his coup in 1973, the general has not set foot in the US. Of course not, says Hausfeld, \"We'd sue him.\" The Observer",
      "charCount": "7406"
    },
    "isHosted": false
  },
  {
    "id": "money/2000/feb/03/personalfinancenews.mondaymediasection",
    "type": "article",
    "sectionId": "money",
    "sectionName": "Money",
    "webPublicationDate": "2000-02-03T00:00:00Z",
    "webTitle": "Mirror editor faces share inquiries",
    "webUrl": "https://www.theguardian.com/money/2000/feb/03/personalfinancenews.mondaymediasection",
    "apiUrl": "https://content.guardianapis.com/money/2000/feb/03/personalfinancenews.mondaymediasection",
    "fields": {
      "headline": "Mirror editor faces share inquiries",
      "standfirst": "Related stories:<br /><a href=\"http://www.newsunlimited.co.uk/uk_news/0,2846,131902,00.html\">Column that turns City into showbiz</a><br /><a href=\"http://www.newsunlimited.co.uk/uk_news/0,2846,131901,00.html\">Broker valued for secrecy and top tips </a>",
      "trailText": "<p>Piers Morgan, the editor of the Mirror, was last night under investigation by the Press Complaints Commission and the department of trade and industry after it emerged that he bought around &#163;20,000 worth of shares in a technology company the day before his newspaper ran a story which doubled the company's share price. </p>",
      "byline": "Janine Gibson  and  David Teather",
      "main": "",
      "body": "<p>Piers Morgan, the editor of the Mirror, was last night under investigation by the Press Complaints Commission and the department of trade and industry after it emerged that he bought around \u00a320,000 worth of shares in a technology company the day before his newspaper ran a story which doubled the company's share price. </p> <p>The PCC inquiry, expected to last about a month, will have to establish whether Mr Morgan had advance knowledge of the story. The PCC code of practice states that even where the law does not prohibit it, journalists must not use for their own profit financial information they receive in advance of its general publication. In the wake of the inquiry, the Mirror is expected to introduce its own guidelines in this area for staff. </p> <p>Mr Morgan, who yesterday maintained that he did not act improperly, has been the subject of a full stock exchange investigation into his purchase of shares in Viglen Technology, Sir Alan Sugar's computer hardware firm. </p> <p>The DTI will decide on the merits of a criminal prosecution after carrying out its own investigation. </p> <p>Shares in Viglen doubled from 188p to 355p on January 18, the day after the Mirror's exclusive story that the company was launching a separate internet division. </p> <p>Mr Morgan maintained that he was unaware of the story, written by the paper's financial team Anil Bhoyrul and James Hipwell, known as the City Slickers, until after he had bought the shares. Their colourful city coverage has gained a loyal following for its celebrity-driven and gossipy share tips. </p> <p>Mr Morgan said: \"I have never bought and would never buy any shares knowing what the City Slickers' tip was going to be the next day.\" </p> <p>The City Slickers, who regularly feature Tottenham boss and Amstrad founder Sugar, claim their top 10 share tips for 1999 enjoyed gains of 159%. </p> <p>According to Mr Morgan, he decided to buy the shares as a long-term investment after consultation with his uncle and dealer following a number of stories tipping the company, including three by the City Slickers this year. </p> <p>\"I don't think there's any breach of any code of conduct,\" he said. \"I'm always scrupulous. It's just not worth it for a couple of thousand pounds.\"</p>",
      "newspaperPageNumber": "1",
      "wordcount": "371",
      "commentable": "false",
      "isPremoderated": "false",
      "lastModified": "2017-05-31T21:59:50Z",
      "newspaperEditionDate": "2000-02-03T00:00:00Z",
      "productionOffice": "UK",
      "publication": "The Guardian",
      "shortUrl": "https://gu.com/p/3275",
      "shouldHideAdverts": "false",
      "showInRelatedContent": "true",
      "legallySensitive": "false",
      "lang": "en",
      "bodyText": "Piers Morgan, the editor of the Mirror, was last night under investigation by the Press Complaints Commission and the department of trade and industry after it emerged that he bought around \u00a320,000 worth of shares in a technology company the day before his newspaper ran a story which doubled the company's share price. The PCC inquiry, expected to last about a month, will have to establish whether Mr Morgan had advance knowledge of the story. The PCC code of practice states that even where the law does not prohibit it, journalists must not use for their own profit financial information they receive in advance of its general publication. In the wake of the inquiry, the Mirror is expected to introduce its own guidelines in this area for staff. Mr Morgan, who yesterday maintained that he did not act improperly, has been the subject of a full stock exchange investigation into his purchase of shares in Viglen Technology, Sir Alan Sugar's computer hardware firm. The DTI will decide on the merits of a criminal prosecution after carrying out its own investigation. Shares in Viglen doubled from 188p to 355p on January 18, the day after the Mirror's exclusive story that the company was launching a separate internet division. Mr Morgan maintained that he was unaware of the story, written by the paper's financial team Anil Bhoyrul and James Hipwell, known as the City Slickers, until after he had bought the shares. Their colourful city coverage has gained a loyal following for its celebrity-driven and gossipy share tips. Mr Morgan said: \"I have never bought and would never buy any shares knowing what the City Slickers' tip was going to be the next day.\" The City Slickers, who regularly feature Tottenham boss and Amstrad founder Sugar, claim their top 10 share tips for 1999 enjoyed gains of 159%. According to Mr Morgan, he decided to buy the shares as a long-term investment after consultation with his uncle and dealer following a number of stories tipping the company, including three by the City Slickers this year. \"I don't think there's any breach of any code of conduct,\" he said. \"I'm always scrupulous. It's just not worth it for a couple of thousand pounds.\"",
      "charCount": "2184"
    },
    "isHosted": false,
    "pillarId": "pillar/lifestyle",
    "pillarName": "Lifestyle"
  },
  {
    "id": "money/2000/feb/03/business.personalfinancenews1",
    "type": "article",
    "sectionId": "money",
    "sectionName": "Money",
    "webPublicationDate": "2000-02-03T00:00:00Z",
    "webTitle": "British car prices start to tumble",
    "webUrl": "https://www.theguardian.com/money/2000/feb/03/business.personalfinancenews1",
    "apiUrl": "https://content.guardianapis.com/money/2000/feb/03/business.personalfinancenews1",
    "fields": {
      "headline": "British car prices start to tumble",
      "trailText": "<p>Car prices dropped last month as the motor industry was claiming that the government's \"rip off Britain\" campaign had unfairly targeted the industry.\n</p>",
      "byline": "Patrick Sherwen",
      "main": "",
      "body": "<p>Car prices dropped last month as the motor industry was claiming that the government's \"rip off Britain\" campaign had unfairly targeted the industry. </p> <p>The Alliance &amp; Leicester's monthly car price index showed an average 2.4% drop in the price of a new car for December 1999 against a year previously.</p> <p>The bank said the December figure showed the largest monthly fall last year.</p> <p>Earlier this week the Society of Motor Manufacturers and Traders said its members - which include Ford and Vauxhall - would not cut prices despite a fall in the number of new cars bought.</p> <p>It is understood to be waiting for the delayed report into pricing practices to be published by the competition commission before sanctioning cuts. But Audi, Daewoo and Mitsubishi have all announced price cuts, while other car makers have dropped prices on selected models.</p> <p>Sellers of city cars such as the Ford Ka or Volkswagen Lupo, cut prices most dramatically, by an average of 10.9%. Used cars, more than three years old, fell by 12.8%.</p>",
      "newspaperPageNumber": "28",
      "wordcount": "174",
      "commentable": "false",
      "isPremoderated": "false",
      "lastModified": "2001-12-12T00:00:00Z",
      "newspaperEditionDate": "2000-02-03T00:00:00Z",
      "productionOffice": "UK",
      "publication": "theguardian.com",
      "shortUrl": "https://gu.com/p/326n",
      "shouldHideAdverts": "false",
      "showInRelatedContent": "true",
      "legallySensitive": "false",
      "lang": "en",
      "bodyText": "Car prices dropped last month as the motor industry was claiming that the government's \"rip off Britain\" campaign had unfairly targeted the industry. The Alliance &amp; Leicester's monthly car price index showed an average 2.4% drop in the price of a new car for December 1999 against a year previously. The bank said the December figure showed the largest monthly fall last year. Earlier this week the Society of Motor Manufacturers and Traders said its members - which include Ford and Vauxhall - would not cut prices despite a fall in the number of new cars bought. It is understood to be waiting for the delayed report into pricing practices to be published by the competition commission before sanctioning cuts. But Audi, Daewoo and Mitsubishi have all announced price cuts, while other car makers have dropped prices on selected models. Sellers of city cars such as the Ford Ka or Volkswagen Lupo, cut prices most dramatically, by an average of 10.9%. Used cars, more than three years old, fell by 12.8%.",
      "charCount": "1010"
    },
    "isHosted": false,
    "pillarId": "pillar/lifestyle",
    "pillarName": "Lifestyle"
  },
  {
    "id": "money/2000/feb/03/personalfinancenews.business1",
    "type": "article",
    "sectionId": "business",
    "sectionName": "Business",
    "webPublicationDate": "2000-02-03T00:00:00Z",
    "webTitle": "BT profits fall shocks City",
    "webUrl": "https://www.theguardian.com/money/2000/feb/03/personalfinancenews.business1",
    "apiUrl": "https://content.guardianapis.com/money/2000/feb/03/personalfinancenews.business1",
    "fields": {
      "headline": "BT profits fall shocks City",
      "standfirst": "Share price drops as declining fixed-line revenue means 3,000 managers will go",
      "trailText": "<p>British Telecom stunned the markets and its own staff yesterday when it announced a drop in profits and sweeping job cuts. </p>",
      "byline": "Nicholas Bannister, Chief Business Correspondent",
      "main": "",
      "body": "<p>British Telecom stunned the markets and its own staff yesterday when it announced a drop in profits and sweeping job cuts. </p> <p>The market reacted adversely to the news by marking the group's shares down by more than 17%, reducing its stock market value by \u00a313bn to \u00a363.5bn. </p> <p>The company said it plans to shed 3,000 middle managers over the next nine months in an attempt to reduce the costs of its traditional UK phone business. The decision to axe one in 10 of its management jobs followed a 6% slump in third-quarter profits. </p> <p>Sir Peter Bonfield, BT chief executive, said the job cuts, which will be achieved through a voluntary redundancy programme, will cost \u00a3340m but are designed to save \u00a3140m annually. </p> <p>BT blamed the downturn on reduced margins as a result of competition in the UK fixed-line market, and on higher wage costs. </p> <p>During the past nine months the BT workforce has grown by 13,000 to 137,700 largely as a result of acquisitions and the switching of agency staff to the company payroll. </p> <p>However, 5,200 extra people were taken on to cope with increased demand for the group's mobile and internet services, and to prepare new products. </p> <p>BT, which has shed 120,000 jobs over the past 10 years, is expecting further - although more modest - job cuts in the next few years. </p> <p>Sir Peter said that mobile, internet and overseas ventures such as Japan Telecom and Viag Intercom were the fastest-growing sectors of the business. </p> <p>He added that the group was likely to be more active in increasing its stakes in its overseas ventures when the opportunity occurred. At present it is a minority shareholder in most cases. </p> <p>Third-quarter turnover rose 19% to \u00a35.58bn while underlying operating profit fell 6% to \u00a3817m. </p> <p>Robert Brace, BT's finance director, said he expected a similar operating profit during the fourth quarter. </p> <p>Sir Peter said the group was in a state of transition, with the setting up of its international calls joint venture with the US group AT&amp;T, the shift towards more mobile, internet and data services, and the introduction of its ADSL broadband network. </p> <p>BT Cellnet, the mobile phone business now fully owned by BT, added 1m customers during the quarter, taking its subscriber base to nearly 7m. </p> <p>In addition, the turnover of the mobile communications division was boosted by contributions from the Martin Dawes and DX Communications businesses acquired last year. </p> <p>Turnover of the fixed network in the UK was hit by continuing price reductions, including the Oftel-imposed 25% cut in the cost of calls from fixed to mobile phones. </p> <p>The number of BT residential lines fell by 100,000 to 20m, although this was offset by a rise of 600,000 in the number of business lines and continued growth in the number of second lines. </p> <p>BT is expecting to write down the value of BT Cellnet's analogue network by about \u00a350m.The network is expected to be switched off long before its licence expires in 2005. </p> <p>BT's pre-tax quarterly profits fell from \u00a3858m to \u00a3651m.</p>",
      "newspaperPageNumber": "25",
      "wordcount": "516",
      "commentable": "false",
      "isPremoderated": "false",
      "lastModified": "2001-12-12T00:00:00Z",
      "newspaperEditionDate": "2000-02-03T00:00:00Z",
      "productionOffice": "UK",
      "publication": "theguardian.com",
      "shortUrl": "https://gu.com/p/326g",
      "shouldHideAdverts": "false",
      "showInRelatedContent": "true",
      "legallySensitive": "false",
      "lang": "en",
      "bodyText": "British Telecom stunned the markets and its own staff yesterday when it announced a drop in profits and sweeping job cuts. The market reacted adversely to the news by marking the group's shares down by more than 17%, reducing its stock market value by \u00a313bn to \u00a363.5bn. The company said it plans to shed 3,000 middle managers over the next nine months in an attempt to reduce the costs of its traditional UK phone business. The decision to axe one in 10 of its management jobs followed a 6% slump in third-quarter profits. Sir Peter Bonfield, BT chief executive, said the job cuts, which will be achieved through a voluntary redundancy programme, will cost \u00a3340m but are designed to save \u00a3140m annually. BT blamed the downturn on reduced margins as a result of competition in the UK fixed-line market, and on higher wage costs. During the past nine months the BT workforce has grown by 13,000 to 137,700 largely as a result of acquisitions and the switching of agency staff to the company payroll. However, 5,200 extra people were taken on to cope with increased demand for the group's mobile and internet services, and to prepare new products. BT, which has shed 120,000 jobs over the past 10 years, is expecting further - although more modest - job cuts in the next few years. Sir Peter said that mobile, internet and overseas ventures such as Japan Telecom and Viag Intercom were the fastest-growing sectors of the business. He added that the group was likely to be more active in increasing its stakes in its overseas ventures when the opportunity occurred. At present it is a minority shareholder in most cases. Third-quarter turnover rose 19% to \u00a35.58bn while underlying operating profit fell 6% to \u00a3817m. Robert Brace, BT's finance director, said he expected a similar operating profit during the fourth quarter. Sir Peter said the group was in a state of transition, with the setting up of its international calls joint venture with the US group AT&amp;T, the shift towards more mobile, internet and data services, and the introduction of its ADSL broadband network. BT Cellnet, the mobile phone business now fully owned by BT, added 1m customers during the quarter, taking its subscriber base to nearly 7m. In addition, the turnover of the mobile communications division was boosted by contributions from the Martin Dawes and DX Communications businesses acquired last year. Turnover of the fixed network in the UK was hit by continuing price reductions, including the Oftel-imposed 25% cut in the cost of calls from fixed to mobile phones. The number of BT residential lines fell by 100,000 to 20m, although this was offset by a rise of 600,000 in the number of business lines and continued growth in the number of second lines. BT is expecting to write down the value of BT Cellnet's analogue network by about \u00a350m.The network is expected to be switched off long before its licence expires in 2005. BT's pre-tax quarterly profits fell from \u00a3858m to \u00a3651m.",
      "charCount": "2966"
    },
    "isHosted": false,
    "pillarId": "pillar/news",
    "pillarName": "News"
  }
]