[
  {
    "id": "money/2000/jul/08/business.personalfinancenews",
    "type": "article",
    "sectionId": "money",
    "sectionName": "Money",
    "webPublicationDate": "2000-07-07T23:00:00Z",
    "webTitle": "House prices begin to slide",
    "webUrl": "https://www.theguardian.com/money/2000/jul/08/business.personalfinancenews",
    "apiUrl": "https://content.guardianapis.com/money/2000/jul/08/business.personalfinancenews",
    "fields": {
      "headline": "House prices begin to slide",
      "standfirst": "London, which led the country into boom, leads the way out with falls of 2.4%",
      "trailText": "<p>Average house prices in Britain are at a standstill for the first time in five years and have begun sliding in London, Scotland and Yorkshire, the Halifax said yesterday.\n</p>",
      "byline": "Patrick Collinson",
      "main": "",
      "body": "<p>Average house prices in Britain are at a standstill for the first time in five years and have begun sliding in London, Scotland and Yorkshire, the Halifax said yesterday. </p> <p>London, which led the country into a boom, is now leading the way out with a 2.4% fall in house prices over the past three months. The average price in the capital has fallen by more than \u00a31,000 per month from \u00a3148,672 at the end of March to \u00a3145,104 at the end of June.</p> <p>Nationally, house prices were unchanged in the second quarter of the year, the first time that prices have not risen since the third quarter of 1995. But the sharp rises earlier this year mean that the average house price, \u00a384,422, is still 11.3% ahead of a year ago.</p> <p>Four successive interest rate rises and the abolition of mortgage tax relief have caused the market to grind to a halt, according to Halifax. \"It now looks likely that the first quarter of the year marked the peak in the current housing market cycle,\" said group economist Martin Ellis.</p> <p>However, the Halifax figures highlight continuing \"hot spots\" and \"cold spots\" across Britain. Scotland showed the biggest fall, down 5.9% over the past three months, in contrast to the south east of England outside London, where prices rose 4.5%.</p> <p>Halifax now expects prices to remain broadly flat for the rest of this year, but adds that in certain hot spots, there is a significant risk of further price falls. But it rules out another property crash. \"The economy is still doing well and there aren't the conditions for a crash. Prices nationally have not gone up far enough for them to fall back much,\" said Mr Ellis.</p> <p>The Royal Institution of Chartered Surveyors two weeks ago forecast that prices in London will decline slightly over the next three months.</p> <p>In a remarkably rapid turnaround, queues of buyers have been replaced by a surge of property for sale. \"Earlier this year we had three or four buyers fighting over every property and sales had to be agreed in a couple of hours,\" says Guy Foster, an agent for Friend &amp; Falcke in Clapham, formerly one of the hottest of London hot spots.</p> <p>\"Now I've got twice as much property on the books as I would expect for this time of the year, and more than we've had for several years.\" Prices in Clapham are down by between 5-10% from their peak earlier in the year, he said.</p> <p>In London's prime residential areas, prices levelled out some time ago. In Primrose Hill, where four-bedroomed Victorian terraces have jumped in value from an average of \u00a3700,000 two years ago to \u00a31.2m, today, local estate agent David Birkett said: \"Prices started to plateau out last summer. My guess is that they will remain level for the rest of the year. They simply can't go any higher because no one can afford it - they haven't got these sort of rises in their salaries.\"</p> <p>But \"gazundering\" - buyers demanding price cuts just before completing a purchase - has yet to be felt, say estate agents. \"Buyers are a lot more cautious, but gazundering hasn't crept back yet. There's still healthy demand and we are certainly not in a property meltdown,\" said Mr Foster.</p> <p>But while affordability limits have been reached in London, Halifax blames the high level of sterling and the squeeze on manufacturing industry for price falls elsewhere.</p> <p>\"The fall in prices in London appears to have been largely caused by the preceding period of sharply rising prices, which has made it increasingly difficult for potential purchasers to enter the market.</p> <p>\"The falls elsewhere may re flect the difficulties that manufacturers are experiencing, largely as a result of the high level of sterling. The current weakness of the manufacturing sector is acting as a significant drag on the economies of many of those regions outside the south of England,\" said Halifax's Mr Ellis.</p> <p>Price falls are a big threat to the viability of brownfield de velopments in urban areas, the House Builders Federation warned yesterday.</p> <p>\"With brownfield sites there is such a fine line between what's financially viable and what's not. Price falls will put a lot of urban regeneration projects at extreme risk,\" said a spokesman, who added that visits by buyers to new developments are down.</p>",
      "newspaperPageNumber": "25",
      "wordcount": "734",
      "commentable": "false",
      "isPremoderated": "false",
      "lastModified": "2001-12-12T00:00:00Z",
      "newspaperEditionDate": "2000-07-08T00:00:00Z",
      "productionOffice": "UK",
      "publication": "theguardian.com",
      "shortUrl": "https://gu.com/p/3a9c",
      "shouldHideAdverts": "false",
      "showInRelatedContent": "true",
      "legallySensitive": "false",
      "lang": "en",
      "bodyText": "Average house prices in Britain are at a standstill for the first time in five years and have begun sliding in London, Scotland and Yorkshire, the Halifax said yesterday. London, which led the country into a boom, is now leading the way out with a 2.4% fall in house prices over the past three months. The average price in the capital has fallen by more than \u00a31,000 per month from \u00a3148,672 at the end of March to \u00a3145,104 at the end of June. Nationally, house prices were unchanged in the second quarter of the year, the first time that prices have not risen since the third quarter of 1995. But the sharp rises earlier this year mean that the average house price, \u00a384,422, is still 11.3% ahead of a year ago. Four successive interest rate rises and the abolition of mortgage tax relief have caused the market to grind to a halt, according to Halifax. \"It now looks likely that the first quarter of the year marked the peak in the current housing market cycle,\" said group economist Martin Ellis. However, the Halifax figures highlight continuing \"hot spots\" and \"cold spots\" across Britain. Scotland showed the biggest fall, down 5.9% over the past three months, in contrast to the south east of England outside London, where prices rose 4.5%. Halifax now expects prices to remain broadly flat for the rest of this year, but adds that in certain hot spots, there is a significant risk of further price falls. But it rules out another property crash. \"The economy is still doing well and there aren't the conditions for a crash. Prices nationally have not gone up far enough for them to fall back much,\" said Mr Ellis. The Royal Institution of Chartered Surveyors two weeks ago forecast that prices in London will decline slightly over the next three months. In a remarkably rapid turnaround, queues of buyers have been replaced by a surge of property for sale. \"Earlier this year we had three or four buyers fighting over every property and sales had to be agreed in a couple of hours,\" says Guy Foster, an agent for Friend &amp; Falcke in Clapham, formerly one of the hottest of London hot spots. \"Now I've got twice as much property on the books as I would expect for this time of the year, and more than we've had for several years.\" Prices in Clapham are down by between 5-10% from their peak earlier in the year, he said. In London's prime residential areas, prices levelled out some time ago. In Primrose Hill, where four-bedroomed Victorian terraces have jumped in value from an average of \u00a3700,000 two years ago to \u00a31.2m, today, local estate agent David Birkett said: \"Prices started to plateau out last summer. My guess is that they will remain level for the rest of the year. They simply can't go any higher because no one can afford it - they haven't got these sort of rises in their salaries.\" But \"gazundering\" - buyers demanding price cuts just before completing a purchase - has yet to be felt, say estate agents. \"Buyers are a lot more cautious, but gazundering hasn't crept back yet. There's still healthy demand and we are certainly not in a property meltdown,\" said Mr Foster. But while affordability limits have been reached in London, Halifax blames the high level of sterling and the squeeze on manufacturing industry for price falls elsewhere. \"The fall in prices in London appears to have been largely caused by the preceding period of sharply rising prices, which has made it increasingly difficult for potential purchasers to enter the market. \"The falls elsewhere may re flect the difficulties that manufacturers are experiencing, largely as a result of the high level of sterling. The current weakness of the manufacturing sector is acting as a significant drag on the economies of many of those regions outside the south of England,\" said Halifax's Mr Ellis. Price falls are a big threat to the viability of brownfield de velopments in urban areas, the House Builders Federation warned yesterday. \"With brownfield sites there is such a fine line between what's financially viable and what's not. Price falls will put a lot of urban regeneration projects at extreme risk,\" said a spokesman, who added that visits by buyers to new developments are down.",
      "charCount": "4181"
    },
    "isHosted": false,
    "pillarId": "pillar/lifestyle",
    "pillarName": "Lifestyle"
  },
  {
    "id": "uk/2000/jul/07/maevkennedy",
    "type": "article",
    "sectionId": "uk-news",
    "sectionName": "UK news",
    "webPublicationDate": "2000-07-07T00:53:18Z",
    "webTitle": "Titian purchase",
    "webUrl": "https://www.theguardian.com/uk/2000/jul/07/maevkennedy",
    "apiUrl": "https://content.guardianapis.com/uk/2000/jul/07/maevkennedy",
    "fields": {
      "headline": "Titian purchase",
      "standfirst": "Ashmolean pays record \u00a32.5m",
      "trailText": "The Ashmolean Museum in Oxford has paid a record price of just under &#163;2.5m for a portrait by Titian at the Christie's auction of old masters from the Wernher collection.",
      "byline": "Maev Kennedy",
      "main": "",
      "body": "The Ashmolean Museum in Oxford has paid a record price of just under \u00a32.5m for a portrait by Titian at the Christie's auction of old masters from the Wernher collection. <p>The sombre but sumptuous painting of a Genoese merchant was one of many stars in the collection accumulated by Sir Julius Wernher in the late 19th century when South African diamonds made him one of the richest men in the world. </p> <p>The collection was at the centre of a family saga of tragedy and financial disaster. It was housed in Luton Hoo, the stately home in Bedfordshire which Sir Julius bought and spent a fortune renovating to entertain royalty. The house was opened to the public in 1950, but has since been sold to be a luxury hotel. </p> <p>Its furnishings and much of the art collection have been scattered at auction since 1991 when the heir, Nicholas Phillips, a godson of the Duke of Edinburgh, was found dead in his car after running up debts. </p> <p>At the Ashmolean, the oldest public museum in the world, Christopher Brown, the director, said he was thrilled to get the half length portrait of Giacomo di Agostino Doria, who was living in Venice in the 1530s when Titian painted him. </p> <p>\"Although we already have an important group of Venetian 16th century paintings, there has been nothing until now by Titian, the most important of them all,\" Dr Brown said. </p> <p>The museum bought it with large grants from the heritage lottery fund and the independent arts charity, the National Art Collections Fund, and funds raised in memory of Francis Haskell, professor of history of art at Oxford and a trustee of the museum, who died this year. </p> <p>Dr Brown regarded several comments yesterday urging him to take care of his treasure as in extremely poor taste. The Ashmolean was mortified to be the victim of an audacious theft at New Year's Eve, when thieves cut a C\u00e9zanne, valued at \u00a33m, from its frame. It has not been recovered.</p>",
      "newspaperPageNumber": "4",
      "wordcount": "335",
      "commentable": "false",
      "isPremoderated": "false",
      "lastModified": "2000-07-07T00:53:18Z",
      "newspaperEditionDate": "2000-07-07T00:00:00Z",
      "productionOffice": "UK",
      "publication": "theguardian.com",
      "shortUrl": "https://gu.com/p/neex",
      "shouldHideAdverts": "false",
      "showInRelatedContent": "true",
      "legallySensitive": "false",
      "lang": "en",
      "bodyText": "The Ashmolean Museum in Oxford has paid a record price of just under \u00a32.5m for a portrait by Titian at the Christie's auction of old masters from the Wernher collection. The sombre but sumptuous painting of a Genoese merchant was one of many stars in the collection accumulated by Sir Julius Wernher in the late 19th century when South African diamonds made him one of the richest men in the world. The collection was at the centre of a family saga of tragedy and financial disaster. It was housed in Luton Hoo, the stately home in Bedfordshire which Sir Julius bought and spent a fortune renovating to entertain royalty. The house was opened to the public in 1950, but has since been sold to be a luxury hotel. Its furnishings and much of the art collection have been scattered at auction since 1991 when the heir, Nicholas Phillips, a godson of the Duke of Edinburgh, was found dead in his car after running up debts. At the Ashmolean, the oldest public museum in the world, Christopher Brown, the director, said he was thrilled to get the half length portrait of Giacomo di Agostino Doria, who was living in Venice in the 1530s when Titian painted him. \"Although we already have an important group of Venetian 16th century paintings, there has been nothing until now by Titian, the most important of them all,\" Dr Brown said. The museum bought it with large grants from the heritage lottery fund and the independent arts charity, the National Art Collections Fund, and funds raised in memory of Francis Haskell, professor of history of art at Oxford and a trustee of the museum, who died this year. Dr Brown regarded several comments yesterday urging him to take care of his treasure as in extremely poor taste. The Ashmolean was mortified to be the victim of an audacious theft at New Year's Eve, when thieves cut a C\u00e9zanne, valued at \u00a33m, from its frame. It has not been recovered.",
      "charCount": "1886"
    },
    "isHosted": false,
    "pillarId": "pillar/news",
    "pillarName": "News"
  },
  {
    "id": "news/2000/jul/07/simontisdall.guardiananalysispage",
    "type": "article",
    "sectionId": "news",
    "sectionName": "News",
    "webPublicationDate": "2000-07-07T00:53:15Z",
    "webTitle": "Fox should not count his chickens",
    "webUrl": "https://www.theguardian.com/news/2000/jul/07/simontisdall.guardiananalysispage",
    "apiUrl": "https://content.guardianapis.com/news/2000/jul/07/simontisdall.guardiananalysispage",
    "fields": {
      "headline": "Fox should not count his chickens",
      "standfirst": "The new Mexican president has a string of ambitious reform programmes - but it will not necessarily be easy to put them into practice<BR><A HREF=\"http://www.guardianunlimited.co.uk/more_about/0,5167,339280,00.html\">More about the Mexican presidential election</A>",
      "trailText": "The Mexican elections, which this week brought to an end 71 years of rule by the Institutional Revolutionary party (PRI), confirm a steady trend towards democracy and pluralism in Latin America. Despite allegations of fraud in the presidential poll in Peru and coup attempts in Ecuador and Paraguay earlier this year, all 35 members of the Organisation of American States, except Cuba, are now run by popularly elected leaders.",
      "byline": "Simon Tisdall",
      "main": "",
      "body": "The Mexican elections, which this week brought to an end 71 years of rule by the Institutional Revolutionary party (PRI), confirm a steady trend towards democracy and pluralism in Latin America. Despite allegations of fraud in the presidential poll in Peru and coup attempts in Ecuador and Paraguay earlier this year, all 35 members of the Organisation of American States, except Cuba, are now run by popularly elected leaders. <p>The Mexican presidential and congressional contests, won by the centre-right Na tional Action Party (PAN), underlined another pan- regional phenomenon: growing confidence in open markets in countries once wedded to central control and state monopoly. </p> <p>Chile, which this year elected Ricardo Lagos as its first left-of-centre president since Salvador Allende, was first to open up. Argentina and Brazil have followed suit. Their path to greater prosperity has been far from smooth, dogged by job losses, a widening gap between rich and poor, and recession, from which all three are only now emerging. But there is no sign of a concerted return to the old ways. </p> <p>Vicente Fox, Mexico's president-elect, is in the van of the new thinking. He has promised deregulation, competition, fiscal discipline and a balanced budget, together with an ambitious social agenda that includes a pledge to double education spending, increase subsidies for farmers, and build health clinics. </p> <p>Inevitably, perhaps, Mr Fox's aspirations have been dubbed a \"Mexican third way\". He is an ardent supporter of the North American Free Trade Agreement (Nafta) which links Mexico with the US and Canada. Nafta is the model for the Clinton administration's ambition of building a global trading system in America's own image. </p> <p>Mr Fox predicts sustained annual growth of 7% (annual GDP growth was in fact 7.9% in the first quarter of this year); the creation of new jobs at the rate of 1.35m a year; new foreign investment and re-investment of profits by international companies already operating in Mexico; and the boosting of federal and state revenues by reducing tax evasion. It is a tall order. The distance Mexico needs to travel is shown in the chart - its GDP per head is under a third of that of the the US. Some economists fear the economy may overheat if growth continues at present levels. If Mr Fox puts his spending programmes into effect, they say, they will push up wage and price inflation (which after a long battle has been contained at an annual rate of about 10%). </p> <p>Others predict the very opposite. Mexico depends for a third of its export income on oil. A sudden dip in its international price, an unexpected \"hard landing\" by the American economy or a crisis in investor and money market confidence (leading to a crash such as that which confronted President Ernesto Zedillo before he took office in 1994) could end Mr Fox's honeymoon almost before it has begun. </p> <p>Such worries are not far-fetched. A lot could go wrong before Mr Fox is inaugurated on December 1; and the willingness of the PRI to facilitate a smooth transition of power has yet to be demon strated in practice. Nor is the PAN likely to have things all its own way politically. Despite losing the presidency, the PRI may have sufficient congressional seats, when combined with those of smaller parties, to block the constitutional and structural reforms that are the crux of Mr Fox's legislative programme. The PRI retains control of half the country's 32 state governorships and numerous municipalities. </p> <p>Mr Fox also has to contend with the 3.5m-strong federal bureaucracy. Many officials owe their livelihoods to PRI patronage and cronyism. Then there are the public sector trade unions, worried about jobs and wages. </p> <p>All the same, in the battles that lie ahead, Mr Fox has a powerful ally in the US, to which Mexico sends 90% of its exports. That bilateral trading relationship is worth nearly $300bn annually. Apparently unfazed by historical and nationalist concerns about Mexico's independence from its domineering neighbour, Mr Fox seems keen to cement the relationship. And in the White House, on Capitol Hill, and on Wall Street, amid warm applause for his electoral success, the feeling is fully reciprocated. </p> <p>The reasons for American enthusiasm are straightforward enough. In the state department's global view, democracy and free trade are the new credo for a post-ideological world. This has been Washington's consistent message to Latin America since Bill Clinton took office in 1993. It is unlikely to change, whoever succeeds him. And Mr Fox is speaking America's language. </p> <p>In Nafta, the US has a blueprint for the sort of economic-strategic relationships it wishes to build elsewhere, not just more widely in Latin America but also, for example, in east Asia. Mr Fox not only backs Nafta, he wants to expand and deepen the treaty. One reason is to resolve the problem of migrant Mexican workers who cross the border to work illegally in the US. </p> <p>Mr Fox's pledges to balance the budget and to deregulate or liberalise public sector industries such as oil, electricity and petrochemicals are music to the ears of American investment bankers. He has also com mitted himself to a sweeping reorganisation of Mexican federal law enforcement - which amounts to an oblique admission that American complaints about official connivance in drug-trafficking have been justified. </p> <p>The president-elect even announced this week that he will travel to the US to consult Mr Clinton and both his would-be successors, Al Gore and George W Bush, before he embarks on his own grand crusade. From the perspective of Washington DC, Mr Fox combines sound democratic credentials, political can-do and the correct economic instincts. It is a perfect mix. Whether it will serve equally well the interests of the Mexican people, to whom he has promised so much, so quickly, is far less certain. </p> <p> <a href=\"mailto:simon.tisdall@theguardian.com\">simon.tisdall@theguardian.com</a></p>",
      "newspaperPageNumber": "21",
      "wordcount": "971",
      "commentable": "false",
      "isPremoderated": "false",
      "lastModified": "2000-07-07T00:53:15Z",
      "newspaperEditionDate": "2000-07-07T00:00:00Z",
      "productionOffice": "UK",
      "publication": "theguardian.com",
      "shortUrl": "https://gu.com/p/gpdx",
      "shouldHideAdverts": "false",
      "showInRelatedContent": "true",
      "legallySensitive": "false",
      "lang": "en",
      "bodyText": "The Mexican elections, which this week brought to an end 71 years of rule by the Institutional Revolutionary party (PRI), confirm a steady trend towards democracy and pluralism in Latin America. Despite allegations of fraud in the presidential poll in Peru and coup attempts in Ecuador and Paraguay earlier this year, all 35 members of the Organisation of American States, except Cuba, are now run by popularly elected leaders. The Mexican presidential and congressional contests, won by the centre-right Na tional Action Party (PAN), underlined another pan- regional phenomenon: growing confidence in open markets in countries once wedded to central control and state monopoly. Chile, which this year elected Ricardo Lagos as its first left-of-centre president since Salvador Allende, was first to open up. Argentina and Brazil have followed suit. Their path to greater prosperity has been far from smooth, dogged by job losses, a widening gap between rich and poor, and recession, from which all three are only now emerging. But there is no sign of a concerted return to the old ways. Vicente Fox, Mexico's president-elect, is in the van of the new thinking. He has promised deregulation, competition, fiscal discipline and a balanced budget, together with an ambitious social agenda that includes a pledge to double education spending, increase subsidies for farmers, and build health clinics. Inevitably, perhaps, Mr Fox's aspirations have been dubbed a \"Mexican third way\". He is an ardent supporter of the North American Free Trade Agreement (Nafta) which links Mexico with the US and Canada. Nafta is the model for the Clinton administration's ambition of building a global trading system in America's own image. Mr Fox predicts sustained annual growth of 7% (annual GDP growth was in fact 7.9% in the first quarter of this year); the creation of new jobs at the rate of 1.35m a year; new foreign investment and re-investment of profits by international companies already operating in Mexico; and the boosting of federal and state revenues by reducing tax evasion. It is a tall order. The distance Mexico needs to travel is shown in the chart - its GDP per head is under a third of that of the the US. Some economists fear the economy may overheat if growth continues at present levels. If Mr Fox puts his spending programmes into effect, they say, they will push up wage and price inflation (which after a long battle has been contained at an annual rate of about 10%). Others predict the very opposite. Mexico depends for a third of its export income on oil. A sudden dip in its international price, an unexpected \"hard landing\" by the American economy or a crisis in investor and money market confidence (leading to a crash such as that which confronted President Ernesto Zedillo before he took office in 1994) could end Mr Fox's honeymoon almost before it has begun. Such worries are not far-fetched. A lot could go wrong before Mr Fox is inaugurated on December 1; and the willingness of the PRI to facilitate a smooth transition of power has yet to be demon strated in practice. Nor is the PAN likely to have things all its own way politically. Despite losing the presidency, the PRI may have sufficient congressional seats, when combined with those of smaller parties, to block the constitutional and structural reforms that are the crux of Mr Fox's legislative programme. The PRI retains control of half the country's 32 state governorships and numerous municipalities. Mr Fox also has to contend with the 3.5m-strong federal bureaucracy. Many officials owe their livelihoods to PRI patronage and cronyism. Then there are the public sector trade unions, worried about jobs and wages. All the same, in the battles that lie ahead, Mr Fox has a powerful ally in the US, to which Mexico sends 90% of its exports. That bilateral trading relationship is worth nearly $300bn annually. Apparently unfazed by historical and nationalist concerns about Mexico's independence from its domineering neighbour, Mr Fox seems keen to cement the relationship. And in the White House, on Capitol Hill, and on Wall Street, amid warm applause for his electoral success, the feeling is fully reciprocated. The reasons for American enthusiasm are straightforward enough. In the state department's global view, democracy and free trade are the new credo for a post-ideological world. This has been Washington's consistent message to Latin America since Bill Clinton took office in 1993. It is unlikely to change, whoever succeeds him. And Mr Fox is speaking America's language. In Nafta, the US has a blueprint for the sort of economic-strategic relationships it wishes to build elsewhere, not just more widely in Latin America but also, for example, in east Asia. Mr Fox not only backs Nafta, he wants to expand and deepen the treaty. One reason is to resolve the problem of migrant Mexican workers who cross the border to work illegally in the US. Mr Fox's pledges to balance the budget and to deregulate or liberalise public sector industries such as oil, electricity and petrochemicals are music to the ears of American investment bankers. He has also com mitted himself to a sweeping reorganisation of Mexican federal law enforcement - which amounts to an oblique admission that American complaints about official connivance in drug-trafficking have been justified. The president-elect even announced this week that he will travel to the US to consult Mr Clinton and both his would-be successors, Al Gore and George W Bush, before he embarks on his own grand crusade. From the perspective of Washington DC, Mr Fox combines sound democratic credentials, political can-do and the correct economic instincts. It is a perfect mix. Whether it will serve equally well the interests of the Mexican people, to whom he has promised so much, so quickly, is far less certain. simon.tisdall@theguardian.com",
      "charCount": "5890"
    },
    "isHosted": false,
    "pillarId": "pillar/news",
    "pillarName": "News"
  },
  {
    "id": "theguardian/2000/jul/07/features11.g2",
    "type": "article",
    "sectionId": "global",
    "sectionName": "Global",
    "webPublicationDate": "2000-07-07T00:53:15Z",
    "webTitle": "Play it again, Spam",
    "webUrl": "https://www.theguardian.com/theguardian/2000/jul/07/features11.g2",
    "apiUrl": "https://content.guardianapis.com/theguardian/2000/jul/07/features11.g2",
    "fields": {
      "headline": "Play it again, Spam",
      "standfirst": "As a new recipe book dedicated to Spam hits the shelves,  Matthew Fort  traces the history and considers the future of the luncheon meat that was once looked on as a delicacy",
      "trailText": "As a new recipe book dedicated to Spam hits the shelves,  Matthew Fort  traces the history and considers the future of the luncheon meat that was once looked on as a delicacy",
      "main": "",
      "body": "Somewhere between sole Colbert and steak Diane, some time between the plenty of pre-1930 and the grossery of the 1960s, came Spam. Spam rescued the nation from wartime austerity and the dreariness of rationing - from Woolton pie, corned beef rissoles, savoury tripe, from casserole and smothered sausages. Spam, pink and porky and glorious in its trim, sensible tin, was the definition of American culinary technology. <p>As Marguerite Patten, whose recipes helped Britons through the war and years of postwar rationing (food was rationed until 1954), writes in the introduction to Spam, the Cookbook: \"You can imagine the enthusiasm that greeted extra meat in the form of canned Spam. It was a really meaty luncheon meat. Each can contained a high percentage of pork and so it was a highly nutritious source of protein.\" In fact, Spam was - is - a quality product: 90% ham and pork, which is rather more than virtually all British sausages. </p> <p>Whatever its pedigree, sadly, Spam today is the acme of all that is uncool about food. \"It's a long, long time since I looked Spam in the face,\" says Rowley Leigh, the chef of Kensington Place. Lindsay Bareham of the Evening Standard claims to be ravaged by memories of \"pink slices like dog's tongues served up with pickled beetroot, by nuns\". \"Worth eating,\" admits Shaun Hill, chef/proprietor of the Michelin-starred Merchant House in Ludlow, \"but not worth buying.\" Food and Drink Programme favourite Antony Worrall Thompson confesses to being a Spam fan and to having a case of the stuff in his kitchen. He stoutly defends the qualities of Spam fritters, but even he is forced to admit that Spam is a bit of a cult, which means that it doesn't exactly have a mass following. </p> <p>Spam may have its own website and its tins may be collectors' items. It may also have its place in social history and be part of the gastro-tribal memory, but the truth is that it is now seen as irredeemably low-rent, best fitted as bait for barbel and carp. \"Spam, Spam, Spam, lovely Spam,\" sang the Monty Python crew in a paean of satirical irony, \"wonderful, lovely Spam... superlative Spam, surgical Spam, splendiferous Spam.\" </p> <p>But during and after the war, Spam was popular. It was a luxury. Spam, it has to be said, was the balsamic vinegar and extra-virgin olive oil of its day; the dernier cri , if not of fine dining, then certainly of everyday staples. Spam was the symbol of everything we couldn't produce or get hold of. \"It was,\" says my mother, who remembers the high days of Spam with affection, \"a godsend. The only other tinned meat of any quality was Argentinian corned beef, and we went off that when a number of people were poisoned by it. Of course, it was only any good when it was made in the USA. The quality deteriorated when they started making it here.\" </p> <p>\"Innovate - don't imitate\" was the motto of George A Hormel, founder of the company that makes Spam to this day. It was a motto that his son, Jay, took seriously when developing Spam in the 30s. It was the time of the depression, of bread queues and dust bowls, Bonnie and Clyde and the New Deal. The high-quality luncheon meat envisaged by Jay Hormel was part of a kind of culinary New Deal. He wanted to harness cutting-edge canning technology to produce a practical staple for domestic kitchens. </p> <p>By late 1936 Hormel had the product and the production line, but he didn't have a name. Chopped ham lacked magic. Pork luncheon meat didn't trip off the tongue. So he organised a new year's party in 1937 to help find a name. Each guest would be entitled to one drink for each name they suggested, with a prize of $100 for the winner. The lucky guest was Kenneth Daigneau, middle-ranking actor and brother of a Hormel vice-president. Spam was short, sharp, easy on the tongue, and it accurately described the contents of the tin. In retrospect, Daigneau may have felt that he undersold his brainwave. </p> <p>So, in May 1937, cans of Spam began rolling off the production line in Spam City, better known as Austin, Minnesota, and into history. In some ways Spam was the beneficiary of burgeoning commercial television: Hormel exploited the potential of TV advertisements to promote his \"baby\". Spam became the first product to have its own advertising jingle, borrowed from the tune of My Bonnie Lies Over the Ocean, and to have its own star endorsement, when George Burns and Gracie Allen were signed up to promote it. </p> <p>While Spam was well established in America by 1939, it was the war that propelled the product to international stardom. Sales of Spam doubled between 1939 and 1942. By 1944, 90% of all Hormel products were exported. Spam was the staple that Uncle Sam used to feed his own armies (to the extent that American soldiers began to complain about being over-Spammed) and was also sent to keep his European allies in fighting shape. \"Without Spam we wouldn't have been able to feed the army,\" said Nikita Khrushchev. </p> <p>But it was in Britain that Spam became the biggest hit. Meat was rationed by price to one or two shillings' worth per week. The bacon ration fluctuated between 4oz and 8oz per week, the ration for fats, including butter, marge and lard and cheese between 1oz and 8oz a week, with 8oz to 1lb of sugar and 2oz to 4oz of tea. As George Orwell wrote in 1942, \"War and the consequent abandonment of imports tend to reduce us to the natural diet of these islands, which is healthy but rather dull.\" </p> <p>Into this sea of universal deprivation was lobbed Spam. Small wonder people like my mother took to it, making sandwiches with it, fritters, Spam rarebits, and baking it with cloves, brown sugar, mustard and vinegar. Spam is both an inspiration and a challenge, as Patten's recipes make clear. Spam and mushroom ramekins, Spam caesar salad, Spam crostini, deep Spam pizza, Spam and fruit stir-fry and even Spam goulash reflect its versatility, if not an unerring sense of taste. </p> <p> When all's said and done, however, there's no use pretending that Spam is likely to achieve its former glory in the pantheon of the pantry. There may have been 5bn cans of the stuff sold by 1994 - enough to circle the globe 10 times; it may even still be big in Hawaii, where they eat four cans per head per year. But the day of meat pastes and canned meat products in polite society is gone, elbowed aside by vulgar newcomers - salamis and plastic packed exotic hams, vacuum-packed sausages and cooked/chilled conveniences. </p> <p>Nevertheless, there will always be some kitchen cupboards where the can of Spam will nestle alongside the Bird's custard, Heinz baked beans and Nestl\u00e9's condensed milk, ready to be fetched down in times of stress and suffering. </p> <p>\u0095 The recipes below are taken from Spam: The Cookbook, by Marguerite Patten, published today by Hamlyn, priced \u00a36.99.</p> <p><b>Mmm . . . some serving suggestions</b></p> <p><b> Spam tortilla</b> </p> <p> 1 tbsp olive oil <br> 1 small onion, finely chopped <br> 1 potato, cooked and cut into 5mm dice <br> 125g Spam, cut into 5mm dice <br> 4 large eggs, beaten <br> 25g (2 tbsp) butter <br> 1 tbsp chopped parsley <br> Salt and pepper <br> Snipped chives to garnish </p> <p> <b> 1</b> Heat oil in a 18-20cm pan. Add onion and cook for 5 mins. Add potato and Spam, cook for 3 mins. Tip the mixture into bowl with beaten eggs. Season with salt and pepper, and mix well. </p> <p> <b> 2</b> Heat butter in pan. Add egg mixture and parsley, and cook until firm. Slide tortilla on to a plate, cut into wedges and garnish with chives. </p> <p> <b> Spam scones</b> </p> <p> 250g self-raising flour, or plain flour with 2 tsp baking powder <br> Pinch of salt <br> 25g/2 tbsp butter or margarine <br> 150g Spam cut into 3mm dice <br> 150ml milk, plus extra for glazing </p> <p>Filling: </p> <p>Butter or margarine <br> Spam <br> Tomato and cucumber segments </p> <p> <b> 1</b> Lightly grease a baking sheet or line it with baking parchment. Sift together the salt and flour, or flour and baking powder, in a bowl. Rub in the butter or margarine, add Spam, and enough milk to make a soft, rolling consistency. </p> <p> <b> 2</b> Roll out the dough on a lightly floured board to 1.5cm thick. Cut into small rounds and brush the tops with milk. Place rounds on a baking sheet and bake in a preheated oven to 220C/450F/ Gas Mark 7 for 12-15 mins, until the scones feel firm when pressed at the sides. </p> <p> <b> 3</b> Serve the scones hot with butter. Alternatively, leave them to cool, then split them and spread them with a little butter, slices of Spam and tomato and cucumber.</p>",
      "newspaperPageNumber": "6",
      "wordcount": "1465",
      "commentable": "false",
      "isPremoderated": "false",
      "lastModified": "2017-11-26T05:58:13Z",
      "newspaperEditionDate": "2000-07-07T00:00:00Z",
      "productionOffice": "UK",
      "publication": "The Guardian",
      "shortUrl": "https://gu.com/p/kp2m",
      "shouldHideAdverts": "false",
      "showInRelatedContent": "true",
      "legallySensitive": "false",
      "lang": "en",
      "bodyText": "Somewhere between sole Colbert and steak Diane, some time between the plenty of pre-1930 and the grossery of the 1960s, came Spam. Spam rescued the nation from wartime austerity and the dreariness of rationing - from Woolton pie, corned beef rissoles, savoury tripe, from casserole and smothered sausages. Spam, pink and porky and glorious in its trim, sensible tin, was the definition of American culinary technology. As Marguerite Patten, whose recipes helped Britons through the war and years of postwar rationing (food was rationed until 1954), writes in the introduction to Spam, the Cookbook: \"You can imagine the enthusiasm that greeted extra meat in the form of canned Spam. It was a really meaty luncheon meat. Each can contained a high percentage of pork and so it was a highly nutritious source of protein.\" In fact, Spam was - is - a quality product: 90% ham and pork, which is rather more than virtually all British sausages. Whatever its pedigree, sadly, Spam today is the acme of all that is uncool about food. \"It's a long, long time since I looked Spam in the face,\" says Rowley Leigh, the chef of Kensington Place. Lindsay Bareham of the Evening Standard claims to be ravaged by memories of \"pink slices like dog's tongues served up with pickled beetroot, by nuns\". \"Worth eating,\" admits Shaun Hill, chef/proprietor of the Michelin-starred Merchant House in Ludlow, \"but not worth buying.\" Food and Drink Programme favourite Antony Worrall Thompson confesses to being a Spam fan and to having a case of the stuff in his kitchen. He stoutly defends the qualities of Spam fritters, but even he is forced to admit that Spam is a bit of a cult, which means that it doesn't exactly have a mass following. Spam may have its own website and its tins may be collectors' items. It may also have its place in social history and be part of the gastro-tribal memory, but the truth is that it is now seen as irredeemably low-rent, best fitted as bait for barbel and carp. \"Spam, Spam, Spam, lovely Spam,\" sang the Monty Python crew in a paean of satirical irony, \"wonderful, lovely Spam... superlative Spam, surgical Spam, splendiferous Spam.\" But during and after the war, Spam was popular. It was a luxury. Spam, it has to be said, was the balsamic vinegar and extra-virgin olive oil of its day; the dernier cri , if not of fine dining, then certainly of everyday staples. Spam was the symbol of everything we couldn't produce or get hold of. \"It was,\" says my mother, who remembers the high days of Spam with affection, \"a godsend. The only other tinned meat of any quality was Argentinian corned beef, and we went off that when a number of people were poisoned by it. Of course, it was only any good when it was made in the USA. The quality deteriorated when they started making it here.\" \"Innovate - don't imitate\" was the motto of George A Hormel, founder of the company that makes Spam to this day. It was a motto that his son, Jay, took seriously when developing Spam in the 30s. It was the time of the depression, of bread queues and dust bowls, Bonnie and Clyde and the New Deal. The high-quality luncheon meat envisaged by Jay Hormel was part of a kind of culinary New Deal. He wanted to harness cutting-edge canning technology to produce a practical staple for domestic kitchens. By late 1936 Hormel had the product and the production line, but he didn't have a name. Chopped ham lacked magic. Pork luncheon meat didn't trip off the tongue. So he organised a new year's party in 1937 to help find a name. Each guest would be entitled to one drink for each name they suggested, with a prize of $100 for the winner. The lucky guest was Kenneth Daigneau, middle-ranking actor and brother of a Hormel vice-president. Spam was short, sharp, easy on the tongue, and it accurately described the contents of the tin. In retrospect, Daigneau may have felt that he undersold his brainwave. So, in May 1937, cans of Spam began rolling off the production line in Spam City, better known as Austin, Minnesota, and into history. In some ways Spam was the beneficiary of burgeoning commercial television: Hormel exploited the potential of TV advertisements to promote his \"baby\". Spam became the first product to have its own advertising jingle, borrowed from the tune of My Bonnie Lies Over the Ocean, and to have its own star endorsement, when George Burns and Gracie Allen were signed up to promote it. While Spam was well established in America by 1939, it was the war that propelled the product to international stardom. Sales of Spam doubled between 1939 and 1942. By 1944, 90% of all Hormel products were exported. Spam was the staple that Uncle Sam used to feed his own armies (to the extent that American soldiers began to complain about being over-Spammed) and was also sent to keep his European allies in fighting shape. \"Without Spam we wouldn't have been able to feed the army,\" said Nikita Khrushchev. But it was in Britain that Spam became the biggest hit. Meat was rationed by price to one or two shillings' worth per week. The bacon ration fluctuated between 4oz and 8oz per week, the ration for fats, including butter, marge and lard and cheese between 1oz and 8oz a week, with 8oz to 1lb of sugar and 2oz to 4oz of tea. As George Orwell wrote in 1942, \"War and the consequent abandonment of imports tend to reduce us to the natural diet of these islands, which is healthy but rather dull.\" Into this sea of universal deprivation was lobbed Spam. Small wonder people like my mother took to it, making sandwiches with it, fritters, Spam rarebits, and baking it with cloves, brown sugar, mustard and vinegar. Spam is both an inspiration and a challenge, as Patten's recipes make clear. Spam and mushroom ramekins, Spam caesar salad, Spam crostini, deep Spam pizza, Spam and fruit stir-fry and even Spam goulash reflect its versatility, if not an unerring sense of taste. When all's said and done, however, there's no use pretending that Spam is likely to achieve its former glory in the pantheon of the pantry. There may have been 5bn cans of the stuff sold by 1994 - enough to circle the globe 10 times; it may even still be big in Hawaii, where they eat four cans per head per year. But the day of meat pastes and canned meat products in polite society is gone, elbowed aside by vulgar newcomers - salamis and plastic packed exotic hams, vacuum-packed sausages and cooked/chilled conveniences. Nevertheless, there will always be some kitchen cupboards where the can of Spam will nestle alongside the Bird's custard, Heinz baked beans and Nestl\u00e9's condensed milk, ready to be fetched down in times of stress and suffering. \u0095 The recipes below are taken from Spam: The Cookbook, by Marguerite Patten, published today by Hamlyn, priced \u00a36.99. Mmm . . . some serving suggestions Spam tortilla 1 tbsp olive oil 1 small onion, finely chopped 1 potato, cooked and cut into 5mm dice 125g Spam, cut into 5mm dice 4 large eggs, beaten 25g (2 tbsp) butter 1 tbsp chopped parsley Salt and pepper Snipped chives to garnish 1 Heat oil in a 18-20cm pan. Add onion and cook for 5 mins. Add potato and Spam, cook for 3 mins. Tip the mixture into bowl with beaten eggs. Season with salt and pepper, and mix well. 2 Heat butter in pan. Add egg mixture and parsley, and cook until firm. Slide tortilla on to a plate, cut into wedges and garnish with chives. Spam scones 250g self-raising flour, or plain flour with 2 tsp baking powder Pinch of salt 25g/2 tbsp butter or margarine 150g Spam cut into 3mm dice 150ml milk, plus extra for glazing Filling: Butter or margarine Spam Tomato and cucumber segments 1 Lightly grease a baking sheet or line it with baking parchment. Sift together the salt and flour, or flour and baking powder, in a bowl. Rub in the butter or margarine, add Spam, and enough milk to make a soft, rolling consistency. 2 Roll out the dough on a lightly floured board to 1.5cm thick. Cut into small rounds and brush the tops with milk. Place rounds on a baking sheet and bake in a preheated oven to 220C/450F/ Gas Mark 7 for 12-15 mins, until the scones feel firm when pressed at the sides. 3 Serve the scones hot with butter. Alternatively, leave them to cool, then split them and spread them with a little butter, slices of Spam and tomato and cucumber.",
      "charCount": "8276"
    },
    "isHosted": false
  }
]