[
  {
    "id": "media/2000/dec/21/newmedia.marketingandpr1",
    "type": "article",
    "sectionId": "media",
    "sectionName": "Media",
    "webPublicationDate": "2000-12-21T15:50:34Z",
    "webTitle": "Online travel agent threatens price war",
    "webUrl": "https://www.theguardian.com/media/2000/dec/21/newmedia.marketingandpr1",
    "apiUrl": "https://content.guardianapis.com/media/2000/dec/21/newmedia.marketingandpr1",
    "fields": {
      "headline": "Online travel agent threatens price war",
      "trailText": "<p><strong>3.45pm:</strong>The First Resort has pledged to undercut by \u00a320 any agent offering the same summer holiday, reports <strong>Daniel Rogers</strong>.</p>",
      "byline": "Daniel Rogers",
      "main": "",
      "body": "<p>Online travel agency The First Resort is set to spark a holiday price war in the new year by pledging to undercut by \u00a320 any travel agent offering the same summer holidays.</p> <p>The agency, which has 10m holidays on its database, is trying to boost sales at a time when there is growing scepticism about the online booking market.</p> <p>The First Resort, in which tour operator Thomson owns a 30% share and Channel 5 a minority stake, is deliberately launching the deal in January - the peak holiday booking period.</p> <p>Matthew Prior, The First Resort managing director, said: \"We are looking to shake up the travel market with the first ever price-beating promotion on summer holidays.\"</p> <p>The brand will run heavy TV advertising and programme sponsorship during Channel 5's Christmas Day and Boxing Day schedules. </p> <p>It is believed to be the first time any company has guaranteed to discount every holiday on the market. </p> <p>The company's gamble comes just days after British Airways pulled the plug on Project Quicksilver, its internet portal aimed at Executive Club members. </p> <p>Meanwhile the share price of high-profile leisure brand Lastminute.com continues to fall.</p> <p>Forrester Research said it was downgrading growth in the online travel sector. </p> <p>Analyst Shobhit Kakkar said earlier forecasts of \u00a34bn of online bookings by 2005 were \"over optimistic\". </p> <p>He expected only \u00a3600m of holidays to have been booked online by the end of 2000.</p> <p>Forrester says that while 7% of UK consumers have booked flights online, only 2% have booked holidays in this way.</p> <p>The First Resort said it will undercut like-for-like holidays departing between May and October 2001 and booked by 31 January, by \u00a320 per booking. </p> <p>Despite being branded an online agency, Prior said almost all The First Resort's holidays required a phone call to an operator and that it was now repositioning itself as a 'multi-channel travel agent'.</p>",
      "wordcount": "311",
      "commentable": "false",
      "isPremoderated": "false",
      "lastModified": "2016-08-11T22:48:03Z",
      "newspaperEditionDate": "2000-12-21T00:00:00Z",
      "productionOffice": "UK",
      "publication": "theguardian.com",
      "shortUrl": "https://gu.com/p/3mbj",
      "shouldHideAdverts": "false",
      "showInRelatedContent": "true",
      "legallySensitive": "false",
      "lang": "en",
      "bodyText": "Online travel agency The First Resort is set to spark a holiday price war in the new year by pledging to undercut by \u00a320 any travel agent offering the same summer holidays. The agency, which has 10m holidays on its database, is trying to boost sales at a time when there is growing scepticism about the online booking market. The First Resort, in which tour operator Thomson owns a 30% share and Channel 5 a minority stake, is deliberately launching the deal in January - the peak holiday booking period. Matthew Prior, The First Resort managing director, said: \"We are looking to shake up the travel market with the first ever price-beating promotion on summer holidays.\" The brand will run heavy TV advertising and programme sponsorship during Channel 5's Christmas Day and Boxing Day schedules. It is believed to be the first time any company has guaranteed to discount every holiday on the market. The company's gamble comes just days after British Airways pulled the plug on Project Quicksilver, its internet portal aimed at Executive Club members. Meanwhile the share price of high-profile leisure brand Lastminute.com continues to fall. Forrester Research said it was downgrading growth in the online travel sector. Analyst Shobhit Kakkar said earlier forecasts of \u00a34bn of online bookings by 2005 were \"over optimistic\". He expected only \u00a3600m of holidays to have been booked online by the end of 2000. Forrester says that while 7% of UK consumers have booked flights online, only 2% have booked holidays in this way. The First Resort said it will undercut like-for-like holidays departing between May and October 2001 and booked by 31 January, by \u00a320 per booking. Despite being branded an online agency, Prior said almost all The First Resort's holidays required a phone call to an operator and that it was now repositioning itself as a 'multi-channel travel agent'.",
      "charCount": "1874"
    },
    "isHosted": false,
    "pillarId": "pillar/news",
    "pillarName": "News"
  },
  {
    "id": "society/2000/dec/21/voluntarysector1",
    "type": "article",
    "sectionId": "society",
    "sectionName": "Society",
    "webPublicationDate": "2000-12-21T11:42:09Z",
    "webTitle": "Getting fair price for indigenous remedies",
    "webUrl": "https://www.theguardian.com/society/2000/dec/21/voluntarysector1",
    "apiUrl": "https://content.guardianapis.com/society/2000/dec/21/voluntarysector1",
    "fields": {
      "headline": "Getting fair price for indigenous remedies",
      "trailText": "<p>For centuries traditional healers in Samoa have ground up the stem of the plant Homolanthus acuminatus and steeped it in hot water as a treatment for the yellow fever virus. Recently, the age-old remedy caught the interest of the US National Cancer Institute which took a closer look and found prostratin, a drug with potential for HIV reports <strong>Keith Perry</strong></p>",
      "byline": "Keith Perry",
      "main": "",
      "body": "<p>For centuries traditional healers in Samoa have ground up the stem of the plant Homolanthus acuminatus and steeped it in hot water as a treatment for the yellow fever virus. </p> <p>Recently, the age-old remedy caught the interest of the US National Cancer Institute which took a closer look and found prostratin, a drug with potential for HIV. Bulk samples of the plant were collected and shipped back to the US. </p> <p>Now under development, it has the potential to earn millions as a successful drug for treating viral infections. </p> <p>It might have been a good example of traditional medicine and modern science working hand in hand, with the financial rewards being channelled back to the developing countries which originally shared the medical knowledge of their ancestors. </p> <p>But sadly for the Samoan villagers, there is no record of the American scientists having sought any prior agreement with the Samoan government, local communities or healers for the collection and use of the plant and the associated knowledge. They are unlikely to receive a penny. </p> <p>Now, the world is facing up to the insidious threat of biopiracy whereby prospecters scour fragile habitats for exotic plants. </p> <p>Since 1989 a group of environmental lawyers from a London-based charity, Field, has been seeking to help developing countries to reform the laws and improve their capacity to defend themselves against the scourge of biopiracy. </p> <p>Carolina Lasen Diaz, a Field lawyer, said Field had been focusing on fragile ecosystems such as the Pacific Islands. </p> <p>\"We are working with a regional governmental organisation in the Pacific and WWF to support countries that are trying to regulate access to genetic resources.\" </p> <p>Ms Lasen Diaz says one of the many examples of biotechnology firms taking natural resources out of the country of origin that had led to pharmaceutical applications was kava, a plant found throughout the Pacific and used for 3,000 years for its medicinal properties. </p> <p>Overseas companies keen to cash in on the surge in herbal medicine were quick to seize on kava's appeal. Americans spent $15m (\u00a310m) on kava in 1996 and twice as much in 1997, with the Nutrition Business Journal projecting sales of almost $50m for 1998. But little or no profit is going back to islanders. </p> <p>Ms Lasen Diaz said: \"The big concern is that the commercial benefits that would accrue from the plant or herbal remedy would only go to the drug company and you end up with the product being licensed back to the countries from where it originates.\" </p> <p>Her point was amplified by another recent controversy. One of Africa's oldest tribes, which discovered \"Nature's Prozac\" thousands of years ago, is set to lose out on a multi-million pound deal to market the remedy worldwide. Sceletium, a rare creeper that grows only in the Cape region of South Africa has been used by the San people since prehistoric times for treatment of depression and alcohol and drug dependence. Tribal leaders criticised the Johannesburg drug company Pharma Natura which is selling the patent rights, resentful that they would not profit from the commercial development of their ancestors' discovery. </p> <p>\"This is the kind of situation we are trying to avoid in the South Pacific by ... raising awareness about the relevant legislation and options to protect the Pacific Islands' biodiversity and associated knowledge of their indigenous communities,\" Ms Lasen Diaz said. </p> <p>In 1997, Field established a programme on biodiversity and marine resources to coordinate activities. \"We have worked on a range of issues relating to the objectives of the convention on biological diversity: conservation, sustainable use, and benefit sharing. Now 178 countries have joined.\" </p> <p>Field lawyers hope their work in building the capacity of developing countries to fight their corner in the World Trade Organisation can help to ensure that communities which have been victims of globalisation may instead benefit from it. </p> <p><strong>Action on Disability and Development</strong> helps disabled people in 12 of the poorest countries by assisting them to form self-help organisations and influencing decision makers to invest more in their needs. </p> <p><strong>Refuge</strong> offers a national lifeline for women suffering domestic violence, providing accommodation and emotional support. Its aim is to help women and their children enjoy a future free from physical and emotional abuse. </p> <p><strong>Foundation for International Environmental Law and Development</strong> provides legal advice on environmental issues, often to smaller countries that cannot afford commercial lawyers, to ensure they are fairly represented at international negotiations and conferences. </p> <p><strong>The Place 2 Be</strong> sends specialist counsellors into primary schools to offer emotional and therapeutic support to children who are troubled, unhappy and confused.</p>",
      "wordcount": "756",
      "commentable": "false",
      "isPremoderated": "false",
      "lastModified": "2000-12-22T11:42:09Z",
      "newspaperEditionDate": "2000-12-21T00:00:00Z",
      "productionOffice": "UK",
      "publication": "theguardian.com",
      "shortUrl": "https://gu.com/p/3mah",
      "shouldHideAdverts": "false",
      "showInRelatedContent": "true",
      "legallySensitive": "false",
      "lang": "en",
      "bodyText": "For centuries traditional healers in Samoa have ground up the stem of the plant Homolanthus acuminatus and steeped it in hot water as a treatment for the yellow fever virus. Recently, the age-old remedy caught the interest of the US National Cancer Institute which took a closer look and found prostratin, a drug with potential for HIV. Bulk samples of the plant were collected and shipped back to the US. Now under development, it has the potential to earn millions as a successful drug for treating viral infections. It might have been a good example of traditional medicine and modern science working hand in hand, with the financial rewards being channelled back to the developing countries which originally shared the medical knowledge of their ancestors. But sadly for the Samoan villagers, there is no record of the American scientists having sought any prior agreement with the Samoan government, local communities or healers for the collection and use of the plant and the associated knowledge. They are unlikely to receive a penny. Now, the world is facing up to the insidious threat of biopiracy whereby prospecters scour fragile habitats for exotic plants. Since 1989 a group of environmental lawyers from a London-based charity, Field, has been seeking to help developing countries to reform the laws and improve their capacity to defend themselves against the scourge of biopiracy. Carolina Lasen Diaz, a Field lawyer, said Field had been focusing on fragile ecosystems such as the Pacific Islands. \"We are working with a regional governmental organisation in the Pacific and WWF to support countries that are trying to regulate access to genetic resources.\" Ms Lasen Diaz says one of the many examples of biotechnology firms taking natural resources out of the country of origin that had led to pharmaceutical applications was kava, a plant found throughout the Pacific and used for 3,000 years for its medicinal properties. Overseas companies keen to cash in on the surge in herbal medicine were quick to seize on kava's appeal. Americans spent $15m (\u00a310m) on kava in 1996 and twice as much in 1997, with the Nutrition Business Journal projecting sales of almost $50m for 1998. But little or no profit is going back to islanders. Ms Lasen Diaz said: \"The big concern is that the commercial benefits that would accrue from the plant or herbal remedy would only go to the drug company and you end up with the product being licensed back to the countries from where it originates.\" Her point was amplified by another recent controversy. One of Africa's oldest tribes, which discovered \"Nature's Prozac\" thousands of years ago, is set to lose out on a multi-million pound deal to market the remedy worldwide. Sceletium, a rare creeper that grows only in the Cape region of South Africa has been used by the San people since prehistoric times for treatment of depression and alcohol and drug dependence. Tribal leaders criticised the Johannesburg drug company Pharma Natura which is selling the patent rights, resentful that they would not profit from the commercial development of their ancestors' discovery. \"This is the kind of situation we are trying to avoid in the South Pacific by ... raising awareness about the relevant legislation and options to protect the Pacific Islands' biodiversity and associated knowledge of their indigenous communities,\" Ms Lasen Diaz said. In 1997, Field established a programme on biodiversity and marine resources to coordinate activities. \"We have worked on a range of issues relating to the objectives of the convention on biological diversity: conservation, sustainable use, and benefit sharing. Now 178 countries have joined.\" Field lawyers hope their work in building the capacity of developing countries to fight their corner in the World Trade Organisation can help to ensure that communities which have been victims of globalisation may instead benefit from it. Action on Disability and Development helps disabled people in 12 of the poorest countries by assisting them to form self-help organisations and influencing decision makers to invest more in their needs. Refuge offers a national lifeline for women suffering domestic violence, providing accommodation and emotional support. Its aim is to help women and their children enjoy a future free from physical and emotional abuse. Foundation for International Environmental Law and Development provides legal advice on environmental issues, often to smaller countries that cannot afford commercial lawyers, to ensure they are fairly represented at international negotiations and conferences. The Place 2 Be sends specialist counsellors into primary schools to offer emotional and therapeutic support to children who are troubled, unhappy and confused.",
      "charCount": "4762"
    },
    "isHosted": false,
    "pillarId": "pillar/news",
    "pillarName": "News"
  },
  {
    "id": "technology/2000/dec/21/internetnews.business",
    "type": "article",
    "sectionId": "business",
    "sectionName": "Business",
    "webPublicationDate": "2000-12-21T09:06:19Z",
    "webTitle": "QXL joins the 99% club",
    "webUrl": "https://www.theguardian.com/technology/2000/dec/21/internetnews.business",
    "apiUrl": "https://content.guardianapis.com/technology/2000/dec/21/internetnews.business",
    "fields": {
      "headline": "QXL joins the 99% club",
      "standfirst": "<br /> <a href=\"http://www.guardianunlimited.co.uk/internetnews\">More net news</a>",
      "trailText": "<p>QXL has joined a band of dot.coms which have lost more than 99% of their share price value, reports <strong>John Cassy</strong>.</p>",
      "byline": "John Cassy",
      "main": "",
      "body": "<p>Beleaguered online auctioneer <a href=\"http://www.qxl.com\">QXL Ricardo</a> yesterday received the dubious honour of becoming the first British member of the \"<strong> 99% club</strong> \" - a select band of dot.coms which have seen their share prices lose 99% of their value. </p> <p>The shares slumped a further 24% yesterday to an all time low of 6.5p - compared to a high of 800p eight months ago. They closed at 8.5p. </p> <p>At the height of the internet share-buying frenzy QXL was valued at more than \u00a32bn. Today the loss-making firm is valued at just \u00a362m, less than its available cash of \u00a365 to \u00a370m. </p> <p>Punters who bought \u00a31,000 worth of QXL shares when they were trading at their high would now find they were worth only \u00a37.50. </p> <p>The share certificates in effect would be worthless, because even the cheapest stockbrokers charge between \u00a310 and \u00a315 to carry out a trade, and it would cost money to sell them. </p> <p>\"You'd be better off putting them up for auction on <a href=\"http://www.ebay.com\">eBay</a>\" one analyst quipped. </p> <p>QXL has been a leading member of the 99% club - a growing group of internet stocks that have lost 99% or more of their value. </p> <p>Other members include <a href=\"http://www.WILink.com\">WILink</a> and <a href=\"http://www.billium.com\">Billum</a> in the UK and <a href=\"http://www.CMGI.com\">CMGI</a>, <a href=\"http://www.buy.com\">Buy.com</a> and <a href=\"http://www.agency.com\">Agency.com</a> in the US. </p>",
      "newspaperPageNumber": "24",
      "wordcount": "216",
      "commentable": "false",
      "isPremoderated": "false",
      "lastModified": "2017-02-21T23:40:18Z",
      "newspaperEditionDate": "2000-12-21T00:00:00Z",
      "productionOffice": "UK",
      "publication": "theguardian.com",
      "shortUrl": "https://gu.com/p/x6pg",
      "shouldHideAdverts": "false",
      "showInRelatedContent": "true",
      "legallySensitive": "false",
      "lang": "en",
      "bodyText": "Beleaguered online auctioneer QXL Ricardo yesterday received the dubious honour of becoming the first British member of the \" 99% club \" - a select band of dot.coms which have seen their share prices lose 99% of their value. The shares slumped a further 24% yesterday to an all time low of 6.5p - compared to a high of 800p eight months ago. They closed at 8.5p. At the height of the internet share-buying frenzy QXL was valued at more than \u00a32bn. Today the loss-making firm is valued at just \u00a362m, less than its available cash of \u00a365 to \u00a370m. Punters who bought \u00a31,000 worth of QXL shares when they were trading at their high would now find they were worth only \u00a37.50. The share certificates in effect would be worthless, because even the cheapest stockbrokers charge between \u00a310 and \u00a315 to carry out a trade, and it would cost money to sell them. \"You'd be better off putting them up for auction on eBay\" one analyst quipped. QXL has been a leading member of the 99% club - a growing group of internet stocks that have lost 99% or more of their value. Other members include WILink and Billum in the UK and CMGI, Buy.com and Agency.com in the US.",
      "charCount": "1146"
    },
    "isHosted": false,
    "pillarId": "pillar/news",
    "pillarName": "News"
  },
  {
    "id": "business/2000/dec/21/2",
    "type": "article",
    "sectionId": "business",
    "sectionName": "Business",
    "webPublicationDate": "2000-12-21T01:22:04Z",
    "webTitle": "City briefing",
    "webUrl": "https://www.theguardian.com/business/2000/dec/21/2",
    "apiUrl": "https://content.guardianapis.com/business/2000/dec/21/2",
    "fields": {
      "headline": "City briefing",
      "trailText": "<p><strong> Code targets oil firms</strong><br /> </p>",
      "main": "",
      "body": "<p><strong> Code targets oil firms</strong><br> </p> <p> A joint British-American code of conduct published yesterday says oil and mining companies must take human rights more seriously if they are to avoid controversies such as those faced by BP in Colombia, Shell in Nigeria and Rio Tinto in Papua New Guinea. </p> <p>The guidelines require companies to observe the UN declaration of human rights and similar international codes, to recognise the importance of business in supporting human rights and to be open about their actions and experiences. </p> <p>The new code was issued jointly by the foreign office and the US state department after 18 months of negotiations between companies and campaign groups such as Amnesty International. </p> <p>Oil companies involved include US operators Texaco, Chevron and Conoco as well as Shell and BP from Britain. </p> <p>This is the first time the government has brokered an international code of conduct between companies and non-governmental organisations, and the first British-American co-operation in such a venture. </p> <p>The code aims to prevent human rights abuses in war-torn countries such as Colombia and Burma, where western companies are obliged to employ their own armies or pay state forces for protection. </p> <p><strong> Court clears drugs merger</strong><br> </p> <p>Glaxo Wellcome and SmithKline Beecham cleared the final hurdle in their \u00a3120bn merger yesterday, as the high court approved the creation of new shares in the combined company. </p> <p>The merged firm will begin trading on Wednesday. It will be the world's largest drugs group, and the second biggest company in the FTSE 100, behind Vodafone. </p> <p>The deal has taken almost a year to complete because of lengthy negotiations with the US Federal Trade Commission. </p> <p><strong> Freeserve joins the lottery</strong><br> </p> <p> The web portal Freeserve yesterday confirmed it would create a lottery ticket sales website under a deal struck with Camelot, the lottery operator which was awarded another seven-year licence this week. </p> <p>Freeserve refused to reveal the duration of the deal or forecast online sales. \"These are confidential terms between us and Camelot,\" a spokesman said. </p> <p>Freeserve shares fell 8.5p to 95.5p yesterday after dipping to an all-time low of 93p in another bad day for technology shares. </p> <p><strong> Bass chief to get big pay-off</strong><br> </p> <p> The head of Bass's brewing operations, Iain Napier, was paid \u00a31.24m last year and could get another \u00a3978,000 if he loses his job following the business's takeover by Belgian firm Interbrew. </p> <p>Mr Napier was one of three million-pound earners on Bass's board, according to the leisure group's annual report. Chairman Sir Ian Prosser received \u00a31.17m , while hotels boss Tom Oliver enjoyed \u00a31.03m.</p>",
      "newspaperPageNumber": "24",
      "wordcount": "422",
      "commentable": "false",
      "isPremoderated": "false",
      "lastModified": "2000-12-21T01:22:04Z",
      "newspaperEditionDate": "2000-12-21T00:00:00Z",
      "productionOffice": "UK",
      "publication": "theguardian.com",
      "shortUrl": "https://gu.com/p/3m9m",
      "shouldHideAdverts": "false",
      "showInRelatedContent": "true",
      "legallySensitive": "false",
      "lang": "en",
      "bodyText": "Code targets oil firms A joint British-American code of conduct published yesterday says oil and mining companies must take human rights more seriously if they are to avoid controversies such as those faced by BP in Colombia, Shell in Nigeria and Rio Tinto in Papua New Guinea. The guidelines require companies to observe the UN declaration of human rights and similar international codes, to recognise the importance of business in supporting human rights and to be open about their actions and experiences. The new code was issued jointly by the foreign office and the US state department after 18 months of negotiations between companies and campaign groups such as Amnesty International. Oil companies involved include US operators Texaco, Chevron and Conoco as well as Shell and BP from Britain. This is the first time the government has brokered an international code of conduct between companies and non-governmental organisations, and the first British-American co-operation in such a venture. The code aims to prevent human rights abuses in war-torn countries such as Colombia and Burma, where western companies are obliged to employ their own armies or pay state forces for protection. Court clears drugs merger Glaxo Wellcome and SmithKline Beecham cleared the final hurdle in their \u00a3120bn merger yesterday, as the high court approved the creation of new shares in the combined company. The merged firm will begin trading on Wednesday. It will be the world's largest drugs group, and the second biggest company in the FTSE 100, behind Vodafone. The deal has taken almost a year to complete because of lengthy negotiations with the US Federal Trade Commission. Freeserve joins the lottery The web portal Freeserve yesterday confirmed it would create a lottery ticket sales website under a deal struck with Camelot, the lottery operator which was awarded another seven-year licence this week. Freeserve refused to reveal the duration of the deal or forecast online sales. \"These are confidential terms between us and Camelot,\" a spokesman said. Freeserve shares fell 8.5p to 95.5p yesterday after dipping to an all-time low of 93p in another bad day for technology shares. Bass chief to get big pay-off The head of Bass's brewing operations, Iain Napier, was paid \u00a31.24m last year and could get another \u00a3978,000 if he loses his job following the business's takeover by Belgian firm Interbrew. Mr Napier was one of three million-pound earners on Bass's board, according to the leisure group's annual report. Chairman Sir Ian Prosser received \u00a31.17m , while hotels boss Tom Oliver enjoyed \u00a31.03m.",
      "charCount": "2603"
    },
    "isHosted": false,
    "pillarId": "pillar/news",
    "pillarName": "News"
  },
  {
    "id": "business/2000/dec/21/11",
    "type": "article",
    "sectionId": "business",
    "sectionName": "Business",
    "webPublicationDate": "2000-12-21T01:22:01Z",
    "webTitle": "Aggregate starts to build",
    "webUrl": "https://www.theguardian.com/business/2000/dec/21/11",
    "apiUrl": "https://content.guardianapis.com/business/2000/dec/21/11",
    "fields": {
      "headline": "Aggregate starts to build",
      "trailText": "<p>Traders are starting to watch the performance of Aggregate Industries, the building materials group, very closely. </p>",
      "main": "",
      "body": "<p>Traders are starting to watch the performance of Aggregate Industries, the building materials group, very closely. </p> <p>Since the start of the month, the stock has proved a strong performer and yesterday the price advanced a further 6.25p, or 8.5%, to 80p - a 12-month high - on speculation that a bid from Anglo American at 100p might be around the corner. </p> <p>While the company refused to comment on the chatter, informed sources reckon there could be a more straightforward explanation for the gains. It seems that US value funds - led by Fidelity - have been aggressive buyers of the stock in recent weeks. </p> <p>Unlike some of its peers, notably Hanson which issued a profits warning last month, Aggregate is said to be coping with the impact of strong oil prices and the awful British weather. The City will get a chance to see just how well when Aggregate delivers a trading update in January.</p>",
      "newspaperPageNumber": "28",
      "wordcount": "157",
      "commentable": "false",
      "isPremoderated": "false",
      "lastModified": "2000-12-21T01:22:01Z",
      "newspaperEditionDate": "2000-12-21T00:00:00Z",
      "productionOffice": "UK",
      "publication": "theguardian.com",
      "shortUrl": "https://gu.com/p/3m9f",
      "shouldHideAdverts": "false",
      "showInRelatedContent": "true",
      "legallySensitive": "false",
      "lang": "en",
      "bodyText": "Traders are starting to watch the performance of Aggregate Industries, the building materials group, very closely. Since the start of the month, the stock has proved a strong performer and yesterday the price advanced a further 6.25p, or 8.5%, to 80p - a 12-month high - on speculation that a bid from Anglo American at 100p might be around the corner. While the company refused to comment on the chatter, informed sources reckon there could be a more straightforward explanation for the gains. It seems that US value funds - led by Fidelity - have been aggressive buyers of the stock in recent weeks. Unlike some of its peers, notably Hanson which issued a profits warning last month, Aggregate is said to be coping with the impact of strong oil prices and the awful British weather. The City will get a chance to see just how well when Aggregate delivers a trading update in January.",
      "charCount": "885"
    },
    "isHosted": false,
    "pillarId": "pillar/news",
    "pillarName": "News"
  },
  {
    "id": "uk/2000/dec/21/christmasappeal2000.keithperry",
    "type": "article",
    "sectionId": "uk-news",
    "sectionName": "UK news",
    "webPublicationDate": "2000-12-21T01:22:00Z",
    "webTitle": "Guardian Christmas appeal: Fair trade for indigenous remedies",
    "webUrl": "https://www.theguardian.com/uk/2000/dec/21/christmasappeal2000.keithperry",
    "apiUrl": "https://content.guardianapis.com/uk/2000/dec/21/christmasappeal2000.keithperry",
    "fields": {
      "headline": "Getting fair price for indigenous remedies",
      "standfirst": "<A HREF=\"http://www.guardianunlimited.co.uk/appeal2000/\">Special report: Christmas appeal 2000</A>",
      "trailText": "For centuries traditional healers in Samoa have ground up the stem of the plant Homolanthus acuminatus and steeped it in hot water as a treatment for the yellow fever virus. Recently, the age-old remedy caught the interest of the US National Cancer Institute which took a closer look and found prostratin, a drug with potential for HIV.",
      "byline": "Keith Perry",
      "main": "",
      "body": "For centuries traditional healers in Samoa have ground up the stem of the plant Homolanthus acuminatus and steeped it in hot water as a treatment for the yellow fever virus. <p>Recently, the age-old remedy caught the interest of the US National Cancer Institute which took a closer look and found prostratin, a drug with potential for HIV. Bulk samples of the plant were collected and shipped back to the US. </p> <p>Now under development, it has the potential to earn millions as a successful drug for treating viral infections. </p> <p>It might have been a good example of traditional medicine and modern science working hand in hand, with the financial rewards being channelled back to the developing countries which originally shared the medical knowledge of their ancestors. </p> <p>But sadly for the Samoan villagers, there is no record of the American scientists having sought any prior agreement with the Samoan government, local communities or healers for the collection and use of the plant and the associated knowledge. They are unlikely to receive a penny. </p> <p>Now, the world is facing up to the insidious threat of biopiracy whereby prospecters scour fragile habitats for exotic plants. </p> <p>Since 1989 a group of environmental lawyers from a London-based charity, Field, has been seeking to help developing countries to reform the laws and improve their capacity to defend themselves against the scourge of biopiracy. </p> <p>Carolina Lasen Diaz, a Field lawyer, said Field had been focusing on fragile ecosystems such as the Pacific Islands. </p> <p>\"We are working with a regional governmental organisation in the Pacific and WWF to support countries that are trying to regulate access to genetic resources.\" </p> <p>Ms Lasen Diaz says one of the many examples of biotechnology firms taking natural resources out of the country of origin that had led to pharmaceutical applications was kava, a plant found throughout the Pacific and used for 3,000 years for its medicinal properties. </p> <p>Overseas companies keen to cash in on the surge in herbal medicine were quick to seize on kava's appeal. Americans spent $15m (\u00a310m) on kava in 1996 and twice as much in 1997, with the Nutrition Business Journal projecting sales of almost $50m for 1998. But little or no profit is going back to islanders. </p> <p>Ms Lasen Diaz said: \"The big concern is that the commercial benefits that would accrue from the plant or herbal remedy would only go to the drug company and you end up with the product being licensed back to the countries from where it originates.\" </p> <p>Her point was amplified by another recent controversy. One of Africa's oldest tribes, which discovered \"Nature's Prozac\" thousands of years ago, is set to lose out on a multi-million pound deal to market the remedy worldwide. Sceletium, a rare creeper that grows only in the Cape region of South Africa has been used by the San people since prehistoric times for treatment of depression and alcohol and drug dependence. Tribal leaders criticised the Johannesburg drug company Pharma Natura which is selling the patent rights, resentful that they would not profit from the commercial development of their ancestors' discovery. </p> <p>\"This is the kind of situation we are trying to avoid in the South Pacific by ... raising awareness about the relevant legislation and options to protect the Pacific Islands' biodiversity and associated knowledge of their indigenous communities,\" Ms Lasen Diaz said. </p> <p>In 1997, Field established a programme on biodiversity and marine resources to coordinate activities. \"We have worked on a range of issues relating to the objectives of the convention on biological diversity: conservation, sustainable use, and benefit sharing. Now 178 countries have joined.\" </p> <p>Field lawyers hope their work in building the capacity of developing countries to fight their corner in the World Trade Organisation can help to ensure that communities which have been victims of globalisation may instead benefit from it. </p> <p><b>Action on Disability and Development</b> helps disabled people in 12 of the poorest countries by assisting them to form self-help organisations and influencing decision makers to invest more in their needs. </p> <p><b>Refuge</b> offers a national lifeline for women suffering domestic violence, providing accommodation and emotional support. Its aim is to help women and their children enjoy a future free from physical and emotional abuse. </p> <p><b>Foundation for International Environmental Law and Development</b> provides legal advice on environmental issues, often to smaller countries that cannot afford commercial lawyers, to ensure they are fairly represented at international negotiations and conferences. </p> <p><b>The Place 2 Be</b> sends specialist counsellors into primary schools to offer emotional and therapeutic support to children who are troubled, unhappy and confused.</p>",
      "newspaperPageNumber": "12",
      "wordcount": "756",
      "commentable": "false",
      "isPremoderated": "false",
      "lastModified": "2000-12-21T01:22:00Z",
      "newspaperEditionDate": "2000-12-21T00:00:00Z",
      "productionOffice": "UK",
      "publication": "theguardian.com",
      "shortUrl": "https://gu.com/p/z83e",
      "shouldHideAdverts": "false",
      "showInRelatedContent": "true",
      "legallySensitive": "false",
      "lang": "en",
      "bodyText": "For centuries traditional healers in Samoa have ground up the stem of the plant Homolanthus acuminatus and steeped it in hot water as a treatment for the yellow fever virus. Recently, the age-old remedy caught the interest of the US National Cancer Institute which took a closer look and found prostratin, a drug with potential for HIV. Bulk samples of the plant were collected and shipped back to the US. Now under development, it has the potential to earn millions as a successful drug for treating viral infections. It might have been a good example of traditional medicine and modern science working hand in hand, with the financial rewards being channelled back to the developing countries which originally shared the medical knowledge of their ancestors. But sadly for the Samoan villagers, there is no record of the American scientists having sought any prior agreement with the Samoan government, local communities or healers for the collection and use of the plant and the associated knowledge. They are unlikely to receive a penny. Now, the world is facing up to the insidious threat of biopiracy whereby prospecters scour fragile habitats for exotic plants. Since 1989 a group of environmental lawyers from a London-based charity, Field, has been seeking to help developing countries to reform the laws and improve their capacity to defend themselves against the scourge of biopiracy. Carolina Lasen Diaz, a Field lawyer, said Field had been focusing on fragile ecosystems such as the Pacific Islands. \"We are working with a regional governmental organisation in the Pacific and WWF to support countries that are trying to regulate access to genetic resources.\" Ms Lasen Diaz says one of the many examples of biotechnology firms taking natural resources out of the country of origin that had led to pharmaceutical applications was kava, a plant found throughout the Pacific and used for 3,000 years for its medicinal properties. Overseas companies keen to cash in on the surge in herbal medicine were quick to seize on kava's appeal. Americans spent $15m (\u00a310m) on kava in 1996 and twice as much in 1997, with the Nutrition Business Journal projecting sales of almost $50m for 1998. But little or no profit is going back to islanders. Ms Lasen Diaz said: \"The big concern is that the commercial benefits that would accrue from the plant or herbal remedy would only go to the drug company and you end up with the product being licensed back to the countries from where it originates.\" Her point was amplified by another recent controversy. One of Africa's oldest tribes, which discovered \"Nature's Prozac\" thousands of years ago, is set to lose out on a multi-million pound deal to market the remedy worldwide. Sceletium, a rare creeper that grows only in the Cape region of South Africa has been used by the San people since prehistoric times for treatment of depression and alcohol and drug dependence. Tribal leaders criticised the Johannesburg drug company Pharma Natura which is selling the patent rights, resentful that they would not profit from the commercial development of their ancestors' discovery. \"This is the kind of situation we are trying to avoid in the South Pacific by ... raising awareness about the relevant legislation and options to protect the Pacific Islands' biodiversity and associated knowledge of their indigenous communities,\" Ms Lasen Diaz said. In 1997, Field established a programme on biodiversity and marine resources to coordinate activities. \"We have worked on a range of issues relating to the objectives of the convention on biological diversity: conservation, sustainable use, and benefit sharing. Now 178 countries have joined.\" Field lawyers hope their work in building the capacity of developing countries to fight their corner in the World Trade Organisation can help to ensure that communities which have been victims of globalisation may instead benefit from it. Action on Disability and Development helps disabled people in 12 of the poorest countries by assisting them to form self-help organisations and influencing decision makers to invest more in their needs. Refuge offers a national lifeline for women suffering domestic violence, providing accommodation and emotional support. Its aim is to help women and their children enjoy a future free from physical and emotional abuse. Foundation for International Environmental Law and Development provides legal advice on environmental issues, often to smaller countries that cannot afford commercial lawyers, to ensure they are fairly represented at international negotiations and conferences. The Place 2 Be sends specialist counsellors into primary schools to offer emotional and therapeutic support to children who are troubled, unhappy and confused.",
      "charCount": "4762"
    },
    "isHosted": false,
    "pillarId": "pillar/news",
    "pillarName": "News"
  },
  {
    "id": "business/2000/dec/21/10",
    "type": "article",
    "sectionId": "business",
    "sectionName": "Business",
    "webPublicationDate": "2000-12-21T01:22:00Z",
    "webTitle": "At this price?  Geo Interactive",
    "webUrl": "https://www.theguardian.com/business/2000/dec/21/10",
    "apiUrl": "https://content.guardianapis.com/business/2000/dec/21/10",
    "fields": {
      "headline": "At this price?  Geo Interactive",
      "trailText": "<p>Stock market sages always claim it is better to travel than arrive - and the performance of Geo Interactive Media, the Israel-based but London-listed technology group, provides a case in point. </p>",
      "byline": "Neil Hume",
      "main": "",
      "body": "<p>Stock market sages always claim it is better to travel than arrive - and the performance of Geo Interactive Media, the Israel-based but London-listed technology group, provides a case in point. </p> <p>Its shares fell 2% yesterday after the deal which the market has been awaiting for the best part of the year finally arrived. </p> <p>Geo has at long last licensed its Emblaze technology, which enables video and music files to be downloaded on to mobile phones, to one of the industry's heavyweights - Ericsson. </p> <p>The lacklustre performance of the shares can probably be explained by the fact that Geo shares have risen by 15% so far this month on expectations of the deal and disappointment that it does not extend to handsets. </p> <p>Ericsson plans to use Emblaze in its back-office systems - servers to you and me - not that one would have guessed it from Geo's statement to the market. </p> <p>Nonetheless, the deal is a milestone for Geo. For months, the company been telling anyone who will listen that its technology is 12 to 18 months ahead of the competition - that is, US group PacketVideo. Its acceptance by Ericsson seems to have proved that. Further deals with big cellular players - and Geo chief executive Eli Reifman was saying yesterday that others are on the way - should put that beyond doubt. </p> <p>However, the case for investing in Geo has moved on and is no longer about the acceptance of its technology but the take-up of video watching on mobile phones. In theory, that market is huge. Some analysts are forecasting a market worth \u00a315bn by 2008. But how many similar claims were made about the internet and shopping? </p> <p>So what is a share in Geo worth? In reality, it is probably no more than an option on the future market for mobile video, and an expensive one at that. One for the brave. </p>",
      "newspaperPageNumber": "28",
      "wordcount": "316",
      "commentable": "false",
      "isPremoderated": "false",
      "lastModified": "2000-12-21T01:22:00Z",
      "newspaperEditionDate": "2000-12-21T00:00:00Z",
      "productionOffice": "UK",
      "publication": "theguardian.com",
      "shortUrl": "https://gu.com/p/3m9b",
      "shouldHideAdverts": "false",
      "showInRelatedContent": "true",
      "legallySensitive": "false",
      "lang": "en",
      "bodyText": "Stock market sages always claim it is better to travel than arrive - and the performance of Geo Interactive Media, the Israel-based but London-listed technology group, provides a case in point. Its shares fell 2% yesterday after the deal which the market has been awaiting for the best part of the year finally arrived. Geo has at long last licensed its Emblaze technology, which enables video and music files to be downloaded on to mobile phones, to one of the industry's heavyweights - Ericsson. The lacklustre performance of the shares can probably be explained by the fact that Geo shares have risen by 15% so far this month on expectations of the deal and disappointment that it does not extend to handsets. Ericsson plans to use Emblaze in its back-office systems - servers to you and me - not that one would have guessed it from Geo's statement to the market. Nonetheless, the deal is a milestone for Geo. For months, the company been telling anyone who will listen that its technology is 12 to 18 months ahead of the competition - that is, US group PacketVideo. Its acceptance by Ericsson seems to have proved that. Further deals with big cellular players - and Geo chief executive Eli Reifman was saying yesterday that others are on the way - should put that beyond doubt. However, the case for investing in Geo has moved on and is no longer about the acceptance of its technology but the take-up of video watching on mobile phones. In theory, that market is huge. Some analysts are forecasting a market worth \u00a315bn by 2008. But how many similar claims were made about the internet and shopping? So what is a share in Geo worth? In reality, it is probably no more than an option on the future market for mobile video, and an expensive one at that. One for the brave.",
      "charCount": "1775"
    },
    "isHosted": false,
    "pillarId": "pillar/news",
    "pillarName": "News"
  },
  {
    "id": "media/2000/dec/21/tvandradio.television2",
    "type": "article",
    "sectionId": "theguardian",
    "sectionName": "From the Guardian",
    "webPublicationDate": "2000-12-21T01:22:00Z",
    "webTitle": "TV and Radio: The price is right",
    "webUrl": "https://www.theguardian.com/media/2000/dec/21/tvandradio.television2",
    "apiUrl": "https://content.guardianapis.com/media/2000/dec/21/tvandradio.television2",
    "fields": {
      "headline": "The price is right",
      "standfirst": "Who will play the part of George W Bush in the live-action sitcom about the president and his family?",
      "trailText": "<p> Who will play the part of George W Bush in the live-action sitcom about the president and his family?</p>",
      "byline": "Interview by Jennifer Rodger",
      "main": "",
      "body": "<p><strong> Trey Parker </strong> Evens </p> <p><strong> Matt Stone </strong> 3-1 </p> <p><strong> George Clooney </strong> 4-1 </p> <p><strong> Les Claypool </strong> 8-1 </p> <p><strong> Jay Leno </strong> 16-1</p> <p>No sooner are the votes in for the American presidency, than Matt Stone and Trey Parker of South Park fame announce that their next project will be a live action spoof of the presidential family. There is every expectation of corrosive satire, and one Family First script posted on the internet is certainly fulfilling that, with incest gags about the Bush sisters. </p> <p>An important decision will be the actor to play George W Bush. \"People need to decide how likely Stone and Parker are to cast themselves\", says Andy Clifton, Ladbrokes' entertainment odds compiler. </p> <p>Matt Stone (curly hair), has voiced some of the funniest roles in South Park: Dr Spook-a-lot, Big Gay Al and Cheesy Poofs Director. He has also taken to the chat-show circuit like a converted hot shot player, and appeared with Parker naked, but for essentials, in a recent Absolut vodka advert. \"I don't see him being able to put a wig over that mountain of curls\", notes Andy. </p> <p>Trey Parker (the blonde), real name Randolph Parker III, has a slight margin. \"People say he's the better actor.\" He has previous experience in presidential roles, voicing Bill Clinton, the Australian Mayor and President Hirohito in South Park. </p> <p>\"George Clooney is an interesting one\", says Andy. His playing the parts of Doctor in the film of South Park and Sparky the gay dog in the TV series \"has probably done his image some good\". About wise-cracking chat-show host Jay Leno, Andy comments that he has a unique gag style that might not sit well with the South Park creators. When Leno appeared on South Park, he voiced himself. </p> <p>The final contender, less well known over here but big in the States, is Primus bassist and singer Les Claypool, who also appeared as himself in South Park. \"However, this is the sort of project that will be high profile, even if it doesn't get the ratings, which makes Claypool too risky.\" </p>",
      "newspaperPageNumber": "22",
      "wordcount": "337",
      "commentable": "false",
      "isPremoderated": "false",
      "lastModified": "2017-12-19T22:47:19Z",
      "newspaperEditionDate": "2000-12-21T00:00:00Z",
      "productionOffice": "UK",
      "publication": "theguardian.com",
      "shortUrl": "https://gu.com/p/3m9e",
      "shouldHideAdverts": "false",
      "showInRelatedContent": "true",
      "legallySensitive": "false",
      "lang": "en",
      "bodyText": "Trey Parker Evens Matt Stone 3-1 George Clooney 4-1 Les Claypool 8-1 Jay Leno 16-1 No sooner are the votes in for the American presidency, than Matt Stone and Trey Parker of South Park fame announce that their next project will be a live action spoof of the presidential family. There is every expectation of corrosive satire, and one Family First script posted on the internet is certainly fulfilling that, with incest gags about the Bush sisters. An important decision will be the actor to play George W Bush. \"People need to decide how likely Stone and Parker are to cast themselves\", says Andy Clifton, Ladbrokes' entertainment odds compiler. Matt Stone (curly hair), has voiced some of the funniest roles in South Park: Dr Spook-a-lot, Big Gay Al and Cheesy Poofs Director. He has also taken to the chat-show circuit like a converted hot shot player, and appeared with Parker naked, but for essentials, in a recent Absolut vodka advert. \"I don't see him being able to put a wig over that mountain of curls\", notes Andy. Trey Parker (the blonde), real name Randolph Parker III, has a slight margin. \"People say he's the better actor.\" He has previous experience in presidential roles, voicing Bill Clinton, the Australian Mayor and President Hirohito in South Park. \"George Clooney is an interesting one\", says Andy. His playing the parts of Doctor in the film of South Park and Sparky the gay dog in the TV series \"has probably done his image some good\". About wise-cracking chat-show host Jay Leno, Andy comments that he has a unique gag style that might not sit well with the South Park creators. When Leno appeared on South Park, he voiced himself. The final contender, less well known over here but big in the States, is Primus bassist and singer Les Claypool, who also appeared as himself in South Park. \"However, this is the sort of project that will be high profile, even if it doesn't get the ratings, which makes Claypool too risky.\"",
      "charCount": "1947"
    },
    "isHosted": false,
    "pillarId": "pillar/news",
    "pillarName": "News"
  },
  {
    "id": "business/2000/dec/21/5",
    "type": "article",
    "sectionId": "business",
    "sectionName": "Business",
    "webPublicationDate": "2000-12-21T01:21:43Z",
    "webTitle": "The move from bubbly to bathos",
    "webUrl": "https://www.theguardian.com/business/2000/dec/21/5",
    "apiUrl": "https://content.guardianapis.com/business/2000/dec/21/5",
    "fields": {
      "headline": "The move from bubbly to bathos",
      "standfirst": "Price to pay for complacency",
      "trailText": "<p> Price to pay for complacency</p>",
      "main": "",
      "body": "<p>For years, financial markets have believed that Alan Greenspan walks on water. Now they are starting to wonder whether their hero has feet of clay. Look no further than the reaction to this week's decision by the Federal Reserve to leave US interest rates on hold while recognising that the outlook for the American economy is far bleaker than it seemed at the time of the presidential vote in early November. </p> <p>To an extent, the markets only have themselves to blame for being caught out by Mr Greenspan's caution. It was the markets which insisted that the boom in technology stocks 12 months ago was in a different category to all previous stock market bubbles. It was the markets which fell for their own rhetoric and became convinced that the good times would roll on for ever. They can hardly be surprised now the Fed chairman is reluctant to bail them out. Mr Greenspan, like any central banker, is always going to be more concerned about irrational exuberance than about a belated outbreak of realism. </p> <p>So what is going to happen? Paradoxically, the markets may now be underestimating the speed and extent of rate cuts in the US next year. Mr Greenspan likes to take time to make up his mind and will want to see what is happening to demand, oil prices and - crucially - to the dollar. But it is already clear that demand is weakening rapidly, oil prices have fallen to below $25 a barrel - and will fall further if the American slow down continues - and there are plenty of analysts who believe that the dollar-euro rate will be back to parity by the middle of next year, thus giving a shot in the arm to business. </p> <p>The consensus is that Mr Greenspan will only cut rates modestly next year, by perhaps three-quarters of a percentage point. But don't bet on it. There's still plenty of bad news out there, and the first six months of George W Bush's presidency could be very tough indeed. It will take time for Bush's promised tax cuts to have an impact, even assuming he can get them through Congress. </p> <p>Meanwhile Mr Greenspan may need to cut rates far more aggressively than the markets expect. </p> <p><strong> Orange alert </strong><br> </p> <p> Ugly news emerges on France Telecom's pending \u00a350m flotation of its Orange mobile business in Paris and London whereby independent investment analysts attending a recent presentation had to agree to submit their research to the company's advisers for vetting if they wanted access to financial information on Orange. </p> <p>Typically, in any big share issue or takeover, so many investment banks are involved that institutional investors can find it difficult to obtain unbiased investment advice. Often there is just one analytical City \"name\" outside the deal syndicate who then proceeds to clean up - being the regularly dissenting voice everybody listens to. </p> <p>Orange stands accused of seeking to break this established order, making sure that nothing maverick appears from an analyst who has been helped by the company on the numbers. </p> <p>Now it should quickly be pointed out that anybody who finds this shocking is probably a little naive when it comes to the inner workings of the Square Mile. On a routine basis, all analysts send drafts of their research to companies being covered, often triggering rows behind the scenes. Truly independent reseach does not exist. What is more, the Orange presentation attracting complaint was primarily for syndicate analysts and contained price-sensitive information. Some control was needed. </p> <p>Yet even the suggestion of bullying by Orange - obliging analysts to sign bits of paper giving the company's advisers absolute discretion \"to amend or correct anything with which they may disagree\" - risks violent backlash from the investment community. </p> <p>France Telecom is trying to raise buckets full of money just as the markets are going through their most traumatic time in years. Burning goodwill, unwittingly or otherwise, risks doing more damage than any unauthorised piece of research scribble. </p> <p><strong> Non sequitur </strong><br> </p> <p> Malcolm Walker, Iceland's Greenpeace-supporting chairman, has sold 4m shares in the group he founded 30 years ago, raising more than \u00a313.5m. </p> <p>Ever since he started the frozen food business, the company explained, Mr Walker's Iceland shares have represented the bulk of his investment portfolio. Now he intends to settle back into a non-executive role and needs to \"diversify his investments\". </p> <p>The company adds that the reason he has unloaded such a huge number of shares is simply because the chances he has to deal are very limited. </p> <p>Come off it, Mr Walker. The only reason directors sell shares is because they do not believe they will make decent returns by keeping them. His actions show he believes there are better places than Iceland to keep his money.</p>",
      "newspaperPageNumber": "25",
      "wordcount": "795",
      "commentable": "false",
      "isPremoderated": "false",
      "lastModified": "2000-12-21T01:21:43Z",
      "newspaperEditionDate": "2000-12-21T00:00:00Z",
      "productionOffice": "UK",
      "publication": "theguardian.com",
      "shortUrl": "https://gu.com/p/3m9n",
      "shouldHideAdverts": "false",
      "showInRelatedContent": "true",
      "legallySensitive": "false",
      "lang": "en",
      "bodyText": "For years, financial markets have believed that Alan Greenspan walks on water. Now they are starting to wonder whether their hero has feet of clay. Look no further than the reaction to this week's decision by the Federal Reserve to leave US interest rates on hold while recognising that the outlook for the American economy is far bleaker than it seemed at the time of the presidential vote in early November. To an extent, the markets only have themselves to blame for being caught out by Mr Greenspan's caution. It was the markets which insisted that the boom in technology stocks 12 months ago was in a different category to all previous stock market bubbles. It was the markets which fell for their own rhetoric and became convinced that the good times would roll on for ever. They can hardly be surprised now the Fed chairman is reluctant to bail them out. Mr Greenspan, like any central banker, is always going to be more concerned about irrational exuberance than about a belated outbreak of realism. So what is going to happen? Paradoxically, the markets may now be underestimating the speed and extent of rate cuts in the US next year. Mr Greenspan likes to take time to make up his mind and will want to see what is happening to demand, oil prices and - crucially - to the dollar. But it is already clear that demand is weakening rapidly, oil prices have fallen to below $25 a barrel - and will fall further if the American slow down continues - and there are plenty of analysts who believe that the dollar-euro rate will be back to parity by the middle of next year, thus giving a shot in the arm to business. The consensus is that Mr Greenspan will only cut rates modestly next year, by perhaps three-quarters of a percentage point. But don't bet on it. There's still plenty of bad news out there, and the first six months of George W Bush's presidency could be very tough indeed. It will take time for Bush's promised tax cuts to have an impact, even assuming he can get them through Congress. Meanwhile Mr Greenspan may need to cut rates far more aggressively than the markets expect. Orange alert Ugly news emerges on France Telecom's pending \u00a350m flotation of its Orange mobile business in Paris and London whereby independent investment analysts attending a recent presentation had to agree to submit their research to the company's advisers for vetting if they wanted access to financial information on Orange. Typically, in any big share issue or takeover, so many investment banks are involved that institutional investors can find it difficult to obtain unbiased investment advice. Often there is just one analytical City \"name\" outside the deal syndicate who then proceeds to clean up - being the regularly dissenting voice everybody listens to. Orange stands accused of seeking to break this established order, making sure that nothing maverick appears from an analyst who has been helped by the company on the numbers. Now it should quickly be pointed out that anybody who finds this shocking is probably a little naive when it comes to the inner workings of the Square Mile. On a routine basis, all analysts send drafts of their research to companies being covered, often triggering rows behind the scenes. Truly independent reseach does not exist. What is more, the Orange presentation attracting complaint was primarily for syndicate analysts and contained price-sensitive information. Some control was needed. Yet even the suggestion of bullying by Orange - obliging analysts to sign bits of paper giving the company's advisers absolute discretion \"to amend or correct anything with which they may disagree\" - risks violent backlash from the investment community. France Telecom is trying to raise buckets full of money just as the markets are going through their most traumatic time in years. Burning goodwill, unwittingly or otherwise, risks doing more damage than any unauthorised piece of research scribble. Non sequitur Malcolm Walker, Iceland's Greenpeace-supporting chairman, has sold 4m shares in the group he founded 30 years ago, raising more than \u00a313.5m. Ever since he started the frozen food business, the company explained, Mr Walker's Iceland shares have represented the bulk of his investment portfolio. Now he intends to settle back into a non-executive role and needs to \"diversify his investments\". The company adds that the reason he has unloaded such a huge number of shares is simply because the chances he has to deal are very limited. Come off it, Mr Walker. The only reason directors sell shares is because they do not believe they will make decent returns by keeping them. His actions show he believes there are better places than Iceland to keep his money.",
      "charCount": "4710"
    },
    "isHosted": false,
    "pillarId": "pillar/news",
    "pillarName": "News"
  },
  {
    "id": "business/2000/dec/21/interestrates.personalfinancenews",
    "type": "article",
    "sectionId": "business",
    "sectionName": "Business",
    "webPublicationDate": "2000-12-21T00:00:00Z",
    "webTitle": "MPC's two dissenters lower odds for early rate cut in new year",
    "webUrl": "https://www.theguardian.com/business/2000/dec/21/interestrates.personalfinancenews",
    "apiUrl": "https://content.guardianapis.com/business/2000/dec/21/interestrates.personalfinancenews",
    "fields": {
      "headline": "MPC's two dissenters lower odds for early rate cut in new year",
      "trailText": "<p>The City reduced the odds yesterday on a cut in UK interest rates in the new year after the Bank of England revealed that two members of its monetary policy committee are urging cheaper borrowing. </p>",
      "byline": "Larry Elliott, economics editor",
      "main": "",
      "body": "<p>The City reduced the odds yesterday on a cut in UK interest rates in the new year after the Bank of England revealed that two members of its monetary policy committee are urging cheaper borrowing. </p> <p>Minutes of the meeting of the nine-strong committee this month show that DeAnne Julius and Sushil Wadhwani called for a quarter-point reduction in base rates to 5.75% to fend off the impact of a pronounced slowdown in the global economy. </p> <p>Although the two were outvoted 7-2, signs that the Bank is becoming concerned at the prospects of weaker demand prompted hopes of the first cut in rates since summer 1999. </p> <p>The cost of borrowing has been on hold at 6% since February but, with inflation below its 2.5% target and fears of recession growing in the US, any lingering pressure for higher rates has now disappeared. </p> <p>According to the minutes, Ms Julius and Mr Wadhwani argued that the \"sharper than expected slowing in world demand\" would lower activity in the UK, pushing down inflation. Although sterling had fallen on the foreign exchanges, any increase in domestic prices caused by dearer imports would be offset by cheaper oil and the shake-out in global stock markets. </p> <p>However, the majority of the committee preferred to wait and see, noting that consumption remained strong, household borrowing was rising strongly and there were indications of a rekindling of house-price inflation. </p> <p>\u0095 Separate figures published yesterday showed Britain's public finances swung back into deficit in November after a hefty surplus the month before. National Statistics reported a public sector net cash requirement of \u00a32.31bn in November, after a surplus of \u00a37.32bn the month before.</p>",
      "newspaperPageNumber": "24",
      "wordcount": "276",
      "commentable": "false",
      "isPremoderated": "false",
      "lastModified": "2001-12-12T00:00:00Z",
      "newspaperEditionDate": "2000-12-21T00:00:00Z",
      "productionOffice": "UK",
      "publication": "theguardian.com",
      "shortUrl": "https://gu.com/p/3m98",
      "shouldHideAdverts": "false",
      "showInRelatedContent": "true",
      "legallySensitive": "false",
      "lang": "en",
      "bodyText": "The City reduced the odds yesterday on a cut in UK interest rates in the new year after the Bank of England revealed that two members of its monetary policy committee are urging cheaper borrowing. Minutes of the meeting of the nine-strong committee this month show that DeAnne Julius and Sushil Wadhwani called for a quarter-point reduction in base rates to 5.75% to fend off the impact of a pronounced slowdown in the global economy. Although the two were outvoted 7-2, signs that the Bank is becoming concerned at the prospects of weaker demand prompted hopes of the first cut in rates since summer 1999. The cost of borrowing has been on hold at 6% since February but, with inflation below its 2.5% target and fears of recession growing in the US, any lingering pressure for higher rates has now disappeared. According to the minutes, Ms Julius and Mr Wadhwani argued that the \"sharper than expected slowing in world demand\" would lower activity in the UK, pushing down inflation. Although sterling had fallen on the foreign exchanges, any increase in domestic prices caused by dearer imports would be offset by cheaper oil and the shake-out in global stock markets. However, the majority of the committee preferred to wait and see, noting that consumption remained strong, household borrowing was rising strongly and there were indications of a rekindling of house-price inflation. \u0095 Separate figures published yesterday showed Britain's public finances swung back into deficit in November after a hefty surplus the month before. National Statistics reported a public sector net cash requirement of \u00a32.31bn in November, after a surplus of \u00a37.32bn the month before.",
      "charCount": "1668"
    },
    "isHosted": false,
    "pillarId": "pillar/news",
    "pillarName": "News"
  }
]