[
  {
    "id": "theguardian/2000/feb/26/features.jobsmoney11",
    "type": "article",
    "sectionId": "global",
    "sectionName": "Global",
    "webPublicationDate": "2000-02-26T01:08:42Z",
    "webTitle": "Builders warn of new leap in house prices",
    "webUrl": "https://www.theguardian.com/theguardian/2000/feb/26/features.jobsmoney11",
    "apiUrl": "https://content.guardianapis.com/theguardian/2000/feb/26/features.jobsmoney11",
    "fields": {
      "headline": "Builders warn of new leap in house prices",
      "standfirst": "A proposal to levy VAT on new homes could add as much as \u00a335,000 to a \u00a3200,000 property, reports Elizabeth Langton",
      "trailText": "The cost of newly built homes will shoot through the roof if government plans to tax developers see the light of day, house builders said last week.",
      "main": "",
      "body": "The cost of newly built homes will shoot through the roof if government plans to tax developers see the light of day, house builders said last week. <p>The warning comes as deputy prime minister John Prescott's super-ministry, the department of the environment, transport and the regions, is reported to be pressing the treasury to consider levying VAT on new homes. The move could add as much as \u00a335,000 to the cost of a new \u00a3200,000 home, or \u00a310,000 if a suggested plan to harmonise VAT on refurbishment and new building at 7.5% goes through. </p> <p>Under current rules, new homes and conversions of commercial premises for housing are zero-rated for tax purposes. Renovations of empty homes, on the other hand, are charged at 17.5%, an anomaly that environmental campaigners say encourages developers to build new homes on greenfield sites as opposed to recycling dilapidated properties. </p> <p>Industry body the House Builders Federation, says the move would neither protect the countryside or stimulate the regeneration of urban sites. \"As brownfield sites are often more costly to develop, the effect of VAT would be greater,\" says a spokesman. </p> <p>Developers claim that the move would create a surge in house prices as the developers, unable to absorb the cost of the new tax, would pass it on to house buyers. </p> <p>The lacklustre new build housing market could be sent into decline by extra costs, say builders. The latest official figures show the number of new homes completed in 1999 fell by 1% to 167,800. Supply is the problem: builders claim that there are too few sites to build on and long planning delays prevent new sites coming on stream quickly. </p> <p>The House Builder's Federation says a hike in VAT could pull the rug out from underneath the industry and lead to a fall in the number of new buildings. </p> <p>Tony Burton, assistant director of the Council for the Protection of Rural England disagrees: \"The additional cost of VAT would be by and large absorbed into the cost of the land.\" </p> <p>The price builders are happy to pay for land depends on how much they expect to earn from the houses they plan to build on it, explains Mr Burton. If builders had to pay VAT on new homes they would pay less for the land, he says. \"We wouldn't see huge increases in house prices. It is landowners who would be squeezed.\" </p> <p>This is not the first time the VAT issue has been discussed as a means of increasing the pace of urban regeneration. The government-appointed body the Urban Taskforce, charged with dreaming up the future for British cities, raised the issue in its report, Towards an Urban Renaissance, published last year. The taskforce, led by celebrity architect Lord Rogers, proposed removing the anomaly. </p> <p>\"Ideally, refurbishment and conversion work should be zero-rated. If EU policy rules this out, we would propose applying the minimum rate of 5% VAT to all housebuilding and conversion. A significant proportion of the extra revenue raised should then be used to fund regeneration and development on recycled land,\" the report said. </p> <p>The taskforce proposed the introduction of financial penalties for owners of empty properties and incentives to bring derelict space back into use. Shop owners could be offered a reduction in business rates if they make better use of space over shops, refurbishing empty or derelict floors and turning them into housing. </p> <p>Tony Burton believes fiscal policy could be used to discourage greenfield development. \"We want a creative use of financial carrots and sticks together with a positive use of the planning system. Buildings on greenfield sites could be levied a charge for extra roads, sewage or could go to another urban site.\" </p> <p>It is not just saving greenfield sites that is on the government's mind; ministers said last month that too many homes are badly designed. Housing minister Nick Raynsford has signalled the end of the traditional British semi and called for housebuilders to come up with more imaginative dwellings. </p> <p>The British are too \"land greedy\" and builders squander large tracts of land on homes that are too far apart. Mr Raynsford told builders: \"Some of the most popular, sought after, homes such as Georgian terraces and the Victorian terraces and squares with family gardens were built at four to eight times the number of homes than would typically be built on the same space today. The fact that they have stood the test of time shows that the designers got it right.\" </p> <p>Mr Raynsford may want buyers to embrace compact living but in the upper earning brackets buyers are anxious to hang on to their space, says Thirlstone Homes which specialises in bespoke homes. </p> <p>Inland Revenue figures show nearly 75% of the 2,600 people who earned more than \u00a31m last year worked for their fortunes. Of these, 65% are based in the south-east. Thirlstone Homes claims they buy customised new homes. </p> <p>The Urban Taskforce stopped short of recommending the introduction of a tax on greenfield sites. Instead it said the planning system remains the most productive tool for managing land. </p> <p>While the government's response isn't expected until the autumn, revised planning guidance for local authorities is imminent. Its release will no doubt spark a further round of mud-slinging as the battle over where we should live rages on.</p>",
      "newspaperPageNumber": "26",
      "wordcount": "887",
      "commentable": "false",
      "isPremoderated": "false",
      "lastModified": "2000-02-26T01:08:42Z",
      "newspaperEditionDate": "2000-02-26T00:00:00Z",
      "productionOffice": "UK",
      "publication": "The Guardian",
      "shortUrl": "https://gu.com/p/y433",
      "shouldHideAdverts": "false",
      "showInRelatedContent": "true",
      "legallySensitive": "false",
      "lang": "en",
      "bodyText": "The cost of newly built homes will shoot through the roof if government plans to tax developers see the light of day, house builders said last week. The warning comes as deputy prime minister John Prescott's super-ministry, the department of the environment, transport and the regions, is reported to be pressing the treasury to consider levying VAT on new homes. The move could add as much as \u00a335,000 to the cost of a new \u00a3200,000 home, or \u00a310,000 if a suggested plan to harmonise VAT on refurbishment and new building at 7.5% goes through. Under current rules, new homes and conversions of commercial premises for housing are zero-rated for tax purposes. Renovations of empty homes, on the other hand, are charged at 17.5%, an anomaly that environmental campaigners say encourages developers to build new homes on greenfield sites as opposed to recycling dilapidated properties. Industry body the House Builders Federation, says the move would neither protect the countryside or stimulate the regeneration of urban sites. \"As brownfield sites are often more costly to develop, the effect of VAT would be greater,\" says a spokesman. Developers claim that the move would create a surge in house prices as the developers, unable to absorb the cost of the new tax, would pass it on to house buyers. The lacklustre new build housing market could be sent into decline by extra costs, say builders. The latest official figures show the number of new homes completed in 1999 fell by 1% to 167,800. Supply is the problem: builders claim that there are too few sites to build on and long planning delays prevent new sites coming on stream quickly. The House Builder's Federation says a hike in VAT could pull the rug out from underneath the industry and lead to a fall in the number of new buildings. Tony Burton, assistant director of the Council for the Protection of Rural England disagrees: \"The additional cost of VAT would be by and large absorbed into the cost of the land.\" The price builders are happy to pay for land depends on how much they expect to earn from the houses they plan to build on it, explains Mr Burton. If builders had to pay VAT on new homes they would pay less for the land, he says. \"We wouldn't see huge increases in house prices. It is landowners who would be squeezed.\" This is not the first time the VAT issue has been discussed as a means of increasing the pace of urban regeneration. The government-appointed body the Urban Taskforce, charged with dreaming up the future for British cities, raised the issue in its report, Towards an Urban Renaissance, published last year. The taskforce, led by celebrity architect Lord Rogers, proposed removing the anomaly. \"Ideally, refurbishment and conversion work should be zero-rated. If EU policy rules this out, we would propose applying the minimum rate of 5% VAT to all housebuilding and conversion. A significant proportion of the extra revenue raised should then be used to fund regeneration and development on recycled land,\" the report said. The taskforce proposed the introduction of financial penalties for owners of empty properties and incentives to bring derelict space back into use. Shop owners could be offered a reduction in business rates if they make better use of space over shops, refurbishing empty or derelict floors and turning them into housing. Tony Burton believes fiscal policy could be used to discourage greenfield development. \"We want a creative use of financial carrots and sticks together with a positive use of the planning system. Buildings on greenfield sites could be levied a charge for extra roads, sewage or could go to another urban site.\" It is not just saving greenfield sites that is on the government's mind; ministers said last month that too many homes are badly designed. Housing minister Nick Raynsford has signalled the end of the traditional British semi and called for housebuilders to come up with more imaginative dwellings. The British are too \"land greedy\" and builders squander large tracts of land on homes that are too far apart. Mr Raynsford told builders: \"Some of the most popular, sought after, homes such as Georgian terraces and the Victorian terraces and squares with family gardens were built at four to eight times the number of homes than would typically be built on the same space today. The fact that they have stood the test of time shows that the designers got it right.\" Mr Raynsford may want buyers to embrace compact living but in the upper earning brackets buyers are anxious to hang on to their space, says Thirlstone Homes which specialises in bespoke homes. Inland Revenue figures show nearly 75% of the 2,600 people who earned more than \u00a31m last year worked for their fortunes. Of these, 65% are based in the south-east. Thirlstone Homes claims they buy customised new homes. The Urban Taskforce stopped short of recommending the introduction of a tax on greenfield sites. Instead it said the planning system remains the most productive tool for managing land. While the government's response isn't expected until the autumn, revised planning guidance for local authorities is imminent. Its release will no doubt spark a further round of mud-slinging as the battle over where we should live rages on.",
      "charCount": "5250"
    },
    "isHosted": false
  },
  {
    "id": "uk/2000/feb/26/patrickcollinson.jilltreanor",
    "type": "article",
    "sectionId": "uk-news",
    "sectionName": "UK news",
    "webPublicationDate": "2000-02-26T01:08:34Z",
    "webTitle": "Call to cap charges for cash machines",
    "webUrl": "https://www.theguardian.com/uk/2000/feb/26/patrickcollinson.jilltreanor",
    "apiUrl": "https://content.guardianapis.com/uk/2000/feb/26/patrickcollinson.jilltreanor",
    "fields": {
      "headline": "Call to cap charges for cash machines",
      "trailText": "The price of withdrawing money from cash machines should be capped at 30p - a cut of up to &#163;2.20 for some customers, according to the man hand-picked by the chancellor, Gordon Brown, to investigate the high street banks.",
      "byline": "Jill Treanor and Patrick Collinson",
      "main": "",
      "body": "The price of withdrawing money from cash machines should be capped at 30p - a cut of up to \u00a32.20 for some customers, according to the man hand-picked by the chancellor, Gordon Brown, to investigate the high street banks. <p>Don Cruickshank, a former telecoms regulator, also recommended that cash machines should warn customers of any charge they face and insisted his ideas would see cash machines installed in rural and isolated communities around the country. </p> <p>Mr Cruickshank also said non-financial institutions, such as the supermarkets and the oil companies that own petrol stations, should be able to set up a network of cash machines. </p> <p>His investigation, prompted by a public bust-up between Barclays bank and the Nationwide building society over the way charges should be levied on customers, found it cost cash machine owners just 29p to process a transaction. </p> <p>The figure is disputed by the major owners of cash machines, primarily the high street banks, who argue it costs them hundreds of millions of pounds to keep the 27,000-strong network running. </p> <p>\"Increased competition will ensure that charges, where levied, are driven closer to costs than at present,\" said Mr Cruickshank, who does not have any direct powers. But he made it clear yesterday he would call for a competition commission investigation into cash machines if the charges did not fall. </p> <p>His recommendations will be considered by the treasury and the department of trade and industry. </p> <p>The banks and building societies face a showdown on Tuesday when they try to hammer out a solution to the overcharging. Nationwide, which allows its customers to use any cash machines in the Link network for free, objects to a new \u00a31 \"surcharge\" which Barclays wants to inflict on its rivals' customers using its cash machines. </p> <p>Until the Barclays move, the Link network had operated on a \"disloyalty\" basis where customers were charged up to \u00a31.50 by their banks for using rivals' machines. </p> <p>The Barclays plan raised the prospect of some customers paying up to \u00a32.50 to withdraw cash.</p>",
      "newspaperPageNumber": "4",
      "wordcount": "339",
      "commentable": "false",
      "isPremoderated": "false",
      "lastModified": "2000-02-26T01:08:34Z",
      "newspaperEditionDate": "2000-02-26T00:00:00Z",
      "productionOffice": "UK",
      "publication": "theguardian.com",
      "shortUrl": "https://gu.com/p/xv5a6",
      "shouldHideAdverts": "false",
      "showInRelatedContent": "true",
      "legallySensitive": "false",
      "lang": "en",
      "bodyText": "The price of withdrawing money from cash machines should be capped at 30p - a cut of up to \u00a32.20 for some customers, according to the man hand-picked by the chancellor, Gordon Brown, to investigate the high street banks. Don Cruickshank, a former telecoms regulator, also recommended that cash machines should warn customers of any charge they face and insisted his ideas would see cash machines installed in rural and isolated communities around the country. Mr Cruickshank also said non-financial institutions, such as the supermarkets and the oil companies that own petrol stations, should be able to set up a network of cash machines. His investigation, prompted by a public bust-up between Barclays bank and the Nationwide building society over the way charges should be levied on customers, found it cost cash machine owners just 29p to process a transaction. The figure is disputed by the major owners of cash machines, primarily the high street banks, who argue it costs them hundreds of millions of pounds to keep the 27,000-strong network running. \"Increased competition will ensure that charges, where levied, are driven closer to costs than at present,\" said Mr Cruickshank, who does not have any direct powers. But he made it clear yesterday he would call for a competition commission investigation into cash machines if the charges did not fall. His recommendations will be considered by the treasury and the department of trade and industry. The banks and building societies face a showdown on Tuesday when they try to hammer out a solution to the overcharging. Nationwide, which allows its customers to use any cash machines in the Link network for free, objects to a new \u00a31 \"surcharge\" which Barclays wants to inflict on its rivals' customers using its cash machines. Until the Barclays move, the Link network had operated on a \"disloyalty\" basis where customers were charged up to \u00a31.50 by their banks for using rivals' machines. The Barclays plan raised the prospect of some customers paying up to \u00a32.50 to withdraw cash.",
      "charCount": "2040"
    },
    "isHosted": false,
    "pillarId": "pillar/news",
    "pillarName": "News"
  },
  {
    "id": "business/2000/feb/26/7",
    "type": "article",
    "sectionId": "business",
    "sectionName": "Business",
    "webPublicationDate": "2000-02-26T01:08:14Z",
    "webTitle": "Coral prepares \u00a31bn stock market return",
    "webUrl": "https://www.theguardian.com/business/2000/feb/26/7",
    "apiUrl": "https://content.guardianapis.com/business/2000/feb/26/7",
    "fields": {
      "headline": "Coral prepares \u00a31bn stock market return",
      "trailText": "<p>Bookmaker Coral is planning a return to the stock market with a price that could top &#163;1bn and would generate a &#163;600m profit for its owners of just over 12 months. </p>",
      "byline": "Julia Finch",
      "main": "",
      "body": "<p>Bookmaker Coral is planning a return to the stock market with a price that could top \u00a31bn and would generate a \u00a3600m profit for its owners of just over 12 months. </p> <p>Coral, the third largest chain of British bookies with 850 outlets and a \u00a31bn-a-year turnover, has called in investment bankers Deutsche Bank and Credit Suisse First Boston as advisers and aims to cash in on internet betting. </p> <p>Since its purchase in November of the Eurobet soccer betting group Coral can now offer internet and tax-free offshore betting from Gibraltar. The group is now owned by Deutsche Bank's Morgan Grenfell Private Equity group, which bought it for \u00a3395m 14 months ago. </p> <p>The e-factor has reinvigorated the betting business. Last week Ladbrokes announced it was pouring \u00a3100m into on-line betting and its shares have leaped 40%. William Hill which abandoned a flotation last, year has also called in investment bankers to advise on its options.</p>",
      "newspaperPageNumber": "30",
      "wordcount": "154",
      "commentable": "false",
      "isPremoderated": "false",
      "lastModified": "2000-02-26T01:08:14Z",
      "newspaperEditionDate": "2000-02-26T00:00:00Z",
      "productionOffice": "UK",
      "publication": "theguardian.com",
      "shortUrl": "https://gu.com/p/33e2",
      "shouldHideAdverts": "false",
      "showInRelatedContent": "true",
      "legallySensitive": "false",
      "lang": "en",
      "bodyText": "Bookmaker Coral is planning a return to the stock market with a price that could top \u00a31bn and would generate a \u00a3600m profit for its owners of just over 12 months. Coral, the third largest chain of British bookies with 850 outlets and a \u00a31bn-a-year turnover, has called in investment bankers Deutsche Bank and Credit Suisse First Boston as advisers and aims to cash in on internet betting. Since its purchase in November of the Eurobet soccer betting group Coral can now offer internet and tax-free offshore betting from Gibraltar. The group is now owned by Deutsche Bank's Morgan Grenfell Private Equity group, which bought it for \u00a3395m 14 months ago. The e-factor has reinvigorated the betting business. Last week Ladbrokes announced it was pouring \u00a3100m into on-line betting and its shares have leaped 40%. William Hill which abandoned a flotation last, year has also called in investment bankers to advise on its options.",
      "charCount": "924"
    },
    "isHosted": false,
    "pillarId": "pillar/news",
    "pillarName": "News"
  },
  {
    "id": "business/2000/feb/26/bp",
    "type": "article",
    "sectionId": "business",
    "sectionName": "Business",
    "webPublicationDate": "2000-02-26T01:08:12Z",
    "webTitle": "Oil on troubled waters",
    "webUrl": "https://www.theguardian.com/business/2000/feb/26/bp",
    "apiUrl": "https://content.guardianapis.com/business/2000/feb/26/bp",
    "fields": {
      "headline": "Oil on troubled waters",
      "standfirst": "BP adds to concessions",
      "trailText": "<p>BP Amoco is understood to have offered further concessions to US regulators to salvage its $30bn (&#163;18.9bn) takeover of Atlantic Richfield, the US oil company. </p>",
      "byline": "Jane Martinson",
      "main": "",
      "body": "<p>BP Amoco is understood to have offered further concessions to US regulators to salvage its $30bn (\u00a318.9bn) takeover of Atlantic Richfield, the US oil company. </p> <p>The UK-based company yesterday refused to comment on a reports that it had offered to sell all Arco's assets in Alaska, the focus of disagreements between the two sides. However, sources close to the company suggested that such an option would not necessarily scupper the deal because of Arco's other valuable assets. </p> <p>Such a stance marks a significant climb-down for BP Amoco, however. The company had previously indicated that the cost savings expected from the Alaskan operations were too important to give up. About a fifth of the $1bn savings expected from the deal were expected to come from Alaska. </p> <p>Shares in BP and Arco rose yesterday as traders warmed to signs that its acquisition would go ahead. The value of the share-based acquisition had fallen in the past month. The group's previous offer to sell half of the Alaskan assets, or about 160,000 barrels of oil a day, was dismissed as inadequate by the federal trade commission, the US regulator. </p> <p>The FTC filed a lawsuit against the company to block the merger, citing concerns about the impact of the group's dominance of Alaskan oil production on west coast petrol prices. BP Amoco's offer to maintain a low price strategy made little headway with the FTC and the lawsuit is set to be heard on March 20. </p> <p>Last week's meetings between the FTC and BP Amoco were not attended by Sir John Browne, the oil group's chief executive. </p> <p>BP Amoco was surprised at the FTC's position as the regulator had previously agreed the merger of Exxon and Mobil, two US groups, to create the world's biggest integrated oil company. </p> <p>The failure of its previous concessions is understood to have prompted a reappraisal of its tough line as senior executives are keen to head off a full-scale legal battle. </p> <p>If the FTC forces a sale of Arco's Alaskan assets, BP Amoco would still produce 400,000 barrels of oil a day in the region.</p>",
      "newspaperPageNumber": "26",
      "wordcount": "350",
      "commentable": "false",
      "isPremoderated": "false",
      "lastModified": "2000-02-26T01:08:12Z",
      "newspaperEditionDate": "2000-02-26T00:00:00Z",
      "productionOffice": "UK",
      "publication": "theguardian.com",
      "shortUrl": "https://gu.com/p/33e8",
      "shouldHideAdverts": "false",
      "showInRelatedContent": "true",
      "legallySensitive": "false",
      "lang": "en",
      "bodyText": "BP Amoco is understood to have offered further concessions to US regulators to salvage its $30bn (\u00a318.9bn) takeover of Atlantic Richfield, the US oil company. The UK-based company yesterday refused to comment on a reports that it had offered to sell all Arco's assets in Alaska, the focus of disagreements between the two sides. However, sources close to the company suggested that such an option would not necessarily scupper the deal because of Arco's other valuable assets. Such a stance marks a significant climb-down for BP Amoco, however. The company had previously indicated that the cost savings expected from the Alaskan operations were too important to give up. About a fifth of the $1bn savings expected from the deal were expected to come from Alaska. Shares in BP and Arco rose yesterday as traders warmed to signs that its acquisition would go ahead. The value of the share-based acquisition had fallen in the past month. The group's previous offer to sell half of the Alaskan assets, or about 160,000 barrels of oil a day, was dismissed as inadequate by the federal trade commission, the US regulator. The FTC filed a lawsuit against the company to block the merger, citing concerns about the impact of the group's dominance of Alaskan oil production on west coast petrol prices. BP Amoco's offer to maintain a low price strategy made little headway with the FTC and the lawsuit is set to be heard on March 20. Last week's meetings between the FTC and BP Amoco were not attended by Sir John Browne, the oil group's chief executive. BP Amoco was surprised at the FTC's position as the regulator had previously agreed the merger of Exxon and Mobil, two US groups, to create the world's biggest integrated oil company. The failure of its previous concessions is understood to have prompted a reappraisal of its tough line as senior executives are keen to head off a full-scale legal battle. If the FTC forces a sale of Arco's Alaskan assets, BP Amoco would still produce 400,000 barrels of oil a day in the region.",
      "charCount": "2026"
    },
    "isHosted": false,
    "pillarId": "pillar/news",
    "pillarName": "News"
  },
  {
    "id": "football/2000/feb/26/newsstory.sport6",
    "type": "article",
    "sectionId": "football",
    "sectionName": "Football",
    "webPublicationDate": "2000-02-26T00:45:02Z",
    "webTitle": "Maverick Hutchison out in the cold",
    "webUrl": "https://www.theguardian.com/football/2000/feb/26/newsstory.sport6",
    "apiUrl": "https://content.guardianapis.com/football/2000/feb/26/newsstory.sport6",
    "fields": {
      "headline": "Maverick Hutchison out in the cold",
      "trailText": "<p>Everton's Don Hutchison paid a high price for his hard-headedness yesterday when he was stripped of his club's captaincy and put on the transfer list. </p>",
      "byline": "Ian Ross",
      "main": "",
      "body": "<p>Everton's Don Hutchison paid a high price for his hard-headedness yesterday when he was stripped of his club's captaincy and put on the transfer list. </p> <p>Less than 24 hours after he abandoned all hope of negotiating a new deal at Goodison Park, his manager Walter Smith announced that the Scottish international midfielder would be omitted from the side to face West Ham United at Upton Park thisafternoon, and it seems highly unlikely he will play again for Everton. </p> <p>Hutchison's attempts to convince the club he was worthy of a 100% pay rise - from \u00a38,000 a week to \u00a316,000 - ended in failure on Thursday when talks collapsed. </p> <p>\"I wanted to stay. I wanted to sign for life. A lot of fans are thinking I'm asking for the earth but that's rubbish,\" he said yesterday. </p> <p>\"I was just looking for parity with some of the other players. What they offered me was a disgrace. They turned around and said I had a week to accept and if I didn't they'd sell me, but I have rejected it.\" </p> <p>\"He will definitely not feature against West Ham,\" said Smith. \"I do not believe he will be in the right frame of mind after the events of this week. I think leaving him out of my starting line-up is the best way to handle the situation.\" </p> <p>Although the versatile 28-year-old still has 16 months left to run on his current contract, Smith will now seek to sell him for about \u00a33m. </p> <p>Despite his reputation as a maverick, Hutchison has many admirers, including the Sunderland manager Peter Reid who is anxious to strengthen his squad after the serious injury to Gavin McCann. </p> <p>\"I think Don Hutchison is a good player and we will certainly be monitoring,\" Reid said. Other clubs who can be expected to express an interest are Newcastle United, Leeds United and Middlesbrough. </p> <p>Ironically, the man who will succeed Hutchison as Everton captain, the former Scottish international defender Richard Gough, may also be on the move shortly. He has been offered a 12-month extension to his current deal but he too is believed to be unhappy about the financial terms. </p> <p>Although Gough is one of the oldest players in British football at 37, he is still admired and may receive offers from West Ham, Sheffield Wednesday and Manchester City if he does decide to leave Everton after one highly successful season.</p>",
      "newspaperPageNumber": "2",
      "wordcount": "401",
      "commentable": "false",
      "isPremoderated": "false",
      "lastModified": "2017-02-20T22:34:25Z",
      "newspaperEditionDate": "2000-02-26T00:00:00Z",
      "productionOffice": "UK",
      "publication": "theguardian.com",
      "shortUrl": "https://gu.com/p/x4bpe",
      "shouldHideAdverts": "false",
      "showInRelatedContent": "true",
      "legallySensitive": "false",
      "lang": "en",
      "bodyText": "Everton's Don Hutchison paid a high price for his hard-headedness yesterday when he was stripped of his club's captaincy and put on the transfer list. Less than 24 hours after he abandoned all hope of negotiating a new deal at Goodison Park, his manager Walter Smith announced that the Scottish international midfielder would be omitted from the side to face West Ham United at Upton Park thisafternoon, and it seems highly unlikely he will play again for Everton. Hutchison's attempts to convince the club he was worthy of a 100% pay rise - from \u00a38,000 a week to \u00a316,000 - ended in failure on Thursday when talks collapsed. \"I wanted to stay. I wanted to sign for life. A lot of fans are thinking I'm asking for the earth but that's rubbish,\" he said yesterday. \"I was just looking for parity with some of the other players. What they offered me was a disgrace. They turned around and said I had a week to accept and if I didn't they'd sell me, but I have rejected it.\" \"He will definitely not feature against West Ham,\" said Smith. \"I do not believe he will be in the right frame of mind after the events of this week. I think leaving him out of my starting line-up is the best way to handle the situation.\" Although the versatile 28-year-old still has 16 months left to run on his current contract, Smith will now seek to sell him for about \u00a33m. Despite his reputation as a maverick, Hutchison has many admirers, including the Sunderland manager Peter Reid who is anxious to strengthen his squad after the serious injury to Gavin McCann. \"I think Don Hutchison is a good player and we will certainly be monitoring,\" Reid said. Other clubs who can be expected to express an interest are Newcastle United, Leeds United and Middlesbrough. Ironically, the man who will succeed Hutchison as Everton captain, the former Scottish international defender Richard Gough, may also be on the move shortly. He has been offered a 12-month extension to his current deal but he too is believed to be unhappy about the financial terms. Although Gough is one of the oldest players in British football at 37, he is still admired and may receive offers from West Ham, Sheffield Wednesday and Manchester City if he does decide to leave Everton after one highly successful season.",
      "charCount": "2261"
    },
    "isHosted": false,
    "pillarId": "pillar/sport",
    "pillarName": "Sport"
  }
]