[
  {
    "id": "business/2000/mar/02/globalrecession.theissuesexplained",
    "type": "article",
    "sectionId": "business",
    "sectionName": "Business",
    "webPublicationDate": "2000-03-02T16:58:43Z",
    "webTitle": "Oil prices",
    "webUrl": "https://www.theguardian.com/business/2000/mar/02/globalrecession.theissuesexplained",
    "apiUrl": "https://content.guardianapis.com/business/2000/mar/02/globalrecession.theissuesexplained",
    "fields": {
      "headline": "Oil prices",
      "standfirst": "Fuel prices have jumped 55% in the past few weeks, stoking fears that high energy prices will trigger a global recession. Mark Tran explains the reasons behind the recent jump in prices.",
      "trailText": "<p><strong>What's behind the rise? </strong><br /></p>",
      "main": "",
      "body": "<p><strong>What's behind the rise? </strong><br></p> <p>The price of oil has reached $31 (\u00a320) a barrel - a level not seen since the 1990 Gulf war. At the start of last year, oil cost only $10 a barrel, having gone into a nosedive because of the Asian economic crisis in 1997. As Asia slumped into recession, demand for oil fell, driving down prices. The Organisation of Petroleum Exporting Countries - the cartel of 11 oil-producing countries - decided last year to cut back production by 4.3m barrels per day (bpd) to boost prices and it has succeeded spectacularly.</p> <p><strong>Haven't we been here before? </strong><br></p> <p>Opec used to be a little-known cartel formed in 1960 with five members - Iran, Iraq, Kuwait, Saudi Arabia and Venezuela. By the end of 1971 six other nations had joined the group - Qatar, Indonesia, Libya, United Arab Emirates, Algeria and Nigeria. The cartel reached public awareness after the 1973 October war, when Egypt and Syria launched a surprise attack on Israel. Arab exporters imposed an embargo on western countries supporting Israel. Oil prices quadrupled in the world's first oil crisis. Three other crises followed, however, the first was the most damaging.</p> <p><strong>Does Opec want another crisis? </strong><br></p> <p>No. Recession in the industrialised world is the last thing Opec wants. The cartel decided to curtail production last month in order to push the price up to a \"fair\" price of around $18-$20 a barrel. But it is notoriously hard to control markets and they often overshoot the mark. The US stock market is another example of a dangerously overheated market, according to analysts. In the oil market, prices have exceeded the intended target.</p> <p><strong>So what's being done about these prices? </strong><br></p> <p>The US is leading the effort to persuade Opec to raise production and bring down prices. Energy secretary Bill Richardson has been touring producing countries, cajoling them to open the spigots, and oil ministers have been talking about what to do before a formal Opec meeting on March 27. Opec officials say they expect the meeting to recommend that Opec increase output by 1.2m bpd, with a further rise of 500,000 bpd if prices did not fall sharply.</p> <p><strong>Would this be enough to lower prices? </strong><br></p> <p>Analysts believe not because it is only a quarter of the 4.3m bpd cut in production from last April. They argue that the price has already factored in an increase of 1.2m bpd.</p> <p><strong>Why is the US leading the effort for lower prices? </strong><br></p> <p>Because America - Opec's largest customer - is a huge consumer of energy and pressure is building on the White House to do something. Members of Congress have demanded that the Clinton administration cut off aid and arms sales to Opec countries as American citizens start to complain about the high price of petrol and domestic fuel. Even if Opec did respond to US pressure, it may come too late to prevent petrol prices - already at a 10-year peak - from hitting $2 a gallon this summer, when Americans fill up their tanks for the holidays. That would not bode well vice-president Al Gore in the Democratic presidential race for the White House. The US says it may release oil from its emergency reserves to depress prices.</p> <p><strong>Useful links</strong></p> <p><a href=\"http://www.opec.org/\">Opec</a></p> <p><a href=\"http://www.eia.doe.gov/oil_gas/petroleum/pet_frame.html\">US department of energy</a></p> <p><a href=\"http://www.wtrg.com/prices.htm/\">History of oil prices from WTRG Economics</a><br></p>",
      "wordcount": "557",
      "commentable": "false",
      "isPremoderated": "false",
      "lastModified": "2001-04-18T15:58:43Z",
      "newspaperEditionDate": "2000-03-02T00:00:00Z",
      "productionOffice": "UK",
      "publication": "theguardian.com",
      "shortUrl": "https://gu.com/p/33yt",
      "shouldHideAdverts": "false",
      "showInRelatedContent": "true",
      "legallySensitive": "false",
      "lang": "en",
      "bodyText": "What's behind the rise? The price of oil has reached $31 (\u00a320) a barrel - a level not seen since the 1990 Gulf war. At the start of last year, oil cost only $10 a barrel, having gone into a nosedive because of the Asian economic crisis in 1997. As Asia slumped into recession, demand for oil fell, driving down prices. The Organisation of Petroleum Exporting Countries - the cartel of 11 oil-producing countries - decided last year to cut back production by 4.3m barrels per day (bpd) to boost prices and it has succeeded spectacularly. Haven't we been here before? Opec used to be a little-known cartel formed in 1960 with five members - Iran, Iraq, Kuwait, Saudi Arabia and Venezuela. By the end of 1971 six other nations had joined the group - Qatar, Indonesia, Libya, United Arab Emirates, Algeria and Nigeria. The cartel reached public awareness after the 1973 October war, when Egypt and Syria launched a surprise attack on Israel. Arab exporters imposed an embargo on western countries supporting Israel. Oil prices quadrupled in the world's first oil crisis. Three other crises followed, however, the first was the most damaging. Does Opec want another crisis? No. Recession in the industrialised world is the last thing Opec wants. The cartel decided to curtail production last month in order to push the price up to a \"fair\" price of around $18-$20 a barrel. But it is notoriously hard to control markets and they often overshoot the mark. The US stock market is another example of a dangerously overheated market, according to analysts. In the oil market, prices have exceeded the intended target. So what's being done about these prices? The US is leading the effort to persuade Opec to raise production and bring down prices. Energy secretary Bill Richardson has been touring producing countries, cajoling them to open the spigots, and oil ministers have been talking about what to do before a formal Opec meeting on March 27. Opec officials say they expect the meeting to recommend that Opec increase output by 1.2m bpd, with a further rise of 500,000 bpd if prices did not fall sharply. Would this be enough to lower prices? Analysts believe not because it is only a quarter of the 4.3m bpd cut in production from last April. They argue that the price has already factored in an increase of 1.2m bpd. Why is the US leading the effort for lower prices? Because America - Opec's largest customer - is a huge consumer of energy and pressure is building on the White House to do something. Members of Congress have demanded that the Clinton administration cut off aid and arms sales to Opec countries as American citizens start to complain about the high price of petrol and domestic fuel. Even if Opec did respond to US pressure, it may come too late to prevent petrol prices - already at a 10-year peak - from hitting $2 a gallon this summer, when Americans fill up their tanks for the holidays. That would not bode well vice-president Al Gore in the Democratic presidential race for the White House. The US says it may release oil from its emergency reserves to depress prices. Useful links Opec US department of energy History of oil prices from WTRG Economics",
      "charCount": "3175"
    },
    "isHosted": false,
    "pillarId": "pillar/news",
    "pillarName": "News"
  },
  {
    "id": "technology/2000/mar/02/efinance.business2",
    "type": "article",
    "sectionId": "technology",
    "sectionName": "Technology",
    "webPublicationDate": "2000-03-02T02:17:45Z",
    "webTitle": "StepStone",
    "webUrl": "https://www.theguardian.com/technology/2000/mar/02/efinance.business2",
    "apiUrl": "https://content.guardianapis.com/technology/2000/mar/02/efinance.business2",
    "fields": {
      "headline": "StepStone",
      "standfirst": "<br /><a href=\"http://www.newsunlimited.co.uk/efinance\">E-finance: special report</a>",
      "trailText": "<p>StepStone has certainly found its path to success easy in the euphoria surrounding internet stocks with the announcement of its &#163;2.41 a share flotation price hitting the top end of expectations yesterday. </p>",
      "byline": "Anne Hyland",
      "main": "",
      "body": "<p>StepStone has certainly found its path to success easy in the euphoria surrounding internet stocks with the announcement of its \u00a32.41 a share flotation price hitting the top end of expectations yesterday. </p> <p>The Norwegian online recruitment firm, which begins officially trading on the London and Oslo markets on March 14, last week had to nudge up its offer range from between 152p and 190p to 205p and 243p in response to the strong investor demand. </p> <p>British investors have been allocated 5.9m shares with a parcel of 200 each, while 1.5m shares go to Norwegians. </p> <p>Spread betting firms expect StepStone to soar as high as 480p to 490p. Fred Tulloch, marketing manager at Financial Spreads, said the demand for internet firms continued to amaze the company, which had underestimated its bets on StepStone and Interactive Investor International. </p> <p>The offer of only 54m StepStone shares, which will raise \u00a3121m, is understood to have been at least 20 times oversubscribed with one institutional investor asking for 10%. </p> <p>StepStone will be capitalised initially at \u00a3514m and intends to use the funds to expand across Europe. Giles Clarke, chief executive of StepStone, said the strategy is to be the leading online recruitment and career portal by snatching more employment listings, customer advertising and CV listings. </p> <p>Mr Clarke who took the helm last September owns about 5% of the company. StepStone boasts clients including Nokia, Andersen Consulting, Coca-Cola and Pizza Hut. </p> <p>However, losses at StepStone, founded in 1996, have leapt from \u20ac300,000 in 1997 to \u20ac24.2m (\u00a315m) last year. It operates in Britain, Norway, Denmark, Sweden, Germany, France, Belgium and Italy, and claims that it is the market leader by revenue. Turnover in 1999 was \u00a37m. </p> <p>It says it has about 1.7m job-seeker profiles in its database and that it is used by more than 10,000 companies. </p>",
      "newspaperPageNumber": "31",
      "wordcount": "308",
      "commentable": "false",
      "isPremoderated": "false",
      "lastModified": "2017-02-21T23:47:20Z",
      "newspaperEditionDate": "2000-03-02T00:00:00Z",
      "productionOffice": "UK",
      "publication": "theguardian.com",
      "shortUrl": "https://gu.com/p/x46m",
      "shouldHideAdverts": "false",
      "showInRelatedContent": "true",
      "legallySensitive": "false",
      "lang": "en",
      "bodyText": "StepStone has certainly found its path to success easy in the euphoria surrounding internet stocks with the announcement of its \u00a32.41 a share flotation price hitting the top end of expectations yesterday. The Norwegian online recruitment firm, which begins officially trading on the London and Oslo markets on March 14, last week had to nudge up its offer range from between 152p and 190p to 205p and 243p in response to the strong investor demand. British investors have been allocated 5.9m shares with a parcel of 200 each, while 1.5m shares go to Norwegians. Spread betting firms expect StepStone to soar as high as 480p to 490p. Fred Tulloch, marketing manager at Financial Spreads, said the demand for internet firms continued to amaze the company, which had underestimated its bets on StepStone and Interactive Investor International. The offer of only 54m StepStone shares, which will raise \u00a3121m, is understood to have been at least 20 times oversubscribed with one institutional investor asking for 10%. StepStone will be capitalised initially at \u00a3514m and intends to use the funds to expand across Europe. Giles Clarke, chief executive of StepStone, said the strategy is to be the leading online recruitment and career portal by snatching more employment listings, customer advertising and CV listings. Mr Clarke who took the helm last September owns about 5% of the company. StepStone boasts clients including Nokia, Andersen Consulting, Coca-Cola and Pizza Hut. However, losses at StepStone, founded in 1996, have leapt from \u20ac300,000 in 1997 to \u20ac24.2m (\u00a315m) last year. It operates in Britain, Norway, Denmark, Sweden, Germany, France, Belgium and Italy, and claims that it is the market leader by revenue. Turnover in 1999 was \u00a37m. It says it has about 1.7m job-seeker profiles in its database and that it is used by more than 10,000 companies.",
      "charCount": "1857"
    },
    "isHosted": false,
    "pillarId": "pillar/news",
    "pillarName": "News"
  },
  {
    "id": "business/2000/mar/02/efinance.internet2",
    "type": "article",
    "sectionId": "business",
    "sectionName": "Business",
    "webPublicationDate": "2000-03-02T02:17:44Z",
    "webTitle": "Anglian spreads its net to offset lower prices",
    "webUrl": "https://www.theguardian.com/business/2000/mar/02/efinance.internet2",
    "apiUrl": "https://content.guardianapis.com/business/2000/mar/02/efinance.internet2",
    "fields": {
      "headline": "Anglian spreads its net to offset lower prices",
      "standfirst": "<br /><a href=\"http://www.newsunlimited.co.uk/efinance\">E-finance: special report</a>",
      "trailText": "<p>Anglian Water is looking to the internet to help offset lower prices and competition in its core business. </p>",
      "byline": "Nicholas Bannister, Chief Business Correspondent",
      "main": "",
      "body": "<p>Anglian Water is looking to the internet to help offset lower prices and competition in its core business. </p> <p>Chris Mellor, the privatised water company's managing director, said its web site, inaugurated six months ago, moved into profit last month and would shortly expand its services. The site is one of a number of initiatives Anglian is taking counter the squeeze on its profits. </p> <p>Mr Mellor said that the company would shortly start to sell electricity and gas to its customers. \"It is pretty low-margin business but we can bundle it together and offer it to our 6m customers,\" he said. </p> <p>Anglian is also seeking to expand its overseas business and is part of a consortium bidding for the contracts to revamp the London Underground. </p> <p>Mr Mellor said that one of the latest additions to its web site, a car insurance service, was already attracting 300 in quiries a week. The group has plans to sell an advanced burglar alarm system which could be linked into the telemetry network used for monitoring Anglian's water operations. </p> <p>The utility also plans to allow customers to notify the company of changes of address over the internet. \"When people move house, they often consider buying a new washing machine or cooker and they will be able to buy them from our web site, \" Mr Mellor said. </p> <p>Anglian takes a commission on white goods purchases which are handled by another company, Value Direct. </p> <p>The company is also using the internet to expand the markets for its Geodysis digital mapping and Powermarque vehicle leasing operations. </p> <p>Mr Mellor said that Anglian had to provide detailed maps to local authorities by law. It was now selling this information over the internet to local solicitors to help with house purchase searches. </p> <p>Anglian, which is cutting 400 jobs to reduce costs to meet the 10% price cut imposed by Ofwat, is also seeking to expand its international operations. </p> <p>New bids include one for the construction of a water treatment plant in Beijing.</p>",
      "newspaperPageNumber": "26",
      "wordcount": "331",
      "commentable": "false",
      "isPremoderated": "false",
      "lastModified": "2017-02-21T23:47:20Z",
      "newspaperEditionDate": "2000-03-02T00:00:00Z",
      "productionOffice": "UK",
      "publication": "theguardian.com",
      "shortUrl": "https://gu.com/p/33y8",
      "shouldHideAdverts": "false",
      "showInRelatedContent": "true",
      "legallySensitive": "false",
      "lang": "en",
      "bodyText": "Anglian Water is looking to the internet to help offset lower prices and competition in its core business. Chris Mellor, the privatised water company's managing director, said its web site, inaugurated six months ago, moved into profit last month and would shortly expand its services. The site is one of a number of initiatives Anglian is taking counter the squeeze on its profits. Mr Mellor said that the company would shortly start to sell electricity and gas to its customers. \"It is pretty low-margin business but we can bundle it together and offer it to our 6m customers,\" he said. Anglian is also seeking to expand its overseas business and is part of a consortium bidding for the contracts to revamp the London Underground. Mr Mellor said that one of the latest additions to its web site, a car insurance service, was already attracting 300 in quiries a week. The group has plans to sell an advanced burglar alarm system which could be linked into the telemetry network used for monitoring Anglian's water operations. The utility also plans to allow customers to notify the company of changes of address over the internet. \"When people move house, they often consider buying a new washing machine or cooker and they will be able to buy them from our web site, \" Mr Mellor said. Anglian takes a commission on white goods purchases which are handled by another company, Value Direct. The company is also using the internet to expand the markets for its Geodysis digital mapping and Powermarque vehicle leasing operations. Mr Mellor said that Anglian had to provide detailed maps to local authorities by law. It was now selling this information over the internet to local solicitors to help with house purchase searches. Anglian, which is cutting 400 jobs to reduce costs to meet the 10% price cut imposed by Ofwat, is also seeking to expand its international operations. New bids include one for the construction of a water treatment plant in Beijing.",
      "charCount": "1958"
    },
    "isHosted": false,
    "pillarId": "pillar/news",
    "pillarName": "News"
  },
  {
    "id": "news/2000/mar/02/guardianobituaries4",
    "type": "article",
    "sectionId": "news",
    "sectionName": "News",
    "webPublicationDate": "2000-03-02T02:17:14Z",
    "webTitle": "Bernard Price",
    "webUrl": "https://www.theguardian.com/news/2000/mar/02/guardianobituaries4",
    "apiUrl": "https://content.guardianapis.com/news/2000/mar/02/guardianobituaries4",
    "fields": {
      "headline": "Bernard Price",
      "standfirst": "Dancing on the ceiling with Jessie Matthews",
      "trailText": "Bernard Price, who has died of cancer aged 74, was one of those dedicated actors whose failure to make a name in the theatre never deterred him from having a go at anything that turned up - walk-on, straight plays, revues, music hall, pantomime, song-and-dance, chorus boy, and finally agent and administrator at the New Era Academy of Drama and Music.",
      "byline": "Eric Shorter",
      "main": "",
      "body": "Bernard Price, who has died of cancer aged 74, was one of those dedicated actors whose failure to make a name in the theatre never deterred him from having a go at anything that turned up - walk-on, straight plays, revues, music hall, pantomime, song-and-dance, chorus boy, and finally agent and administrator at the New Era Academy of Drama and Music. <p>He discovered in show-business enough fulfilment by rubbing shoulders with the famous; and of all those shoulders none enchanted him more than those of Jessie Matthews. She was 18 years his senior, and the couple first toured together in a revival of Noel Coward's Private Lives (1954). He counted her \"the love of my life\" and reckoned to have been her closest male friend until her death in 1982. After her third marriage had failed, she asked him to marry her, but being what he called a \"dignified homosexual\" he felt bound to refuse. </p> <p>Other stars he worked with ranged from Tony Hancock, Max Bygraves and Tommy Trinder to Elaine Stritch and Van Johnson. Whether the most vigilant theatregoer could place Price in any of his theatrical manifestations - his name eludes theatre criticisms and reference books - is not the point. Until, in the late 1960s, he turned to teaching and theatre agencies, no one could have been more content as a performer. </p> <p>Price was born in Merton, Surrey, the son of an egg salesman. He debuted at 16 in a north London amateur production of Dodie Smith's Dear Octopus. The director Barry Jackson saw it and engaged him in 1944. Lewis Casson then took on Price for three Shaw revivals, Man And Superman, Pygmalion and Saint Joan at Bristol and in London, for an armed forces tour to Paris post-liberation, and to Belgium and Germany at the end of the second world war. </p> <p>In 1947 in South Africa Price played one of the two homosexuals in Now Barabbas, William Douglas Home's play about life in prison based on his own wartime experience. Price also acted in the thriller They Walk Alone and worked in management with the Johannesburg corps de ballet. </p> <p>He returned to London in 1951. In that decade he worked in television with Tony Hancock and Tommy Trinder - with whom he also appeared in pantomime - and toured in plays and musicals like Doctor In The House (as Simon Sparrow), No, No Nanette, and I Killed The Count. </p> <p>In 1961 he appeared in the West End at the Adelphi in the Broadway musical The Music Man, with Van Johnson and the young Dennis Waterman, and in 1962 in Noel Coward's Sail Away (Savoy) with Elaine Stritch. In 1964 he was in the Max Bygraves review Round About Piccadilly (Prince of Wales). </p> <p>In the mid-1960s Price turned to agency work, and in 1967 he joined New Era. He was also a founder member of the Gay Switchboard care line, Icebreakers. </p> <p>In 1976 at the Shaftesbury Theatre he partnered the love of his life, for the last time, on the song which made her name, Dancing on the Ceiling. When he nervously asked her: \"Was I alright?\" She said: \"Yes, but you forgot to smile.\" </p> <p>Since the mid-1970s he shared his London house with his friends Rodney Worth and Patrick Cabane, who survive him.</p>",
      "newspaperPageNumber": "24",
      "wordcount": "548",
      "commentable": "false",
      "isPremoderated": "false",
      "lastModified": "2000-03-02T02:17:14Z",
      "newspaperEditionDate": "2000-03-02T00:00:00Z",
      "productionOffice": "UK",
      "publication": "theguardian.com",
      "shortUrl": "https://gu.com/p/zn5n",
      "shouldHideAdverts": "false",
      "showInRelatedContent": "true",
      "legallySensitive": "false",
      "lang": "en",
      "bodyText": "Bernard Price, who has died of cancer aged 74, was one of those dedicated actors whose failure to make a name in the theatre never deterred him from having a go at anything that turned up - walk-on, straight plays, revues, music hall, pantomime, song-and-dance, chorus boy, and finally agent and administrator at the New Era Academy of Drama and Music. He discovered in show-business enough fulfilment by rubbing shoulders with the famous; and of all those shoulders none enchanted him more than those of Jessie Matthews. She was 18 years his senior, and the couple first toured together in a revival of Noel Coward's Private Lives (1954). He counted her \"the love of my life\" and reckoned to have been her closest male friend until her death in 1982. After her third marriage had failed, she asked him to marry her, but being what he called a \"dignified homosexual\" he felt bound to refuse. Other stars he worked with ranged from Tony Hancock, Max Bygraves and Tommy Trinder to Elaine Stritch and Van Johnson. Whether the most vigilant theatregoer could place Price in any of his theatrical manifestations - his name eludes theatre criticisms and reference books - is not the point. Until, in the late 1960s, he turned to teaching and theatre agencies, no one could have been more content as a performer. Price was born in Merton, Surrey, the son of an egg salesman. He debuted at 16 in a north London amateur production of Dodie Smith's Dear Octopus. The director Barry Jackson saw it and engaged him in 1944. Lewis Casson then took on Price for three Shaw revivals, Man And Superman, Pygmalion and Saint Joan at Bristol and in London, for an armed forces tour to Paris post-liberation, and to Belgium and Germany at the end of the second world war. In 1947 in South Africa Price played one of the two homosexuals in Now Barabbas, William Douglas Home's play about life in prison based on his own wartime experience. Price also acted in the thriller They Walk Alone and worked in management with the Johannesburg corps de ballet. He returned to London in 1951. In that decade he worked in television with Tony Hancock and Tommy Trinder - with whom he also appeared in pantomime - and toured in plays and musicals like Doctor In The House (as Simon Sparrow), No, No Nanette, and I Killed The Count. In 1961 he appeared in the West End at the Adelphi in the Broadway musical The Music Man, with Van Johnson and the young Dennis Waterman, and in 1962 in Noel Coward's Sail Away (Savoy) with Elaine Stritch. In 1964 he was in the Max Bygraves review Round About Piccadilly (Prince of Wales). In the mid-1960s Price turned to agency work, and in 1967 he joined New Era. He was also a founder member of the Gay Switchboard care line, Icebreakers. In 1976 at the Shaftesbury Theatre he partnered the love of his life, for the last time, on the song which made her name, Dancing on the Ceiling. When he nervously asked her: \"Was I alright?\" She said: \"Yes, but you forgot to smile.\" Since the mid-1970s he shared his London house with his friends Rodney Worth and Patrick Cabane, who survive him.",
      "charCount": "3090"
    },
    "isHosted": false,
    "pillarId": "pillar/news",
    "pillarName": "News"
  },
  {
    "id": "world/2000/mar/02/danatkinson.janemartinson",
    "type": "article",
    "sectionId": "world",
    "sectionName": "World news",
    "webPublicationDate": "2000-03-02T02:17:13Z",
    "webTitle": "Oil cartel lights a match that could explode the 90s boom",
    "webUrl": "https://www.theguardian.com/world/2000/mar/02/danatkinson.janemartinson",
    "apiUrl": "https://content.guardianapis.com/world/2000/mar/02/danatkinson.janemartinson",
    "fields": {
      "headline": "Oil cartel lights a match that could explode the 90s boom",
      "standfirst": "The price of 'black gold' has soared. Commentators are asking: is the fourth petroleum crisis about to dawn?",
      "trailText": "A taste of the bad old days impinged on the hi-tech high-growth \"new economy\" last week when 300 angry American truck drivers effectively blockaded the centre of Washington. Their gripe? A 55% jump in the price of fuel in the past few weeks.",
      "byline": "Larry Elliott, Dan Atkinson  and Jane Martinson",
      "main": "",
      "body": "A taste of the bad old days impinged on the hi-tech high-growth \"new economy\" last week when 300 angry American truck drivers effectively blockaded the centre of Washington. Their gripe? A 55% jump in the price of fuel in the past few weeks. <p>The spectre of a fourth oil crisis is starting to haunt the cosy late-90s world of internet caf\u00e9s, endless growth and shrinking dole queues. The price of crude oil has soared 150% in a year, and the 11-nation group of key producer states - the Organisation of Petroleum Exporting Countries (Opec) - is once again prime suspect. </p> <p>For those who recall the early 70s, it is just like old times. Big producers cut supplies, oil prices soar. This time the man acting as Washington's fixer is not Henry Kissinger but the US energy secretary, Bill Richardson, currently trying to talk Opec and other oil producers into opening the taps so prices can fall. </p> <p>\"We cannot sustain this imbalance between supply and demand without risking serious reprecussions for the world economy,\" he warned at a congressional hearing in Washington yesterday. </p> <p>Opec meets next month to decide whether to change the cuts of 4.3m barrels a day it agreed in March last year - its most successful quotas in nearly two decades. Optimists hope that having enjoyed a year of high revenues the cartel will ease the quotas and let the price drift down to $18 or $20 a barrel, against the near-$30 (\u00a318.75) seen recently. </p> <p>Panicky western politicians know that an economic golden age was torpedoed once before by rising oil prices. </p> <p>Back in the autumn of 1973, the global economy had enjoyed its fastest and longest period of expansion: helped by cheap oil, the 30 years since the war had seen huge increases in prosperity, full employment and the growth of welfare states. </p> <p>Then came the increase of more than fivefold in oil prices triggered by the 1973 Yom Kippur war - in which Syria, Egypt and Iraq caught Israel off-guard. - which provided the final ingredient in a witches' brew. </p> <p>In Britain, where the coal miners were already on strike, the lights went out as an energy-rationing measure and the International Monetary Fund came in as the exchequer ran into trouble; in America, President Ford advised the population how to grow its own food; everywhere unemployment and inflation soared. Tough economic policies were brought in to to crush inflation. </p> <p>Further oil shocks followed - in 1979-80 and during the Gulf war over Iraq's occupation of Kuwait in 1990-91. But afterwards, life returned to what many economists saw as normal. The oil price fell below $20 a barrel, helping to rekindle growth in parts of the west, particularly the US. </p> <p>Opec - its members fighting with each other and perennially breaking the production quotas they agreed - found itself unable to prevent the price of petroleum going into freefall after the 1997 Asian financial crisis, when demand fell off for the abundant oil washing about. </p> <p>By the start of 1999, the oil price had fallen below $10 a barrel - which (adjusting for inflation) meant it was trading at half the levels seen in the 50s. There were reports of supertankers roaming the seas, unable to find a home for their cargoes. Every day, the world was pumping nearly a million barrels more than it needed. </p> <p>Opec stared into the abyss and stepped back. In March last year, it agreed that 10 members would cut their output - Iraq, the 11th, was excluded - and so would Mexico, Norway, Russia and Oman, so-called Nopec members. Together, the two groups would reduce production by about 5m barrels a day. For once, they defied sceptics and mostly stuck to the curbs. </p> <p>Opec's target was a \"fair price\" of $18-$20. The cartel succeeded beyond its wildest dreams: by last month the price was brushing $30. </p> <p>Everyone was caught on the hop, not least the US. It has turned to the stocks it accumulated during the glut of 1997-99. Using these prevented the higher market price from feeding through into an already overheating economy, but this breathing space is running out - hence Mr Richardson's efforts at shuttle diplomacy to talk to key world producers in recent days. </p> <p>On a national radio phone-in show in the US this week a caller by the name of Bill - a commercial greenhouse owner from New York state - fumed on behalf of many Americans: \"Frankly, I've been crucified by the heating-oil situation over the last month and a half. My costs have doubled ... And I'm sitting here pretty angry.\" </p> <p>Few analysts expect things to settle down in the near future in the US, which consumes 18m barrels oil a day or 23% of the world's oil output. The price of oil could fall, if forward prices on the Nymex exchange are any guide, but not, it appears, till September. </p> <p>It will cut little ice with US voters in an election year to be reminded that - due to their country's low taxes on fuel - US energy prices are exceptionally low compared to those the rest of the world is paying. A gallon of unleaded petrol for a car costs on average $1.36 (86p). </p> <p>It is too early to say whether we are in for an action replay of the 70s. There are as many differences as similarities: 25 years ago, inflationary strains were there even before Opec moved, while this time the European Union is only just start ing to grow at decent levels after its self-imposed austerity in the preparation for monetary union; and Japan has yet to recover from the bursting of its stock-market bubble of a decade ago. That said, there are those who warn that a \"fourth oil shock\" is on its way. </p> <p>Andrew Oswald of Warwick University argues that the three sharp rises in oil prices since the war - in 1973-74, 1979-80 and 1990 - were all \"followed by a slump ... and a sharp and then sustained rise in global unemployment\". Pricier energy will end the recent boom. </p> <p>Mark Redway, analyst at London stock broker Greig Middleton, is cautious, believing the price will come down gently after the March 27 Opec meeting and settle at an historically modest $20-$25 a barrel. </p> <p>A sharply different view of the future comes from David Fleming, a prominent environmental policy analyst: the real oil crisis has yet to come. </p> <p>\"Opec's power is going to increase very substantially,\" he said, as the cartel's share of world oil reserves - oil that is still in the ground - moves over the 50% mark. This is happening because non-Opec countries are exhausting their oilfields more quickly. </p> <p>It is \"not possible that we can survive that without a dramatic increase in the price of oil\", Dr Fleming said - yet leaders in the west \"are totally refusing to take this thing seriously ... this denial is grossly irresponsible\". </p> <p>Under Dr Fleming's analysis, the energy crunch in the 70s was eased by the discovery of big new oil fields, but this time round \"there are no more Alaskas, there are no more North Seas\".</p>",
      "newspaperPageNumber": "16",
      "wordcount": "1195",
      "commentable": "false",
      "isPremoderated": "false",
      "lastModified": "2000-03-02T02:17:13Z",
      "newspaperEditionDate": "2000-03-02T00:00:00Z",
      "productionOffice": "UK",
      "publication": "theguardian.com",
      "shortUrl": "https://gu.com/p/tzxa",
      "shouldHideAdverts": "false",
      "showInRelatedContent": "true",
      "legallySensitive": "false",
      "lang": "en",
      "bodyText": "A taste of the bad old days impinged on the hi-tech high-growth \"new economy\" last week when 300 angry American truck drivers effectively blockaded the centre of Washington. Their gripe? A 55% jump in the price of fuel in the past few weeks. The spectre of a fourth oil crisis is starting to haunt the cosy late-90s world of internet caf\u00e9s, endless growth and shrinking dole queues. The price of crude oil has soared 150% in a year, and the 11-nation group of key producer states - the Organisation of Petroleum Exporting Countries (Opec) - is once again prime suspect. For those who recall the early 70s, it is just like old times. Big producers cut supplies, oil prices soar. This time the man acting as Washington's fixer is not Henry Kissinger but the US energy secretary, Bill Richardson, currently trying to talk Opec and other oil producers into opening the taps so prices can fall. \"We cannot sustain this imbalance between supply and demand without risking serious reprecussions for the world economy,\" he warned at a congressional hearing in Washington yesterday. Opec meets next month to decide whether to change the cuts of 4.3m barrels a day it agreed in March last year - its most successful quotas in nearly two decades. Optimists hope that having enjoyed a year of high revenues the cartel will ease the quotas and let the price drift down to $18 or $20 a barrel, against the near-$30 (\u00a318.75) seen recently. Panicky western politicians know that an economic golden age was torpedoed once before by rising oil prices. Back in the autumn of 1973, the global economy had enjoyed its fastest and longest period of expansion: helped by cheap oil, the 30 years since the war had seen huge increases in prosperity, full employment and the growth of welfare states. Then came the increase of more than fivefold in oil prices triggered by the 1973 Yom Kippur war - in which Syria, Egypt and Iraq caught Israel off-guard. - which provided the final ingredient in a witches' brew. In Britain, where the coal miners were already on strike, the lights went out as an energy-rationing measure and the International Monetary Fund came in as the exchequer ran into trouble; in America, President Ford advised the population how to grow its own food; everywhere unemployment and inflation soared. Tough economic policies were brought in to to crush inflation. Further oil shocks followed - in 1979-80 and during the Gulf war over Iraq's occupation of Kuwait in 1990-91. But afterwards, life returned to what many economists saw as normal. The oil price fell below $20 a barrel, helping to rekindle growth in parts of the west, particularly the US. Opec - its members fighting with each other and perennially breaking the production quotas they agreed - found itself unable to prevent the price of petroleum going into freefall after the 1997 Asian financial crisis, when demand fell off for the abundant oil washing about. By the start of 1999, the oil price had fallen below $10 a barrel - which (adjusting for inflation) meant it was trading at half the levels seen in the 50s. There were reports of supertankers roaming the seas, unable to find a home for their cargoes. Every day, the world was pumping nearly a million barrels more than it needed. Opec stared into the abyss and stepped back. In March last year, it agreed that 10 members would cut their output - Iraq, the 11th, was excluded - and so would Mexico, Norway, Russia and Oman, so-called Nopec members. Together, the two groups would reduce production by about 5m barrels a day. For once, they defied sceptics and mostly stuck to the curbs. Opec's target was a \"fair price\" of $18-$20. The cartel succeeded beyond its wildest dreams: by last month the price was brushing $30. Everyone was caught on the hop, not least the US. It has turned to the stocks it accumulated during the glut of 1997-99. Using these prevented the higher market price from feeding through into an already overheating economy, but this breathing space is running out - hence Mr Richardson's efforts at shuttle diplomacy to talk to key world producers in recent days. On a national radio phone-in show in the US this week a caller by the name of Bill - a commercial greenhouse owner from New York state - fumed on behalf of many Americans: \"Frankly, I've been crucified by the heating-oil situation over the last month and a half. My costs have doubled ... And I'm sitting here pretty angry.\" Few analysts expect things to settle down in the near future in the US, which consumes 18m barrels oil a day or 23% of the world's oil output. The price of oil could fall, if forward prices on the Nymex exchange are any guide, but not, it appears, till September. It will cut little ice with US voters in an election year to be reminded that - due to their country's low taxes on fuel - US energy prices are exceptionally low compared to those the rest of the world is paying. A gallon of unleaded petrol for a car costs on average $1.36 (86p). It is too early to say whether we are in for an action replay of the 70s. There are as many differences as similarities: 25 years ago, inflationary strains were there even before Opec moved, while this time the European Union is only just start ing to grow at decent levels after its self-imposed austerity in the preparation for monetary union; and Japan has yet to recover from the bursting of its stock-market bubble of a decade ago. That said, there are those who warn that a \"fourth oil shock\" is on its way. Andrew Oswald of Warwick University argues that the three sharp rises in oil prices since the war - in 1973-74, 1979-80 and 1990 - were all \"followed by a slump ... and a sharp and then sustained rise in global unemployment\". Pricier energy will end the recent boom. Mark Redway, analyst at London stock broker Greig Middleton, is cautious, believing the price will come down gently after the March 27 Opec meeting and settle at an historically modest $20-$25 a barrel. A sharply different view of the future comes from David Fleming, a prominent environmental policy analyst: the real oil crisis has yet to come. \"Opec's power is going to increase very substantially,\" he said, as the cartel's share of world oil reserves - oil that is still in the ground - moves over the 50% mark. This is happening because non-Opec countries are exhausting their oilfields more quickly. It is \"not possible that we can survive that without a dramatic increase in the price of oil\", Dr Fleming said - yet leaders in the west \"are totally refusing to take this thing seriously ... this denial is grossly irresponsible\". Under Dr Fleming's analysis, the energy crunch in the 70s was eased by the discovery of big new oil fields, but this time round \"there are no more Alaskas, there are no more North Seas\".",
      "charCount": "6784"
    },
    "isHosted": false,
    "pillarId": "pillar/news",
    "pillarName": "News"
  },
  {
    "id": "world/2000/mar/02/danatkinson",
    "type": "article",
    "sectionId": "world",
    "sectionName": "World news",
    "webPublicationDate": "2000-03-02T02:17:12Z",
    "webTitle": "It's back - now slicker than ever",
    "webUrl": "https://www.theguardian.com/world/2000/mar/02/danatkinson",
    "apiUrl": "https://content.guardianapis.com/world/2000/mar/02/danatkinson",
    "fields": {
      "headline": "It's back - now slicker than ever",
      "standfirst": "Opec:  The new professionalism of the old cartel worries the west",
      "trailText": "Opec:  The new professionalism of the old cartel worries the west",
      "byline": "Dan Atkinson",
      "main": "",
      "body": "Opec, once associated with lights going out, queues at the petrol pumps and worldwide inflation, is back. It may not be - to use showbusiness jargon - bigger and badder than ever, but 40 years old this year, the 11-country cartel is leaner, fitter and more professional. <p>It no longer serves as a multi-purpose forum for a range of obsessions: pro-third world, pro-conservation, anti-west and anti-Israel. Opec 2000 is on the internet, reassuringly moderate about its oil-price targets and even thinking of putting its production quotas on a bureaucratic autopilot, taking much of the political haggling (and the fun) out of Opec summits. </p> <p>The west seems unconvinced the beast has been tamed; President Bill Clinton has made belligerent noises about Opec's remarkably successful cuts package, doubtless haunted by the memory of what the cartel helped to do to the last Democrat president - Jimmy Carter. </p> <p>But few know what Opec is or how it works. It remains strongly influenced by Middle Eastern concerns, not least because of Saudi Arabia's piv otal position in Opec production. The Saudis' April 1999 Opec quota was 7.4m barrels per day, about a third of the total. Saudi Arabia has been able to knock heads together inside the cartel whenever political feuding has threatened to sabotage its operations. </p> <p>There are suggestions that this happened most recently in 1998/99, when Saudi Arabia reportedly threatened to abandon quotas altogether and go for volume, pumping as much oil as physically possible. </p> <p>Given the low cost of the Saudi fields, which allows for profit even at very low prices, this threat would have been enough to ensure the signing of the successful spring 1999 cuts package. </p> <p>Officially, the cartel is a voluntary organisation of sovereign states whose decision-making body is the twice-yearly Opec conference, the oil ministers' summit. In reality, much of the quota-haggling is thrashed out ahead of the conferences. </p> <p>And the conference effectively reconstitutes itself from time to time as the \"ministerial monitoring committee\" to make recommendations to the conference (i.e. to itself). </p> <p>In this way, Opec is in more or less permanent session - useful for an organisation whose quota packages require unanimous agreement. There is nothing hard and fast about the twice-yearly summit rule: extra summits can be called whenever the need arises. </p> <p>Opec's secretariat, originally based in Geneva, is now housed in Vienna, providing the bureaucratic back-up for the oil ministers. </p> <p>Aligned with Opec is a floating group known as Nopec, made up of oil-producing countries sympathetic to Opec's aims and willing to fall in, unofficially, with production curbs. Present \"members\" include Mexico, Norway, Oman and Russia. Occasional Opec-Nopec get-togethers reinforce Opec's culture of the \"permanent summit\". In August Saudi and Venezuelan oil ministers met their Mexican counterpart in Caracas. </p> <p>With Opec's share of proven oil reserves set to rise in the coming 25 years from 40% to 50%, this new professionalism could make the cartel even more of a worry to the west.</p>",
      "newspaperPageNumber": "17",
      "wordcount": "493",
      "commentable": "false",
      "isPremoderated": "false",
      "lastModified": "2000-03-02T02:17:12Z",
      "newspaperEditionDate": "2000-03-02T00:00:00Z",
      "productionOffice": "UK",
      "publication": "theguardian.com",
      "shortUrl": "https://gu.com/p/mq2e",
      "shouldHideAdverts": "false",
      "showInRelatedContent": "true",
      "legallySensitive": "false",
      "lang": "en",
      "bodyText": "Opec, once associated with lights going out, queues at the petrol pumps and worldwide inflation, is back. It may not be - to use showbusiness jargon - bigger and badder than ever, but 40 years old this year, the 11-country cartel is leaner, fitter and more professional. It no longer serves as a multi-purpose forum for a range of obsessions: pro-third world, pro-conservation, anti-west and anti-Israel. Opec 2000 is on the internet, reassuringly moderate about its oil-price targets and even thinking of putting its production quotas on a bureaucratic autopilot, taking much of the political haggling (and the fun) out of Opec summits. The west seems unconvinced the beast has been tamed; President Bill Clinton has made belligerent noises about Opec's remarkably successful cuts package, doubtless haunted by the memory of what the cartel helped to do to the last Democrat president - Jimmy Carter. But few know what Opec is or how it works. It remains strongly influenced by Middle Eastern concerns, not least because of Saudi Arabia's piv otal position in Opec production. The Saudis' April 1999 Opec quota was 7.4m barrels per day, about a third of the total. Saudi Arabia has been able to knock heads together inside the cartel whenever political feuding has threatened to sabotage its operations. There are suggestions that this happened most recently in 1998/99, when Saudi Arabia reportedly threatened to abandon quotas altogether and go for volume, pumping as much oil as physically possible. Given the low cost of the Saudi fields, which allows for profit even at very low prices, this threat would have been enough to ensure the signing of the successful spring 1999 cuts package. Officially, the cartel is a voluntary organisation of sovereign states whose decision-making body is the twice-yearly Opec conference, the oil ministers' summit. In reality, much of the quota-haggling is thrashed out ahead of the conferences. And the conference effectively reconstitutes itself from time to time as the \"ministerial monitoring committee\" to make recommendations to the conference (i.e. to itself). In this way, Opec is in more or less permanent session - useful for an organisation whose quota packages require unanimous agreement. There is nothing hard and fast about the twice-yearly summit rule: extra summits can be called whenever the need arises. Opec's secretariat, originally based in Geneva, is now housed in Vienna, providing the bureaucratic back-up for the oil ministers. Aligned with Opec is a floating group known as Nopec, made up of oil-producing countries sympathetic to Opec's aims and willing to fall in, unofficially, with production curbs. Present \"members\" include Mexico, Norway, Oman and Russia. Occasional Opec-Nopec get-togethers reinforce Opec's culture of the \"permanent summit\". In August Saudi and Venezuelan oil ministers met their Mexican counterpart in Caracas. With Opec's share of proven oil reserves set to rise in the coming 25 years from 40% to 50%, this new professionalism could make the cartel even more of a worry to the west.",
      "charCount": "3079"
    },
    "isHosted": false,
    "pillarId": "pillar/news",
    "pillarName": "News"
  },
  {
    "id": "theguardian/2000/mar/02/features11.g28",
    "type": "article",
    "sectionId": "global",
    "sectionName": "Global",
    "webPublicationDate": "2000-03-02T02:17:07Z",
    "webTitle": "End of the Ikea affair",
    "webUrl": "https://www.theguardian.com/theguardian/2000/mar/02/features11.g28",
    "apiUrl": "https://content.guardianapis.com/theguardian/2000/mar/02/features11.g28",
    "fields": {
      "headline": "End of the Ikea affair",
      "standfirst": "It was billed as the company that brought Scandinavian style to Britain at flatpack prices. But, says Anna Tims, the reality of shopping at Ikea can be very different - and she has a postbag of angry readers' letters to prove it",
      "trailText": "Ikea, if you heed the hype, blasts fresh pine-scented air into the stale atmosphere of the British establishment. John Prescott reputedly called in the firm last year to furnish the new parliamentary building, Portcullis House; meanwhile the Tories sat at Ikea tables and chairs during their 1998 party conference. \"Good quality and low price,\" trumpets the publicity. \"How do we do it?\"",
      "main": "",
      "body": "Ikea, if you heed the hype, blasts fresh pine-scented air into the stale atmosphere of the British establishment. John Prescott reputedly called in the firm last year to furnish the new parliamentary building, Portcullis House; meanwhile the Tories sat at Ikea tables and chairs during their 1998 party conference. \"Good quality and low price,\" trumpets the publicity. \"How do we do it?\" <p>One answer lies in the pile of readers' letters that the Guardian has collected in the past two years, letters which seem to point to a quite astonishing disregard for customer service. The trouble starts if you find - as you often will - that your \"good quality\" purchase is damaged, that various vital components are missing, or that your goods fail to materialise altogether on successive appointed delivery days. Then, when you attempt to gain redress, you realise why the prices are \"low\". </p> <p>\"The team is down to its bare bones,\" says a spokesman, explaining why, as usual, the Guardian can't speak to anyone at headquarters. \"It's part of the Ikea concept to keep things frugal and cut costs, and if two or three people are away in head office it's a problem finding anyone you can talk to.\" </p> <p>This would explain why calls to the customer service centre - you can't call the stores directly - can result in a wait of up to half an hour and a promised callback that often doesn't come. And why, if you do get through to report dud goods, the onus is on you to return them. \"We do ask customers to post the goods back to us if they are unable to return them themselves,\" says a spokeswoman, helpfully - a weighty operation if, like reader Jonathan Ben-Ami, it's a 2m-high wardrobe. </p> <p>Then there are the cases of Jonathan Lorie, James Sloan and Ben Timmis, all of London. They each recently ordered Ikea kitchens. Lorie eventually acquired his after two missed delivery appointments, only to find that three items were missing. </p> <p>Seven weeks and many promises later, he was still waiting. Sloan's delivery also lacked crucial components, and included an incorrect work surface and an extra cupboard which he was told to send back himself. Eleven calls to the helpline got him nowhere and, after three months with an unusable kitchen, he spent several more calls persuading Ikea to take back the whole thing. Timmis' experience was almost identical. </p> <p>Ikea has promised that its customer services are expanding, but that this will \"take some time\". Equally stretched is its delivery firm Hays, which regularly misses appointments - five times in the case of Jillian Le Jeune of New Malden. Ikea last year confessed to a \"logistical problem\" and was obliged to extend waiting times by two weeks to cope with demand. </p> <p>\"We are aware of the occasional difficulties and frustrations that some of our customers encounter,\" says Matti Naar, UK marketing director. \"Ikea is a high-volume operation, that's how we keep our prices so low. But the tremendous demand is one of the main causes of the problems.\" Such problems could, he believes, be solved if the company could double its 10 UK stores, but \"the current presumption against edge-of-town development makes it difficult for us to find new sites\". </p> <p>The difficulty for consumers is that Ikea doesn't need to worry about their grievances. Why should it when demand is so large that those with internet access are advised to check a live photo of their local Ikea carpark before risking what could turn out to be a two-hour queue (a service of limited use since Ikea doesn't always update its pictures). </p> <p>Ikea's UK profit amounted to \u00a3522m last year, and 130m people visited 150 branches in 28 countries. Ikea likes to claim that it is steered not by figures but by \"vision\", including an environmental empathy which is belied by the huge blue and yellow hangars on open ground and traffic jams for a mile around. </p> <p>Unlike most retail businesses, it declines to adapt to local markets, preferring to evangelise Swedishness and what it calls \"democratic design\" - a problem for Ben Timmis, whose kitchen units were not designed to accommodate the English system of exposed piping. Employees are referred to as co-workers, some of the stores are run as franchises and last October a day's profits were split among its 4,000 UK staff. </p> <p>It's a pity that this cosy cameraderie doesn't extend to customers. The company has endeavoured to maintain a small-management philosophy, appropriate 50 years ago when Ingvar Kamprad founded it as a mail order business, but often ineffective when running a worldwide empire. To compensate for its minimalist staffing levels, stores are governed by a \"system\" and the system can do no wrong. </p> <p>The system assured John Gath of Sheffield that the dining set he wanted was in stock and could be delivered. When it failed to appear at the collection point, the system told him it was inaccessible. By then the system was showing that the goods weren't in stock after all - the only solution would be for him to return the next day. In fact, the dining set had been in the collection point all the time with its label hidden. The same system tells multiple customers that the goods they require are in stock, but, when they hire a van and arrive at the store, there are none available. One reader, wanting three footstools, found only two on the shelves, the other three being aloft in storage and too dangerous to reach during opening hours. </p> <p>The system only permitted two such stools to be out at any one time, and anyone who wanted three would have to make two trips. Nor was it possible to request a third to be forklifted down overnight: Ikea only sells what's on the shelf: no advance orders are allowed. </p> <p>Ikea argues that stripping overheads to the bare essentials is what keeps prices low. But that has its own cost. Last year, it was discovered that, to meet its relentless quest for bargains, Third World manufacturers were employing child labour and furniture makers in eastern Europe, who were existing in inhuman conditions on wages of 17p an hour. </p> <p>The irony is that those cheaper prices are deceptive, being up to 75% higher here than on the Continent. Competition in the UK, where Ikea has 4% of the furniture market, is so poor that it can undercut it without sacrifice, but the company insists the reason is the government's stern view of out-of-town retail centres which prevents them expanding (an unconvincing moan given 25m shoppers visited its UK stores last year). </p> <p>Yet when it's good, it's very good. The returning droves are testimony to the fact that reasonable furniture can be had at reasonable prices. But this success is what has undermined Ikea's service. IKEA simply can't cope with the demand but, while the demand continues, has little incentive to reform. The attitude is that the customer is privileged to shop there and there's an extraordinary arrogance about a store which commands a nation to become more Swedish, erects signs telling drivers they have two more hours to wait, and holds customers captive, requiring them to circulate the entire store in one direction before permitting escape. </p> <p>But maybe that's part of its charm. \"Ikea,\" says its publicity notes, \"has its roots in Smaland... where the harsh countryside demands thrift, inventiveness and hard work.\"</p>",
      "newspaperPageNumber": "14",
      "wordcount": "1238",
      "commentable": "false",
      "isPremoderated": "false",
      "lastModified": "2017-11-26T06:04:08Z",
      "newspaperEditionDate": "2000-03-02T00:00:00Z",
      "productionOffice": "UK",
      "publication": "The Guardian",
      "shortUrl": "https://gu.com/p/fnt4",
      "shouldHideAdverts": "false",
      "showInRelatedContent": "true",
      "legallySensitive": "false",
      "lang": "en",
      "bodyText": "Ikea, if you heed the hype, blasts fresh pine-scented air into the stale atmosphere of the British establishment. John Prescott reputedly called in the firm last year to furnish the new parliamentary building, Portcullis House; meanwhile the Tories sat at Ikea tables and chairs during their 1998 party conference. \"Good quality and low price,\" trumpets the publicity. \"How do we do it?\" One answer lies in the pile of readers' letters that the Guardian has collected in the past two years, letters which seem to point to a quite astonishing disregard for customer service. The trouble starts if you find - as you often will - that your \"good quality\" purchase is damaged, that various vital components are missing, or that your goods fail to materialise altogether on successive appointed delivery days. Then, when you attempt to gain redress, you realise why the prices are \"low\". \"The team is down to its bare bones,\" says a spokesman, explaining why, as usual, the Guardian can't speak to anyone at headquarters. \"It's part of the Ikea concept to keep things frugal and cut costs, and if two or three people are away in head office it's a problem finding anyone you can talk to.\" This would explain why calls to the customer service centre - you can't call the stores directly - can result in a wait of up to half an hour and a promised callback that often doesn't come. And why, if you do get through to report dud goods, the onus is on you to return them. \"We do ask customers to post the goods back to us if they are unable to return them themselves,\" says a spokeswoman, helpfully - a weighty operation if, like reader Jonathan Ben-Ami, it's a 2m-high wardrobe. Then there are the cases of Jonathan Lorie, James Sloan and Ben Timmis, all of London. They each recently ordered Ikea kitchens. Lorie eventually acquired his after two missed delivery appointments, only to find that three items were missing. Seven weeks and many promises later, he was still waiting. Sloan's delivery also lacked crucial components, and included an incorrect work surface and an extra cupboard which he was told to send back himself. Eleven calls to the helpline got him nowhere and, after three months with an unusable kitchen, he spent several more calls persuading Ikea to take back the whole thing. Timmis' experience was almost identical. Ikea has promised that its customer services are expanding, but that this will \"take some time\". Equally stretched is its delivery firm Hays, which regularly misses appointments - five times in the case of Jillian Le Jeune of New Malden. Ikea last year confessed to a \"logistical problem\" and was obliged to extend waiting times by two weeks to cope with demand. \"We are aware of the occasional difficulties and frustrations that some of our customers encounter,\" says Matti Naar, UK marketing director. \"Ikea is a high-volume operation, that's how we keep our prices so low. But the tremendous demand is one of the main causes of the problems.\" Such problems could, he believes, be solved if the company could double its 10 UK stores, but \"the current presumption against edge-of-town development makes it difficult for us to find new sites\". The difficulty for consumers is that Ikea doesn't need to worry about their grievances. Why should it when demand is so large that those with internet access are advised to check a live photo of their local Ikea carpark before risking what could turn out to be a two-hour queue (a service of limited use since Ikea doesn't always update its pictures). Ikea's UK profit amounted to \u00a3522m last year, and 130m people visited 150 branches in 28 countries. Ikea likes to claim that it is steered not by figures but by \"vision\", including an environmental empathy which is belied by the huge blue and yellow hangars on open ground and traffic jams for a mile around. Unlike most retail businesses, it declines to adapt to local markets, preferring to evangelise Swedishness and what it calls \"democratic design\" - a problem for Ben Timmis, whose kitchen units were not designed to accommodate the English system of exposed piping. Employees are referred to as co-workers, some of the stores are run as franchises and last October a day's profits were split among its 4,000 UK staff. It's a pity that this cosy cameraderie doesn't extend to customers. The company has endeavoured to maintain a small-management philosophy, appropriate 50 years ago when Ingvar Kamprad founded it as a mail order business, but often ineffective when running a worldwide empire. To compensate for its minimalist staffing levels, stores are governed by a \"system\" and the system can do no wrong. The system assured John Gath of Sheffield that the dining set he wanted was in stock and could be delivered. When it failed to appear at the collection point, the system told him it was inaccessible. By then the system was showing that the goods weren't in stock after all - the only solution would be for him to return the next day. In fact, the dining set had been in the collection point all the time with its label hidden. The same system tells multiple customers that the goods they require are in stock, but, when they hire a van and arrive at the store, there are none available. One reader, wanting three footstools, found only two on the shelves, the other three being aloft in storage and too dangerous to reach during opening hours. The system only permitted two such stools to be out at any one time, and anyone who wanted three would have to make two trips. Nor was it possible to request a third to be forklifted down overnight: Ikea only sells what's on the shelf: no advance orders are allowed. Ikea argues that stripping overheads to the bare essentials is what keeps prices low. But that has its own cost. Last year, it was discovered that, to meet its relentless quest for bargains, Third World manufacturers were employing child labour and furniture makers in eastern Europe, who were existing in inhuman conditions on wages of 17p an hour. The irony is that those cheaper prices are deceptive, being up to 75% higher here than on the Continent. Competition in the UK, where Ikea has 4% of the furniture market, is so poor that it can undercut it without sacrifice, but the company insists the reason is the government's stern view of out-of-town retail centres which prevents them expanding (an unconvincing moan given 25m shoppers visited its UK stores last year). Yet when it's good, it's very good. The returning droves are testimony to the fact that reasonable furniture can be had at reasonable prices. But this success is what has undermined Ikea's service. IKEA simply can't cope with the demand but, while the demand continues, has little incentive to reform. The attitude is that the customer is privileged to shop there and there's an extraordinary arrogance about a store which commands a nation to become more Swedish, erects signs telling drivers they have two more hours to wait, and holds customers captive, requiring them to circulate the entire store in one direction before permitting escape. But maybe that's part of its charm. \"Ikea,\" says its publicity notes, \"has its roots in Smaland... where the harsh countryside demands thrift, inventiveness and hard work.\"",
      "charCount": "7249"
    },
    "isHosted": false
  },
  {
    "id": "business/2000/mar/02/8",
    "type": "article",
    "sectionId": "business",
    "sectionName": "Business",
    "webPublicationDate": "2000-03-02T02:17:01Z",
    "webTitle": "Brewers bubble on takeover talk",
    "webUrl": "https://www.theguardian.com/business/2000/mar/02/8",
    "apiUrl": "https://content.guardianapis.com/business/2000/mar/02/8",
    "fields": {
      "headline": "Brewers bubble on takeover talk",
      "trailText": "<p>It has been quite some time since the beer sector saw so much froth in its collective share price. And for two of the major players - Scottish &amp; Newcastle and Whitbread - the excitement has not come a moment too soon. </p>",
      "byline": "Lisa Buckingham",
      "main": "",
      "body": "<p>It has been quite some time since the beer sector saw so much froth in its collective share price. And for two of the major players - Scottish &amp; Newcastle and Whitbread - the excitement has not come a moment too soon. </p> <p>Both companies will drop out of the FTSE index of top 100 shares this month unless something dramatic ignites their performance. But as with all the best stories, a cliffhanger is developing which looks likely to keep everyone guessing until the last moment. </p> <p>But, in the countdown to the FTSE decision, the sector's trickle of news has turned to a deluge and yesterday rumours about the intentions of Belgian company, Interbrew, electrified prices. The group, which is the fourth largest brewer in the world with brands such as Stella, has unexpectedly shut down its London operation. This was only a small presence, as Interbrew's produce - accounting for about 6% of the UK market - is brewed in Britain under licence by Whitbread whose shares climbed 9p to 533p. </p> <p>However, the axing of the UK office and jobs is being seen as the prelude to a takeover bid either for the whole of Whitbread or for the brewing arm of Bass, whose shares shot up by 46p to 717p. Kronenbourg is regarded as an alternative target, although that company is said to be in the sights of Scottish &amp; Newcastle (up 10p a 420p) which produces the brew under licence in Britain. </p> <p>Insiders at Whitbread deny that the closure of the Interbrew office holds any significance, saying it had first been mooted a year ago. And a spokesman for Interbrew denied the action would change its relationship with Whitbread, saying that the Belgian group was \"quite happy\". </p> <p>He made it clear, however, that Interbrew is determined to play a role in the consolidation of the brewing industry and, at current prices, the privately owned group would have little difficulty in finding sufficient cash to mop up the cream of Britain's beer makers. If prices were to rise, however, speculation suggests that Interbrew might dust down plans to float a third of its shares on the stock market in a move which could put a value of more than \u00a34bn on the enterprise.</p>",
      "newspaperPageNumber": "31",
      "wordcount": "374",
      "commentable": "false",
      "isPremoderated": "false",
      "lastModified": "2000-03-02T02:17:01Z",
      "newspaperEditionDate": "2000-03-02T00:00:00Z",
      "productionOffice": "UK",
      "publication": "theguardian.com",
      "shortUrl": "https://gu.com/p/33kz",
      "shouldHideAdverts": "false",
      "showInRelatedContent": "true",
      "legallySensitive": "false",
      "lang": "en",
      "bodyText": "It has been quite some time since the beer sector saw so much froth in its collective share price. And for two of the major players - Scottish &amp; Newcastle and Whitbread - the excitement has not come a moment too soon. Both companies will drop out of the FTSE index of top 100 shares this month unless something dramatic ignites their performance. But as with all the best stories, a cliffhanger is developing which looks likely to keep everyone guessing until the last moment. But, in the countdown to the FTSE decision, the sector's trickle of news has turned to a deluge and yesterday rumours about the intentions of Belgian company, Interbrew, electrified prices. The group, which is the fourth largest brewer in the world with brands such as Stella, has unexpectedly shut down its London operation. This was only a small presence, as Interbrew's produce - accounting for about 6% of the UK market - is brewed in Britain under licence by Whitbread whose shares climbed 9p to 533p. However, the axing of the UK office and jobs is being seen as the prelude to a takeover bid either for the whole of Whitbread or for the brewing arm of Bass, whose shares shot up by 46p to 717p. Kronenbourg is regarded as an alternative target, although that company is said to be in the sights of Scottish &amp; Newcastle (up 10p a 420p) which produces the brew under licence in Britain. Insiders at Whitbread deny that the closure of the Interbrew office holds any significance, saying it had first been mooted a year ago. And a spokesman for Interbrew denied the action would change its relationship with Whitbread, saying that the Belgian group was \"quite happy\". He made it clear, however, that Interbrew is determined to play a role in the consolidation of the brewing industry and, at current prices, the privately owned group would have little difficulty in finding sufficient cash to mop up the cream of Britain's beer makers. If prices were to rise, however, speculation suggests that Interbrew might dust down plans to float a third of its shares on the stock market in a move which could put a value of more than \u00a34bn on the enterprise.",
      "charCount": "2136"
    },
    "isHosted": false,
    "pillarId": "pillar/news",
    "pillarName": "News"
  },
  {
    "id": "business/2000/mar/02/utilities",
    "type": "article",
    "sectionId": "business",
    "sectionName": "Business",
    "webPublicationDate": "2000-03-02T02:17:00Z",
    "webTitle": "United wants to sell supply business sale",
    "webUrl": "https://www.theguardian.com/business/2000/mar/02/utilities",
    "apiUrl": "https://content.guardianapis.com/business/2000/mar/02/utilities",
    "fields": {
      "headline": "United wants to sell supply business sale",
      "trailText": "<p>United Utilities, the north west multi-utility struggling to cope with regulatory price cuts and increased competition, yesterday put its gas and electricity supply business up for sale.\n</p>",
      "main": "",
      "body": "<p>United Utilities, the north west multi-utility struggling to cope with regulatory price cuts and increased competition, yesterday put its gas and electricity supply business up for sale. </p> <p>The group has decided to sell its Norweb Energi subsidiary rather than expand the business through acquisition.</p> <p>It is the first big strategic move by the group since John Roberts took over as chief executive last September. It is de signed to take advantage of the electricity generators' rush to buy supply operations.</p> <p>A United Utilities spokesman said Norweb Energi had 2m electricity customers and 400,000 gas customers at a time when a supply business was thought to need more than 4m customers or its own generating capacity. Norweb lost 213,000 customers last year as competitors entered the electricity market.</p> <p>Industry sources said the leading contenders to buy Norweb Energi were British Energy, PowerGen, National Power and foreign groups such as RWE and El\u00e9ctricit\u00e9 de France. Analysts thought the business was worth \u00a3350m- \u00a3400m.</p> <p>United Utilities, which includes North West Water, intends to retain Norweb Distribution, which owns and operates the wires and cables between the national grid and customers.It also wants its Vertex services business to retain Norweb Energi's customer service contract.</p> <p>The heavily indebted United Utilities is expecting to see turnover fall by about \u00a3140m this year as a result of price cuts imposed by the water and electricity regulators. It plans to float its telecom business within a year and Vertex within four.</p>",
      "newspaperPageNumber": "26",
      "wordcount": "247",
      "commentable": "false",
      "isPremoderated": "false",
      "lastModified": "2000-03-02T02:17:00Z",
      "newspaperEditionDate": "2000-03-02T00:00:00Z",
      "productionOffice": "UK",
      "publication": "theguardian.com",
      "shortUrl": "https://gu.com/p/33y7",
      "shouldHideAdverts": "false",
      "showInRelatedContent": "true",
      "legallySensitive": "false",
      "lang": "en",
      "bodyText": "United Utilities, the north west multi-utility struggling to cope with regulatory price cuts and increased competition, yesterday put its gas and electricity supply business up for sale. The group has decided to sell its Norweb Energi subsidiary rather than expand the business through acquisition. It is the first big strategic move by the group since John Roberts took over as chief executive last September. It is de signed to take advantage of the electricity generators' rush to buy supply operations. A United Utilities spokesman said Norweb Energi had 2m electricity customers and 400,000 gas customers at a time when a supply business was thought to need more than 4m customers or its own generating capacity. Norweb lost 213,000 customers last year as competitors entered the electricity market. Industry sources said the leading contenders to buy Norweb Energi were British Energy, PowerGen, National Power and foreign groups such as RWE and El\u00e9ctricit\u00e9 de France. Analysts thought the business was worth \u00a3350m- \u00a3400m. United Utilities, which includes North West Water, intends to retain Norweb Distribution, which owns and operates the wires and cables between the national grid and customers.It also wants its Vertex services business to retain Norweb Energi's customer service contract. The heavily indebted United Utilities is expecting to see turnover fall by about \u00a3140m this year as a result of price cuts imposed by the water and electricity regulators. It plans to float its telecom business within a year and Vertex within four.",
      "charCount": "1548"
    },
    "isHosted": false,
    "pillarId": "pillar/news",
    "pillarName": "News"
  }
]