[
  {
    "id": "world/2000/dec/14/booksnews.hillaryclinton",
    "type": "article",
    "sectionId": "world",
    "sectionName": "World news",
    "webPublicationDate": "2000-12-14T11:47:08Z",
    "webTitle": "Price tag for Hillary's memoirs tops \u00a35m",
    "webUrl": "https://www.theguardian.com/world/2000/dec/14/booksnews.hillaryclinton",
    "apiUrl": "https://content.guardianapis.com/world/2000/dec/14/booksnews.hillaryclinton",
    "fields": {
      "headline": "Price tag for Hillary's memoirs tops \u00a35m",
      "trailText": "Bidding for the publication rights to Hillary Clinton's memoirs about her White House years is said to have reached more than $7.5m, approaching the record for a non-fiction book.",
      "byline": "Michael Ellison  in New York",
      "main": "",
      "body": "Bidding for the publication rights to Hillary Clinton's memoirs about her White House years is said to have reached more than $7.5m, approaching the record for a non-fiction book. <p>The US president, Bill Clinton, is also expected to write his memoirs, but those by first ladies tend to sell better.</p> <p>\"The expectation, realistic or not, is that the wives will be more candid than their husbands,\" said one publisher.</p> <p>The Pope got $8.5m (\u00a35.9m) six years ago for his memoirs and former president Ronald Reagan was paid more than $8m in 1989.</p> <p>\"Many others have imputed thoughts and feelings to me,\" says Mrs Clinton, who is expected to break with convention and ask for full payment in advance. \"I would like to have the chance to sort my own out and to share those.\"</p> <p>She will address the scandals of her husband's two terms, including the Monica Lewinsky affair. \"That's another issue that I'd probably like to put into my own words so that people could make their own judgments,\" she said.</p>",
      "newspaperPageNumber": "18",
      "wordcount": "175",
      "commentable": "false",
      "isPremoderated": "false",
      "lastModified": "2017-09-20T15:46:32Z",
      "newspaperEditionDate": "2000-12-14T00:00:00Z",
      "productionOffice": "UK",
      "publication": "theguardian.com",
      "shortUrl": "https://gu.com/p/n9x3",
      "shouldHideAdverts": "false",
      "showInRelatedContent": "true",
      "legallySensitive": "false",
      "lang": "en",
      "bodyText": "Bidding for the publication rights to Hillary Clinton's memoirs about her White House years is said to have reached more than $7.5m, approaching the record for a non-fiction book. The US president, Bill Clinton, is also expected to write his memoirs, but those by first ladies tend to sell better. \"The expectation, realistic or not, is that the wives will be more candid than their husbands,\" said one publisher. The Pope got $8.5m (\u00a35.9m) six years ago for his memoirs and former president Ronald Reagan was paid more than $8m in 1989. \"Many others have imputed thoughts and feelings to me,\" says Mrs Clinton, who is expected to break with convention and ask for full payment in advance. \"I would like to have the chance to sort my own out and to share those.\" She will address the scandals of her husband's two terms, including the Monica Lewinsky affair. \"That's another issue that I'd probably like to put into my own words so that people could make their own judgments,\" she said.",
      "charCount": "986"
    },
    "isHosted": false,
    "pillarId": "pillar/news",
    "pillarName": "News"
  },
  {
    "id": "business/2000/dec/14/1",
    "type": "article",
    "sectionId": "business",
    "sectionName": "Business",
    "webPublicationDate": "2000-12-14T03:12:50Z",
    "webTitle": "At this price?  RM",
    "webUrl": "https://www.theguardian.com/business/2000/dec/14/1",
    "apiUrl": "https://content.guardianapis.com/business/2000/dec/14/1",
    "fields": {
      "headline": "At this price?  RM",
      "trailText": "<p>A key project to put computers into every classroom in Northern Ireland collapsed yesterday - and wiped &#163;45m off the value of educational software group RM. </p>",
      "byline": "Julia Finch",
      "main": "",
      "body": "<p>A key project to put computers into every classroom in Northern Ireland collapsed yesterday - and wiped \u00a345m off the value of educational software group RM. </p> <p>Its shares tumbled 47.5p to 520p - half the price they were changing hands at in the summer - valuing the company at \u00a3485m. </p> <p>The trouble has been caused by Classroom 2000, a \u00a3300m, 10-year joint venture project with Fujitsu's ICL unit - and financed under the government's private finance initiative - to put managed computer services into all schools in Northern Ireland. The deal would have been worth \u00a315m a year to RM. </p> <p>The problems with the PFI negotiations were first flagged by RM back in September when the firm warned the project was facing delays and announced it was making a provision of \u00a35.5m to cover the costs associated with the project. But the talks have foundered. </p> <p>\"We have invested considerable effort to design an exciting an innovative ICT solution for schools in Northern Ireland, so it is of course disappointing to finally report that we have been unable to agree on commercial terms,\" said chief executive Richard Girling. </p> <p>At the time of its annual results in November, when RM turned in a profit of \u00a315.5m, the company said the project had cost \u00a35.4m and warned its shareholders not to expect any income from the contract for the foreseeable future. Spending on the project has now been slashed to be accommodated within normal sales and marketing revenue and yesterday the company confirmed it would not be making any money from Classroom 2000 this year. </p> <p>RM is training 100,000 teachers how to use technology and manages 20,000 desktops in schools. Some 250,000 students use RM software. </p> <p>House broker Warburg said the Classroom 2000 problems were factored into the price and it did not intend to change its \u00a317m profit forecast for the year to 2001. The shares are a \"hold\".</p>",
      "newspaperPageNumber": "31",
      "wordcount": "324",
      "commentable": "false",
      "isPremoderated": "false",
      "lastModified": "2000-12-14T03:12:50Z",
      "newspaperEditionDate": "2000-12-14T00:00:00Z",
      "productionOffice": "UK",
      "publication": "theguardian.com",
      "shortUrl": "https://gu.com/p/3yt4",
      "shouldHideAdverts": "false",
      "showInRelatedContent": "true",
      "legallySensitive": "false",
      "lang": "en",
      "bodyText": "A key project to put computers into every classroom in Northern Ireland collapsed yesterday - and wiped \u00a345m off the value of educational software group RM. Its shares tumbled 47.5p to 520p - half the price they were changing hands at in the summer - valuing the company at \u00a3485m. The trouble has been caused by Classroom 2000, a \u00a3300m, 10-year joint venture project with Fujitsu's ICL unit - and financed under the government's private finance initiative - to put managed computer services into all schools in Northern Ireland. The deal would have been worth \u00a315m a year to RM. The problems with the PFI negotiations were first flagged by RM back in September when the firm warned the project was facing delays and announced it was making a provision of \u00a35.5m to cover the costs associated with the project. But the talks have foundered. \"We have invested considerable effort to design an exciting an innovative ICT solution for schools in Northern Ireland, so it is of course disappointing to finally report that we have been unable to agree on commercial terms,\" said chief executive Richard Girling. At the time of its annual results in November, when RM turned in a profit of \u00a315.5m, the company said the project had cost \u00a35.4m and warned its shareholders not to expect any income from the contract for the foreseeable future. Spending on the project has now been slashed to be accommodated within normal sales and marketing revenue and yesterday the company confirmed it would not be making any money from Classroom 2000 this year. RM is training 100,000 teachers how to use technology and manages 20,000 desktops in schools. Some 250,000 students use RM software. House broker Warburg said the Classroom 2000 problems were factored into the price and it did not intend to change its \u00a317m profit forecast for the year to 2001. The shares are a \"hold\".",
      "charCount": "1857"
    },
    "isHosted": false,
    "pillarId": "pillar/news",
    "pillarName": "News"
  },
  {
    "id": "business/2000/dec/14/8",
    "type": "article",
    "sectionId": "business",
    "sectionName": "Business",
    "webPublicationDate": "2000-12-14T03:12:50Z",
    "webTitle": "More friends for Affinity",
    "webUrl": "https://www.theguardian.com/business/2000/dec/14/8",
    "apiUrl": "https://content.guardianapis.com/business/2000/dec/14/8",
    "fields": {
      "headline": "More friends for Affinity",
      "trailText": "<p>Valuing Affinity Internet has been pretty much a thankless task given its absurdly fluctuating share price. After listing with a value of &#163;12m 18 months ago, the shares rocketed, for a brief while valuing the supplier of branded internet access to large corporations valued at more than &#163;1bn. </p>",
      "main": "",
      "body": "<p>Valuing Affinity Internet has been pretty much a thankless task given its absurdly fluctuating share price. After listing with a value of \u00a312m 18 months ago, the shares rocketed, for a brief while valuing the supplier of branded internet access to large corporations valued at more than \u00a31bn. </p> <p>The fall-out surrounding dot.com stocks has brought the shares crashing back. Now for the first time an analyst has actually published some research on the firm - and it suggests that Affinity is undervalued. House broker Charles Stanley says Affinity shares, off 2.5p at 602.5p yesterday, are worth \u00a310.35 each on the basis of its ISP business alone, valuing it at somewhere around \u00a3146m. </p> <p>Several other broking firms are thought to be ready to initiate coverage of Affinity and an outbreak of \"buy\" notes is expected. </p> <p>Expect upward movement again soon.</p>",
      "newspaperPageNumber": "31",
      "wordcount": "143",
      "commentable": "false",
      "isPremoderated": "false",
      "lastModified": "2000-12-14T03:12:50Z",
      "newspaperEditionDate": "2000-12-14T00:00:00Z",
      "productionOffice": "UK",
      "publication": "theguardian.com",
      "shortUrl": "https://gu.com/p/3yt2",
      "shouldHideAdverts": "false",
      "showInRelatedContent": "true",
      "legallySensitive": "false",
      "lang": "en",
      "bodyText": "Valuing Affinity Internet has been pretty much a thankless task given its absurdly fluctuating share price. After listing with a value of \u00a312m 18 months ago, the shares rocketed, for a brief while valuing the supplier of branded internet access to large corporations valued at more than \u00a31bn. The fall-out surrounding dot.com stocks has brought the shares crashing back. Now for the first time an analyst has actually published some research on the firm - and it suggests that Affinity is undervalued. House broker Charles Stanley says Affinity shares, off 2.5p at 602.5p yesterday, are worth \u00a310.35 each on the basis of its ISP business alone, valuing it at somewhere around \u00a3146m. Several other broking firms are thought to be ready to initiate coverage of Affinity and an outbreak of \"buy\" notes is expected. Expect upward movement again soon.",
      "charCount": "846"
    },
    "isHosted": false,
    "pillarId": "pillar/news",
    "pillarName": "News"
  },
  {
    "id": "world/2000/dec/14/uselections2000.usa7",
    "type": "article",
    "sectionId": "world",
    "sectionName": "World news",
    "webPublicationDate": "2000-12-14T03:12:40Z",
    "webTitle": "Uniting a divided nation: the first task for President Bush",
    "webUrl": "https://www.theguardian.com/world/2000/dec/14/uselections2000.usa7",
    "apiUrl": "https://content.guardianapis.com/world/2000/dec/14/uselections2000.usa7",
    "fields": {
      "headline": "Uniting a divided nation - the first task for the new man in the White House",
      "standfirst": "Celebrations at last, but the work is just starting for President Bush",
      "trailText": "George W Bush had already heard that Al Gore was withdrawing his recount team from Florida when he arrived at the Capitol building in Austin, Texas, yesterday and was indicating that the theme of his response would be to \"unite a divided nation\".",
      "byline": "Duncan Campbell in Austin and Martin Kettle in Washington",
      "main": "",
      "body": "George W Bush had already heard that Al Gore was withdrawing his recount team from Florida when he arrived at the Capitol building in Austin, Texas, yesterday and was indicating that the theme of his response would be to \"unite a divided nation\". <p>After greeting members of the media he spent yesterday working on his conciliatory address to the nation and contacting potential members of his cabinet. \"This has been a long and arduous process for everyone involved on both sides,\" said James Baker, who has been acting as Mr Bush's legal adviser for the past five weeks. </p> <p>Art Aubry, who runs the Shooting Star photography studio just down the road from the governor's mansion, ran out on to the street to celebrate when he heard that Al Gore was ending the recount yesterday. \"I couldn't be happier,\" said Mr Aubry, whose business card shows him and Mr Bush together. </p> <p>Mr Aubry had been ready for a big celebration on the night of November 7. Then Al Gore withdrew his concession and 500 disposable cameras he had been hoping to sell to revellers had to be stored. But he felt that the wait had been worth it. \"I think the country is aghast at the way the vote was carried out. Who knew that there were 67 different standards in one state?\" he said. </p> <p>A hardy band of four supporters had braved the icy winds to wave their placards at George Bush as he arrived in Austin. Barbara Goldin, who works at a nearby military base, said: \"I wanted to be here to show the president-elect my support because I can't go inside the governor's mansion and give him a hug.\" </p> <p>She said that Bush supporters would probably not get round to celebrating the victory properly until the weekend. \"It would be wrong for us to celebrate now - the whole nation has been torn apart.\" </p> <p>The Bush camp was still reluctant to put the bunting out. But plans for a muted unofficial party at the nearby Four Seasons hotel were under way, although there was no triumphalism on display as Mr Bush arrived, flanked by his secret service bodyguards, at the Capitol building to carry out some of his last acts as governor. </p> <p>There has been much discussion within the Bush camp as victory seemed increasingly likely about an appropriate response. From early yesterday, Karen Hughes, Mr Bush's spokeswoman, was engaged in producing a suitably restrained reaction, not least because of the bridge-building that Mr Bush will have to do with the Democrats for any meaningful legislation to proceed next year. </p> <p>Gradually, since the early, angry days after November 7, Mr Bush has sought to present a more conciliatory manner as it became clear that Al Gore had won the popular vote by 300,000, that less than a quarter of the electorate had voted for Mr Bush and that around half of the population were not really convinced that he had won. Many believe he has been shoe-horned into power by a partisan judiciary and a flawed, if not corrupt, electoral system in a state run by his brother. </p> <p>No American president has come to the White House in such difficult circumstances and with as little practical political experience for dealing with them. He faces two great challenges of political legitimacy. The first is to secure his authority as the winner of the most intensely disputed election in modern US politics. The second is to restore the authority of the presidency in a nation split down the middle on party lines. </p> <p>In these tasks he has a major credibility gap to cross. He is regarded by his opponents as a placeman for the religious right, gun lobby and big business. It was noted that, when a Bush victory finally looked almost certain, shares in tobacco, pharmaceuticals and Microsoft rose. Mr Bush is perceived as someone likely to put a halt to the big tobacco company civil actions and the government's action against Microsoft, and unlikely to cap the price of pharmaceuticals. </p> <p>Those lobbies that backed Mr Bush are expecting legislative help, tax breaks and a lighter regulatory framework. </p> <p>Mr Bush has also been throwing out hints of how he hopes to \"heal the divide\". One of the biggest divides will be with the black voters, 92 % of whom supported Mr Gore. His team has dropped hints that not only will Colin Powell become his secretary of state and Condoleezza Rice his national security adviser, but that there will be other high-profile appointments to address the perceived distrust. William Gray, a Democratic former congressman and current head of the United Negro College Fund, has been suggested as a possible secretary of education. </p> <p>Mr Bush's background and manner suggest the Oval Office is about to see a dramatic change. Instead of Bill Clinton's energy and engagement in detailed policy and campaigning issues, he seems likely to be more of a figurehead and delegator in the Ronald Reagan mould, though without the latter's instinctive sense of style. Much of the burden of governing is likely to fall on Dick Cheney, who sometimes appears to be the real head of the new team. </p> <p>A year ago George W Bush was famous in for just two things - being the son of a president and being the Republican presidential candidate who had raised more money on the campaign trail than any candidate for the White House before him. Those who invested will now be looking for their return. For some it will be one of the 8,000 patronage jobs that change hands in Washington with the arrival of a new administration. For the most influential there will be posts at the White House; for the richest, ambassadorships and invitations to White House banquets. </p> <p>The right wing of Mr Bush's party, led by Trent Lott in the Senate and Tom DeLay in the House of Representatives, intends to secure some of the policy goals that a Democratic president prevented. The most controversial of these would be steps towards outlawing abortion, an almost sacred cause to many conservatives. </p> <p>In Shrub, the unauthorised and sceptical biography of the man who will be the 43rd president, Molly Ivins quotes one of Mr Bush's less statesmanlike remarks when he described himself as \"the pitbull on the pantleg of opportunity\". He will need a pitbull's tenacity if he is not to be seen as another, more pampered, member of the canine species acting on behalf of the corporations who spent so heavily to ensure his success. </p> <p><b>George W Bush - a life</b></p> <p><b>1946</b> Born George Walker Bush in New Haven Connecticut, the son of George Herbert Walker and Barbara Bush </p> <p><b>1948</b> The Bush family moved to Midland, Texas, where George Bush Senior started an oil exploration business</p> <p><b>1959</b> The family moved to Houston and George W Bush was sent to Phillips Academy boarding school in Andover, Massachusetts, where he was an indifferent student</p> <p><b>1965</b> Went to Yale University in New Haven, where he earned a BA in history in 1968</p> <p><b>1968</b> Won a coveted slot as a trainee pilot in the Texas Air National Guard, which ruled out being sent to fight in the Vietnam war.</p> <p><b>1969-73</b> Bush wandered from job to job, at one point working with young people in Houston</p> <p><b>1973</b> Enrolled in Harvard business school</p> <p><b>1975</b> Returned to Midland, Texas, to try his luck in the oil business, with the help of former business friends of his father</p> <p><b>1977</b> Married Laura Welch, a Midland librarian and teacher</p> <p><b>1978</b> Ran unsuccessfully for Congress in Texas</p> <p><b>1986</b> A Dallas firm bought out Bush's ailing oil company. After his 40th birthday party, he gave up drinking and resolved to take life more seriously</p> <p><b>1988</b> Helped run his father's presidential campaign</p> <p><b>1989</b> Helped put together a consortium to buy the Texas Rangers baseball team</p> <p><b>1994</b> Defeated the Democratic governor of Texas, Ann Richards</p> <p><b>1998</b> Won re-election as Texas governor</p> <p><b>1999</b> Declared his intention to run for the presidency</p>",
      "newspaperPageNumber": "3",
      "wordcount": "1329",
      "commentable": "false",
      "isPremoderated": "false",
      "lastModified": "2017-07-15T04:01:22Z",
      "newspaperEditionDate": "2000-12-14T00:00:00Z",
      "productionOffice": "UK",
      "publication": "theguardian.com",
      "shortUrl": "https://gu.com/p/g42d",
      "shouldHideAdverts": "false",
      "showInRelatedContent": "true",
      "legallySensitive": "false",
      "lang": "en",
      "bodyText": "George W Bush had already heard that Al Gore was withdrawing his recount team from Florida when he arrived at the Capitol building in Austin, Texas, yesterday and was indicating that the theme of his response would be to \"unite a divided nation\". After greeting members of the media he spent yesterday working on his conciliatory address to the nation and contacting potential members of his cabinet. \"This has been a long and arduous process for everyone involved on both sides,\" said James Baker, who has been acting as Mr Bush's legal adviser for the past five weeks. Art Aubry, who runs the Shooting Star photography studio just down the road from the governor's mansion, ran out on to the street to celebrate when he heard that Al Gore was ending the recount yesterday. \"I couldn't be happier,\" said Mr Aubry, whose business card shows him and Mr Bush together. Mr Aubry had been ready for a big celebration on the night of November 7. Then Al Gore withdrew his concession and 500 disposable cameras he had been hoping to sell to revellers had to be stored. But he felt that the wait had been worth it. \"I think the country is aghast at the way the vote was carried out. Who knew that there were 67 different standards in one state?\" he said. A hardy band of four supporters had braved the icy winds to wave their placards at George Bush as he arrived in Austin. Barbara Goldin, who works at a nearby military base, said: \"I wanted to be here to show the president-elect my support because I can't go inside the governor's mansion and give him a hug.\" She said that Bush supporters would probably not get round to celebrating the victory properly until the weekend. \"It would be wrong for us to celebrate now - the whole nation has been torn apart.\" The Bush camp was still reluctant to put the bunting out. But plans for a muted unofficial party at the nearby Four Seasons hotel were under way, although there was no triumphalism on display as Mr Bush arrived, flanked by his secret service bodyguards, at the Capitol building to carry out some of his last acts as governor. There has been much discussion within the Bush camp as victory seemed increasingly likely about an appropriate response. From early yesterday, Karen Hughes, Mr Bush's spokeswoman, was engaged in producing a suitably restrained reaction, not least because of the bridge-building that Mr Bush will have to do with the Democrats for any meaningful legislation to proceed next year. Gradually, since the early, angry days after November 7, Mr Bush has sought to present a more conciliatory manner as it became clear that Al Gore had won the popular vote by 300,000, that less than a quarter of the electorate had voted for Mr Bush and that around half of the population were not really convinced that he had won. Many believe he has been shoe-horned into power by a partisan judiciary and a flawed, if not corrupt, electoral system in a state run by his brother. No American president has come to the White House in such difficult circumstances and with as little practical political experience for dealing with them. He faces two great challenges of political legitimacy. The first is to secure his authority as the winner of the most intensely disputed election in modern US politics. The second is to restore the authority of the presidency in a nation split down the middle on party lines. In these tasks he has a major credibility gap to cross. He is regarded by his opponents as a placeman for the religious right, gun lobby and big business. It was noted that, when a Bush victory finally looked almost certain, shares in tobacco, pharmaceuticals and Microsoft rose. Mr Bush is perceived as someone likely to put a halt to the big tobacco company civil actions and the government's action against Microsoft, and unlikely to cap the price of pharmaceuticals. Those lobbies that backed Mr Bush are expecting legislative help, tax breaks and a lighter regulatory framework. Mr Bush has also been throwing out hints of how he hopes to \"heal the divide\". One of the biggest divides will be with the black voters, 92 % of whom supported Mr Gore. His team has dropped hints that not only will Colin Powell become his secretary of state and Condoleezza Rice his national security adviser, but that there will be other high-profile appointments to address the perceived distrust. William Gray, a Democratic former congressman and current head of the United Negro College Fund, has been suggested as a possible secretary of education. Mr Bush's background and manner suggest the Oval Office is about to see a dramatic change. Instead of Bill Clinton's energy and engagement in detailed policy and campaigning issues, he seems likely to be more of a figurehead and delegator in the Ronald Reagan mould, though without the latter's instinctive sense of style. Much of the burden of governing is likely to fall on Dick Cheney, who sometimes appears to be the real head of the new team. A year ago George W Bush was famous in for just two things - being the son of a president and being the Republican presidential candidate who had raised more money on the campaign trail than any candidate for the White House before him. Those who invested will now be looking for their return. For some it will be one of the 8,000 patronage jobs that change hands in Washington with the arrival of a new administration. For the most influential there will be posts at the White House; for the richest, ambassadorships and invitations to White House banquets. The right wing of Mr Bush's party, led by Trent Lott in the Senate and Tom DeLay in the House of Representatives, intends to secure some of the policy goals that a Democratic president prevented. The most controversial of these would be steps towards outlawing abortion, an almost sacred cause to many conservatives. In Shrub, the unauthorised and sceptical biography of the man who will be the 43rd president, Molly Ivins quotes one of Mr Bush's less statesmanlike remarks when he described himself as \"the pitbull on the pantleg of opportunity\". He will need a pitbull's tenacity if he is not to be seen as another, more pampered, member of the canine species acting on behalf of the corporations who spent so heavily to ensure his success. George W Bush - a life 1946 Born George Walker Bush in New Haven Connecticut, the son of George Herbert Walker and Barbara Bush 1948 The Bush family moved to Midland, Texas, where George Bush Senior started an oil exploration business 1959 The family moved to Houston and George W Bush was sent to Phillips Academy boarding school in Andover, Massachusetts, where he was an indifferent student 1965 Went to Yale University in New Haven, where he earned a BA in history in 1968 1968 Won a coveted slot as a trainee pilot in the Texas Air National Guard, which ruled out being sent to fight in the Vietnam war. 1969-73 Bush wandered from job to job, at one point working with young people in Houston 1973 Enrolled in Harvard business school 1975 Returned to Midland, Texas, to try his luck in the oil business, with the help of former business friends of his father 1977 Married Laura Welch, a Midland librarian and teacher 1978 Ran unsuccessfully for Congress in Texas 1986 A Dallas firm bought out Bush's ailing oil company. After his 40th birthday party, he gave up drinking and resolved to take life more seriously 1988 Helped run his father's presidential campaign 1989 Helped put together a consortium to buy the Texas Rangers baseball team 1994 Defeated the Democratic governor of Texas, Ann Richards 1998 Won re-election as Texas governor 1999 Declared his intention to run for the presidency",
      "charCount": "7657"
    },
    "isHosted": false,
    "pillarId": "pillar/news",
    "pillarName": "News"
  },
  {
    "id": "theguardian/2000/dec/14/games",
    "type": "article",
    "sectionId": "theguardian",
    "sectionName": "From the Guardian",
    "webPublicationDate": "2000-12-14T00:00:00Z",
    "webTitle": "The price is right",
    "webUrl": "https://www.theguardian.com/theguardian/2000/dec/14/games",
    "apiUrl": "https://content.guardianapis.com/theguardian/2000/dec/14/games",
    "fields": {
      "headline": "The price is right",
      "trailText": "<p>The World Is Not Enough .......................33-1</p>",
      "main": "",
      "body": "<p><strong> The World Is Not Enough .......................33-1</strong></p> <p><strong>Tomb Raider: Chronicles ..................14-1</strong></p> <p><strong>Fifa 2001 .......................7-1</strong></p> <p><strong>Who Wants To Be A Millionaire? ..................6-1 Driver 2 ........................5-1 WWF Smackdown .........1-5</strong> \"The videogame market has similarities with the Christmas number one pop record,\" says Andy Clifton, Ladbrokes' entertainment odds compiler. \"It's almost as important. Publishers try to get the marketing and release date just right.\"</p> <p>WWF Smackdown has just broken records in its first week of sales, helped by a massive marketing campaign and release right after Sheffield Arena's WWF event. \"The launch suggests it's going to be a big success,\" says Andy.</p> <p>There are other contenders, though. Driver 2's dramatic launch included a car wreckage installation in Times Square, and in its first few weeks it got to the number two spot. \"Game players rate it, but it's been out too long for the Christmas sales push.\"</p> <p>The prospective number one is often released in the week before Christmas - a date taken by Westlife this year. \"This means that Fifa 2001 is on lower odds, despite <br> being massively popular with game lovers and football punters,\" notes Andy.</p> <p>Who Wants To Be A Millionaire? offers the chance to win a virtual \u00a31m. \"Form is improved by the family factor,\" says Andy. \"This is a sociable game, for everyone to enjoy.\"</p> <p>With a bewildering number of games on the shelves, the more famous the better if you're trying to attract Christmas shoppers. The latest in the Bond franchise, The World Is Not Enough (pictured), debuted at number two in the Nintendo 64 charts, while the Tomb Raider franchise has two instalments in the top ten games list.</p> <p>\"Granny, who doesn't really understand but has seen Jimmy playing Tomb Raider, will buy the new game,\" says Andy. \"Dad'll buy The World Is Not Enough and hope to play it himself. Who Wants To Be A Millionaire? could be the family game on Christmas day.\" Interview by Jennifer Rodger</p>",
      "newspaperPageNumber": "22",
      "wordcount": "322",
      "commentable": "false",
      "isPremoderated": "false",
      "lastModified": "2017-11-09T12:06:01Z",
      "newspaperEditionDate": "2000-12-14T00:00:00Z",
      "productionOffice": "UK",
      "publication": "theguardian.com",
      "shortUrl": "https://gu.com/p/3ytt",
      "shouldHideAdverts": "false",
      "showInRelatedContent": "true",
      "legallySensitive": "false",
      "lang": "en",
      "bodyText": "The World Is Not Enough .......................33-1 Tomb Raider: Chronicles ..................14-1 Fifa 2001 .......................7-1 Who Wants To Be A Millionaire? ..................6-1 Driver 2 ........................5-1 WWF Smackdown .........1-5 \"The videogame market has similarities with the Christmas number one pop record,\" says Andy Clifton, Ladbrokes' entertainment odds compiler. \"It's almost as important. Publishers try to get the marketing and release date just right.\" WWF Smackdown has just broken records in its first week of sales, helped by a massive marketing campaign and release right after Sheffield Arena's WWF event. \"The launch suggests it's going to be a big success,\" says Andy. There are other contenders, though. Driver 2's dramatic launch included a car wreckage installation in Times Square, and in its first few weeks it got to the number two spot. \"Game players rate it, but it's been out too long for the Christmas sales push.\" The prospective number one is often released in the week before Christmas - a date taken by Westlife this year. \"This means that Fifa 2001 is on lower odds, despite being massively popular with game lovers and football punters,\" notes Andy. Who Wants To Be A Millionaire? offers the chance to win a virtual \u00a31m. \"Form is improved by the family factor,\" says Andy. \"This is a sociable game, for everyone to enjoy.\" With a bewildering number of games on the shelves, the more famous the better if you're trying to attract Christmas shoppers. The latest in the Bond franchise, The World Is Not Enough (pictured), debuted at number two in the Nintendo 64 charts, while the Tomb Raider franchise has two instalments in the top ten games list. \"Granny, who doesn't really understand but has seen Jimmy playing Tomb Raider, will buy the new game,\" says Andy. \"Dad'll buy The World Is Not Enough and hope to play it himself. Who Wants To Be A Millionaire? could be the family game on Christmas day.\" Interview by Jennifer Rodger",
      "charCount": "1986"
    },
    "isHosted": false,
    "pillarId": "pillar/news",
    "pillarName": "News"
  }
]