[
  {
    "id": "technology/2000/feb/21/efinance.business",
    "type": "article",
    "sectionId": "technology",
    "sectionName": "Technology",
    "webPublicationDate": "2000-02-21T00:07:20Z",
    "webTitle": "Surging Freeserve plans a buying spree",
    "webUrl": "https://www.theguardian.com/technology/2000/feb/21/efinance.business",
    "apiUrl": "https://content.guardianapis.com/technology/2000/feb/21/efinance.business",
    "fields": {
      "headline": "Surging Freeserve plans a buying spree",
      "standfirst": "<a href=\"http://www.newsunlimited.co.uk/efinance\">E-finance: special report</a>",
      "trailText": "<p>Freeserve, Britain's largest internet service provider is planning a buying spree using its soaring share price as currency. </p>",
      "byline": "Charlotte Denny",
      "main": "",
      "body": "<p>Freeserve, Britain's largest internet service provider is planning a buying spree using its soaring share price as currency. </p> <p>The company, valued at \u00a31.5bn when it floated last year, is now worth nearly \u00a38bn - more than British Airways. Its share price has risen from 150p at its launch to 769p at close of trading on Friday. </p> <p>In reports over the weekend, chief executive John Pluthero said the decision to float had been a deliberate strategy to fund an acquisitions spree. Dixons, which has an 80% stake in Freeserve, is understood to have declined to put any more money into the operation. </p> <p>\"We floated to get a currency we could use. With the shares getting to the kind of value they are now, we can use that currency to put together the properties and elements we need,\" Mr Pluthero told the Observer. </p> <p>He declined to name targets but said several were under consideration. \"We've identified a number of areas where we want to acquire the right kind of capabilities. Sometimes they're quite small and sometimes they're pretty big.\" </p> <p>Separate reports speculated that the German internet service provider, T-online which will be spun off from Deutsche Telekom this spring, could be Freeserve's first purchase. T-online already owns Club Internet a French ISP, and an alliance would make Freeserve the largest ISP in Europe. </p> <p>Mr Pluthero said yesterday that content was a big concern in its acquisitions strategy, pointing to the huge AOL-Time Warner deal as a model. \"It was a smart move. When you put content and platform together you create an even richer seam.\" </p> <p>Last month Freeserve played down reports that it had been in talks with the troubled children's publisher, Dorling Kindersley. Freeserve's current offerings include travel, insurance, books, electrical goods and an auction site. </p> <p>Mr Pluthero's other ambitions include introducing unmetered Internet access to the UK, along American lines. \"I'm sure we'll get to the position soon where poeple are being charged between \u00a310 and \u00a315 for as much Internet access as they want.\" </p> <p>BT has already announced it plans to introduce an unlimited internet access provider in the spring. </p> <p>Launched in September 1998 as part of Dixons, Freeserve now has nearly 1.7m registered users. In January it produced the strongest set of figures in its short history, but like almost all internet companies, it is still trading in the red. </p> <p>Pre-tax losses in the quarter to November stood at \u00a33.6m on a turnover of \u00a33.8m. </p> <p>Analysts say a strong brand and its distribution network through Dixons helped it bounce back from the turmoil in the hi-tech stock market at the beginning of the year. Dixons preloads about 90% of its PCs with Freeserve's software, with the result that it is the ISP on almost a quarter of all new PCs in the UK. </p> <p>Mr Pluthero said that the company is planning anadvertising campaign next month, including using television spots for the first time. </p> <p>The company has also signed a deal to provide internet services to the new wireless application protocol mobile phones, (Wap) phones, due out soon.</p>",
      "newspaperPageNumber": "20",
      "wordcount": "513",
      "commentable": "false",
      "isPremoderated": "false",
      "lastModified": "2017-02-21T23:47:36Z",
      "newspaperEditionDate": "2000-02-21T00:00:00Z",
      "productionOffice": "UK",
      "publication": "theguardian.com",
      "shortUrl": "https://gu.com/p/22c9",
      "shouldHideAdverts": "false",
      "showInRelatedContent": "true",
      "legallySensitive": "false",
      "lang": "en",
      "bodyText": "Freeserve, Britain's largest internet service provider is planning a buying spree using its soaring share price as currency. The company, valued at \u00a31.5bn when it floated last year, is now worth nearly \u00a38bn - more than British Airways. Its share price has risen from 150p at its launch to 769p at close of trading on Friday. In reports over the weekend, chief executive John Pluthero said the decision to float had been a deliberate strategy to fund an acquisitions spree. Dixons, which has an 80% stake in Freeserve, is understood to have declined to put any more money into the operation. \"We floated to get a currency we could use. With the shares getting to the kind of value they are now, we can use that currency to put together the properties and elements we need,\" Mr Pluthero told the Observer. He declined to name targets but said several were under consideration. \"We've identified a number of areas where we want to acquire the right kind of capabilities. Sometimes they're quite small and sometimes they're pretty big.\" Separate reports speculated that the German internet service provider, T-online which will be spun off from Deutsche Telekom this spring, could be Freeserve's first purchase. T-online already owns Club Internet a French ISP, and an alliance would make Freeserve the largest ISP in Europe. Mr Pluthero said yesterday that content was a big concern in its acquisitions strategy, pointing to the huge AOL-Time Warner deal as a model. \"It was a smart move. When you put content and platform together you create an even richer seam.\" Last month Freeserve played down reports that it had been in talks with the troubled children's publisher, Dorling Kindersley. Freeserve's current offerings include travel, insurance, books, electrical goods and an auction site. Mr Pluthero's other ambitions include introducing unmetered Internet access to the UK, along American lines. \"I'm sure we'll get to the position soon where poeple are being charged between \u00a310 and \u00a315 for as much Internet access as they want.\" BT has already announced it plans to introduce an unlimited internet access provider in the spring. Launched in September 1998 as part of Dixons, Freeserve now has nearly 1.7m registered users. In January it produced the strongest set of figures in its short history, but like almost all internet companies, it is still trading in the red. Pre-tax losses in the quarter to November stood at \u00a33.6m on a turnover of \u00a33.8m. Analysts say a strong brand and its distribution network through Dixons helped it bounce back from the turmoil in the hi-tech stock market at the beginning of the year. Dixons preloads about 90% of its PCs with Freeserve's software, with the result that it is the ISP on almost a quarter of all new PCs in the UK. Mr Pluthero said that the company is planning anadvertising campaign next month, including using television spots for the first time. The company has also signed a deal to provide internet services to the new wireless application protocol mobile phones, (Wap) phones, due out soon.",
      "charCount": "3051"
    },
    "isHosted": false,
    "pillarId": "pillar/news",
    "pillarName": "News"
  },
  {
    "id": "money/2000/feb/21/workandcareers.theguardianwomenspages",
    "type": "article",
    "sectionId": "money",
    "sectionName": "Money",
    "webPublicationDate": "2000-02-21T00:00:00Z",
    "webTitle": "Typical woman earns \u00a3250,000 less than a man",
    "webUrl": "https://www.theguardian.com/money/2000/feb/21/workandcareers.theguardianwomenspages",
    "apiUrl": "https://content.guardianapis.com/money/2000/feb/21/workandcareers.theguardianwomenspages",
    "fields": {
      "headline": "Typical woman earns \u00a3250,000 less than a man",
      "standfirst": "Study shows ministers the reasons for 'female forfeit'",
      "trailText": "<p>A woman will on average earn almost &#163;250,000 less than a man during her lifetime, with women who have middle level qualifications paying a higher price than those who have none at all. </p>",
      "byline": "Lucy Ward, Political Correspondent",
      "main": "",
      "body": "<p>A woman will on average earn almost \u00a3250,000 less than a man during her lifetime, with women who have middle level qualifications paying a higher price than those who have none at all. </p> <p>Contrary to general belief, the prime cause of the gender income gap is not earnings lost by time off having children, an analysis published today concludes. </p> <p>Being a mother can add dramatically to the loss, the analysis shows, but the reasons for what is termed the \"female forfeit\" are women being concentrated in lower paid sectors of the job market, and discrimination in pay against those doing the same work as men - 25 years after the equal pay act. </p> <p>Occupations such as primary school teachers, nurses, care assistants, secretaries, cleaners and clerks, where 80% of the workforce is female, are affected. </p> <p>In a surprise finding that will alarm ministers seeking to encourage teenage girls to stay on at school, the study shows that a woman who leaves school with GCSEs will \"lose\" \u00a350,000 more over a lifetime than a woman with none. Women in clerical jobs lose more than shop assistants, though unskilled women lose significantly more than those with qualifications if the former have children. </p> <p>The research, conducted by the London School of Economics on behalf of the government's women's unit, will put pressure on the government to act. Ministers have stressed they will not legislate to enforce gender parity, but instead will urge employers to review pay structures. The TUC, which is running an equal pay campaign, wants firmer action, while the equal opportunities commission is campaigning for effective measures short of legislation. </p> <p>The findings underline the greater pay gap for women working part-time. While the full-time pay gap has narrowed over 20 years so that women earn an average 84% of men's wages, female part-timers receive 58% of the rate per hour for male full-timers. </p> <p>The study, Women's Incomes Over a Lifetime, will be launched today by the two ministers for women, Baroness Jay and Tessa Jowell. </p> <p>Responding to the findings, Baroness Jay will say: \"This research shows that women are paying a heavy economic price just for being female. </p> <p>\"They are experiencing a female forfeit. </p> <p>\"We should celebrate the fact that women have made great progress in the labour market over the last 20 years but the analysis starkly underlines there are still many barriers that need to be overcome.\" </p> <p>The research divides women into three categories: Mrs Low-skill, with no qualifications; Mrs Mid-skill, qualified to GCSE level and perhaps working in a clerical job; and Mrs High-skill, a graduate professional. </p> <p>It shows that, for mid- and high-skilled women, the earnings penalty is higher than that incurred by having children. Only for low-skilled women, who spend much longer away from the workplace and return to work part- time, is the mother gap higher than the core \"female forfeit\". </p> <p>The findings also confirm that the timing of motherhood is another factor affecting income, with young mothers suffering the highest income penalties. If Mrs Mid-skill has her first child by 24 she is estimated to forgo more than double the earnings of a mother who starts at 30. </p> <p>A total \"parent gap\" meanwhile, reveals big income differences between a married mother and father with the same skills level. A low-skilled woman with two children is worst hit, earning approaching \u00a3500,000 less than her husband over a lifetime. </p> <p>The income forfeited over a lifetime by women also has implications in retirement. A mid-skill woman with children pays \u00a32,000 less in pension contributions than a similarly-educated woman without children, but receives a total of \u00a37,000 less in pension payments. </p> <p>The women's ministers will today claim that the findings would inform future policy-making on issues such as welfare support, the New Deal, childcare and career choices. </p> <p>However, critics will argue that current policy, which targets low-income women with benefits such as the working family tax credit as part of the government's goal of tackling child poverty, ignores the wider factors penalising women of all backgrounds. </p> <p>Campaigners including the equal opportunties commission and the TUC will want to see more done to increase low wages in female-dominated employment sectors, and steps to remedy the extra pay penalty for part-time working. </p> <p>They will also press for more to be done to ensure women taking time out to have children can return at an equivalent level rather than taking a lower-paid job.</p>",
      "newspaperPageNumber": "5",
      "wordcount": "737",
      "commentable": "false",
      "isPremoderated": "false",
      "lastModified": "2017-11-26T06:04:52Z",
      "newspaperEditionDate": "2000-02-21T00:00:00Z",
      "productionOffice": "UK",
      "publication": "The Guardian",
      "shortUrl": "https://gu.com/p/337h",
      "shouldHideAdverts": "false",
      "showInRelatedContent": "true",
      "legallySensitive": "false",
      "lang": "en",
      "bodyText": "A woman will on average earn almost \u00a3250,000 less than a man during her lifetime, with women who have middle level qualifications paying a higher price than those who have none at all. Contrary to general belief, the prime cause of the gender income gap is not earnings lost by time off having children, an analysis published today concludes. Being a mother can add dramatically to the loss, the analysis shows, but the reasons for what is termed the \"female forfeit\" are women being concentrated in lower paid sectors of the job market, and discrimination in pay against those doing the same work as men - 25 years after the equal pay act. Occupations such as primary school teachers, nurses, care assistants, secretaries, cleaners and clerks, where 80% of the workforce is female, are affected. In a surprise finding that will alarm ministers seeking to encourage teenage girls to stay on at school, the study shows that a woman who leaves school with GCSEs will \"lose\" \u00a350,000 more over a lifetime than a woman with none. Women in clerical jobs lose more than shop assistants, though unskilled women lose significantly more than those with qualifications if the former have children. The research, conducted by the London School of Economics on behalf of the government's women's unit, will put pressure on the government to act. Ministers have stressed they will not legislate to enforce gender parity, but instead will urge employers to review pay structures. The TUC, which is running an equal pay campaign, wants firmer action, while the equal opportunities commission is campaigning for effective measures short of legislation. The findings underline the greater pay gap for women working part-time. While the full-time pay gap has narrowed over 20 years so that women earn an average 84% of men's wages, female part-timers receive 58% of the rate per hour for male full-timers. The study, Women's Incomes Over a Lifetime, will be launched today by the two ministers for women, Baroness Jay and Tessa Jowell. Responding to the findings, Baroness Jay will say: \"This research shows that women are paying a heavy economic price just for being female. \"They are experiencing a female forfeit. \"We should celebrate the fact that women have made great progress in the labour market over the last 20 years but the analysis starkly underlines there are still many barriers that need to be overcome.\" The research divides women into three categories: Mrs Low-skill, with no qualifications; Mrs Mid-skill, qualified to GCSE level and perhaps working in a clerical job; and Mrs High-skill, a graduate professional. It shows that, for mid- and high-skilled women, the earnings penalty is higher than that incurred by having children. Only for low-skilled women, who spend much longer away from the workplace and return to work part- time, is the mother gap higher than the core \"female forfeit\". The findings also confirm that the timing of motherhood is another factor affecting income, with young mothers suffering the highest income penalties. If Mrs Mid-skill has her first child by 24 she is estimated to forgo more than double the earnings of a mother who starts at 30. A total \"parent gap\" meanwhile, reveals big income differences between a married mother and father with the same skills level. A low-skilled woman with two children is worst hit, earning approaching \u00a3500,000 less than her husband over a lifetime. The income forfeited over a lifetime by women also has implications in retirement. A mid-skill woman with children pays \u00a32,000 less in pension contributions than a similarly-educated woman without children, but receives a total of \u00a37,000 less in pension payments. The women's ministers will today claim that the findings would inform future policy-making on issues such as welfare support, the New Deal, childcare and career choices. However, critics will argue that current policy, which targets low-income women with benefits such as the working family tax credit as part of the government's goal of tackling child poverty, ignores the wider factors penalising women of all backgrounds. Campaigners including the equal opportunties commission and the TUC will want to see more done to increase low wages in female-dominated employment sectors, and steps to remedy the extra pay penalty for part-time working. They will also press for more to be done to ensure women taking time out to have children can return at an equivalent level rather than taking a lower-paid job.",
      "charCount": "4491"
    },
    "isHosted": false,
    "pillarId": "pillar/lifestyle",
    "pillarName": "Lifestyle"
  }
]