[
  {
    "id": "money/2000/may/27/personalfinancenews.business",
    "type": "article",
    "sectionId": "business",
    "sectionName": "Business",
    "webPublicationDate": "2000-05-26T23:00:00Z",
    "webTitle": "What happens after don't buy dot.com",
    "webUrl": "https://www.theguardian.com/money/2000/may/27/personalfinancenews.business",
    "apiUrl": "https://content.guardianapis.com/money/2000/may/27/personalfinancenews.business",
    "fields": {
      "headline": "What happens after don't buy dot.com",
      "standfirst": "<a href=\"http://www.guardianunlimited.co.uk/efinance\">E-finance: special report</a>",
      "trailText": "<p>Just like a market for fruit and vegetables, the price of shares is determined by supply and demand. The collapse in hi-tech stocks was precipitated by a slump in demand while supply remained plentiful. The price falls have choked off supply, encouraging hope that stability might be restored. </p>",
      "byline": "Edmond Warner",
      "main": "",
      "body": "<p>Just like a market for fruit and vegetables, the price of shares is determined by supply and demand. The collapse in hi-tech stocks was precipitated by a slump in demand while supply remained plentiful. The price falls have choked off supply, encouraging hope that stability might be restored. </p> <p>Herd behaviour is typical of participants in financial markets. Only a few weeks ago bankers raced to bring hi-tech companies to market, and investors - particularly private punters - were only too delighted to furnish them with cash. Now the rush towards the exit by investors has forced bankers to issue a string of cancellation notices. </p> <p>Among the most high profile new issues that have been postponed or cancelled this week are those of <a href=\"http://www.yestv.co.uk\">Yes TV</a> and <a href=\"http://www.letsbuyit.com\">Letsbuyit.com</a>. Earlier in the year there seems little doubt that such flotations would have been roaring successes. Now, although nothing has changed within the businesses, the fundraising vital for their future expansion has proved impossible. </p> <p>One can only guess at the full extent of new equity supply that has been cancelled, but it can be said to tot up to billions of dollars. </p> <p>For every new issue pulled at the last minute when investor roadshows proved unsuccessful, there are many more that were almost on the blocks but will not now take place. </p> <p>For the companies concerned the closing of the new issue door could have dramatic consequences. Who knows how many more dot.coms could follow <a href=\"http://www.boo.com\">Boo.com</a> into liquidation, now investors have traded in credulity for scepticism. Flotations have often been matters of urgency as aggressive building programmes burn up existing cash. </p> <p>The fine line drawn by the market's fickle finger is well illustrated by Letsbuyit.com. Rarely has a soap opera ad break come around without a troop of cartoon ants marching across our TV screens to drum up interest in Letsbuyit's e-tailing concept. Now the company appears likely to have to cut its aggressive marketing spend. </p> <p>One can only speculate about the impact this will have on Letsbuyit's attempts to create a viable business. Without fresh funds it will be lucky to see out the year. There but for the grace of God go many of the earlier dot.coms with <a href=\"http://www.lastminute.com\">Lastminute.com</a> top of the list. One can only hope they realise their luck and deploy their cash effectively. </p> <p>The withdrawal of putative new issues is part of the normal healing process in the equity market in which supply and demand are restored to balance. Companies jilted at or close to the altar invariably ask when the new issue window will reopen. The answer must always be: only when secondary market investment interest has been re-established. </p> <p>A flotation might represent a wonderful investment opportunity, but it does have risks over and above those associated with any foray into the stock market. A company coming fresh to the market will have been pored over by its advisers and some third party analysts. But this cannot be as testing as the daily scrutiny all publicly quoted companies are subjected to. Time exposes risks. </p> <p>It is no surprise, then, that professional investors typically restore their confidence through investment in companies they know well and have followed for some time, rather than in unproven new issues. Only when this rehabilitation is complete - and demand is restored - does the new issue window open once again. </p> <p>The traditional cycles within the equity market are increasingly compressed into shorter time periods. </p> <p>This is bound up in the greatly increased volatility of share prices. Thus the severity of the fall in hi-tech stocks holds out hope that investor interest will be rekindled by the reappearance of value. </p> <p>The consensus in the market is that investor interest in hi-tech shares will be restored in the autumn and that the pipeline of flotations will begin to fill again towards the end of the year. But I would not be surprised if the hi-tech indices recover before the summer. If so, good quality companies should be floatable once more in September. </p> <p>Whether hi-tech stocks recapture market leadership will depend in part on the fortunes of the old economy. While they have resumed leadership by default, the suspicion exists that they might yet fall short on profit delivery. </p> <p>Sterling's strength against the euro has given a bear hug to the profit margins of UK manufacturers and exporters. The full effect of that has yet to be revealed to investors, and faced with a choice between old economy disappointments and discounted new economy dreams, many are simply sitting on their hands and wishing for summer. </p> <p> Edmond Warner is chief executive of Albert E Sharpe Securities</p>",
      "newspaperPageNumber": "31",
      "wordcount": "775",
      "commentable": "false",
      "isPremoderated": "false",
      "lastModified": "2017-02-21T23:45:01Z",
      "newspaperEditionDate": "2000-05-27T00:00:00Z",
      "productionOffice": "UK",
      "publication": "theguardian.com",
      "shortUrl": "https://gu.com/p/3872",
      "shouldHideAdverts": "false",
      "showInRelatedContent": "true",
      "legallySensitive": "false",
      "lang": "en",
      "bodyText": "Just like a market for fruit and vegetables, the price of shares is determined by supply and demand. The collapse in hi-tech stocks was precipitated by a slump in demand while supply remained plentiful. The price falls have choked off supply, encouraging hope that stability might be restored. Herd behaviour is typical of participants in financial markets. Only a few weeks ago bankers raced to bring hi-tech companies to market, and investors - particularly private punters - were only too delighted to furnish them with cash. Now the rush towards the exit by investors has forced bankers to issue a string of cancellation notices. Among the most high profile new issues that have been postponed or cancelled this week are those of Yes TV and Letsbuyit.com. Earlier in the year there seems little doubt that such flotations would have been roaring successes. Now, although nothing has changed within the businesses, the fundraising vital for their future expansion has proved impossible. One can only guess at the full extent of new equity supply that has been cancelled, but it can be said to tot up to billions of dollars. For every new issue pulled at the last minute when investor roadshows proved unsuccessful, there are many more that were almost on the blocks but will not now take place. For the companies concerned the closing of the new issue door could have dramatic consequences. Who knows how many more dot.coms could follow Boo.com into liquidation, now investors have traded in credulity for scepticism. Flotations have often been matters of urgency as aggressive building programmes burn up existing cash. The fine line drawn by the market's fickle finger is well illustrated by Letsbuyit.com. Rarely has a soap opera ad break come around without a troop of cartoon ants marching across our TV screens to drum up interest in Letsbuyit's e-tailing concept. Now the company appears likely to have to cut its aggressive marketing spend. One can only speculate about the impact this will have on Letsbuyit's attempts to create a viable business. Without fresh funds it will be lucky to see out the year. There but for the grace of God go many of the earlier dot.coms with Lastminute.com top of the list. One can only hope they realise their luck and deploy their cash effectively. The withdrawal of putative new issues is part of the normal healing process in the equity market in which supply and demand are restored to balance. Companies jilted at or close to the altar invariably ask when the new issue window will reopen. The answer must always be: only when secondary market investment interest has been re-established. A flotation might represent a wonderful investment opportunity, but it does have risks over and above those associated with any foray into the stock market. A company coming fresh to the market will have been pored over by its advisers and some third party analysts. But this cannot be as testing as the daily scrutiny all publicly quoted companies are subjected to. Time exposes risks. It is no surprise, then, that professional investors typically restore their confidence through investment in companies they know well and have followed for some time, rather than in unproven new issues. Only when this rehabilitation is complete - and demand is restored - does the new issue window open once again. The traditional cycles within the equity market are increasingly compressed into shorter time periods. This is bound up in the greatly increased volatility of share prices. Thus the severity of the fall in hi-tech stocks holds out hope that investor interest will be rekindled by the reappearance of value. The consensus in the market is that investor interest in hi-tech shares will be restored in the autumn and that the pipeline of flotations will begin to fill again towards the end of the year. But I would not be surprised if the hi-tech indices recover before the summer. If so, good quality companies should be floatable once more in September. Whether hi-tech stocks recapture market leadership will depend in part on the fortunes of the old economy. While they have resumed leadership by default, the suspicion exists that they might yet fall short on profit delivery. Sterling's strength against the euro has given a bear hug to the profit margins of UK manufacturers and exporters. The full effect of that has yet to be revealed to investors, and faced with a choice between old economy disappointments and discounted new economy dreams, many are simply sitting on their hands and wishing for summer. Edmond Warner is chief executive of Albert E Sharpe Securities",
      "charCount": "4617"
    },
    "isHosted": false,
    "pillarId": "pillar/news",
    "pillarName": "News"
  },
  {
    "id": "money/2000/may/27/personalfinancenews.jobsandmoney",
    "type": "article",
    "sectionId": "money",
    "sectionName": "Money",
    "webPublicationDate": "2000-05-26T23:00:00Z",
    "webTitle": "Motorists pay price as fraud moves up a gear",
    "webUrl": "https://www.theguardian.com/money/2000/may/27/personalfinancenews.jobsandmoney",
    "apiUrl": "https://content.guardianapis.com/money/2000/may/27/personalfinancenews.jobsandmoney",
    "fields": {
      "headline": "Motorists pay price as fraud moves up a gear",
      "standfirst": "A US-style crime wave is sweeping Britain. with staged road accidents and bogus claims for personal injuries and written-off cars. What's more, insurers admit they are practically powerless to prevent it, reports Patrick Collinson<br /><a href=\"http://www.moneyunlimited.co.uk/\">Money Unlimited</a>",
      "trailText": "<p>A US-style crime wave is sweeping Britain. with staged road accidents and bogus claims for personal injuries and written-off cars. What's more, insurers admit they are practically powerless to prevent it.</p>",
      "byline": "Patrick Collinson",
      "main": "",
      "body": "<p>A new form of motor insurance fraud, involving staged and contrived car accidents plus multiple personal injury claims, is sweeping the UK after swamping US insurers over the past few years. </p> <p>Some major insurers and investigators now speak openly of systematic criminal activity and corruption, but admit that they are almost powerless to prevent paying out millions of pounds even to known fraudsters. </p> <p>This week Direct Line, the UK's biggest motor insurer, broke ranks with other insurers which prefer to pretend' that sophisticated computer systems and information sharing is beating the fraudsters. Bill Trueman, who runs Direct Line's anti-fraud division, says the industry is wide open to fraud. \"The industry shares hardly any data. Where they do, it's on an ad hoc basis. The Association of British Insurers says the total fraud figure is around \u00a3650m a year, but I believe it is much higher than that.\" His own estimate of how much Direct Line pays out every year on fraudulent claims is \"anywhere between \u00a340m to \u00a370m\". </p> <p>This is not a \"victimless\" crime. On a \u00a3400 motor insurance premium, it can add up to as much as \u00a330-\u00a340. </p> <p>Fake claims for staged and contrived motor accidents began in the US and have, in recent years, spread across the Atlantic. The scam works by faking accidents which allow the insured to make multiple claims, involving as many as 12 fictitious passengers, and which include assistance from bogus witnesses, bent solicitors, doctors and engineers and car repair yards. The big prize is personal injury and criminal injury compensation board payouts, which boost a \u00a320,000 claim for a fraudulent \"written-off\" car into cheques for hundreds of thousands of pounds. </p> <p>Bob Barnett set up Ravenstone, a motor fraud investi gation company, eight years ago. Now, with the spiralling of bogus claims, he employs 150 investigators, largely ex-police officers. </p> <p>He explains how the frauds work: \"Mr Smith gets his mate, Mr Brown, to run into the back of his car. Mr Smith, the non-fault driver, makes a claim for the car damage. The vehicle, of course, will have been full of passengers, who will all have suffered severe whiplash, if not worse. The advent of people carriers is a godsend to them - we see a remarkable number of fake claims for Renault Espaces and Ford Galaxys - because it allows you to claim for six or seven passengers. </p> <p>\"As they've got cleverer, they've realised the passen gers of the at-fault driver, Mr Brown, can sue him for negligence. That allows you to add another six fake personal injury claims, so now you have 12 claimants. </p> <p>\"The cars are taken to a friendly accident management company - you can find them in the Yellow Pages - and within minutes the non-fault driver has a free hire car. Miraculously, the damaged car becomes a write-off. We know damn well that they are writing the car off in the garage. Everybody involved in these claims is on the take.\" </p> <p>It is not only insurers and honest policyholders who lose out. The fake injured parties extract disability, income support, housing and incapacity benefits from the taxpayer. </p> <p>Bogus car insurance claims are hardly new, but their volume and sophistication is. \"We're currently investigating 20,000 claims in total, and we've seen the incidence of contrived accidents go through the roof. It's grown out of all proportion because it is such easy money,\" says Mr Barnett. </p> <p>Part of the reason why the problem has ballooned is that insurers run into a brick wall when dealing with the police or Crown Prosecution Service. </p> <p>Last year Royal &amp; SunAlliance says that it received 750,000 insurance claims across all classes of business, the vast majority of which were perfectly genuine, but it estimates that it paid out about \u00a380m in fraudulent claims. </p> <p>Yet it succeeded in prosecuting only 15 cases. RSA's fraud manager Peter Jackson says: \"A lot of police forces simply won't take on the case, and the CPS says that it is not in the public interest, so we don't invest much time or money in getting people prosecuted.\" </p> <p>Without prosecutions and criminal records, the fraudsters are free to reapply for insurance policies again and again, such is the paucity of information sharing among insurers. Not that a record will deter many from taking out future policies; bogus identities are rife on insurance policies. </p> <p>Ravenstone says it is tackling the \"marked reluctance\" of the police in the past to prosecute by putting an entire case together before going to the police. \"We give them such a fait accompli that they can't and don't want to ignore it,\" says Mr Barnett. </p> <p>Ravenstone assisted another anti-fraud company, Dave Dawson Investigations, in compiling one of the few major cases of motor fraud to reach court in recent times. </p> <p>Last year nine members of a Preston family were found guilty of raking in \u00a33m from an insurance and benefits conspiracy. The family, led by their father, Mohammed Sharif, staged a total of seven fake car crashes, with family members throwing themselves on to the bonnets of stationary cars. Relatives who gave false names made up the \"independent\" witnesses. One family member even pretended to be in a persistent vegetative state to claim \u00a31.7m, yet he was seen driving a car shortly afterwards. </p> <p>\"The family would stop at nothing to deceive and manipulate the insurance companies, benefit agencies and the criminal injuries compensation board,\" said the judge, jailing members of the family for a total of 22 years. </p> <p>Motor insurers such as Direct Line are only now disclosing the scale of fraud because they believe they have come up with at least a partial solution - by weeding out potential fraudsters at the policy application stage rather than waiting for a dodgy claim. It's called Hunter and is a system that checks applicants on a wide range of criteria to detect if they may be using fake identities and made-up addresses as well as other more sophisticated ways of profiling potentially bogus applicants. </p> <p> Direct Line wants the entire insurance industry to adopt Hunter so that, within the constraints of the Data Protection Act, fraudulent claims can be reduced. Already another major motor insurer, Churchill, says it is joining Hunter, and R&amp;SA says it is considering installing it later this year. </p> <p>On a typical Saturday, Direct Line sells around 7,000-8,000 motor insurance policies. In a batch of 1,500 policies, the Hunter system will identify around 30 to 40 that are potentially suspect. Take date of birth, for example.\"December 25 is the most common birthdate given for Direct Line policies,\" says Mr Trueman. Why? Because when giving false identities, fraudsters have to give a birthdate, and usually choose the most memorable date of the year. Not that a birthdate of December 25 will automatically disqualify you from a motor policy, but it will get you examined more closely. </p> <p>Of the 30-40 suspect applications from Saturday's batch being studied by Direct Line on Monday morning last week, many will remain precisely that. Like other companies, Direct Line may be 99% certain a policy is fraudulent but still leave it \"on risk\" because it cannot be sure. </p> <p>Insurers would like to see greater anti-fraud action by the DSS and other government departments. </p> <p>Unless the government takes a lead in tackling fraud - by investing in new IT systems and possibly overhauling the Data Protection Act - the insurers feel they will continue to face an uphill struggle in reducing fake claims and keeping down premium levels for the vast majority of genuine customers.</p>",
      "newspaperPageNumber": "2",
      "wordcount": "1264",
      "commentable": "false",
      "isPremoderated": "false",
      "lastModified": "2001-12-12T00:00:00Z",
      "newspaperEditionDate": "2000-05-27T00:00:00Z",
      "productionOffice": "UK",
      "publication": "The Guardian",
      "shortUrl": "https://gu.com/p/386e",
      "shouldHideAdverts": "false",
      "showInRelatedContent": "true",
      "legallySensitive": "false",
      "lang": "en",
      "bodyText": "A new form of motor insurance fraud, involving staged and contrived car accidents plus multiple personal injury claims, is sweeping the UK after swamping US insurers over the past few years. Some major insurers and investigators now speak openly of systematic criminal activity and corruption, but admit that they are almost powerless to prevent paying out millions of pounds even to known fraudsters. This week Direct Line, the UK's biggest motor insurer, broke ranks with other insurers which prefer to pretend' that sophisticated computer systems and information sharing is beating the fraudsters. Bill Trueman, who runs Direct Line's anti-fraud division, says the industry is wide open to fraud. \"The industry shares hardly any data. Where they do, it's on an ad hoc basis. The Association of British Insurers says the total fraud figure is around \u00a3650m a year, but I believe it is much higher than that.\" His own estimate of how much Direct Line pays out every year on fraudulent claims is \"anywhere between \u00a340m to \u00a370m\". This is not a \"victimless\" crime. On a \u00a3400 motor insurance premium, it can add up to as much as \u00a330-\u00a340. Fake claims for staged and contrived motor accidents began in the US and have, in recent years, spread across the Atlantic. The scam works by faking accidents which allow the insured to make multiple claims, involving as many as 12 fictitious passengers, and which include assistance from bogus witnesses, bent solicitors, doctors and engineers and car repair yards. The big prize is personal injury and criminal injury compensation board payouts, which boost a \u00a320,000 claim for a fraudulent \"written-off\" car into cheques for hundreds of thousands of pounds. Bob Barnett set up Ravenstone, a motor fraud investi gation company, eight years ago. Now, with the spiralling of bogus claims, he employs 150 investigators, largely ex-police officers. He explains how the frauds work: \"Mr Smith gets his mate, Mr Brown, to run into the back of his car. Mr Smith, the non-fault driver, makes a claim for the car damage. The vehicle, of course, will have been full of passengers, who will all have suffered severe whiplash, if not worse. The advent of people carriers is a godsend to them - we see a remarkable number of fake claims for Renault Espaces and Ford Galaxys - because it allows you to claim for six or seven passengers. \"As they've got cleverer, they've realised the passen gers of the at-fault driver, Mr Brown, can sue him for negligence. That allows you to add another six fake personal injury claims, so now you have 12 claimants. \"The cars are taken to a friendly accident management company - you can find them in the Yellow Pages - and within minutes the non-fault driver has a free hire car. Miraculously, the damaged car becomes a write-off. We know damn well that they are writing the car off in the garage. Everybody involved in these claims is on the take.\" It is not only insurers and honest policyholders who lose out. The fake injured parties extract disability, income support, housing and incapacity benefits from the taxpayer. Bogus car insurance claims are hardly new, but their volume and sophistication is. \"We're currently investigating 20,000 claims in total, and we've seen the incidence of contrived accidents go through the roof. It's grown out of all proportion because it is such easy money,\" says Mr Barnett. Part of the reason why the problem has ballooned is that insurers run into a brick wall when dealing with the police or Crown Prosecution Service. Last year Royal &amp; SunAlliance says that it received 750,000 insurance claims across all classes of business, the vast majority of which were perfectly genuine, but it estimates that it paid out about \u00a380m in fraudulent claims. Yet it succeeded in prosecuting only 15 cases. RSA's fraud manager Peter Jackson says: \"A lot of police forces simply won't take on the case, and the CPS says that it is not in the public interest, so we don't invest much time or money in getting people prosecuted.\" Without prosecutions and criminal records, the fraudsters are free to reapply for insurance policies again and again, such is the paucity of information sharing among insurers. Not that a record will deter many from taking out future policies; bogus identities are rife on insurance policies. Ravenstone says it is tackling the \"marked reluctance\" of the police in the past to prosecute by putting an entire case together before going to the police. \"We give them such a fait accompli that they can't and don't want to ignore it,\" says Mr Barnett. Ravenstone assisted another anti-fraud company, Dave Dawson Investigations, in compiling one of the few major cases of motor fraud to reach court in recent times. Last year nine members of a Preston family were found guilty of raking in \u00a33m from an insurance and benefits conspiracy. The family, led by their father, Mohammed Sharif, staged a total of seven fake car crashes, with family members throwing themselves on to the bonnets of stationary cars. Relatives who gave false names made up the \"independent\" witnesses. One family member even pretended to be in a persistent vegetative state to claim \u00a31.7m, yet he was seen driving a car shortly afterwards. \"The family would stop at nothing to deceive and manipulate the insurance companies, benefit agencies and the criminal injuries compensation board,\" said the judge, jailing members of the family for a total of 22 years. Motor insurers such as Direct Line are only now disclosing the scale of fraud because they believe they have come up with at least a partial solution - by weeding out potential fraudsters at the policy application stage rather than waiting for a dodgy claim. It's called Hunter and is a system that checks applicants on a wide range of criteria to detect if they may be using fake identities and made-up addresses as well as other more sophisticated ways of profiling potentially bogus applicants. Direct Line wants the entire insurance industry to adopt Hunter so that, within the constraints of the Data Protection Act, fraudulent claims can be reduced. Already another major motor insurer, Churchill, says it is joining Hunter, and R&amp;SA says it is considering installing it later this year. On a typical Saturday, Direct Line sells around 7,000-8,000 motor insurance policies. In a batch of 1,500 policies, the Hunter system will identify around 30 to 40 that are potentially suspect. Take date of birth, for example.\"December 25 is the most common birthdate given for Direct Line policies,\" says Mr Trueman. Why? Because when giving false identities, fraudsters have to give a birthdate, and usually choose the most memorable date of the year. Not that a birthdate of December 25 will automatically disqualify you from a motor policy, but it will get you examined more closely. Of the 30-40 suspect applications from Saturday's batch being studied by Direct Line on Monday morning last week, many will remain precisely that. Like other companies, Direct Line may be 99% certain a policy is fraudulent but still leave it \"on risk\" because it cannot be sure. Insurers would like to see greater anti-fraud action by the DSS and other government departments. Unless the government takes a lead in tackling fraud - by investing in new IT systems and possibly overhauling the Data Protection Act - the insurers feel they will continue to face an uphill struggle in reducing fake claims and keeping down premium levels for the vast majority of genuine customers.",
      "charCount": "7513"
    },
    "isHosted": false,
    "pillarId": "pillar/lifestyle",
    "pillarName": "Lifestyle"
  },
  {
    "id": "business/2000/may/26/manufacturing",
    "type": "article",
    "sectionId": "business",
    "sectionName": "Business",
    "webPublicationDate": "2000-05-26T01:26:44Z",
    "webTitle": "Strong pound forces firms to cut prices",
    "webUrl": "https://www.theguardian.com/business/2000/may/26/manufacturing",
    "apiUrl": "https://content.guardianapis.com/business/2000/may/26/manufacturing",
    "fields": {
      "headline": "Strong pound forces firms to cut prices",
      "trailText": "<p>Nine out of 10 manufacturing firms in Britain are being forced to peg or cut prices to cope with ferocious competitive pressures and the impact of the strong pound, the Confederation of British Industry reported yesterday.</p>",
      "byline": "Larry Elliott, Economics Editor",
      "main": "",
      "body": "<p>Nine out of 10 manufacturing firms in Britain are being forced to peg or cut prices to cope with ferocious competitive pressures and the impact of the strong pound, the Confederation of British Industry reported yesterday. </p> <p>The CBI's latest monthly snapshot of UK industry showed factories poised on the brink of a fresh period of retrenchment, with production expected to decline and prices set to drop sharply. </p> <p>Only 8% of the 1,061 manufacturers responding to the survey said that they would be able to raise prices over the next four months, against 60% who said they would remain the same and 29% who were planning to announce reductions. The gap of 21% between firms expecting falls and those anticipating rises compared to 13% in April and just 4% at the start of the year. Prices in the consumer sector, where the market is being flooded with imports made cheaper by the pound's rise, are falling fastest, the CBI said. </p> <p>It added that while the strength of the domestic economy was helping to bolster overall order books, the high level of sterling on the foreign exchanges over the past month had left export order books well below normal. </p> <p>Although the recent government figures have hinted that industrial output may be picking up following destocking in the wake of the millennium, the CBI said that more firms (28%) planned to cut production over the next four months than expected to raise it (22%). This was the first negative reading in 10 months. </p> <p>Sudhir Junankar, the CBI's associate director of economic analysis, said: \"The deterioration in export orders and the dip in output expected by manufacturers is a sign that sterling continues to bite. Price competition is also intensifying, forcing companies to hold prices or reduce them to boost orders in the home market.\" </p> <p>The employers' organisation warned that one direct result of the squeeze on prices and corporate profitability would be deep cuts in manufacturing investment. Following a 13.6% cutback in capital spending last year, the CBI is pencilling in a further fall of 8.8% this year and 1.8% in 2001. Corporate profits will be squeezed in 2000 for the third successive year, and post only a modest 1.5% increase next year, the CBI said. </p> <p>In its overall forecasts for the economy over the next 18 months, the CBI said Britain would remain a two-speed nation, with growth of 3% this year and 2.6% in 2001 driven by the strength of consumer spending and kept in check by the weakness of exports. </p> <p>Kate Barker, the CBI's chief economist said that weak investment could constrain growth over the long term. Urging the Bank of England to leave interest rates on hold in response to muted inflationary pressure, she said that the mood in manufacturing had \"deteriorated since the turn of the year\".</p>",
      "newspaperPageNumber": "26",
      "wordcount": "475",
      "commentable": "false",
      "isPremoderated": "false",
      "lastModified": "2000-05-26T01:26:44Z",
      "newspaperEditionDate": "2000-05-26T00:00:00Z",
      "productionOffice": "UK",
      "publication": "theguardian.com",
      "shortUrl": "https://gu.com/p/384q",
      "shouldHideAdverts": "false",
      "showInRelatedContent": "true",
      "legallySensitive": "false",
      "lang": "en",
      "bodyText": "Nine out of 10 manufacturing firms in Britain are being forced to peg or cut prices to cope with ferocious competitive pressures and the impact of the strong pound, the Confederation of British Industry reported yesterday. The CBI's latest monthly snapshot of UK industry showed factories poised on the brink of a fresh period of retrenchment, with production expected to decline and prices set to drop sharply. Only 8% of the 1,061 manufacturers responding to the survey said that they would be able to raise prices over the next four months, against 60% who said they would remain the same and 29% who were planning to announce reductions. The gap of 21% between firms expecting falls and those anticipating rises compared to 13% in April and just 4% at the start of the year. Prices in the consumer sector, where the market is being flooded with imports made cheaper by the pound's rise, are falling fastest, the CBI said. It added that while the strength of the domestic economy was helping to bolster overall order books, the high level of sterling on the foreign exchanges over the past month had left export order books well below normal. Although the recent government figures have hinted that industrial output may be picking up following destocking in the wake of the millennium, the CBI said that more firms (28%) planned to cut production over the next four months than expected to raise it (22%). This was the first negative reading in 10 months. Sudhir Junankar, the CBI's associate director of economic analysis, said: \"The deterioration in export orders and the dip in output expected by manufacturers is a sign that sterling continues to bite. Price competition is also intensifying, forcing companies to hold prices or reduce them to boost orders in the home market.\" The employers' organisation warned that one direct result of the squeeze on prices and corporate profitability would be deep cuts in manufacturing investment. Following a 13.6% cutback in capital spending last year, the CBI is pencilling in a further fall of 8.8% this year and 1.8% in 2001. Corporate profits will be squeezed in 2000 for the third successive year, and post only a modest 1.5% increase next year, the CBI said. In its overall forecasts for the economy over the next 18 months, the CBI said Britain would remain a two-speed nation, with growth of 3% this year and 2.6% in 2001 driven by the strength of consumer spending and kept in check by the weakness of exports. Kate Barker, the CBI's chief economist said that weak investment could constrain growth over the long term. Urging the Bank of England to leave interest rates on hold in response to muted inflationary pressure, she said that the mood in manufacturing had \"deteriorated since the turn of the year\".",
      "charCount": "2766"
    },
    "isHosted": false,
    "pillarId": "pillar/news",
    "pillarName": "News"
  }
]