[
  {
    "id": "business/2000/jul/23/theeuro.emu",
    "type": "article",
    "sectionId": "business",
    "sectionName": "Business",
    "webPublicationDate": "2000-07-23T02:28:42Z",
    "webTitle": "Monks picks tough price for euro entry",
    "webUrl": "https://www.theguardian.com/business/2000/jul/23/theeuro.emu",
    "apiUrl": "https://content.guardianapis.com/business/2000/jul/23/theeuro.emu",
    "fields": {
      "headline": "Monks picks tough price for euro entry",
      "standfirst": "<br /><a href=\"http://www.guardianunlimited.co.uk/EMU/\">Special report: Economic and Monetary Union</a>",
      "trailText": "<p>British  entry to the euro could be achieved comfortably only if the pound fell in value to 2.65 deutschmarks, TUC leader John Monks told  The Observer last week. </p>",
      "byline": "Oliver Morgan, industrial correspondent",
      "main": "",
      "body": "<p>British entry to the euro could be achieved comfortably only if the pound fell in value to 2.65 deutschmarks, TUC leader John Monks told The Observer last week. </p> <p>He warned that joining at the higher levels proposed recently by pro-euro businessmen could threaten jobs in industry and the public sector as well as vital Government spending on services. </p> <p>Monks is a leading supporter of early British membership of the single currency. But his views on a 'realistic' level of sterling for going in indicate that he believes this country is unlikely to be able to join soon. The pound was worth DM3.17 last Friday. The last time it was at DM2.65 was in February 1997. </p> <p>Monks' views are more rigorous than those of businessmen who have attempted to increase pressure on the Government by arguing that improvements in British industry mean it could survive at higher exchange rates. </p> <p>Earlier this month the outgoing president of the Confederation of British Industry, Sir Clive Thompson, said British productivity had improved enough in the past two years to have raised the realistic rate of entry from DM2.65 to DM2.85. And Last month Vauxhall boss Nick Reilly said he believed Britain could enter at DM3. </p> <p>But Monks said: 'I think DM2.85 is the upper edge, the top end. We would be much more comfortable with DM2.65. There may be an advantage to manufacturing, but the problems would come to the public sector. People could pay with jobs.' </p> <p>Despite problems with the exchange rate, he believes the Government should campaign for entry and hold an early referendum. If the exchange rate was unrealistic at the time of the vote, entry itself could be delayed until the rate was more suitable. </p> <p>Monks' views will interest unions on both sides of the increasingly outspoken debate on the issue. </p> <p>The sceptics in the TUC include public service union Unison, whose members would be affected by lower public spending, and the Transport &amp; General Workers. The Amalgamated Engineering and Electrical Union and the big general union, the GMB, are both enthusiastic.</p>",
      "newspaperPageNumber": "1",
      "wordcount": "350",
      "commentable": "false",
      "isPremoderated": "false",
      "lastModified": "2001-12-07T03:28:42Z",
      "newspaperEditionDate": "2000-07-23T00:00:00Z",
      "productionOffice": "UK",
      "publication": "The Observer",
      "shortUrl": "https://gu.com/p/3bx3",
      "shouldHideAdverts": "false",
      "showInRelatedContent": "true",
      "legallySensitive": "false",
      "lang": "en",
      "bodyText": "British entry to the euro could be achieved comfortably only if the pound fell in value to 2.65 deutschmarks, TUC leader John Monks told The Observer last week. He warned that joining at the higher levels proposed recently by pro-euro businessmen could threaten jobs in industry and the public sector as well as vital Government spending on services. Monks is a leading supporter of early British membership of the single currency. But his views on a 'realistic' level of sterling for going in indicate that he believes this country is unlikely to be able to join soon. The pound was worth DM3.17 last Friday. The last time it was at DM2.65 was in February 1997. Monks' views are more rigorous than those of businessmen who have attempted to increase pressure on the Government by arguing that improvements in British industry mean it could survive at higher exchange rates. Earlier this month the outgoing president of the Confederation of British Industry, Sir Clive Thompson, said British productivity had improved enough in the past two years to have raised the realistic rate of entry from DM2.65 to DM2.85. And Last month Vauxhall boss Nick Reilly said he believed Britain could enter at DM3. But Monks said: 'I think DM2.85 is the upper edge, the top end. We would be much more comfortable with DM2.65. There may be an advantage to manufacturing, but the problems would come to the public sector. People could pay with jobs.' Despite problems with the exchange rate, he believes the Government should campaign for entry and hold an early referendum. If the exchange rate was unrealistic at the time of the vote, entry itself could be delayed until the rate was more suitable. Monks' views will interest unions on both sides of the increasingly outspoken debate on the issue. The sceptics in the TUC include public service union Unison, whose members would be affected by lower public spending, and the Transport &amp; General Workers. The Amalgamated Engineering and Electrical Union and the big general union, the GMB, are both enthusiastic.",
      "charCount": "2049"
    },
    "isHosted": false,
    "pillarId": "pillar/news",
    "pillarName": "News"
  },
  {
    "id": "society/2000/jul/23/futureofthenhs.health",
    "type": "article",
    "sectionId": "society",
    "sectionName": "Society",
    "webPublicationDate": "2000-07-23T00:26:00Z",
    "webTitle": "Battle to save Bevan's dream",
    "webUrl": "https://www.theguardian.com/society/2000/jul/23/futureofthenhs.health",
    "apiUrl": "https://content.guardianapis.com/society/2000/jul/23/futureofthenhs.health",
    "fields": {
      "headline": "Battle to save Bevan's dream",
      "standfirst": "Health Secretary burns midnight oil to deliver ambitious NHS plan<br /><a href=\"http://www.guardianunlimited.co.uk/nhs/\">Special report: the future of the NHS</a>",
      "trailText": "<p>When MPs glance across the river from the House of Commons, the first thing they see is the sprawling expanse of St Thomas's hospital. It happens to have one of the better cancer wards in Britain, but as he wanders his department Dr Adrian Timothy, director of cancer services, keeps uttering the word 'crisis'. </p>",
      "byline": "Gaby Hinsliff and Anthony Browne",
      "main": "",
      "body": "<p>When MPs glance across the river from the House of Commons, the first thing they see is the sprawling expanse of St Thomas's hospital. It happens to have one of the better cancer wards in Britain, but as he wanders his department Dr Adrian Timothy, director of cancer services, keeps uttering the word 'crisis'. </p> <p>Consultants who are meant to see 350 new patients a year are treating over 500: people are waiting more than 10 weeks for treatment. Timothy has just decommissioned a radiotherapy machine that was 35 years old, and the two they have left are out-dated. He has a third fewer radiology therapists than he needs. </p> <p>'You can't overestimate the crisis - we have been underfunded for so long,' he says. 'Patients get less time, there are delays in treatment, and some of the delays are very significant. You can't give as much treatment as you would like. It's a constant frustration.' </p> <p>New Labour has been seeking radical answers to such uncomfortable dilemmas for years. In opposition they seriously considered pledging to scrap waiting for surgery altogether before discarding that as impractical. But even cutting 100,000 off the lists took Herculean effort. </p> <p>So is Alan Milburn giving a hostage to fortune by promising this week to ensure no-one waits more than nine months for an operation? </p> <p>Or has the decision to involve over 120 nurses, doctors, managers and patients in producing a National Plan for the NHS finally produced a workable cure for all its ills? </p> <p>The stakes are certainly high. Milburn deliberately describes it as a 'heartland' issue, the word modernisers hardly ever use: everyone knows the core vote will not tolerate failure here. </p> <p>'Labour and the NHS have a common history and a set of common values,' says Milburn. 'It is absolute core, heartland policy territory, and by heartland I mean it is core to what the Government means.' </p> <p>He admits there have been decades of under-investment, but insists the problem, now that Gordon Brown has unleashed \u00a313 billion for health, is not cash but reform. 'Our conclusion is that the principles of the NHS are absolutely right and even more valid today then they ever have been,' he says. 'But its practices all too often are wrong.' </p> <p>If he were listening, the Labour folk hero whose legacy Milburn now wrestles with might smile wryly. Launching his brainchild of a free National Health Service for all on 5 July 1948, Nye Bevan warned: 'Nor will there be overnight any miraculous removal of our more serious shortages of nurses and others and of modern, replanned buildings and equipment. But the sooner we start, the sooner we can try together to see to these things and to secure the improvements we all want.' </p> <p>His words could easily have been spoken 52 years later to the day, when a select band of medical experts gathered in the unlikely surroundings of the London Arena, a glitzy Docklands concert venue, two weeks ago. </p> <p>The venue was chosen because Milburn was there dishing out awards in Bevan's name: the guests came from six teams of experts invited to work on the Plan back in March so that nobody could say politicians were forcing half-baked ideas on a profession that knew better. Nick Harvey, the Liberal Democrat health spokesman and friend of Milburn's, was also invited. </p> <p>The main pieces of the National Plan jigsaw were clear by then - faster treatment, building new hospitals, thousands more doctors, extra cash for best performers, new ways to conquer heart disease and cancer. Their task was to fit it together, and their conclusions form the basis of the report Milburn has been hammering out on his computer ever since. </p> <p>The polished oval table in his Whitehall office is now a sea of half-empty coffee mugs, laptops and papers among which Milburn, plus special advisers Simon Stevens and Darren Murphy, have laboured until the early hours most nights. They are flanked by three huge whiteboards covered in multi-coloured scribbles of the key points. The boards have been rubbed out and rewritten so often they are turning grey. </p> <p>The Health Secretary has allowed himself only one break this weekend - rushing home to the North-East for his son's ninth birthday party last night and returning on the early morning flight. </p> <p>He is spending the weekend chewing over last-minute questions with trusted expert team members like Christine Hancock, the no-nonsense general secretary of the Royal College of Nursing, and Professor Sir George Alberti, president of the Royal College of Physicians. Neither has spared the Government criticism in the past. </p> <p>Copies of the plan have been tightly restricted in Whitehall. The key players outside Milburn's circle have been Treasury chief secretary Andrew Smith, Number 10 policy wonk Robert Hill and, above all, Tony Blair himself. The secure - or so they hoped - fax line in the Prime Minister's hotel suite in Okinawa, Japan, began spewing forth paper at midday on Friday. </p> <p>It was Milburn's latest draft, delivered just before 2am British time as he headed home to bed. After too few hours' sleep he was back in the office for some good news: Blair rang from Japan to say he was happy with it. </p> <p>Over the last few months Blair has held around 100 meetings on the plan. Even on paternity leave he pored over papers at Chequers. And it will be Blair who announces the plan in parliament this Thursday. His personal involvement is meant to signal how seriously the Government takes health. </p> <p>To prevent grumbles that ministerial spin is part of the problem for the NHS there will be no glitzy launch. One rally organised to consult London staff on the plan brought warnings that policy 'too often appears to be media-led' and that politicians 'should not raise unrealistic expectations'. </p> <p>So the talk this week will be of an extra \u00a31,000 in health spending for every household, not vast billions. And the plan's first chapter will be a frank analysis of the NHS's failings. Chief among which, as Timothy points out, is the most basic and obvious of all: too few doctors and nurses. </p> <p>The British Medical Association says the nation needs another 6,000 consultants. Milburn plans another 1,000 medical school places, plus a recruitment drive abroad to fill the gaps. But staff take years to train. 'The big constraint for us is no longer cash, it's people,' Milburn warns. </p> <p>He says the plan will not shirk the big questions left unanswered by Bevan's vision. 'There are issues no government has had the guts or conviction to address. And yes, there are some difficult issues for us: health and social care, the relations between the NHS and the private sector, the way that doctors are employed. This is the moment when those nettles have to be grasped. Politics is not without risk.' </p> <p>However the Government believes the answers are all out there somewhere. 'Bevan said we had got to take the best in the NHS and make it nationwide, and that crucially is the problem the NHS still has today,' says one government aide. 'Every day, every problem, there is a solution being worked out somewhere in the NHS - but not yet everywhere.' </p> <p>Time will tell if the answer to Dr Timothy's crisis is out there too.</p>",
      "newspaperPageNumber": "14",
      "wordcount": "1226",
      "commentable": "false",
      "isPremoderated": "false",
      "lastModified": "2017-12-02T15:20:22Z",
      "newspaperEditionDate": "2000-07-23T00:00:00Z",
      "productionOffice": "UK",
      "publication": "The Observer",
      "shortUrl": "https://gu.com/p/3b2z",
      "shouldHideAdverts": "false",
      "showInRelatedContent": "true",
      "legallySensitive": "false",
      "lang": "en",
      "bodyText": "When MPs glance across the river from the House of Commons, the first thing they see is the sprawling expanse of St Thomas's hospital. It happens to have one of the better cancer wards in Britain, but as he wanders his department Dr Adrian Timothy, director of cancer services, keeps uttering the word 'crisis'. Consultants who are meant to see 350 new patients a year are treating over 500: people are waiting more than 10 weeks for treatment. Timothy has just decommissioned a radiotherapy machine that was 35 years old, and the two they have left are out-dated. He has a third fewer radiology therapists than he needs. 'You can't overestimate the crisis - we have been underfunded for so long,' he says. 'Patients get less time, there are delays in treatment, and some of the delays are very significant. You can't give as much treatment as you would like. It's a constant frustration.' New Labour has been seeking radical answers to such uncomfortable dilemmas for years. In opposition they seriously considered pledging to scrap waiting for surgery altogether before discarding that as impractical. But even cutting 100,000 off the lists took Herculean effort. So is Alan Milburn giving a hostage to fortune by promising this week to ensure no-one waits more than nine months for an operation? Or has the decision to involve over 120 nurses, doctors, managers and patients in producing a National Plan for the NHS finally produced a workable cure for all its ills? The stakes are certainly high. Milburn deliberately describes it as a 'heartland' issue, the word modernisers hardly ever use: everyone knows the core vote will not tolerate failure here. 'Labour and the NHS have a common history and a set of common values,' says Milburn. 'It is absolute core, heartland policy territory, and by heartland I mean it is core to what the Government means.' He admits there have been decades of under-investment, but insists the problem, now that Gordon Brown has unleashed \u00a313 billion for health, is not cash but reform. 'Our conclusion is that the principles of the NHS are absolutely right and even more valid today then they ever have been,' he says. 'But its practices all too often are wrong.' If he were listening, the Labour folk hero whose legacy Milburn now wrestles with might smile wryly. Launching his brainchild of a free National Health Service for all on 5 July 1948, Nye Bevan warned: 'Nor will there be overnight any miraculous removal of our more serious shortages of nurses and others and of modern, replanned buildings and equipment. But the sooner we start, the sooner we can try together to see to these things and to secure the improvements we all want.' His words could easily have been spoken 52 years later to the day, when a select band of medical experts gathered in the unlikely surroundings of the London Arena, a glitzy Docklands concert venue, two weeks ago. The venue was chosen because Milburn was there dishing out awards in Bevan's name: the guests came from six teams of experts invited to work on the Plan back in March so that nobody could say politicians were forcing half-baked ideas on a profession that knew better. Nick Harvey, the Liberal Democrat health spokesman and friend of Milburn's, was also invited. The main pieces of the National Plan jigsaw were clear by then - faster treatment, building new hospitals, thousands more doctors, extra cash for best performers, new ways to conquer heart disease and cancer. Their task was to fit it together, and their conclusions form the basis of the report Milburn has been hammering out on his computer ever since. The polished oval table in his Whitehall office is now a sea of half-empty coffee mugs, laptops and papers among which Milburn, plus special advisers Simon Stevens and Darren Murphy, have laboured until the early hours most nights. They are flanked by three huge whiteboards covered in multi-coloured scribbles of the key points. The boards have been rubbed out and rewritten so often they are turning grey. The Health Secretary has allowed himself only one break this weekend - rushing home to the North-East for his son's ninth birthday party last night and returning on the early morning flight. He is spending the weekend chewing over last-minute questions with trusted expert team members like Christine Hancock, the no-nonsense general secretary of the Royal College of Nursing, and Professor Sir George Alberti, president of the Royal College of Physicians. Neither has spared the Government criticism in the past. Copies of the plan have been tightly restricted in Whitehall. The key players outside Milburn's circle have been Treasury chief secretary Andrew Smith, Number 10 policy wonk Robert Hill and, above all, Tony Blair himself. The secure - or so they hoped - fax line in the Prime Minister's hotel suite in Okinawa, Japan, began spewing forth paper at midday on Friday. It was Milburn's latest draft, delivered just before 2am British time as he headed home to bed. After too few hours' sleep he was back in the office for some good news: Blair rang from Japan to say he was happy with it. Over the last few months Blair has held around 100 meetings on the plan. Even on paternity leave he pored over papers at Chequers. And it will be Blair who announces the plan in parliament this Thursday. His personal involvement is meant to signal how seriously the Government takes health. To prevent grumbles that ministerial spin is part of the problem for the NHS there will be no glitzy launch. One rally organised to consult London staff on the plan brought warnings that policy 'too often appears to be media-led' and that politicians 'should not raise unrealistic expectations'. So the talk this week will be of an extra \u00a31,000 in health spending for every household, not vast billions. And the plan's first chapter will be a frank analysis of the NHS's failings. Chief among which, as Timothy points out, is the most basic and obvious of all: too few doctors and nurses. The British Medical Association says the nation needs another 6,000 consultants. Milburn plans another 1,000 medical school places, plus a recruitment drive abroad to fill the gaps. But staff take years to train. 'The big constraint for us is no longer cash, it's people,' Milburn warns. He says the plan will not shirk the big questions left unanswered by Bevan's vision. 'There are issues no government has had the guts or conviction to address. And yes, there are some difficult issues for us: health and social care, the relations between the NHS and the private sector, the way that doctors are employed. This is the moment when those nettles have to be grasped. Politics is not without risk.' However the Government believes the answers are all out there somewhere. 'Bevan said we had got to take the best in the NHS and make it nationwide, and that crucially is the problem the NHS still has today,' says one government aide. 'Every day, every problem, there is a solution being worked out somewhere in the NHS - but not yet everywhere.' Time will tell if the answer to Dr Timothy's crisis is out there too.",
      "charCount": "7110"
    },
    "isHosted": false,
    "pillarId": "pillar/news",
    "pillarName": "News"
  },
  {
    "id": "technology/2000/jul/23/business.columnists",
    "type": "article",
    "sectionId": "technology",
    "sectionName": "Technology",
    "webPublicationDate": "2000-07-23T00:25:57Z",
    "webTitle": "Any fool can create their own e-commerce site. Many do so",
    "webUrl": "https://www.theguardian.com/technology/2000/jul/23/business.columnists",
    "apiUrl": "https://content.guardianapis.com/technology/2000/jul/23/business.columnists",
    "fields": {
      "headline": "Any fool can create their own e-commerce site. Many do so",
      "trailText": "<p>Scenes from e-commercial life: One: my teenage son needs a new watch. He has set his heart on something called a Casio G-shock, a hideous contraption the size of a three-pin plug. I send him downtown to check the price. It's about &#163;80. 'Too much,' I protest, 'far too much.' We reach a deal: if he can find a G-shock timepiece significantly cheaper on the Web, I'll buy it. </p>",
      "byline": "John Naughton",
      "main": "",
      "body": "<p>Scenes from e-commercial life: One: my teenage son needs a new watch. He has set his heart on something called a Casio G-shock, a hideous contraption the size of a three-pin plug. I send him downtown to check the price. It's about \u00a380. 'Too much,' I protest, 'far too much.' We reach a deal: if he can find a G-shock timepiece significantly cheaper on the Web, I'll buy it. </p> <p>After a few minutes' research he suggests <a href=\"http://www.letsbuyit.com\">www.letsbuyit.com</a> a reverse auction site which enables buyers to band together to get group discounts. In the end, we buy the watch for something like \u00a344. Delivery is promised within 10 days. I am sceptical, but on the tenth day the parcel arrives and my son berates me for my lack of faith in technology. </p> <p>Two days later another G-shock watch arrives. My credit card account, however, has not been debited for it. I send an email to letsbuyit.com but receive no reply. Eventually I get a phone call from an embarrassed young woman who arranges for a courier to pick up the surplus timepiece. I spend some time calculating how much her employer has lost on this transaction. </p> <p>Scene two: I want to buy a pre-pay mobile phone as a present for someone. The queues at the local Carphone Warehouse go round the block. Not having the time to hang about, I order the phone from the <a href=\"http://www.virginmobile.com/mobile/\" target=\"_new\">Virgin website</a>. The transaction form seems well designed and even offers me the facility to choose the date on which the phone will be delivered. </p> <p>Agreeably surprised by this, I choose the following Saturday. But when I look at the form, re-presented for my click-through approval, I find the delivery date is set for 'next day' and that this is impossible to change. In other words, the approval form has not picked up my delivery preference. After several fruitless attempts to remedy this, I notice that the site offers a link enabling one to track one's order online, and so click to approve the deal. </p> <p>But guess what? The tracking link doesn't work, providing only the useless information that 'Your order has a status of Dispatched. Delivery status is Unknown'. Eventually I ring the 0845 number and speak to a human being. 'Your software doesn't work,' I say. He murmurs the resigned platitudes of someone who has heard this before, and tells me that the phone will be delivered on Friday. </p> <p>I could fill this entire page with similar e-commerce horror stories culled from my own and readers' experiences. What they illustrate is an attitude towards e-commerce and customer service on the part of many companies which borders on criminal negligence. They see the Web as a way to make money without incurring the costs of a bricks-and-mortar operation. And because any fool can create an e-commerce website, many fools do. </p> <p>Taking orders is easy; but fulfilling them - delivering the stuff to your door - is difficult and expensive, requiring as it does old-economy disciplines like adequate staffing, infrastructure, stock control and logistics. The only e-commerce vendor I have used extensively which has never faltered in this respect is <a href=\"http://www.amazon.co.uk\" target=\"_new\">Amazon</a> - a fact which has led me to conclude that Amazon is really just a good customer-service organisation which happens to be on the web. </p> <p>There is a corporate governance issue here. Directors of public companies such as Powergen (whose website recently breached the credit card security of many of its customers) ought to take a closer interest in what is being done on the web in their name. Many of the most flagrant examples of incompetent e-commercial software would never have got past a vigilant, internet-savvy manager. Evidently such managers are rare in Britain. I wonder why. </p> <p> <a href=\"mailto:john.naughton@observer.co.uk\">john.naughton@observer.co.uk</a></p>",
      "newspaperPageNumber": "10",
      "wordcount": "634",
      "commentable": "false",
      "isPremoderated": "false",
      "lastModified": "2017-02-21T23:43:44Z",
      "newspaperEditionDate": "2000-07-23T00:00:00Z",
      "productionOffice": "UK",
      "publication": "The Observer",
      "shortUrl": "https://gu.com/p/xk47",
      "shouldHideAdverts": "false",
      "showInRelatedContent": "true",
      "legallySensitive": "false",
      "lang": "en",
      "bodyText": "Scenes from e-commercial life: One: my teenage son needs a new watch. He has set his heart on something called a Casio G-shock, a hideous contraption the size of a three-pin plug. I send him downtown to check the price. It's about \u00a380. 'Too much,' I protest, 'far too much.' We reach a deal: if he can find a G-shock timepiece significantly cheaper on the Web, I'll buy it. After a few minutes' research he suggests www.letsbuyit.com a reverse auction site which enables buyers to band together to get group discounts. In the end, we buy the watch for something like \u00a344. Delivery is promised within 10 days. I am sceptical, but on the tenth day the parcel arrives and my son berates me for my lack of faith in technology. Two days later another G-shock watch arrives. My credit card account, however, has not been debited for it. I send an email to letsbuyit.com but receive no reply. Eventually I get a phone call from an embarrassed young woman who arranges for a courier to pick up the surplus timepiece. I spend some time calculating how much her employer has lost on this transaction. Scene two: I want to buy a pre-pay mobile phone as a present for someone. The queues at the local Carphone Warehouse go round the block. Not having the time to hang about, I order the phone from the Virgin website. The transaction form seems well designed and even offers me the facility to choose the date on which the phone will be delivered. Agreeably surprised by this, I choose the following Saturday. But when I look at the form, re-presented for my click-through approval, I find the delivery date is set for 'next day' and that this is impossible to change. In other words, the approval form has not picked up my delivery preference. After several fruitless attempts to remedy this, I notice that the site offers a link enabling one to track one's order online, and so click to approve the deal. But guess what? The tracking link doesn't work, providing only the useless information that 'Your order has a status of Dispatched. Delivery status is Unknown'. Eventually I ring the 0845 number and speak to a human being. 'Your software doesn't work,' I say. He murmurs the resigned platitudes of someone who has heard this before, and tells me that the phone will be delivered on Friday. I could fill this entire page with similar e-commerce horror stories culled from my own and readers' experiences. What they illustrate is an attitude towards e-commerce and customer service on the part of many companies which borders on criminal negligence. They see the Web as a way to make money without incurring the costs of a bricks-and-mortar operation. And because any fool can create an e-commerce website, many fools do. Taking orders is easy; but fulfilling them - delivering the stuff to your door - is difficult and expensive, requiring as it does old-economy disciplines like adequate staffing, infrastructure, stock control and logistics. The only e-commerce vendor I have used extensively which has never faltered in this respect is Amazon - a fact which has led me to conclude that Amazon is really just a good customer-service organisation which happens to be on the web. There is a corporate governance issue here. Directors of public companies such as Powergen (whose website recently breached the credit card security of many of its customers) ought to take a closer interest in what is being done on the web in their name. Many of the most flagrant examples of incompetent e-commercial software would never have got past a vigilant, internet-savvy manager. Evidently such managers are rare in Britain. I wonder why. john.naughton@observer.co.uk",
      "charCount": "3650"
    },
    "isHosted": false,
    "pillarId": "pillar/news",
    "pillarName": "News"
  },
  {
    "id": "uk/2000/jul/23/drugstrade",
    "type": "article",
    "sectionId": "uk-news",
    "sectionName": "UK news",
    "webPublicationDate": "2000-07-23T00:24:56Z",
    "webTitle": "Blair launches G8 war against world drugs trade",
    "webUrl": "https://www.theguardian.com/uk/2000/jul/23/drugstrade",
    "apiUrl": "https://content.guardianapis.com/uk/2000/jul/23/drugstrade",
    "fields": {
      "headline": "Blair launches G8 war against world drugs trade",
      "trailText": "Tony Blair won international backing yesterday for a new war on the $400 billion drug industry which now makes more money than generated by the textile and motor sectors.",
      "byline": "Mark Atkinson in Okinawa",
      "main": "",
      "body": "Tony Blair won international backing yesterday for a new war on the $400 billion drug industry which now makes more money than generated by the textile and motor sectors. <p>World leaders agreed to stage a conference in Britain next February to gather intelligence on the markets of the drugs gangs, which operate like multi-national corporations. The information will be used to devise ways of putting them out of business, for example by passing new laws on confiscation of assets. </p> <p>'These gangs work through perverting the financial system. There's a growing sense that we need to take clear, hard action,' Blair said. </p> <p>His plan was put forward at the G8 summit in Okinawa, Japan, where he also cemented his relationship with new Russian premier Vladimir Putin by winning agreement to stage a conference together on tackling the trade in 'conflict diamonds'. Russia has a large, legitmate market in the gems and Putin is anxious to protect it, while at the same time eliminating an important source of funding for wars in Africa. </p> <p>The Prime Minister's spokesman said Blair had formed a 'very strong, favourable impression' of Putin, making his debut at the summit. </p> <p>Among the British successes was expected to be an agreement to set firm targets to reduce preventable diseases over the next 10 years. Blair wants to half deaths from malaria and TB over the next 10 years and cut Aids deaths by 25 per cent. 'It's not just a moral imperative. It's in our best economic interest because Africa is a potentially important and massive market for the future,' said Blair's spokesman. </p> <p>The annual turnover of the drugs trafficking business, estimated at up to $400bn by the United Nations, represents 8 per cent of world trade. By comparison, textiles represent 7.5 per cent, motor vehicles 5.3 per cent and iron and steel 2.8 per cent The drugs trade is almost as big as oil and gas, which represents 8.6 per cent of world trade. </p> <p>'The aim of all this is to get better analysis, better information, and then use that to remove the financial incentives and the lifeblood from crime,' said the Prime Minister's spokesman. </p> <p>Some of the questions to be studied will be the price-setting mechanisms, the supply chains, whether there are many or just a few participants in each market, whether gangs concentrate on one drug or several and the barriers to entering and leaving markets. </p> <p>The new way of thinking about the international drug cartels has already been discussed by Home Secretary Jack Straw and Janet Reno, the US attorney-general. </p> <p>Influenced by the ideas of British drug tsar Keith Hellawell, the plan is expected to inform the design of legislation and work in tandem with the Prime Minister's domestic agenda on drugs, which is expected to be highlighted by a new Bill on the subject in the Queen's Speech.</p>",
      "newspaperPageNumber": "2",
      "wordcount": "481",
      "commentable": "false",
      "isPremoderated": "false",
      "lastModified": "2000-07-23T00:24:56Z",
      "newspaperEditionDate": "2000-07-23T00:00:00Z",
      "productionOffice": "UK",
      "publication": "The Observer",
      "shortUrl": "https://gu.com/p/kz5n",
      "shouldHideAdverts": "false",
      "showInRelatedContent": "true",
      "legallySensitive": "false",
      "lang": "en",
      "bodyText": "Tony Blair won international backing yesterday for a new war on the $400 billion drug industry which now makes more money than generated by the textile and motor sectors. World leaders agreed to stage a conference in Britain next February to gather intelligence on the markets of the drugs gangs, which operate like multi-national corporations. The information will be used to devise ways of putting them out of business, for example by passing new laws on confiscation of assets. 'These gangs work through perverting the financial system. There's a growing sense that we need to take clear, hard action,' Blair said. His plan was put forward at the G8 summit in Okinawa, Japan, where he also cemented his relationship with new Russian premier Vladimir Putin by winning agreement to stage a conference together on tackling the trade in 'conflict diamonds'. Russia has a large, legitmate market in the gems and Putin is anxious to protect it, while at the same time eliminating an important source of funding for wars in Africa. The Prime Minister's spokesman said Blair had formed a 'very strong, favourable impression' of Putin, making his debut at the summit. Among the British successes was expected to be an agreement to set firm targets to reduce preventable diseases over the next 10 years. Blair wants to half deaths from malaria and TB over the next 10 years and cut Aids deaths by 25 per cent. 'It's not just a moral imperative. It's in our best economic interest because Africa is a potentially important and massive market for the future,' said Blair's spokesman. The annual turnover of the drugs trafficking business, estimated at up to $400bn by the United Nations, represents 8 per cent of world trade. By comparison, textiles represent 7.5 per cent, motor vehicles 5.3 per cent and iron and steel 2.8 per cent The drugs trade is almost as big as oil and gas, which represents 8.6 per cent of world trade. 'The aim of all this is to get better analysis, better information, and then use that to remove the financial incentives and the lifeblood from crime,' said the Prime Minister's spokesman. Some of the questions to be studied will be the price-setting mechanisms, the supply chains, whether there are many or just a few participants in each market, whether gangs concentrate on one drug or several and the barriers to entering and leaving markets. The new way of thinking about the international drug cartels has already been discussed by Home Secretary Jack Straw and Janet Reno, the US attorney-general. Influenced by the ideas of British drug tsar Keith Hellawell, the plan is expected to inform the design of legislation and work in tandem with the Prime Minister's domestic agenda on drugs, which is expected to be highlighted by a new Bill on the subject in the Queen's Speech.",
      "charCount": "2802"
    },
    "isHosted": false,
    "pillarId": "pillar/news",
    "pillarName": "News"
  }
]