[
  {
    "id": "money/2000/jun/02/business.personalfinancenews",
    "type": "article",
    "sectionId": "money",
    "sectionName": "Money",
    "webPublicationDate": "2000-06-01T23:00:00Z",
    "webTitle": "Coffee countries find grounds for protest",
    "webUrl": "https://www.theguardian.com/money/2000/jun/02/business.personalfinancenews",
    "apiUrl": "https://content.guardianapis.com/money/2000/jun/02/business.personalfinancenews",
    "fields": {
      "headline": "Coffee countries find grounds for protest",
      "standfirst": "Latest attempt to boost commodity prices could cost caffeine addicts dear<br /><br /><a href=\"http://www.moneyunlimited.co.uk/\">Money Unlimited</a>",
      "trailText": "<p>For the coffee drinker, whether the connoisseur with authentic bean grinder or the Nescaf&eacute; addict at the kitchen table, a golden era may be coming to an end. Fifteen years in which this black caffeinated liquid opiate of the masses has been cheap and plentiful could be replaced by a new age of costly coffee, with prices at levels unseen since the 1970s. </p>",
      "byline": "Dan Atkinson  and Charlotte Denny",
      "main": "",
      "body": "<p>For the coffee drinker, whether the connoisseur with authentic bean grinder or the Nescaf\u00e9 addict at the kitchen table, a golden era may be coming to an end. Fifteen years in which this black caffeinated liquid opiate of the masses has been cheap and plentiful could be replaced by a new age of costly coffee, with prices at levels unseen since the 1970s. </p> <p>Countries accounting for three-quarters of world production have signed a price support agreement and others have agreed not to take advantage of the resultant export cuts. Coming after the Lazarus-style return of the Organisation of Petroleum Exporting Countries (Opec), whose successful action last year effectively doubled oil prices, the coffee producers' deal may mean more than an extra few pence on a jar of Gold Blend. </p> <p>It might herald a resurgence of commodity producer power that will ultimately upset all those tidy calculations in western finance ministries about \"sustainable inflation-free growth\". </p> <p>Later this month , members of the Association of Coffee Producing Countries (ACPC) will submit plans to their secretariat in London for restricting output, and the cuts will come into force in October. </p> <p>Despite murmurings in the market that the ACPC package is coming apart already, the pivotal producer - Brazil - is solid and its government is courting unpopularity among the domestic industry with a tough paperwork regime to police the cuts. </p> <p>Brazil is to coffee what Saudi Arabia is to oil. Of the 105m 60-kilo bags produced globally each year, Brazil accounts for between 30m and 40m, depending on the harvest. The difference between a good and bad harvest in Brazil - about 12m bags - is equivalent to the entire annual production of the world's next largest producer, Colombia. </p> <p>The ACPC last month agreed to withhold from the market up to 20% of production in order to support the price. The organisation's members are using a basket of prices to calculate a reference point of 95 cents per pound as the \"floor\" and 105 cents as the ceiling. Yesterday the price was hovering at about 95 cents. </p> <p>ACPC members such as Brazil, Indonesia and Colombia have been joined by sympathetic non-members, the coffee equivalent of the \"Nopec\" oil producers. These include Mexico and Guatemala, and they, while not signing up for the export cuts, have agreed both to an orderly flow of exports and, critically, not to take advantage of the ACPC cuts by producing more coffee. </p> <p>The smallest coffee producers, mostly sub-Saharan countries, are at the sharp end of fluctuations in price. Although their contribution to world exports is tiny - Uganda, Africa's biggest coffee exporter, produces just under 4% of global output - many are almost one-crop economies. Coffee accounts for more than two-thirds of Uganda's export earnings and over half of Rwanda's. </p> <p>A fall in prices can have a devastating effect on these economies. When world prices plummeted in 1998, Uganda's foreign exchange earnings plummeted. This year, a bad harvest forced the country to revise down its growth forecast by 1.5 percentage points. Razia Khan, an expert on African economies at Standard Chartered Bank in London, says the Ugandan economy is extremely sensitive to conditions in the coffee market. \"An agreement would make a big difference to the economy,\" she adds. </p> <p><strong> Only solution</strong><br> </p> <p> The vulnerability of developing countries to swings in commodity prices has been a concern since John Maynard Keynes first suggested a stabilisation system at the Bretton Woods conference in 1944. It was foiled by commodity importers - mainly rich western economies. \"Even though people have totally lost faith in the ability of commodity agreements to work, I can't see any other way that you can help the development of the world's poorest countries,\" said Andrew Simms, head of the global economy programme at the New Economics Foundation. </p> <p>Caroline Eagles, coffee analyst with the internet service commodityexpert.com, said the deal - the third since the ACPC was founded - was understandable in the light of low coffee prices in the late 1990s. \"The pact is not price fixing ... it's price support.\" </p> <p>Should it prove successful, she said, the retail price of coffee is \"bound to rise\", but competition in the high street might limit any increases. </p> <p>Coffee prices have crumbled since the early 1980s, from a peak of nearly 240 cents per pound to well below 100 cents. By 1992, the price touched a low of 50 cent, and consumers enjoyed the cheapest coffee in real terms for a generation. </p> <p>In the winter of 1986/87, a quarter-pound jar of Nescaf\u00e9 Gold Blend cost \u00a31.89. By 1994 it had dropped to \u00a31.56. Today it costs about \u00a32.15, approximating its mid-1980s level once inflation is discounted. </p> <p>But, should the price of a jar of \"instant\" suddenly soar beyond reach, there are those who would point the finger of blame not at Brazil or Colombia but at the most coffee-addicted nation on Earth: the United States. </p> <p>The ACPC grew out of the collapse at the end of the 1980s of the International Coffee Agreement, a price stability pact covering producer and consumer nations. Attempts to revive the pact in the early 1990s were frustrated by the US, which refused to sign, leaving the producers little choice but to form their own grouping.</p>",
      "newspaperPageNumber": "31",
      "wordcount": "876",
      "commentable": "false",
      "isPremoderated": "false",
      "lastModified": "2001-12-12T00:00:00Z",
      "newspaperEditionDate": "2000-06-02T00:00:00Z",
      "productionOffice": "UK",
      "publication": "theguardian.com",
      "shortUrl": "https://gu.com/p/38em",
      "shouldHideAdverts": "false",
      "showInRelatedContent": "true",
      "legallySensitive": "false",
      "lang": "en",
      "bodyText": "For the coffee drinker, whether the connoisseur with authentic bean grinder or the Nescaf\u00e9 addict at the kitchen table, a golden era may be coming to an end. Fifteen years in which this black caffeinated liquid opiate of the masses has been cheap and plentiful could be replaced by a new age of costly coffee, with prices at levels unseen since the 1970s. Countries accounting for three-quarters of world production have signed a price support agreement and others have agreed not to take advantage of the resultant export cuts. Coming after the Lazarus-style return of the Organisation of Petroleum Exporting Countries (Opec), whose successful action last year effectively doubled oil prices, the coffee producers' deal may mean more than an extra few pence on a jar of Gold Blend. It might herald a resurgence of commodity producer power that will ultimately upset all those tidy calculations in western finance ministries about \"sustainable inflation-free growth\". Later this month , members of the Association of Coffee Producing Countries (ACPC) will submit plans to their secretariat in London for restricting output, and the cuts will come into force in October. Despite murmurings in the market that the ACPC package is coming apart already, the pivotal producer - Brazil - is solid and its government is courting unpopularity among the domestic industry with a tough paperwork regime to police the cuts. Brazil is to coffee what Saudi Arabia is to oil. Of the 105m 60-kilo bags produced globally each year, Brazil accounts for between 30m and 40m, depending on the harvest. The difference between a good and bad harvest in Brazil - about 12m bags - is equivalent to the entire annual production of the world's next largest producer, Colombia. The ACPC last month agreed to withhold from the market up to 20% of production in order to support the price. The organisation's members are using a basket of prices to calculate a reference point of 95 cents per pound as the \"floor\" and 105 cents as the ceiling. Yesterday the price was hovering at about 95 cents. ACPC members such as Brazil, Indonesia and Colombia have been joined by sympathetic non-members, the coffee equivalent of the \"Nopec\" oil producers. These include Mexico and Guatemala, and they, while not signing up for the export cuts, have agreed both to an orderly flow of exports and, critically, not to take advantage of the ACPC cuts by producing more coffee. The smallest coffee producers, mostly sub-Saharan countries, are at the sharp end of fluctuations in price. Although their contribution to world exports is tiny - Uganda, Africa's biggest coffee exporter, produces just under 4% of global output - many are almost one-crop economies. Coffee accounts for more than two-thirds of Uganda's export earnings and over half of Rwanda's. A fall in prices can have a devastating effect on these economies. When world prices plummeted in 1998, Uganda's foreign exchange earnings plummeted. This year, a bad harvest forced the country to revise down its growth forecast by 1.5 percentage points. Razia Khan, an expert on African economies at Standard Chartered Bank in London, says the Ugandan economy is extremely sensitive to conditions in the coffee market. \"An agreement would make a big difference to the economy,\" she adds. Only solution The vulnerability of developing countries to swings in commodity prices has been a concern since John Maynard Keynes first suggested a stabilisation system at the Bretton Woods conference in 1944. It was foiled by commodity importers - mainly rich western economies. \"Even though people have totally lost faith in the ability of commodity agreements to work, I can't see any other way that you can help the development of the world's poorest countries,\" said Andrew Simms, head of the global economy programme at the New Economics Foundation. Caroline Eagles, coffee analyst with the internet service commodityexpert.com, said the deal - the third since the ACPC was founded - was understandable in the light of low coffee prices in the late 1990s. \"The pact is not price fixing ... it's price support.\" Should it prove successful, she said, the retail price of coffee is \"bound to rise\", but competition in the high street might limit any increases. Coffee prices have crumbled since the early 1980s, from a peak of nearly 240 cents per pound to well below 100 cents. By 1992, the price touched a low of 50 cent, and consumers enjoyed the cheapest coffee in real terms for a generation. In the winter of 1986/87, a quarter-pound jar of Nescaf\u00e9 Gold Blend cost \u00a31.89. By 1994 it had dropped to \u00a31.56. Today it costs about \u00a32.15, approximating its mid-1980s level once inflation is discounted. But, should the price of a jar of \"instant\" suddenly soar beyond reach, there are those who would point the finger of blame not at Brazil or Colombia but at the most coffee-addicted nation on Earth: the United States. The ACPC grew out of the collapse at the end of the 1980s of the International Coffee Agreement, a price stability pact covering producer and consumer nations. Attempts to revive the pact in the early 1990s were frustrated by the US, which refused to sign, leaving the producers little choice but to form their own grouping.",
      "charCount": "5251"
    },
    "isHosted": false,
    "pillarId": "pillar/lifestyle",
    "pillarName": "Lifestyle"
  },
  {
    "id": "lifeandstyle/2000/jun/01/shopping.consumerpages",
    "type": "article",
    "sectionId": "lifeandstyle",
    "sectionName": "Life and style",
    "webPublicationDate": "2000-06-01T15:27:59Z",
    "webTitle": "Label of love",
    "webUrl": "https://www.theguardian.com/lifeandstyle/2000/jun/01/shopping.consumerpages",
    "apiUrl": "https://content.guardianapis.com/lifeandstyle/2000/jun/01/shopping.consumerpages",
    "fields": {
      "headline": "Label of love",
      "standfirst": "Forget the big names - more and more of us are opting for supermarket own brands. After all, as  Helen Jones  discovers, the only difference may be the price",
      "trailText": "<p>Forget the big names - more and more of us are opting for supermarket own brands. After all, as  Helen Jones  discovers, the only difference may be the price</p>",
      "byline": "Helen Jones",
      "main": "",
      "body": "<p>Supermarket own-label products used to be seen as cheap, badly packaged, inferior imitations of leading brands, which you only bought if you couldn't afford the real thing. These days, however, a stack of own-label goods in your trolley is the sign of a clever consumer. </p> <p>We buy more supermarket brands than anyone else in Europe. According to a Mori poll, 20% of British shoppers say that half or more of their buys are own-label. </p> <p>They account for 80% of the dry pasta we buy, 66% of ice cream and 54% of biscuits, says market research firm AC Nielsen. </p> <p>The shabby, downmarket image of supermarket products is rapidly disappearing as Tesco, Sainsbury's and the rest introduce premium products as good as those supplied by the big brand owners. </p> <p>\"The own-label market has changed dramatically in the last decade,\" says Brian Sharoff, president of the Private Label Manufacturers Association. \"Now six out of every 10 consumers believe that own-label products are the same as big brands when it comes to quality, taste, availability and freshness.\" </p> <p>And no wonder, for many of the products bearing Sainsbury, Tesco, Asda or Safeway labels roll off the very same production lines as more expensive brand names. It's the stuff of urban myths - expensive branded goods made by the same people as their cheaper, own label counterparts. </p> <p>Manufacturers are notoriously secretive about the practice, worried that consumers will switch to the cheaper supermarket versions if they know they come from the same source as branded goods. </p> <p>Marcus Mitchell, marketing director of branding experts CLK, says that although manufacturers don't want to talk about it, producing own-label goods is a fact of life in an increasingly competitive market. \"Only global manufacturers such as Coca-Cola can afford to ignore the rise of own-label,\" he says. </p> <p>The manufacturers have to tread a fine line between satisfying the demands of the increasingly powerful supermarkets and protecting the brands in which they have invested millions of pounds. But for hard- pressed manufacturers there is often little choice. </p> <p>\"For an increasing number of companies producing own-label goods is not a sideline, it's a strategy for growth. Food manufacturing is highly competitive and companies are always looking for new ways to expand,\" says David Goudge, managing director of branding company, the Brand Development Business. </p> <p>Take cereal company Kellogg. For years it has said that the only place you will find its cereals is inside a Kellogg's pack. It even used the advertising slogan \"If you don't see Kellogg's on the box, it isn't Kellogg's in the box.\" But as the market gets more competitive and consumers ditch breakfast cereals in favour of a latte and bagel to go, or a quick slice of toast before running for the bus, the ailing cereal giant has started quietly supplying own-label cereals to German discount supermarket Aldi. </p> <p>\"This decision has been taken as part of Kellogg's pragmatic strategy of cutting costs and utilising production capacity across Europe,\" says Kellogg. However, industry insiders suggest the company may begin supplying UK supermarkets if the Aldi experiment is a success. </p> <p>Weetabix also makes cereals for supermarkets and is one of the few companies to be upfront about it. \"We are happy to confirm that we do indeed manufacture for several major retailers but the details are confidential for contractual reasons,\" says spokesman Peter Davidson. </p> <p>Even Heinz are in on the act, admitting they \"very occasionally\" produce own-label products - although they stress \"it is absolutely not a core part\" of their business. </p> <p> Supermarkets usually insist that their products taste as close to the original as possible, but, according to Paul Edwards of the Henley Centre consumer consultancy, if shoppers are particularly attached to a branded product they will stick with it, irrespective of the fact that there are similar products available. </p> <p>Heinz baked beans are a good example and inspire a great deal of loyalty. In a recent survey 60% of consumers said they wouldn't swap for the cheaper own-label product. </p> <p>However, adds Edwards, \"if the price difference between a branded and supermarket product is big but the difference in the quality is small, then people aren't stupid - they will go for the supermarket brand. More consumers are choosing to buy own- label because they think it's a smart thing to do.\" </p> <p>Own-labels no longer represent a choice between high quality and low price but a choice between high quality at one price and high quality at a lesser price.</p>",
      "newspaperPageNumber": "14",
      "wordcount": "742",
      "commentable": "false",
      "isPremoderated": "false",
      "lastModified": "2005-11-03T16:27:59Z",
      "newspaperEditionDate": "2000-06-01T00:00:00Z",
      "productionOffice": "UK",
      "publication": "theguardian.com",
      "shortUrl": "https://gu.com/p/xg4x6",
      "shouldHideAdverts": "false",
      "showInRelatedContent": "true",
      "legallySensitive": "false",
      "lang": "en",
      "bodyText": "Supermarket own-label products used to be seen as cheap, badly packaged, inferior imitations of leading brands, which you only bought if you couldn't afford the real thing. These days, however, a stack of own-label goods in your trolley is the sign of a clever consumer. We buy more supermarket brands than anyone else in Europe. According to a Mori poll, 20% of British shoppers say that half or more of their buys are own-label. They account for 80% of the dry pasta we buy, 66% of ice cream and 54% of biscuits, says market research firm AC Nielsen. The shabby, downmarket image of supermarket products is rapidly disappearing as Tesco, Sainsbury's and the rest introduce premium products as good as those supplied by the big brand owners. \"The own-label market has changed dramatically in the last decade,\" says Brian Sharoff, president of the Private Label Manufacturers Association. \"Now six out of every 10 consumers believe that own-label products are the same as big brands when it comes to quality, taste, availability and freshness.\" And no wonder, for many of the products bearing Sainsbury, Tesco, Asda or Safeway labels roll off the very same production lines as more expensive brand names. It's the stuff of urban myths - expensive branded goods made by the same people as their cheaper, own label counterparts. Manufacturers are notoriously secretive about the practice, worried that consumers will switch to the cheaper supermarket versions if they know they come from the same source as branded goods. Marcus Mitchell, marketing director of branding experts CLK, says that although manufacturers don't want to talk about it, producing own-label goods is a fact of life in an increasingly competitive market. \"Only global manufacturers such as Coca-Cola can afford to ignore the rise of own-label,\" he says. The manufacturers have to tread a fine line between satisfying the demands of the increasingly powerful supermarkets and protecting the brands in which they have invested millions of pounds. But for hard- pressed manufacturers there is often little choice. \"For an increasing number of companies producing own-label goods is not a sideline, it's a strategy for growth. Food manufacturing is highly competitive and companies are always looking for new ways to expand,\" says David Goudge, managing director of branding company, the Brand Development Business. Take cereal company Kellogg. For years it has said that the only place you will find its cereals is inside a Kellogg's pack. It even used the advertising slogan \"If you don't see Kellogg's on the box, it isn't Kellogg's in the box.\" But as the market gets more competitive and consumers ditch breakfast cereals in favour of a latte and bagel to go, or a quick slice of toast before running for the bus, the ailing cereal giant has started quietly supplying own-label cereals to German discount supermarket Aldi. \"This decision has been taken as part of Kellogg's pragmatic strategy of cutting costs and utilising production capacity across Europe,\" says Kellogg. However, industry insiders suggest the company may begin supplying UK supermarkets if the Aldi experiment is a success. Weetabix also makes cereals for supermarkets and is one of the few companies to be upfront about it. \"We are happy to confirm that we do indeed manufacture for several major retailers but the details are confidential for contractual reasons,\" says spokesman Peter Davidson. Even Heinz are in on the act, admitting they \"very occasionally\" produce own-label products - although they stress \"it is absolutely not a core part\" of their business. Supermarkets usually insist that their products taste as close to the original as possible, but, according to Paul Edwards of the Henley Centre consumer consultancy, if shoppers are particularly attached to a branded product they will stick with it, irrespective of the fact that there are similar products available. Heinz baked beans are a good example and inspire a great deal of loyalty. In a recent survey 60% of consumers said they wouldn't swap for the cheaper own-label product. However, adds Edwards, \"if the price difference between a branded and supermarket product is big but the difference in the quality is small, then people aren't stupid - they will go for the supermarket brand. More consumers are choosing to buy own- label because they think it's a smart thing to do.\" Own-labels no longer represent a choice between high quality and low price but a choice between high quality at one price and high quality at a lesser price.",
      "charCount": "4554"
    },
    "isHosted": false,
    "pillarId": "pillar/lifestyle",
    "pillarName": "Lifestyle"
  },
  {
    "id": "business/2000/jun/01/efinance.internet",
    "type": "article",
    "sectionId": "business",
    "sectionName": "Business",
    "webPublicationDate": "2000-06-01T01:46:03Z",
    "webTitle": "365 directors add weight to stock",
    "webUrl": "https://www.theguardian.com/business/2000/jun/01/efinance.internet",
    "apiUrl": "https://content.guardianapis.com/business/2000/jun/01/efinance.internet",
    "fields": {
      "headline": "365 directors add weight to stock",
      "standfirst": "<a href=\"http://www.guardianunlimited.co.uk/efinance\">E-finance: special report</a>",
      "trailText": "<p>Senior directors at 365 Corporation yesterday attempted to lift some of the gloom surrounding the company's declining share price by stepping in to buy shares in the company.</p>",
      "byline": "John Cassy",
      "main": "",
      "body": "<p>Senior directors at <a href=\"[http://www.365corp.com/]\">365 Corporation</a> yesterday attempted to lift some of the gloom surrounding the company's declining share price by stepping in to buy shares in the company. </p> <p>Shortly after the market closed chief executive Dan Thompson and four fellow directors announced that they had bought 16,129 shares each at 93p earlier in the day. </p> <p>Their move followed the announcement of the online sports and music content provider's maiden full-year results as a public company and a series of presentations to analysts and journalists during which Mr Thompson attempted to add some clarity to the City's view of 365's business model. </p> <p>Management hopes the briefings will inject renewed urgency into a share price which has traded as high as 350p but has fallen as low as 80p since the shake-up in internet stock valuations. </p> <p>In the year to March 31 2000 turnover was \u00a322.4m but marketing and acquisition costs led to a pretax loss \u00a314.75m. The only comparable figures are for the eight months to March 31 1999, when group turnover was \u00a32.6m and pretax losses were \u00a31.15m. </p> <p>But Mr Thompson was at pains to emphasise the underlying strength of 365's business model, which distributes proprietory content across platforms including the internet, television and mobile phones. </p> <p>\"If you strip out the investment in pure future growth we are already profitable,\" Mr Thompson said. \"It is a decision as to when you switch from long-term profitability to short-term profitability. We are in a nice position of being flexible and able to switch when we want.\" </p> <p>However, he refused to give a forecast on when 365 is likely make money for shareholders. \"We consumed \u00a37.5m cash last year and had \u00a352m cash in the bank at the year end. That is more than enough funds to take us through our growth plans,\" he said. </p> <p>Mr Thompson said the correction in valuations provided some golden acquisition opportunities. </p> <p>\"Three months ago we were being quoted ridiculous prices by private companies that said they were going to list with a value of more than \u00a3100m and now they are struggling to raise cash,\" he said. \"It presents some fantastic opportunities.\"</p>",
      "newspaperPageNumber": "28",
      "wordcount": "361",
      "commentable": "false",
      "isPremoderated": "false",
      "lastModified": "2017-02-21T23:44:55Z",
      "newspaperEditionDate": "2000-06-01T00:00:00Z",
      "productionOffice": "UK",
      "publication": "theguardian.com",
      "shortUrl": "https://gu.com/p/38dv",
      "shouldHideAdverts": "false",
      "showInRelatedContent": "true",
      "legallySensitive": "false",
      "lang": "en",
      "bodyText": "Senior directors at 365 Corporation yesterday attempted to lift some of the gloom surrounding the company's declining share price by stepping in to buy shares in the company. Shortly after the market closed chief executive Dan Thompson and four fellow directors announced that they had bought 16,129 shares each at 93p earlier in the day. Their move followed the announcement of the online sports and music content provider's maiden full-year results as a public company and a series of presentations to analysts and journalists during which Mr Thompson attempted to add some clarity to the City's view of 365's business model. Management hopes the briefings will inject renewed urgency into a share price which has traded as high as 350p but has fallen as low as 80p since the shake-up in internet stock valuations. In the year to March 31 2000 turnover was \u00a322.4m but marketing and acquisition costs led to a pretax loss \u00a314.75m. The only comparable figures are for the eight months to March 31 1999, when group turnover was \u00a32.6m and pretax losses were \u00a31.15m. But Mr Thompson was at pains to emphasise the underlying strength of 365's business model, which distributes proprietory content across platforms including the internet, television and mobile phones. \"If you strip out the investment in pure future growth we are already profitable,\" Mr Thompson said. \"It is a decision as to when you switch from long-term profitability to short-term profitability. We are in a nice position of being flexible and able to switch when we want.\" However, he refused to give a forecast on when 365 is likely make money for shareholders. \"We consumed \u00a37.5m cash last year and had \u00a352m cash in the bank at the year end. That is more than enough funds to take us through our growth plans,\" he said. Mr Thompson said the correction in valuations provided some golden acquisition opportunities. \"Three months ago we were being quoted ridiculous prices by private companies that said they were going to list with a value of more than \u00a3100m and now they are struggling to raise cash,\" he said. \"It presents some fantastic opportunities.\"",
      "charCount": "2124"
    },
    "isHosted": false,
    "pillarId": "pillar/news",
    "pillarName": "News"
  }
]