[
  {
    "id": "travel/2000/jul/30/observerescapesection",
    "type": "article",
    "sectionId": "travel",
    "sectionName": "Travel",
    "webPublicationDate": "2000-07-30T17:02:24Z",
    "webTitle": "Kids' Escape: News",
    "webUrl": "https://www.theguardian.com/travel/2000/jul/30/observerescapesection",
    "apiUrl": "https://content.guardianapis.com/travel/2000/jul/30/observerescapesection",
    "fields": {
      "headline": "News",
      "trailText": "<p>Join Ransome trail in Lakeland | Find the treasure | Card offers cut-price entry to attractions</p>",
      "byline": "Robin Barton",
      "main": "",
      "body": "<p><strong>Join Ransome trail in Lakeland </strong> <br>The Lake District is celebrating the seventieth anniversary of the publication of Arthur Ransome's Swallows and Amazons with a special Swallows and Amazons Forever! exhibition at the Museum of Lakeland Life in Abbot Hall, Kendal. </p> <p>Other sites along the Ransome Trail, including the Windermere Steamboat Museum (01539 445565) and the Ruskin Museum on Coniston (01539 441164) have decided to join in. </p> <p>Ransome fans can find out more about Kanchenjunga, Octopus Lagoon, Secret Harbour and Wild Cat island, all Lake District locations, at the Museum of Lakeland Life: exhibits include Ransome's sketch books. Swallows and Amazons Forever! reveals other parts of the author's life. Before he started writing his famous books he worked as a war correspondent in Russia, played chess with Lenin and married Tolstoy's secretary. </p> <p>Abbot Hall Art Gallery is also hosting Ruskin and the Light of Nature featuring works by Turner and Rossetti as well as Ruskin, until 1 October. There are workshops for children at both venues throughout August; activities include print-making, T-shirt design, still life and pinhole photography. Pre-booking is recommended (\u00a33 per place). </p> <p>Abbot Hall is open daily from 10.30am-5pm. Tel: 01539 722464 for details about both exhibitions and the workshops. </p> <p><strong>Find the treasure </strong><br> Young pirates, explorers and adventurers should make their way to more than 80 National Trust properties this summer if they want the chance of finding hidden treasure. There are prizes at the end of each outdoor clue-strewn trail, as well as extra activities such as 'pirate workshops', raft-building and face-painting. </p> <p>Venues include Chedworth Roman Villa, near Cheltenham, on 6 August (01242 890 256); Tattershall Castle, Lincoln, on 13 August (01526 342 543); and Petworth House on 18 August (01798 342 207).</p> <p>On 30 August children can follow in the footsteps of Swallows and Amazons characters at Calke Abbey, Derbyshire (01332 863822). A complete list of treasure hunts and a leaflet, Events for Children and Families, is available from the National Trust's information service (020 8315 1111 or <a href=\"http://www.trusty.org\">www.trusty.org</a>).</p> <p>The treasure hunts are part of the charity's Neptune Coastline campaign, which aims to safeguard stretches of Britain's coastline.</p> <p><strong>Card offers cut-price entry to attractions </strong><br> Good news: you can now enjoy cheap days out at family attractions around the country and benefit charity at the same time. The Powerpass card is an initiative from Yorkshire Tourist Board and Northern Electric &amp; Gas which allows two-for-one entry at over 150 attractions, from Warkworth Castle in Northumbria to Adventure Island in Essex. The passes cost a minimum of \u00a31, which Yorkshire Tourist Board will donate to Childline, but larger donations are welcomed. You can use the cards as much as you like for the rest of the year. </p> <p>The passes are available from tourist information centres in Yorkshire, or send a cheque or postal order for \u00a31, or preferably more, to Yorkshire Tourist Board, 312 Tadcaster Road, York YO24 1GS, and it will send you a discount card and a leaflet of participating attractions.</p>",
      "newspaperPageNumber": "7",
      "wordcount": "497",
      "commentable": "false",
      "isPremoderated": "false",
      "lastModified": "2000-07-30T01:29:16Z",
      "newspaperEditionDate": "2000-07-30T00:00:00Z",
      "productionOffice": "UK",
      "publication": "The Observer",
      "shortUrl": "https://gu.com/p/xqe",
      "shouldHideAdverts": "false",
      "showInRelatedContent": "true",
      "legallySensitive": "false",
      "lang": "en",
      "bodyText": "Join Ransome trail in Lakeland The Lake District is celebrating the seventieth anniversary of the publication of Arthur Ransome's Swallows and Amazons with a special Swallows and Amazons Forever! exhibition at the Museum of Lakeland Life in Abbot Hall, Kendal. Other sites along the Ransome Trail, including the Windermere Steamboat Museum (01539 445565) and the Ruskin Museum on Coniston (01539 441164) have decided to join in. Ransome fans can find out more about Kanchenjunga, Octopus Lagoon, Secret Harbour and Wild Cat island, all Lake District locations, at the Museum of Lakeland Life: exhibits include Ransome's sketch books. Swallows and Amazons Forever! reveals other parts of the author's life. Before he started writing his famous books he worked as a war correspondent in Russia, played chess with Lenin and married Tolstoy's secretary. Abbot Hall Art Gallery is also hosting Ruskin and the Light of Nature featuring works by Turner and Rossetti as well as Ruskin, until 1 October. There are workshops for children at both venues throughout August; activities include print-making, T-shirt design, still life and pinhole photography. Pre-booking is recommended (\u00a33 per place). Abbot Hall is open daily from 10.30am-5pm. Tel: 01539 722464 for details about both exhibitions and the workshops. Find the treasure Young pirates, explorers and adventurers should make their way to more than 80 National Trust properties this summer if they want the chance of finding hidden treasure. There are prizes at the end of each outdoor clue-strewn trail, as well as extra activities such as 'pirate workshops', raft-building and face-painting. Venues include Chedworth Roman Villa, near Cheltenham, on 6 August (01242 890 256); Tattershall Castle, Lincoln, on 13 August (01526 342 543); and Petworth House on 18 August (01798 342 207). On 30 August children can follow in the footsteps of Swallows and Amazons characters at Calke Abbey, Derbyshire (01332 863822). A complete list of treasure hunts and a leaflet, Events for Children and Families, is available from the National Trust's information service (020 8315 1111 or www.trusty.org). The treasure hunts are part of the charity's Neptune Coastline campaign, which aims to safeguard stretches of Britain's coastline. Card offers cut-price entry to attractions Good news: you can now enjoy cheap days out at family attractions around the country and benefit charity at the same time. The Powerpass card is an initiative from Yorkshire Tourist Board and Northern Electric &amp; Gas which allows two-for-one entry at over 150 attractions, from Warkworth Castle in Northumbria to Adventure Island in Essex. The passes cost a minimum of \u00a31, which Yorkshire Tourist Board will donate to Childline, but larger donations are welcomed. You can use the cards as much as you like for the rest of the year. The passes are available from tourist information centres in Yorkshire, or send a cheque or postal order for \u00a31, or preferably more, to Yorkshire Tourist Board, 312 Tadcaster Road, York YO24 1GS, and it will send you a discount card and a leaflet of participating attractions.",
      "charCount": "3126"
    },
    "isHosted": false,
    "pillarId": "pillar/lifestyle",
    "pillarName": "Lifestyle"
  },
  {
    "id": "film/2000/jul/30/philipfrench",
    "type": "article",
    "sectionId": "film",
    "sectionName": "Film",
    "webPublicationDate": "2000-07-30T01:31:52Z",
    "webTitle": "The price of fish...",
    "webUrl": "https://www.theguardian.com/film/2000/jul/30/philipfrench",
    "apiUrl": "https://content.guardianapis.com/film/2000/jul/30/philipfrench",
    "fields": {
      "headline": "The price of fish...",
      "standfirst": "It's hard enough earning a living at sea. Add a hurricane or two and things get really difficult",
      "trailText": "<p><strong>Philip French:</strong> The storm is a stunning, gut-wrenching piece of film-making that leaves the spectator shattered</p>",
      "byline": "Philip French",
      "main": "",
      "body": "<p>Wolfgang Peterson's vivid account of life aboard a German submarine in the Second World War, Das Boot, is one of the great movies about seafaring. His new film, The Perfect Storm, though not quite in the same class, is, nevertheless, fit to be moored alongside it. </p> <p>The film is adapted by Bill Wittliff from Sebastian Junger's riveting documentary book about 'the storm of the century' that occurred around Hallowe'en 1991, when a hurricane moving north from Bermuda collided off the north-west coast of America with an Arctic blast moving south and an unusual cold front coming across Canada from the Great Lakes. In this context 'perfect' is an ironic meteorological term meaning 'the worst imaginable'. </p> <p>At the centre of the book and the film is a swordfishing boat, the Andrea Gail, working the Grand Banks from the port of Gloucester, Massachusetts, where the walls of the old town hall, seen in the opening sequence, record the names of the 10,000 fishermen lost at sea since 1623. We're introduced to the ship's captain, Billy Tyne (George Clooney), and his crew as they return with a catch much inferior to that of a friendly rival, the Hannah Boden, skippered by Linda Greenlaw (Mary Elizabeth Mastrantonio). </p> <p>Is Tyne's luck running out? Is the Grand Banks fishing ground becoming depleted? The crew are disappointed with their rewards, the owner of the Andrea Gail (unsympathetic Michael Ironside) sneers at the captain he employs. In consequence, Tyne decides to put to sea again two days later in a last attempt to retrieve a bad season. </p> <p>The Perfect Storm is much influenced by Howard Hawks. It's the story of dedicated professionals who work together at dangerous jobs, respecting each other's skills. Fishing is what they do - because they love it or because it promised to pay well or because it's all they know. The women stoically stand by or they act like the men (Mastrantonio is an archetypal Hawksian woman) or they go away. </p> <p>Most of the men are either anguished divorc\u00e9s, dedicated loners or on the point of giving up the sea for a woman. In a traditional scene at their gathering place, the Crow's Nest Tavern, their characters are established ready for the central business of the film - the effects of the storm. Like miners, they belong to a close community that practises a physically demanding trade living with memories of tragedies and knowing that disaster might strike any time. </p> <p>Eventually, the Andrea Gail puts out to sea, John Seale's photography giving the movie a crisp, clear, bracing feel, James Horner's emphatic score underlining the heroic aspect of the adventure. At first, the fish are brought in steadily on the 40 mile-long nets. But there's conflict between the unhappy Murph (John C. Reilly) and the difficult newcomer Sully (William Fichtner), which is broken up by the reliable Bugsy (John Hawkes) and the happy-go-lucky Jamaican, Alfred Pierre (Allen Payne). </p> <p>Then a shark they accidentally land injures the first mate, Bobby (Mark Wahlberg) and Murph is dragged overboard and nearly killed. When the catch drastically falls off, Tyne persuades them to go further out to a better fishing ground. Meanwhile, the meteorologist at a Boston TV station starts noticing the freak weather pattern. </p> <p>This is a story of man against an implacable, remorseless nature, not a factitious tale of confronting sea monsters or waterborne terrorists. But at its centre are the effects of economic imperatives. The boat is out because the crew need the money, and at a crucial juncture the ice-making machinery breaks down because of the owner's cost-cutting, so no more fish can be taken. </p> <p>A choice arises between heading home through the storm with their catch or evading the storm by going further out and thus having to ditch a catch they can't preserve. The voyage begins with them thinking of their living; it ends with them fighting for their lives. </p> <p>The storm is a stunning, gut-wrenching piece of film-making that leaves the spectator shattered. Petersen cuts between the community's agonies on land in Gloucester and the events at sea. In addition to the Andrea Gail, there's a foundering yacht to be helped, a rescue helicopter in desperate need of aerial re-fuelling, a merchant ship whose containers are being swept away like so many Lego bricks, and the Hannah Boden from which Greenlaw is relaying messages to the increasingly isolated Andrea Gail. The special effects are astonishing, but they never detract from the human story, which is old-fashioned in the finest sense. </p> <p>The cast look like real working men who've lived hard, open-air lives. Their dialogue is laconic and given our postmodern times and the fact that even at sea they watch a lot of action videos, they are perhaps aware of the roles they act out. After one fisherman is thanked by a hostile colleague whose life he's helped save, he remarks: 'You'd have done the same for me - isn't that what I'm supposed to say?' </p> <p>I was caught up in this movie far more than I was in Jaws and there's a memorial service in the Gloucester church that is every bit as moving as the funeral of Spencer Tracy in Captains Courageous, a picture that inevitably comes to mind. The first chapter of Junger's book has an unforgettable epigraph from Walter Scott's novel, The Antiquary: 'It's no fish ye're buying, it's men's lives.' I wish they'd quoted this in the film.</p>",
      "newspaperPageNumber": "9",
      "wordcount": "907",
      "commentable": "false",
      "isPremoderated": "false",
      "lastModified": "2000-07-30T01:31:52Z",
      "newspaperEditionDate": "2000-07-30T00:00:00Z",
      "productionOffice": "UK",
      "publication": "theguardian.com",
      "shortUrl": "https://gu.com/p/xhezn",
      "shouldHideAdverts": "false",
      "showInRelatedContent": "true",
      "legallySensitive": "false",
      "lang": "en",
      "bodyText": "Wolfgang Peterson's vivid account of life aboard a German submarine in the Second World War, Das Boot, is one of the great movies about seafaring. His new film, The Perfect Storm, though not quite in the same class, is, nevertheless, fit to be moored alongside it. The film is adapted by Bill Wittliff from Sebastian Junger's riveting documentary book about 'the storm of the century' that occurred around Hallowe'en 1991, when a hurricane moving north from Bermuda collided off the north-west coast of America with an Arctic blast moving south and an unusual cold front coming across Canada from the Great Lakes. In this context 'perfect' is an ironic meteorological term meaning 'the worst imaginable'. At the centre of the book and the film is a swordfishing boat, the Andrea Gail, working the Grand Banks from the port of Gloucester, Massachusetts, where the walls of the old town hall, seen in the opening sequence, record the names of the 10,000 fishermen lost at sea since 1623. We're introduced to the ship's captain, Billy Tyne (George Clooney), and his crew as they return with a catch much inferior to that of a friendly rival, the Hannah Boden, skippered by Linda Greenlaw (Mary Elizabeth Mastrantonio). Is Tyne's luck running out? Is the Grand Banks fishing ground becoming depleted? The crew are disappointed with their rewards, the owner of the Andrea Gail (unsympathetic Michael Ironside) sneers at the captain he employs. In consequence, Tyne decides to put to sea again two days later in a last attempt to retrieve a bad season. The Perfect Storm is much influenced by Howard Hawks. It's the story of dedicated professionals who work together at dangerous jobs, respecting each other's skills. Fishing is what they do - because they love it or because it promised to pay well or because it's all they know. The women stoically stand by or they act like the men (Mastrantonio is an archetypal Hawksian woman) or they go away. Most of the men are either anguished divorc\u00e9s, dedicated loners or on the point of giving up the sea for a woman. In a traditional scene at their gathering place, the Crow's Nest Tavern, their characters are established ready for the central business of the film - the effects of the storm. Like miners, they belong to a close community that practises a physically demanding trade living with memories of tragedies and knowing that disaster might strike any time. Eventually, the Andrea Gail puts out to sea, John Seale's photography giving the movie a crisp, clear, bracing feel, James Horner's emphatic score underlining the heroic aspect of the adventure. At first, the fish are brought in steadily on the 40 mile-long nets. But there's conflict between the unhappy Murph (John C. Reilly) and the difficult newcomer Sully (William Fichtner), which is broken up by the reliable Bugsy (John Hawkes) and the happy-go-lucky Jamaican, Alfred Pierre (Allen Payne). Then a shark they accidentally land injures the first mate, Bobby (Mark Wahlberg) and Murph is dragged overboard and nearly killed. When the catch drastically falls off, Tyne persuades them to go further out to a better fishing ground. Meanwhile, the meteorologist at a Boston TV station starts noticing the freak weather pattern. This is a story of man against an implacable, remorseless nature, not a factitious tale of confronting sea monsters or waterborne terrorists. But at its centre are the effects of economic imperatives. The boat is out because the crew need the money, and at a crucial juncture the ice-making machinery breaks down because of the owner's cost-cutting, so no more fish can be taken. A choice arises between heading home through the storm with their catch or evading the storm by going further out and thus having to ditch a catch they can't preserve. The voyage begins with them thinking of their living; it ends with them fighting for their lives. The storm is a stunning, gut-wrenching piece of film-making that leaves the spectator shattered. Petersen cuts between the community's agonies on land in Gloucester and the events at sea. In addition to the Andrea Gail, there's a foundering yacht to be helped, a rescue helicopter in desperate need of aerial re-fuelling, a merchant ship whose containers are being swept away like so many Lego bricks, and the Hannah Boden from which Greenlaw is relaying messages to the increasingly isolated Andrea Gail. The special effects are astonishing, but they never detract from the human story, which is old-fashioned in the finest sense. The cast look like real working men who've lived hard, open-air lives. Their dialogue is laconic and given our postmodern times and the fact that even at sea they watch a lot of action videos, they are perhaps aware of the roles they act out. After one fisherman is thanked by a hostile colleague whose life he's helped save, he remarks: 'You'd have done the same for me - isn't that what I'm supposed to say?' I was caught up in this movie far more than I was in Jaws and there's a memorial service in the Gloucester church that is every bit as moving as the funeral of Spencer Tracy in Captains Courageous, a picture that inevitably comes to mind. The first chapter of Junger's book has an unforgettable epigraph from Walter Scott's novel, The Antiquary: 'It's no fish ye're buying, it's men's lives.' I wish they'd quoted this in the film.",
      "charCount": "5356"
    },
    "isHosted": false,
    "pillarId": "pillar/arts",
    "pillarName": "Arts"
  },
  {
    "id": "world/2000/jul/30/eu.politics",
    "type": "article",
    "sectionId": "world",
    "sectionName": "World news",
    "webPublicationDate": "2000-07-30T01:29:39Z",
    "webTitle": "Brussels 'fat cats' to lose their cream",
    "webUrl": "https://www.theguardian.com/world/2000/jul/30/eu.politics",
    "apiUrl": "https://content.guardianapis.com/world/2000/jul/30/eu.politics",
    "fields": {
      "headline": "Brussels 'fat cats' to lose their cream",
      "standfirst": "Closure for elite's cut-rate food shop targeted by tabloids",
      "trailText": "Brussels will never be the same again. A controversial supermarket which has supplied Eurocrats with cheap booze and food since the Sixties is to close within the year after scathing attacks in the British tabloids.",
      "byline": "by Andrew Osborn Brussels",
      "main": "",
      "body": "Brussels will never be the same again. A controversial supermarket which has supplied Eurocrats with cheap booze and food since the Sixties is to close within the year after scathing attacks in the British tabloids. <p>Described as `one of the EU's most damning secrets' and `the most exclusive shop in the world', the Economat is stocked with delicacies from the EU's 15 member states which officials can buy at highly competitive prices. The much maligned shop has long since passed into Brussels folklore and was clearly becoming an embarrassment which did not sit well with the Commission's publicly stated aim of cleaning up its tarnished image.</p> <p>Tucked away in the basement of a nondescript commission building on Rue de la Science, the shop is not signposted and its doors are shut to the general public. Entry is by EU identity pass only. Often compared to the former special shops for the Soviet elite, its shelves are laden with virgin olive oil for the Italians, breakfast tea for the Brits and a legendary selection of wine and spirits. It also stocks cut-price bottles of champagne whose labels bear the EU's stars emblem.</p> <p>Its raison d'etre when it was first set up was to allow homesick Eurocrats to enjoy their favourite food and drink, then not readily available in Brussels.</p> <p>But controversially, staff salaries and running costs are effectively paid by EU taxpayers, a fact which has made it an easy target for some of the UK's more Euro-sceptical tabloids. It is often claimed that the food and booze is tax-free, but in fact it is simply cheaper because the shop is run on a non-profit basis.</p> <p>Its days are now numbered and a decision has been taken to shut it down as part of a review carried out to determine what the European Commission's priority tasks should be.</p> <p>The issue has proved so emotive in the past, however, that the Commission is noticeably reluctant to publicise what some consider to be a rather humiliating climb-down and others believe to be a dose of common sense.</p> <p>News of its closure is buried in a document detailing which activities the Commission is set to phase out, but no mention is made of its name and its demise is disguised as job losses in `techni cal service'. Neil Kinnock, who is charged with reforming the Commission, did admit last week, however, that its existence can no longer be justified.</p> <p>`I couldn't justify the continued maintenance of shopkeeping as one of the roles of the European Commission,' he said. `It's been very clear to me that the Economat had its place at the beginning of the Commission, but as the decades have passed and it became evident that you can get the same foods in the local supermarkets the justification for retaining it has diminished.'</p> <p>The store is not, he was at pains to stress, a perk for `fatcat Eurocrats'. But the British tabloids beg to differ and `exposed' the Economat's existence last year with fierce indignation.</p> <p>`A carefully guarded shop where the bloated EU porkers can dip their trotters into piles of cut-price caviar and reservoirs of champagne,' was how the Sun described it, while the Mail on Sunday dubbed it a `Eurocratic Harrods'.</p> <p>EU officials vehemently deny that the decision to close it down was prompted by media criticism and many continue to argue that there is nothing unsavoury or untoward about its existence.</p> <p>But at a time when public support for Britain's membership of the European Union, let alone the single currency, has plunged to its lowest level in 20 years, EU spin-doctors are acutely aware that the Economat has had its day.</p>",
      "wordcount": "614",
      "commentable": "false",
      "isPremoderated": "false",
      "lastModified": "2017-05-08T09:41:52Z",
      "newspaperEditionDate": "2000-07-30T00:00:00Z",
      "productionOffice": "UK",
      "publication": "theguardian.com",
      "shortUrl": "https://gu.com/p/yyp4",
      "shouldHideAdverts": "false",
      "showInRelatedContent": "true",
      "legallySensitive": "false",
      "lang": "en",
      "bodyText": "Brussels will never be the same again. A controversial supermarket which has supplied Eurocrats with cheap booze and food since the Sixties is to close within the year after scathing attacks in the British tabloids. Described as `one of the EU's most damning secrets' and `the most exclusive shop in the world', the Economat is stocked with delicacies from the EU's 15 member states which officials can buy at highly competitive prices. The much maligned shop has long since passed into Brussels folklore and was clearly becoming an embarrassment which did not sit well with the Commission's publicly stated aim of cleaning up its tarnished image. Tucked away in the basement of a nondescript commission building on Rue de la Science, the shop is not signposted and its doors are shut to the general public. Entry is by EU identity pass only. Often compared to the former special shops for the Soviet elite, its shelves are laden with virgin olive oil for the Italians, breakfast tea for the Brits and a legendary selection of wine and spirits. It also stocks cut-price bottles of champagne whose labels bear the EU's stars emblem. Its raison d'etre when it was first set up was to allow homesick Eurocrats to enjoy their favourite food and drink, then not readily available in Brussels. But controversially, staff salaries and running costs are effectively paid by EU taxpayers, a fact which has made it an easy target for some of the UK's more Euro-sceptical tabloids. It is often claimed that the food and booze is tax-free, but in fact it is simply cheaper because the shop is run on a non-profit basis. Its days are now numbered and a decision has been taken to shut it down as part of a review carried out to determine what the European Commission's priority tasks should be. The issue has proved so emotive in the past, however, that the Commission is noticeably reluctant to publicise what some consider to be a rather humiliating climb-down and others believe to be a dose of common sense. News of its closure is buried in a document detailing which activities the Commission is set to phase out, but no mention is made of its name and its demise is disguised as job losses in `techni cal service'. Neil Kinnock, who is charged with reforming the Commission, did admit last week, however, that its existence can no longer be justified. `I couldn't justify the continued maintenance of shopkeeping as one of the roles of the European Commission,' he said. `It's been very clear to me that the Economat had its place at the beginning of the Commission, but as the decades have passed and it became evident that you can get the same foods in the local supermarkets the justification for retaining it has diminished.' The store is not, he was at pains to stress, a perk for `fatcat Eurocrats'. But the British tabloids beg to differ and `exposed' the Economat's existence last year with fierce indignation. `A carefully guarded shop where the bloated EU porkers can dip their trotters into piles of cut-price caviar and reservoirs of champagne,' was how the Sun described it, while the Mail on Sunday dubbed it a `Eurocratic Harrods'. EU officials vehemently deny that the decision to close it down was prompted by media criticism and many continue to argue that there is nothing unsavoury or untoward about its existence. But at a time when public support for Britain's membership of the European Union, let alone the single currency, has plunged to its lowest level in 20 years, EU spin-doctors are acutely aware that the Economat has had its day.",
      "charCount": "3554"
    },
    "isHosted": false,
    "pillarId": "pillar/news",
    "pillarName": "News"
  },
  {
    "id": "uk/2000/jul/30/northernireland.johnofarrell",
    "type": "article",
    "sectionId": "uk-news",
    "sectionName": "UK news",
    "webPublicationDate": "2000-07-30T01:29:38Z",
    "webTitle": "Maze prisoners find freedom has its price",
    "webUrl": "https://www.theguardian.com/uk/2000/jul/30/northernireland.johnofarrell",
    "apiUrl": "https://content.guardianapis.com/uk/2000/jul/30/northernireland.johnofarrell",
    "fields": {
      "headline": "Maze prisoners find freedom has its price",
      "standfirst": "The ex-terrorists see their offences as political but outside jail they're treated as common criminals. John O'Farrell reports",
      "trailText": "The ex-terrorists see their offences as political but outside jail they're treated as common criminals. John O'Farrell reports",
      "byline": "John O'Farrell",
      "main": "",
      "body": "The 78 paramilitary prisoners who left the Maze prison last Friday may be celebrating freedom, but their re-entry into civil society will be as hard as that of any released convict. <p>Despite their `political' status in jail, in the outside world the freed prisoners will be seen as ordinary ex-criminals by government agencies and financial institutions. The Children's Order prohibits anyone convicted of a sexual offence or violent crime from adopting or fostering children, and the former prisoners' partners will not be allowed to become registered childminders. There is no discretion made for the `political' nature of the offences.</p> <p>Likewise, the Department of the Environment routinely refuses Public Service Vehicle licences to ex-prisoners.</p> <p>They face further problems from financial institutions, who also make no distinction between criminal and political convictions. A former IRA prisoner filled out her home insurance form and replied `no' to the question `do you have any criminal convictions?' When her house in north Belfast was damaged by an accidental fire, her claim was refused by the insurance company. She was held to have lied on her insurance form.</p> <p>The insurance companies, banks and government agencies claim this is `standard pro cedure'. But according to Mike Richie, a member of a support group for former IRA prisoners, `there are double standards at work' because the Government treats politically motivated acts differently from criminal offences in compensation claims for injuries and damages.</p> <p>Richie cites the case of Paddy O'Hagan, a former IRA prisoner whose pregnant wife Kathleen was shot dead by the UVF in 1994. O'Hagan was refused compensation, despite being left with four young children to support. Even minor offences remain unforgiven by the Compensation Agency \u00d0 as in the case of a west Belfast man who was given a six-month suspended sentence in 1974, when he was 16, for membership of Na Fianna Eireann, the youth wing of the republican movement. `He was caught training with a hurley stick.' Although avoiding any `involvement' since, he was refused compensation after being beaten by loyalists 21 years later in a random sectarian attack.</p> <p>`He almost lost his sight and will never work again to support his family,' says Richie. `He has received no compensation.'</p> <p>The reason given by the Compensation Agency is that past membership of a paramilitary organisation counts as `contributory negligence'. In September 1992, a 2,000lb IRA bomb wrecked the forensic science laboratories and damaged 700 homes in the loyalist Belvoir estate in south Belfast. Nearly all householders were compensated for both the physical and psychological collateral damage, apart from one former UVF inmate. He received nothing, according to Martin Snoddon, member of a support group for loyalist ex-prisoners.</p> <p>A released prisoner was running a successful small shop in Portadown, until the Continuity IRA devastated the centre of the town in February 1998. Other business owners received criminal damage compensation but the ex-prisoner was refused on the grounds of `contributory negligence'.</p> <p>In terms of jobs, there are still areas which will remain off-limits for `political' offenders, including, Richie says, `an automatic bar on civil service jobs'. Both Chris Patten and Peter Mandelson have said that a bar will operate in the new Police Service.</p> <p>Richie believes the only solution is to call a blanket amnesty for all offences committed before the Belfast Agreement.</p> <p>Prisoners' groups cite a precedent in UK legislation. At the time of Zimbabwean independence in 1980, a Bill was passed which had the effect of cancelling out all atrocities committed by both the white-minority illegal government of Ian Smith and the guerrilla Patriotic Front. It was the last significant part Westminster played in what was still officially the colony of Southern Rhodesia.</p> <p>They also point to the South African Truth and Re-conciliation Commission, which was given the power to grant amnesties in exchange for honest testimony. Such a move would assist republicans `in exile' south of the border or abroad, who could face charges if they return north.</p> <p>The release of prisoners has also raised the thorny issue of the return of exiles, those targeted by paramilitary groups and forced abroad. Up to 7,000 could be affected, according to groups in Britain who helped resettle the exiles. Government figures, which include only those who asked the police for help, claim that 335 were exiled in 1998 and 256 in 1999.</p> <p>One Dungannon man who returned last year to see his children was brutally beaten by an IRA `punishment squad', within feet of his screaming baby in her cot. Soon afterwards he was killed in a car crash.</p> <p>The Northern Ireland Select Committee is currently investigating the issue of returnees and seeks submissions from anyone with an interest, particularly exiles. One Select Committee member, Labour MP Harry Barnes, told The Observer that releases `must be a two-way process. If people have to accept the release of such prisoners, isn't it high time that their paramilitary organisations released their own prisoners too?</p> <p>`The people they have forced out of their homes, or even out of the country altogether, aren't physically in prisons, but they are under sentence.'</p> <p>One man unlikely to be given a warm welcome, or even forgiven by republicans, is Sean O'Callaghan, the one-time second-ranking member of the IRA's `Southern Command' who told all to the Garda.</p> <p>Despite risking his life as the most senior informer ever within the Provisionals, and then voluntarily surrendering to the police and admitting his part in two murders in the mid-1970s, for which he served over a decade in prison, Sean O'Callaghan, too, in the eyes of government agencies and financial institutions, is on a legal par with any convicted killer.</p> <p>He believes that, despite the pain caused to victims of paramilitary violence, ex-prisoners cannot be allowed to rot in a legal purdah. `There are over 15,000 ex-prisoners as a result of the conflict,' he says. `They need a relative stake in any new society being built in the North of Ireland.' </p>",
      "wordcount": "994",
      "commentable": "false",
      "isPremoderated": "false",
      "lastModified": "2017-12-02T15:19:32Z",
      "newspaperEditionDate": "2000-07-30T00:00:00Z",
      "productionOffice": "UK",
      "publication": "The Observer",
      "shortUrl": "https://gu.com/p/ht29",
      "shouldHideAdverts": "false",
      "showInRelatedContent": "true",
      "legallySensitive": "false",
      "lang": "en",
      "bodyText": "The 78 paramilitary prisoners who left the Maze prison last Friday may be celebrating freedom, but their re-entry into civil society will be as hard as that of any released convict. Despite their `political' status in jail, in the outside world the freed prisoners will be seen as ordinary ex-criminals by government agencies and financial institutions. The Children's Order prohibits anyone convicted of a sexual offence or violent crime from adopting or fostering children, and the former prisoners' partners will not be allowed to become registered childminders. There is no discretion made for the `political' nature of the offences. Likewise, the Department of the Environment routinely refuses Public Service Vehicle licences to ex-prisoners. They face further problems from financial institutions, who also make no distinction between criminal and political convictions. A former IRA prisoner filled out her home insurance form and replied `no' to the question `do you have any criminal convictions?' When her house in north Belfast was damaged by an accidental fire, her claim was refused by the insurance company. She was held to have lied on her insurance form. The insurance companies, banks and government agencies claim this is `standard pro cedure'. But according to Mike Richie, a member of a support group for former IRA prisoners, `there are double standards at work' because the Government treats politically motivated acts differently from criminal offences in compensation claims for injuries and damages. Richie cites the case of Paddy O'Hagan, a former IRA prisoner whose pregnant wife Kathleen was shot dead by the UVF in 1994. O'Hagan was refused compensation, despite being left with four young children to support. Even minor offences remain unforgiven by the Compensation Agency \u00d0 as in the case of a west Belfast man who was given a six-month suspended sentence in 1974, when he was 16, for membership of Na Fianna Eireann, the youth wing of the republican movement. `He was caught training with a hurley stick.' Although avoiding any `involvement' since, he was refused compensation after being beaten by loyalists 21 years later in a random sectarian attack. `He almost lost his sight and will never work again to support his family,' says Richie. `He has received no compensation.' The reason given by the Compensation Agency is that past membership of a paramilitary organisation counts as `contributory negligence'. In September 1992, a 2,000lb IRA bomb wrecked the forensic science laboratories and damaged 700 homes in the loyalist Belvoir estate in south Belfast. Nearly all householders were compensated for both the physical and psychological collateral damage, apart from one former UVF inmate. He received nothing, according to Martin Snoddon, member of a support group for loyalist ex-prisoners. A released prisoner was running a successful small shop in Portadown, until the Continuity IRA devastated the centre of the town in February 1998. Other business owners received criminal damage compensation but the ex-prisoner was refused on the grounds of `contributory negligence'. In terms of jobs, there are still areas which will remain off-limits for `political' offenders, including, Richie says, `an automatic bar on civil service jobs'. Both Chris Patten and Peter Mandelson have said that a bar will operate in the new Police Service. Richie believes the only solution is to call a blanket amnesty for all offences committed before the Belfast Agreement. Prisoners' groups cite a precedent in UK legislation. At the time of Zimbabwean independence in 1980, a Bill was passed which had the effect of cancelling out all atrocities committed by both the white-minority illegal government of Ian Smith and the guerrilla Patriotic Front. It was the last significant part Westminster played in what was still officially the colony of Southern Rhodesia. They also point to the South African Truth and Re-conciliation Commission, which was given the power to grant amnesties in exchange for honest testimony. Such a move would assist republicans `in exile' south of the border or abroad, who could face charges if they return north. The release of prisoners has also raised the thorny issue of the return of exiles, those targeted by paramilitary groups and forced abroad. Up to 7,000 could be affected, according to groups in Britain who helped resettle the exiles. Government figures, which include only those who asked the police for help, claim that 335 were exiled in 1998 and 256 in 1999. One Dungannon man who returned last year to see his children was brutally beaten by an IRA `punishment squad', within feet of his screaming baby in her cot. Soon afterwards he was killed in a car crash. The Northern Ireland Select Committee is currently investigating the issue of returnees and seeks submissions from anyone with an interest, particularly exiles. One Select Committee member, Labour MP Harry Barnes, told The Observer that releases `must be a two-way process. If people have to accept the release of such prisoners, isn't it high time that their paramilitary organisations released their own prisoners too? `The people they have forced out of their homes, or even out of the country altogether, aren't physically in prisons, but they are under sentence.' One man unlikely to be given a warm welcome, or even forgiven by republicans, is Sean O'Callaghan, the one-time second-ranking member of the IRA's `Southern Command' who told all to the Garda. Despite risking his life as the most senior informer ever within the Provisionals, and then voluntarily surrendering to the police and admitting his part in two murders in the mid-1970s, for which he served over a decade in prison, Sean O'Callaghan, too, in the eyes of government agencies and financial institutions, is on a legal par with any convicted killer. He believes that, despite the pain caused to victims of paramilitary violence, ex-prisoners cannot be allowed to rot in a legal purdah. `There are over 15,000 ex-prisoners as a result of the conflict,' he says. `They need a relative stake in any new society being built in the North of Ireland.'",
      "charCount": "6157"
    },
    "isHosted": false,
    "pillarId": "pillar/news",
    "pillarName": "News"
  },
  {
    "id": "world/2000/jul/30/uselections2000.usa",
    "type": "article",
    "sectionId": "world",
    "sectionName": "World news",
    "webPublicationDate": "2000-07-30T01:29:35Z",
    "webTitle": "Bush campaign looks well-oiled",
    "webUrl": "https://www.theguardian.com/world/2000/jul/30/uselections2000.usa",
    "apiUrl": "https://content.guardianapis.com/world/2000/jul/30/uselections2000.usa",
    "fields": {
      "headline": "Bush campaign looks well-oiled",
      "standfirst": "George W. Bush's run for the Presidency is controlled by a loyal team who have stood by their man since 1994, writes Ed Vulliamy in New York",
      "trailText": "George W. Bush arrives at the Republican convention in Philadelphia tomorrow flanked - in defiance of his rival, Al Gore - by a White House-in-waiting.",
      "byline": "Ed Vulliamy",
      "main": "",
      "body": "George W. Bush arrives at the Republican convention in Philadelphia tomorrow flanked - in defiance of his rival, Al Gore - by a White House-in-waiting. <p>While Gore deliberates over his choice of running mate, Bush will present Dick Cheney, a nomination charged with meanings both political and dynastic. But the Bush entourage goes deeper than that. While Gore lurches from reshuffle to reshuffle with his staff, Bush's team is almost unchanged from his first victorious race for the Texas governorship in 1994. They call it `Team Bush'.</p> <p>To the fore is Cheney, whose appointment weaves three strands into the tapestry of the Bush candidacy. The first is generational: although Cheney is only a few years 'Dubya's' senior, he looks like a father-figure - and is one. Cheney helped Bush the Elder free Kuwait's oil fields from Saddam Hussein.</p> <p>This made Cheney's next career move - and the second strand he weaves into the Bush campaign - a logical one. It is not for nothing that Bush-Cheney is called 'The Big Oil Ticket'. Within four years of the war, Cheney was chief executive of the Halliburton oil company, which happened to do most of its business with the Arab countries that had sided with the US in the war. Within two years of Cheney's arrival, the company's stock value had trebled.</p> <p>The third strand Cheney weaves is ideological: he fits into Bush's mantra of 'compassionate conservatism'. For all his fatherly image - President Clinton called him a `good man' - Cheney is an arch-conservative, described by Democrats as `right of Newt Gingrich'.</p> <p>This makes Cheney a curious appointment given Bush's battle for the middle ground, which he must prise from the 1996 electorate that returned the President to power. Democrat Jim McGovern recalled Cheney's opposition to the release of Nelson Mandela. Cheney's criticisms of the child-opportunity 'Head Start' programme fits awkwardly with Bush's pledge that 'no child will be left behind'. He voted against federal funding for abortions, even in cases of rape and incest.</p> <p>`Team Bush' is one of the most tightly woven ever to fight a Presi dential election. Public disagreements and leaks among the team are unheard of. The downside, Democrats say, may be that Bush never gets tested by critical advice. But the result is a `relaxed' campaign, based partly on the premise that if Bush is not inevitable, he is nothing. The nonchalance is deceptive; it is one of the most disciplined campaigns in memory.</p> <p>It was forged partly by communications director Karen Hughes, a former TV anchor. Hughes controls all access to Bush, protecting a man who lacks much of the basic knowledge and savvy expected of a presidential contender.</p> <p>Hughes, however, is not the Kingmaker. That title goes to the intriguing figure of chief strategist Karl Rove. There is a cartoon above Rove's desk in his office in Austin, Texas: as Gore and Bush scratch each other's eyes out, Bush screams for help: 'Call Rove!'</p> <p>Rove has managed almost every Republican campaign in Texas for the past two decades. He is often compared with the legendary Lee Atwater, credited with winning the 1988 election for George Bush senior. Rove's dedication has few parallels: at Bush's request he sold his consulting business so his attention would be undivided.</p> <p>After Hughes and Rove, there is a third point to the `Iron Triangle', a 275-lb, 6'4'' giant called Joe Allbaugh. Allbaugh, chief-of-staff in waiting, is like a political bodyguard - quiet, considered and ruthless \u00d0 who believes that 'there isn't anything more important than protecting him and the first lady'.</p> <p>The campaign packaging is the work of Maverick Media - Mark McKinnon, a disillusioned Democrat and former country musician who came to Nashville to write songs for Kris Kristofferson, and, among other staff, Stuart Stevens, who says regarding Al Gore's take-no-prisoners team, `we're not going to run that kind of race'. McKinnon produces shots of Bush and his wife Laura bathed in sweet sunlight as though advertising hair conditioner, not the privatisation of social security.</p> <p>Foreign policy is famously Bush's weak point, with his confusions between Greeks and Grecians, Slovenia and Slovakia. But even this is partly contrived: to some degree Americans prefer it that way. Condoleeza Rice is the diva-in-waiting of US politics: bright, beautiful and about to become the first ever black and the first ever woman to be appointed National Security Adviser.</p> <p>It remains to be seen whether Bush will entice the one person onto his team that he wants more than any other. If General Colin Powell was Secretary of State, that would clinch the election. His absence is the black hole at the core of Team Bush.</p>",
      "wordcount": "775",
      "commentable": "false",
      "isPremoderated": "false",
      "lastModified": "2017-07-15T04:03:11Z",
      "newspaperEditionDate": "2000-07-30T00:00:00Z",
      "productionOffice": "UK",
      "publication": "theguardian.com",
      "shortUrl": "https://gu.com/p/jx9j",
      "shouldHideAdverts": "false",
      "showInRelatedContent": "true",
      "legallySensitive": "false",
      "lang": "en",
      "bodyText": "George W. Bush arrives at the Republican convention in Philadelphia tomorrow flanked - in defiance of his rival, Al Gore - by a White House-in-waiting. While Gore deliberates over his choice of running mate, Bush will present Dick Cheney, a nomination charged with meanings both political and dynastic. But the Bush entourage goes deeper than that. While Gore lurches from reshuffle to reshuffle with his staff, Bush's team is almost unchanged from his first victorious race for the Texas governorship in 1994. They call it `Team Bush'. To the fore is Cheney, whose appointment weaves three strands into the tapestry of the Bush candidacy. The first is generational: although Cheney is only a few years 'Dubya's' senior, he looks like a father-figure - and is one. Cheney helped Bush the Elder free Kuwait's oil fields from Saddam Hussein. This made Cheney's next career move - and the second strand he weaves into the Bush campaign - a logical one. It is not for nothing that Bush-Cheney is called 'The Big Oil Ticket'. Within four years of the war, Cheney was chief executive of the Halliburton oil company, which happened to do most of its business with the Arab countries that had sided with the US in the war. Within two years of Cheney's arrival, the company's stock value had trebled. The third strand Cheney weaves is ideological: he fits into Bush's mantra of 'compassionate conservatism'. For all his fatherly image - President Clinton called him a `good man' - Cheney is an arch-conservative, described by Democrats as `right of Newt Gingrich'. This makes Cheney a curious appointment given Bush's battle for the middle ground, which he must prise from the 1996 electorate that returned the President to power. Democrat Jim McGovern recalled Cheney's opposition to the release of Nelson Mandela. Cheney's criticisms of the child-opportunity 'Head Start' programme fits awkwardly with Bush's pledge that 'no child will be left behind'. He voted against federal funding for abortions, even in cases of rape and incest. `Team Bush' is one of the most tightly woven ever to fight a Presi dential election. Public disagreements and leaks among the team are unheard of. The downside, Democrats say, may be that Bush never gets tested by critical advice. But the result is a `relaxed' campaign, based partly on the premise that if Bush is not inevitable, he is nothing. The nonchalance is deceptive; it is one of the most disciplined campaigns in memory. It was forged partly by communications director Karen Hughes, a former TV anchor. Hughes controls all access to Bush, protecting a man who lacks much of the basic knowledge and savvy expected of a presidential contender. Hughes, however, is not the Kingmaker. That title goes to the intriguing figure of chief strategist Karl Rove. There is a cartoon above Rove's desk in his office in Austin, Texas: as Gore and Bush scratch each other's eyes out, Bush screams for help: 'Call Rove!' Rove has managed almost every Republican campaign in Texas for the past two decades. He is often compared with the legendary Lee Atwater, credited with winning the 1988 election for George Bush senior. Rove's dedication has few parallels: at Bush's request he sold his consulting business so his attention would be undivided. After Hughes and Rove, there is a third point to the `Iron Triangle', a 275-lb, 6'4'' giant called Joe Allbaugh. Allbaugh, chief-of-staff in waiting, is like a political bodyguard - quiet, considered and ruthless \u00d0 who believes that 'there isn't anything more important than protecting him and the first lady'. The campaign packaging is the work of Maverick Media - Mark McKinnon, a disillusioned Democrat and former country musician who came to Nashville to write songs for Kris Kristofferson, and, among other staff, Stuart Stevens, who says regarding Al Gore's take-no-prisoners team, `we're not going to run that kind of race'. McKinnon produces shots of Bush and his wife Laura bathed in sweet sunlight as though advertising hair conditioner, not the privatisation of social security. Foreign policy is famously Bush's weak point, with his confusions between Greeks and Grecians, Slovenia and Slovakia. But even this is partly contrived: to some degree Americans prefer it that way. Condoleeza Rice is the diva-in-waiting of US politics: bright, beautiful and about to become the first ever black and the first ever woman to be appointed National Security Adviser. It remains to be seen whether Bush will entice the one person onto his team that he wants more than any other. If General Colin Powell was Secretary of State, that would clinch the election. His absence is the black hole at the core of Team Bush.",
      "charCount": "4686"
    },
    "isHosted": false,
    "pillarId": "pillar/news",
    "pillarName": "News"
  },
  {
    "id": "money/2000/jul/30/observercashsection.theobserver",
    "type": "article",
    "sectionId": "money",
    "sectionName": "Money",
    "webPublicationDate": "2000-07-30T01:29:25Z",
    "webTitle": "Property: Prices come home to roost",
    "webUrl": "https://www.theguardian.com/money/2000/jul/30/observercashsection.theobserver",
    "apiUrl": "https://content.guardianapis.com/money/2000/jul/30/observercashsection.theobserver",
    "fields": {
      "headline": "Prices come home to roost",
      "standfirst": "Sarah Cunningham  on the new reality as sanity returns to the property market",
      "trailText": "<p>Sarah Cunningham  on the new reality as sanity returns to the property market.</p>",
      "byline": "Sarah Cunningham",
      "main": "",
      "body": "<p>Houses may only be piles of bricks and mortar and buying and selling them may be an expensive and tedious business, but vivid memories of the last great price crash at the beginning of the Nineties, when the term 'negative equity' entered common usage, mean that the housing market can inspire strong emotions in normally phlegmatic people. So how, given the news that the latest nationwide housing boom has come to a somewhat abrupt end, should we be feeling now? </p> <p>If you have bought in the last 12 months, you have every right to feel a little cheesed off, as you may have assumed that your property would be worth some 15 per cent more in a year's time. If you have bought in London and some other parts of the country that had seen prices shooting higher, you may be doubly cheesed off by the realisation that your newly purchased property may actually be worth less than this time next year. </p> <p>But if you are thinking of moving, and are already sitting on big gains on your current property, or if you are a prospective first-time buyer, then you should be greatly relieved that property prices have gone into decline or steadied across the country. It is also good news for those on a variable rate mortgage, as the chances of further rate rises diminish in a stable housing market. </p> <p>Fears of a repeat of the 1989-90 debacle should not be given too much space to grow. Circumstances are now very different, and a 0.4 per cent month-on-month fall in prices, as reported by the Halifax in June, should not inspire fear or despair in even the most nervous houseowner. Now, unlike then, the economy as a whole is fairly sound. Moreover, in large parts of the country, particularly the North, prices are still rising. </p> <p>Still, too much optimism would not be appropriate. It is normal for house prices to start to fall in London and the South and for the rest of the country to follow. And the national picture is that the slowdown is genuine if not dramatic. The Halifax's fall in June was the fourth in five months, and it takes the annual rate of house price inflation to 9.2 per cent, down from a peak of 16 per cent in January. By contrast, the Nationwide's most recent data showed that house prices actually rose 0.4 per cent in June to an average of \u00a381,452, but that followed a 0.3 per cent decline in May, suggesting that prices are generally stable. Statistics, for July are due from Nationwide this week. The building society itself did not interpret the June rise as a sign of market buoyancy. </p> <p>'We believe that house price inflation has been running at an unsustainable pace in the past year and it was natural and expected that some slowing would take place,' a spokesman for the Nationwide said. Both the Halifax and the Royal Institution of Chartered Surveyors have highlighted a slowdown in London as a key factor in the national steadying. The Royal Institution said last week that, for the three months to June, 'the slowdown in price inflation at national level disguises wide regional variations. In London prices actually declined for the first time since 1998.' Jeremy Leaf, who is spokesman for the RICS and runs an estate agent business in north London, said: 'In some cases people have had to take small cuts in price because there are no longer queues for each property.' All in all, he believes, 'it is a more balanced market.' </p> <p>The slowing in pace of annual house price inflation is being painted as something of a triumph for sound management of the economy. Four interest rate rises between September last year and this February, plus the final abolition of Miras in April, all undoubtedly contributed to the situation. But equally important was that in some areas, particularly London and the South-east, house prices had simply got ridiculously, off-puttingly high. 'No one wants to be known as the person who bought at the top of the market,' one estate agent said. Even Madonna complained bitterly about London prices before shelling out \u00a310.5 million on a four-storey property near Harrods in June, perilously close to the market peak. </p> <p>While 'affordability' has remained at a reasonable level nationally, with the average house costing 3.6 times average earnings, close to the historical norm, in London, the ratio had reached 4.7 times in the first quarter. Although London is traditionally less affordable than the country as a whole, this was a historically high level and it meant that first-time buyers have been unable to purchase in the capital. Relatively few people have been willing to overstretch themselves with 100 per cent mortgages and borrowings from family. Unlike the late-1980s, there is no longer the faith that property prices will always rise when you want them to, there are far fewer tax benefits to buying, and, importantly, recent graduates are quite likely to be carrying several thousand pounds of debt. </p> <p>One feature of the recent housing boom is that it has been very regional; some areas have not had price rises, while some have been on a par with central London. In Edinburgh's Georgian West End and New Town, for example, property prices have risen dramatically, fuelled to some extent by Londoners in the financial services industry moving north of the border. In nearby Glasgow prices have been far calmer. With London and the South-east now the fastest to slow down, the rest of the country has had a chance to do some catching up. </p> <p>The latest RICS survey backs up reports from others, such as the Bradford &amp; Bingley estate agents, in claiming that house sales are speeding up in the North of England while they are steady or falling in the South. The RICS survey found prices falling in London, a slowdown in the East Midlands, East Anglia, the South-east, South-west and North-west, and rises in Yorkshire, Humberside and the West Midlands. </p> <p>In the next few months psychology will play as large a part in the development of house prices as supply and demand. Traditionally, many people put their houses on the market in the early autumn. Unless August brings a huge reversal in recent trends, those prospective buyers will be fully aware that prices are starting to come down. Estate agents are saying that sellers may have to take slightly lower offers to get moved before Christmas. If this scenario is played out, it should lead to further pressure on prices, but no rout. </p> <p>As Martin Ellis, the Halifax's economist, puts it: 'Our view is that prices should steady. There has already been a bit of a correction, but the fundamentals are very different to the late Eighties and early Nineties. Unemployment is continuing to fall, interest rates are near their peak and affordability is near its average.' </p> <p>And he reminds the faint-hearted of the advantages of investing in the housing market: 'Property tends to rise broadly in line with average earnings, which is 1.5 to 2 per cent above retail price inflation. That accumulates a nice little return over time.'</p> <p><strong>Buy to let - and let the profits roll in </strong></p> <p>Ashley and Jo Seager are about to add two more flats in London to their property portfolio. They first got into the buy-to-let business almost by accident, when they bought a flat in Shepherd's Bush in 1991, near the bottom of the market and at a time when they were expecting to return to London from working abroad. Instead they stayed overseas, and let the flat. </p> <p>When they returned in 1996 they had small children and needed more space. So they bought a four-bedroom house in Herne Hill which needed a lot of work. But they also carried on letting the flat which, due to lower interest rates and a rise in rents over the previous few years, had become very profitable.</p> <p>The value of their Herne Hill house has now more than doubled to \u00a3400,000-plus so they are remortgaging in order to raise the money to pay the deposits on two properties - one in North Dulwich and the other in Brixton - and are taking out buy-to-let mortgages on both. They prefer professional people as tenants so buying the right sort of property in the right sort of area is crucial.</p> <p>Keeping the flats in good condition is also important and cuts the amount of time they are unlet to a minimum. Neither Ashley nor Jo minds the business side of dealing with tenants and they see the flats as excellent investments.</p> <p>'They are good long-term investments and alternative pensions, and they are under our complete control,' said Ashley. With an eye firmly on the long-term, he is not concerned by what he sees as a 'correction' in prices.</p> <p><strong>The highest increases... </strong></p> <p>Percentage house price increases by local authority - figures from April/June 2000 compared with April/June 1999 </p> <p>Highest increase by region - all with house price increases of more than 25 per cent</p> <p>1 Brighton and Hove</p> <p>2 Lewisham (London)</p> <p>3 Lewes (E. Sussex)</p> <p>4 Waltham Forest (London)</p> <p>5 Epsom and Ewell (Surrey)</p> <p>6 Three Rivers (Herts)</p> <p>7 Sedgemoor (Somerset)</p> <p>8 Hart (Cleveland)</p> <p>9 Hammersmith/Fulham (London)</p> <p>10 Uttlesford (Essex) </p> <p><strong>...and the lowest </strong></p> <p>Lowest increase by region - all with house price increase of less than 5 per cent </p> <p>1 Sedgefield (Durham)</p> <p>2 Hartlepool (Cleveland)</p> <p>3 Bolsover (Derbyshire)</p> <p>4 Powys</p> <p>6 Dumfries</p> <p>7 Chesterfield (Derbyshire)</p> <p>8 Doncaster (S. Yorkshire)</p> <p>9 North Warwickshire</p> <p>10 Bradford (W. Yorkshire)</p>",
      "newspaperPageNumber": "2",
      "wordcount": "1612",
      "commentable": "false",
      "isPremoderated": "false",
      "lastModified": "2000-07-30T01:29:25Z",
      "newspaperEditionDate": "2000-07-30T00:00:00Z",
      "productionOffice": "UK",
      "publication": "The Observer",
      "shortUrl": "https://gu.com/p/3bbm",
      "shouldHideAdverts": "false",
      "showInRelatedContent": "true",
      "legallySensitive": "false",
      "lang": "en",
      "bodyText": "Houses may only be piles of bricks and mortar and buying and selling them may be an expensive and tedious business, but vivid memories of the last great price crash at the beginning of the Nineties, when the term 'negative equity' entered common usage, mean that the housing market can inspire strong emotions in normally phlegmatic people. So how, given the news that the latest nationwide housing boom has come to a somewhat abrupt end, should we be feeling now? If you have bought in the last 12 months, you have every right to feel a little cheesed off, as you may have assumed that your property would be worth some 15 per cent more in a year's time. If you have bought in London and some other parts of the country that had seen prices shooting higher, you may be doubly cheesed off by the realisation that your newly purchased property may actually be worth less than this time next year. But if you are thinking of moving, and are already sitting on big gains on your current property, or if you are a prospective first-time buyer, then you should be greatly relieved that property prices have gone into decline or steadied across the country. It is also good news for those on a variable rate mortgage, as the chances of further rate rises diminish in a stable housing market. Fears of a repeat of the 1989-90 debacle should not be given too much space to grow. Circumstances are now very different, and a 0.4 per cent month-on-month fall in prices, as reported by the Halifax in June, should not inspire fear or despair in even the most nervous houseowner. Now, unlike then, the economy as a whole is fairly sound. Moreover, in large parts of the country, particularly the North, prices are still rising. Still, too much optimism would not be appropriate. It is normal for house prices to start to fall in London and the South and for the rest of the country to follow. And the national picture is that the slowdown is genuine if not dramatic. The Halifax's fall in June was the fourth in five months, and it takes the annual rate of house price inflation to 9.2 per cent, down from a peak of 16 per cent in January. By contrast, the Nationwide's most recent data showed that house prices actually rose 0.4 per cent in June to an average of \u00a381,452, but that followed a 0.3 per cent decline in May, suggesting that prices are generally stable. Statistics, for July are due from Nationwide this week. The building society itself did not interpret the June rise as a sign of market buoyancy. 'We believe that house price inflation has been running at an unsustainable pace in the past year and it was natural and expected that some slowing would take place,' a spokesman for the Nationwide said. Both the Halifax and the Royal Institution of Chartered Surveyors have highlighted a slowdown in London as a key factor in the national steadying. The Royal Institution said last week that, for the three months to June, 'the slowdown in price inflation at national level disguises wide regional variations. In London prices actually declined for the first time since 1998.' Jeremy Leaf, who is spokesman for the RICS and runs an estate agent business in north London, said: 'In some cases people have had to take small cuts in price because there are no longer queues for each property.' All in all, he believes, 'it is a more balanced market.' The slowing in pace of annual house price inflation is being painted as something of a triumph for sound management of the economy. Four interest rate rises between September last year and this February, plus the final abolition of Miras in April, all undoubtedly contributed to the situation. But equally important was that in some areas, particularly London and the South-east, house prices had simply got ridiculously, off-puttingly high. 'No one wants to be known as the person who bought at the top of the market,' one estate agent said. Even Madonna complained bitterly about London prices before shelling out \u00a310.5 million on a four-storey property near Harrods in June, perilously close to the market peak. While 'affordability' has remained at a reasonable level nationally, with the average house costing 3.6 times average earnings, close to the historical norm, in London, the ratio had reached 4.7 times in the first quarter. Although London is traditionally less affordable than the country as a whole, this was a historically high level and it meant that first-time buyers have been unable to purchase in the capital. Relatively few people have been willing to overstretch themselves with 100 per cent mortgages and borrowings from family. Unlike the late-1980s, there is no longer the faith that property prices will always rise when you want them to, there are far fewer tax benefits to buying, and, importantly, recent graduates are quite likely to be carrying several thousand pounds of debt. One feature of the recent housing boom is that it has been very regional; some areas have not had price rises, while some have been on a par with central London. In Edinburgh's Georgian West End and New Town, for example, property prices have risen dramatically, fuelled to some extent by Londoners in the financial services industry moving north of the border. In nearby Glasgow prices have been far calmer. With London and the South-east now the fastest to slow down, the rest of the country has had a chance to do some catching up. The latest RICS survey backs up reports from others, such as the Bradford &amp; Bingley estate agents, in claiming that house sales are speeding up in the North of England while they are steady or falling in the South. The RICS survey found prices falling in London, a slowdown in the East Midlands, East Anglia, the South-east, South-west and North-west, and rises in Yorkshire, Humberside and the West Midlands. In the next few months psychology will play as large a part in the development of house prices as supply and demand. Traditionally, many people put their houses on the market in the early autumn. Unless August brings a huge reversal in recent trends, those prospective buyers will be fully aware that prices are starting to come down. Estate agents are saying that sellers may have to take slightly lower offers to get moved before Christmas. If this scenario is played out, it should lead to further pressure on prices, but no rout. As Martin Ellis, the Halifax's economist, puts it: 'Our view is that prices should steady. There has already been a bit of a correction, but the fundamentals are very different to the late Eighties and early Nineties. Unemployment is continuing to fall, interest rates are near their peak and affordability is near its average.' And he reminds the faint-hearted of the advantages of investing in the housing market: 'Property tends to rise broadly in line with average earnings, which is 1.5 to 2 per cent above retail price inflation. That accumulates a nice little return over time.' Buy to let - and let the profits roll in Ashley and Jo Seager are about to add two more flats in London to their property portfolio. They first got into the buy-to-let business almost by accident, when they bought a flat in Shepherd's Bush in 1991, near the bottom of the market and at a time when they were expecting to return to London from working abroad. Instead they stayed overseas, and let the flat. When they returned in 1996 they had small children and needed more space. So they bought a four-bedroom house in Herne Hill which needed a lot of work. But they also carried on letting the flat which, due to lower interest rates and a rise in rents over the previous few years, had become very profitable. The value of their Herne Hill house has now more than doubled to \u00a3400,000-plus so they are remortgaging in order to raise the money to pay the deposits on two properties - one in North Dulwich and the other in Brixton - and are taking out buy-to-let mortgages on both. They prefer professional people as tenants so buying the right sort of property in the right sort of area is crucial. Keeping the flats in good condition is also important and cuts the amount of time they are unlet to a minimum. Neither Ashley nor Jo minds the business side of dealing with tenants and they see the flats as excellent investments. 'They are good long-term investments and alternative pensions, and they are under our complete control,' said Ashley. With an eye firmly on the long-term, he is not concerned by what he sees as a 'correction' in prices. The highest increases... Percentage house price increases by local authority - figures from April/June 2000 compared with April/June 1999 Highest increase by region - all with house price increases of more than 25 per cent 1 Brighton and Hove 2 Lewisham (London) 3 Lewes (E. Sussex) 4 Waltham Forest (London) 5 Epsom and Ewell (Surrey) 6 Three Rivers (Herts) 7 Sedgemoor (Somerset) 8 Hart (Cleveland) 9 Hammersmith/Fulham (London) 10 Uttlesford (Essex) ...and the lowest Lowest increase by region - all with house price increase of less than 5 per cent 1 Sedgefield (Durham) 2 Hartlepool (Cleveland) 3 Bolsover (Derbyshire) 4 Powys 6 Dumfries 7 Chesterfield (Derbyshire) 8 Doncaster (S. Yorkshire) 9 North Warwickshire 10 Bradford (W. Yorkshire)",
      "charCount": "9224"
    },
    "isHosted": false,
    "pillarId": "pillar/lifestyle",
    "pillarName": "Lifestyle"
  },
  {
    "id": "business/2000/jul/30/theobserver.observerbusiness6",
    "type": "article",
    "sectionId": "business",
    "sectionName": "Business",
    "webPublicationDate": "2000-07-30T01:29:22Z",
    "webTitle": "Dump the pump is no solution",
    "webUrl": "https://www.theguardian.com/business/2000/jul/30/theobserver.observerbusiness6",
    "apiUrl": "https://content.guardianapis.com/business/2000/jul/30/theobserver.observerbusiness6",
    "fields": {
      "headline": "Dump the pump is no solution",
      "standfirst": "Despite the tabloids, the public backs constraints on car use to get Britain moving, says  David Begg",
      "trailText": "<p>Despite the tabloids, the public backs constraints on car use to get Britain moving, says  David Begg</p>",
      "byline": "David Begg",
      "main": "",
      "body": "<p>This week we are all being told to 'dump the pump' in protest at rising petrol prices. But just as the oil producers control the flow from well-heads in the sand, we are all being asked to bury our own heads in the space left behind. </p> <p>The tabloid media and the motoring sector rage at the current level of pump prices, take simplistic soundings of public opinion to back their case and demand instant action. But the campaigners could more usefully direct their concern towards the sharp increases in public transport fares since 1974. While there has been no increase in the real cost of motoring since then, bus passengers have faced an 80 per cent hike in fares and rail passengers a 53 per cent rise. </p> <p>While one appreciates the impact of rising fuel prices on low-income motorists, there are four times as many low income bus users who could do with a little support. </p> <p>No one would quarrel with the basic fact that fuel prices have rocketed in recent months. But the public are much more sophisticated than any single-issue lobby would give them credit for. A Mori poll has shown they are not afraid to see higher prices or car constraint where this delivers direct benefits. More people backed congestion charges for driving into city centres at peak times if fuel and vehicle excise duties were reduced (41 per cent) than opposed them (35 per cent). </p> <p>People recognise that there is a finite amount of road space; that in a growing economy you are not going to be able to stop a rise in car use or deliver improved public transport without introducing price constraints where congestion is worst. </p> <p>By any comparison, motoring is a cheap form of transport and has been getting cheaper for years. Petrol is now only around 9p a litre more than it was at its highest point during the Opec production squeeze of the Seventies. In that time car engines have become more fuel efficient and the cost of manufacturing and operating cars has become cheaper. As a result the number of vehicles has vastly increased. </p> <p>In 1950 the average car travelled five miles a day. Today it is 25 miles and by 2020 it is forecast to be 60 miles. This small island doesn't have the space to sustain that. </p> <p>With the public growing resistant to any major expansion of the road network it is obvious that an ever-growing number of vehicles on finite road space will lead to gridlock unless the price mechanism is used to constrain demand. Good public trans port on its own is not enough - if it were, why should Paris, with one of the best public transport systems in Europe, suffer worse congestion than most British cities? </p> <p>While the 'dump the pump' lobby trumpets the high costs of petrol compared with the rest of Europe they should also examine our record in using cars. We own fewer than the Germans and French, we are a smaller country - yet we use our cars more. </p> <p>The campaigners do have a point about high fuel duty hitting the rural motorist hardest. In a crofting household in Caithness popping out for a loaf of bread can mean a five-mile journey on some of the least-used roads by someone paying some of the highest petrol prices in the UK but earning one of the lowest incomes. Meanwhile in Surrey you have some of the highest incomes in the UK and your car is contribut ing to some of the worst congestion - with the Council for the Protection of Rural England predicting up to 100 per cent further growth on minor rural roads. </p> <p>It is true that, in the longer-term, fuel duty is too blunt an implement to crack congestion. Yet the dump the pump campaign will not take us closer to a solution. </p> <p>\u0095 Professor David Begg is chairman of the Commission for Integrated Transport.</p>",
      "newspaperPageNumber": "3",
      "wordcount": "656",
      "commentable": "false",
      "isPremoderated": "false",
      "lastModified": "2000-07-30T01:29:22Z",
      "newspaperEditionDate": "2000-07-30T00:00:00Z",
      "productionOffice": "UK",
      "publication": "The Observer",
      "shortUrl": "https://gu.com/p/3bb8",
      "shouldHideAdverts": "false",
      "showInRelatedContent": "true",
      "legallySensitive": "false",
      "lang": "en",
      "bodyText": "This week we are all being told to 'dump the pump' in protest at rising petrol prices. But just as the oil producers control the flow from well-heads in the sand, we are all being asked to bury our own heads in the space left behind. The tabloid media and the motoring sector rage at the current level of pump prices, take simplistic soundings of public opinion to back their case and demand instant action. But the campaigners could more usefully direct their concern towards the sharp increases in public transport fares since 1974. While there has been no increase in the real cost of motoring since then, bus passengers have faced an 80 per cent hike in fares and rail passengers a 53 per cent rise. While one appreciates the impact of rising fuel prices on low-income motorists, there are four times as many low income bus users who could do with a little support. No one would quarrel with the basic fact that fuel prices have rocketed in recent months. But the public are much more sophisticated than any single-issue lobby would give them credit for. A Mori poll has shown they are not afraid to see higher prices or car constraint where this delivers direct benefits. More people backed congestion charges for driving into city centres at peak times if fuel and vehicle excise duties were reduced (41 per cent) than opposed them (35 per cent). People recognise that there is a finite amount of road space; that in a growing economy you are not going to be able to stop a rise in car use or deliver improved public transport without introducing price constraints where congestion is worst. By any comparison, motoring is a cheap form of transport and has been getting cheaper for years. Petrol is now only around 9p a litre more than it was at its highest point during the Opec production squeeze of the Seventies. In that time car engines have become more fuel efficient and the cost of manufacturing and operating cars has become cheaper. As a result the number of vehicles has vastly increased. In 1950 the average car travelled five miles a day. Today it is 25 miles and by 2020 it is forecast to be 60 miles. This small island doesn't have the space to sustain that. With the public growing resistant to any major expansion of the road network it is obvious that an ever-growing number of vehicles on finite road space will lead to gridlock unless the price mechanism is used to constrain demand. Good public trans port on its own is not enough - if it were, why should Paris, with one of the best public transport systems in Europe, suffer worse congestion than most British cities? While the 'dump the pump' lobby trumpets the high costs of petrol compared with the rest of Europe they should also examine our record in using cars. We own fewer than the Germans and French, we are a smaller country - yet we use our cars more. The campaigners do have a point about high fuel duty hitting the rural motorist hardest. In a crofting household in Caithness popping out for a loaf of bread can mean a five-mile journey on some of the least-used roads by someone paying some of the highest petrol prices in the UK but earning one of the lowest incomes. Meanwhile in Surrey you have some of the highest incomes in the UK and your car is contribut ing to some of the worst congestion - with the Council for the Protection of Rural England predicting up to 100 per cent further growth on minor rural roads. It is true that, in the longer-term, fuel duty is too blunt an implement to crack congestion. Yet the dump the pump campaign will not take us closer to a solution. \u0095 Professor David Begg is chairman of the Commission for Integrated Transport.",
      "charCount": "3655"
    },
    "isHosted": false,
    "pillarId": "pillar/news",
    "pillarName": "News"
  },
  {
    "id": "theobserver/2000/jul/30/features.review87",
    "type": "article",
    "sectionId": "theobserver",
    "sectionName": "From the Observer",
    "webPublicationDate": "2000-07-30T01:29:19Z",
    "webTitle": "Film of the week: The Perfect Storm",
    "webUrl": "https://www.theguardian.com/theobserver/2000/jul/30/features.review87",
    "apiUrl": "https://content.guardianapis.com/theobserver/2000/jul/30/features.review87",
    "fields": {
      "headline": "The price of fish...",
      "standfirst": "It's hard enough earning a living at sea. Add a hurricane or two and things get really difficult",
      "trailText": "<p>It's hard enough earning a living at sea. Add a hurricane or two and things get really difficult</p>",
      "byline": "Philip French",
      "main": "",
      "body": "<p><strong> The Perfect Storm </strong> (129 mins, 12) Directed by Wolfgang Petersen; starring George Clooney, Mark Wahlberg, John C. Reilly </p> <p>Wolfgang Peterson's vivid account of life aboard a German submarine in the Second World War, Das Boot, is one of the great movies about seafaring. His new film, The Perfect Storm, though not quite in the same class, is, nevertheless, fit to be moored alongside it. </p> <p>The film is adapted by Bill Wittliff from Sebastian Junger's riveting documentary book about 'the storm of the century' that occurred around Hallowe'en 1991, when a hurricane moving north from Bermuda collided off the north-west coast of America with an Arctic blast moving south and an unusual cold front coming across Canada from the Great Lakes. In this context 'perfect' is an ironic meteorological term meaning 'the worst imaginable'. </p> <p>At the centre of the book and the film is a swordfishing boat, the Andrea Gail, working the Grand Banks from the port of Gloucester, Massachusetts, where the walls of the old town hall, seen in the opening sequence, record the names of the 10,000 fishermen lost at sea since 1623. We're introduced to the ship's captain, Billy Tyne (George Clooney), and his crew as they return with a catch much inferior to that of a friendly rival, the Hannah Boden, skippered by Linda Greenlaw (Mary Elizabeth Mastrantonio). </p> <p>Is Tyne's luck running out? Is the Grand Banks fishing ground becoming depleted? The crew are disappointed with their rewards, the owner of the Andrea Gail (unsympathetic Michael Ironside) sneers at the captain he employs. In consequence, Tyne decides to put to sea again two days later in a last attempt to retrieve a bad season. </p> <p> The Perfect Storm is much influenced by Howard Hawks. It's the story of dedicated professionals who work together at dangerous jobs, respecting each other's skills. Fishing is what they do - because they love it or because it promised to pay well or because it's all they know. The women stoically stand by or they act like the men (Mastrantonio is an archetypal Hawksian woman) or they go away. </p> <p>Most of the men are either anguished divorc\u00e9s, dedicated loners or on the point of giving up the sea for a woman. In a traditional scene at their gathering place, the Crow's Nest Tavern, their characters are established ready for the central business of the film - the effects of the storm. Like miners, they belong to a close community that practises a physically demanding trade living with memories of tragedies and knowing that disaster might strike any time. </p> <p>Eventually, the Andrea Gail puts out to sea, John Seale's photography giving the movie a crisp, clear, bracing feel, James Horner's emphatic score underlining the heroic aspect of the adventure. At first, the fish are brought in steadily on the 40 mile-long nets. But there's conflict between the unhappy Murph (John C. Reilly) and the difficult newcomer Sully (William Fichtner), which is broken up by the reliable Bugsy (John Hawkes) and the happy-go-lucky Jamaican, Alfred Pierre (Allen Payne). </p> <p>Then a shark they accidentally land injures the first mate, Bobby (Mark Wahlberg) and Murph is dragged overboard and nearly killed. When the catch drastically falls off, Tyne persuades them to go further out to a better fishing ground. Meanwhile, the meteorologist at a Boston TV station starts noticing the freak weather pattern. </p> <p>This is a story of man against an implacable, remorseless nature, not a factitious tale of confronting sea monsters or waterborne terrorists. But at its centre are the effects of economic imperatives. The boat is out because the crew need the money, and at a crucial juncture the ice-making machinery breaks down because of the owner's cost-cutting, so no more fish can be taken. </p> <p>A choice arises between heading home through the storm with their catch or evading the storm by going further out and thus having to ditch a catch they can't preserve. The voyage begins with them thinking of their living; it ends with them fighting for their lives. </p> <p>The storm is a stunning, gut-wrenching piece of film-making that leaves the spectator shattered. Petersen cuts between the community's agonies on land in Gloucester and the events at sea. In addition to the Andrea Gail, there's a foundering yacht to be helped, a rescue helicopter in desperate need of aerial re-fuelling, a merchant ship whose containers are being swept away like so many Lego bricks, and the Hannah Boden from which Greenlaw is relaying messages to the increasingly isolated Andrea Gail. The special effects are astonishing, but they never detract from the human story, which is old-fashioned in the finest sense. </p> <p>The cast look like real working men who've lived hard, open-air lives. Their dialogue is laconic and given our postmodern times and the fact that even at sea they watch a lot of action videos, they are perhaps aware of the roles they act out. After one fisherman is thanked by a hostile colleague whose life he's helped save, he remarks: 'You'd have done the same for me - isn't that what I'm supposed to say?' </p> <p>I was caught up in this movie far more than I was in Jaws and there's a memorial service in the Gloucester church that is every bit as moving as the funeral of Spencer Tracy in Captains Courageous, a picture that inevitably comes to mind. The first chapter of Junger's book has an unforgettable epigraph from Walter Scott's novel, The Antiquary : 'It's no fish ye're buying, it's men's lives.' I wish they'd quoted this in the film.</p>",
      "newspaperPageNumber": "9",
      "wordcount": "925",
      "commentable": "false",
      "isPremoderated": "false",
      "lastModified": "2000-07-30T01:29:19Z",
      "newspaperEditionDate": "2000-07-30T00:00:00Z",
      "productionOffice": "UK",
      "publication": "The Observer",
      "shortUrl": "https://gu.com/p/xyv7c",
      "shouldHideAdverts": "false",
      "showInRelatedContent": "true",
      "legallySensitive": "false",
      "lang": "en",
      "bodyText": "The Perfect Storm (129 mins, 12) Directed by Wolfgang Petersen; starring George Clooney, Mark Wahlberg, John C. Reilly Wolfgang Peterson's vivid account of life aboard a German submarine in the Second World War, Das Boot, is one of the great movies about seafaring. His new film, The Perfect Storm, though not quite in the same class, is, nevertheless, fit to be moored alongside it. The film is adapted by Bill Wittliff from Sebastian Junger's riveting documentary book about 'the storm of the century' that occurred around Hallowe'en 1991, when a hurricane moving north from Bermuda collided off the north-west coast of America with an Arctic blast moving south and an unusual cold front coming across Canada from the Great Lakes. In this context 'perfect' is an ironic meteorological term meaning 'the worst imaginable'. At the centre of the book and the film is a swordfishing boat, the Andrea Gail, working the Grand Banks from the port of Gloucester, Massachusetts, where the walls of the old town hall, seen in the opening sequence, record the names of the 10,000 fishermen lost at sea since 1623. We're introduced to the ship's captain, Billy Tyne (George Clooney), and his crew as they return with a catch much inferior to that of a friendly rival, the Hannah Boden, skippered by Linda Greenlaw (Mary Elizabeth Mastrantonio). Is Tyne's luck running out? Is the Grand Banks fishing ground becoming depleted? The crew are disappointed with their rewards, the owner of the Andrea Gail (unsympathetic Michael Ironside) sneers at the captain he employs. In consequence, Tyne decides to put to sea again two days later in a last attempt to retrieve a bad season. The Perfect Storm is much influenced by Howard Hawks. It's the story of dedicated professionals who work together at dangerous jobs, respecting each other's skills. Fishing is what they do - because they love it or because it promised to pay well or because it's all they know. The women stoically stand by or they act like the men (Mastrantonio is an archetypal Hawksian woman) or they go away. Most of the men are either anguished divorc\u00e9s, dedicated loners or on the point of giving up the sea for a woman. In a traditional scene at their gathering place, the Crow's Nest Tavern, their characters are established ready for the central business of the film - the effects of the storm. Like miners, they belong to a close community that practises a physically demanding trade living with memories of tragedies and knowing that disaster might strike any time. Eventually, the Andrea Gail puts out to sea, John Seale's photography giving the movie a crisp, clear, bracing feel, James Horner's emphatic score underlining the heroic aspect of the adventure. At first, the fish are brought in steadily on the 40 mile-long nets. But there's conflict between the unhappy Murph (John C. Reilly) and the difficult newcomer Sully (William Fichtner), which is broken up by the reliable Bugsy (John Hawkes) and the happy-go-lucky Jamaican, Alfred Pierre (Allen Payne). Then a shark they accidentally land injures the first mate, Bobby (Mark Wahlberg) and Murph is dragged overboard and nearly killed. When the catch drastically falls off, Tyne persuades them to go further out to a better fishing ground. Meanwhile, the meteorologist at a Boston TV station starts noticing the freak weather pattern. This is a story of man against an implacable, remorseless nature, not a factitious tale of confronting sea monsters or waterborne terrorists. But at its centre are the effects of economic imperatives. The boat is out because the crew need the money, and at a crucial juncture the ice-making machinery breaks down because of the owner's cost-cutting, so no more fish can be taken. A choice arises between heading home through the storm with their catch or evading the storm by going further out and thus having to ditch a catch they can't preserve. The voyage begins with them thinking of their living; it ends with them fighting for their lives. The storm is a stunning, gut-wrenching piece of film-making that leaves the spectator shattered. Petersen cuts between the community's agonies on land in Gloucester and the events at sea. In addition to the Andrea Gail, there's a foundering yacht to be helped, a rescue helicopter in desperate need of aerial re-fuelling, a merchant ship whose containers are being swept away like so many Lego bricks, and the Hannah Boden from which Greenlaw is relaying messages to the increasingly isolated Andrea Gail. The special effects are astonishing, but they never detract from the human story, which is old-fashioned in the finest sense. The cast look like real working men who've lived hard, open-air lives. Their dialogue is laconic and given our postmodern times and the fact that even at sea they watch a lot of action videos, they are perhaps aware of the roles they act out. After one fisherman is thanked by a hostile colleague whose life he's helped save, he remarks: 'You'd have done the same for me - isn't that what I'm supposed to say?' I was caught up in this movie far more than I was in Jaws and there's a memorial service in the Gloucester church that is every bit as moving as the funeral of Spencer Tracy in Captains Courageous, a picture that inevitably comes to mind. The first chapter of Junger's book has an unforgettable epigraph from Walter Scott's novel, The Antiquary : 'It's no fish ye're buying, it's men's lives.' I wish they'd quoted this in the film.",
      "charCount": "5476"
    },
    "isHosted": false,
    "pillarId": "pillar/news",
    "pillarName": "News"
  }
]