[
  {
    "id": "environment/2000/oct/31/weather.climatechange5",
    "type": "article",
    "sectionId": "environment",
    "sectionName": "Environment",
    "webPublicationDate": "2000-10-31T16:43:12Z",
    "webTitle": "Global warming: it's with us now",
    "webUrl": "https://www.theguardian.com/environment/2000/oct/31/weather.climatechange5",
    "apiUrl": "https://content.guardianapis.com/environment/2000/oct/31/weather.climatechange5",
    "fields": {
      "headline": "Global warming: it's with us now",
      "standfirst": "Six dead as storms bring chaos throughout the country. <br /><br /><a href=\"http://www.guardianunlimited.co.uk/weather/\">Special report: the weather</a>",
      "trailText": "<p>The worst storm for a decade, which caused road and rail chaos across the country, killed six people, and left hundreds of millions of pounds worth of damage in its wake, last night prompted warnings that Britain is now beginning to pay the price of unchecked global warming. </p>",
      "byline": "Paul Brown, environment correspondent",
      "main": "",
      "body": "<p>The worst storm for a decade, which caused road and rail chaos across the country, killed six people, and left hundreds of millions of pounds worth of damage in its wake, last night prompted warnings that Britain is now beginning to pay the price of unchecked global warming. </p> <p>Torrential rain and winds up to 90mph uprooted trees, blocked roads, and cut electricity supplies across southern England and Wales. </p> <p>A tornado ripped through a caravan park in Selsey in West Sussex less than 48 hours after a similar twister devastated parts of Bognor Regis, and thousands of people were stranded mid-channel unable to dock in Dover. </p> <p>Last night a tanker began leaking chemicals into the English Channel after it was overcome by high seas. The 14-strong crew of the Italian ship Ievoli Sun was airlifted to safety. </p> <p>Shops, banks and schools were closed as people failed to get to work, and the Environment Agency issued 25 severe flood warnings across Wales, south-east and south-west England. Dozens of rivers broke their banks flooding hundreds of homes, and lifeboats were rescuing stranded people 30 miles inland. In Yorkshire, the first blizzards of the winter coincided with flash floods. </p> <p>The severe weather followed record rainfall in south-east England in October and an exceptionally wet September. It is exactly the recipe for disastrous flooding predicted by scientists two years ago when looking at the potential effects of global warming on Britain. </p> <p>Yesterday Marilyn McKenzie Hedger, head of the UK Climate Impacts Programme based at Oxford, said: \"These events should be a wake-up call to everyone to discover how we are going to cope with climate change. </p> <p>\"We have had a 0.6C rise in average temperature in the last century, and extreme events have started to happen with greater frequency. How are we going to cope when it goes up 2C?\" </p> <p>The government, alarmed at the increase in flooding of property, is expected to issue an order before Christmas banning new building on flood plains. Even before yesterday's events there had been 30 serious instances of flooding of property in the last two years. </p> <p>The Met Office said that October's rainfall in East Sussex, one of the driest parts of the country, had been nearly three times normal at 226 millimetres (9 inches). </p> <p>There had also been a number of unusual and record breaking \"weather events\" this year - for example an exceptionally warm winter and the wettest April since records began in 1766 - but this still did not mean global warming was here, it said. \"It is the sort of weather we can come to expect, but we cannot know until this pattern is constantly repeated.\" </p> <p>A spokesman for the Environment Agency said it could not wait to find out: \"We want a very strong presumption against building on flood plains. But if it goes ahead, in exceptional circumstances, the developer not the public purse should be responsible for the flood defence - and that should not simply be building walls to shift the problem further downstream.\" </p> <p>The government has also al tered regulations so that high-rise structures can withstand stronger winds. Flood defences round the coast are now built to withstand rises in sea level rise and tidal surges, but in some areas low-value farmland is being abandoned because the cost is prohibitive. </p> <p>In two weeks, governments of the world meet in the Hague to try to reach agreement on reducing greenhouse gas emissions from the developed countries by an average of 5%, although scientists say 60% reductions are required to keep the climate stable. </p> <p>With more global warming inevitable because of the extra carbon dioxide already in the atmosphere the EU is launching a report tomorrow on how it proposes Europe should adapt. It says that Britain and the rest of northern Europe can expect far more flooding and will give East Sussex and the recent devastation in the Italian Alps as examples. </p> <p>Michael Meacher, the environment minister, writing in today's Guardian, says \"It would be foolish to pretend that every time extreme weather conditions occur, it is due to global warming. But the increasing frequency and intensity of extreme climate phenomena suggest that although global warming is certainly not the sole cause, it is very likely to be a major contributory factor. </p> <p>\"Climate change is not some trendy intellectual scenario for the distant future. It is with us now. It is therefore all the more remarkable that, during the recent fuel crisis, hardly anyone mentioned the environment.\" </p> <p>Calling for the use of alternative fuels to be accelerated, Mr Meacher adds: \"Across the world, millions face drought, flooding and disease. </p> <p>\"Here in the UK we too face threats - the prospect of exotic diseases becoming commonplace, of floods in some years, droughts in others, of low-lying areas being swallowed by the sea. But we have the opportunity to start tackling the impending crisis now.\" </p> <p>The evidence of climate change is building all the time. British birds nest on average two weeks earlier than 30 years ago, insect species, including bees and termites, which need warmer weather to survive, are moving north. Some have already crossed the Channel from France. </p> <p>It is now warm enough for malaria mosquitoes to breed in Sussex. </p> <p>Glaciers in Europe are in retreat, particularly in the Alps, and Iceland, and even the North Pole was ice-free for part of this summer.</p>",
      "newspaperPageNumber": "1",
      "wordcount": "894",
      "commentable": "false",
      "isPremoderated": "false",
      "lastModified": "2018-03-03T10:45:07Z",
      "newspaperEditionDate": "2000-10-31T00:00:00Z",
      "productionOffice": "UK",
      "publication": "theguardian.com",
      "shortUrl": "https://gu.com/p/xkfh",
      "shouldHideAdverts": "false",
      "showInRelatedContent": "true",
      "legallySensitive": "false",
      "lang": "en",
      "bodyText": "The worst storm for a decade, which caused road and rail chaos across the country, killed six people, and left hundreds of millions of pounds worth of damage in its wake, last night prompted warnings that Britain is now beginning to pay the price of unchecked global warming. Torrential rain and winds up to 90mph uprooted trees, blocked roads, and cut electricity supplies across southern England and Wales. A tornado ripped through a caravan park in Selsey in West Sussex less than 48 hours after a similar twister devastated parts of Bognor Regis, and thousands of people were stranded mid-channel unable to dock in Dover. Last night a tanker began leaking chemicals into the English Channel after it was overcome by high seas. The 14-strong crew of the Italian ship Ievoli Sun was airlifted to safety. Shops, banks and schools were closed as people failed to get to work, and the Environment Agency issued 25 severe flood warnings across Wales, south-east and south-west England. Dozens of rivers broke their banks flooding hundreds of homes, and lifeboats were rescuing stranded people 30 miles inland. In Yorkshire, the first blizzards of the winter coincided with flash floods. The severe weather followed record rainfall in south-east England in October and an exceptionally wet September. It is exactly the recipe for disastrous flooding predicted by scientists two years ago when looking at the potential effects of global warming on Britain. Yesterday Marilyn McKenzie Hedger, head of the UK Climate Impacts Programme based at Oxford, said: \"These events should be a wake-up call to everyone to discover how we are going to cope with climate change. \"We have had a 0.6C rise in average temperature in the last century, and extreme events have started to happen with greater frequency. How are we going to cope when it goes up 2C?\" The government, alarmed at the increase in flooding of property, is expected to issue an order before Christmas banning new building on flood plains. Even before yesterday's events there had been 30 serious instances of flooding of property in the last two years. The Met Office said that October's rainfall in East Sussex, one of the driest parts of the country, had been nearly three times normal at 226 millimetres (9 inches). There had also been a number of unusual and record breaking \"weather events\" this year - for example an exceptionally warm winter and the wettest April since records began in 1766 - but this still did not mean global warming was here, it said. \"It is the sort of weather we can come to expect, but we cannot know until this pattern is constantly repeated.\" A spokesman for the Environment Agency said it could not wait to find out: \"We want a very strong presumption against building on flood plains. But if it goes ahead, in exceptional circumstances, the developer not the public purse should be responsible for the flood defence - and that should not simply be building walls to shift the problem further downstream.\" The government has also al tered regulations so that high-rise structures can withstand stronger winds. Flood defences round the coast are now built to withstand rises in sea level rise and tidal surges, but in some areas low-value farmland is being abandoned because the cost is prohibitive. In two weeks, governments of the world meet in the Hague to try to reach agreement on reducing greenhouse gas emissions from the developed countries by an average of 5%, although scientists say 60% reductions are required to keep the climate stable. With more global warming inevitable because of the extra carbon dioxide already in the atmosphere the EU is launching a report tomorrow on how it proposes Europe should adapt. It says that Britain and the rest of northern Europe can expect far more flooding and will give East Sussex and the recent devastation in the Italian Alps as examples. Michael Meacher, the environment minister, writing in today's Guardian, says \"It would be foolish to pretend that every time extreme weather conditions occur, it is due to global warming. But the increasing frequency and intensity of extreme climate phenomena suggest that although global warming is certainly not the sole cause, it is very likely to be a major contributory factor. \"Climate change is not some trendy intellectual scenario for the distant future. It is with us now. It is therefore all the more remarkable that, during the recent fuel crisis, hardly anyone mentioned the environment.\" Calling for the use of alternative fuels to be accelerated, Mr Meacher adds: \"Across the world, millions face drought, flooding and disease. \"Here in the UK we too face threats - the prospect of exotic diseases becoming commonplace, of floods in some years, droughts in others, of low-lying areas being swallowed by the sea. But we have the opportunity to start tackling the impending crisis now.\" The evidence of climate change is building all the time. British birds nest on average two weeks earlier than 30 years ago, insect species, including bees and termites, which need warmer weather to survive, are moving north. Some have already crossed the Channel from France. It is now warm enough for malaria mosquitoes to breed in Sussex. Glaciers in Europe are in retreat, particularly in the Alps, and Iceland, and even the North Pole was ice-free for part of this summer.",
      "charCount": "5356"
    },
    "isHosted": false,
    "pillarId": "pillar/news",
    "pillarName": "News"
  },
  {
    "id": "media/2000/oct/31/pressandpublishing.citynews",
    "type": "article",
    "sectionId": "media",
    "sectionName": "Media",
    "webPublicationDate": "2000-10-31T12:52:25Z",
    "webTitle": "Hindujas submit Express bid",
    "webUrl": "https://www.theguardian.com/media/2000/oct/31/pressandpublishing.citynews",
    "apiUrl": "https://content.guardianapis.com/media/2000/oct/31/pressandpublishing.citynews",
    "fields": {
      "headline": "Hindujas submit Express bid",
      "trailText": "<p><strong>1.30pm update: </strong> The Hinduja brothers have made a formal bid for Express Newspapers valued at an estimated \u00a3120m plus. By <strong>Dan Milmo</strong>.</p>",
      "byline": "Dan Milmo",
      "main": "",
      "body": "<p>The Hinduja brothers made a formal bid for Express Newspapers at 6pm today, valued at an estimated \u00a3120m and designed to blow the Daily Mail's bid out of the water.</p> <p>A source close to the Hinduja group confirmed an \"aggressive\" bid had been mounted following yesterday's dramatic offer to rescue the ailing titles by the newspaper's arch-rival the Daily Mail.</p> <p>\"We are not disclosing our price, but the understanding is that the Daily Mail bid is around \u00a3120m and our offer has been set accordingly.</p> <p>\"Our bid is very aggressive,\" said the source.</p> <p>The company believes it can offer a serious alternative to the Mail which today claimed it would protect the editorial independence of the paper with a separate board.</p> <p>It is understood the Hinduja's bid has been made with a management team recruited from national titles already waiting in the wings. </p> <p>A source close to the company said the brothers had been approached by a team of highly experienced personnel put together by as-yet-unnamed national newspaper executives.</p> <p>\"They are not from a single publication, but everyone will recognise the names,\" said the source.</p> <p>The source added: \"The Hindujas are prepared to enter into a negotiating process with United, and feel sure that the company's shareholders would prefer a bid that is not tied up in regulatory demands.\"</p> <p>The bidding war for the Express was sparked in September when the Barclay brothers, owners of the Scotsman, submitted a bid for the papers. That bid, believed to be in the region of \u00a375m, was withdrawn last week.</p> <p>Other potential bidders, including Daily Telegraph owner Conrad Black and former Mirror chief executive David Montgomery, have yet to play their hands.</p> <p>If accepted, DMGT's bid will immediately be referred to the Department of Trade &amp; Industry's competition commission, as the combined circulation of the groups' newspapers would exceed 500,000. </p> <p>The London-based Hinduja brothers, who run oil, banking and cable TV companies in Europe and India, will not be subjected to regulatory scrutiny as they do not own any UK newspapers.</p> <p>Meanwhile, industry sources today claimed that Express Newspapers may barely break even when revenue from the West Ferry print operation, a joint venture with the Daily Telegraph, is stripped out of its revenue figures. </p> <p>DTI regulations allow a newspaper to bypass the regulatory minefield if it can prove that its acquisition target is in dire financial straits. The Daily Telegraph has an arrangement with its business partner that allows it to buy the other 50% of the West Ferry plant should the Express be bought.</p> <p>Conrad Black is expected to make a bid for the Express titles through his Hollinger company. He was unavailable for comment this afternoon.</p>",
      "wordcount": "447",
      "commentable": "false",
      "isPremoderated": "false",
      "lastModified": "2017-05-31T21:58:48Z",
      "newspaperEditionDate": "2000-10-31T00:00:00Z",
      "productionOffice": "UK",
      "publication": "theguardian.com",
      "shortUrl": "https://gu.com/p/3hg3",
      "shouldHideAdverts": "false",
      "showInRelatedContent": "true",
      "legallySensitive": "false",
      "lang": "en",
      "bodyText": "The Hinduja brothers made a formal bid for Express Newspapers at 6pm today, valued at an estimated \u00a3120m and designed to blow the Daily Mail's bid out of the water. A source close to the Hinduja group confirmed an \"aggressive\" bid had been mounted following yesterday's dramatic offer to rescue the ailing titles by the newspaper's arch-rival the Daily Mail. \"We are not disclosing our price, but the understanding is that the Daily Mail bid is around \u00a3120m and our offer has been set accordingly. \"Our bid is very aggressive,\" said the source. The company believes it can offer a serious alternative to the Mail which today claimed it would protect the editorial independence of the paper with a separate board. It is understood the Hinduja's bid has been made with a management team recruited from national titles already waiting in the wings. A source close to the company said the brothers had been approached by a team of highly experienced personnel put together by as-yet-unnamed national newspaper executives. \"They are not from a single publication, but everyone will recognise the names,\" said the source. The source added: \"The Hindujas are prepared to enter into a negotiating process with United, and feel sure that the company's shareholders would prefer a bid that is not tied up in regulatory demands.\" The bidding war for the Express was sparked in September when the Barclay brothers, owners of the Scotsman, submitted a bid for the papers. That bid, believed to be in the region of \u00a375m, was withdrawn last week. Other potential bidders, including Daily Telegraph owner Conrad Black and former Mirror chief executive David Montgomery, have yet to play their hands. If accepted, DMGT's bid will immediately be referred to the Department of Trade &amp; Industry's competition commission, as the combined circulation of the groups' newspapers would exceed 500,000. The London-based Hinduja brothers, who run oil, banking and cable TV companies in Europe and India, will not be subjected to regulatory scrutiny as they do not own any UK newspapers. Meanwhile, industry sources today claimed that Express Newspapers may barely break even when revenue from the West Ferry print operation, a joint venture with the Daily Telegraph, is stripped out of its revenue figures. DTI regulations allow a newspaper to bypass the regulatory minefield if it can prove that its acquisition target is in dire financial straits. The Daily Telegraph has an arrangement with its business partner that allows it to buy the other 50% of the West Ferry plant should the Express be bought. Conrad Black is expected to make a bid for the Express titles through his Hollinger company. He was unavailable for comment this afternoon.",
      "charCount": "2721"
    },
    "isHosted": false,
    "pillarId": "pillar/news",
    "pillarName": "News"
  },
  {
    "id": "business/2000/oct/31/oilandpetrol.news",
    "type": "article",
    "sectionId": "business",
    "sectionName": "Business",
    "webPublicationDate": "2000-10-31T03:34:58Z",
    "webTitle": "Opec says extra oil is on the way",
    "webUrl": "https://www.theguardian.com/business/2000/oct/31/oilandpetrol.news",
    "apiUrl": "https://content.guardianapis.com/business/2000/oct/31/oilandpetrol.news",
    "fields": {
      "headline": "Opec says extra oil is on the way",
      "standfirst": "<a href=\"http://www.guardianunlimited.co.uk/petrol/\">Special report: the petrol war</a>",
      "trailText": "<p>Oil exporters promised yesterday to release more crude onto world markets to bring down prices from their 10-year highs. </p>",
      "byline": "Charlotte Denny",
      "main": "",
      "body": "<p>Oil exporters promised yesterday to release more crude onto world markets to bring down prices from their 10-year highs. </p> <p>Opec, the alliance of oil producing countries, agreed earlier this year to increase production by 500,000 barrels if world prices stayed above $28 a barrel for 20 working days. </p> <p>That threshold was reached on Friday and yesterday Saudi sources said extra oil at would be pumped from midnight. </p> <p>But markets are sceptical that the 11-member cartel can deliver the extra oil. Benchmark Brent crude prices in London rose 33 cents to $31.28 a barrel after the news. </p> <p>\"It's a paper gesture,\" said Leo Drollas, chief economist for the Centre for Global Energy Studies in London. Saudi Arabia, Kuwait and Qatar were producing 270,000 barrels a day above present quotas while most other members were hard pressed to meet their existing quotas. </p> <p>Western finance ministers are worried rising energy prices could cut into growth and raise inflation. </p> <p>But Britain might escape more lightly than most, according to Bank of England's new chief economist, because inflation has been under the government's 2.5% target for more than a year. </p> <p>\"We have room to take a bit of an acceleration in inflation without any serious difficulty,\" Professor Charlie Bean told MPs on the Treasury select committee yesterday. </p> <p>\"It would only be if oil prices went above $40 a barrel and stayed there for any serious length of time that I'd start getting worried about the implications for growth and inflation,\" he said.</p>",
      "newspaperPageNumber": "25",
      "wordcount": "251",
      "commentable": "false",
      "isPremoderated": "false",
      "lastModified": "2001-12-07T03:34:58Z",
      "newspaperEditionDate": "2000-10-31T00:00:00Z",
      "productionOffice": "UK",
      "publication": "theguardian.com",
      "shortUrl": "https://gu.com/p/d9xz",
      "shouldHideAdverts": "false",
      "showInRelatedContent": "true",
      "legallySensitive": "false",
      "lang": "en",
      "bodyText": "Oil exporters promised yesterday to release more crude onto world markets to bring down prices from their 10-year highs. Opec, the alliance of oil producing countries, agreed earlier this year to increase production by 500,000 barrels if world prices stayed above $28 a barrel for 20 working days. That threshold was reached on Friday and yesterday Saudi sources said extra oil at would be pumped from midnight. But markets are sceptical that the 11-member cartel can deliver the extra oil. Benchmark Brent crude prices in London rose 33 cents to $31.28 a barrel after the news. \"It's a paper gesture,\" said Leo Drollas, chief economist for the Centre for Global Energy Studies in London. Saudi Arabia, Kuwait and Qatar were producing 270,000 barrels a day above present quotas while most other members were hard pressed to meet their existing quotas. Western finance ministers are worried rising energy prices could cut into growth and raise inflation. But Britain might escape more lightly than most, according to Bank of England's new chief economist, because inflation has been under the government's 2.5% target for more than a year. \"We have room to take a bit of an acceleration in inflation without any serious difficulty,\" Professor Charlie Bean told MPs on the Treasury select committee yesterday. \"It would only be if oil prices went above $40 a barrel and stayed there for any serious length of time that I'd start getting worried about the implications for growth and inflation,\" he said.",
      "charCount": "1501"
    },
    "isHosted": false,
    "pillarId": "pillar/news",
    "pillarName": "News"
  },
  {
    "id": "politics/2000/oct/31/uk.oil",
    "type": "article",
    "sectionId": "politics",
    "sectionName": "Politics",
    "webPublicationDate": "2000-10-31T03:34:57Z",
    "webTitle": "Essential fuel users urged to stock up",
    "webUrl": "https://www.theguardian.com/politics/2000/oct/31/uk.oil",
    "apiUrl": "https://content.guardianapis.com/politics/2000/oct/31/uk.oil",
    "fields": {
      "headline": "Essential fuel users urged to stock up",
      "standfirst": "Tories accuse Straw of risking renewed panic buying as ministers confirm 1,000 soliders are ready to drive oil tankers<BR><A HREF=\"http://www.guardianunlimited.co.uk/petrol/\">Special report: the petrol war</A>",
      "trailText": "Tories accuse Straw of risking renewed panic buying as ministers confirm 1,000 soliders are ready to drive oil tankers.",
      "byline": "Michael White, political editor",
      "main": "",
      "body": "Jack Straw yesterday urged industry and essential fuel users lto stock up on petrol in case militant campaigners for cheaper fuel taxes try to renew their strangehold on supplies in two weeks' time. <p>Mr Straw's remark that the looming crisis \"places the responsibility on industry and organisations like the health service to get in stocks\" prompted complaints from senior Tories that he is bound to provoke panic buying among ordinary motorists. </p> <p>In a series of radio and TV interviews to promote the government's hard line the home secretary, who chairs the cabinet's civil emergencies committee, also confirmed that soldiers are being rapidly trained - up to 1,000 ministers later admitted - to drive oil tankers. </p> <p>Bernard Jenkin, the Tory transport spokesman, wrote to Mr Straw, accusing him of provoking \"panic buying amongst the population as a whole\" because ministers had been\"humiliated\" by the September protest. </p> <p>As both sides in the dispute flexed their muscles two weeks before the expiry of the protesters' 60 day deadline for tax concessions, Tory MPs at Westminster also denounced ministerial \"sabre rattling\" and demanded to know who would be in charge if troops are de ployed to \"bust any sort of strike\". </p> <p>In the Commons yesterday, the defence minister, John Spellar, confirmed weekend press reports that 1,000 soldiers will have been \"prudently and contingently\" trained to drive oil tankers by the November 13 deadline, to avoid repetition of the rapid collapse of stocks in September. </p> <p>Encouraged by unions which recall the efficiency with which Margaret Thatcher defeated public sector strikes in the 1980s ministers are taking a belligerent line against the motley alliance of farmers, truckers and their allies, determined to show they too can maintain public order and essential supplies in the face of a determined campaign. </p> <p>\"It is absolutely right to make contingency plans in the event that there is a request from the civil authorities for the military forces to train a number of personnel to be able to undertake such tasks in order to maintain the supply of essential services to the nation,\" Mr Spellar told MPs. </p> <p>Opposition MPs demanded to know the legal basis of soldiers' involvement and whether they would all be volunteers for what truckers warn will be a dangerous exercise even without the possibility of intimidation. </p> <p>Oil tankers are hard to drive and carry an explosive cargo, they point out. </p> <p>With the fuel protesters leaders complaining that they have not been allowed to make their case directly to Tony Blair or Chancellor Brown, the financial secretary to the Treasury, Stephen Timms, was forced by the bad weather to postpone a private meeting with freight industry representatives yesterday. </p> <p>\"This was to have been part of a consultation process. It would have been us talking and them listening. We have had a series of meetings and the government are definitely in listening mode,\" Geoff Dossetter, a truckers' spokesman, said. </p> <p>Nine days ahead of Mr Brown's annual pre-budget report, which will signal many of the tax and spending changes in the March budget - including petrol and vehicle taxes-- Mr Timms is seeing a number of representative bodies. </p> <p>Both sides are engaged in a war of nerves ahead of the threatened showdown while keen not to lose public opinion which sided with the protesters in September. </p> <p>Ministers believe that, now that the previously unreported intimidation of oil tanker drivers has emerged, ordinary voters will not be so sympathetic.</p>",
      "newspaperPageNumber": "9",
      "wordcount": "571",
      "commentable": "false",
      "isPremoderated": "false",
      "lastModified": "2017-05-08T09:38:33Z",
      "newspaperEditionDate": "2000-10-31T00:00:00Z",
      "productionOffice": "UK",
      "publication": "theguardian.com",
      "shortUrl": "https://gu.com/p/tjej",
      "shouldHideAdverts": "false",
      "showInRelatedContent": "true",
      "legallySensitive": "false",
      "lang": "en",
      "bodyText": "Jack Straw yesterday urged industry and essential fuel users lto stock up on petrol in case militant campaigners for cheaper fuel taxes try to renew their strangehold on supplies in two weeks' time. Mr Straw's remark that the looming crisis \"places the responsibility on industry and organisations like the health service to get in stocks\" prompted complaints from senior Tories that he is bound to provoke panic buying among ordinary motorists. In a series of radio and TV interviews to promote the government's hard line the home secretary, who chairs the cabinet's civil emergencies committee, also confirmed that soldiers are being rapidly trained - up to 1,000 ministers later admitted - to drive oil tankers. Bernard Jenkin, the Tory transport spokesman, wrote to Mr Straw, accusing him of provoking \"panic buying amongst the population as a whole\" because ministers had been\"humiliated\" by the September protest. As both sides in the dispute flexed their muscles two weeks before the expiry of the protesters' 60 day deadline for tax concessions, Tory MPs at Westminster also denounced ministerial \"sabre rattling\" and demanded to know who would be in charge if troops are de ployed to \"bust any sort of strike\". In the Commons yesterday, the defence minister, John Spellar, confirmed weekend press reports that 1,000 soldiers will have been \"prudently and contingently\" trained to drive oil tankers by the November 13 deadline, to avoid repetition of the rapid collapse of stocks in September. Encouraged by unions which recall the efficiency with which Margaret Thatcher defeated public sector strikes in the 1980s ministers are taking a belligerent line against the motley alliance of farmers, truckers and their allies, determined to show they too can maintain public order and essential supplies in the face of a determined campaign. \"It is absolutely right to make contingency plans in the event that there is a request from the civil authorities for the military forces to train a number of personnel to be able to undertake such tasks in order to maintain the supply of essential services to the nation,\" Mr Spellar told MPs. Opposition MPs demanded to know the legal basis of soldiers' involvement and whether they would all be volunteers for what truckers warn will be a dangerous exercise even without the possibility of intimidation. Oil tankers are hard to drive and carry an explosive cargo, they point out. With the fuel protesters leaders complaining that they have not been allowed to make their case directly to Tony Blair or Chancellor Brown, the financial secretary to the Treasury, Stephen Timms, was forced by the bad weather to postpone a private meeting with freight industry representatives yesterday. \"This was to have been part of a consultation process. It would have been us talking and them listening. We have had a series of meetings and the government are definitely in listening mode,\" Geoff Dossetter, a truckers' spokesman, said. Nine days ahead of Mr Brown's annual pre-budget report, which will signal many of the tax and spending changes in the March budget - including petrol and vehicle taxes-- Mr Timms is seeing a number of representative bodies. Both sides are engaged in a war of nerves ahead of the threatened showdown while keen not to lose public opinion which sided with the protesters in September. Ministers believe that, now that the previously unreported intimidation of oil tanker drivers has emerged, ordinary voters will not be so sympathetic.",
      "charCount": "3505"
    },
    "isHosted": false,
    "pillarId": "pillar/news",
    "pillarName": "News"
  },
  {
    "id": "world/2000/oct/31/weather.oil",
    "type": "article",
    "sectionId": "business",
    "sectionName": "Business",
    "webPublicationDate": "2000-10-31T03:34:51Z",
    "webTitle": "Comment: We've got to fix those cars",
    "webUrl": "https://www.theguardian.com/world/2000/oct/31/weather.oil",
    "apiUrl": "https://content.guardianapis.com/world/2000/oct/31/weather.oil",
    "fields": {
      "headline": "We've got to fix those cars",
      "standfirst": "<A HREF=\"http://www.guardianunlimited.co.uk/petrol/\">Special report: the petrol war</A>",
      "trailText": "The devastating floods in the south and in the East Midlands two years ago, without precedent in living memory, were just one sign. Now there are tornados in West Sussex. There are plenty of other signs. And they all throw the recent fuel crisis into sharp relief.",
      "byline": "Michael Meacher",
      "main": "",
      "body": "The devastating floods in the south and in the East Midlands two years ago, without precedent in living memory, were just one sign. Now there are tornados in West Sussex. There are plenty of other signs. And they all throw the recent fuel crisis into sharp relief. <p>In the last two years we have seen massive flooding and mud slides in Venezuela and Mozambique, devastating hurricanes in the Caribbean and Orissa in India, and inextinguishable forest fires in Greece and the western states of the US. Floods in the Yangtse river basin in 1998 caused 4,000 deaths and economic losses of $30bn. </p> <p>It would be foolish to pretend that every time extreme weather conditions occur, it is due to global warming. But the increasing frequency and intensity of extreme climate phenomena, particularly the concentration of unprecedented climatic events within the last two years, suggest that although global warming is certainly not the sole cause, it is very likely to be a major contributory factor. </p> <p>Climate change is not some trendy intellectual scenario for the distant future. It is with us now. It is remarkable that, during the recent fuel crisis, hardly anyone mentioned the environment. </p> <p> Of course nobody would suggest that Opec's arbitrary ratcheting up of the price of oil is the right way to make an environmental policy for transport. But there is an environmental case to be made. Vehicles are, worldwide, the single fastest rising cause of carbon dioxide emissions, the main driver of climate change. </p> <p>The real lesson from the fuel crisis is that we should greatly speed up our shift from fossil fuels to renewable sources of energy. We should cut out our over-dependence on oil by accelerating our research and development of alternative fuels. </p> <p>That is why we have the tax system to roll out cleaner fuels and are promoting fuel efficient cars. Through the EU, we have persuaded manufacturers to improve fuel efficiency by 25%. Vehicle Excise Duty is now linked to vehicle emissions for the first time. Currently there are around 20,000 cars which can run on gas and over 500 liquid propane gas refuelling sites. Through our Powershift programme we have just made available an additional \u00a39m for converting vehicles to cleaner fuels. </p> <p>Toyota and Honda are selling hybrid cars which are twice as efficient as conventional models. The Honda Insight does 80 miles per gallon, which would save \u00a3400 a year on petrol bills for the average motorist. And hydrogen fuel cell powered cars will offer even more - the prospect of pollution-free motoring. </p> <p>Biofuels also offer interesting possibilities. Bioethanol can be produced from cellulose biomass, such as agricultural and forestry wastes, and can be blended with petrol and diesel and used in conventional engines. Production costs are expected to fall over time to petrol and diesel levels. The production technology is novel, and the first large-scale plants are only just being constructed in the US. But if these plants are successful, similar plants in the UK could be constructed by 2004. </p> <p>The potential is there. Renewable energy flows to Earth are roughly three times greater than total global energy consumption. But the so-called new renewables - which include modern forms of biomass, as well as small hydropower, wind, solar and geothermal energy - provide only some 2% of global energy, seven-eighths of which comes from biomass. Solar photovoltaics and wind energy capacity are growing fast - at perhaps 30% a year - but it will still be several years before they provide a significant contribution. </p> <p>The short-term driver for change is the Opec price and the potential for disruption. As former Saudi oil minister Sheikh Yamani put it: \"The Stone Age didn't come to an end for the lack of stones, and the oil industry may not end for lack of oil.\" If the Opec cartel or conflict in the Middle East were to push the oil price beyond a certain threshold, it would hasten its own demise by accelerating the flight from oil into alternative fuels. </p> <p>But the real long-term driver remains the relentless advance of climate change disasters. Across the world, millions face drought, flooding and disease. Here in the UK we too face threats - the prospect of exotic diseases becoming commonplace, of floods in some years, droughts in others, of low-lying areas being swallowed by the sea. But we have the opportunity to start tackling the impending crisis now. </p> <p> Michael Meacher is environment minister </p> <p><a href=\"mailto:comment@theguardian.com\">comment@theguardian.com</a></p>",
      "newspaperPageNumber": "17",
      "wordcount": "743",
      "commentable": "false",
      "isPremoderated": "false",
      "lastModified": "2018-03-03T10:45:40Z",
      "newspaperEditionDate": "2000-10-31T00:00:00Z",
      "productionOffice": "UK",
      "publication": "theguardian.com",
      "shortUrl": "https://gu.com/p/x39qj",
      "shouldHideAdverts": "false",
      "showInRelatedContent": "true",
      "legallySensitive": "false",
      "lang": "en",
      "bodyText": "The devastating floods in the south and in the East Midlands two years ago, without precedent in living memory, were just one sign. Now there are tornados in West Sussex. There are plenty of other signs. And they all throw the recent fuel crisis into sharp relief. In the last two years we have seen massive flooding and mud slides in Venezuela and Mozambique, devastating hurricanes in the Caribbean and Orissa in India, and inextinguishable forest fires in Greece and the western states of the US. Floods in the Yangtse river basin in 1998 caused 4,000 deaths and economic losses of $30bn. It would be foolish to pretend that every time extreme weather conditions occur, it is due to global warming. But the increasing frequency and intensity of extreme climate phenomena, particularly the concentration of unprecedented climatic events within the last two years, suggest that although global warming is certainly not the sole cause, it is very likely to be a major contributory factor. Climate change is not some trendy intellectual scenario for the distant future. It is with us now. It is remarkable that, during the recent fuel crisis, hardly anyone mentioned the environment. Of course nobody would suggest that Opec's arbitrary ratcheting up of the price of oil is the right way to make an environmental policy for transport. But there is an environmental case to be made. Vehicles are, worldwide, the single fastest rising cause of carbon dioxide emissions, the main driver of climate change. The real lesson from the fuel crisis is that we should greatly speed up our shift from fossil fuels to renewable sources of energy. We should cut out our over-dependence on oil by accelerating our research and development of alternative fuels. That is why we have the tax system to roll out cleaner fuels and are promoting fuel efficient cars. Through the EU, we have persuaded manufacturers to improve fuel efficiency by 25%. Vehicle Excise Duty is now linked to vehicle emissions for the first time. Currently there are around 20,000 cars which can run on gas and over 500 liquid propane gas refuelling sites. Through our Powershift programme we have just made available an additional \u00a39m for converting vehicles to cleaner fuels. Toyota and Honda are selling hybrid cars which are twice as efficient as conventional models. The Honda Insight does 80 miles per gallon, which would save \u00a3400 a year on petrol bills for the average motorist. And hydrogen fuel cell powered cars will offer even more - the prospect of pollution-free motoring. Biofuels also offer interesting possibilities. Bioethanol can be produced from cellulose biomass, such as agricultural and forestry wastes, and can be blended with petrol and diesel and used in conventional engines. Production costs are expected to fall over time to petrol and diesel levels. The production technology is novel, and the first large-scale plants are only just being constructed in the US. But if these plants are successful, similar plants in the UK could be constructed by 2004. The potential is there. Renewable energy flows to Earth are roughly three times greater than total global energy consumption. But the so-called new renewables - which include modern forms of biomass, as well as small hydropower, wind, solar and geothermal energy - provide only some 2% of global energy, seven-eighths of which comes from biomass. Solar photovoltaics and wind energy capacity are growing fast - at perhaps 30% a year - but it will still be several years before they provide a significant contribution. The short-term driver for change is the Opec price and the potential for disruption. As former Saudi oil minister Sheikh Yamani put it: \"The Stone Age didn't come to an end for the lack of stones, and the oil industry may not end for lack of oil.\" If the Opec cartel or conflict in the Middle East were to push the oil price beyond a certain threshold, it would hasten its own demise by accelerating the flight from oil into alternative fuels. But the real long-term driver remains the relentless advance of climate change disasters. Across the world, millions face drought, flooding and disease. Here in the UK we too face threats - the prospect of exotic diseases becoming commonplace, of floods in some years, droughts in others, of low-lying areas being swallowed by the sea. But we have the opportunity to start tackling the impending crisis now. Michael Meacher is environment minister comment@theguardian.com",
      "charCount": "4473"
    },
    "isHosted": false,
    "pillarId": "pillar/news",
    "pillarName": "News"
  },
  {
    "id": "business/2000/oct/31/oil.hugoyoung",
    "type": "article",
    "sectionId": "business",
    "sectionName": "Business",
    "webPublicationDate": "2000-10-31T02:27:12Z",
    "webTitle": "Hugo Young on the fuel crisis",
    "webUrl": "https://www.theguardian.com/business/2000/oct/31/oil.hugoyoung",
    "apiUrl": "https://content.guardianapis.com/business/2000/oct/31/oil.hugoyoung",
    "fields": {
      "headline": "The return of the fuel crisis puts democracy in the dock",
      "standfirst": "It is time to recognise the hauliers for the greedy opportunists they are<BR><BR><A HREF=\"http://www.guardianunlimited.co.uk/petrol/\">Special report: the petrol war</A>",
      "trailText": "It is time to recognise the hauliers for the greedy opportunists they are.",
      "byline": "Hugo Young",
      "main": "",
      "body": "Within two weeks the question may arise: who runs Britain? The chancellor prepares his pre-budget statement against the louring threat of a national breakdown. Hauliers, with farmers at their side, presume to insist that he should grant them a large cut in fuel duty or face the consequences they imposed in September. This extraordinary state of affairs is given respectability by ceaseless repetition, especially on the BBC. November 13 has acquired awesome legitimacy. It is the expiry date of the 60-day permit the protesters graciously allotted the government to carry on running the country, prior to resuming their blockades if ministers do not submit to the hauliers' demands. <p>When the September events unfolded, the government did not know what to do. It was quite unprepared. Mr Blair was affronted and confused. Temporarily, he lost a lot of public support for the sound reason that he, as national leader, had not ensured that people could lead their normal lives. This time, if the hauliers unite to inflict another burst of direct action, the government will not be unprepared. A lot of talking has been done, with the police, the army and the oil companies, to insure against the worst consequences of haulier hubris. But the problem for ministers is worse than that. They face, in bewilderment, a modern crisis of the governing class. </p> <p>The trivial aspect of this crisis comes from technology. Mobile telephones bring disparate protesters together fast and in secret, which makes them harder to counter. There is no Arthur Scargill to demonise or treat with. Small, scattered groups which have never met are able to scheme for a common purpose, sometimes a good one. Against the subversive internet, the instruments of government lumber vainly to keep up. </p> <p>More serious for politicians is the mercurial condition of the public mind, which seems to mirror this new fluidity. What mattered in September was the willingness of the general British public to back the protest. This may have been primarily a gesture of self-interest: everybody would like lower petrol prices. And it would have begun to wither quickly once hospitals and other emergency services became terminal victims of the hauliers' callous selfishness. </p> <p>But at a deeper level, the public showed little respect for the people they pay to defend their common interest and the society in which they live. They were unimpressed by Mr Blair's appeals. They did not instinctively back him against either the blatantly illegal impositions of the hauliers or the oil companies' combination of greed and cowardice. In the showdown, the man whose party they had elected into government by a massive majority was treated with less sympathy than a bunch of sullen, bullying whingers, parked comfortably outside petrol depots watching the country grind to a halt. </p> <p>Here we see the price of the contempt into which the trade of politics has fallen. Where are these people when you need them? Mired in bogs of ridicule and mistrust, to which they have been dispatched by their own actions and by our exaggerations of their iniquity. Every time they mislead, they stack the store of disbelief. Every time they take shady political money, they seem to be on the make for their parties, not the country. Every time they shade the facts to suit themselves, they replenish scepticism. They don't always deserve this. But when a prime minister cannot secure public support for the defence of the realm against the force of a tiny group of commercially motivated men, something corrosive has happened to democracy. </p> <p>It is cynical and perverse, however, to use this evidence against Blair. To show that democratic assent is compromised is not a good reason for saying that those who compromise it are worth defending. That is what both the Conservative party and its media backers did in September. The collapse of faith in politicians is the most striking, and arguably the most disturbing, phenomenon in public life. But the coming trial of strength in Britain should be the occasion for destroying the specious arguments that support it, not sneakily reinforcing them. </p> <p>The most common, pleaded by the Daily Telegraph, is that Britain is \"no longer a properly functioning parliamentary democracy\". That is apparently enough to justify any group using direct action to secure its aims. It is poisonous nonsense. What it means is that Labour is in power with a majority that can get its way, to the displeasure of the Daily Telegraph. Mr Blair may have handled this situation with a certain insensitivity, failing to show up very often himself, and driving his legislation through as fast as the House of Lords will let him. </p> <p>But parliamentary democracy is functioning no better and no worse than when the Thatcher government drove through the poll tax. Justifying the fuel protests by reference to Labour's unshakeable majority is a singularly perverted way of defending the British system of government. </p> <p>Under that system - does one really have to say this? - the government holds the ring between competing interests, and makes a compromise between them. No one else can do this. No one else can defend weak interest groups against strong ones or the peaceful against the violent. It is sophistry to pretend that direct action by the hauliers is designed to do anything other than violence to society. Only government can defend society against its enemies, among whom the People's Fuel Lobby and Farmers for Action, with their air of creepy righteousness and triumphalist menace, should certainly be counted. If government is denied the right and duty to do that, we deliver ourselves into the hands of the biggest bully. </p> <p>Only government can determine what the level of fuel duty should be. The cost of driving lorries is higher here than in many countries, though less so if all business taxes are taken into account. Striking the balance between fiscal needs, environmental factors and political necessity is what we elect governments to do. They have to listen to every kind of request and complaint. As Jack Straw admitted yesterday, governments are giving in to pressure all the time. When Gordon Brown has finished his pre-budget calculations, it will be surprising if his intensive conversations with the road haulage industry don't yield a change in the licensing and/or tax arrangements that give it comfort. </p> <p>For some people, though, it won't be enough. They've got the bit between their voracious teeth. They evidently enjoy the power the political discourse currently assigns them. We approach a moment of truth. Either they can continue to be called fine upright citizens, for whom William Hague has nothing but respect. This will be the temptation of newspapers that have become viciously anti-Labour in the last six months. Alternatively the protest can be seen for what it is: an attempt, by ruthless little men, to exploit the vulnerability of modern societies and the weakness of their politics. It seems important that this time the public understand which side it should be on. </p> <p><a href=\"mailto:hugoyoung@compuserve.com\">hugoyoung@compuserve.com</a></p>",
      "newspaperPageNumber": "18",
      "wordcount": "1165",
      "commentable": "false",
      "isPremoderated": "false",
      "lastModified": "2000-10-31T01:48:09Z",
      "newspaperEditionDate": "2000-10-31T00:00:00Z",
      "productionOffice": "UK",
      "publication": "theguardian.com",
      "shortUrl": "https://gu.com/p/xcyej",
      "shouldHideAdverts": "false",
      "showInRelatedContent": "true",
      "legallySensitive": "false",
      "lang": "en",
      "bodyText": "Within two weeks the question may arise: who runs Britain? The chancellor prepares his pre-budget statement against the louring threat of a national breakdown. Hauliers, with farmers at their side, presume to insist that he should grant them a large cut in fuel duty or face the consequences they imposed in September. This extraordinary state of affairs is given respectability by ceaseless repetition, especially on the BBC. November 13 has acquired awesome legitimacy. It is the expiry date of the 60-day permit the protesters graciously allotted the government to carry on running the country, prior to resuming their blockades if ministers do not submit to the hauliers' demands. When the September events unfolded, the government did not know what to do. It was quite unprepared. Mr Blair was affronted and confused. Temporarily, he lost a lot of public support for the sound reason that he, as national leader, had not ensured that people could lead their normal lives. This time, if the hauliers unite to inflict another burst of direct action, the government will not be unprepared. A lot of talking has been done, with the police, the army and the oil companies, to insure against the worst consequences of haulier hubris. But the problem for ministers is worse than that. They face, in bewilderment, a modern crisis of the governing class. The trivial aspect of this crisis comes from technology. Mobile telephones bring disparate protesters together fast and in secret, which makes them harder to counter. There is no Arthur Scargill to demonise or treat with. Small, scattered groups which have never met are able to scheme for a common purpose, sometimes a good one. Against the subversive internet, the instruments of government lumber vainly to keep up. More serious for politicians is the mercurial condition of the public mind, which seems to mirror this new fluidity. What mattered in September was the willingness of the general British public to back the protest. This may have been primarily a gesture of self-interest: everybody would like lower petrol prices. And it would have begun to wither quickly once hospitals and other emergency services became terminal victims of the hauliers' callous selfishness. But at a deeper level, the public showed little respect for the people they pay to defend their common interest and the society in which they live. They were unimpressed by Mr Blair's appeals. They did not instinctively back him against either the blatantly illegal impositions of the hauliers or the oil companies' combination of greed and cowardice. In the showdown, the man whose party they had elected into government by a massive majority was treated with less sympathy than a bunch of sullen, bullying whingers, parked comfortably outside petrol depots watching the country grind to a halt. Here we see the price of the contempt into which the trade of politics has fallen. Where are these people when you need them? Mired in bogs of ridicule and mistrust, to which they have been dispatched by their own actions and by our exaggerations of their iniquity. Every time they mislead, they stack the store of disbelief. Every time they take shady political money, they seem to be on the make for their parties, not the country. Every time they shade the facts to suit themselves, they replenish scepticism. They don't always deserve this. But when a prime minister cannot secure public support for the defence of the realm against the force of a tiny group of commercially motivated men, something corrosive has happened to democracy. It is cynical and perverse, however, to use this evidence against Blair. To show that democratic assent is compromised is not a good reason for saying that those who compromise it are worth defending. That is what both the Conservative party and its media backers did in September. The collapse of faith in politicians is the most striking, and arguably the most disturbing, phenomenon in public life. But the coming trial of strength in Britain should be the occasion for destroying the specious arguments that support it, not sneakily reinforcing them. The most common, pleaded by the Daily Telegraph, is that Britain is \"no longer a properly functioning parliamentary democracy\". That is apparently enough to justify any group using direct action to secure its aims. It is poisonous nonsense. What it means is that Labour is in power with a majority that can get its way, to the displeasure of the Daily Telegraph. Mr Blair may have handled this situation with a certain insensitivity, failing to show up very often himself, and driving his legislation through as fast as the House of Lords will let him. But parliamentary democracy is functioning no better and no worse than when the Thatcher government drove through the poll tax. Justifying the fuel protests by reference to Labour's unshakeable majority is a singularly perverted way of defending the British system of government. Under that system - does one really have to say this? - the government holds the ring between competing interests, and makes a compromise between them. No one else can do this. No one else can defend weak interest groups against strong ones or the peaceful against the violent. It is sophistry to pretend that direct action by the hauliers is designed to do anything other than violence to society. Only government can defend society against its enemies, among whom the People's Fuel Lobby and Farmers for Action, with their air of creepy righteousness and triumphalist menace, should certainly be counted. If government is denied the right and duty to do that, we deliver ourselves into the hands of the biggest bully. Only government can determine what the level of fuel duty should be. The cost of driving lorries is higher here than in many countries, though less so if all business taxes are taken into account. Striking the balance between fiscal needs, environmental factors and political necessity is what we elect governments to do. They have to listen to every kind of request and complaint. As Jack Straw admitted yesterday, governments are giving in to pressure all the time. When Gordon Brown has finished his pre-budget calculations, it will be surprising if his intensive conversations with the road haulage industry don't yield a change in the licensing and/or tax arrangements that give it comfort. For some people, though, it won't be enough. They've got the bit between their voracious teeth. They evidently enjoy the power the political discourse currently assigns them. We approach a moment of truth. Either they can continue to be called fine upright citizens, for whom William Hague has nothing but respect. This will be the temptation of newspapers that have become viciously anti-Labour in the last six months. Alternatively the protest can be seen for what it is: an attempt, by ruthless little men, to exploit the vulnerability of modern societies and the weakness of their politics. It seems important that this time the public understand which side it should be on. hugoyoung@compuserve.com",
      "charCount": "7077"
    },
    "isHosted": false,
    "pillarId": "pillar/news",
    "pillarName": "News"
  },
  {
    "id": "business/2000/oct/31/efinance.internet1",
    "type": "article",
    "sectionId": "business",
    "sectionName": "Business",
    "webPublicationDate": "2000-10-31T01:48:30Z",
    "webTitle": "At this price?  Greenchip",
    "webUrl": "https://www.theguardian.com/business/2000/oct/31/efinance.internet1",
    "apiUrl": "https://content.guardianapis.com/business/2000/oct/31/efinance.internet1",
    "fields": {
      "headline": "At this price?  Greenchip",
      "standfirst": "<a href=\"http://www.guardianunlimited.co.uk/efinance\">Special report: e-finance</a>",
      "trailText": "<p>A year ago setting up a firm to invest in fledgling internet ventures was almost a guaranteed path to financial success. </p>",
      "byline": "Rob Griffin",
      "main": "",
      "body": "<p>A year ago setting up a firm to invest in fledgling internet ventures was almost a guaranteed path to financial success. </p> <p>The most basic dot.com ideas dreamed up by schoolchildren were resulting in multimillion-pound valuations and queues of investors wanting to become involved. </p> <p>Today, life in the market is different. While genuinely exceptional web ideas can still find backers, the general market sentiment has swung against the majority and valuations have sunk through the floor. </p> <p>Greenchip Investments, which yesterday completed its move from OFEX to the Alternative Investment Market, acknowledges this fact but insists it is still worth retaining links with the sector as market sentiment can swiftly change. </p> <p>\"The market fashions tend to rotate themselves,\" said Malcolm Burne, the company's chief executive officer. \"We thought we'd have a cross section so we are always in the action and are going to have some fun.\" </p> <p>Greenchip's business plan is to set up joint ventures with entrepreneurial companies, principally in the US, and roll out their ideas across Europe with a view to seeking listings for the most promising. </p> <p>As well as internet based outfits, Mr Burne and his team are looking to promote life science firms and those concentrating on environmental technologies. These include those working on alternative energy forms, particularly significant in light of the recent cost of crude oil that pushed up the price of petrol. Greenchip is steering away from the grassroots start-up companies which have little to offer apart from good intentions. </p> <p>Those to come under its scrutiny will, preferably, be well established and maybe even listed in the US, but will need someone to help them step up to international level. \"We will form a 50:50 joint venture company,\" explained Mr Burne. \"They put in the European rights and we'll put in the money, expertise and management.\" </p> <p>This expertise includes several familiar faces in the City. Gavin Simonds, the non-executive chairman, is a former joint managing director of the InterContinental hotels group, while John Gunn and Luke Johnson are both listed as shareholders. </p> <p>Shares in Greenchip stood reasonably priced at 30.5p as Aim closed last night. The company needs a couple of major successes, and the City will be closely watching its progress over the next few months. One to watch. </p>",
      "newspaperPageNumber": "26",
      "wordcount": "379",
      "commentable": "false",
      "isPremoderated": "false",
      "lastModified": "2017-02-21T23:41:20Z",
      "newspaperEditionDate": "2000-10-31T00:00:00Z",
      "productionOffice": "UK",
      "publication": "theguardian.com",
      "shortUrl": "https://gu.com/p/3hey",
      "shouldHideAdverts": "false",
      "showInRelatedContent": "true",
      "legallySensitive": "false",
      "lang": "en",
      "bodyText": "A year ago setting up a firm to invest in fledgling internet ventures was almost a guaranteed path to financial success. The most basic dot.com ideas dreamed up by schoolchildren were resulting in multimillion-pound valuations and queues of investors wanting to become involved. Today, life in the market is different. While genuinely exceptional web ideas can still find backers, the general market sentiment has swung against the majority and valuations have sunk through the floor. Greenchip Investments, which yesterday completed its move from OFEX to the Alternative Investment Market, acknowledges this fact but insists it is still worth retaining links with the sector as market sentiment can swiftly change. \"The market fashions tend to rotate themselves,\" said Malcolm Burne, the company's chief executive officer. \"We thought we'd have a cross section so we are always in the action and are going to have some fun.\" Greenchip's business plan is to set up joint ventures with entrepreneurial companies, principally in the US, and roll out their ideas across Europe with a view to seeking listings for the most promising. As well as internet based outfits, Mr Burne and his team are looking to promote life science firms and those concentrating on environmental technologies. These include those working on alternative energy forms, particularly significant in light of the recent cost of crude oil that pushed up the price of petrol. Greenchip is steering away from the grassroots start-up companies which have little to offer apart from good intentions. Those to come under its scrutiny will, preferably, be well established and maybe even listed in the US, but will need someone to help them step up to international level. \"We will form a 50:50 joint venture company,\" explained Mr Burne. \"They put in the European rights and we'll put in the money, expertise and management.\" This expertise includes several familiar faces in the City. Gavin Simonds, the non-executive chairman, is a former joint managing director of the InterContinental hotels group, while John Gunn and Luke Johnson are both listed as shareholders. Shares in Greenchip stood reasonably priced at 30.5p as Aim closed last night. The company needs a couple of major successes, and the City will be closely watching its progress over the next few months. One to watch.",
      "charCount": "2348"
    },
    "isHosted": false,
    "pillarId": "pillar/news",
    "pillarName": "News"
  },
  {
    "id": "business/2000/oct/31/5",
    "type": "article",
    "sectionId": "business",
    "sectionName": "Business",
    "webPublicationDate": "2000-10-31T01:48:29Z",
    "webTitle": "Gossip buoys Kingfisher",
    "webUrl": "https://www.theguardian.com/business/2000/oct/31/5",
    "apiUrl": "https://content.guardianapis.com/business/2000/oct/31/5",
    "fields": {
      "headline": "Gossip buoys Kingfisher",
      "trailText": "<p><strong>Kingfisher</strong>, the retail conglomerate behind Woolworths and B&amp;Q, was in the spotlight yesterday on talk that it might be about to unload its stake in Liberty Surf, one of France's largest internet service providers. </p>",
      "byline": "Neil Hume",
      "main": "",
      "body": "<p><strong>Kingfisher</strong>, the retail conglomerate behind Woolworths and B&amp;Q, was in the spotlight yesterday on talk that it might be about to unload its stake in Liberty Surf, one of France's largest internet service providers. </p> <p>Its shares ended the session 13p better at 391.75p, on whispers that Kingfisher chief executive Sir Geoff Mulchay wants out of the venture, which is expected to cost the company something in the region of \u00a340m this year. </p> <p>Apparently Sir Geoff has been on the road in the past week visiting City brokers and institutions in an effort to persuade them of the merits of the proposed split of Kingfisher into two businesses. The sale of its 35% stake in Liberty Surf is said to be one of a number of measures designed to reassure investors who are nervous about the demerger. </p> <p>Since Kingfisher announced the plan to spin off Woolworths and Superdrug in a separate company from B&amp;Q and Comet, its shares have fallen over 85p. </p> <p>It seems Sir Geoff is unhappy about the losses at Liberty Surf and is looking for what one dealer said was a \"corporate way out\". The disposal of the Liberty Surf stake, even at a knock-down price, would be welcomed by shareholders not least because the losses currently depress pretax profits by about 6%-7%. </p> <p>At the presentations Kingfisher is also said to have indicated that it is examining the best way to maximise value from its \u00a31.6bn property portfolio. Under discussion the gossips claim is a plan to sell and then lease back the property and use the proceeds to pay down Kingfisher's debt burden, which is expected to hit \u00a31.5bn. Kingfisher refused to comment. </p> <p>For a storm ravaged day in October (the last one helped trigger the 1987 crash) leading shares remarkably finished higher. Adding to Friday's 64.2 point gain, the FTSE 100 ended the day 21.9 ahead at 6,388.4, with firm telecoms and drugs stocks providing the upward impetus. </p> <p>But market professionals were not getting carried away noting that the total number of shares traded was just over 1bn as many dealers, owing to the weather, stayed at home. </p> <p> <strong> British Airways</strong>, up 25.25p to 290.25p, topped the blue-chip performance chart with dealers citing strong results from one-time merger partner KLM and a weakening oil price as the reasons behind the move. </p> <p>The oil price was also helping chemicals group <strong> ICI</strong>, which surged 19p to 423p, after admitting that it was talking to Belgium-based Ineos about disposals. Reportedly Ineos will buy ICI's remaining industrial chemical operations. </p> <p> Industrial electronics supplier <strong> Electrocomponents</strong> was also in demand rising 24.5p to 672.5p after UBS Warburg restarted coverage with a \"buy\" rating and a 800p price target. </p> <p>Elsewhere, the City's current bid favourite <strong> BG</strong> was having a bad day. Shares in the oil and gas exploration company fell 20.75p to 278.25p after a number of brokers said the stock, which rose 39p last week on talk of a bid, is now overvalued. Al Stanton at Deutsche Bank, who yesterday lowered his stance on BG spoke for many when he said: \"Investors should invest in BG on its industrial merits and be wary of any price volatility based on takeover prospects.\" </p> <p>Things were also bad in the technology sector. Yesterday's problems started when a US analysts lowered his price target for Cisco, the network equipment maker, citing concerns about capital expenditure. <strong> Bookham Technology</strong>, which makes components used in high-speed telecom networks, was the worst hit slipping 147p to \u00a321.44, while <strong> Marconi</strong> lost 28p to 849p. The Techmark index closed 57.72 points lower at 3,353.83. </p> <p> <strong> Sema</strong> eased 59p to 857p after UBS Warburg lowered its earnings forecasts and cut its price target to \u00a311 from \u00a312.50 after a meeting with Anglo-French IT services outfit. </p> <p>Lower down in the technology group <strong> African Lakes</strong> added 5p to 40.5p on the appointment of former Mirror Group boss, David Montgomery, as chairman.</p>",
      "newspaperPageNumber": "26",
      "wordcount": "667",
      "commentable": "false",
      "isPremoderated": "false",
      "lastModified": "2000-10-31T01:48:29Z",
      "newspaperEditionDate": "2000-10-31T00:00:00Z",
      "productionOffice": "UK",
      "publication": "theguardian.com",
      "shortUrl": "https://gu.com/p/3hem",
      "shouldHideAdverts": "false",
      "showInRelatedContent": "true",
      "legallySensitive": "false",
      "lang": "en",
      "bodyText": "Kingfisher, the retail conglomerate behind Woolworths and B&amp;Q, was in the spotlight yesterday on talk that it might be about to unload its stake in Liberty Surf, one of France's largest internet service providers. Its shares ended the session 13p better at 391.75p, on whispers that Kingfisher chief executive Sir Geoff Mulchay wants out of the venture, which is expected to cost the company something in the region of \u00a340m this year. Apparently Sir Geoff has been on the road in the past week visiting City brokers and institutions in an effort to persuade them of the merits of the proposed split of Kingfisher into two businesses. The sale of its 35% stake in Liberty Surf is said to be one of a number of measures designed to reassure investors who are nervous about the demerger. Since Kingfisher announced the plan to spin off Woolworths and Superdrug in a separate company from B&amp;Q and Comet, its shares have fallen over 85p. It seems Sir Geoff is unhappy about the losses at Liberty Surf and is looking for what one dealer said was a \"corporate way out\". The disposal of the Liberty Surf stake, even at a knock-down price, would be welcomed by shareholders not least because the losses currently depress pretax profits by about 6%-7%. At the presentations Kingfisher is also said to have indicated that it is examining the best way to maximise value from its \u00a31.6bn property portfolio. Under discussion the gossips claim is a plan to sell and then lease back the property and use the proceeds to pay down Kingfisher's debt burden, which is expected to hit \u00a31.5bn. Kingfisher refused to comment. For a storm ravaged day in October (the last one helped trigger the 1987 crash) leading shares remarkably finished higher. Adding to Friday's 64.2 point gain, the FTSE 100 ended the day 21.9 ahead at 6,388.4, with firm telecoms and drugs stocks providing the upward impetus. But market professionals were not getting carried away noting that the total number of shares traded was just over 1bn as many dealers, owing to the weather, stayed at home. British Airways, up 25.25p to 290.25p, topped the blue-chip performance chart with dealers citing strong results from one-time merger partner KLM and a weakening oil price as the reasons behind the move. The oil price was also helping chemicals group ICI, which surged 19p to 423p, after admitting that it was talking to Belgium-based Ineos about disposals. Reportedly Ineos will buy ICI's remaining industrial chemical operations. Industrial electronics supplier Electrocomponents was also in demand rising 24.5p to 672.5p after UBS Warburg restarted coverage with a \"buy\" rating and a 800p price target. Elsewhere, the City's current bid favourite BG was having a bad day. Shares in the oil and gas exploration company fell 20.75p to 278.25p after a number of brokers said the stock, which rose 39p last week on talk of a bid, is now overvalued. Al Stanton at Deutsche Bank, who yesterday lowered his stance on BG spoke for many when he said: \"Investors should invest in BG on its industrial merits and be wary of any price volatility based on takeover prospects.\" Things were also bad in the technology sector. Yesterday's problems started when a US analysts lowered his price target for Cisco, the network equipment maker, citing concerns about capital expenditure. Bookham Technology, which makes components used in high-speed telecom networks, was the worst hit slipping 147p to \u00a321.44, while Marconi lost 28p to 849p. The Techmark index closed 57.72 points lower at 3,353.83. Sema eased 59p to 857p after UBS Warburg lowered its earnings forecasts and cut its price target to \u00a311 from \u00a312.50 after a meeting with Anglo-French IT services outfit. Lower down in the technology group African Lakes added 5p to 40.5p on the appointment of former Mirror Group boss, David Montgomery, as chairman.",
      "charCount": "3858"
    },
    "isHosted": false,
    "pillarId": "pillar/news",
    "pillarName": "News"
  }
]