[
  {
    "id": "sport/2000/jul/20/cricket3",
    "type": "article",
    "sectionId": "sport",
    "sectionName": "Sport",
    "webPublicationDate": "2000-07-20T21:50:50Z",
    "webTitle": "Round-up",
    "webUrl": "https://www.theguardian.com/sport/2000/jul/20/cricket3",
    "apiUrl": "https://content.guardianapis.com/sport/2000/jul/20/cricket3",
    "fields": {
      "headline": "Round-up",
      "trailText": "<p>Michael Bevan's purple patch continued yesterday in Hove, where he and Richard Montgomerie made <strong> Nottinghamshire</strong> pay a heavy price for sending <strong> Sussex</strong> into bat on the opening day of their Second Division fixture. </p>",
      "byline": "Adam Szreter",
      "main": "",
      "body": "<p>Michael Bevan's purple patch continued yesterday in Hove, where he and Richard Montgomerie made <strong> Nottinghamshire</strong> pay a heavy price for sending <strong> Sussex</strong> into bat on the opening day of their Second Division fixture. </p> <p>Their second-wicket partnership was worth 292 out of a total of 404 for five, with each player registering his highest score for the county. </p> <p>Bevan's share was 166 off 213 balls, made in five hours and including 20 boundaries. The Australian left-hander has now scored 1,493 runs in all cricket this season and 533 in his last seven innings. </p> <p>It was his second successive championship century, following the unbeaten 151 made in the drawn match against Essex last week, and it will be a source of disappointment for Sussex that they will be without him for 10 days next month when he plays in three one-day internationals against South Africa in Melbourne. </p> <p>Montgomerie, who had previously passed 50 only three times in first-class cricket this season, made 133 with 19 fours. </p> <p>Another Australian left-hander, Simon Katich, made his third championship century of the season to provide the basis for <strong> Durham's </strong> 355 for nine against <strong> Lancashire </strong> at Old Trafford in the First Division. </p> <p>Katich, who put on 146 for the third wicket with Paul Collingwood (60), reached his hundred off 157 balls and went on to make 129 before falling to the slow left-arm of Gary Keedy, who took four for 99. England's Chris Schofield was the least successful of Lancashire's three spinners with one for 59. </p> <p><strong> Yorkshire </strong> bowled out <strong> Somerset</strong> for 182 in Scarborough despite losing their left-arm seamer Ryan Sidebottom, who tore a muscle in his hip after bowling one ball of his fourth over. </p> <p>At the close the hosts had reached 144 for three, with the young opener Simon Widdup hitting seven boundaries in 44 made from 85 balls in only his second senior game for Yorkshire. </p> <p>Paul Pollard (77) and David Leatherdale (62) took the batting honours in Chelmsford with a stand of 117 to carry the Second Division leaders <strong> Worcestershire </strong> to 232 for seven. But the 18-year-old fast bowler Andrew McGarry caught the eye for <strong> Essex </strong> with three for 29 from 16 overs on his championship debut. </p> <p>Darren Thomas took five wickets in an innings for the second time this summer as <strong> Northamptonshire </strong> were dismissed for 229 by <strong> Glamorgan </strong> in Cardiff. </p> <p>Thomas's efforts were all the more commendable as his new-ball partner Steve Watkin, who had taken his 800th first-class wicket for Glamorgan with the third ball of the day, limped off with a groin strain in the first over after lunch. Glamorgan themselves were two wickets down by the close. </p> <p>\u0095 Neil Johnson has become the second Zimbabwe player to announce that he is to end his international career. Johnson will return to South Africa as the overseas player for Western Province in a move understood to be influenced by financial and political reasons. Murray Goodwin announced immediately after the recent Zimbabwean elections that he would return to Australia.</p>",
      "newspaperPageNumber": "27",
      "wordcount": "497",
      "commentable": "false",
      "isPremoderated": "false",
      "lastModified": "2017-06-05T18:39:23Z",
      "newspaperEditionDate": "2000-07-20T00:00:00Z",
      "productionOffice": "UK",
      "publication": "theguardian.com",
      "shortUrl": "https://gu.com/p/x4gh8",
      "shouldHideAdverts": "false",
      "showInRelatedContent": "true",
      "legallySensitive": "false",
      "lang": "en",
      "bodyText": "Michael Bevan's purple patch continued yesterday in Hove, where he and Richard Montgomerie made Nottinghamshire pay a heavy price for sending Sussex into bat on the opening day of their Second Division fixture. Their second-wicket partnership was worth 292 out of a total of 404 for five, with each player registering his highest score for the county. Bevan's share was 166 off 213 balls, made in five hours and including 20 boundaries. The Australian left-hander has now scored 1,493 runs in all cricket this season and 533 in his last seven innings. It was his second successive championship century, following the unbeaten 151 made in the drawn match against Essex last week, and it will be a source of disappointment for Sussex that they will be without him for 10 days next month when he plays in three one-day internationals against South Africa in Melbourne. Montgomerie, who had previously passed 50 only three times in first-class cricket this season, made 133 with 19 fours. Another Australian left-hander, Simon Katich, made his third championship century of the season to provide the basis for Durham's 355 for nine against Lancashire at Old Trafford in the First Division. Katich, who put on 146 for the third wicket with Paul Collingwood (60), reached his hundred off 157 balls and went on to make 129 before falling to the slow left-arm of Gary Keedy, who took four for 99. England's Chris Schofield was the least successful of Lancashire's three spinners with one for 59. Yorkshire bowled out Somerset for 182 in Scarborough despite losing their left-arm seamer Ryan Sidebottom, who tore a muscle in his hip after bowling one ball of his fourth over. At the close the hosts had reached 144 for three, with the young opener Simon Widdup hitting seven boundaries in 44 made from 85 balls in only his second senior game for Yorkshire. Paul Pollard (77) and David Leatherdale (62) took the batting honours in Chelmsford with a stand of 117 to carry the Second Division leaders Worcestershire to 232 for seven. But the 18-year-old fast bowler Andrew McGarry caught the eye for Essex with three for 29 from 16 overs on his championship debut. Darren Thomas took five wickets in an innings for the second time this summer as Northamptonshire were dismissed for 229 by Glamorgan in Cardiff. Thomas's efforts were all the more commendable as his new-ball partner Steve Watkin, who had taken his 800th first-class wicket for Glamorgan with the third ball of the day, limped off with a groin strain in the first over after lunch. Glamorgan themselves were two wickets down by the close. \u0095 Neil Johnson has become the second Zimbabwe player to announce that he is to end his international career. Johnson will return to South Africa as the overseas player for Western Province in a move understood to be influenced by financial and political reasons. Murray Goodwin announced immediately after the recent Zimbabwean elections that he would return to Australia.",
      "charCount": "2964"
    },
    "isHosted": false,
    "pillarId": "pillar/sport",
    "pillarName": "Sport"
  }
]