[
  {
    "id": "technology/2000/feb/27/microsoft.business",
    "type": "article",
    "sectionId": "technology",
    "sectionName": "Technology",
    "webPublicationDate": "2000-02-27T23:58:13Z",
    "webTitle": "How US copyright law threw open a Windows opportunity",
    "webUrl": "https://www.theguardian.com/technology/2000/feb/27/microsoft.business",
    "apiUrl": "https://content.guardianapis.com/technology/2000/feb/27/microsoft.business",
    "fields": {
      "headline": "How US copyright law threw open a Windows opportunity",
      "standfirst": "<BR><A\nHREF=\"http://www.newsunlimited.co.uk/microsoft/0,2759,58235,00.html\">Microsoft\non trial: special report </A>",
      "trailText": "The Networker",
      "byline": "John Naughton",
      "main": "",
      "body": "Microsoft was back in court last week, trying to persuade Judge Thomas Penfield Jackson that the company hadn't really broken any anti-trust laws. Its lawyers produced a new rabbit out of their copious hat, namely an argument that Microsoft's legal copyright over the Windows operating system could not be infringed by a court's anti-trust ruling. <p>Which, being translated, seems to imply a view that even if Gates &amp; Co have violated anti-trust law then it doesn't matter because their copyright allows them to do so. The judge, I am delighted to say, would have none of it. This line of argument, he observed icily, would have allowed John D. Rockefeller to escape from the anti-trust laws which finally broke up Standard Oil in 1911. </p> <p>Ironically though, by dragging copyright into it, the Microsoft lawyers have put their fingers on the nub of the problem. Copyright is going to be the bane of our lives for the next decade. Because software can be copyrighted, it enjoys legal protection for much longer than patented inventions. </p> <p>In one of the most original contributions to the 'what to do about Microsoft' debate, Jonathan Zittrain of the Berkman Centre at Harvard has proposed a fiendishly ingenious remedy for the kind of market dominance currently enjoyed by the company: limit the copyright protection of software to five years. </p> <p>This is far too good an idea to be adopted by the US Congress (which is entirely in hock to the publishing lobby). But perhaps the EU Commission might be more receptive? After all, they have taken on the US over the thorny issue of data privacy. </p> <p>The launch of Windows 2000 gave Microsoft a rare spate of good publicity. After all, some people had begun to doubt whether the company would ever get the monster out the door. And yet there it was, all four flavours of it, ready to go. </p> <p>Bill Gates described it as the most reliable product his company had ever shipped. Why, he crowed, independent tests had shown that a Windows 2000 server could run for 90 whole days without falling over (as compared to the 2.1 days it takes a Windows 95 machine to crash). </p> <p>Non-technical readers may be puzzled by this. They will translate the above into everyday terms and think of, say, the chief executive of Ford proudly announcing that the new Fiesta would break down only once every three months rather than every second day, as at present. </p> <p>If that were to happen, the CEO in question would be hauled off to jail and Ford's share price would go through the floor. And quite right too. Such are the boring realities of the 'old' economy. The 'new' economy, however, is an entirely different place. </p> <p>In an interesting internal Microsoft memo leaked last week, one of the chaps who led the Windows 2000 development team revealed that the product was riddled with bugs. </p> <p>'Our customers do not want us to sell them products with over 63,000 potential known defects,' he wrote to his colleagues. 'They want these defects corrected. How many of you would spend $500 on a piece of software with over 63,000 potential known defects?' </p> <p>As it happens, for a program as big as the new version of Windows, 63,000 bugs is probably quite reasonable. But it does explain why most businesses will be slow to adopt the first release. Combine that with Judge Jackson's verdict (expected in April) and ponder whether you really do want to hold on to that Microsoft stock. </p> <p>\u0095 Idiocies of filtering software #23,452. A reader emails me to say that all references to Scunthorpe are filtered out of the online chat room he uses. Just as well he didn't try writing about train couplings, stud partitions or misplaced analogies. </p> <p><a href=\"mailto:john.naughton@observer.co.uk\">john.naughton@observer.co.uk</a><br> For links and background material see <a href=\"http://www.briefhistory.com/footnotes/\" target=\"_NEW\">www.briefhistory.com/footnotes</a></p>",
      "newspaperPageNumber": "8",
      "wordcount": "648",
      "commentable": "false",
      "isPremoderated": "false",
      "lastModified": "2017-02-21T23:47:25Z",
      "newspaperEditionDate": "2000-02-27T00:00:00Z",
      "productionOffice": "UK",
      "publication": "The Observer",
      "shortUrl": "https://gu.com/p/2bkf",
      "shouldHideAdverts": "false",
      "showInRelatedContent": "true",
      "legallySensitive": "false",
      "lang": "en",
      "bodyText": "Microsoft was back in court last week, trying to persuade Judge Thomas Penfield Jackson that the company hadn't really broken any anti-trust laws. Its lawyers produced a new rabbit out of their copious hat, namely an argument that Microsoft's legal copyright over the Windows operating system could not be infringed by a court's anti-trust ruling. Which, being translated, seems to imply a view that even if Gates &amp; Co have violated anti-trust law then it doesn't matter because their copyright allows them to do so. The judge, I am delighted to say, would have none of it. This line of argument, he observed icily, would have allowed John D. Rockefeller to escape from the anti-trust laws which finally broke up Standard Oil in 1911. Ironically though, by dragging copyright into it, the Microsoft lawyers have put their fingers on the nub of the problem. Copyright is going to be the bane of our lives for the next decade. Because software can be copyrighted, it enjoys legal protection for much longer than patented inventions. In one of the most original contributions to the 'what to do about Microsoft' debate, Jonathan Zittrain of the Berkman Centre at Harvard has proposed a fiendishly ingenious remedy for the kind of market dominance currently enjoyed by the company: limit the copyright protection of software to five years. This is far too good an idea to be adopted by the US Congress (which is entirely in hock to the publishing lobby). But perhaps the EU Commission might be more receptive? After all, they have taken on the US over the thorny issue of data privacy. The launch of Windows 2000 gave Microsoft a rare spate of good publicity. After all, some people had begun to doubt whether the company would ever get the monster out the door. And yet there it was, all four flavours of it, ready to go. Bill Gates described it as the most reliable product his company had ever shipped. Why, he crowed, independent tests had shown that a Windows 2000 server could run for 90 whole days without falling over (as compared to the 2.1 days it takes a Windows 95 machine to crash). Non-technical readers may be puzzled by this. They will translate the above into everyday terms and think of, say, the chief executive of Ford proudly announcing that the new Fiesta would break down only once every three months rather than every second day, as at present. If that were to happen, the CEO in question would be hauled off to jail and Ford's share price would go through the floor. And quite right too. Such are the boring realities of the 'old' economy. The 'new' economy, however, is an entirely different place. In an interesting internal Microsoft memo leaked last week, one of the chaps who led the Windows 2000 development team revealed that the product was riddled with bugs. 'Our customers do not want us to sell them products with over 63,000 potential known defects,' he wrote to his colleagues. 'They want these defects corrected. How many of you would spend $500 on a piece of software with over 63,000 potential known defects?' As it happens, for a program as big as the new version of Windows, 63,000 bugs is probably quite reasonable. But it does explain why most businesses will be slow to adopt the first release. Combine that with Judge Jackson's verdict (expected in April) and ponder whether you really do want to hold on to that Microsoft stock. \u0095 Idiocies of filtering software #23,452. A reader emails me to say that all references to Scunthorpe are filtered out of the online chat room he uses. Just as well he didn't try writing about train couplings, stud partitions or misplaced analogies. john.naughton@observer.co.uk For links and background material see www.briefhistory.com/footnotes",
      "charCount": "3724"
    },
    "isHosted": false,
    "pillarId": "pillar/news",
    "pillarName": "News"
  },
  {
    "id": "world/2000/feb/27/jonhenley.theobserver",
    "type": "article",
    "sectionId": "world",
    "sectionName": "World news",
    "webPublicationDate": "2000-02-27T23:57:46Z",
    "webTitle": "Dumas to quit over Elf graft claims",
    "webUrl": "https://www.theguardian.com/world/2000/feb/27/jonhenley.theobserver",
    "apiUrl": "https://content.guardianapis.com/world/2000/feb/27/jonhenley.theobserver",
    "fields": {
      "headline": "Dumas to quit over Elf graft claims",
      "trailText": "A growing corruption scandal involving the Elf oil company yesterday claimed its highest-ranking victim to date. Roland Dumas, former French Foreign Minister and close friend of the late Socialist President, Fran&ccedil;ois Mitterrand, said he would resign from France's top legal post.",
      "byline": "Jon Henley, Paris",
      "main": "",
      "body": "A growing corruption scandal involving the Elf oil company yesterday claimed its highest-ranking victim to date. Roland Dumas, former French Foreign Minister and close friend of the late Socialist President, Fran\u00e7ois Mitterrand, said he would resign from France's top legal post. <p>'I'm leaving,' Dumas, 77, told Le Figaro. The eight other members of the Constitutional Council - which vets government legislation - were reported last week to have begged the silver-haired lawyer to resign in order to avoid further damage to the institution. </p> <p>Dumas's post as Council president made him the fifth highest-ranking official in France. He did not say when he planned to step down but an official announcement is expected early next week. </p> <p>Dumas has been under mounting pressure to resign from politicians of all parties. His decision followed the announcement last week that he and his former mistress, Christine Deviers-Joncour, must stand trial for abuse of funds. </p> <p>Public prosecutors Eva Joly and Laurence Vichnievsky allege that Dumas used his influence to help get Deviers-Joncour her job with Elf, and subsequently benefited handsomely from the money the company threw at her to establish a direct line to the Foreign Ministry. </p> <p>Elf gave Deviers-Joncour - on the books as a secretary - a company credit line of \u00a320,000 a month, a \u00a31.7 million flat just down the road from the Foreign Ministry and 'commissions' totalling \u00a36.6m. Among the gifts she admitted buying Dumas with company money were a pair of shoes costing \u00a31,100 and five antique statues for \u00a326,400. </p> <p>Dumas has consistently denied any wrongdoing, saying he was not aware the gifts were paid for out of Elf funds. He has until now refused to step down, insisting that to do so would be to imply that he was guilty of the charges. </p> <p>A separate investigation is under way into allegations that Deviers-Joncour, who has published kiss-and-tell books on the affair (one bluntly titled The Whore of the Republic) , received multi-million franc 'commissions' to lobby the then Foreign Minister to approve the controversial sale of six frigates to Taiwan by another state-controlled firm, Thomson-CSF, in 1991. They are also investigating rumours that Elf supplied money to Chancellor Helmut Kohl in 1992, as well as links to the now disgraced former European Commissioner, Edith Cresson. </p> <p>In their six-year investigation into the seemingly bottomless Elf scandal, Joly and Vichnievsky have found enough evidence to place 20 people under judicial investigation for bribery, embezzlement and misuse of funds. These include a number of senior executives, one of whom is thought to be hiding in Thailand.</p>",
      "newspaperPageNumber": "21",
      "wordcount": "430",
      "commentable": "false",
      "isPremoderated": "false",
      "lastModified": "2000-02-26T23:57:46Z",
      "newspaperEditionDate": "2000-02-27T00:00:00Z",
      "productionOffice": "UK",
      "publication": "theguardian.com",
      "shortUrl": "https://gu.com/p/yj2h",
      "shouldHideAdverts": "false",
      "showInRelatedContent": "true",
      "legallySensitive": "false",
      "lang": "en",
      "bodyText": "A growing corruption scandal involving the Elf oil company yesterday claimed its highest-ranking victim to date. Roland Dumas, former French Foreign Minister and close friend of the late Socialist President, Fran\u00e7ois Mitterrand, said he would resign from France's top legal post. 'I'm leaving,' Dumas, 77, told Le Figaro. The eight other members of the Constitutional Council - which vets government legislation - were reported last week to have begged the silver-haired lawyer to resign in order to avoid further damage to the institution. Dumas's post as Council president made him the fifth highest-ranking official in France. He did not say when he planned to step down but an official announcement is expected early next week. Dumas has been under mounting pressure to resign from politicians of all parties. His decision followed the announcement last week that he and his former mistress, Christine Deviers-Joncour, must stand trial for abuse of funds. Public prosecutors Eva Joly and Laurence Vichnievsky allege that Dumas used his influence to help get Deviers-Joncour her job with Elf, and subsequently benefited handsomely from the money the company threw at her to establish a direct line to the Foreign Ministry. Elf gave Deviers-Joncour - on the books as a secretary - a company credit line of \u00a320,000 a month, a \u00a31.7 million flat just down the road from the Foreign Ministry and 'commissions' totalling \u00a36.6m. Among the gifts she admitted buying Dumas with company money were a pair of shoes costing \u00a31,100 and five antique statues for \u00a326,400. Dumas has consistently denied any wrongdoing, saying he was not aware the gifts were paid for out of Elf funds. He has until now refused to step down, insisting that to do so would be to imply that he was guilty of the charges. A separate investigation is under way into allegations that Deviers-Joncour, who has published kiss-and-tell books on the affair (one bluntly titled The Whore of the Republic) , received multi-million franc 'commissions' to lobby the then Foreign Minister to approve the controversial sale of six frigates to Taiwan by another state-controlled firm, Thomson-CSF, in 1991. They are also investigating rumours that Elf supplied money to Chancellor Helmut Kohl in 1992, as well as links to the now disgraced former European Commissioner, Edith Cresson. In their six-year investigation into the seemingly bottomless Elf scandal, Joly and Vichnievsky have found enough evidence to place 20 people under judicial investigation for bribery, embezzlement and misuse of funds. These include a number of senior executives, one of whom is thought to be hiding in Thailand.",
      "charCount": "2649"
    },
    "isHosted": false,
    "pillarId": "pillar/news",
    "pillarName": "News"
  },
  {
    "id": "theobserver/2000/feb/27/focus.news2",
    "type": "article",
    "sectionId": "global",
    "sectionName": "Global",
    "webPublicationDate": "2000-02-27T23:57:44Z",
    "webTitle": "Going ... going ... gone!",
    "webUrl": "https://www.theguardian.com/theobserver/2000/feb/27/focus.news2",
    "apiUrl": "https://content.guardianapis.com/theobserver/2000/feb/27/focus.news2",
    "fields": {
      "headline": "Going ... going ... gone!",
      "standfirst": "Jay Rayner  on the price-fixing scandal that has engulfed the auction houses",
      "trailText": "Diana 'Dede' Brooks had become more than used to the dramatic telephone call during her six years as chief executive of Sotheby's. The auction-winning bid by phone had become part and parcel of the big money dramas that would unfold weekly in the company's salesroom at its Manhattan headquarters. But none of that prepared her for the news she received by telephone last weekend.",
      "main": "",
      "body": "Diana 'Dede' Brooks had become more than used to the dramatic telephone call during her six years as chief executive of Sotheby's. The auction-winning bid by phone had become part and parcel of the big money dramas that would unfold weekly in the company's salesroom at its Manhattan headquarters. But none of that prepared her for the news she received by telephone last weekend. <p>During a conference-call board meeting in New York it was decided that both Brooks and Alfred Taubman, the company's chairman and owner, should resign, becoming the latest victims of a massive price-fixing scandal engulfing the billion-dollar world of big money auctioneering. </p> <p>To many in the business the departures were inevitable. In January Sotheby's arch-rival, Christie's - between them they control more than 70 per cent by value of the art business - announced it was co-operating with a US Department of Justice inquiry into the setting up of an alleged illegal cartel between the two firms. In return, Christie's would receive immunity from prosecution. </p> <p>On Christmas Eve Christopher Davidge, Christie's former chief executive, had resigned, allegedly handing over a dossier on collusion between the companies to his successor. Christie's could therefore declare that any wrongdoing had taken place under a defunct regime and it was now putting its house in order. </p> <p>Sotheby's had been hung out to dry. Last week it was talking quietly of reaching a financial settlement with the Justice Department. That, however, is not the end of its troubles. It is also the subject of investigations by the Office of Fair Trading in London and competition regulators at the European Commission. </p> <p>What's more, it is facing more than 40 civil suits from sellers who believe they were over-charged for their business throughout most of the Nineties by exorbitant commission fees. The damages could run into tens of millions of pounds. The effect on Sotheby's share price was immediate. On 30 December the shares were changing hands for \u00a321.62 each. By Friday afternoon you could pick them up for just \u00a311.50. </p> <p>The only comfort that the 256-year-old firm could take from the events of last week is that Christie's is also named in the lawsuits; any deals it has made with the US authorities will not protect it from the potential hammer blow of civil litigation. </p> <p>'I think what we're seeing is a meltdown in the auction business,' said Anna Somers Cocks, editor of the highly regarded Art Newspaper , last week. 'The dominance of these two salesrooms may well be over.' </p> <p>For Dede Brooks it was an ignominious end to a dramatic run at the top of the firm. Known by turns as The Terminator and the Lady Thatcher of Sotheby's, she was credited with bringing financial nous, profitability and vitality to a once staid business. Many sneered at the sales of the effects of Jackie Onassis that she oversaw, but Brooks didn't care. </p> <p>She spent 10 months studying videotapes of veteran auctioneers, so that when the Onassis sale came round she could take to the podium and hammer out the lots herself. </p> <p>The sale proved to be a mammoth success and was televised around the world. She also understood the strength of the Sotheby's brand, using it to great effect in a series of forward-looking Internet ventures. </p> <p>But none of those initiatives changed the underlying volatility of the core art sales business, which has proved her undoing. </p> <p>In 1990, three years before she became chief executive, the art market crashed. After almost a decade in which a boom, particularly in Impressionist paintings, had fuelled ever higher prices at auction, the buyers suddenly disappeared as a general recession deepened. </p> <p>A sale of postwar art at the end of that year netted $4.75 million as against $17.2 million the year before, and the percentage of unsold lots went from 6 per cent to 60 per cent. Christie's recorded the same disastrous results, with its sales totals cut in half. </p> <p>The firms, which between them did $4 billion worth of business a year, took off the gloves and began competing furiously against each other. </p> <p>'Before the auctions there would be pre-auctions,' says Robert Lacey, author of a history of Sotheby's. 'The two would compete against each other over who would offer sellers the cheapest commission rates. </p> <p>'They began to cut commission rates for sellers to zero. They would also offer guarantees on the prices that would be achieved at sale and then lend money to buyers to enable them to buy lots, the loans secured against the paintings customers were buying from them.' In effect, the auction houses became banks, making money from interest on the loans. </p> <p>One result was that more and more of their business was with the individual collectors who would in the past have gone through the dealers. The auctioneers had gone from being wholesalers to being retailers and the dealers were marginalised. But even that extra business wasn't enough to make the level of competition sustainable. </p> <p>'If there was collusion between the two, it took place immediately after they had been ripping out each other's throats,' Lacey says. </p> <p>In 1992 Sotheby's announced it was increasing the commission charged to buyers from 10 per cent to 15 per cent for sales up to $50,000. Christie's followed Sotheby's lead within weeks. Then in early 1995 Christie's introduced a highly complex sliding scale of commission charges for sellers. The days of the zero commission charge were over. Sotheby's followed with an almost identical system, again within weeks. That move is the subject of the US Justice Department inquiry. </p> <p>'The question is, was there a sit-down between the two sides to agree this?' Lacey says. 'If there was, and that's the evidence that Christopher Davidge handed over, then Dede and Taubman are dead in the water.' The potential penalties for running illegal cartels include prison sentences for the main perpetrators. </p> <p>The mood in London last week was one of surprise, not at what the two companies had been accused of doing but that anything was being done about it. 'It never for a moment occurred to me Christie's and Sotheby's hadn't come to some arrangement,' said London dealer Alex Wengraf. </p> <p>Such practices are part and parcel of a business based on an imponderable like the commercial value of artefacts. After all, the worth of artworks at auction is, to a great degree, based on nothing other than market confidence, and auctioneers have long made the maintenance of that confidence their business. </p> <p>As recently as the Eighties, paintings were being 'sold' at auctions even though there were no real bids from the room, the auctioneer talking the price up and then declaring the lot sold despite a lack of takers. In 1985 a former head of Christie's in New York had to resign after admitting a Van Gogh and a Gauguin declared as sold had not been bought. </p> <p>There are other practices such as the 'Chandelier bid', with the auctioneer's eyes apparently taking a bid off the inanimate chandelier as a means of getting the price up. More recently Sotheby's has been accused of illegally exporting antiquities from Italy and India and of selling modern fakes as the genuine article. </p> <p>The Commission issue has surfaced before. In 1975 Sotheby's and Christie's in London set buyer's premiums for the first time, on that occasion within days of each other. Art dealers complained and the Office of Fair Trading mounted an inquiry, but it was decided no action should be taken. </p> <p>Opinion on the impact of recent events on the art market was divided last week. 'Sotheby's and Christie's have a very tight grip on the top end of the market,' said Nick Bonham, deputy chairman of the auction house that carries his family's name. </p> <p>'It may just be that one or two people may decide to try one of the other salerooms. However, it didn't take long for people to forget all about the illegal importing of antiquities from Italy, and the same may happen again.' </p> <p>Dealer Alex Wengraf disagreed. 'I think they are in trouble generally because of the threat posed by Internet auctions, and I think they know it,' he said. 'As far as I'm concerned, anything that hurts them is good for the trade. They've always portrayed themselves as great institutions when really they're just dealers like the rest of us, and on the whole less honourable than the independent dealers.' </p> <p>The immediate future of Sotheby's is unclear. Alfred Taubman, although no longer the chairman, still controls 63 per cent of the voting stock. It was suggested last week that Bernard Arnault of the luxury goods groups Mo\u00ebt Hennessy Louis Vuitton may make a bid to buy it from Taubman. However, a spokesman for Arnault denied such a move was on the cards. </p> <p>'If the class actions being mounted against Sotheby's are successful, its liabilities could be enormous and that would not make it an attractive purchase,' he said. It seems that, if Sotheby's were a lot in one of its own auctions, it would this weekend have suffered the indignity of being removed from the catalogue through lack of interest.</p>",
      "newspaperPageNumber": "17",
      "wordcount": "1536",
      "commentable": "false",
      "isPremoderated": "false",
      "lastModified": "2017-12-02T15:30:51Z",
      "newspaperEditionDate": "2000-02-27T00:00:00Z",
      "productionOffice": "UK",
      "publication": "The Observer",
      "shortUrl": "https://gu.com/p/xv3m2",
      "shouldHideAdverts": "false",
      "showInRelatedContent": "true",
      "legallySensitive": "false",
      "lang": "en",
      "bodyText": "Diana 'Dede' Brooks had become more than used to the dramatic telephone call during her six years as chief executive of Sotheby's. The auction-winning bid by phone had become part and parcel of the big money dramas that would unfold weekly in the company's salesroom at its Manhattan headquarters. But none of that prepared her for the news she received by telephone last weekend. During a conference-call board meeting in New York it was decided that both Brooks and Alfred Taubman, the company's chairman and owner, should resign, becoming the latest victims of a massive price-fixing scandal engulfing the billion-dollar world of big money auctioneering. To many in the business the departures were inevitable. In January Sotheby's arch-rival, Christie's - between them they control more than 70 per cent by value of the art business - announced it was co-operating with a US Department of Justice inquiry into the setting up of an alleged illegal cartel between the two firms. In return, Christie's would receive immunity from prosecution. On Christmas Eve Christopher Davidge, Christie's former chief executive, had resigned, allegedly handing over a dossier on collusion between the companies to his successor. Christie's could therefore declare that any wrongdoing had taken place under a defunct regime and it was now putting its house in order. Sotheby's had been hung out to dry. Last week it was talking quietly of reaching a financial settlement with the Justice Department. That, however, is not the end of its troubles. It is also the subject of investigations by the Office of Fair Trading in London and competition regulators at the European Commission. What's more, it is facing more than 40 civil suits from sellers who believe they were over-charged for their business throughout most of the Nineties by exorbitant commission fees. The damages could run into tens of millions of pounds. The effect on Sotheby's share price was immediate. On 30 December the shares were changing hands for \u00a321.62 each. By Friday afternoon you could pick them up for just \u00a311.50. The only comfort that the 256-year-old firm could take from the events of last week is that Christie's is also named in the lawsuits; any deals it has made with the US authorities will not protect it from the potential hammer blow of civil litigation. 'I think what we're seeing is a meltdown in the auction business,' said Anna Somers Cocks, editor of the highly regarded Art Newspaper , last week. 'The dominance of these two salesrooms may well be over.' For Dede Brooks it was an ignominious end to a dramatic run at the top of the firm. Known by turns as The Terminator and the Lady Thatcher of Sotheby's, she was credited with bringing financial nous, profitability and vitality to a once staid business. Many sneered at the sales of the effects of Jackie Onassis that she oversaw, but Brooks didn't care. She spent 10 months studying videotapes of veteran auctioneers, so that when the Onassis sale came round she could take to the podium and hammer out the lots herself. The sale proved to be a mammoth success and was televised around the world. She also understood the strength of the Sotheby's brand, using it to great effect in a series of forward-looking Internet ventures. But none of those initiatives changed the underlying volatility of the core art sales business, which has proved her undoing. In 1990, three years before she became chief executive, the art market crashed. After almost a decade in which a boom, particularly in Impressionist paintings, had fuelled ever higher prices at auction, the buyers suddenly disappeared as a general recession deepened. A sale of postwar art at the end of that year netted $4.75 million as against $17.2 million the year before, and the percentage of unsold lots went from 6 per cent to 60 per cent. Christie's recorded the same disastrous results, with its sales totals cut in half. The firms, which between them did $4 billion worth of business a year, took off the gloves and began competing furiously against each other. 'Before the auctions there would be pre-auctions,' says Robert Lacey, author of a history of Sotheby's. 'The two would compete against each other over who would offer sellers the cheapest commission rates. 'They began to cut commission rates for sellers to zero. They would also offer guarantees on the prices that would be achieved at sale and then lend money to buyers to enable them to buy lots, the loans secured against the paintings customers were buying from them.' In effect, the auction houses became banks, making money from interest on the loans. One result was that more and more of their business was with the individual collectors who would in the past have gone through the dealers. The auctioneers had gone from being wholesalers to being retailers and the dealers were marginalised. But even that extra business wasn't enough to make the level of competition sustainable. 'If there was collusion between the two, it took place immediately after they had been ripping out each other's throats,' Lacey says. In 1992 Sotheby's announced it was increasing the commission charged to buyers from 10 per cent to 15 per cent for sales up to $50,000. Christie's followed Sotheby's lead within weeks. Then in early 1995 Christie's introduced a highly complex sliding scale of commission charges for sellers. The days of the zero commission charge were over. Sotheby's followed with an almost identical system, again within weeks. That move is the subject of the US Justice Department inquiry. 'The question is, was there a sit-down between the two sides to agree this?' Lacey says. 'If there was, and that's the evidence that Christopher Davidge handed over, then Dede and Taubman are dead in the water.' The potential penalties for running illegal cartels include prison sentences for the main perpetrators. The mood in London last week was one of surprise, not at what the two companies had been accused of doing but that anything was being done about it. 'It never for a moment occurred to me Christie's and Sotheby's hadn't come to some arrangement,' said London dealer Alex Wengraf. Such practices are part and parcel of a business based on an imponderable like the commercial value of artefacts. After all, the worth of artworks at auction is, to a great degree, based on nothing other than market confidence, and auctioneers have long made the maintenance of that confidence their business. As recently as the Eighties, paintings were being 'sold' at auctions even though there were no real bids from the room, the auctioneer talking the price up and then declaring the lot sold despite a lack of takers. In 1985 a former head of Christie's in New York had to resign after admitting a Van Gogh and a Gauguin declared as sold had not been bought. There are other practices such as the 'Chandelier bid', with the auctioneer's eyes apparently taking a bid off the inanimate chandelier as a means of getting the price up. More recently Sotheby's has been accused of illegally exporting antiquities from Italy and India and of selling modern fakes as the genuine article. The Commission issue has surfaced before. In 1975 Sotheby's and Christie's in London set buyer's premiums for the first time, on that occasion within days of each other. Art dealers complained and the Office of Fair Trading mounted an inquiry, but it was decided no action should be taken. Opinion on the impact of recent events on the art market was divided last week. 'Sotheby's and Christie's have a very tight grip on the top end of the market,' said Nick Bonham, deputy chairman of the auction house that carries his family's name. 'It may just be that one or two people may decide to try one of the other salerooms. However, it didn't take long for people to forget all about the illegal importing of antiquities from Italy, and the same may happen again.' Dealer Alex Wengraf disagreed. 'I think they are in trouble generally because of the threat posed by Internet auctions, and I think they know it,' he said. 'As far as I'm concerned, anything that hurts them is good for the trade. They've always portrayed themselves as great institutions when really they're just dealers like the rest of us, and on the whole less honourable than the independent dealers.' The immediate future of Sotheby's is unclear. Alfred Taubman, although no longer the chairman, still controls 63 per cent of the voting stock. It was suggested last week that Bernard Arnault of the luxury goods groups Mo\u00ebt Hennessy Louis Vuitton may make a bid to buy it from Taubman. However, a spokesman for Arnault denied such a move was on the cards. 'If the class actions being mounted against Sotheby's are successful, its liabilities could be enormous and that would not make it an attractive purchase,' he said. It seems that, if Sotheby's were a lot in one of its own auctions, it would this weekend have suffered the indignity of being removed from the catalogue through lack of interest.",
      "charCount": "9014"
    },
    "isHosted": false
  },
  {
    "id": "business/2000/feb/27/observerbusiness.theobserver2",
    "type": "article",
    "sectionId": "business",
    "sectionName": "Business",
    "webPublicationDate": "2000-02-27T23:57:38Z",
    "webTitle": "Spend \u00a35m in 90 minutes",
    "webUrl": "https://www.theguardian.com/business/2000/feb/27/observerbusiness.theobserver2",
    "apiUrl": "https://content.guardianapis.com/business/2000/feb/27/observerbusiness.theobserver2",
    "fields": {
      "headline": "Spend \u00a35m in 90 minutes",
      "standfirst": "Emily Bell  asks who can afford the huge Premier League rights price tag",
      "trailText": "<p>Emily Bell  asks who can afford the huge Premier League rights price tag</p>",
      "main": "",
      "body": "<p>What can a TV station buy with \u00a35 million? Ten 50-minute episodes of a quality drama, such as Cracker or a seven-part Jane Austen adaptation? Several hours of Walking With Dinosaurs, a whole year of game shows? It could open a new overseas bureau for foreign reporting. Or it could show Southampton versus Bradford on a cold Monday night - 90 minutes of Premiership magic all for a mere \u00a35m. </p> <p>Yet this is the glum scenario broadcasters and viewers face if Sir Christopher Bland and Greg Dyke, chairman and director-general of the BBC, are to be believed. 'We just cannot afford \u00a35m per match for Premier League football,' Bland said on Radio 4 last week. </p> <p>And he's right. There were stories in the press suggesting that BSkyB, which holds the current contract for rights, has already offered the UK Premier League \u00a32 billion for a deal starting in the 2001/02 season. </p> <p>Completely untrue, says Sky, on the record. Completely true, say the clubs, off the record. Well informed neutral sources suggest that both the approach and the level of the bid are 'fantasy'. </p> <p>Even today a single \u00a32bn bid would be beyond loss-making BSkyB, which is groaning under the financial strain of going digital. In 1991, when BSkyB blew the competition out of the water by bidding \u00a3304m for a five-year Premiership rights contract, rivals said it would never make money from the deal. They were wrong. It made BSkyB the most profitable broadcaster in Europe. </p> <p>The contract also made Rupert Murdoch's satellite company reliant on football for its profitability - with live sport the key driver for premium subscriptions. In 1996, Sky's new Premiership contract was struck for what seemed a staggering \u00a3647m, this time for only four years. </p> <p>At the time many commentators and newspapers, including this one, hypothesised that we would not see a \u00a31bn bid in 2001. Yet here we are with incredible reports of \u00a32bn for the 20 clubs - an average of \u00a3100m each, though the more successful ones would get more. Assuming 760 fixtures a year, they would get \u00a32.6m per game. </p> <p>Presumably the figure of \u00a35m a match comes from the assumption that this kind of fee could be charged for the juicier fixtures, such as the Leeds vs Manchester United crunch match last weekend. But even here one has to ask how a broadcaster would make a decent margin out of a game it paid \u00a35m for? Given that non-crucial games shown on Sky Sports attract around a million viewers, the answer must be that for 80 per cent of games it would make a loss. </p> <p>But even if \u00a32bn is in the fantasy league of payments, we could certainly see the amount the broadcasters pay go up to \u00a31bn, particularly if Internet rights are included. </p> <p>'What we will absolutely not see this time round is the single big deal', says one chief executive of a leading broadcaster. 'Nobody will be allowed to romp into the market with one enormous knock-out bid.' </p> <p>Others go further and suggest that the Premier League has promised the Office of Fair Trading that it will not sell exclusive live rights in one package to one broadcaster. If so, bundles of matches could be sold to a selection of broadcasters - breaking Sky's monopoly of showing top matches live. If the Premier League has made such an agreement, it is probably just a formalisation of the inevitable. For the first time in the football rights bidding wars, most major broadcasters will have not only an interest in the outcome but also a stake in the clubs. BSkyB, via its abortive bid for Manchester United, still holds a 10 per cent stake in the club and retains close links with its management. It also has 10 per cent of Leeds United. </p> <p>Sky's key competitor in cable, NTL, has stakes in Aston Villa and Newcastle United, and ITV company Granada has a stake in Liverpool. If any new entrant is to snaffle the lion's share of matches, it needs to move quickly. Sky's record in televising football gives it a head start, if not guaranteed tenure. </p> <p>One inhibiting factor for the League was its litigation against the two men hired by its former chief executive Peter Lever to negotiate the football rights - Sam Chisholm and David Chance, former chief executive and managing director of BSkyB. </p> <p>But this obstacle was removed last week when the League settled out of court for \u00a312m plus costs, though some wonder why it was so keen to dispense with Chisholm and Chance, when the coming negotiations are going to prove, as one football executive puts it, 'a nightmare'. </p> <p>One of the knottiest issues is how to deal with the Internet rights - in five years' time, clubs may be able to screen live coverage of all matches over the Net, and charge for them. Sky's acquisitive interest in sports websites flags up its concerns about the Web being the way forward - and if rights are sold separately from broadcast rights, it will prove a further giant headache for the TV companies. </p> <p>The main battle is likely to be between BSkyB, the three major ITV companies and NTL, which is backed by money from France T\u00e9l\u00e9com and Microsoft. The ITV trio, Carlton, United News and Media and Granada, are all likely to want either live rights or highlights, though with Carlton and United News already involved in merger discussions and Carlton/Granada both partners in On Digital, the three would have to think carefully about how to structure a deal. </p> <p>NTL having Bill Gates's money behind it will be sure to push up the price. Chief executive Barclay Knapp has intimated that it may go as high as \u00a31bn. </p> <p>Whatever the outcome, Bland is probably right: when it comes to live and exclusive Premiership rights, the BBC still cannot afford to play.</p>",
      "newspaperPageNumber": "7",
      "wordcount": "986",
      "commentable": "false",
      "isPremoderated": "false",
      "lastModified": "2000-02-26T23:57:38Z",
      "newspaperEditionDate": "2000-02-27T00:00:00Z",
      "productionOffice": "UK",
      "publication": "The Observer",
      "shortUrl": "https://gu.com/p/33eh",
      "shouldHideAdverts": "false",
      "showInRelatedContent": "true",
      "legallySensitive": "false",
      "lang": "en",
      "bodyText": "What can a TV station buy with \u00a35 million? Ten 50-minute episodes of a quality drama, such as Cracker or a seven-part Jane Austen adaptation? Several hours of Walking With Dinosaurs, a whole year of game shows? It could open a new overseas bureau for foreign reporting. Or it could show Southampton versus Bradford on a cold Monday night - 90 minutes of Premiership magic all for a mere \u00a35m. Yet this is the glum scenario broadcasters and viewers face if Sir Christopher Bland and Greg Dyke, chairman and director-general of the BBC, are to be believed. 'We just cannot afford \u00a35m per match for Premier League football,' Bland said on Radio 4 last week. And he's right. There were stories in the press suggesting that BSkyB, which holds the current contract for rights, has already offered the UK Premier League \u00a32 billion for a deal starting in the 2001/02 season. Completely untrue, says Sky, on the record. Completely true, say the clubs, off the record. Well informed neutral sources suggest that both the approach and the level of the bid are 'fantasy'. Even today a single \u00a32bn bid would be beyond loss-making BSkyB, which is groaning under the financial strain of going digital. In 1991, when BSkyB blew the competition out of the water by bidding \u00a3304m for a five-year Premiership rights contract, rivals said it would never make money from the deal. They were wrong. It made BSkyB the most profitable broadcaster in Europe. The contract also made Rupert Murdoch's satellite company reliant on football for its profitability - with live sport the key driver for premium subscriptions. In 1996, Sky's new Premiership contract was struck for what seemed a staggering \u00a3647m, this time for only four years. At the time many commentators and newspapers, including this one, hypothesised that we would not see a \u00a31bn bid in 2001. Yet here we are with incredible reports of \u00a32bn for the 20 clubs - an average of \u00a3100m each, though the more successful ones would get more. Assuming 760 fixtures a year, they would get \u00a32.6m per game. Presumably the figure of \u00a35m a match comes from the assumption that this kind of fee could be charged for the juicier fixtures, such as the Leeds vs Manchester United crunch match last weekend. But even here one has to ask how a broadcaster would make a decent margin out of a game it paid \u00a35m for? Given that non-crucial games shown on Sky Sports attract around a million viewers, the answer must be that for 80 per cent of games it would make a loss. But even if \u00a32bn is in the fantasy league of payments, we could certainly see the amount the broadcasters pay go up to \u00a31bn, particularly if Internet rights are included. 'What we will absolutely not see this time round is the single big deal', says one chief executive of a leading broadcaster. 'Nobody will be allowed to romp into the market with one enormous knock-out bid.' Others go further and suggest that the Premier League has promised the Office of Fair Trading that it will not sell exclusive live rights in one package to one broadcaster. If so, bundles of matches could be sold to a selection of broadcasters - breaking Sky's monopoly of showing top matches live. If the Premier League has made such an agreement, it is probably just a formalisation of the inevitable. For the first time in the football rights bidding wars, most major broadcasters will have not only an interest in the outcome but also a stake in the clubs. BSkyB, via its abortive bid for Manchester United, still holds a 10 per cent stake in the club and retains close links with its management. It also has 10 per cent of Leeds United. Sky's key competitor in cable, NTL, has stakes in Aston Villa and Newcastle United, and ITV company Granada has a stake in Liverpool. If any new entrant is to snaffle the lion's share of matches, it needs to move quickly. Sky's record in televising football gives it a head start, if not guaranteed tenure. One inhibiting factor for the League was its litigation against the two men hired by its former chief executive Peter Lever to negotiate the football rights - Sam Chisholm and David Chance, former chief executive and managing director of BSkyB. But this obstacle was removed last week when the League settled out of court for \u00a312m plus costs, though some wonder why it was so keen to dispense with Chisholm and Chance, when the coming negotiations are going to prove, as one football executive puts it, 'a nightmare'. One of the knottiest issues is how to deal with the Internet rights - in five years' time, clubs may be able to screen live coverage of all matches over the Net, and charge for them. Sky's acquisitive interest in sports websites flags up its concerns about the Web being the way forward - and if rights are sold separately from broadcast rights, it will prove a further giant headache for the TV companies. The main battle is likely to be between BSkyB, the three major ITV companies and NTL, which is backed by money from France T\u00e9l\u00e9com and Microsoft. The ITV trio, Carlton, United News and Media and Granada, are all likely to want either live rights or highlights, though with Carlton and United News already involved in merger discussions and Carlton/Granada both partners in On Digital, the three would have to think carefully about how to structure a deal. NTL having Bill Gates's money behind it will be sure to push up the price. Chief executive Barclay Knapp has intimated that it may go as high as \u00a31bn. Whatever the outcome, Bland is probably right: when it comes to live and exclusive Premiership rights, the BBC still cannot afford to play.",
      "charCount": "5585"
    },
    "isHosted": false,
    "pillarId": "pillar/news",
    "pillarName": "News"
  },
  {
    "id": "business/2000/feb/27/observerbusiness.theobserver8",
    "type": "article",
    "sectionId": "business",
    "sectionName": "Business",
    "webPublicationDate": "2000-02-27T16:22:20Z",
    "webTitle": "How Shell stopped shelling out",
    "webUrl": "https://www.theguardian.com/business/2000/feb/27/observerbusiness.theobserver8",
    "apiUrl": "https://content.guardianapis.com/business/2000/feb/27/observerbusiness.theobserver8",
    "fields": {
      "headline": "How Shell stopped shelling out",
      "standfirst": "The Anglo-Dutch oil giant has taken to cost-cutting with the zeal of a convert, group treasurer Stephen Hodge tells Heather Connon",
      "trailText": "<p>The Anglo-Dutch oil giant has taken to cost-cutting with the zeal of a convert, group treasurer Stephen Hodge tells Heather Connon</p>",
      "main": "",
      "body": "<p>Royal Dutch/Shell and BP Amoco both revealed this month that they had slashed their costs by similar amounts last year - $1.5 billion (\u00a3940 million) for Shell and $2.1bn for BP. Both promised that savings will rise to $4bn by 2001. But while the City applauded Shell and marked its shares sharply higher, the reaction to BP was simply to ask what it could do for an encore. </p> <p>The reason for this is partly that BP is embroiled in a battle with US regulators over its proposed acquisition of Arco, and this has dampened the performance of its shares. But it is also because Shell's cost savings are the result of its own good housekeeping, while BP's arise largely from the integration of BP and Amoco following their 1998 merger. </p> <p>'Mergers do give the chance of cutting costs,' said Stephen Hodge, group treasurer - and soon to be director of finance - at Royal Dutch/Shell. 'But it is like a shot of heroin. The question is, where do you go next?' </p> <p>Shell came to cost-cutting rather late in the day, but has taken to it with all the zeal of a true convert. Its targets have already been raised once, and many analysts think its current $4bn estimate will prove conservative. Capital spending, once a gushing tap, was slashed by 40 per cent in 1999; return on capital jumped from 2.8 per cent to 12.1 per cent, putting its promise of 14 per cent, which once looked hopelessly optimistic, well within reach. </p> <p>For that, Shell investors have to thank the oil price. Brent crude may currently be soaring above $25 a barrel, but late in 1998, it had sunk as low as $10. A year earlier, Shell had embarked on a restructuring programme aimed at improving its dull performance. </p> <p>The collapse in the oil price exposed that programme as much too tame - and the City was questioning whether it could meet even those undemanding targets. Hodge admits that the collapse was a useful catalyst that 'sharpened the focus', although he insists that the foundations for the changes seen today were laid as far back as 1996. At the heart of the restructuring was a dismantling of the 'baronies', the Shells-in-miniature who dictated what happened in their parts of the world. </p> <p>They were replaced with a structure based on the four core businesses - exploration and production, downstream gas and power, oil products and chemicals. Hodge says: 'Years ago, we would have had 4,000 or 5,000 people who would have gone around claiming: \"I'm from head office and this is what I want you to do.\" In reality, the number who should be able to say that should be counted in the low hundreds. The rest were experts in refining, chemicals or whatever.' </p> <p>Various previous attempts at curtailing the power of the baronies had had little impact. This time, to show it was serious Shell did the unthinkable: it sold off their head offices. </p> <p>Nine have gone, including the old headquarters of the Shell Transport &amp; Trading company on London's Strand. 'That deeply hit people's self-image,' said Hodge. 'They were usually called Shell House and were a monument to the grandiose management schemes. Moving out of them helps to make sure the culture changes last.' </p> <p>Changes were not limited to the country fiefdoms. Any part of the business that could be described as an overhead was forced to start thinking of itself as a business. Hodge winces when people compare this with the BBC, where the creation of an 'internal market' has been derided as an expensive failure: 'It does create some bureaucracy which you have not had previously. But it is so liberating for the people in the business.' </p> <p>Different parts of the business restruc tured themselves in slightly different ways. The research and technical services part of the oil products business now calls itself Global Solutions, and has external customers. Meanwhile in the exploration and production business, research and technical services has evolved into a venture capital-type fund, generating ideas which Shell is thinking of spinning off into the market. </p> <p>Even the finance department has had to rethink its business. 'In central finance, there are about 40 people. But in the financial services organisation, there are perhaps 400 or 500. They have got outside business too, and their morale is higher.' </p> <p>It is the impact on morale that really differentiates an internally generated restructuring from one dictated by a merger, Hodge believes. 'It is perhaps slower than a slash and burn but, in the long run, it is more effective. If you can afford to do it at a slower pace, you should. But of course, everyone wants to go slower still - that was why it was good to have the oil price shock.' </p> <p>Mark Moody-Stuart, chairman of Royal Dutch/Shell's committee of managing directors, said when he announced the results that he was surprised by the speed of the restructuring. Hodge attributes that partly to the shift in the restructuring from the first to the second phase. 'When you first do a reorganisation, you realise that a third to a half of the people are not required any more. Then people say, \"I didn't realise what we could do\" and you find that another third of the people can go.' Since 1998, 16,000 people across the group have gone. </p> <p>The restructuring has targeted another cost which had become bloated: capital spending. The country barons were used to getting whatever they asked for, provided the returns were above the cost to the group of financing it. The result was an inflated capital budget and a large number of projects which could not really be justified. </p> <p>Now, Shell uses the same criteria for assessing the project but, instead of just approving everything that is asked for which meets that test, it limits the capital available and chooses only those with the best return. Hodge says that its analysis showed that, the more the group spent, the lower the additional return it made. Limiting spending to projects which really made a difference to group return made more sense. </p> <p>The result last year was a 40 per cent drop in capital spending, to $9.5bn. That reduction was partly because a number of big projects ended in 1998 but Hodge thinks the scale of the fall gives the right message to the City and to Shell employees. This year, it will rise again - but only to perhaps $10.5bn rather than the $13.5bn seen in the past. </p> <p>Some analysts worry that the dramatic drop in spending means it is missing opportunities. Hodge dismisses that. 'The real test is our production forecasts. Oil production is growing. Gas production is growing.' What matters is picking the right things to spend money on. 'People used to talk about oil companies controlling the world. We certainly don't any more. And the capital expenditure mentality, the idea that you get strength from controlling assets, is misleading.' </p> <p>In some parts of the business, Hodge admits, having strength is important: exploration assets, for example, or its network of 40,000 petrol stations. The more difficult area is the mid-point: the refineries, say, which were once such a big part of the macho oil industry culture. Now, Hodge likens these to bank branches: assets that have outlived their usefulness. That does not mean Shell will get rid of all its refining capacity - although that may come. At the moment, he says: 'We are all afraid that if we try having no refineries, and therefore no control over that element of the value chain, we could get squeezed.' </p> <p>BP was initially forced into its restructuring following a boardroom coup and a dividend cut in 1992, and other oil companies have also been through the restructuring mill before consolidation. Critics of Shell say its late conversion to the need for efficiency means it has missed out on the global consolidation that has created giants such as Exxon Mobil and BP Amoco. Hodge insists they never wanted to be part of it. </p> <p>'There are no huge gaps in our portfolio - BP and Exxon both had those. And we always felt that the big companies were fully valued. If you are paying a 20 or 30 per cent premium to that, it is hard to see it adding shareholder value.'</p>",
      "newspaperPageNumber": "5",
      "wordcount": "1414",
      "commentable": "false",
      "isPremoderated": "false",
      "lastModified": "2000-02-26T23:57:37Z",
      "newspaperEditionDate": "2000-02-27T00:00:00Z",
      "productionOffice": "UK",
      "publication": "The Observer",
      "shortUrl": "https://gu.com/p/33eq",
      "shouldHideAdverts": "false",
      "showInRelatedContent": "true",
      "legallySensitive": "false",
      "lang": "en",
      "bodyText": "Royal Dutch/Shell and BP Amoco both revealed this month that they had slashed their costs by similar amounts last year - $1.5 billion (\u00a3940 million) for Shell and $2.1bn for BP. Both promised that savings will rise to $4bn by 2001. But while the City applauded Shell and marked its shares sharply higher, the reaction to BP was simply to ask what it could do for an encore. The reason for this is partly that BP is embroiled in a battle with US regulators over its proposed acquisition of Arco, and this has dampened the performance of its shares. But it is also because Shell's cost savings are the result of its own good housekeeping, while BP's arise largely from the integration of BP and Amoco following their 1998 merger. 'Mergers do give the chance of cutting costs,' said Stephen Hodge, group treasurer - and soon to be director of finance - at Royal Dutch/Shell. 'But it is like a shot of heroin. The question is, where do you go next?' Shell came to cost-cutting rather late in the day, but has taken to it with all the zeal of a true convert. Its targets have already been raised once, and many analysts think its current $4bn estimate will prove conservative. Capital spending, once a gushing tap, was slashed by 40 per cent in 1999; return on capital jumped from 2.8 per cent to 12.1 per cent, putting its promise of 14 per cent, which once looked hopelessly optimistic, well within reach. For that, Shell investors have to thank the oil price. Brent crude may currently be soaring above $25 a barrel, but late in 1998, it had sunk as low as $10. A year earlier, Shell had embarked on a restructuring programme aimed at improving its dull performance. The collapse in the oil price exposed that programme as much too tame - and the City was questioning whether it could meet even those undemanding targets. Hodge admits that the collapse was a useful catalyst that 'sharpened the focus', although he insists that the foundations for the changes seen today were laid as far back as 1996. At the heart of the restructuring was a dismantling of the 'baronies', the Shells-in-miniature who dictated what happened in their parts of the world. They were replaced with a structure based on the four core businesses - exploration and production, downstream gas and power, oil products and chemicals. Hodge says: 'Years ago, we would have had 4,000 or 5,000 people who would have gone around claiming: \"I'm from head office and this is what I want you to do.\" In reality, the number who should be able to say that should be counted in the low hundreds. The rest were experts in refining, chemicals or whatever.' Various previous attempts at curtailing the power of the baronies had had little impact. This time, to show it was serious Shell did the unthinkable: it sold off their head offices. Nine have gone, including the old headquarters of the Shell Transport &amp; Trading company on London's Strand. 'That deeply hit people's self-image,' said Hodge. 'They were usually called Shell House and were a monument to the grandiose management schemes. Moving out of them helps to make sure the culture changes last.' Changes were not limited to the country fiefdoms. Any part of the business that could be described as an overhead was forced to start thinking of itself as a business. Hodge winces when people compare this with the BBC, where the creation of an 'internal market' has been derided as an expensive failure: 'It does create some bureaucracy which you have not had previously. But it is so liberating for the people in the business.' Different parts of the business restruc tured themselves in slightly different ways. The research and technical services part of the oil products business now calls itself Global Solutions, and has external customers. Meanwhile in the exploration and production business, research and technical services has evolved into a venture capital-type fund, generating ideas which Shell is thinking of spinning off into the market. Even the finance department has had to rethink its business. 'In central finance, there are about 40 people. But in the financial services organisation, there are perhaps 400 or 500. They have got outside business too, and their morale is higher.' It is the impact on morale that really differentiates an internally generated restructuring from one dictated by a merger, Hodge believes. 'It is perhaps slower than a slash and burn but, in the long run, it is more effective. If you can afford to do it at a slower pace, you should. But of course, everyone wants to go slower still - that was why it was good to have the oil price shock.' Mark Moody-Stuart, chairman of Royal Dutch/Shell's committee of managing directors, said when he announced the results that he was surprised by the speed of the restructuring. Hodge attributes that partly to the shift in the restructuring from the first to the second phase. 'When you first do a reorganisation, you realise that a third to a half of the people are not required any more. Then people say, \"I didn't realise what we could do\" and you find that another third of the people can go.' Since 1998, 16,000 people across the group have gone. The restructuring has targeted another cost which had become bloated: capital spending. The country barons were used to getting whatever they asked for, provided the returns were above the cost to the group of financing it. The result was an inflated capital budget and a large number of projects which could not really be justified. Now, Shell uses the same criteria for assessing the project but, instead of just approving everything that is asked for which meets that test, it limits the capital available and chooses only those with the best return. Hodge says that its analysis showed that, the more the group spent, the lower the additional return it made. Limiting spending to projects which really made a difference to group return made more sense. The result last year was a 40 per cent drop in capital spending, to $9.5bn. That reduction was partly because a number of big projects ended in 1998 but Hodge thinks the scale of the fall gives the right message to the City and to Shell employees. This year, it will rise again - but only to perhaps $10.5bn rather than the $13.5bn seen in the past. Some analysts worry that the dramatic drop in spending means it is missing opportunities. Hodge dismisses that. 'The real test is our production forecasts. Oil production is growing. Gas production is growing.' What matters is picking the right things to spend money on. 'People used to talk about oil companies controlling the world. We certainly don't any more. And the capital expenditure mentality, the idea that you get strength from controlling assets, is misleading.' In some parts of the business, Hodge admits, having strength is important: exploration assets, for example, or its network of 40,000 petrol stations. The more difficult area is the mid-point: the refineries, say, which were once such a big part of the macho oil industry culture. Now, Hodge likens these to bank branches: assets that have outlived their usefulness. That does not mean Shell will get rid of all its refining capacity - although that may come. At the moment, he says: 'We are all afraid that if we try having no refineries, and therefore no control over that element of the value chain, we could get squeezed.' BP was initially forced into its restructuring following a boardroom coup and a dividend cut in 1992, and other oil companies have also been through the restructuring mill before consolidation. Critics of Shell say its late conversion to the need for efficiency means it has missed out on the global consolidation that has created giants such as Exxon Mobil and BP Amoco. Hodge insists they never wanted to be part of it. 'There are no huge gaps in our portfolio - BP and Exxon both had those. And we always felt that the big companies were fully valued. If you are paying a 20 or 30 per cent premium to that, it is hard to see it adding shareholder value.'",
      "charCount": "8028"
    },
    "isHosted": false,
    "pillarId": "pillar/news",
    "pillarName": "News"
  },
  {
    "id": "lifeandstyle/2000/feb/27/foodanddrink",
    "type": "article",
    "sectionId": "lifeandstyle",
    "sectionName": "Life and style",
    "webPublicationDate": "2000-02-27T11:49:05Z",
    "webTitle": "Best cellars  This week: four good wines from Fuller's",
    "webUrl": "https://www.theguardian.com/lifeandstyle/2000/feb/27/foodanddrink",
    "apiUrl": "https://content.guardianapis.com/lifeandstyle/2000/feb/27/foodanddrink",
    "fields": {
      "headline": "Best cellars  This week: four good wines from Fuller's",
      "trailText": "<p><strong> 1999 Trivento Viognier, Mendoza (&#163;4.99)</strong> This is the only Viognier from Argentina I've tasted, but I can't think of anything as good at this price from France or America. A fresh, intensely aromatic white with better acidity than many examples and attractive apricot and white peach-like concentration. Outstanding value at under &#163;5. </p>",
      "byline": "Tim Atkin",
      "main": "",
      "body": "<p><strong> 1999 Trivento Viognier, Mendoza (\u00a34.99)</strong> This is the only Viognier from Argentina I've tasted, but I can't think of anything as good at this price from France or America. A fresh, intensely aromatic white with better acidity than many examples and attractive apricot and white peach-like concentration. Outstanding value at under \u00a35. </p> <p><strong> 1998 Nekeas Barrel-fermented Chardonnay, Navarra (\u00a34.99) </strong> Another winner in the value-for-money stakes, this toasty, well-defined Spanish Chardonnay comes from a beautiful vineyard in northern Navarra. It's a rich, butter and citrus fruit number with tons of flavour and lovely length. Not even Australia can compete with something like this. </p> <p><strong> 1998 Clos Malverne Pinotage, Devon Valley (\u00a36.99)</strong> Pinotage is a grape that divides wine lovers. If you've never tried this peculiar Cape crossing before - liquorice, banana and raspberry ripple are the dominant flavours - Seymour Pritchard's intense, fleshy, oak-matured 1998 is a stunner. Fans of Cape Pinotage will know about Clos Malverne already. </p> <p><strong> 1997 Grant Burge Old Vine Shiraz, Barossa Valley (\u00a38.99) </strong> Grant Burge's wines are some of the subtlest in the Barossa Valley, a region whose wines are definitely not for wimps. This elegant, delightfully oaked Shiraz combines flavours of blackberry and strawberry with sweet oak and supple, fine-grained tannins. An impressive dinner-party red.</p>",
      "newspaperPageNumber": "53",
      "wordcount": "211",
      "commentable": "false",
      "isPremoderated": "false",
      "lastModified": "2005-11-04T11:49:05Z",
      "newspaperEditionDate": "2000-02-27T00:00:00Z",
      "productionOffice": "UK",
      "publication": "The Observer",
      "shortUrl": "https://gu.com/p/xg4g4",
      "shouldHideAdverts": "false",
      "showInRelatedContent": "true",
      "legallySensitive": "false",
      "lang": "en",
      "bodyText": "1999 Trivento Viognier, Mendoza (\u00a34.99) This is the only Viognier from Argentina I've tasted, but I can't think of anything as good at this price from France or America. A fresh, intensely aromatic white with better acidity than many examples and attractive apricot and white peach-like concentration. Outstanding value at under \u00a35. 1998 Nekeas Barrel-fermented Chardonnay, Navarra (\u00a34.99) Another winner in the value-for-money stakes, this toasty, well-defined Spanish Chardonnay comes from a beautiful vineyard in northern Navarra. It's a rich, butter and citrus fruit number with tons of flavour and lovely length. Not even Australia can compete with something like this. 1998 Clos Malverne Pinotage, Devon Valley (\u00a36.99) Pinotage is a grape that divides wine lovers. If you've never tried this peculiar Cape crossing before - liquorice, banana and raspberry ripple are the dominant flavours - Seymour Pritchard's intense, fleshy, oak-matured 1998 is a stunner. Fans of Cape Pinotage will know about Clos Malverne already. 1997 Grant Burge Old Vine Shiraz, Barossa Valley (\u00a38.99) Grant Burge's wines are some of the subtlest in the Barossa Valley, a region whose wines are definitely not for wimps. This elegant, delightfully oaked Shiraz combines flavours of blackberry and strawberry with sweet oak and supple, fine-grained tannins. An impressive dinner-party red.",
      "charCount": "1369"
    },
    "isHosted": false,
    "pillarId": "pillar/lifestyle",
    "pillarName": "Lifestyle"
  },
  {
    "id": "money/2000/feb/27/personalfinancenews.business1",
    "type": "article",
    "sectionId": "money",
    "sectionName": "Money",
    "webPublicationDate": "2000-02-27T00:00:00Z",
    "webTitle": "Royal & Sun looks for \u00a36bn buyer",
    "webUrl": "https://www.theguardian.com/money/2000/feb/27/personalfinancenews.business1",
    "apiUrl": "https://content.guardianapis.com/money/2000/feb/27/personalfinancenews.business1",
    "fields": {
      "headline": "Royal & Sun looks for \u00a36bn buyer",
      "trailText": "<p>Royal &amp; Sun Alliance, Britain's fifth-largest insurer, is seeking a \u00a36 billion-plus sale following poor results and a collapsing share price.\nAccording to City sources, Goldman Sachs, the group's merchant bank adviser, has sounded out possible European and US buyers, including Germany's Allianz and Italy's Generali.</p>",
      "byline": "Paul Farrelly, City Editor",
      "main": "",
      "body": "<p>Royal &amp; Sun Alliance, Britain's fifth-largest insurer, is seeking a \u00a36 billion-plus sale following poor results and a collapsing share price. According to City sources, Goldman Sachs, the group's merchant bank adviser, has sounded out possible European and US buyers, including Germany's Allianz and Italy's Generali.</p> <p>'Goldmans are trying to find someone to put Royal &amp; Sun out of its misery,' one City banker said. The news comes as CGU and Norwich Union, the UK's second- and fourth-biggest insurers, confirmed \u00a318bn merger talks last week.</p> <p>This weekend, rival City bankers are frantically trying to engage other European rivals, including Zurich Financial, France's Axa and giant Dutch insurer Aegon to break up the deal with a \u00a310bn bid for Norwich Union. 'Everyone's looking at Norwich, but it's a lot of money to pay in cash and continental shares will not be attractive,' the City banker said.</p> <p>Halifax has also eagerly eyed the East Anglia based insurer but, following a collapse in banking shares over the past year, a counter-bid from a high street bank is unlikely. Barclays has strong links with Norwich Union but insiders say it is not interested in a takeover.</p> <p>Royal &amp; Sun's 1999 annual results, due this week, will be disappointing, with operating profits well below the previous year's \u00a3600m following huge losses from European storm damage. Shares in the group - formed in 1996 from the merger of Royal Insurance with Sun Alliance - have lost nearly two-thirds of their value over the past two years. </p> <p>With its emphasis on general insurance, Royal &amp; Sun is not as attractive as either Norwich or CGU to a continental partner. But a US bidder may be tempted by its European and US presence.</p> <p> Royal &amp; Sun insisted it could remain independent. 'We think we can make it work,' a spokesman said.</p>",
      "wordcount": "306",
      "commentable": "false",
      "isPremoderated": "false",
      "lastModified": "2001-12-12T00:00:00Z",
      "newspaperEditionDate": "2000-02-27T00:00:00Z",
      "productionOffice": "UK",
      "publication": "The Observer",
      "shortUrl": "https://gu.com/p/33fp",
      "shouldHideAdverts": "false",
      "showInRelatedContent": "true",
      "legallySensitive": "false",
      "lang": "en",
      "bodyText": "Royal &amp; Sun Alliance, Britain's fifth-largest insurer, is seeking a \u00a36 billion-plus sale following poor results and a collapsing share price. According to City sources, Goldman Sachs, the group's merchant bank adviser, has sounded out possible European and US buyers, including Germany's Allianz and Italy's Generali. 'Goldmans are trying to find someone to put Royal &amp; Sun out of its misery,' one City banker said. The news comes as CGU and Norwich Union, the UK's second- and fourth-biggest insurers, confirmed \u00a318bn merger talks last week. This weekend, rival City bankers are frantically trying to engage other European rivals, including Zurich Financial, France's Axa and giant Dutch insurer Aegon to break up the deal with a \u00a310bn bid for Norwich Union. 'Everyone's looking at Norwich, but it's a lot of money to pay in cash and continental shares will not be attractive,' the City banker said. Halifax has also eagerly eyed the East Anglia based insurer but, following a collapse in banking shares over the past year, a counter-bid from a high street bank is unlikely. Barclays has strong links with Norwich Union but insiders say it is not interested in a takeover. Royal &amp; Sun's 1999 annual results, due this week, will be disappointing, with operating profits well below the previous year's \u00a3600m following huge losses from European storm damage. Shares in the group - formed in 1996 from the merger of Royal Insurance with Sun Alliance - have lost nearly two-thirds of their value over the past two years. With its emphasis on general insurance, Royal &amp; Sun is not as attractive as either Norwich or CGU to a continental partner. But a US bidder may be tempted by its European and US presence. Royal &amp; Sun insisted it could remain independent. 'We think we can make it work,' a spokesman said.",
      "charCount": "1824"
    },
    "isHosted": false,
    "pillarId": "pillar/lifestyle",
    "pillarName": "Lifestyle"
  }
]