[
  {
    "id": "business/2000/dec/15/sport",
    "type": "article",
    "sectionId": "business",
    "sectionName": "Business",
    "webPublicationDate": "2000-12-15T02:12:22Z",
    "webTitle": "At this price?  Leeds Sporting",
    "webUrl": "https://www.theguardian.com/business/2000/dec/15/sport",
    "apiUrl": "https://content.guardianapis.com/business/2000/dec/15/sport",
    "fields": {
      "headline": "At this price?  Leeds Sporting",
      "trailText": "<p>While Leeds United fans are busy cheering on their club's latest record signing, defender Rio Ferdinand, the market yesterday gave its somewhat cooler assessment of the &#163;18m footballer. </p>",
      "byline": "Simon Bowers",
      "main": "",
      "body": "<p>While Leeds United fans are busy cheering on their club's latest record signing, defender Rio Ferdinand, the market yesterday gave its somewhat cooler assessment of the \u00a318m footballer. </p> <p>It may be too early - both in sporting and financial terms - to judge Ferdinand's long-term value, but analysts have pointed out that at \u00a318m he represents more than a third of parent company Leeds Sporting's market capitalisation of \u00a346m. As such, he is too big gamble for some investors, it emerged yesterday. </p> <p>Sporting's share price fell 3.8% to 12.75p at the close, after two investors are thought to have sold \"mid-sized stakes\" in the company. Barclays Global Investors disposed of all of its 4m shares in the company. The other shareholder was not named. </p> <p>\"I'm not alarmed,\" Sporting's financial director, Stephen Harrison, told reporters. But it is understood that, along with the premiership club's chairman, Peter Ridsdale, he immediately bought more than 2.5m of the shares to bolster the price. </p> <p>Mr Harrison denied that the disposals reflected investor concern about the amount paid for Ferdinand. \"We've spoken to each of our major shareholders and we're not getting that mes sage,\" he insisted. Virginie Lannevere, a leisure analyst at Sporting's house broker, HSBC Investment Bank, pointed out that team manager David O'Leary's plans to invest in a number of players had been known by the market for some time. </p> <p>She suggested that the reason for investors pulling out of the football sector in general was that most clubs were fundamentally unsuited to the stock market. Asked if Sporting share price reflected the company's fundamental value, she said: \"Of course not. Nobody has the slightest idea of the club's fundamental value.\" </p> <p>With the uncertainties over the rules governing player transfers adding to investor caution across the sector, shares in Sporting should be sold. </p> <p> <strong> Simon Bowers</strong></p>",
      "newspaperPageNumber": "28",
      "wordcount": "306",
      "commentable": "false",
      "isPremoderated": "false",
      "lastModified": "2016-04-05T08:30:53Z",
      "newspaperEditionDate": "2000-12-15T00:00:00Z",
      "productionOffice": "UK",
      "publication": "theguardian.com",
      "shortUrl": "https://gu.com/p/dpy2",
      "shouldHideAdverts": "false",
      "showInRelatedContent": "true",
      "legallySensitive": "false",
      "lang": "en",
      "bodyText": "While Leeds United fans are busy cheering on their club's latest record signing, defender Rio Ferdinand, the market yesterday gave its somewhat cooler assessment of the \u00a318m footballer. It may be too early - both in sporting and financial terms - to judge Ferdinand's long-term value, but analysts have pointed out that at \u00a318m he represents more than a third of parent company Leeds Sporting's market capitalisation of \u00a346m. As such, he is too big gamble for some investors, it emerged yesterday. Sporting's share price fell 3.8% to 12.75p at the close, after two investors are thought to have sold \"mid-sized stakes\" in the company. Barclays Global Investors disposed of all of its 4m shares in the company. The other shareholder was not named. \"I'm not alarmed,\" Sporting's financial director, Stephen Harrison, told reporters. But it is understood that, along with the premiership club's chairman, Peter Ridsdale, he immediately bought more than 2.5m of the shares to bolster the price. Mr Harrison denied that the disposals reflected investor concern about the amount paid for Ferdinand. \"We've spoken to each of our major shareholders and we're not getting that mes sage,\" he insisted. Virginie Lannevere, a leisure analyst at Sporting's house broker, HSBC Investment Bank, pointed out that team manager David O'Leary's plans to invest in a number of players had been known by the market for some time. She suggested that the reason for investors pulling out of the football sector in general was that most clubs were fundamentally unsuited to the stock market. Asked if Sporting share price reflected the company's fundamental value, she said: \"Of course not. Nobody has the slightest idea of the club's fundamental value.\" With the uncertainties over the rules governing player transfers adding to investor caution across the sector, shares in Sporting should be sold. Simon Bowers",
      "charCount": "1889"
    },
    "isHosted": false,
    "pillarId": "pillar/news",
    "pillarName": "News"
  },
  {
    "id": "business/2000/dec/15/nasdaq.ftse",
    "type": "article",
    "sectionId": "business",
    "sectionName": "Business",
    "webPublicationDate": "2000-12-15T02:12:17Z",
    "webTitle": "Hi-tech flight floors Footsie",
    "webUrl": "https://www.theguardian.com/business/2000/dec/15/nasdaq.ftse",
    "apiUrl": "https://content.guardianapis.com/business/2000/dec/15/nasdaq.ftse",
    "fields": {
      "headline": "Hi-tech flight floors Footsie",
      "trailText": "<p>A flight out of technology shares after weakness in the US Nasdaq market left the FTSE 100 experiencing one of its biggest one-day losses of the year yesterday. </p>",
      "byline": "Julia Snoddy",
      "main": "",
      "body": "<p>A flight out of technology shares after weakness in the US Nasdaq market left the FTSE 100 experiencing one of its biggest one-day losses of the year yesterday. </p> <p>Adding to the gloom was a profits warning from US bank Chase Manhattan, and the blue chip index fell 139.2 points or 2.2% to 6263.8, with telecoms, banking and oil stocks among the weakest performers. </p> <p>The supreme court ruling on the US presidency boosted the tobacco and pharmaceutical sectors, likely beneficiaries of Mr Bush's policies. But analysts said the election result had been long anticipated, and had a limited impact on the market as a whole. </p> <p>Shares in <strong> British American Tobacco </strong> rose 9.75p to 498p. According to analysts the chance of future litigation against tobacco companies has been reduced after Mr Bush's victory. He is expected to support changes making it harder to sue tobacco companies. </p> <p>But <strong> Imperial Tobacco</strong>, which dropped 18p to 732p on Wednesday after the company was downgraded from \"neutral\" to \"underperform\" by Morgan Stanley Dean Witter, failed to benefit. Initially it climbed to 734.5p before closing at 727p, down 5p. </p> <p>Meanwhile, among the pharmaceutical companies, <strong> AstraZeneca</strong> led the way with an 80p rise to 3340p. </p> <p>Continuing concerns about profits, especially in the technology sector, saw mobile phone group <strong> Vodafone</strong> drop 15p to 253p while <strong> Cable &amp; Wireless</strong> lost 75p or 7% to close at 955p. </p> <p> <strong> CMG</strong>, the Anglo-Dutch IT services group, fell 132p or 13% to 863p. The company tried to reassure investors but concerns surrounding the sector were rife.<strong> Marconi</strong> also saw its shares fall 30p to 805p as profit takers moved in after recent strength. <strong> Bookham Technology</strong> fell with it, down 97p to 1175p. </p> <p>Some technology companies, however, had a good day. Shares in <strong> Indigo Vision</strong>, the Scottish video technology company, rose 30p or 7% to 457.5p after the company announced its technology is to be adopted by VideoSpheres, the Canadian video services company. VideoSpheres will use Indigo's video networking protocols, VideoBridge, to develop Java-based video architecture. </p> <p>Indigo said this was an important endorsement for the company's technology and it moves the VideoBridge technology closer to its stated aim of becoming the industry stan dard for video networking. </p> <p>The oil sector dropped after crude oil prices fell to their lowest levels since May, with <strong> BP Amoco</strong> down 27p to 542.5p. </p> <p> <strong> BAE</strong>, the British defence and aerospace company saw its shares recover slightly yesterday, up 5p to 347p. Investors feared the company was about to issue a profit warning. Analysts said BAE's underlying performance was in line with expectations. </p> <p>Shares in clothing maker <strong> William Baird</strong> rose 11.5p, or 18% to 74.5p, after the company announced it has agreed to a 75p per share management buy-out offer. This values the company at \u00a387.9m, with the offer price being a 51% premium to the average price in the months before the company said it was in talks. </p> <p>The company, which supplies uniforms to McDonald's is in the middle of suing <strong> Marks &amp; Spencer</strong> after the retailer dropped it as a clothing supplier last year. William Baird had to close 16 factories and lay off 4,500 employees after M&amp;S ended its 30 year buying relationship. </p> <p>William Baird issued a \u00a354m compensation claim which has been reduced to \u00a315.5m by the high court. Both companies are appealing against the decision. M&amp;S shares were up 7.75p to 194.25p. </p> <p>Shares in <strong> Dicom Group</strong>, the data and document managing company, fell 25p or nearly 5% to 495p after a recent rise. </p> <p>The company could see a rise on Monday when tracker funds start investing. The company has just moved into the FTSE small cap share index.</p>",
      "newspaperPageNumber": "28",
      "wordcount": "620",
      "commentable": "false",
      "isPremoderated": "false",
      "lastModified": "2000-12-15T02:12:17Z",
      "newspaperEditionDate": "2000-12-15T00:00:00Z",
      "productionOffice": "UK",
      "publication": "theguardian.com",
      "shortUrl": "https://gu.com/p/3yy9",
      "shouldHideAdverts": "false",
      "showInRelatedContent": "true",
      "legallySensitive": "false",
      "lang": "en",
      "bodyText": "A flight out of technology shares after weakness in the US Nasdaq market left the FTSE 100 experiencing one of its biggest one-day losses of the year yesterday. Adding to the gloom was a profits warning from US bank Chase Manhattan, and the blue chip index fell 139.2 points or 2.2% to 6263.8, with telecoms, banking and oil stocks among the weakest performers. The supreme court ruling on the US presidency boosted the tobacco and pharmaceutical sectors, likely beneficiaries of Mr Bush's policies. But analysts said the election result had been long anticipated, and had a limited impact on the market as a whole. Shares in British American Tobacco rose 9.75p to 498p. According to analysts the chance of future litigation against tobacco companies has been reduced after Mr Bush's victory. He is expected to support changes making it harder to sue tobacco companies. But Imperial Tobacco, which dropped 18p to 732p on Wednesday after the company was downgraded from \"neutral\" to \"underperform\" by Morgan Stanley Dean Witter, failed to benefit. Initially it climbed to 734.5p before closing at 727p, down 5p. Meanwhile, among the pharmaceutical companies, AstraZeneca led the way with an 80p rise to 3340p. Continuing concerns about profits, especially in the technology sector, saw mobile phone group Vodafone drop 15p to 253p while Cable &amp; Wireless lost 75p or 7% to close at 955p. CMG, the Anglo-Dutch IT services group, fell 132p or 13% to 863p. The company tried to reassure investors but concerns surrounding the sector were rife. Marconi also saw its shares fall 30p to 805p as profit takers moved in after recent strength. Bookham Technology fell with it, down 97p to 1175p. Some technology companies, however, had a good day. Shares in Indigo Vision, the Scottish video technology company, rose 30p or 7% to 457.5p after the company announced its technology is to be adopted by VideoSpheres, the Canadian video services company. VideoSpheres will use Indigo's video networking protocols, VideoBridge, to develop Java-based video architecture. Indigo said this was an important endorsement for the company's technology and it moves the VideoBridge technology closer to its stated aim of becoming the industry stan dard for video networking. The oil sector dropped after crude oil prices fell to their lowest levels since May, with BP Amoco down 27p to 542.5p. BAE, the British defence and aerospace company saw its shares recover slightly yesterday, up 5p to 347p. Investors feared the company was about to issue a profit warning. Analysts said BAE's underlying performance was in line with expectations. Shares in clothing maker William Baird rose 11.5p, or 18% to 74.5p, after the company announced it has agreed to a 75p per share management buy-out offer. This values the company at \u00a387.9m, with the offer price being a 51% premium to the average price in the months before the company said it was in talks. The company, which supplies uniforms to McDonald's is in the middle of suing Marks &amp; Spencer after the retailer dropped it as a clothing supplier last year. William Baird had to close 16 factories and lay off 4,500 employees after M&amp;S ended its 30 year buying relationship. William Baird issued a \u00a354m compensation claim which has been reduced to \u00a315.5m by the high court. Both companies are appealing against the decision. M&amp;S shares were up 7.75p to 194.25p. Shares in Dicom Group, the data and document managing company, fell 25p or nearly 5% to 495p after a recent rise. The company could see a rise on Monday when tracker funds start investing. The company has just moved into the FTSE small cap share index.",
      "charCount": "3651"
    },
    "isHosted": false,
    "pillarId": "pillar/news",
    "pillarName": "News"
  }
]