[
  {
    "id": "football/2000/jul/02/newsstory.sport1",
    "type": "article",
    "sectionId": "football",
    "sectionName": "Football",
    "webPublicationDate": "2000-07-02T20:35:19Z",
    "webTitle": "Under-fire BBC face radio battle",
    "webUrl": "https://www.theguardian.com/football/2000/jul/02/newsstory.sport1",
    "apiUrl": "https://content.guardianapis.com/football/2000/jul/02/newsstory.sport1",
    "fields": {
      "headline": "Under-fire BBC face radio battle",
      "trailText": "<p>They haven't finished yet. Premier League officials who have already sold three packages of TV rights for a handy &#163;1.645 billion over three years still have more goodies to dispense - at a price. </p>",
      "byline": "Jon Henderson",
      "main": "",
      "body": "<p>They haven't finished yet. Premier League officials who have already sold three packages of TV rights for a handy \u00a31.645 billion over three years still have more goodies to dispense - at a price. </p> <p>The revenue raised so far comes from the sale of 66 live games per season to Sky, 40 pay-per-view games to NTL and highlights to ITV. By the end of the year, they will have nudged considerably nearer the \u00a32bn mark that some analysts predicted they would achieve. </p> <p>The main remaining money-spinner is the overseas rights, then there are the radio and internet deals, and the League's slice of the action after Sky and NTL have sub-licensed the video-on-demand - a recent introduction whereby you can ask for a specific highlights package - and mobile phone rights. </p> <p>The worldwide interest in the Premier League has been growing throughout the current four-year contract, which gives way to the new three-year deal after next season. At the last count, 142 countries were paying for coverage of Premiership games and this foreign trade is now worth around \u00a332m a year. Based on these figures, the League can expect to net comfortably in excess of a \u00a3100m for the overseas rights from 2001-04. </p> <p>The radio rights, which are sold nationally, locally and in London, are likely to attract the most competitive bidding. At present they are worth a surprisingly modest \u00a39m or so a year, but the arrival of Kelvin MacKenzie's Talksport may see this number multiplied a few times. </p> <p>The BBC are still getting over the shock of losing television highlight rights to ITV, effectively putting a halt to Match of the Day , and it would be another sickening blow if Radio 5 Live were to have their association with the Premiership ended. </p> <p>Greg Dyke, the managing director of the BBC, made few friends at the Premier League when he claimed the Beeb had played a significant role in building the Premiership brand through Match of the Day . </p> <p>The League reckoned this was pretty high-handed stuff considering they were responsible for putting the programme back on to the nation's screens in 1992 and the BBC then played fast and loose with it by switching it back and forth in the schedules and failing to keep hold of Des Lynam. </p> <p>Whether this will adversely affect the BBC's hopes of retaining radio rights remains to be seen, but, having asked around, I'm inclined to think it won't. The feeling is that, unlike their television counterparts, 5 Live have unquestionably been a positive influence on building the brand, and MacKenzie will have to be at his most persuasive - not to mention his most munificent - if he is to gain the rights. </p> <p>But, whatever happens, the Premier League will profit. </p> <p>The BBC's agreement with the Football Association to show England's competitive home matches will not take effect in time for them to screen this autumn's England-Germany World Cup qualifier, which will be exclusively live on Sky. </p> <p>The return leg, though, in Germany on 21 September next year will be on both Sky and the BBC because the FA have the rights to that match.</p>",
      "newspaperPageNumber": "15",
      "wordcount": "524",
      "commentable": "false",
      "isPremoderated": "false",
      "lastModified": "2017-02-20T22:28:43Z",
      "newspaperEditionDate": "2000-07-02T00:00:00Z",
      "productionOffice": "UK",
      "publication": "theguardian.com",
      "shortUrl": "https://gu.com/p/x4g5f",
      "shouldHideAdverts": "false",
      "showInRelatedContent": "true",
      "legallySensitive": "false",
      "lang": "en",
      "bodyText": "They haven't finished yet. Premier League officials who have already sold three packages of TV rights for a handy \u00a31.645 billion over three years still have more goodies to dispense - at a price. The revenue raised so far comes from the sale of 66 live games per season to Sky, 40 pay-per-view games to NTL and highlights to ITV. By the end of the year, they will have nudged considerably nearer the \u00a32bn mark that some analysts predicted they would achieve. The main remaining money-spinner is the overseas rights, then there are the radio and internet deals, and the League's slice of the action after Sky and NTL have sub-licensed the video-on-demand - a recent introduction whereby you can ask for a specific highlights package - and mobile phone rights. The worldwide interest in the Premier League has been growing throughout the current four-year contract, which gives way to the new three-year deal after next season. At the last count, 142 countries were paying for coverage of Premiership games and this foreign trade is now worth around \u00a332m a year. Based on these figures, the League can expect to net comfortably in excess of a \u00a3100m for the overseas rights from 2001-04. The radio rights, which are sold nationally, locally and in London, are likely to attract the most competitive bidding. At present they are worth a surprisingly modest \u00a39m or so a year, but the arrival of Kelvin MacKenzie's Talksport may see this number multiplied a few times. The BBC are still getting over the shock of losing television highlight rights to ITV, effectively putting a halt to Match of the Day , and it would be another sickening blow if Radio 5 Live were to have their association with the Premiership ended. Greg Dyke, the managing director of the BBC, made few friends at the Premier League when he claimed the Beeb had played a significant role in building the Premiership brand through Match of the Day . The League reckoned this was pretty high-handed stuff considering they were responsible for putting the programme back on to the nation's screens in 1992 and the BBC then played fast and loose with it by switching it back and forth in the schedules and failing to keep hold of Des Lynam. Whether this will adversely affect the BBC's hopes of retaining radio rights remains to be seen, but, having asked around, I'm inclined to think it won't. The feeling is that, unlike their television counterparts, 5 Live have unquestionably been a positive influence on building the brand, and MacKenzie will have to be at his most persuasive - not to mention his most munificent - if he is to gain the rights. But, whatever happens, the Premier League will profit. The BBC's agreement with the Football Association to show England's competitive home matches will not take effect in time for them to screen this autumn's England-Germany World Cup qualifier, which will be exclusively live on Sky. The return leg, though, in Germany on 21 September next year will be on both Sky and the BBC because the FA have the rights to that match.",
      "charCount": "3036"
    },
    "isHosted": false,
    "pillarId": "pillar/sport",
    "pillarName": "Sport"
  },
  {
    "id": "travel/2000/jul/02/observerescapesection1",
    "type": "article",
    "sectionId": "travel",
    "sectionName": "Travel",
    "webPublicationDate": "2000-07-02T17:10:06Z",
    "webTitle": "Our choice",
    "webUrl": "https://www.theguardian.com/travel/2000/jul/02/observerescapesection1",
    "apiUrl": "https://content.guardianapis.com/travel/2000/jul/02/observerescapesection1",
    "fields": {
      "headline": "Our choice",
      "trailText": "<p><strong>On the right track </strong></p><p> A train journey through the Rockies that allows you to get off and sleep in stationary bed could be just the thing for those in two minds about the idea of a long train holiday. Safari Canada has arranged nine night trips from Calgary to Vancouver that include two days' travel on the luxury Rocky Mountaineer train from Banff to Vancouver. The scenery and its wildlife, including eagles and black bears, can be viewed through the train's glass observation dome. After spending the day on the train, you stay in a hotel in Kamloops. The rest of the trip includes three nights in the resort of Whistler, two in Calgary and two in Banff to sample the hot springs and lakes. The price tag of &#163;2,100 includes scheduled flights, three-star hotels, train meals and four days' car hire in Calgary and Banff. Under-12s travel half price. Call 020 7740 1221.  </p>",
      "byline": "Dee O'Connell",
      "main": "",
      "body": "<p><strong>On the right track </strong></p> <p> A train journey through the Rockies that allows you to get off and sleep in stationary bed could be just the thing for those in two minds about the idea of a long train holiday. Safari Canada has arranged nine night trips from Calgary to Vancouver that include two days' travel on the luxury Rocky Mountaineer train from Banff to Vancouver. The scenery and its wildlife, including eagles and black bears, can be viewed through the train's glass observation dome. After spending the day on the train, you stay in a hotel in Kamloops. The rest of the trip includes three nights in the resort of Whistler, two in Calgary and two in Banff to sample the hot springs and lakes. The price tag of \u00a32,100 includes scheduled flights, three-star hotels, train meals and four days' car hire in Calgary and Banff. Under-12s travel half price. Call 020 7740 1221. </p> <p><strong> Viva Verdi! </strong></p> <p> Next year will see the centenary of the death of the Italian composer Giuseppe Verdi, writes Stephen Pritchard. Travel for the Arts has prepared a year-long selection of tours taking in some of the most important commemorative events both in Verdi's homeland and in the world's great opera houses, including New York, Vienna and Munich. A guest lecturer will accompany each tour, which includes tickets to world-class performances. For details call 020 7483 4466. </p> <p><strong> Heidi and seek </strong></p> <p> Holidays in Swiss farm chalets can give parents the option of children's entertainment that doesn't revolve around bouncy castles and face painting. Inntravel is offering trips to the Lake Lucerne region with accommodation in apartments on farms. The farm owners are happy to let children play at being Heidi by helping with milking or other activities. . The farmhouses are all in the mountain village of Sorenberg, making them ideal bases for walking tours of the area. Suggested routes are clearly marked and are designed to be easy; most are liberally dotted with cafes. Each apartment is self-catering which is an advantage in expensive Switzerland. The trips are self-drive and crossing is by hovercraft from Dover to Calais or Folkestone to Boulogne. The price for two adults and three children, including accommodation and crossing, is from \u00a3524. Call 01653 629010.</p>",
      "newspaperPageNumber": "19",
      "wordcount": "373",
      "commentable": "false",
      "isPremoderated": "false",
      "lastModified": "2000-07-01T23:02:19Z",
      "newspaperEditionDate": "2000-07-02T00:00:00Z",
      "productionOffice": "UK",
      "publication": "The Observer",
      "shortUrl": "https://gu.com/p/38m",
      "shouldHideAdverts": "false",
      "showInRelatedContent": "true",
      "legallySensitive": "false",
      "lang": "en",
      "bodyText": "On the right track A train journey through the Rockies that allows you to get off and sleep in stationary bed could be just the thing for those in two minds about the idea of a long train holiday. Safari Canada has arranged nine night trips from Calgary to Vancouver that include two days' travel on the luxury Rocky Mountaineer train from Banff to Vancouver. The scenery and its wildlife, including eagles and black bears, can be viewed through the train's glass observation dome. After spending the day on the train, you stay in a hotel in Kamloops. The rest of the trip includes three nights in the resort of Whistler, two in Calgary and two in Banff to sample the hot springs and lakes. The price tag of \u00a32,100 includes scheduled flights, three-star hotels, train meals and four days' car hire in Calgary and Banff. Under-12s travel half price. Call 020 7740 1221. Viva Verdi! Next year will see the centenary of the death of the Italian composer Giuseppe Verdi, writes Stephen Pritchard. Travel for the Arts has prepared a year-long selection of tours taking in some of the most important commemorative events both in Verdi's homeland and in the world's great opera houses, including New York, Vienna and Munich. A guest lecturer will accompany each tour, which includes tickets to world-class performances. For details call 020 7483 4466. Heidi and seek Holidays in Swiss farm chalets can give parents the option of children's entertainment that doesn't revolve around bouncy castles and face painting. Inntravel is offering trips to the Lake Lucerne region with accommodation in apartments on farms. The farm owners are happy to let children play at being Heidi by helping with milking or other activities. . The farmhouses are all in the mountain village of Sorenberg, making them ideal bases for walking tours of the area. Suggested routes are clearly marked and are designed to be easy; most are liberally dotted with cafes. Each apartment is self-catering which is an advantage in expensive Switzerland. The trips are self-drive and crossing is by hovercraft from Dover to Calais or Folkestone to Boulogne. The price for two adults and three children, including accommodation and crossing, is from \u00a3524. Call 01653 629010.",
      "charCount": "2233"
    },
    "isHosted": false,
    "pillarId": "pillar/lifestyle",
    "pillarName": "Lifestyle"
  }
]