[
  {
    "id": "technology/2000/mar/11/efinance.jobsandmoney1",
    "type": "article",
    "sectionId": "business",
    "sectionName": "Business",
    "webPublicationDate": "2000-03-11T16:39:42Z",
    "webTitle": "Out with the old, in with the hi-tech",
    "webUrl": "https://www.theguardian.com/technology/2000/mar/11/efinance.jobsandmoney1",
    "apiUrl": "https://content.guardianapis.com/technology/2000/mar/11/efinance.jobsandmoney1",
    "fields": {
      "headline": "Out with the old, in with the hi-tech",
      "standfirst": "Robin Stoddart casts a sceptical eye on the contrast between our lost manufacturing base and the new, ethereal world of dot.coms<br /><br /><a href=\"http://www.newsunlimited.co.uk/efinance\">E-finance: special report</a>",
      "trailText": "<p>Almost everything in the economic garden is blooming, except the old garden itself. Never has the contrast between basic industry, including agriculture and all the other areas where inventions and rapid changes in methods and manpower made Britain the workshop of the world, and the new economy been so marked. </p>",
      "main": "",
      "body": "<p>Almost everything in the economic garden is blooming, except the old garden itself. Never has the contrast between basic industry, including agriculture and all the other areas where inventions and rapid changes in methods and manpower made Britain the workshop of the world, and the new economy been so marked. </p> <p>The split between valuations in new technology and old manufacturing and services could hardly be greater on the stock market as the dominant list of the top 100 shares is changed to reflect it. But nearly all the top names that provided employment for the post-war generation have disappeared. Most have been absorbed into more global operators. Many have closed down. There has been little evolution compared with other countries, from the US to less conspicuous areas of high prosperity like Switzerland and Sweden. </p> <p>So it seems a miracle that employment is at record levels. When even inventions like synthetic fibres failed to keep the clothing industry going, full employment looks unattainable. As the population climbs above 60m, there is no sign that the Rev Thomas Malthus's warning, two hundred years ago, that the means of livelihood will fail to keep pace has much validity. Technology helps by reducing the need for travel, just as well when the high oil price again poses a threat to stability. </p> <p>Only Wall Street took a heavy knock as the terms of trade favoured oil producers again this week. Some record-breaking markets in Europe and eastern recovery areas were stirred, but not badly shaken. Even in the US there is no great concern that the technology-led boom will subside, though motoring and consumption must be squeezed by the combination of sharply higher fuel prices and rising interest rates. The Federal Reserve, the US central bank, will ensure that this happens to keep inflation in check. Indigenous oil and heavy fuel taxes mean that the impact in the UK is slower, but the related problems of the exchange rate and trade gap could become pressing quite suddenly. Technology provides no solution yet, though new developments provide some reassurance. </p> <p>According to the latest Enterprise Barometer published by 3i, Europe's largest development capital investor, the climate for capital investment, whether by internal spending or through acquisition, is the best for some years and the survey of the hundreds of companies in which 3i is invested, including a rising proportion of new technology companies, shows more optimism than at the end of 1999. In fact 18% of clients anticipate growth of more than 30% a year over the next five years, far more than ever before. </p> <p>This is just as well, since the number of companies that are admitting that they can no longer compete, not least in the once-fashionable conglomerate field where diversity was for some years thought to be a major strength, seems to be mounting. Ferguson and Whitecroft are two recent companies that have de-listed after selling off subsidiaries, usually at heavy losses, though with some more modern activities for which hope under existing management was finally abandoned. </p> <p>Williams, once a top acquirer in fire prevention and building products, is giving up Yale and its own name in the hope of ending years of stagnation with more specialist organic and services growth. Returns of cash, rather than investment, are becoming the norm in older industry. </p> <p>Without the billions being thrown out by banks and others it is doubtful whether the market would be as high. Sales of stodgy old shares by private investors help to fuel purchases of dot.com newcomers. All too often the performance of former high street stars sparks such disposals. Whether the prices of new technology issues can be justified by profits in the foreseeable future looks highly improbable. At least some established financial services companies should be able to seize the opportunities provided by the speed of information technology. Then assets and dividends may count again. </p> <p>Meanwhile, one new Venture Capital Trust is to pay shareholders more than they invested just three years ago. After a big success with one of its investee companies now gaining a listing on the Alternative Investment Market, Foresight Technology VCT is returning 100p a share, tax-free, while still retaining 19% of the interactive entertainment business e-district on Aim. Although the economy cannot survive on leisure alone, any offset to the demise of manufacturing is welcome.</p>",
      "newspaperPageNumber": "16",
      "wordcount": "721",
      "commentable": "false",
      "isPremoderated": "false",
      "lastModified": "2017-02-21T23:47:05Z",
      "newspaperEditionDate": "2000-03-11T00:00:00Z",
      "productionOffice": "UK",
      "publication": "The Guardian",
      "shortUrl": "https://gu.com/p/xce4",
      "shouldHideAdverts": "false",
      "showInRelatedContent": "true",
      "legallySensitive": "false",
      "lang": "en",
      "bodyText": "Almost everything in the economic garden is blooming, except the old garden itself. Never has the contrast between basic industry, including agriculture and all the other areas where inventions and rapid changes in methods and manpower made Britain the workshop of the world, and the new economy been so marked. The split between valuations in new technology and old manufacturing and services could hardly be greater on the stock market as the dominant list of the top 100 shares is changed to reflect it. But nearly all the top names that provided employment for the post-war generation have disappeared. Most have been absorbed into more global operators. Many have closed down. There has been little evolution compared with other countries, from the US to less conspicuous areas of high prosperity like Switzerland and Sweden. So it seems a miracle that employment is at record levels. When even inventions like synthetic fibres failed to keep the clothing industry going, full employment looks unattainable. As the population climbs above 60m, there is no sign that the Rev Thomas Malthus's warning, two hundred years ago, that the means of livelihood will fail to keep pace has much validity. Technology helps by reducing the need for travel, just as well when the high oil price again poses a threat to stability. Only Wall Street took a heavy knock as the terms of trade favoured oil producers again this week. Some record-breaking markets in Europe and eastern recovery areas were stirred, but not badly shaken. Even in the US there is no great concern that the technology-led boom will subside, though motoring and consumption must be squeezed by the combination of sharply higher fuel prices and rising interest rates. The Federal Reserve, the US central bank, will ensure that this happens to keep inflation in check. Indigenous oil and heavy fuel taxes mean that the impact in the UK is slower, but the related problems of the exchange rate and trade gap could become pressing quite suddenly. Technology provides no solution yet, though new developments provide some reassurance. According to the latest Enterprise Barometer published by 3i, Europe's largest development capital investor, the climate for capital investment, whether by internal spending or through acquisition, is the best for some years and the survey of the hundreds of companies in which 3i is invested, including a rising proportion of new technology companies, shows more optimism than at the end of 1999. In fact 18% of clients anticipate growth of more than 30% a year over the next five years, far more than ever before. This is just as well, since the number of companies that are admitting that they can no longer compete, not least in the once-fashionable conglomerate field where diversity was for some years thought to be a major strength, seems to be mounting. Ferguson and Whitecroft are two recent companies that have de-listed after selling off subsidiaries, usually at heavy losses, though with some more modern activities for which hope under existing management was finally abandoned. Williams, once a top acquirer in fire prevention and building products, is giving up Yale and its own name in the hope of ending years of stagnation with more specialist organic and services growth. Returns of cash, rather than investment, are becoming the norm in older industry. Without the billions being thrown out by banks and others it is doubtful whether the market would be as high. Sales of stodgy old shares by private investors help to fuel purchases of dot.com newcomers. All too often the performance of former high street stars sparks such disposals. Whether the prices of new technology issues can be justified by profits in the foreseeable future looks highly improbable. At least some established financial services companies should be able to seize the opportunities provided by the speed of information technology. Then assets and dividends may count again. Meanwhile, one new Venture Capital Trust is to pay shareholders more than they invested just three years ago. After a big success with one of its investee companies now gaining a listing on the Alternative Investment Market, Foresight Technology VCT is returning 100p a share, tax-free, while still retaining 19% of the interactive entertainment business e-district on Aim. Although the economy cannot survive on leisure alone, any offset to the demise of manufacturing is welcome.",
      "charCount": "4443"
    },
    "isHosted": false,
    "pillarId": "pillar/news",
    "pillarName": "News"
  },
  {
    "id": "lifeandstyle/2000/mar/11/shopping.ethicalliving",
    "type": "article",
    "sectionId": "environment",
    "sectionName": "Environment",
    "webPublicationDate": "2000-03-11T16:21:07Z",
    "webTitle": "Organic food takes root in mainstream",
    "webUrl": "https://www.theguardian.com/lifeandstyle/2000/mar/11/shopping.ethicalliving",
    "apiUrl": "https://content.guardianapis.com/lifeandstyle/2000/mar/11/shopping.ethicalliving",
    "fields": {
      "headline": "Organic food takes root in mainstream",
      "standfirst": "It used to have few devotees but demand has exploded and now new markets are opening countrywide. Eileen Sheridan reports",
      "trailText": "<p>Foodies and faddies have been fans for ages, but in the last few months organic produce has entered the mainstream diet in a big way. </p>",
      "main": "",
      "body": "<p>Foodies and faddies have been fans for ages, but in the last few months organic produce has entered the mainstream diet in a big way. </p> <p>Where supermarkets once paid lip service to those who were thought of as cranky customers with a few knobbly organic carrots and undersized apples in their fruit and veg section, they are now giving over whole swathes of their sales area to chemical and additive-free food. </p> <p>Marks &amp; Spencer has introduced special sections, Sainsbury's reports a record \u00a32.8m sale of organic products each week and Tesco is shelling out \u00a3250,000 a year for four years to help fund the Aberdeen University Centre for Organic Culture while reporting a dramatic increase in pure food sales. </p> <p>Waitrose, in the meantime, can boast that it has once again been voted the Organic Supermarket of the year in the Soil Association's 1999 awards. </p> <p>The main complaint about organic food is the cost. It is more expensive than other produce because of specialist production. Organic crops are produced under strict European legislation and for a farm in this country to clear its land of pesticides under Soil Association regulations takes a two year transitional period and careful accreditation. Seventy per cent of organic food is still imported into Britain but this country is developing its own sources, especially in Scotland, where there are also organic fish farms. </p> <p>But cost is weighed against purity. Sustain, the Alliance for Better Food and Farming, says that a test found traces of 32 different agri-chemicals in apples. And there is also the matter of additives, suspect animal feed and the legacy of BSE and new variant CJD to consider. </p> <p>Another virtue of organic food which makes it attractive to those who buy with a conscience is that it is often produced by small suppliers. Organic foods mean that ethics can enter your shopping basket along with pure food. </p> <p>Fairtrade, whose aim is to get a better deal for Third World growers and producers, has under its banner a number of organic products, with the Hampstead Tea and Coffee Company's Darjeeling the winner of a Soil Association award. Fairtrade also markets organic cocoa, chocolate and honey. </p> <p>Waitrose, as a supermarket leader in the organic field, has more than 500 products in its stores, including pet foods, beers, wines, ciders, meat and fish, with such treats as organic brown trout. Tesco sources from registered growers and farmers. Its suppliers include Shipton Mill where wheat is traditionally stone-ground, Caledonian Brewery, which uses organic Scottish barley and organic hops from Kent and the Yeo Valley Organic Company, which is its principal yoghurt supplier. </p> <p>Sainsbury's has more than 500 lines and boasts a world first with its organic gin. The company is actively working towards an increase of organic production in Britain. It has established Sainsbury's Organic Resourcing Club and guarantees organic milk prices to farmers for the next five years to encourage them to convert their production. </p> <p>Sainsbury's also has the first all-organic supermarket in its Savacentre in Merton, south London. Another knock-on effect of buying organic is that the movement is a likely saviour for many small farms which would otherwise go out of business - they can supply to small and large outlets alike. </p> <p>The newest trend in fresh food is a re-emergence of direct farm selling to towns and inner cities with farmers' markets. Agriculture minister Nick Brown opened London's fourth farmer's market at Camden Lock earlier this month and Wheatland Famers' Markets Ltd (020-7704-9659) which runs them, is looking at sites in Windsor, Wimbledon, Battersea, Blackheath and Greenwich. The other three which are up and running are in Islington, Swiss Cottage and Notting Hill Gate. </p> <p>Spokeswoman Nina Planck says: \"Organic food is not a fad, but here to stay. Our markets sell organic pork, beef, lamb and veal, organic bread and free-range eggs from producers who are in the process of converting. We are making it possible for small farmers to carry on. There are 3,000 farmers' markets in America where they have tripled farm incomes.\" </p> <p>Wheatlands limits stalls to farms from within 100 miles of the M25 and inspects every farm which signs up with them. Not everything in a farmers' market is necessarily organic, but the movement, which has seen 150 sites open in Britain, aims to promote chemical-free produce and reduce the hefty import sector. </p> <p>Specialist organic suppliers Abel &amp; Cole (0171-737-5217) have delivered organic fruit and vegetables to London doorsteps for nearly six years. \"We started with potatoes 11 years ago,\" says Paul Cole, \"and our customers started asking for other produce. Customers have an input and there is a direct link between the households and the farms.\" </p> <p>Abel &amp; Cole can also deliver a limited range to other parts of the country. Its boxes start at \u00a37 and can be tailored to individual needs. For \u00a310.50 you will get cauliflower, red cabbage, carrots, celery, tomatoes, aubergines, courgettes, pink radish, lettuce and herbs. They also supply eggs, fruit juice, olive oil, meat and poultry, among other things, to homes in the Greater London area. Their website is <a href=\"http://www.abel-cole.co.uk\">www.abel-cole.co.uk</a> and it will go interactive soon. </p> <p>SimplyOrg@nic, the UK's largest home delivery organic supermarket, offers buying by telephone, fax, post, e-mail or internet with a daily updated interactive website, <a href=\"http://www.simplyorganic.net\">www.simplyorganic.net</a>, tel: 0845-100-444. The company sells everything you would expect in a mainstream supermarket - meat, certified by the Organic Farmers and Growers Association, fish, fruit and vegetables, dairy products, groceries, baby food and even toiletries. It also does wines, beers and spirits. Food is delivered to your door in special chilled boxes. </p> <p>For example, a chicken weighing around 1.7kg costs on average \u00a311.19, Cumberland sausages in 500g packs of eight cost \u00a35.29 and sliced smoked ham is \u00a32.79 for 250g. Organic smoked salmon is \u00a36.99 for 200g, black bream fillets in a pack of two are \u00a34.99, a pack of two red mullet fillets is \u00a35.99, while a vegetable box with eight varieties weighing three to four kilos will cost around \u00a38.99. </p> <p>Organic baby food costs around 65p to \u00a31.09 a jar and there are environmentally friendly baby toiletries and nappies. Toiletries include organic toothpaste at \u00a32.99 for 50ml, shampoo at \u00a33.99 for 200ml and conditioner at the same price. </p> <p>Another virtue of buying organic food is animal welfare. Animals and poultry reared for organic meat are reared naturally and not subjected to factory farming methods or pumped full of antibiotics and growth hormones. But take note: free-range does not necessarily mean organic and foods labelled \"in conversion\" are not fully organic, but come from suppliers who are in the process of getting Soil Association accreditation.</p>",
      "newspaperPageNumber": "34",
      "wordcount": "1125",
      "commentable": "false",
      "isPremoderated": "false",
      "lastModified": "2002-07-30T15:21:07Z",
      "newspaperEditionDate": "2000-03-11T00:00:00Z",
      "productionOffice": "UK",
      "publication": "The Guardian",
      "shortUrl": "https://gu.com/p/xhxy6",
      "shouldHideAdverts": "false",
      "showInRelatedContent": "true",
      "legallySensitive": "false",
      "lang": "en",
      "bodyText": "Foodies and faddies have been fans for ages, but in the last few months organic produce has entered the mainstream diet in a big way. Where supermarkets once paid lip service to those who were thought of as cranky customers with a few knobbly organic carrots and undersized apples in their fruit and veg section, they are now giving over whole swathes of their sales area to chemical and additive-free food. Marks &amp; Spencer has introduced special sections, Sainsbury's reports a record \u00a32.8m sale of organic products each week and Tesco is shelling out \u00a3250,000 a year for four years to help fund the Aberdeen University Centre for Organic Culture while reporting a dramatic increase in pure food sales. Waitrose, in the meantime, can boast that it has once again been voted the Organic Supermarket of the year in the Soil Association's 1999 awards. The main complaint about organic food is the cost. It is more expensive than other produce because of specialist production. Organic crops are produced under strict European legislation and for a farm in this country to clear its land of pesticides under Soil Association regulations takes a two year transitional period and careful accreditation. Seventy per cent of organic food is still imported into Britain but this country is developing its own sources, especially in Scotland, where there are also organic fish farms. But cost is weighed against purity. Sustain, the Alliance for Better Food and Farming, says that a test found traces of 32 different agri-chemicals in apples. And there is also the matter of additives, suspect animal feed and the legacy of BSE and new variant CJD to consider. Another virtue of organic food which makes it attractive to those who buy with a conscience is that it is often produced by small suppliers. Organic foods mean that ethics can enter your shopping basket along with pure food. Fairtrade, whose aim is to get a better deal for Third World growers and producers, has under its banner a number of organic products, with the Hampstead Tea and Coffee Company's Darjeeling the winner of a Soil Association award. Fairtrade also markets organic cocoa, chocolate and honey. Waitrose, as a supermarket leader in the organic field, has more than 500 products in its stores, including pet foods, beers, wines, ciders, meat and fish, with such treats as organic brown trout. Tesco sources from registered growers and farmers. Its suppliers include Shipton Mill where wheat is traditionally stone-ground, Caledonian Brewery, which uses organic Scottish barley and organic hops from Kent and the Yeo Valley Organic Company, which is its principal yoghurt supplier. Sainsbury's has more than 500 lines and boasts a world first with its organic gin. The company is actively working towards an increase of organic production in Britain. It has established Sainsbury's Organic Resourcing Club and guarantees organic milk prices to farmers for the next five years to encourage them to convert their production. Sainsbury's also has the first all-organic supermarket in its Savacentre in Merton, south London. Another knock-on effect of buying organic is that the movement is a likely saviour for many small farms which would otherwise go out of business - they can supply to small and large outlets alike. The newest trend in fresh food is a re-emergence of direct farm selling to towns and inner cities with farmers' markets. Agriculture minister Nick Brown opened London's fourth farmer's market at Camden Lock earlier this month and Wheatland Famers' Markets Ltd (020-7704-9659) which runs them, is looking at sites in Windsor, Wimbledon, Battersea, Blackheath and Greenwich. The other three which are up and running are in Islington, Swiss Cottage and Notting Hill Gate. Spokeswoman Nina Planck says: \"Organic food is not a fad, but here to stay. Our markets sell organic pork, beef, lamb and veal, organic bread and free-range eggs from producers who are in the process of converting. We are making it possible for small farmers to carry on. There are 3,000 farmers' markets in America where they have tripled farm incomes.\" Wheatlands limits stalls to farms from within 100 miles of the M25 and inspects every farm which signs up with them. Not everything in a farmers' market is necessarily organic, but the movement, which has seen 150 sites open in Britain, aims to promote chemical-free produce and reduce the hefty import sector. Specialist organic suppliers Abel &amp; Cole (0171-737-5217) have delivered organic fruit and vegetables to London doorsteps for nearly six years. \"We started with potatoes 11 years ago,\" says Paul Cole, \"and our customers started asking for other produce. Customers have an input and there is a direct link between the households and the farms.\" Abel &amp; Cole can also deliver a limited range to other parts of the country. Its boxes start at \u00a37 and can be tailored to individual needs. For \u00a310.50 you will get cauliflower, red cabbage, carrots, celery, tomatoes, aubergines, courgettes, pink radish, lettuce and herbs. They also supply eggs, fruit juice, olive oil, meat and poultry, among other things, to homes in the Greater London area. Their website is www.abel-cole.co.uk and it will go interactive soon. SimplyOrg@nic, the UK's largest home delivery organic supermarket, offers buying by telephone, fax, post, e-mail or internet with a daily updated interactive website, www.simplyorganic.net, tel: 0845-100-444. The company sells everything you would expect in a mainstream supermarket - meat, certified by the Organic Farmers and Growers Association, fish, fruit and vegetables, dairy products, groceries, baby food and even toiletries. It also does wines, beers and spirits. Food is delivered to your door in special chilled boxes. For example, a chicken weighing around 1.7kg costs on average \u00a311.19, Cumberland sausages in 500g packs of eight cost \u00a35.29 and sliced smoked ham is \u00a32.79 for 250g. Organic smoked salmon is \u00a36.99 for 200g, black bream fillets in a pack of two are \u00a34.99, a pack of two red mullet fillets is \u00a35.99, while a vegetable box with eight varieties weighing three to four kilos will cost around \u00a38.99. Organic baby food costs around 65p to \u00a31.09 a jar and there are environmentally friendly baby toiletries and nappies. Toiletries include organic toothpaste at \u00a32.99 for 50ml, shampoo at \u00a33.99 for 200ml and conditioner at the same price. Another virtue of buying organic food is animal welfare. Animals and poultry reared for organic meat are reared naturally and not subjected to factory farming methods or pumped full of antibiotics and growth hormones. But take note: free-range does not necessarily mean organic and foods labelled \"in conversion\" are not fully organic, but come from suppliers who are in the process of getting Soil Association accreditation.",
      "charCount": "6827"
    },
    "isHosted": false,
    "pillarId": "pillar/news",
    "pillarName": "News"
  },
  {
    "id": "business/2000/mar/11/efinance.internet",
    "type": "article",
    "sectionId": "business",
    "sectionName": "Business",
    "webPublicationDate": "2000-03-11T04:04:04Z",
    "webTitle": "LineOne jumps on the free-for-all bandwagon",
    "webUrl": "https://www.theguardian.com/business/2000/mar/11/efinance.internet",
    "apiUrl": "https://content.guardianapis.com/business/2000/mar/11/efinance.internet",
    "fields": {
      "headline": "LineOne jumps on the free-for-all bandwagon",
      "standfirst": "<a href=\"http://www.newsunlimited.co.uk/theissues/article/0,6512,143918,00.html\">Free internet access: the issue explained</a><br /><br /><a href=\"http://www.newsunlimited.co.uk/uk_news/story/0,3604,144217,00.html\">The key players</a><br /><br /><a href=\"http://www.newsunlimited.co.uk/efinance\">E-finance: special report</a>",
      "trailText": "<p>The online price war intensified yesterday when LineOne, Britain's second biggest internet service provider, offered free access to the net for those spending at least &#163;5 a month on voice telephone calls. </p>",
      "byline": "Andrew Clark",
      "main": "",
      "body": "<p>The online price war intensified yesterday when LineOne, Britain's second biggest internet service provider, offered free access to the net for those spending at least \u00a35 a month on voice telephone calls. </p> <p>The deal, which is a tie-up with phone company Quip, follows similar low-cost packages this week from rivals AltaVista and BT SurfTime. It will increase the pressure on Freeserve, the country's largest ISP, to reduce the line charges its customers pay. LineOne's managing director Ajay Chowdhury said: \"We think we have a compelling proposition here.\" </p> <p>LineOne already has more than 800,000 subscribers. Mr Chowdhury said: \"We're aiming for the mass market. We're not just some fly-by-night company saying 'let's put this out and see what happens'.\" </p> <p>To take up the offer, users must pay \u00a320 for a dialler allowing them access to Quip's network. They then get unlimited free time online as long as they spend \u00a35 a month making phone calls using Quip. </p> <p>\u0095 Microsoft yesterday struck a European cooperation pact with World Online International, the Europe-wide ISP based in Holland. Users will be directed to World Online whenever they install Windows packages from a Microsoft website.</p>",
      "newspaperPageNumber": "27",
      "wordcount": "190",
      "commentable": "false",
      "isPremoderated": "false",
      "lastModified": "2017-02-21T23:47:06Z",
      "newspaperEditionDate": "2000-03-11T00:00:00Z",
      "productionOffice": "UK",
      "publication": "theguardian.com",
      "shortUrl": "https://gu.com/p/346q",
      "shouldHideAdverts": "false",
      "showInRelatedContent": "true",
      "legallySensitive": "false",
      "lang": "en",
      "bodyText": "The online price war intensified yesterday when LineOne, Britain's second biggest internet service provider, offered free access to the net for those spending at least \u00a35 a month on voice telephone calls. The deal, which is a tie-up with phone company Quip, follows similar low-cost packages this week from rivals AltaVista and BT SurfTime. It will increase the pressure on Freeserve, the country's largest ISP, to reduce the line charges its customers pay. LineOne's managing director Ajay Chowdhury said: \"We think we have a compelling proposition here.\" LineOne already has more than 800,000 subscribers. Mr Chowdhury said: \"We're aiming for the mass market. We're not just some fly-by-night company saying 'let's put this out and see what happens'.\" To take up the offer, users must pay \u00a320 for a dialler allowing them access to Quip's network. They then get unlimited free time online as long as they spend \u00a35 a month making phone calls using Quip. \u0095 Microsoft yesterday struck a European cooperation pact with World Online International, the Europe-wide ISP based in Holland. Users will be directed to World Online whenever they install Windows packages from a Microsoft website.",
      "charCount": "1185"
    },
    "isHosted": false,
    "pillarId": "pillar/news",
    "pillarName": "News"
  },
  {
    "id": "world/2000/mar/11/religion",
    "type": "article",
    "sectionId": "world",
    "sectionName": "World news",
    "webPublicationDate": "2000-03-11T04:03:15Z",
    "webTitle": "Roads to God",
    "webUrl": "https://www.theguardian.com/world/2000/mar/11/religion",
    "apiUrl": "https://content.guardianapis.com/world/2000/mar/11/religion",
    "fields": {
      "headline": "Roads to God",
      "standfirst": "Face to Faith  <BR><BR><A HREF=\"http://www.newsunlimited.co.uk/religion/0,2759,38920,00.html\">Religion in the UK: special report </A>",
      "trailText": "In around 1678AD, an Algerian galley intercepted a British fishing vessel off the Spanish coast and took its crew captive. Among the prisoners was Joseph Pitts, a 15-year-old cabin boy, whom the abductors correctly surmised would fetch a handsome price in the slave market.",
      "byline": "Faisal Bodi",
      "main": "",
      "body": "In around 1678AD, an Algerian galley intercepted a British fishing vessel off the Spanish coast and took its crew captive. Among the prisoners was Joseph Pitts, a 15-year-old cabin boy, whom the abductors correctly surmised would fetch a handsome price in the slave market. <p>Pitts was forced to renounce Christianity for Islam. But he was then bought by a elderly gentleman under whom he became the first known Englishman to perform the Hajj - or greater pilgrimage. </p> <p>Pitts recognised that spiritual renewal was the essence of the Hajj, most visibly symbolised by the two white sheets worn for its duration by the pilgrims. Identical to the burial shrouds in which Muslims will be committed back to their creator (indeed many retain their pilgrimage garb for just this purpose), they signify a readiness to sacrifice everything for the love of God. </p> <p>This is the sense in which the Hajj demands to be understood - not as an excursion to a foreign land but a departure from this very world. Having obeyed the innate spiritual calling to return to the source of his being, the hajji makes efforts to dispose of his affairs before he sets out. Wills are drawn up, creditors are repaid and forgiveness is asked. </p> <p>Pilgrims make for Arafat, some 12 miles south-west of Mecca, the path before them resounding to the drone of the talbiyah, the ritual recitation in which they declare their appearance before their Lord. On this vast, exposed plain they assemble, earnestly beseeching God for forgiveness, in a dress rehearsal of the day of judgment when, Muslim eschatology holds, they will be asked to account for all they did. </p> <p>The ritual content of the Hajj is essentially a re-enactment of Abraham's tortuous journey to sacrifice his first-born son. Muslim authorities hold this to be Ishmael, with the location not Jerusalem's Mount Moriah but the environs of Mecca, where the patriarch settled and rebuilt the foundations of the Ka'ba, the cubical structure believed to be the world's first place of worship. Each rite imbues the hajji with a progressively increasing sense of what it must have been like for Abraham to have been miraculously blessed with a son in his dotage, only to be asked to give him up again by his own hand. </p> <p>The Danish thinker Soren Kierkegaard excoriated those who conceived of Abraham's act as a normal prophetic trial. For him, it represented a supreme spiritual movement for Abraham to give up all that he loved knowing on \"the strength of the absurd\" that it would be restored. He seems to come close to saying faith begins where reason ends. Perhaps the inexplicability of Abraham's actions is why Muslims are asked to feel, more than comprehend, what it must be like to give up everything in the knowledge that to renounce the world is to receive true spiritual content ment. </p> <p>The hajji's return home, head shaven to mark his rebirth and purification from all sin, is a cause for much happiness. For weeks afterwards he receives a steady stream of visitors congratulating him. His guests can partake in the event by listening to his account and consuming the dates and holy zamzam water he has brought back. </p> <p>Pitts' homecoming was somewhat different. As his return caravan drew into Cairo, he developed symptoms of bubonic plague, a near certain notice of death, only surviving \"through divine goodness . . . for I was just returned from Mecca when this mercy was dispensed to me. I do observe the divine providence in it and hope to make the best use of it.\" </p> <p>The 20,000 or so British hajjis making the journey next week will share his intentions. Having been over to the other side they will know more than ever before that the service of God is all that matters. </p> <p>\u0095 Faisal Bodi is deputy editor of Q News</p>",
      "newspaperPageNumber": "24",
      "wordcount": "640",
      "commentable": "false",
      "isPremoderated": "false",
      "lastModified": "2000-03-11T04:03:15Z",
      "newspaperEditionDate": "2000-03-11T00:00:00Z",
      "productionOffice": "UK",
      "publication": "theguardian.com",
      "shortUrl": "https://gu.com/p/znzf",
      "shouldHideAdverts": "false",
      "showInRelatedContent": "true",
      "legallySensitive": "false",
      "lang": "en",
      "bodyText": "In around 1678AD, an Algerian galley intercepted a British fishing vessel off the Spanish coast and took its crew captive. Among the prisoners was Joseph Pitts, a 15-year-old cabin boy, whom the abductors correctly surmised would fetch a handsome price in the slave market. Pitts was forced to renounce Christianity for Islam. But he was then bought by a elderly gentleman under whom he became the first known Englishman to perform the Hajj - or greater pilgrimage. Pitts recognised that spiritual renewal was the essence of the Hajj, most visibly symbolised by the two white sheets worn for its duration by the pilgrims. Identical to the burial shrouds in which Muslims will be committed back to their creator (indeed many retain their pilgrimage garb for just this purpose), they signify a readiness to sacrifice everything for the love of God. This is the sense in which the Hajj demands to be understood - not as an excursion to a foreign land but a departure from this very world. Having obeyed the innate spiritual calling to return to the source of his being, the hajji makes efforts to dispose of his affairs before he sets out. Wills are drawn up, creditors are repaid and forgiveness is asked. Pilgrims make for Arafat, some 12 miles south-west of Mecca, the path before them resounding to the drone of the talbiyah, the ritual recitation in which they declare their appearance before their Lord. On this vast, exposed plain they assemble, earnestly beseeching God for forgiveness, in a dress rehearsal of the day of judgment when, Muslim eschatology holds, they will be asked to account for all they did. The ritual content of the Hajj is essentially a re-enactment of Abraham's tortuous journey to sacrifice his first-born son. Muslim authorities hold this to be Ishmael, with the location not Jerusalem's Mount Moriah but the environs of Mecca, where the patriarch settled and rebuilt the foundations of the Ka'ba, the cubical structure believed to be the world's first place of worship. Each rite imbues the hajji with a progressively increasing sense of what it must have been like for Abraham to have been miraculously blessed with a son in his dotage, only to be asked to give him up again by his own hand. The Danish thinker Soren Kierkegaard excoriated those who conceived of Abraham's act as a normal prophetic trial. For him, it represented a supreme spiritual movement for Abraham to give up all that he loved knowing on \"the strength of the absurd\" that it would be restored. He seems to come close to saying faith begins where reason ends. Perhaps the inexplicability of Abraham's actions is why Muslims are asked to feel, more than comprehend, what it must be like to give up everything in the knowledge that to renounce the world is to receive true spiritual content ment. The hajji's return home, head shaven to mark his rebirth and purification from all sin, is a cause for much happiness. For weeks afterwards he receives a steady stream of visitors congratulating him. His guests can partake in the event by listening to his account and consuming the dates and holy zamzam water he has brought back. Pitts' homecoming was somewhat different. As his return caravan drew into Cairo, he developed symptoms of bubonic plague, a near certain notice of death, only surviving \"through divine goodness . . . for I was just returned from Mecca when this mercy was dispensed to me. I do observe the divine providence in it and hope to make the best use of it.\" The 20,000 or so British hajjis making the journey next week will share his intentions. Having been over to the other side they will know more than ever before that the service of God is all that matters. \u0095 Faisal Bodi is deputy editor of Q News",
      "charCount": "3726"
    },
    "isHosted": false,
    "pillarId": "pillar/news",
    "pillarName": "News"
  },
  {
    "id": "books/2000/mar/11/fiction.reviews2",
    "type": "article",
    "sectionId": "books",
    "sectionName": "Books",
    "webPublicationDate": "2000-03-11T03:12:49Z",
    "webTitle": "To thrill - a mockingbird",
    "webUrl": "https://www.theguardian.com/books/2000/mar/11/fiction.reviews2",
    "apiUrl": "https://content.guardianapis.com/books/2000/mar/11/fiction.reviews2",
    "fields": {
      "headline": "To thrill - a mockingbird",
      "standfirst": "James Wood  hails the tart comic vision and sharp style of Anne Enright, who once again proves with her new book, What Are You Like?, that she is a highly original writer",
      "trailText": "<p>James Wood  hails the tart comic vision and sharp style of Anne Enright, who once again proves with her new book, What Are You Like?, that she is a highly original writer</p>",
      "main": "",
      "body": "<p><strong> What Are You Like?</strong> by Anne Enright <br>259pp, Cape, \u00a310</p> <p> Since it is by definition not imitative of anyone else, an original style has only itself to imitate; it is its own mockingbird. And the risk genuinely original writing runs is that a distinctive style can come to seem, in its very individuality, unnaturally sealed off from the ordinary, rather unoriginal world we inhabit. </p> <p>Anne Enright is a very original writer - a spry surrealist who challenges the world with extraordinary, lancing sentences. She is indeed a kind of mockingbird: she and her characters see life with a tart comedy which is briskly ascetic, sourly lucid and never quite accountable. It is partly that Enright uses words you do not expect her to use; more than this, she speeds up the connections between thoughts (one of Bergson's definitions of the comic) and between the sensations her unhappy characters experience. </p> <p>Thus the people in her fiction are always simultaneously quicker and more confused than those in more ordinary novels: they are cognitive zealots. For instance, one of the heroines of her new novel, Maria , visits a family farm as an unhappy adolescent. She hates her time there and, to make things worse, is made to act as waitress to her various adult cousins. Enright offers these compact sentences: \"She picked up the jug. She poured, and the milk smelt of everything.\" A second sentence perfect in its simplicity and its complexity, exactly catching the limitlessness of a child's rage. </p> <p>The danger is that Enright's curious characters will seem not only zealots but neurasthenic clowns, rushing between various mental junctions. Yet Enright's brittle, sometimes artificial style finds its proper counterpart in the two strange and brittle heroines at the heart of her fine novel. Maria and Rose are twins, separated at birth when their mother died in the hospital. Maria stayed with her father in Dublin, and Rose was adopted by an English couple in Surrey. Until late in the novel neither is sure of the other's existence, feeling it only as a dumb severance. Both are deeply unhappy in similar ways, and the novel's narration bounces between parallel accounts of their separate unhappinesses. We see Maria's childhood in Ireland and glimpse the frozen misery of her father's marriage to his second wife (wonderfully summarised as a woman with \"a big anxious head and smug little feet\"). At 20, Maria goes to New York, and some of the novel's most affecting writing evokes that city surreally, as a kind of Circumlocution Office of lost souls - of people suing or arbitrarily having sex with each other. Maria works as a cleaning lady for wealthy Upper West Siders; she feels that \"she looks like a perfect stranger, like a girl you would pass on the street\". </p> <p>Meanwhile Rose, back in England, pities and despises her unobservant, bien-pensant parents, who are forever taking in abandoned children and stray cats. Like Maria she feels unmoored, alien to herself, and like Maria she specialises in self-destruction. Her relationships with men are lumpy and doomed; though a talented violinist, she summarily abandons the instrument because she feels she is not good enough. The novel gradually drives these two spiky, miserable mates together, but its quality lies not in their eventual recognition of and reconciliation with each other, but rather in the portrait it offers of two people filled with lack. Each is gnawed at by absence and each, though peculiar in her sadness, has a youthful, bitter confusion that is likely to speak universally to any reader whose growing up was jagged. </p> <p>Enright is so intelligent and so controlled that she doubtless knows already the risks her style poses. At times her choice of adjectives - particularly when in unexpected combinations - can seem over-deliberate, almost a kind of knowingness. When she describes Maria's farming cousins at table, \"their movements obliged and tragic\", one feels that she has got ahead of her characters - that she is condescending to them a little, sealing them off from the reader in fancy words. </p> <p>The bold confidence of Enright's style, and its tendency to break into tight, perfect paragraphs, can occasionally waver on the border of flippancy. I don't believe her, for instance, when she tells me that Maria's stepmother married her husband because he sleeps so soundly at night: \"It was for this she married him, for his ability to sleep.\" At such moments, Enright wants her characters to seem confident in their own sadness - to be decisive fatalists - yet it seems to be only the author being confident on behalf of her characters. </p> <p>But such fractures are very rare. Much more common - indeed, overwhelmingly, redeemingly common - are moments and whole passages when Enright captures something subterranean with a strange flick of her marvellous insight. Maria's unconfident father, for example, kisses a woman at work, and is unsure: \"He had never kissed the mouth of a woman who smoked . . . it gave him the uncomfortable feeling that he might be kissing a man.\" Or there's Maria's stepmother, trying on dresses in a shop and disliking \"a gathered floral thing that made her look like an alcoholic\". Or this perfect comic devastation of the pretensions of Manhattan sandwiches: \"Genoa salami, mortadella, Black Forest ham, provolone, balsamic vinegar and olive oil. It looked like a dinner party slapped on a slice of bread.\" Maria has to turn to a different, calmer sandwich: \"It was not a sandwich you had to dress up for.\" </p> <p>Elsewhere, a drunk is seen, \"his face working in slow motion, as though every emotion was a puzzle to him, and the solution was a surprise . . .\" And, most beautifully: \"The Shannon has burst its banks and spread like a mirror around Athlone. The fields are full of sky, pierced with grass like frozen, upside-down rain. She sees a swan sailing into the dark mouth of a shed, and the sun comes out at Ballinasloe.\" </p> <p>But another distinctive stylist, Virginia Woolf, argued that writers should be praised not for sentences but for chapters - for the accumulation of their lustres. Anne Enright practises a kind of emotional cubism, using her characters to piece together the world in strange combinations with perfect, sharp little sentences. As a way of constructing a novel, rather than short stories (Jane Bowles and Flannery O' Connor come to mind), it is a risky procedure. But in the end this novel is more than a style; it is a style that turns itself into a world, a world of sad comedy, securely if gradually located in the distressed hearts of Enright's moving heroines, twins whose anxious solitude the reader comes to know and share.</p> <p>\u0095 To order What Are You Like? at the discount price of \u00a38 plus 99p p&amp;p, call the Guardian CultureShop on 0800 3166 102.</p>",
      "newspaperPageNumber": "9",
      "wordcount": "1137",
      "commentable": "false",
      "isPremoderated": "false",
      "lastModified": "2018-02-22T14:13:05Z",
      "newspaperEditionDate": "2000-03-11T00:00:00Z",
      "productionOffice": "UK",
      "publication": "theguardian.com",
      "shortUrl": "https://gu.com/p/xhb2h",
      "shouldHideAdverts": "false",
      "showInRelatedContent": "true",
      "legallySensitive": "false",
      "lang": "en",
      "bodyText": "What Are You Like? by Anne Enright 259pp, Cape, \u00a310 Since it is by definition not imitative of anyone else, an original style has only itself to imitate; it is its own mockingbird. And the risk genuinely original writing runs is that a distinctive style can come to seem, in its very individuality, unnaturally sealed off from the ordinary, rather unoriginal world we inhabit. Anne Enright is a very original writer - a spry surrealist who challenges the world with extraordinary, lancing sentences. She is indeed a kind of mockingbird: she and her characters see life with a tart comedy which is briskly ascetic, sourly lucid and never quite accountable. It is partly that Enright uses words you do not expect her to use; more than this, she speeds up the connections between thoughts (one of Bergson's definitions of the comic) and between the sensations her unhappy characters experience. Thus the people in her fiction are always simultaneously quicker and more confused than those in more ordinary novels: they are cognitive zealots. For instance, one of the heroines of her new novel, Maria , visits a family farm as an unhappy adolescent. She hates her time there and, to make things worse, is made to act as waitress to her various adult cousins. Enright offers these compact sentences: \"She picked up the jug. She poured, and the milk smelt of everything.\" A second sentence perfect in its simplicity and its complexity, exactly catching the limitlessness of a child's rage. The danger is that Enright's curious characters will seem not only zealots but neurasthenic clowns, rushing between various mental junctions. Yet Enright's brittle, sometimes artificial style finds its proper counterpart in the two strange and brittle heroines at the heart of her fine novel. Maria and Rose are twins, separated at birth when their mother died in the hospital. Maria stayed with her father in Dublin, and Rose was adopted by an English couple in Surrey. Until late in the novel neither is sure of the other's existence, feeling it only as a dumb severance. Both are deeply unhappy in similar ways, and the novel's narration bounces between parallel accounts of their separate unhappinesses. We see Maria's childhood in Ireland and glimpse the frozen misery of her father's marriage to his second wife (wonderfully summarised as a woman with \"a big anxious head and smug little feet\"). At 20, Maria goes to New York, and some of the novel's most affecting writing evokes that city surreally, as a kind of Circumlocution Office of lost souls - of people suing or arbitrarily having sex with each other. Maria works as a cleaning lady for wealthy Upper West Siders; she feels that \"she looks like a perfect stranger, like a girl you would pass on the street\". Meanwhile Rose, back in England, pities and despises her unobservant, bien-pensant parents, who are forever taking in abandoned children and stray cats. Like Maria she feels unmoored, alien to herself, and like Maria she specialises in self-destruction. Her relationships with men are lumpy and doomed; though a talented violinist, she summarily abandons the instrument because she feels she is not good enough. The novel gradually drives these two spiky, miserable mates together, but its quality lies not in their eventual recognition of and reconciliation with each other, but rather in the portrait it offers of two people filled with lack. Each is gnawed at by absence and each, though peculiar in her sadness, has a youthful, bitter confusion that is likely to speak universally to any reader whose growing up was jagged. Enright is so intelligent and so controlled that she doubtless knows already the risks her style poses. At times her choice of adjectives - particularly when in unexpected combinations - can seem over-deliberate, almost a kind of knowingness. When she describes Maria's farming cousins at table, \"their movements obliged and tragic\", one feels that she has got ahead of her characters - that she is condescending to them a little, sealing them off from the reader in fancy words. The bold confidence of Enright's style, and its tendency to break into tight, perfect paragraphs, can occasionally waver on the border of flippancy. I don't believe her, for instance, when she tells me that Maria's stepmother married her husband because he sleeps so soundly at night: \"It was for this she married him, for his ability to sleep.\" At such moments, Enright wants her characters to seem confident in their own sadness - to be decisive fatalists - yet it seems to be only the author being confident on behalf of her characters. But such fractures are very rare. Much more common - indeed, overwhelmingly, redeemingly common - are moments and whole passages when Enright captures something subterranean with a strange flick of her marvellous insight. Maria's unconfident father, for example, kisses a woman at work, and is unsure: \"He had never kissed the mouth of a woman who smoked . . . it gave him the uncomfortable feeling that he might be kissing a man.\" Or there's Maria's stepmother, trying on dresses in a shop and disliking \"a gathered floral thing that made her look like an alcoholic\". Or this perfect comic devastation of the pretensions of Manhattan sandwiches: \"Genoa salami, mortadella, Black Forest ham, provolone, balsamic vinegar and olive oil. It looked like a dinner party slapped on a slice of bread.\" Maria has to turn to a different, calmer sandwich: \"It was not a sandwich you had to dress up for.\" Elsewhere, a drunk is seen, \"his face working in slow motion, as though every emotion was a puzzle to him, and the solution was a surprise . . .\" And, most beautifully: \"The Shannon has burst its banks and spread like a mirror around Athlone. The fields are full of sky, pierced with grass like frozen, upside-down rain. She sees a swan sailing into the dark mouth of a shed, and the sun comes out at Ballinasloe.\" But another distinctive stylist, Virginia Woolf, argued that writers should be praised not for sentences but for chapters - for the accumulation of their lustres. Anne Enright practises a kind of emotional cubism, using her characters to piece together the world in strange combinations with perfect, sharp little sentences. As a way of constructing a novel, rather than short stories (Jane Bowles and Flannery O' Connor come to mind), it is a risky procedure. But in the end this novel is more than a style; it is a style that turns itself into a world, a world of sad comedy, securely if gradually located in the distressed hearts of Enright's moving heroines, twins whose anxious solitude the reader comes to know and share. \u0095 To order What Are You Like? at the discount price of \u00a38 plus 99p p&amp;p, call the Guardian CultureShop on 0800 3166 102.",
      "charCount": "6767"
    },
    "isHosted": false,
    "pillarId": "pillar/arts",
    "pillarName": "Arts"
  },
  {
    "id": "business/2000/mar/11/executivesalaries.personalfinancenews",
    "type": "article",
    "sectionId": "business",
    "sectionName": "Business",
    "webPublicationDate": "2000-03-11T00:00:00Z",
    "webTitle": "Sainsbury sacks deputies",
    "webUrl": "https://www.theguardian.com/business/2000/mar/11/executivesalaries.personalfinancenews",
    "apiUrl": "https://content.guardianapis.com/business/2000/mar/11/executivesalaries.personalfinancenews",
    "fields": {
      "headline": "Sainsbury sacks deputies",
      "standfirst": "Payoffs could cost \u00a31.5m but City rewards 'decisive Davis' with share price rise",
      "trailText": "<p>Sir Peter Davis, the new chief executive of Sainsbury, sacked two of his key deputies yesterday in a move that could cost the supermarket group up to &#163;1.5m in payoffs. </p>",
      "byline": "Julia Finch",
      "main": "",
      "body": "<p>Sir Peter Davis, the new chief executive of Sainsbury, sacked two of his key deputies yesterday in a move that could cost the supermarket group up to \u00a31.5m in payoffs. </p> <p>Sir Peter, who moved into Sainsbury only eight days ago, asked David Bremner, managing director of the ailing chain, and stores director Kevin McCarten to leave with immediate effect. </p> <p>The City welcomed the decisive action and the shares climbed 21p, or 8.79%, to 260p, adding some \u00a3410m to the value of the group. </p> <p>Sir Peter paid tribute to the two men - but pledged to fight any claims they might make for two year's money as compensation for loss of office. </p> <p>The directors are in the middle of converting from two- year to one-year contracts, but the procedure had not been completed when Sir Peter made his move. Mr Bremner, 41, who has spent 15 years of his career with the Sainsbury group, could therefore be entitled to a payoff of up to \u00a3850,000 - twice his 1999 salary. Mr McCarten, also aged 41, earned \u00a3294,000 last year and could qualify for a \u00a3588,000 payout. </p> <p>Yesterday Sir Peter said negotiations with the two men over their payoffs were under way but that he would seek to reduce their payoffs on the grounds that they were both likely to land new jobs quickly. \"They are both exceedingly bright and young. We will argue very hard for mitigation on a two-year basis\". </p> <p>The management shake-up means that three of Sainsbury's top directors have been removed since the turn of the year. Chief executive Dino Adriano was asked to leave in January to make way for Sir Peter Davis. </p> <p>The new chief executive, who was formerly at the Pru, was widely welcomed by investors and analysts. He had spent 10 years at Sainsbury between 1976 and 1986 and at the Pru he was credited with hauling the insurer back from the abyss of pensions misselling and masterminding the development of the much-admired Egg internet bank. </p> <p>Yesterday Sir Peter, who is in line to earn \u00a312m by 2003 if he can turn the struggling com pany around, said he did not envisage any other top level sackings but that he wanted to appoint a senior executive \"to give a lot more attention\" to Sainsbury's internet expansion. </p> <p>The group, which has been suffering from under-investment in its stores and plummeting sales and profits, is lagging well behind rival Tesco on the high street and with its e-commerce plans. At the same time Asda, now owned by US group Wal-Mart, is threatening to steal its number two position in the UK grocery market. </p> <p>The new chief executive said Sainsbury was in need of strong leadership and promised to unveil his strategy to turn around the store's fading fortunes at the end of May. He added that he had just bet on his chances by buying \u00a3250,000 of Sainsbury shares. </p> <p>He said that he wanted to take hands-on control of the business. \"It is clear to me that if I am to bring about the scale and pace of change that I believe is necessary, then it requires me to take active day-to-day control of the business.\" </p> <p>He added that his decision to dismiss Mr Bremner was \"not a change of direction, just a change of driver\". He quipped: \"Maybe he should go for the British Airways job\". </p> <p>Mr McCarten was appointed marketing director of Sainsbury in 1995, but was recently shunted sideways to become stores director. Sir Peter said: \"I would not have appointed him stores director. He has many skills and is very bright, but I want someone with retail experience\". </p> <p>He has handed the job of retail director, effectively a role as his deputy, to the little-known buying director, Robin Whitbread.</p>",
      "newspaperPageNumber": "26",
      "wordcount": "633",
      "commentable": "false",
      "isPremoderated": "false",
      "lastModified": "2001-12-12T00:00:00Z",
      "newspaperEditionDate": "2000-03-11T00:00:00Z",
      "productionOffice": "UK",
      "publication": "theguardian.com",
      "shortUrl": "https://gu.com/p/346y",
      "shouldHideAdverts": "false",
      "showInRelatedContent": "true",
      "legallySensitive": "false",
      "lang": "en",
      "bodyText": "Sir Peter Davis, the new chief executive of Sainsbury, sacked two of his key deputies yesterday in a move that could cost the supermarket group up to \u00a31.5m in payoffs. Sir Peter, who moved into Sainsbury only eight days ago, asked David Bremner, managing director of the ailing chain, and stores director Kevin McCarten to leave with immediate effect. The City welcomed the decisive action and the shares climbed 21p, or 8.79%, to 260p, adding some \u00a3410m to the value of the group. Sir Peter paid tribute to the two men - but pledged to fight any claims they might make for two year's money as compensation for loss of office. The directors are in the middle of converting from two- year to one-year contracts, but the procedure had not been completed when Sir Peter made his move. Mr Bremner, 41, who has spent 15 years of his career with the Sainsbury group, could therefore be entitled to a payoff of up to \u00a3850,000 - twice his 1999 salary. Mr McCarten, also aged 41, earned \u00a3294,000 last year and could qualify for a \u00a3588,000 payout. Yesterday Sir Peter said negotiations with the two men over their payoffs were under way but that he would seek to reduce their payoffs on the grounds that they were both likely to land new jobs quickly. \"They are both exceedingly bright and young. We will argue very hard for mitigation on a two-year basis\". The management shake-up means that three of Sainsbury's top directors have been removed since the turn of the year. Chief executive Dino Adriano was asked to leave in January to make way for Sir Peter Davis. The new chief executive, who was formerly at the Pru, was widely welcomed by investors and analysts. He had spent 10 years at Sainsbury between 1976 and 1986 and at the Pru he was credited with hauling the insurer back from the abyss of pensions misselling and masterminding the development of the much-admired Egg internet bank. Yesterday Sir Peter, who is in line to earn \u00a312m by 2003 if he can turn the struggling com pany around, said he did not envisage any other top level sackings but that he wanted to appoint a senior executive \"to give a lot more attention\" to Sainsbury's internet expansion. The group, which has been suffering from under-investment in its stores and plummeting sales and profits, is lagging well behind rival Tesco on the high street and with its e-commerce plans. At the same time Asda, now owned by US group Wal-Mart, is threatening to steal its number two position in the UK grocery market. The new chief executive said Sainsbury was in need of strong leadership and promised to unveil his strategy to turn around the store's fading fortunes at the end of May. He added that he had just bet on his chances by buying \u00a3250,000 of Sainsbury shares. He said that he wanted to take hands-on control of the business. \"It is clear to me that if I am to bring about the scale and pace of change that I believe is necessary, then it requires me to take active day-to-day control of the business.\" He added that his decision to dismiss Mr Bremner was \"not a change of direction, just a change of driver\". He quipped: \"Maybe he should go for the British Airways job\". Mr McCarten was appointed marketing director of Sainsbury in 1995, but was recently shunted sideways to become stores director. Sir Peter said: \"I would not have appointed him stores director. He has many skills and is very bright, but I want someone with retail experience\". He has handed the job of retail director, effectively a role as his deputy, to the little-known buying director, Robin Whitbread.",
      "charCount": "3550"
    },
    "isHosted": false,
    "pillarId": "pillar/news",
    "pillarName": "News"
  }
]