[
  {
    "id": "football/2000/oct/27/newsstory.sport4",
    "type": "article",
    "sectionId": "football",
    "sectionName": "Football",
    "webPublicationDate": "2000-10-27T22:03:32Z",
    "webTitle": "Spurs struggle to keep Sol",
    "webUrl": "https://www.theguardian.com/football/2000/oct/27/newsstory.sport4",
    "apiUrl": "https://content.guardianapis.com/football/2000/oct/27/newsstory.sport4",
    "fields": {
      "headline": "Spurs struggle to keep Sol",
      "trailText": "<p>Name your price, Campbell is told</p>",
      "byline": "Rob Griffin",
      "main": "",
      "body": "<p>Tottenham Hotspur are willing to make Sol Campbell one of the Premier League's highest-paid players but fear it may still not be enough to prevent him leaving at the end of this season under the Bosman ruling. </p> <p>The club are talking to the England defender \"at every opportunity\" and have effectively told him to name his price in their efforts to keep him at White Hart Lane. </p> <p>\"If Sol leaves here it won't be because we haven't offered him enough,\" John Sedgwick, the club's finance director, said yesterday. \"We will do everything in our power to keep him at the club as he is Mr Tottenham Hotspur, but we have got to accept he might decide to go. He might be motivated by a new challenge.\" </p> <p>Tottenham are also considering taking the Football Association to court as their chairman Alan Sugar continues his fight to have a \u00a3150,000 fine wiped out. The London club were hit with the punishment after a mass on-field brawl during a game at Leeds last season. \"We don't accept the fine and are looking at ways to challenge it,\" Sedgwick said. \"That could include a civil action.\" </p> <p>The FA rejected a Spurs appeal in the summer but, after Tottenham Hotspur plc announced a slight fall in their annual pre-tax profits, the club revealed they were now considering civil action. </p> <p>Yesterday's announcements followed the news that Spurs spent three times more money buying players than selling them last year. </p> <p>During a poor season, which saw early exits from the Uefa, FA and Worthington Cup competitions, along with a mid-table finish, the club spent \u00a323.4m on new recruits, including \u00a311m for the Ukrainian international striker Sergei Rebrov and \u00a35m on Ben Thatcher. But only \u00a37m was recouped by player sales, including \u00a33m from David Ginola's transfer to Aston Villa, while the wages bill soared 21% to \u00a326.2m. </p> <p>Fifa took a step closer to resolving the transfer debacle yesterday with the announcement that they have drawn up a list of proposed changes to the current system. After an exhaustive two-month cycle of discussions and negotiations, the six-man transfer task force will present its conclusions to the Fifa president Sepp Blatter tomorrow before they are handed on to the European Commission in Brussels next week. </p> <p>The Scottish Premier League has backed Arthur Numan's efforts to overturn his Champions League red card. The Dutchman is set to miss the crucial showdown against Monaco at Ibrox in a fortnight after being dismissed at Sturm Graz on Wednesday night. </p> <p>Numan was incensed by his first yellow card. Antonio Lopez booked him for re- entering the field of play late in a 2-0 defeat though he had appeared to wave the player back on to the field. Television appeared to support the Dutch international's claims. </p> <p>\"If I have to go to Switzerland and speak I will,\" Numan said. \"If the referee is honest he will look at what he has done and change his mind. It will be terrible if I miss the Monaco game because of this.\"</p>",
      "newspaperPageNumber": "37",
      "wordcount": "508",
      "commentable": "false",
      "isPremoderated": "false",
      "lastModified": "2017-02-20T22:24:31Z",
      "newspaperEditionDate": "2000-10-27T00:00:00Z",
      "productionOffice": "UK",
      "publication": "theguardian.com",
      "shortUrl": "https://gu.com/p/x4jtb",
      "shouldHideAdverts": "false",
      "showInRelatedContent": "true",
      "legallySensitive": "false",
      "lang": "en",
      "bodyText": "Tottenham Hotspur are willing to make Sol Campbell one of the Premier League's highest-paid players but fear it may still not be enough to prevent him leaving at the end of this season under the Bosman ruling. The club are talking to the England defender \"at every opportunity\" and have effectively told him to name his price in their efforts to keep him at White Hart Lane. \"If Sol leaves here it won't be because we haven't offered him enough,\" John Sedgwick, the club's finance director, said yesterday. \"We will do everything in our power to keep him at the club as he is Mr Tottenham Hotspur, but we have got to accept he might decide to go. He might be motivated by a new challenge.\" Tottenham are also considering taking the Football Association to court as their chairman Alan Sugar continues his fight to have a \u00a3150,000 fine wiped out. The London club were hit with the punishment after a mass on-field brawl during a game at Leeds last season. \"We don't accept the fine and are looking at ways to challenge it,\" Sedgwick said. \"That could include a civil action.\" The FA rejected a Spurs appeal in the summer but, after Tottenham Hotspur plc announced a slight fall in their annual pre-tax profits, the club revealed they were now considering civil action. Yesterday's announcements followed the news that Spurs spent three times more money buying players than selling them last year. During a poor season, which saw early exits from the Uefa, FA and Worthington Cup competitions, along with a mid-table finish, the club spent \u00a323.4m on new recruits, including \u00a311m for the Ukrainian international striker Sergei Rebrov and \u00a35m on Ben Thatcher. But only \u00a37m was recouped by player sales, including \u00a33m from David Ginola's transfer to Aston Villa, while the wages bill soared 21% to \u00a326.2m. Fifa took a step closer to resolving the transfer debacle yesterday with the announcement that they have drawn up a list of proposed changes to the current system. After an exhaustive two-month cycle of discussions and negotiations, the six-man transfer task force will present its conclusions to the Fifa president Sepp Blatter tomorrow before they are handed on to the European Commission in Brussels next week. The Scottish Premier League has backed Arthur Numan's efforts to overturn his Champions League red card. The Dutchman is set to miss the crucial showdown against Monaco at Ibrox in a fortnight after being dismissed at Sturm Graz on Wednesday night. Numan was incensed by his first yellow card. Antonio Lopez booked him for re- entering the field of play late in a 2-0 defeat though he had appeared to wave the player back on to the field. Television appeared to support the Dutch international's claims. \"If I have to go to Switzerland and speak I will,\" Numan said. \"If the referee is honest he will look at what he has done and change his mind. It will be terrible if I miss the Monaco game because of this.\"",
      "charCount": "2925"
    },
    "isHosted": false,
    "pillarId": "pillar/sport",
    "pillarName": "Sport"
  },
  {
    "id": "lifeandstyle/2000/oct/27/fashion2",
    "type": "article",
    "sectionId": "fashion",
    "sectionName": "Fashion",
    "webPublicationDate": "2000-10-27T10:25:56Z",
    "webTitle": "Overexposed...",
    "webUrl": "https://www.theguardian.com/lifeandstyle/2000/oct/27/fashion2",
    "apiUrl": "https://content.guardianapis.com/lifeandstyle/2000/oct/27/fashion2",
    "fields": {
      "headline": "Overexposed...",
      "standfirst": "...over-expensive moisturisers",
      "trailText": "<p>...over-expensive moisturisers</p>",
      "byline": "Hadley Freeman",
      "main": "",
      "body": "<p>Are a few wrinkles so terrible? Is the appearance of youth now the only appearance to have? Oh, darling, do you even need to ask? Forget about winning five gold medals or running eight miles in five seconds. The real record on everyone's minds is who can make the most expensive moisturiser. So Anita Roddick's minor hissy fit last week over anti-wrinkle cream was actually irrelevant: for the true beauty devotee, never mind the wrinkle cream, pass the \u00a31,000 pot of moisturiser. </p> <p>Yes, yes, we all know we are in the cult of youth at the moment. A model is mature if she is beyond puberty, the average age of a singer on Top of the Pops is 10. Most disheartening of all, rather than laughing indulgently at these plush pots, far too many of us are tripping over in puddles of our own drool as we clamour after the latest, and most pricey, jar of eternal youth. </p> <p>These pots of promise reflect, literally, the price you put on yourself. Are you an Oil of Olay fan? You high street cheapskate. Does Cr\u00e8me de la Mer adorn your bathroom sink? You are a glamour puss with oodles of self-respect, or so the beauty industry insinuates. </p> <p>Queen of the beauty castle is still Cr\u00e8me de la Mer, beloved by beautiful faces such as Jennifer Lopez and Stella McCartney. But if that's not exclusive enough for you, there is Sisle\u00ffa by Sisley, with its extracts of shiitake (aka mushrooms) or Cl\u00e9 de Peau Beaut\u00e9 La Cr\u00e8me, launched this month. If you love your beluga caviar, but can't fit enough of it in your tummy, smear it on your face with La Prairie Skin Caviar Luxe Cream. </p> <p>You may feel ultra-glam rubbing these concoctions into your valued complexion morning and night, but will you still be able to afford the mirror to watch your- self doing so? Luxurious they may be, overpriced they are for sure.</p>",
      "newspaperPageNumber": "9",
      "wordcount": "328",
      "commentable": "false",
      "isPremoderated": "false",
      "lastModified": "2018-07-02T14:39:52Z",
      "newspaperEditionDate": "2000-10-27T00:00:00Z",
      "productionOffice": "UK",
      "publication": "theguardian.com",
      "shortUrl": "https://gu.com/p/xe7hm",
      "shouldHideAdverts": "false",
      "showInRelatedContent": "true",
      "legallySensitive": "false",
      "lang": "en",
      "bodyText": "Are a few wrinkles so terrible? Is the appearance of youth now the only appearance to have? Oh, darling, do you even need to ask? Forget about winning five gold medals or running eight miles in five seconds. The real record on everyone's minds is who can make the most expensive moisturiser. So Anita Roddick's minor hissy fit last week over anti-wrinkle cream was actually irrelevant: for the true beauty devotee, never mind the wrinkle cream, pass the \u00a31,000 pot of moisturiser. Yes, yes, we all know we are in the cult of youth at the moment. A model is mature if she is beyond puberty, the average age of a singer on Top of the Pops is 10. Most disheartening of all, rather than laughing indulgently at these plush pots, far too many of us are tripping over in puddles of our own drool as we clamour after the latest, and most pricey, jar of eternal youth. These pots of promise reflect, literally, the price you put on yourself. Are you an Oil of Olay fan? You high street cheapskate. Does Cr\u00e8me de la Mer adorn your bathroom sink? You are a glamour puss with oodles of self-respect, or so the beauty industry insinuates. Queen of the beauty castle is still Cr\u00e8me de la Mer, beloved by beautiful faces such as Jennifer Lopez and Stella McCartney. But if that's not exclusive enough for you, there is Sisle\u00ffa by Sisley, with its extracts of shiitake (aka mushrooms) or Cl\u00e9 de Peau Beaut\u00e9 La Cr\u00e8me, launched this month. If you love your beluga caviar, but can't fit enough of it in your tummy, smear it on your face with La Prairie Skin Caviar Luxe Cream. You may feel ultra-glam rubbing these concoctions into your valued complexion morning and night, but will you still be able to afford the mirror to watch your- self doing so? Luxurious they may be, overpriced they are for sure.",
      "charCount": "1786"
    },
    "isHosted": false,
    "pillarId": "pillar/lifestyle",
    "pillarName": "Lifestyle"
  },
  {
    "id": "media/2000/oct/27/broadcasting.city",
    "type": "article",
    "sectionId": "media",
    "sectionName": "Media",
    "webPublicationDate": "2000-10-27T07:20:57Z",
    "webTitle": "NTL aim raises taxing question",
    "webUrl": "https://www.theguardian.com/media/2000/oct/27/broadcasting.city",
    "apiUrl": "https://content.guardianapis.com/media/2000/oct/27/broadcasting.city",
    "fields": {
      "headline": "NTL aim raises taxing question",
      "trailText": "<p>Footsie label must come with a price tag.</p>",
      "main": "",
      "body": "<p>NTL, the cable company and broadcaster run by the energetic Barclay Knapp, is a British company in all but registration. Just about all of its cables run under our streets, the leaflets offering this or that telephone and digital TV package are stuffed through British front doors. And, until last week, NTL wanted to screen a good portion of the country's Premiership football. </p> <p>Its headquarters are here and the core of its business message is all about using its experience in the deregulated British telephony market to expand across Europe. </p> <p>It is no surprise then that Mr Knapp would like to see his firm ranked as a member of the FTSE 100 index. NTL's current market capitalisation of \u00a311bn would, for example, put it way ahead of the premier ITV broadcaster, Granada Media. </p> <p>The only problem is that NTL is an American company by registration - and a Delaware-registered one at that. It is listed on the Nasdaq exchange. While the London Stock Exchange is happy to see Delaware firms listed on the London market, Footsie status, as decided by the FTSE International constituents committee, is another matter. </p> <p>To qualify for the top 100, a company has to be British-registered, following London rules on corporate disclosure and the like, and paying British taxes. In past years, the determination of the indices committee to stick with this rule has driven company's such as Ireland's Jefferson Smurfit quite mad. </p> <p>In NTL's case, Mr Knapp is ruling out a move in registration to the UK because this would trigger all sorts of tax payments not necessary in the temperate fiscal climate of Delaware. But he is sure that Britain's indices committee will see sense and amend their rules. Talks are under way. </p> <p>This is a tricky one for FTSE International. The London Stock Exchange has come over all international in the wake of its failed merger with Deutsche B\u00f6rse, and it needs all the help it can get from the indices body as it tries to expand. </p> <p>For many businesses there is little reason to list in London unless money from big investors follows - something that Footsie inclusion guarantees. Also, taking a firm like NTL away from Nasdaq would amount to a sizeable coup for the LSE, helping to build its fragile confidence. </p> <p>But changing the index rules is fraught with danger. Opening the door to NTL risks inviting applications from all and sundry, registered in exotic havens that even make the strange eastern state of Delaware seem high-buttoned when it comes to business probity. </p> <p>More importantly, there is a risk that such a move would be seen as an invitation to current members of the Footsie to move their own tax domicile elsewhere while retaining British blue chip status - costing the chancellor billions in the process. </p> <p>There are strong arguments for reforming the Footsie and its relatives. It is a good-quality, global brand which should be used to bolster London's position. </p> <p>But in the case of NTL there is a clear case for telling Mr Knapp that, if he wants to call himself a Footsie chief executive and enjoy the name recognition for his company that goes with top 100 status, the firm should pay the resultant tax bill. After all, businesses owe a duty to the societies into which they sell their products. </p> <p><strong> Taking exception </strong><br> </p> <p> Trade and industry secretary Stephen Byers is really, really determined to avoid any suggestions of political interference in mergers and takeovers. </p> <p>In yet another announcement about his intention to give John Vickers, the new office of fair trading director general, space to do his job, Mr Byers yesterday said he would only get involved in \"exceptional circumstances\". By way of example, he suggested these might include mergers which raised issues of national security or where unusual circumstances occur after the director general has offered his \"advice\". </p> <p>In fact, Mr Byers is so determined to keep himself at arm's length that as of yesterday he relieved himself of powers to overrule the director general, except, of course, in those indefinable \"exceptional circumstances\". </p> <p>New legislation is needed before the changes can take place officially. </p> <p>Mr Byers is also replacing the current \"public interest test\" with a pure \"competition-based test\". He also wants to tighten up the timetable for investigations by the competition authorities. </p> <p>It might sound technical, but issues of competition affect consumers. Competition, Mr Byers is fond of saying, is an incentive for businesses to be dynamic and innovative and in the process help UK plc prosper. </p> <p>An excellent goal, no doubt. But just how long it will be before Mr Byers (or his successor) reaches for those \"exceptional circumstances\" is another matter.</p>",
      "newspaperPageNumber": "29",
      "wordcount": "779",
      "commentable": "false",
      "isPremoderated": "false",
      "lastModified": "2016-08-11T22:52:12Z",
      "newspaperEditionDate": "2000-10-27T00:00:00Z",
      "productionOffice": "UK",
      "publication": "theguardian.com",
      "shortUrl": "https://gu.com/p/3h76",
      "shouldHideAdverts": "false",
      "showInRelatedContent": "true",
      "legallySensitive": "false",
      "lang": "en",
      "bodyText": "NTL, the cable company and broadcaster run by the energetic Barclay Knapp, is a British company in all but registration. Just about all of its cables run under our streets, the leaflets offering this or that telephone and digital TV package are stuffed through British front doors. And, until last week, NTL wanted to screen a good portion of the country's Premiership football. Its headquarters are here and the core of its business message is all about using its experience in the deregulated British telephony market to expand across Europe. It is no surprise then that Mr Knapp would like to see his firm ranked as a member of the FTSE 100 index. NTL's current market capitalisation of \u00a311bn would, for example, put it way ahead of the premier ITV broadcaster, Granada Media. The only problem is that NTL is an American company by registration - and a Delaware-registered one at that. It is listed on the Nasdaq exchange. While the London Stock Exchange is happy to see Delaware firms listed on the London market, Footsie status, as decided by the FTSE International constituents committee, is another matter. To qualify for the top 100, a company has to be British-registered, following London rules on corporate disclosure and the like, and paying British taxes. In past years, the determination of the indices committee to stick with this rule has driven company's such as Ireland's Jefferson Smurfit quite mad. In NTL's case, Mr Knapp is ruling out a move in registration to the UK because this would trigger all sorts of tax payments not necessary in the temperate fiscal climate of Delaware. But he is sure that Britain's indices committee will see sense and amend their rules. Talks are under way. This is a tricky one for FTSE International. The London Stock Exchange has come over all international in the wake of its failed merger with Deutsche B\u00f6rse, and it needs all the help it can get from the indices body as it tries to expand. For many businesses there is little reason to list in London unless money from big investors follows - something that Footsie inclusion guarantees. Also, taking a firm like NTL away from Nasdaq would amount to a sizeable coup for the LSE, helping to build its fragile confidence. But changing the index rules is fraught with danger. Opening the door to NTL risks inviting applications from all and sundry, registered in exotic havens that even make the strange eastern state of Delaware seem high-buttoned when it comes to business probity. More importantly, there is a risk that such a move would be seen as an invitation to current members of the Footsie to move their own tax domicile elsewhere while retaining British blue chip status - costing the chancellor billions in the process. There are strong arguments for reforming the Footsie and its relatives. It is a good-quality, global brand which should be used to bolster London's position. But in the case of NTL there is a clear case for telling Mr Knapp that, if he wants to call himself a Footsie chief executive and enjoy the name recognition for his company that goes with top 100 status, the firm should pay the resultant tax bill. After all, businesses owe a duty to the societies into which they sell their products. Taking exception Trade and industry secretary Stephen Byers is really, really determined to avoid any suggestions of political interference in mergers and takeovers. In yet another announcement about his intention to give John Vickers, the new office of fair trading director general, space to do his job, Mr Byers yesterday said he would only get involved in \"exceptional circumstances\". By way of example, he suggested these might include mergers which raised issues of national security or where unusual circumstances occur after the director general has offered his \"advice\". In fact, Mr Byers is so determined to keep himself at arm's length that as of yesterday he relieved himself of powers to overrule the director general, except, of course, in those indefinable \"exceptional circumstances\". New legislation is needed before the changes can take place officially. Mr Byers is also replacing the current \"public interest test\" with a pure \"competition-based test\". He also wants to tighten up the timetable for investigations by the competition authorities. It might sound technical, but issues of competition affect consumers. Competition, Mr Byers is fond of saying, is an incentive for businesses to be dynamic and innovative and in the process help UK plc prosper. An excellent goal, no doubt. But just how long it will be before Mr Byers (or his successor) reaches for those \"exceptional circumstances\" is another matter.",
      "charCount": "4664"
    },
    "isHosted": false,
    "pillarId": "pillar/news",
    "pillarName": "News"
  },
  {
    "id": "business/2000/oct/27/3",
    "type": "article",
    "sectionId": "business",
    "sectionName": "Business",
    "webPublicationDate": "2000-10-27T01:38:17Z",
    "webTitle": "Share buyback call rejected by Pilkington",
    "webUrl": "https://www.theguardian.com/business/2000/oct/27/3",
    "apiUrl": "https://content.guardianapis.com/business/2000/oct/27/3",
    "fields": {
      "headline": "Share buyback call rejected by Pilkington",
      "trailText": "<p>Pilkington, Britain's largest glass manufacturer, yesterday rejected a call from one of its largest shareholders for a share buyback to boost its ailing share price. </p>",
      "byline": "Nicholas Bannister, chief business correspondent",
      "main": "",
      "body": "<p>Pilkington, Britain's largest glass manufacturer, yesterday rejected a call from one of its largest shareholders for a share buyback to boost its ailing share price. </p> <p>UK Active Value, which owns 5% of the St Helens-based glassmaker, wants the board to use its existing authority to buy back shares to boost investor returns. </p> <p>The combative investment fund, run by Julian Treger and Brian Myerson, seeks to shake up underperforming businesses. </p> <p>It has told the Pilkington directors it intends to seek other shareholders' support for a move to buy back shares. </p> <p>But Pilkington's chairman, Nigel Rudd, said: \"It is not our intention to use this authority at the present time but we will always examine any proposal designed to ensure that the share price more accurately reflects the improved position of the business.\" </p> <p>Finance director Andrew Robb said that the group, which yesterday announced a 31% rise in first-half earnings, had other investment opportunities. These included the possible purchase of the glass business of Visteon, Ford's components company. </p> <p>Pilkington is also taking over full ownership of its Polish float glass operation, which it said would add up to \u00a34m in operating profit every year. </p> <p>On top of that Pilkington's Cebrace, a joint venture with French rival Saint Gobain, is setting up a fourth float glass plant in Brazil due to start operating by the end of 2002. </p> <p>The increase in profits reported yesterday was helped by improved glass prices and growth in its building and automotive units. Pilkington said it expected further growth in the second half of the year. </p> <p>Merrill Lynch analyst Mark Hake said in the light of the results he was raising his forecasts for full year pre-tax profits to \u00a3225m from a previous estimate of \u00a3215m. </p> <p>The recent decline in Pilkington's share price came after American rival PPG Industries issued a profit warning last month - although some analysts said that PPG's problems had originated in its non-glass operations, and it was therefore an inappropriate comparison for Pilkington.</p>",
      "newspaperPageNumber": "31",
      "wordcount": "330",
      "commentable": "false",
      "isPremoderated": "false",
      "lastModified": "2000-10-27T01:38:17Z",
      "newspaperEditionDate": "2000-10-27T00:00:00Z",
      "productionOffice": "UK",
      "publication": "theguardian.com",
      "shortUrl": "https://gu.com/p/3h7p",
      "shouldHideAdverts": "false",
      "showInRelatedContent": "true",
      "legallySensitive": "false",
      "lang": "en",
      "bodyText": "Pilkington, Britain's largest glass manufacturer, yesterday rejected a call from one of its largest shareholders for a share buyback to boost its ailing share price. UK Active Value, which owns 5% of the St Helens-based glassmaker, wants the board to use its existing authority to buy back shares to boost investor returns. The combative investment fund, run by Julian Treger and Brian Myerson, seeks to shake up underperforming businesses. It has told the Pilkington directors it intends to seek other shareholders' support for a move to buy back shares. But Pilkington's chairman, Nigel Rudd, said: \"It is not our intention to use this authority at the present time but we will always examine any proposal designed to ensure that the share price more accurately reflects the improved position of the business.\" Finance director Andrew Robb said that the group, which yesterday announced a 31% rise in first-half earnings, had other investment opportunities. These included the possible purchase of the glass business of Visteon, Ford's components company. Pilkington is also taking over full ownership of its Polish float glass operation, which it said would add up to \u00a34m in operating profit every year. On top of that Pilkington's Cebrace, a joint venture with French rival Saint Gobain, is setting up a fourth float glass plant in Brazil due to start operating by the end of 2002. The increase in profits reported yesterday was helped by improved glass prices and growth in its building and automotive units. Pilkington said it expected further growth in the second half of the year. Merrill Lynch analyst Mark Hake said in the light of the results he was raising his forecasts for full year pre-tax profits to \u00a3225m from a previous estimate of \u00a3215m. The recent decline in Pilkington's share price came after American rival PPG Industries issued a profit warning last month - although some analysts said that PPG's problems had originated in its non-glass operations, and it was therefore an inappropriate comparison for Pilkington.",
      "charCount": "2038"
    },
    "isHosted": false,
    "pillarId": "pillar/news",
    "pillarName": "News"
  },
  {
    "id": "business/2000/oct/27/7",
    "type": "article",
    "sectionId": "business",
    "sectionName": "Business",
    "webPublicationDate": "2000-10-27T01:37:54Z",
    "webTitle": "Pressure forces Cantab chief to quit",
    "webUrl": "https://www.theguardian.com/business/2000/oct/27/7",
    "apiUrl": "https://content.guardianapis.com/business/2000/oct/27/7",
    "fields": {
      "headline": "Pressure forces Cantab chief to quit",
      "trailText": "<p>Troubled biotechnology firm Cantab Pharmaceuticals has parted company with its chief executive, Jurek Sikorski, just a week after the failure of a genital warts vaccine sent its share price plummeting by two thirds. </p>",
      "byline": "Andrew Clark",
      "main": "",
      "body": "<p>Troubled biotechnology firm Cantab Pharmaceuticals has parted company with its chief executive, Jurek Sikorski, just a week after the failure of a genital warts vaccine sent its share price plummeting by two thirds. </p> <p>Mr Sikorski resigned at a board meeting yesterday, following pressure from the company's non-executive directors. Several major shareholders blame Mr Sikorski for the Cambridge-based company's failure to broaden its research pipeline through mergers or acquisitions. </p> <p>A Cantab spokesman said: \"This is a sad day for us in many respects. But looking ahead, it gives us a fresh start and an opportunity to rebuild confidence.\" </p> <p>However, Cantab immediately attracted fresh criticism by appointing controversial financier Jeremy Curnock Cook as its executive deputy chairman, with a mandate to look out for deals. </p> <p>A former manager of Rothschild's International Biotechnology Trust, Mr Curnock Cook became embroiled in a share dealing scandal over the summer. It emerged that he had been awarded share options worth more than $750,000 (\u00a3530,000) in several companies in which IBT had invested. </p> <p>One major investor in Cantab said: \"I'm not sure the market will view this as a positive step. Mr Curnock Cook comes with a strange reputation if you look at his history.\" </p> <p>Mr Curnock Cook has served as a non-executive director on Cantab's board for 10 years. The company said Nick Hart, its chief operating officer, would become acting chief executive. </p> <p>The firm has asked Credit Suisse First Boston to conduct a \"strategic review\", which will examine the option of selling the business. Takeover talks with a rival vaccine specialist, Peptide Therapeutics, collapsed last month.</p>",
      "newspaperPageNumber": "28",
      "wordcount": "263",
      "commentable": "false",
      "isPremoderated": "false",
      "lastModified": "2000-10-27T01:37:54Z",
      "newspaperEditionDate": "2000-10-27T00:00:00Z",
      "productionOffice": "UK",
      "publication": "theguardian.com",
      "shortUrl": "https://gu.com/p/3h7g",
      "shouldHideAdverts": "false",
      "showInRelatedContent": "true",
      "legallySensitive": "false",
      "lang": "en",
      "bodyText": "Troubled biotechnology firm Cantab Pharmaceuticals has parted company with its chief executive, Jurek Sikorski, just a week after the failure of a genital warts vaccine sent its share price plummeting by two thirds. Mr Sikorski resigned at a board meeting yesterday, following pressure from the company's non-executive directors. Several major shareholders blame Mr Sikorski for the Cambridge-based company's failure to broaden its research pipeline through mergers or acquisitions. A Cantab spokesman said: \"This is a sad day for us in many respects. But looking ahead, it gives us a fresh start and an opportunity to rebuild confidence.\" However, Cantab immediately attracted fresh criticism by appointing controversial financier Jeremy Curnock Cook as its executive deputy chairman, with a mandate to look out for deals. A former manager of Rothschild's International Biotechnology Trust, Mr Curnock Cook became embroiled in a share dealing scandal over the summer. It emerged that he had been awarded share options worth more than $750,000 (\u00a3530,000) in several companies in which IBT had invested. One major investor in Cantab said: \"I'm not sure the market will view this as a positive step. Mr Curnock Cook comes with a strange reputation if you look at his history.\" Mr Curnock Cook has served as a non-executive director on Cantab's board for 10 years. The company said Nick Hart, its chief operating officer, would become acting chief executive. The firm has asked Credit Suisse First Boston to conduct a \"strategic review\", which will examine the option of selling the business. Takeover talks with a rival vaccine specialist, Peptide Therapeutics, collapsed last month.",
      "charCount": "1681"
    },
    "isHosted": false,
    "pillarId": "pillar/news",
    "pillarName": "News"
  },
  {
    "id": "business/2000/oct/27/8",
    "type": "article",
    "sectionId": "business",
    "sectionName": "Business",
    "webPublicationDate": "2000-10-27T01:37:54Z",
    "webTitle": "City briefing",
    "webUrl": "https://www.theguardian.com/business/2000/oct/27/8",
    "apiUrl": "https://content.guardianapis.com/business/2000/oct/27/8",
    "fields": {
      "headline": "City briefing",
      "trailText": "<p><strong> SEC launches Amazon inquiry</strong><br /> </p>",
      "main": "",
      "body": "<p><strong> SEC launches Amazon inquiry</strong><br> </p> <p>The US Securities and Exchange Commission has begun an \"informal\" investigation into accounting practices at Amazon.com, the internet bookseller, according to a report last night on the Wall Street Journal's website. </p> <p>The commission is asking questions about the way in which the company has valued shares from partner companies, often received in return for advertising on its home page. Some equity deals have been with private enterprises which have no public share price. </p> <p>A spokesman for Amazon.com was reported to have described the inquiry as \"normal\" and insisted that the firm had stuck to \"generally accepted accounting practices\". </p> <p><strong> US debt relief deal comes in</strong><br> </p> <p> Britain welcomed news yesterday that Bill Clinton has won backing from Congress to pay America's $435m (\u00a3303m) contribution towards global debt relief efforts. </p> <p>Failure by the US to stump up its share of the costs threatened to endanger the flagship plan to relieve the debts of the poorest countries. </p> <p>\"I am relieved and delighted that Congress has at last recognised that debt relief for the poorest countries is essential to tackling poverty,\" said Clare Short, the international development secretary. \"I hope this means Congress will give increasing support to other international development efforts.\" </p> <p><strong> Oil predicted at $10 a barrel </strong><br> </p> <p>The price of oil could crash to $10 a barrel by the end of 2001, former Saudi Arabian oil minister Sheik Ahmed Zaki Yamani is expected to announce next week. </p> <p>The price of crude oil has soared in recent weeks amid rising tension in the Middle East and fears about disruption to supplies, breaking the $35 a barrel level. Yesterday Brent crude oil for delivery in December was trading at around \u00a332.10 a barrel. </p> <p><strong> Yorkshire Bank fined \u00a3100,000</strong><br> </p> <p>Yorkshire Bank has been fined \u00a3100,000 by the investment management regulatory organisation for breach of regulatory rules relating to its PEP. Imro also demanded costs of \u00a355,000. </p> <p>The breaches, which took place between December 1996 and June 1999, concern the bank's failure to complete customer asset reconciliations, failure to keep records and failures in internal organisation and control, Imro said.</p> <p><strong> MP confirms aid for Nissan</strong><br> </p> <p>Britain will give Nissan state aid to make its new Micra model in north-east England if the EC gives permission for the help, a minister said yesterday. </p> <p>Parliamentary undersecretary Alan Johnson said the government had offered Nissan aid in an effort to secure the Micra project for Sunderland, but that it was subject to EC approval. He did not say how much had been offered.</p>",
      "newspaperPageNumber": "28",
      "wordcount": "421",
      "commentable": "false",
      "isPremoderated": "false",
      "lastModified": "2000-10-27T01:37:54Z",
      "newspaperEditionDate": "2000-10-27T00:00:00Z",
      "productionOffice": "UK",
      "publication": "theguardian.com",
      "shortUrl": "https://gu.com/p/3h7f",
      "shouldHideAdverts": "false",
      "showInRelatedContent": "true",
      "legallySensitive": "false",
      "lang": "en",
      "bodyText": "SEC launches Amazon inquiry The US Securities and Exchange Commission has begun an \"informal\" investigation into accounting practices at Amazon.com, the internet bookseller, according to a report last night on the Wall Street Journal's website. The commission is asking questions about the way in which the company has valued shares from partner companies, often received in return for advertising on its home page. Some equity deals have been with private enterprises which have no public share price. A spokesman for Amazon.com was reported to have described the inquiry as \"normal\" and insisted that the firm had stuck to \"generally accepted accounting practices\". US debt relief deal comes in Britain welcomed news yesterday that Bill Clinton has won backing from Congress to pay America's $435m (\u00a3303m) contribution towards global debt relief efforts. Failure by the US to stump up its share of the costs threatened to endanger the flagship plan to relieve the debts of the poorest countries. \"I am relieved and delighted that Congress has at last recognised that debt relief for the poorest countries is essential to tackling poverty,\" said Clare Short, the international development secretary. \"I hope this means Congress will give increasing support to other international development efforts.\" Oil predicted at $10 a barrel The price of oil could crash to $10 a barrel by the end of 2001, former Saudi Arabian oil minister Sheik Ahmed Zaki Yamani is expected to announce next week. The price of crude oil has soared in recent weeks amid rising tension in the Middle East and fears about disruption to supplies, breaking the $35 a barrel level. Yesterday Brent crude oil for delivery in December was trading at around \u00a332.10 a barrel. Yorkshire Bank fined \u00a3100,000 Yorkshire Bank has been fined \u00a3100,000 by the investment management regulatory organisation for breach of regulatory rules relating to its PEP. Imro also demanded costs of \u00a355,000. The breaches, which took place between December 1996 and June 1999, concern the bank's failure to complete customer asset reconciliations, failure to keep records and failures in internal organisation and control, Imro said. MP confirms aid for Nissan Britain will give Nissan state aid to make its new Micra model in north-east England if the EC gives permission for the help, a minister said yesterday. Parliamentary undersecretary Alan Johnson said the government had offered Nissan aid in an effort to secure the Micra project for Sunderland, but that it was subject to EC approval. He did not say how much had been offered.",
      "charCount": "2582"
    },
    "isHosted": false,
    "pillarId": "pillar/news",
    "pillarName": "News"
  },
  {
    "id": "business/2000/oct/27/11",
    "type": "article",
    "sectionId": "business",
    "sectionName": "Business",
    "webPublicationDate": "2000-10-27T01:37:52Z",
    "webTitle": "Business: At this price? BG",
    "webUrl": "https://www.theguardian.com/business/2000/oct/27/11",
    "apiUrl": "https://content.guardianapis.com/business/2000/oct/27/11",
    "fields": {
      "headline": "At this price? BG",
      "trailText": "<p>Sids who are pondering what to do with shares in BG may have reason to be confused. </p>",
      "byline": "Jill Treanor",
      "main": "",
      "body": "<p>Sids who are pondering what to do with shares in BG may have reason to be confused. </p> <p>The millions who snapped up shares in privatised British Gas have watched the group endure a number of reinventions of late. First, it split off its retail business Centrica, then this week it divorced Transco - renaming it Lattice - from its international gas business, which is retaining the BG name. </p> <p>This means that the Sids who purchased gas shares at privatisation could now be holding shares in Centrica, Lattice and the remaining BG. Sids may be even more confused by the fact that the BG shares were trading at 400p before the latest split. </p> <p>Yesterday, interest focused on BG, cited as a target for a number of international gas groups with Shell's name repeatedly in the frame. </p> <p>Analysts were wary yesterday of dismissing the speculation out of hand. One said: \"You just can never say never. BG is actually attractive to oil majors, not just to Shell\". </p> <p>For BG, the bid rumours are good news; the shares powered ahead to 303p at one stage before settling at 293p, up 7p on the day. The bid talk will give a premium to the shares, which the analysts at Dresdner Kleinwort Benson had reckoned should trade at 310p without taking account of a bid. </p> <p>This level of 310p is based on the Kleinwort analysts' view that BG is itself a substantial business with similar cost structure to the oil majors. They also point out that its targeted growth of 16% would allow it to outpace the oil groups. </p> <p>Kleinwort says the shares would be priced fairly at just 275p if the group was excluded from a similar rating to the oil groups. For the Sids who find the remaining BG irresistible, buying the shares at this price may be worth considering as a bidder may have to stump up as much as 350p a share to win. </p> <p>But the risk is that a bidder might fail to show its hand. In which case, the levels at which the stock is trading seem unlikely to rise.</p>",
      "newspaperPageNumber": "32",
      "wordcount": "351",
      "commentable": "false",
      "isPremoderated": "false",
      "lastModified": "2000-10-27T01:37:52Z",
      "newspaperEditionDate": "2000-10-27T00:00:00Z",
      "productionOffice": "UK",
      "publication": "theguardian.com",
      "shortUrl": "https://gu.com/p/3h79",
      "shouldHideAdverts": "false",
      "showInRelatedContent": "true",
      "legallySensitive": "false",
      "lang": "en",
      "bodyText": "Sids who are pondering what to do with shares in BG may have reason to be confused. The millions who snapped up shares in privatised British Gas have watched the group endure a number of reinventions of late. First, it split off its retail business Centrica, then this week it divorced Transco - renaming it Lattice - from its international gas business, which is retaining the BG name. This means that the Sids who purchased gas shares at privatisation could now be holding shares in Centrica, Lattice and the remaining BG. Sids may be even more confused by the fact that the BG shares were trading at 400p before the latest split. Yesterday, interest focused on BG, cited as a target for a number of international gas groups with Shell's name repeatedly in the frame. Analysts were wary yesterday of dismissing the speculation out of hand. One said: \"You just can never say never. BG is actually attractive to oil majors, not just to Shell\". For BG, the bid rumours are good news; the shares powered ahead to 303p at one stage before settling at 293p, up 7p on the day. The bid talk will give a premium to the shares, which the analysts at Dresdner Kleinwort Benson had reckoned should trade at 310p without taking account of a bid. This level of 310p is based on the Kleinwort analysts' view that BG is itself a substantial business with similar cost structure to the oil majors. They also point out that its targeted growth of 16% would allow it to outpace the oil groups. Kleinwort says the shares would be priced fairly at just 275p if the group was excluded from a similar rating to the oil groups. For the Sids who find the remaining BG irresistible, buying the shares at this price may be worth considering as a bidder may have to stump up as much as 350p a share to win. But the risk is that a bidder might fail to show its hand. In which case, the levels at which the stock is trading seem unlikely to rise.",
      "charCount": "1918"
    },
    "isHosted": false,
    "pillarId": "pillar/news",
    "pillarName": "News"
  }
]