[
  {
    "id": "money/2000/may/13/personalfinancenews.jobsandmoney1",
    "type": "article",
    "sectionId": "money",
    "sectionName": "Money",
    "webPublicationDate": "2000-05-12T23:00:00Z",
    "webTitle": "Get a share of the Wap action",
    "webUrl": "https://www.theguardian.com/money/2000/may/13/personalfinancenews.jobsandmoney1",
    "apiUrl": "https://content.guardianapis.com/money/2000/may/13/personalfinancenews.jobsandmoney1",
    "fields": {
      "headline": "Get a share of the Wap action",
      "standfirst": "Teletext brings real-time stock price changes to the fancy phones, writes Jessica McCallin reports",
      "trailText": "<p>The Wap frenzy continues with Teletext lauching a real-time share price information service. Available through Wireless Application Protocol phones and all networks, the service gives users instant access to the prices of 3,000 of the most popular Stock Exchange-listed shares. And if the Teletext service prompts you to buy or sell certain shares, online stockbroker Charles Schwab Europe (<a href=\"http://www.schwab-europe.com\">www.schwab-europe.com</a>) says its new commission structure will save you money. The company says that, from June 12, the minimum commission for an internet trade will be reduced from &#163;15 to &#163;12. Bigger trades are promised savings of up to 40%. </p>",
      "byline": "Jessica McCallin",
      "main": "",
      "body": "<p>The Wap frenzy continues with Teletext lauching a real-time share price information service. Available through Wireless Application Protocol phones and all networks, the service gives users instant access to the prices of 3,000 of the most popular Stock Exchange-listed shares. And if the Teletext service prompts you to buy or sell certain shares, online stockbroker Charles Schwab Europe (<a href=\"http://www.schwab-europe.com\">www.schwab-europe.com</a>) says its new commission structure will save you money. The company says that, from June 12, the minimum commission for an internet trade will be reduced from \u00a315 to \u00a312. Bigger trades are promised savings of up to 40%. </p> <p>Savings-seekers will be encouraged by a service from moneysupermarket.com (<a href=\"http://www.moneysupermarket.com\">www.moneysupermarket.com</a>). The personal finance website has developed \"Rate Alert\", an e-mail service which aims to inform you of new market-leading rates for credit cards, personal loans and mortgages as soon as they hit the market. If telenet mortgage seller Promise's (<a href=\"http://www.promise.co.uk\">www.promise.co.uk</a>) new base rate tracker mortgage is deemed a market beater, then presumably it will be found through the e-mail service. The CAT standard base rate tracker is set at 0.5% above base for the life of the mortgage and has no redemption penalties at any time. </p> <p>In keeping with its name, Promise also promises to take the stress out of the mortgage application process. Its new online and telephone mortgage service says it will give you an answer within 15 minutes without need to fill in forms. Oh, and customers can track the progress of their mortgage on the web. Of course the mortgage is only half of the home-moving equation. Finding a suitable property is essential as well. CGU hopes to make this easier with its new home-moving portal asserta home (<a href=\"http://www.assertahome.com\">www.assertahome.com</a>). The site has information on around 180,000 properties and can alert you to new additions via e-mail or mobile phone text messaging.</p> <p>Meanwhile, Lloyd's TSB hopes to help you insure your new home. On Monday its new website, <a href=\"http://www.insuredirect.lloydstsb.com\">www.insuredirect.lloydstsb.com</a>, goes live. Fill in one form and the site will get a range of buildings and contents insurance quotations from some of the country's biggest insurers, including Axa, Independent and Norwich Union.</p>",
      "newspaperPageNumber": "8",
      "wordcount": "368",
      "commentable": "false",
      "isPremoderated": "false",
      "lastModified": "2001-12-12T00:00:00Z",
      "newspaperEditionDate": "2000-05-13T00:00:00Z",
      "productionOffice": "UK",
      "publication": "The Guardian",
      "shortUrl": "https://gu.com/p/37em",
      "shouldHideAdverts": "false",
      "showInRelatedContent": "true",
      "legallySensitive": "false",
      "lang": "en",
      "bodyText": "The Wap frenzy continues with Teletext lauching a real-time share price information service. Available through Wireless Application Protocol phones and all networks, the service gives users instant access to the prices of 3,000 of the most popular Stock Exchange-listed shares. And if the Teletext service prompts you to buy or sell certain shares, online stockbroker Charles Schwab Europe (www.schwab-europe.com) says its new commission structure will save you money. The company says that, from June 12, the minimum commission for an internet trade will be reduced from \u00a315 to \u00a312. Bigger trades are promised savings of up to 40%. Savings-seekers will be encouraged by a service from moneysupermarket.com (www.moneysupermarket.com). The personal finance website has developed \"Rate Alert\", an e-mail service which aims to inform you of new market-leading rates for credit cards, personal loans and mortgages as soon as they hit the market. If telenet mortgage seller Promise's (www.promise.co.uk) new base rate tracker mortgage is deemed a market beater, then presumably it will be found through the e-mail service. The CAT standard base rate tracker is set at 0.5% above base for the life of the mortgage and has no redemption penalties at any time. In keeping with its name, Promise also promises to take the stress out of the mortgage application process. Its new online and telephone mortgage service says it will give you an answer within 15 minutes without need to fill in forms. Oh, and customers can track the progress of their mortgage on the web. Of course the mortgage is only half of the home-moving equation. Finding a suitable property is essential as well. CGU hopes to make this easier with its new home-moving portal asserta home (www.assertahome.com). The site has information on around 180,000 properties and can alert you to new additions via e-mail or mobile phone text messaging. Meanwhile, Lloyd's TSB hopes to help you insure your new home. On Monday its new website, www.insuredirect.lloydstsb.com, goes live. Fill in one form and the site will get a range of buildings and contents insurance quotations from some of the country's biggest insurers, including Axa, Independent and Norwich Union.",
      "charCount": "2221"
    },
    "isHosted": false,
    "pillarId": "pillar/lifestyle",
    "pillarName": "Lifestyle"
  },
  {
    "id": "theguardian/2000/may/12/debate",
    "type": "article",
    "sectionId": "theguardian",
    "sectionName": "From the Guardian",
    "webPublicationDate": "2000-05-12T17:06:03Z",
    "webTitle": "Is it time to relax restrictions on TV advertising?",
    "webUrl": "https://www.theguardian.com/theguardian/2000/may/12/debate",
    "apiUrl": "https://content.guardianapis.com/theguardian/2000/may/12/debate",
    "fields": {
      "headline": "Is it time to relax restrictions on TV advertising?",
      "trailText": "Does our right to freedom of speech outweigh our responsibility to protect minors?   This week when the ITC proposed a broad relaxation of restrictions; Jocelyn Hay (Voice of the Listener and Viewer) fears that the vulnerable will be exposed to religious fund raising and ads for gun clubs, while Sara Price (Advertising Association) reminds her that in 1955, toilet paper was a restricted category.  Read the debate and have your say <A HREF=\"http://talk.guardianunlimited.co.uk/WebX?13@@.ee7527e\"> here.</A><BR>",
      "main": "",
      "body": "Does our right to freedom of speech outweigh our responsibility to protect minors? This week when the ITC proposed a broad relaxation of restrictions; Jocelyn Hay (Voice of the Listener and Viewer) fears that the vulnerable will be exposed to religious fund raising and ads for gun clubs, while Sara Price (Advertising Association) reminds her that in 1955, toilet paper was a restricted category. Read the debate and have your say <a href=\"http://talk.guardianunlimited.co.uk/WebX?13@@.ee7527e\"> here.</a> <br> <p><b>Dear Sara,</b> <br><br> There are very good reasons why the Independent Television Commission prohibits many goods and services from being advertised on television, among them faith healing, miracle working, the occult, religious fund-raising, pornography, guns and gun clubs, and why celebrities and medical practitioners are prohibited from promoting or endorsing medical products and services. This week's news that the ITC is consulting on a proposed relaxation of virtually all these rules reinforces the need for rigorous analysis of why such advertising has been banned in the past. Why is the ITC now recommending the removal of these prohibitions? Its press release says the aim is to \"modernise and simplify the regulatory approach in response to the changing broadcast and consumer environment\". But have you noticed viewers demanding a relaxation of these rules? I haven't. The ITC director of advertising, Stephen Locke, claims the intention is to find \"the right level of regulation to meet the changing marketplace\", but it seems more like a slippery slope taking Britain towards an American situation, where any product or service, no matter how dubious, is fair game, as long as it makes money for the advertisers and television companies. Take medical products. Television is the most powerful advertising medium devised; it reaches into every home and attracts the attention of all viewers, from the most sophisticated to the most vulnerable. Celebrity endorsements are more likely to sway the vulnerable than the sophisticated; advertising miracle cures could tempt the desperately ill or vulnerable to part with large sums of money.<br><br> Yours sincerely,<br> Jocelyn Hay,<br> Chair,Voice of the Listener and Viewer<br><br></p> <p><b>Dear Jocelyn,</b><br><br></p> <p>We are discussing a public consultation. The ITC hasn't made any final decisions and is encouraging viewers to send in their opinions. In contrast to your implication that the ITC has an ulterior motive, it is legally obliged to carry out this review, and has been asked to do so by the government. The human rights act obliges public authorities to ensure that any prohibition on the advertising of a legal product or service can be justified under the act, which guarantees commercial freedom of speech. In your rush to express outrage, you have neglected to note what the paper says. If you had, you would know that there is no question of the prohibition on advertising pornography, guns or gun clubs being lifted, and that your statement about relaxing \"virtually all\" rules is misleading in the extreme. Even if the ITC does lift existing prohibitions, advertisers would still have to abide by some of the most stringent regulations on taste, decency and misleadingness in Europe. We should encourage proper consideration of the paper itself, rather than a kneejerk reaction to it.<br><br> Yours sincerely,<br> Sara Price<br> Head of public affairs, The Advertising Association<br><br></p> <p><b>Dear Sara,</b><br><br></p> <p>I'm not criticising consultations, but the recommendations for removing rules or amending them. The rules are there to protect viewers and the integrity of TV programmes. I have concerns about both. If viewers have been adversely affected, the ITC will take it up with the advertiser. But this seems to place the burden of proof on the viewer. Who decides whether an ad for a miracle cure was misleading? What redress will a viewer have from the offending advertiser if it doesn't work? The ITC proposals seem to shift the burden of proof to the viewer. Are we to turn every viewer's claim into a legal case in which both sides have to be represented by lawyers? You mention the proposed human rights act. Under the European convention on human rights, advertisers have always been able to challenge the ITC's code of advertising in the European court, but, significantly, have never availed themselves of this. The new act merely simplifies that procedure and enables UK judges to take specific decisions. And the television without frontiers directive of the EU requires member states to protect the mental, moral and physical health of minors.<br><br> Yours sincerely,<br> Jocelyn<br><br></p> <p><b>Dear Jocelyn,</b><br><br> Read the details of the consultation paper. Under the proposed new rules, religious advertisers who believe in the power of God to heal (faith healing) could exercise their religious freedom of expression and make reference to that as an article of faith. They could not make claims for the efficacy of faith healing. The question of who decides whether those claims are misleading would not arise. As regards permissible claims, the burden of proof is clearly on the advertiser and not with the viewer. Nothing in the ITC consultation undermines that principle or strict rules prohibiting misleadingness that will remain part of the codes. To protect viewers, advertisements are subject to a stringent and compulsory procedure prior to broadcast, carried out by the Broadcast Advertising Clearance Centre. Any advertiser who wishes to make a claim must provide the BACC with objective, verifiable evidence or its ad is refused clearance. The only proposed change to the rules on advertising to children in the UK is to allow advertisements for merchandise based on children's programmes to be shown during children's television. No product or service which might be harmful to children may be advertised during children's programming and certain ads may only be broadcast after the watershed. So, unless there is some reason to believe that Pok*mon yoyos would undermine the principle of child protection, I'm not clear what your objection is. <br><br> Yours sincerely,<br> Sara<br><br></p> <p><b>Dear Sara</b><br><br> My concern is still the lack of any evidence for public demand for lighter rules on advertising. Your support of advertising merchandise based on children's programmes during children's television will alarm many parents. New technology and the incorporation of the human rights convention are being used as an excuse to relax the laws. Neither justifies such a change, which surely results from a long campaign by the advertisers, supported by satellite and cable operators, and now the ITV companies, for lighter regulation. ITC concessions on sponsorship have already begun to compromise the integrity of programmes. If all these new recommendations are accepted, they might end high-quality commercially funded public service television in Britain. Please attend our conference in London next week on public service broadcasting and the information society, focusing on the funding and scheduling of children's television and how European and World Trade Organisation policies will affect the future regulation of British broadcasting, telecommunications and the internet. I hope all readers will send the ITC comments about this week's recommendations. <br><br> Yours sincerely,<br> Jocelyn<br><br></p> <p><b>Dear Jocelyn,</b><br><br> You appear to assume that the interests of viewers and advertisers are opposed. But is it in the interests of the industry to promote high quality programmes that generate good audiences. If programme integrity and standards, and audience viewing figures, were under threat, this industry would be the first to complain. You refer to the human rights act as an excuse, as though the ITC were able to ignore its legal obligations. This code review does not require an excuse, nor is the impetus behind it industry pressure, unless you classify the government as an industry pressure group. It is very rare that consumers make vociferous demands for deregulation. In 1955, toilet paper was a restricted category. I doubt there was huge public demand for deregulation. But I think it unlikely that anyone would argue that restrictions on the advertising of toilet tissue could be justified now, nor that viewers have suffered any major disbenefit from the Andrex puppy. Viewers have benefited from the competition and product improvement that advertising has brought to this and other categories. I look forward to explaining to your conference delegates the importance of advertising revenue in providing investment in high quality programming. I, too, encourage readers to write to the ITC: that is the point of a public consultation. I am sure their responses will be thoughtful and not kneejerk reactions. If only the strict rules on misleadingness that apply to advertising applied to headlines, perhaps some of this week's unfounded outrage could have been avoided.<br><br> Yours sincerely,<br> Sara<br></p>",
      "wordcount": "1398",
      "commentable": "false",
      "isPremoderated": "false",
      "lastModified": "2000-05-12T17:06:03Z",
      "newspaperEditionDate": "2000-05-12T00:00:00Z",
      "productionOffice": "UK",
      "publication": "theguardian.com",
      "shortUrl": "https://gu.com/p/htkc",
      "shouldHideAdverts": "false",
      "showInRelatedContent": "true",
      "legallySensitive": "false",
      "lang": "en",
      "bodyText": "Does our right to freedom of speech outweigh our responsibility to protect minors? This week when the ITC proposed a broad relaxation of restrictions; Jocelyn Hay (Voice of the Listener and Viewer) fears that the vulnerable will be exposed to religious fund raising and ads for gun clubs, while Sara Price (Advertising Association) reminds her that in 1955, toilet paper was a restricted category. Read the debate and have your say here. Dear Sara, There are very good reasons why the Independent Television Commission prohibits many goods and services from being advertised on television, among them faith healing, miracle working, the occult, religious fund-raising, pornography, guns and gun clubs, and why celebrities and medical practitioners are prohibited from promoting or endorsing medical products and services. This week's news that the ITC is consulting on a proposed relaxation of virtually all these rules reinforces the need for rigorous analysis of why such advertising has been banned in the past. Why is the ITC now recommending the removal of these prohibitions? Its press release says the aim is to \"modernise and simplify the regulatory approach in response to the changing broadcast and consumer environment\". But have you noticed viewers demanding a relaxation of these rules? I haven't. The ITC director of advertising, Stephen Locke, claims the intention is to find \"the right level of regulation to meet the changing marketplace\", but it seems more like a slippery slope taking Britain towards an American situation, where any product or service, no matter how dubious, is fair game, as long as it makes money for the advertisers and television companies. Take medical products. Television is the most powerful advertising medium devised; it reaches into every home and attracts the attention of all viewers, from the most sophisticated to the most vulnerable. Celebrity endorsements are more likely to sway the vulnerable than the sophisticated; advertising miracle cures could tempt the desperately ill or vulnerable to part with large sums of money. Yours sincerely, Jocelyn Hay, Chair,Voice of the Listener and Viewer Dear Jocelyn, We are discussing a public consultation. The ITC hasn't made any final decisions and is encouraging viewers to send in their opinions. In contrast to your implication that the ITC has an ulterior motive, it is legally obliged to carry out this review, and has been asked to do so by the government. The human rights act obliges public authorities to ensure that any prohibition on the advertising of a legal product or service can be justified under the act, which guarantees commercial freedom of speech. In your rush to express outrage, you have neglected to note what the paper says. If you had, you would know that there is no question of the prohibition on advertising pornography, guns or gun clubs being lifted, and that your statement about relaxing \"virtually all\" rules is misleading in the extreme. Even if the ITC does lift existing prohibitions, advertisers would still have to abide by some of the most stringent regulations on taste, decency and misleadingness in Europe. We should encourage proper consideration of the paper itself, rather than a kneejerk reaction to it. Yours sincerely, Sara Price Head of public affairs, The Advertising Association Dear Sara, I'm not criticising consultations, but the recommendations for removing rules or amending them. The rules are there to protect viewers and the integrity of TV programmes. I have concerns about both. If viewers have been adversely affected, the ITC will take it up with the advertiser. But this seems to place the burden of proof on the viewer. Who decides whether an ad for a miracle cure was misleading? What redress will a viewer have from the offending advertiser if it doesn't work? The ITC proposals seem to shift the burden of proof to the viewer. Are we to turn every viewer's claim into a legal case in which both sides have to be represented by lawyers? You mention the proposed human rights act. Under the European convention on human rights, advertisers have always been able to challenge the ITC's code of advertising in the European court, but, significantly, have never availed themselves of this. The new act merely simplifies that procedure and enables UK judges to take specific decisions. And the television without frontiers directive of the EU requires member states to protect the mental, moral and physical health of minors. Yours sincerely, Jocelyn Dear Jocelyn, Read the details of the consultation paper. Under the proposed new rules, religious advertisers who believe in the power of God to heal (faith healing) could exercise their religious freedom of expression and make reference to that as an article of faith. They could not make claims for the efficacy of faith healing. The question of who decides whether those claims are misleading would not arise. As regards permissible claims, the burden of proof is clearly on the advertiser and not with the viewer. Nothing in the ITC consultation undermines that principle or strict rules prohibiting misleadingness that will remain part of the codes. To protect viewers, advertisements are subject to a stringent and compulsory procedure prior to broadcast, carried out by the Broadcast Advertising Clearance Centre. Any advertiser who wishes to make a claim must provide the BACC with objective, verifiable evidence or its ad is refused clearance. The only proposed change to the rules on advertising to children in the UK is to allow advertisements for merchandise based on children's programmes to be shown during children's television. No product or service which might be harmful to children may be advertised during children's programming and certain ads may only be broadcast after the watershed. So, unless there is some reason to believe that Pok*mon yoyos would undermine the principle of child protection, I'm not clear what your objection is. Yours sincerely, Sara Dear Sara My concern is still the lack of any evidence for public demand for lighter rules on advertising. Your support of advertising merchandise based on children's programmes during children's television will alarm many parents. New technology and the incorporation of the human rights convention are being used as an excuse to relax the laws. Neither justifies such a change, which surely results from a long campaign by the advertisers, supported by satellite and cable operators, and now the ITV companies, for lighter regulation. ITC concessions on sponsorship have already begun to compromise the integrity of programmes. If all these new recommendations are accepted, they might end high-quality commercially funded public service television in Britain. Please attend our conference in London next week on public service broadcasting and the information society, focusing on the funding and scheduling of children's television and how European and World Trade Organisation policies will affect the future regulation of British broadcasting, telecommunications and the internet. I hope all readers will send the ITC comments about this week's recommendations. Yours sincerely, Jocelyn Dear Jocelyn, You appear to assume that the interests of viewers and advertisers are opposed. But is it in the interests of the industry to promote high quality programmes that generate good audiences. If programme integrity and standards, and audience viewing figures, were under threat, this industry would be the first to complain. You refer to the human rights act as an excuse, as though the ITC were able to ignore its legal obligations. This code review does not require an excuse, nor is the impetus behind it industry pressure, unless you classify the government as an industry pressure group. It is very rare that consumers make vociferous demands for deregulation. In 1955, toilet paper was a restricted category. I doubt there was huge public demand for deregulation. But I think it unlikely that anyone would argue that restrictions on the advertising of toilet tissue could be justified now, nor that viewers have suffered any major disbenefit from the Andrex puppy. Viewers have benefited from the competition and product improvement that advertising has brought to this and other categories. I look forward to explaining to your conference delegates the importance of advertising revenue in providing investment in high quality programming. I, too, encourage readers to write to the ITC: that is the point of a public consultation. I am sure their responses will be thoughtful and not kneejerk reactions. If only the strict rules on misleadingness that apply to advertising applied to headlines, perhaps some of this week's unfounded outrage could have been avoided. Yours sincerely, Sara",
      "charCount": "8791"
    },
    "isHosted": false,
    "pillarId": "pillar/news",
    "pillarName": "News"
  },
  {
    "id": "media/2000/may/12/newscorporation.mondaymediasection",
    "type": "article",
    "sectionId": "media",
    "sectionName": "Media",
    "webPublicationDate": "2000-05-12T15:31:58Z",
    "webTitle": "End of price war lifts News Corp profits",
    "webUrl": "https://www.theguardian.com/media/2000/may/12/newscorporation.mondaymediasection",
    "apiUrl": "https://content.guardianapis.com/media/2000/may/12/newscorporation.mondaymediasection",
    "fields": {
      "headline": "End of price war lifts News Corp profits",
      "trailText": "<p>Improved advertising revenues and an end to the newspaper price wars helped News Corporation, the media and entertainment group run by Rupert Murdoch, lift operating income 15% in the third quarter. </p>",
      "byline": "Jane Martinson  in New York",
      "main": "",
      "body": "<p>Improved advertising revenues and an end to the newspaper price wars helped News Corporation, the media and entertainment group run by Rupert Murdoch, lift operating income 15% in the third quarter. </p> <p>Newspaper revenues in Australia and the UK rose 16% to $139m (\u00a390.8m) in the three months to the end of March, making the old media division the best performer of the group. </p> <p>Advertising revenue rose 10% in the UK, where the Times and the Sunday Times, in particular, benefited from higher spending by companies. </p> <p>There was also a sharp improvement in revenues from the company's filmed entertainment division, with The Beach, the film starring Leonardo DiCaprio, pulling in more than US$135m worldwide. </p> <p>In a call to analysts, Peter Chernin, the company's chief operating officer, said that plans for the proposed listing of the group's satellite operations would be revealed within the next few months. He continued to deny that they would be delayed by the downturn in technology shares over the past two months. </p> <p>The group reported a third quarter net profit before exceptionals of A$300m (\u00a3118.6m), compared with A$263m a year ago. </p> <p>The increase came in spite of a downturn in television revenues because of weaker ratings and higher costs. </p> <p>Rupert Murdoch, the chairman and largest shareholder, said: \"We were very pleased with the operating and financial performance of the company during the third fiscal quarter.\" </p> <p>The company also gave an upbeat outlook for the final quarter.</p>",
      "newspaperPageNumber": "27",
      "wordcount": "244",
      "commentable": "false",
      "isPremoderated": "false",
      "lastModified": "2016-08-11T22:59:44Z",
      "newspaperEditionDate": "2000-05-12T00:00:00Z",
      "productionOffice": "UK",
      "publication": "The Guardian",
      "shortUrl": "https://gu.com/p/37e4",
      "shouldHideAdverts": "false",
      "showInRelatedContent": "true",
      "legallySensitive": "false",
      "lang": "en",
      "bodyText": "Improved advertising revenues and an end to the newspaper price wars helped News Corporation, the media and entertainment group run by Rupert Murdoch, lift operating income 15% in the third quarter. Newspaper revenues in Australia and the UK rose 16% to $139m (\u00a390.8m) in the three months to the end of March, making the old media division the best performer of the group. Advertising revenue rose 10% in the UK, where the Times and the Sunday Times, in particular, benefited from higher spending by companies. There was also a sharp improvement in revenues from the company's filmed entertainment division, with The Beach, the film starring Leonardo DiCaprio, pulling in more than US$135m worldwide. In a call to analysts, Peter Chernin, the company's chief operating officer, said that plans for the proposed listing of the group's satellite operations would be revealed within the next few months. He continued to deny that they would be delayed by the downturn in technology shares over the past two months. The group reported a third quarter net profit before exceptionals of A$300m (\u00a3118.6m), compared with A$263m a year ago. The increase came in spite of a downturn in television revenues because of weaker ratings and higher costs. Rupert Murdoch, the chairman and largest shareholder, said: \"We were very pleased with the operating and financial performance of the company during the third fiscal quarter.\" The company also gave an upbeat outlook for the final quarter.",
      "charCount": "1478"
    },
    "isHosted": false,
    "pillarId": "pillar/news",
    "pillarName": "News"
  },
  {
    "id": "world/2000/may/12/andrewclark.sarahboseley",
    "type": "article",
    "sectionId": "world",
    "sectionName": "World news",
    "webPublicationDate": "2000-05-12T01:58:52Z",
    "webTitle": "Boost for Aids fight",
    "webUrl": "https://www.theguardian.com/world/2000/may/12/andrewclark.sarahboseley",
    "apiUrl": "https://content.guardianapis.com/world/2000/may/12/andrewclark.sarahboseley",
    "fields": {
      "headline": "Boost for Aids fight",
      "standfirst": "Price of Aids drugs slashed",
      "trailText": "The first glimmers of hope for a solution to the Aids epidemic ravaging the poorest countries in Africa emerged yesterday when five of the world's largest drug companies pledged to slash the price of treatment in the developing world.",
      "byline": "Andrew Clark, Sarah Boseley  and Larry Elliott",
      "main": "",
      "body": "The first glimmers of hope for a solution to the Aids epidemic ravaging the poorest countries in Africa emerged yesterday when five of the world's largest drug companies pledged to slash the price of treatment in the developing world. <p>With one in four people infected in some of the worst hit African countries, and life expectancy tumbling by up to 10 years, one western pharmaceutical giant said it would cut the price of treatment from $16 (\u00a310.50) a day to about $2. </p> <p>The Clinton administration - under pressure from gay activists, the World Bank and the United Nations - also announced that it would drop its threat to use trade sanctions against countries such as South Africa planning to produce cheap generic copies of existing western medicines. </p> <p>Aids activists and development experts hailed yesterday's news as a landmark in the fight against the disease in some of the world's poorest countries. </p> <p>\"It's the first time the companies are collectively willing to discuss a truly significant decline in prices,\" said Peter Piot, director of the UN Aids programme (UNaids). \"It is something many of us have long hoped for.\" </p> <p>The five drug companies involved are Glaxo Wellcome, Boehringer Ingelheim, Bristol-Myers Squibb, Roche, and Merck. Glaxo's chairman, Sir Richard Sykes, said the spread of Aids, particularly in sub-Saharan Africa, \"threatens to wipe out the development and economic gains made in the second half of the last century\". </p> <p>Chris Lovelace, the director of health, nutrition and population at the World Bank, said the move was \"very promising and very important but not a panacea. Only 3% of those who are HIV positive go into clinics because it is still a taboo subject. However it is a big step forward.\" Aids experts warn that with most of sub-Saharan Africa's population subsisting on less than $2 a day, even the promised price cuts will not be sufficient to make the drugs affordable. Many of those infected do not even know they have the disease. </p> <p>\"We have created an environment within which drug companies are prepared to start dropping their price. That's great, but I doubt that will be enough to bring the baseline price down to the sort of level that is meaningful for the majority of the 40m with HIV who need treatment,\" said David Nabarro, an executive director of the WHO. </p> <p>Of more than 13m Aids deaths to date, 11m have been in sub-Saharan Africa. A further 23m Africans are infected with the virus, two-thirds of all cases worldwide. </p> <p>One of the latest treatments for Aids is Glaxo's Combivir - launched in the US and Europe in 1998 - which brings together a cocktail of drugs in two daily doses. </p> <p>President Clinton's intervention yesterday will allow sub-Saharan Africa to buy cheaper generic versions of the drugs, being manufactured in Brazil, Thailand and India. He lifted tough US patent restrictions in favour of World Trade Organisation rules, which allow exemptions for countries in dire need of drugs. </p> <p>Drugs companies with large portfolios of HIV medicines have found the market for full-priced products in developed countries is relatively limited. The spread of the virus has slowed, particularly in the US, and competition has reduced companies' profit margins.</p>",
      "newspaperPageNumber": "1",
      "wordcount": "533",
      "commentable": "false",
      "isPremoderated": "false",
      "lastModified": "2000-05-12T01:58:52Z",
      "newspaperEditionDate": "2000-05-12T00:00:00Z",
      "productionOffice": "UK",
      "publication": "theguardian.com",
      "shortUrl": "https://gu.com/p/tm3f",
      "shouldHideAdverts": "false",
      "showInRelatedContent": "true",
      "legallySensitive": "false",
      "lang": "en",
      "bodyText": "The first glimmers of hope for a solution to the Aids epidemic ravaging the poorest countries in Africa emerged yesterday when five of the world's largest drug companies pledged to slash the price of treatment in the developing world. With one in four people infected in some of the worst hit African countries, and life expectancy tumbling by up to 10 years, one western pharmaceutical giant said it would cut the price of treatment from $16 (\u00a310.50) a day to about $2. The Clinton administration - under pressure from gay activists, the World Bank and the United Nations - also announced that it would drop its threat to use trade sanctions against countries such as South Africa planning to produce cheap generic copies of existing western medicines. Aids activists and development experts hailed yesterday's news as a landmark in the fight against the disease in some of the world's poorest countries. \"It's the first time the companies are collectively willing to discuss a truly significant decline in prices,\" said Peter Piot, director of the UN Aids programme (UNaids). \"It is something many of us have long hoped for.\" The five drug companies involved are Glaxo Wellcome, Boehringer Ingelheim, Bristol-Myers Squibb, Roche, and Merck. Glaxo's chairman, Sir Richard Sykes, said the spread of Aids, particularly in sub-Saharan Africa, \"threatens to wipe out the development and economic gains made in the second half of the last century\". Chris Lovelace, the director of health, nutrition and population at the World Bank, said the move was \"very promising and very important but not a panacea. Only 3% of those who are HIV positive go into clinics because it is still a taboo subject. However it is a big step forward.\" Aids experts warn that with most of sub-Saharan Africa's population subsisting on less than $2 a day, even the promised price cuts will not be sufficient to make the drugs affordable. Many of those infected do not even know they have the disease. \"We have created an environment within which drug companies are prepared to start dropping their price. That's great, but I doubt that will be enough to bring the baseline price down to the sort of level that is meaningful for the majority of the 40m with HIV who need treatment,\" said David Nabarro, an executive director of the WHO. Of more than 13m Aids deaths to date, 11m have been in sub-Saharan Africa. A further 23m Africans are infected with the virus, two-thirds of all cases worldwide. One of the latest treatments for Aids is Glaxo's Combivir - launched in the US and Europe in 1998 - which brings together a cocktail of drugs in two daily doses. President Clinton's intervention yesterday will allow sub-Saharan Africa to buy cheaper generic versions of the drugs, being manufactured in Brazil, Thailand and India. He lifted tough US patent restrictions in favour of World Trade Organisation rules, which allow exemptions for countries in dire need of drugs. Drugs companies with large portfolios of HIV medicines have found the market for full-priced products in developed countries is relatively limited. The spread of the virus has slowed, particularly in the US, and competition has reduced companies' profit margins.",
      "charCount": "3208"
    },
    "isHosted": false,
    "pillarId": "pillar/news",
    "pillarName": "News"
  },
  {
    "id": "culture/2000/may/12/artsfeatures1",
    "type": "article",
    "sectionId": "global",
    "sectionName": "Global",
    "webPublicationDate": "2000-05-12T01:58:50Z",
    "webTitle": "A power station transformed",
    "webUrl": "https://www.theguardian.com/culture/2000/may/12/artsfeatures1",
    "apiUrl": "https://content.guardianapis.com/culture/2000/may/12/artsfeatures1",
    "fields": {
      "headline": "A power station transformed",
      "standfirst": "<a href=\"http://fm370.facility.pipex.com/modern/\">Tate Modern</a>",
      "trailText": "<p>&#149; The original building was designed by Sir Giles Gilbert Scott, who was also responsible for Battersea power station, the Anglican cathedral in Liverpool, and the red telephone box. The 1940s coal-fired generator was converted to oil in the 1950s, but the soaring prices killed it and it sat derelict and vandalised until the Tate took an option on it in 1994. </p>",
      "main": "",
      "body": "<p>\u0095 The original building was designed by Sir Giles Gilbert Scott, who was also responsible for Battersea power station, the Anglican cathedral in Liverpool, and the red telephone box. The 1940s coal-fired generator was converted to oil in the 1950s, but the soaring prices killed it and it sat derelict and vandalised until the Tate took an option on it in 1994. </p> <p>\u0095 The river front is more than 200m long. </p> <p>\u0095 The structure of the building is steel, clad in more than 4.2m bricks. </p> <p>\u0095 Although the chimney, now topped with a light sculpture by the Swiss architects of the conversion, is 99m tall, Scott would have liked it taller still. He was forced to keep it lower than the dome of St Paul's on the opposite bank. </p> <p>\u0095 Demolition work and removal of the enormous machinery began in 1995 and took two years. </p> <p>\u0095 Tate Modern has a floor space of 34,500sq metres. </p> <p>\u0095 The turbine hall, conceived of as a covered street, is larger than most cathedral naves, at almost 100m long and more than 30m high. </p> <p>\u0095 The complex includes two cafes seating 400 people, a 240-seat auditorium, three shops, almost 8,000sq m of gallery spaces as well as a special exhibition area of over 1,300sq m, six escalators and nine lifts. </p> <p>\u0095 The new roofline is a two-storey glass box, which supplies a restaurant with spectacular views and allows daylight into the core of the building. </p> <p>\u0095 Most of the south bank was originally swamp so the building sits on a concrete raft, which incorporates a time capsule with plans and videos of the project, drawings by local school children - and a piece of Swiss mountain crystal brought by the architects. </p> <p>\u0095 Bankside still has links with the power industry. Visitors may just detect a background hum, which is not the air conditioning, but an electricity substation tucked behind one side wall.</p>",
      "newspaperPageNumber": "3",
      "wordcount": "311",
      "commentable": "false",
      "isPremoderated": "false",
      "lastModified": "2000-05-12T01:58:50Z",
      "newspaperEditionDate": "2000-05-12T00:00:00Z",
      "productionOffice": "UK",
      "publication": "theguardian.com",
      "shortUrl": "https://gu.com/p/xgvam",
      "shouldHideAdverts": "false",
      "showInRelatedContent": "true",
      "legallySensitive": "false",
      "lang": "en",
      "bodyText": "\u0095 The original building was designed by Sir Giles Gilbert Scott, who was also responsible for Battersea power station, the Anglican cathedral in Liverpool, and the red telephone box. The 1940s coal-fired generator was converted to oil in the 1950s, but the soaring prices killed it and it sat derelict and vandalised until the Tate took an option on it in 1994. \u0095 The river front is more than 200m long. \u0095 The structure of the building is steel, clad in more than 4.2m bricks. \u0095 Although the chimney, now topped with a light sculpture by the Swiss architects of the conversion, is 99m tall, Scott would have liked it taller still. He was forced to keep it lower than the dome of St Paul's on the opposite bank. \u0095 Demolition work and removal of the enormous machinery began in 1995 and took two years. \u0095 Tate Modern has a floor space of 34,500sq metres. \u0095 The turbine hall, conceived of as a covered street, is larger than most cathedral naves, at almost 100m long and more than 30m high. \u0095 The complex includes two cafes seating 400 people, a 240-seat auditorium, three shops, almost 8,000sq m of gallery spaces as well as a special exhibition area of over 1,300sq m, six escalators and nine lifts. \u0095 The new roofline is a two-storey glass box, which supplies a restaurant with spectacular views and allows daylight into the core of the building. \u0095 Most of the south bank was originally swamp so the building sits on a concrete raft, which incorporates a time capsule with plans and videos of the project, drawings by local school children - and a piece of Swiss mountain crystal brought by the architects. \u0095 Bankside still has links with the power industry. Visitors may just detect a background hum, which is not the air conditioning, but an electricity substation tucked behind one side wall.",
      "charCount": "1795"
    },
    "isHosted": false
  },
  {
    "id": "business/2000/may/12/8",
    "type": "article",
    "sectionId": "business",
    "sectionName": "Business",
    "webPublicationDate": "2000-05-12T01:58:49Z",
    "webTitle": "Eidos",
    "webUrl": "https://www.theguardian.com/business/2000/may/12/8",
    "apiUrl": "https://content.guardianapis.com/business/2000/may/12/8",
    "fields": {
      "headline": "Eidos",
      "trailText": "<p>Chris Tarrant has been given the unenviable task of following virtual heroine Lara Croft and restoring the price of Eidos shares. </p>",
      "byline": "John Cassy",
      "main": "",
      "body": "<p>Chris Tarrant has been given the unenviable task of following virtual heroine Lara Croft and restoring the price of Eidos shares. </p> <p>They hit \u00a312.73 in December thanks to the success of Lara's Tomb Raider series, valuing the computer games company at more than \u00a31bn. This year two profit warnings pushed the share price as low as 270p. Last night it closed at 283p. </p> <p>Eidos has now signed a deal to turn Mr Tarrant's hit television series Who Wants to be a Millionaire? into a computer game. </p> <p>It will be available for PC, PlayStation and Dreamcast from the autumn following the signing of a deal with Celador productions, which owns the game's rights. </p> <p>Mr Tarrant will ask the questions and give the answers and regularly utter his catchphrase \"Is that your final answer?\" Millionaire is watched by more than 19m viewers, and Charles Cornwall, Eidos's combative chief executive, will be hoping to transfer that popularity into sales. </p> <p>Analysts say Eidos has to prove it has a wider range of smash-hit games before the shares can consider returning to their levels of before. The cyclical nature of the computer games market is unlikely to help. New platforms are set to be introduced soon and analysts say gamers are unlikely to buy many games until they have upgraded to newer and faster consoles. </p> <p>Punters who bought in at the earlier highs have little choice but to hold. It may be some time before they can recoup their investment but Mr Tarrant's arrival appears to be a step in the right direction. </p>",
      "newspaperPageNumber": "28",
      "wordcount": "259",
      "commentable": "false",
      "isPremoderated": "false",
      "lastModified": "2000-05-12T01:58:49Z",
      "newspaperEditionDate": "2000-05-12T00:00:00Z",
      "productionOffice": "UK",
      "publication": "theguardian.com",
      "shortUrl": "https://gu.com/p/37e6",
      "shouldHideAdverts": "false",
      "showInRelatedContent": "true",
      "legallySensitive": "false",
      "lang": "en",
      "bodyText": "Chris Tarrant has been given the unenviable task of following virtual heroine Lara Croft and restoring the price of Eidos shares. They hit \u00a312.73 in December thanks to the success of Lara's Tomb Raider series, valuing the computer games company at more than \u00a31bn. This year two profit warnings pushed the share price as low as 270p. Last night it closed at 283p. Eidos has now signed a deal to turn Mr Tarrant's hit television series Who Wants to be a Millionaire? into a computer game. It will be available for PC, PlayStation and Dreamcast from the autumn following the signing of a deal with Celador productions, which owns the game's rights. Mr Tarrant will ask the questions and give the answers and regularly utter his catchphrase \"Is that your final answer?\" Millionaire is watched by more than 19m viewers, and Charles Cornwall, Eidos's combative chief executive, will be hoping to transfer that popularity into sales. Analysts say Eidos has to prove it has a wider range of smash-hit games before the shares can consider returning to their levels of before. The cyclical nature of the computer games market is unlikely to help. New platforms are set to be introduced soon and analysts say gamers are unlikely to buy many games until they have upgraded to newer and faster consoles. Punters who bought in at the earlier highs have little choice but to hold. It may be some time before they can recoup their investment but Mr Tarrant's arrival appears to be a step in the right direction.",
      "charCount": "1495"
    },
    "isHosted": false,
    "pillarId": "pillar/news",
    "pillarName": "News"
  },
  {
    "id": "business/2000/may/12/1",
    "type": "article",
    "sectionId": "business",
    "sectionName": "Business",
    "webPublicationDate": "2000-05-12T01:58:48Z",
    "webTitle": "BG shares surge as oil and gas prices boom",
    "webUrl": "https://www.theguardian.com/business/2000/may/12/1",
    "apiUrl": "https://content.guardianapis.com/business/2000/may/12/1",
    "fields": {
      "headline": "BG shares surge as oil and gas prices boom",
      "trailText": "<p>Shares in <a href=\"http://www.bg-group.com/\">BG</a>, the gas pipelines and exploration group set on a lucrative divorce this autumn, surged through the long-coveted 400p mark yesterday on the prospects of strong growth in both arms of its business. </p>",
      "byline": "David Gow",
      "main": "",
      "body": "<p>Shares in <a href=\"http://www.bg-group.com/\">BG</a>, the gas pipelines and exploration group set on a lucrative divorce this autumn, surged through the long-coveted 400p mark yesterday on the prospects of strong growth in both arms of its business. </p> <p>The group, a classic old economy stock stuck in the doldrums before announcing its demerger plans earlier this year, saw its shares close up 23p at 410p - the first time it has peaked so high since the autumn of 1998 when a slide provoked by the Russian crisis pushed the shares down to 300p before the demerger news. </p> <p>BG's share price has outperformed the market by 15% in the past month, according to Kevin Lapwood, a sector analyst at Charterhouse Securities, and, while Philip Hampton, group finance director, refused to comment on further upward movement, he made plain the outlook was buoyant. </p> <p>His optimism came on the back of a 24% rise in underlying earnings per share in the first quarter to 11.8p, partly wrought by the buy-back for cancellation of 11% of its equity last year but strongly influenced by booming oil - and gas - prices and richly-promising discoveries overseas. </p> <p>Pre-tax profits rose to \u00a3844m from \u00a3595m, a substantial increase predominantly produced by an exceptional \u00a3305m gain from the sale of Dynegy, a US-based gas and power conglomerate. </p> <p>But BG International, the overseas exploration and production business, boosted its sell-off prospects by turning in a doubling of earnings, up from \u00a390m to \u00a3184m. Mr Hampton said two thirds of this increase came from a rise in oil prices. </p> <p>BG International, buoyed by this week's news that its 14.29% stake in a Caspian Sea block in Kazhakstan that could rival Saudi output could prove a money-gusher, is being heavily courted pre-demerger by big oil players such as <a href=\"http://www.shell.co.uk/uk-en/\">Shell</a>. </p> <p>The pipelines business, Transco, the solid backbone of BG, saw its own first-quarter earnings fall \u00a365m to \u00a3485m because of a mild winter and tough price controls imposed by the regulator Ofgem.</p>",
      "newspaperPageNumber": "27",
      "wordcount": "329",
      "commentable": "false",
      "isPremoderated": "false",
      "lastModified": "2000-05-12T01:58:48Z",
      "newspaperEditionDate": "2000-05-12T00:00:00Z",
      "productionOffice": "UK",
      "publication": "theguardian.com",
      "shortUrl": "https://gu.com/p/37ex",
      "shouldHideAdverts": "false",
      "showInRelatedContent": "true",
      "legallySensitive": "false",
      "lang": "en",
      "bodyText": "Shares in BG, the gas pipelines and exploration group set on a lucrative divorce this autumn, surged through the long-coveted 400p mark yesterday on the prospects of strong growth in both arms of its business. The group, a classic old economy stock stuck in the doldrums before announcing its demerger plans earlier this year, saw its shares close up 23p at 410p - the first time it has peaked so high since the autumn of 1998 when a slide provoked by the Russian crisis pushed the shares down to 300p before the demerger news. BG's share price has outperformed the market by 15% in the past month, according to Kevin Lapwood, a sector analyst at Charterhouse Securities, and, while Philip Hampton, group finance director, refused to comment on further upward movement, he made plain the outlook was buoyant. His optimism came on the back of a 24% rise in underlying earnings per share in the first quarter to 11.8p, partly wrought by the buy-back for cancellation of 11% of its equity last year but strongly influenced by booming oil - and gas - prices and richly-promising discoveries overseas. Pre-tax profits rose to \u00a3844m from \u00a3595m, a substantial increase predominantly produced by an exceptional \u00a3305m gain from the sale of Dynegy, a US-based gas and power conglomerate. But BG International, the overseas exploration and production business, boosted its sell-off prospects by turning in a doubling of earnings, up from \u00a390m to \u00a3184m. Mr Hampton said two thirds of this increase came from a rise in oil prices. BG International, buoyed by this week's news that its 14.29% stake in a Caspian Sea block in Kazhakstan that could rival Saudi output could prove a money-gusher, is being heavily courted pre-demerger by big oil players such as Shell. The pipelines business, Transco, the solid backbone of BG, saw its own first-quarter earnings fall \u00a365m to \u00a3485m because of a mild winter and tough price controls imposed by the regulator Ofgem.",
      "charCount": "1946"
    },
    "isHosted": false,
    "pillarId": "pillar/news",
    "pillarName": "News"
  },
  {
    "id": "news/2000/may/12/guardianobituaries2",
    "type": "article",
    "sectionId": "news",
    "sectionName": "News",
    "webPublicationDate": "2000-05-12T01:58:33Z",
    "webTitle": "Bill Woods",
    "webUrl": "https://www.theguardian.com/news/2000/may/12/guardianobituaries2",
    "apiUrl": "https://content.guardianapis.com/news/2000/may/12/guardianobituaries2",
    "fields": {
      "headline": "Bill Woods",
      "standfirst": "Country music's 'grandpappy' of the Bakersfield sound",
      "trailText": "Californians like to mock Bakersfield, a dusty, hick town of farming and oil at the southern end of the central valley. They forget that in the 1950s the city produced the Bakersfield sound, raw, twangy country music that went around the world and created two of the genre's greatest artists, Buck Owens and Merle Haggard.",
      "byline": "Christopher Reed",
      "main": "",
      "body": "Californians like to mock Bakersfield, a dusty, hick town of farming and oil at the southern end of the central valley. They forget that in the 1950s the city produced the Bakersfield sound, raw, twangy country music that went around the world and created two of the genre's greatest artists, Buck Owens and Merle Haggard. <p>The man who gave both their first good jobs, and was regarded as the era's father - or \"grandpappy\" as Haggard put it - was musician, disc jockey and bandleader Bill Woods, who has died aged 75. For 14 years, from the early 1950s to the mid 1960s, he led his Orange Blossom Playboys band at the Blackboard Cafe, Bakersfield's hottest honky-tonk. </p> <p>The Blackboard was big, loud, rough and boozy, notorious for its fist-fights, hot music, and ice cold beer served by pretty waitresses. One was Bonnie Owens, who later became a country-music singing star and songwriter, and the wife of, first, Owens and later Haggard. Woods was a beloved figure among the musicians because, unable to win fame himself, he nurtured others' talent. He gave Buck Owens his first regular job, performing at $12.50 a night on his Fender Telecaster, the electric guitar which gave the Bakersfield sound its twangy quality. </p> <p>At the Blackboard, Woods used his band to encourage and define the music of Nashville west. As well as Owens and Haggard, he played there with Patsy Cline, Roger Miller, Tex Ritter, Glen Campbell and Red Simpson. </p> <p>Woods was not from Bakersfield at all, but from the little town of Denison, Texas, where his father was a Pentecostal minister. His family moved to the Central Valley when he was 16, and he finished high school just before America joined the second world war. After working in the San Francisco bay ship yards, where he perfected his musical talent by entertaining fellow workers during lunch breaks, he went south again and found gigs in Bakersfield and Las Vegas. For a time, he was pianist and fiddler for Tommy Duncan, the vocalist who sang with the renowned band leader and fellow Texan, Bob Wills. </p> <p>Despite Woods's origins and background, he was lumped together with the Okies, the migration in the 30s and 40s of thousands of working-class poor from the dust bowls of Oklahoma and Texas, immortalised in John Steinbeck's The Grapes Of Wrath. (Buck Owen, by then a multi-millionaire, and the owner of radio and TV stations in the Bakersfield area, walked out of the 1940 film as the screen family loaded their possessions onto their ancient Ford, because \"I lived that stuff.\") </p> <p>The Okies - a term of abuse for decades and sensitive in the Bakersfield area to this day - were resented as hillbillies. The migrants got low-grade work picking crops and performed the dirtiest work of oil drilling, but at night they played vibrant music, alternately gritty and sentimental - \"white man's blues,\" as it was sometimes known - in a dozen bars and halls in Bakersfield and its suburb Oildale. </p> <p>Woods, who played piano, guitar, violin (or \"country fiddle\"), drums and banjo, had a hit with Truck Drivin' Man in 1963, and was honoured in a song written by Haggard in the 1970s called Bill Woods From Bakersfield. After leaving the Blackboard, he appeared regularly on a country-music television show, became a popular disc jockey, and toured with Haggard playing piano. He also took up stock-car racing, but in 1963 his car was hit twice simultaneously and he dislocated two vertebrae. Three years later, another accident ended his driving career and cut down his music work. </p> <p>He leaves a wife, with whom he had nine children. </p> <p> Billy 'Bill' Woods, country-music player, born May 12 1924; died April 30 2000</p>",
      "newspaperPageNumber": "24",
      "wordcount": "620",
      "commentable": "false",
      "isPremoderated": "false",
      "lastModified": "2000-05-12T01:58:33Z",
      "newspaperEditionDate": "2000-05-12T00:00:00Z",
      "productionOffice": "UK",
      "publication": "theguardian.com",
      "shortUrl": "https://gu.com/p/xvk7n",
      "shouldHideAdverts": "false",
      "showInRelatedContent": "true",
      "legallySensitive": "false",
      "lang": "en",
      "bodyText": "Californians like to mock Bakersfield, a dusty, hick town of farming and oil at the southern end of the central valley. They forget that in the 1950s the city produced the Bakersfield sound, raw, twangy country music that went around the world and created two of the genre's greatest artists, Buck Owens and Merle Haggard. The man who gave both their first good jobs, and was regarded as the era's father - or \"grandpappy\" as Haggard put it - was musician, disc jockey and bandleader Bill Woods, who has died aged 75. For 14 years, from the early 1950s to the mid 1960s, he led his Orange Blossom Playboys band at the Blackboard Cafe, Bakersfield's hottest honky-tonk. The Blackboard was big, loud, rough and boozy, notorious for its fist-fights, hot music, and ice cold beer served by pretty waitresses. One was Bonnie Owens, who later became a country-music singing star and songwriter, and the wife of, first, Owens and later Haggard. Woods was a beloved figure among the musicians because, unable to win fame himself, he nurtured others' talent. He gave Buck Owens his first regular job, performing at $12.50 a night on his Fender Telecaster, the electric guitar which gave the Bakersfield sound its twangy quality. At the Blackboard, Woods used his band to encourage and define the music of Nashville west. As well as Owens and Haggard, he played there with Patsy Cline, Roger Miller, Tex Ritter, Glen Campbell and Red Simpson. Woods was not from Bakersfield at all, but from the little town of Denison, Texas, where his father was a Pentecostal minister. His family moved to the Central Valley when he was 16, and he finished high school just before America joined the second world war. After working in the San Francisco bay ship yards, where he perfected his musical talent by entertaining fellow workers during lunch breaks, he went south again and found gigs in Bakersfield and Las Vegas. For a time, he was pianist and fiddler for Tommy Duncan, the vocalist who sang with the renowned band leader and fellow Texan, Bob Wills. Despite Woods's origins and background, he was lumped together with the Okies, the migration in the 30s and 40s of thousands of working-class poor from the dust bowls of Oklahoma and Texas, immortalised in John Steinbeck's The Grapes Of Wrath. (Buck Owen, by then a multi-millionaire, and the owner of radio and TV stations in the Bakersfield area, walked out of the 1940 film as the screen family loaded their possessions onto their ancient Ford, because \"I lived that stuff.\") The Okies - a term of abuse for decades and sensitive in the Bakersfield area to this day - were resented as hillbillies. The migrants got low-grade work picking crops and performed the dirtiest work of oil drilling, but at night they played vibrant music, alternately gritty and sentimental - \"white man's blues,\" as it was sometimes known - in a dozen bars and halls in Bakersfield and its suburb Oildale. Woods, who played piano, guitar, violin (or \"country fiddle\"), drums and banjo, had a hit with Truck Drivin' Man in 1963, and was honoured in a song written by Haggard in the 1970s called Bill Woods From Bakersfield. After leaving the Blackboard, he appeared regularly on a country-music television show, became a popular disc jockey, and toured with Haggard playing piano. He also took up stock-car racing, but in 1963 his car was hit twice simultaneously and he dislocated two vertebrae. Three years later, another accident ended his driving career and cut down his music work. He leaves a wife, with whom he had nine children. Billy 'Bill' Woods, country-music player, born May 12 1924; died April 30 2000",
      "charCount": "3632"
    },
    "isHosted": false,
    "pillarId": "pillar/news",
    "pillarName": "News"
  }
]