[
  {
    "id": "football/2000/feb/11/newsstory.sport3",
    "type": "article",
    "sectionId": "football",
    "sectionName": "Football",
    "webPublicationDate": "2000-02-11T22:19:39Z",
    "webTitle": "Cut-price Collymore leaves Villa to pick up tab",
    "webUrl": "https://www.theguardian.com/football/2000/feb/11/newsstory.sport3",
    "apiUrl": "https://content.guardianapis.com/football/2000/feb/11/newsstory.sport3",
    "fields": {
      "headline": "Cut-price Collymore leaves Villa to pick up tab",
      "trailText": "<p>Stan Collymore yesterday showed little sorrow about leaving the club he supported as a boy, Aston Villa, as he spoke about his move across the midlands to Leicester City..</p>",
      "byline": "Adrian Milledge",
      "main": "",
      "body": "<p>Stan Collymore looked remarkably unconcerned after completing his latest painful move yesterday, 40 miles across the midlands to Leicester City. Dressed in black slacks and matching shirt for his Filbert Street introductions, the 29-year-old, who arrived late for the press conference, showed little sorrow about leaving the club he supported as a boy, Aston Villa, after 2 unhappy years. </p> <p>\"We all make mistakes but mine have been lived out in the public eye,\" he said. \"God willing, I've come through it and I'm a stronger person. I always wanted to play for Villa, they were my club, but my time there turned into a nightmare. </p> <p>\"I told the chairman and manager I wanted to play for them after I came out of the Priory clinic but I was excluded from the first-team set-up. Now I want to be given the opportunity to have a future.\" </p> <p>Being given that chance is costing Collymore a relative packet. Having earned \u00a320,000 a week at Villa, he is understood to have agreed an \u00a38,000-a-week pay-cut to join Leicester. To most observers, though, it is City who have taken an even bigger gamble. </p> <p>But sitting alongside Collymore, their manager Martin O'Neill looked similarly unconcerned. The \u00a3500,000 fee Villa will receive has been astutely negotiated by City's chairman John Elsom: to be paid in two instalments, Collymore will have to play 50 games before the debt is satisfied. Which is one more start than he made in his time at Villa Park, and \u00a36.5m less than the club-record fee they paid Liverpool in May, 1997. </p> <p>O'Neill maintained Collymore would be an asset on the pitch. \"At his best he's magnificent,\" he said. \"At 80% he'll still be good news for us. If he does have problems, there's plenty of people to talk to.\" </p> <p>Not least the Leicester players who, according to the long-serving defender Steve Walsh, will roll out the welcome mat but not the red carpet. </p> <p>\"The lads don't pre-judge anybody,\" Walsh said. \"We'll welcome him but he's just another player, so they'll be no special treatment. But if he lets us down he'll be back to square one. Stan knows that.\" </p> <p>Back at Bodymore Heath, where Collymore ended his days at Villa training with the youth team, his former manager John Gregory was in conciliatory mood. \"Unfortunately Stan didn't give me enough quality performances on the field,\" he said. \"But there are no hard feelings from my end - I hope he takes his chance and would like to thank him for the contribution he has made to the club.\" With each of his 15 goals costing \u00a3433,333, it was an expensive one. </p> <p>Paul Merson, a former team-mate of Collymore's at Villa, said: \"It might be a new club but it's still the same you. And it's up to that person to work things out - a club won't change him. </p> <p>\"I discovered that when I moved from Middlesbrough to Aston Villa. I could have been in Milan playing with Ronaldo and I wouldn't have been happy. So if Stan sorts himself out then it won't matter who he's playing for. He's got the talent; it's up to him to knuckle down and use it.\"</p>",
      "newspaperPageNumber": "34",
      "wordcount": "536",
      "commentable": "false",
      "isPremoderated": "false",
      "lastModified": "2017-02-20T22:35:06Z",
      "newspaperEditionDate": "2000-02-11T00:00:00Z",
      "productionOffice": "UK",
      "publication": "theguardian.com",
      "shortUrl": "https://gu.com/p/x4bdf",
      "shouldHideAdverts": "false",
      "showInRelatedContent": "true",
      "legallySensitive": "false",
      "lang": "en",
      "bodyText": "Stan Collymore looked remarkably unconcerned after completing his latest painful move yesterday, 40 miles across the midlands to Leicester City. Dressed in black slacks and matching shirt for his Filbert Street introductions, the 29-year-old, who arrived late for the press conference, showed little sorrow about leaving the club he supported as a boy, Aston Villa, after 2 unhappy years. \"We all make mistakes but mine have been lived out in the public eye,\" he said. \"God willing, I've come through it and I'm a stronger person. I always wanted to play for Villa, they were my club, but my time there turned into a nightmare. \"I told the chairman and manager I wanted to play for them after I came out of the Priory clinic but I was excluded from the first-team set-up. Now I want to be given the opportunity to have a future.\" Being given that chance is costing Collymore a relative packet. Having earned \u00a320,000 a week at Villa, he is understood to have agreed an \u00a38,000-a-week pay-cut to join Leicester. To most observers, though, it is City who have taken an even bigger gamble. But sitting alongside Collymore, their manager Martin O'Neill looked similarly unconcerned. The \u00a3500,000 fee Villa will receive has been astutely negotiated by City's chairman John Elsom: to be paid in two instalments, Collymore will have to play 50 games before the debt is satisfied. Which is one more start than he made in his time at Villa Park, and \u00a36.5m less than the club-record fee they paid Liverpool in May, 1997. O'Neill maintained Collymore would be an asset on the pitch. \"At his best he's magnificent,\" he said. \"At 80% he'll still be good news for us. If he does have problems, there's plenty of people to talk to.\" Not least the Leicester players who, according to the long-serving defender Steve Walsh, will roll out the welcome mat but not the red carpet. \"The lads don't pre-judge anybody,\" Walsh said. \"We'll welcome him but he's just another player, so they'll be no special treatment. But if he lets us down he'll be back to square one. Stan knows that.\" Back at Bodymore Heath, where Collymore ended his days at Villa training with the youth team, his former manager John Gregory was in conciliatory mood. \"Unfortunately Stan didn't give me enough quality performances on the field,\" he said. \"But there are no hard feelings from my end - I hope he takes his chance and would like to thank him for the contribution he has made to the club.\" With each of his 15 goals costing \u00a3433,333, it was an expensive one. Paul Merson, a former team-mate of Collymore's at Villa, said: \"It might be a new club but it's still the same you. And it's up to that person to work things out - a club won't change him. \"I discovered that when I moved from Middlesbrough to Aston Villa. I could have been in Milan playing with Ronaldo and I wouldn't have been happy. So if Stan sorts himself out then it won't matter who he's playing for. He's got the talent; it's up to him to knuckle down and use it.\"",
      "charCount": "2990"
    },
    "isHosted": false,
    "pillarId": "pillar/sport",
    "pillarName": "Sport"
  },
  {
    "id": "media/2000/feb/11/mondaymediasection.bbc",
    "type": "article",
    "sectionId": "media",
    "sectionName": "Media",
    "webPublicationDate": "2000-02-11T16:31:47Z",
    "webTitle": "Blind to get TV licence fee halved",
    "webUrl": "https://www.theguardian.com/media/2000/feb/11/mondaymediasection.bbc",
    "apiUrl": "https://content.guardianapis.com/media/2000/feb/11/mondaymediasection.bbc",
    "fields": {
      "headline": "Blind to get TV licence fee halved",
      "standfirst": "<a href=\"http://www.newsunlimited.co.uk/BBC/\">The future of the BBC: special report </a>",
      "trailText": "<p>Blind people will be qualify for a half-price licence fee in a concession which will cost the BBC up to &#163;22m a year, Whitehall sources confirmed yesterday.  </p>",
      "byline": "Janine Gibson, Media Correspondent",
      "main": "",
      "body": "<p>Blind people will be qualify for a half-price licence fee in a concession which will cost the BBC up to \u00a322m a year, Whitehall sources confirmed yesterday. </p> <p>The recommendation made by economist Gavyn Davies' panel into the future of the corporation's funding is understood to have been accepted by government and will be announced, along with a rise in BBC income in the next week or so. The move follows the introduction of some licence fee concessions to the elderly, announced in the last budget. </p> <p>Around 400,000 blind people are estimated to qualify for the proposed reduction in the licence fee - roughly double the current number of registered blind. To date the registered blind have been entitled to a concession of just \u00a31.25 on the \u00a3101 fee, which only 30,000 people have taken up, despite research showing that 94% of the 1.7m people with serious sight problems use television. </p> <p>Government figures show that the cost to the BBC of an expected rise in take up of the concession would be somewhere between \u00a310m and \u00a322m. It is the first confirmed proposal to emerge from the Davies report and a strong indication that the government intends to raise the licence fee when it pronounces on the future funding of the corporation. </p> <p>Although there is still thought to be dispute between the treasury, Downing Street and the department of culture, media and sport over the method of increasing the BBC's funding, sources suggest that the corporation has won the battle to persuade government that it needs more money for its digital plans. </p> <p>Chris Smith, the secretary of state for media is thought to believe that on the basis of a report from external efficiency consultants sent into the BBC that its programme plans merit extra funding. But no consensus has yet been achieved on which of the three possible options for increasing its funding should be used. </p> <p>The BBC's commercial rivals have argued strongly against the digital licence fee, which they term a \"digital tax\", recommended by the Davies report. The levy, which has been considered at amounts ranging from \u00a35 to over \u00a320, would be paid by digital subscribers on top of the existing licence fee. Other options still being considered are an across the board rise in the fee or a combination of the two.</p>",
      "newspaperPageNumber": "11",
      "wordcount": "390",
      "commentable": "false",
      "isPremoderated": "false",
      "lastModified": "2017-08-19T08:32:51Z",
      "newspaperEditionDate": "2000-02-11T00:00:00Z",
      "productionOffice": "UK",
      "publication": "The Guardian",
      "shortUrl": "https://gu.com/p/32k3",
      "shouldHideAdverts": "false",
      "showInRelatedContent": "true",
      "legallySensitive": "false",
      "lang": "en",
      "bodyText": "Blind people will be qualify for a half-price licence fee in a concession which will cost the BBC up to \u00a322m a year, Whitehall sources confirmed yesterday. The recommendation made by economist Gavyn Davies' panel into the future of the corporation's funding is understood to have been accepted by government and will be announced, along with a rise in BBC income in the next week or so. The move follows the introduction of some licence fee concessions to the elderly, announced in the last budget. Around 400,000 blind people are estimated to qualify for the proposed reduction in the licence fee - roughly double the current number of registered blind. To date the registered blind have been entitled to a concession of just \u00a31.25 on the \u00a3101 fee, which only 30,000 people have taken up, despite research showing that 94% of the 1.7m people with serious sight problems use television. Government figures show that the cost to the BBC of an expected rise in take up of the concession would be somewhere between \u00a310m and \u00a322m. It is the first confirmed proposal to emerge from the Davies report and a strong indication that the government intends to raise the licence fee when it pronounces on the future funding of the corporation. Although there is still thought to be dispute between the treasury, Downing Street and the department of culture, media and sport over the method of increasing the BBC's funding, sources suggest that the corporation has won the battle to persuade government that it needs more money for its digital plans. Chris Smith, the secretary of state for media is thought to believe that on the basis of a report from external efficiency consultants sent into the BBC that its programme plans merit extra funding. But no consensus has yet been achieved on which of the three possible options for increasing its funding should be used. The BBC's commercial rivals have argued strongly against the digital licence fee, which they term a \"digital tax\", recommended by the Davies report. The levy, which has been considered at amounts ranging from \u00a35 to over \u00a320, would be paid by digital subscribers on top of the existing licence fee. Other options still being considered are an across the board rise in the fee or a combination of the two.",
      "charCount": "2262"
    },
    "isHosted": false,
    "pillarId": "pillar/news",
    "pillarName": "News"
  },
  {
    "id": "business/2000/feb/11/11",
    "type": "article",
    "sectionId": "business",
    "sectionName": "Business",
    "webPublicationDate": "2000-02-11T16:22:23Z",
    "webTitle": "Fuel gauge: Shell profits back on track",
    "webUrl": "https://www.theguardian.com/business/2000/feb/11/11",
    "apiUrl": "https://content.guardianapis.com/business/2000/feb/11/11",
    "fields": {
      "headline": "Fuel gauge: Shell profits back on track",
      "trailText": "<p>Shell, the oil dinosaur turned darling among investors, yesterday reported record fourth-quarter profits of $2.23bn (&#163;1.4bn) - a 173% rise on last year. </p>",
      "byline": "David Gow",
      "main": "",
      "body": "<p>Shell, the oil dinosaur turned darling among investors, yesterday reported record fourth-quarter profits of $2.23bn (\u00a31.4bn) - a 173% rise on last year. </p> <p>The surge in earnings, driven by higher crude oil prices and an extensive restructuring programme, helped boost 1999 net earnings to $7.09bn, up 38%, and the return on capital to 12.1% from 2.8%. </p> <p>With Opec, the oil producers' club, under strong pressure from the west - which is worried about the inflationary impact of prices at around $25 a barrel compared with $10 a year ago - to lift its year-old production curbs when ministers next meet in March, Shell said prospects were unpredictable. </p> <p>But Mark Moody-Stuart, chairman of the Royal Dutch/Shell group, said increasing demand and low inventories should ensure that prices remained above the historic $15 to $20 a barrel range for the next few months. </p> <p>Shell has overtaken BP Amoco among investors' affections recently as its British-based rival gets snarled up in a battle with US regulators over its takeover of Atlantic Richfield, and its shares rose 33p in London to close at 450p. BP closed up 21p at 487p. </p> <p>Market sentiment has moved Shell's way because of evidence that the cost-cutting programme is working and Mr Moody-Stuart said the improvements had come well ahead of plan. </p> <p>The savings were $2bn for the year and well on the way towards the new $4bn annual target from 2001. </p> <p>The group, which declared a 3.7% increase in the annual dividend for Shell to 14p, is also able to proceed with its plans for a substantial share buyback now Dutch legal hurdles have been lifted.</p>",
      "newspaperPageNumber": "28",
      "wordcount": "275",
      "commentable": "false",
      "isPremoderated": "false",
      "lastModified": "2000-02-11T01:36:25Z",
      "newspaperEditionDate": "2000-02-11T00:00:00Z",
      "productionOffice": "UK",
      "publication": "theguardian.com",
      "shortUrl": "https://gu.com/p/32kg",
      "shouldHideAdverts": "false",
      "showInRelatedContent": "true",
      "legallySensitive": "false",
      "lang": "en",
      "bodyText": "Shell, the oil dinosaur turned darling among investors, yesterday reported record fourth-quarter profits of $2.23bn (\u00a31.4bn) - a 173% rise on last year. The surge in earnings, driven by higher crude oil prices and an extensive restructuring programme, helped boost 1999 net earnings to $7.09bn, up 38%, and the return on capital to 12.1% from 2.8%. With Opec, the oil producers' club, under strong pressure from the west - which is worried about the inflationary impact of prices at around $25 a barrel compared with $10 a year ago - to lift its year-old production curbs when ministers next meet in March, Shell said prospects were unpredictable. But Mark Moody-Stuart, chairman of the Royal Dutch/Shell group, said increasing demand and low inventories should ensure that prices remained above the historic $15 to $20 a barrel range for the next few months. Shell has overtaken BP Amoco among investors' affections recently as its British-based rival gets snarled up in a battle with US regulators over its takeover of Atlantic Richfield, and its shares rose 33p in London to close at 450p. BP closed up 21p at 487p. Market sentiment has moved Shell's way because of evidence that the cost-cutting programme is working and Mr Moody-Stuart said the improvements had come well ahead of plan. The savings were $2bn for the year and well on the way towards the new $4bn annual target from 2001. The group, which declared a 3.7% increase in the annual dividend for Shell to 14p, is also able to proceed with its plans for a substantial share buyback now Dutch legal hurdles have been lifted.",
      "charCount": "1588"
    },
    "isHosted": false,
    "pillarId": "pillar/news",
    "pillarName": "News"
  },
  {
    "id": "business/2000/feb/11/oil",
    "type": "article",
    "sectionId": "business",
    "sectionName": "Business",
    "webPublicationDate": "2000-02-11T11:20:44Z",
    "webTitle": "Opec meeting has markets over a barrel",
    "webUrl": "https://www.theguardian.com/business/2000/feb/11/oil",
    "apiUrl": "https://content.guardianapis.com/business/2000/feb/11/oil",
    "fields": {
      "headline": "Opec meeting has markets over a barrel",
      "standfirst": "EU has reason to be nervous",
      "trailText": "<p>Next month the Organisation of Petroleum Exporting Countries meets in full array. In recent years the annual gathering has been regarded as a sideshow by the world's economic movers and shakers. The days of oil price shocks were over, weren't they? This year it will be different. A year ago, with the oil price on the floor at $10 a barrel, Opec agreed production cuts. Nothing new there. Opec production cuts are akin to new year's resolutions and usually last about as long.</p>",
      "main": "",
      "body": "<p>Next month the Organisation of Petroleum Exporting Countries meets in full array. In recent years the annual gathering has been regarded as a sideshow by the world's economic movers and shakers. The days of oil price shocks were over, weren't they? This year it will be different. A year ago, with the oil price on the floor at $10 a barrel, Opec agreed production cuts. Nothing new there. Opec production cuts are akin to new year's resolutions and usually last about as long. </p> <p>But Opec has kept its discipline over the past 12 months. As a result the oil price has recovered to around $27 a barrel. Little wonder then that the European Commission suggested yesterday that the forthcoming Opec meeting would be \"extremely important\". </p> <p>To date the global economy has shrugged off the impact of rising oil prices. Growth in the US appears robust and there are signs of recovery in Europe and parts of Asia. Although inflation is nudging up, it remains relatively subdued and the oil price effect should work its way through the data over the next few months. </p> <p>But theory is one thing, reality another. The EU might be confident that the economic impact of dearer oil is not what it was 25 years ago. Yet policy-makers and markets are nervous. US and European rates are on the rise. The UK chipped in with its latest contribution yesterday. Though the Japanese Nikkei reached 20,000 this week the 250-point fall on Wall Street on Wednesday night is a better illustration of the prevailing mood. </p> <p>In a sense markets are not inured to crises but they are becoming more used to them, almost to expect them. As a recent paper from the Bank for International Settlements noted somewhat understatedly: \"Both the frequency and severity of international financial crises seem to have been rising over the past 20 years or so.\" In 1997 it was south-east Asia that set off global market turbulence. The year after it was Russia's turn. Last year was crisis-free, although pessimists had fun with the millennium bug. </p> <p>Hence the EU's appeal to Opec to consider global growth in next month's deliberations. The oil producers are aware that if they overdo the curbs they will hurt themselves as well as the rest of the world. An output level which keeps oil at around, say, $20 to $22 a barrel would probably be sustainable for both producers and consumers. But setting the oil price is far from an exact science. As World Oil Trends 2000 pointed out earlier this week: \"Any small supply deficits or surpluses can dramatically affect oil commodity prices, as swings over the past two years have shown.\" </p> <p>Getting it right without spooking markets already half inclined to look for crises will be a testing task. </p> <p><strong>Conspiracy talk</strong></p> <p>As expected, the Bank of England's monetary policy committee raised interest rates yesterday but already City analysts are pencilling in another rise. The only question appears to be when. </p> <p>The MPC has shown itself more than willing to move interest rates in quick succession, to seek an incremental approach rather than shock therapy. </p> <p>But will it go next month or the month after or wait even longer? The calculation is complicated by the budget, which is due to be revealed on March 21. </p> <p>The relationship between the committee and the Treasury has been under scrutiny from the moment Gordon Brown gave the Bank of England control of monetary policy. </p> <p>The usual focus of the debate has been the extent to which Mr Brown would seek to influence the MPC's decisions and it is true that he has dropped the occasional hint. </p> <p>The area of real importance, however, is the relationship between fiscal policy and monetary policy. The problem for the MPC is that if it raises rates next month it might be accused of trying to preempt Mr Brown but if it goes a month later - after the budget - it could be seen as delivering a judgment on the chancellor's handling of his half of economic management. Conspiracy theorists will find grist for their mill either way, so the committee should simply call rates as it sees them. </p> <p><strong>Hollow protests</strong></p> <p>Philip Green's decision not to bid for Marks &amp; Spencer is no great surprise. There is a big difference between taking over Sears and mounting a hostile bid for M&amp;S, even at the current share price. Mr Green's protestations of shock at M&amp;S tactics ring a trifle hollow. He must have known what could happen when he let it be known he was considering a bid. The interesting fact for M&amp;S is that Mr Green's intervention did not flush out a rival. Though bid speculation is likely to continue to swirl around the retailer, new chairman Luc Vandervelde might get longer than some expected to get M&amp;S back in the City's good books.</p>",
      "newspaperPageNumber": "28",
      "wordcount": "820",
      "commentable": "false",
      "isPremoderated": "false",
      "lastModified": "2000-02-11T01:36:24Z",
      "newspaperEditionDate": "2000-02-11T00:00:00Z",
      "productionOffice": "UK",
      "publication": "theguardian.com",
      "shortUrl": "https://gu.com/p/32kt",
      "shouldHideAdverts": "false",
      "showInRelatedContent": "true",
      "legallySensitive": "false",
      "lang": "en",
      "bodyText": "Next month the Organisation of Petroleum Exporting Countries meets in full array. In recent years the annual gathering has been regarded as a sideshow by the world's economic movers and shakers. The days of oil price shocks were over, weren't they? This year it will be different. A year ago, with the oil price on the floor at $10 a barrel, Opec agreed production cuts. Nothing new there. Opec production cuts are akin to new year's resolutions and usually last about as long. But Opec has kept its discipline over the past 12 months. As a result the oil price has recovered to around $27 a barrel. Little wonder then that the European Commission suggested yesterday that the forthcoming Opec meeting would be \"extremely important\". To date the global economy has shrugged off the impact of rising oil prices. Growth in the US appears robust and there are signs of recovery in Europe and parts of Asia. Although inflation is nudging up, it remains relatively subdued and the oil price effect should work its way through the data over the next few months. But theory is one thing, reality another. The EU might be confident that the economic impact of dearer oil is not what it was 25 years ago. Yet policy-makers and markets are nervous. US and European rates are on the rise. The UK chipped in with its latest contribution yesterday. Though the Japanese Nikkei reached 20,000 this week the 250-point fall on Wall Street on Wednesday night is a better illustration of the prevailing mood. In a sense markets are not inured to crises but they are becoming more used to them, almost to expect them. As a recent paper from the Bank for International Settlements noted somewhat understatedly: \"Both the frequency and severity of international financial crises seem to have been rising over the past 20 years or so.\" In 1997 it was south-east Asia that set off global market turbulence. The year after it was Russia's turn. Last year was crisis-free, although pessimists had fun with the millennium bug. Hence the EU's appeal to Opec to consider global growth in next month's deliberations. The oil producers are aware that if they overdo the curbs they will hurt themselves as well as the rest of the world. An output level which keeps oil at around, say, $20 to $22 a barrel would probably be sustainable for both producers and consumers. But setting the oil price is far from an exact science. As World Oil Trends 2000 pointed out earlier this week: \"Any small supply deficits or surpluses can dramatically affect oil commodity prices, as swings over the past two years have shown.\" Getting it right without spooking markets already half inclined to look for crises will be a testing task. Conspiracy talk As expected, the Bank of England's monetary policy committee raised interest rates yesterday but already City analysts are pencilling in another rise. The only question appears to be when. The MPC has shown itself more than willing to move interest rates in quick succession, to seek an incremental approach rather than shock therapy. But will it go next month or the month after or wait even longer? The calculation is complicated by the budget, which is due to be revealed on March 21. The relationship between the committee and the Treasury has been under scrutiny from the moment Gordon Brown gave the Bank of England control of monetary policy. The usual focus of the debate has been the extent to which Mr Brown would seek to influence the MPC's decisions and it is true that he has dropped the occasional hint. The area of real importance, however, is the relationship between fiscal policy and monetary policy. The problem for the MPC is that if it raises rates next month it might be accused of trying to preempt Mr Brown but if it goes a month later - after the budget - it could be seen as delivering a judgment on the chancellor's handling of his half of economic management. Conspiracy theorists will find grist for their mill either way, so the committee should simply call rates as it sees them. Hollow protests Philip Green's decision not to bid for Marks &amp; Spencer is no great surprise. There is a big difference between taking over Sears and mounting a hostile bid for M&amp;S, even at the current share price. Mr Green's protestations of shock at M&amp;S tactics ring a trifle hollow. He must have known what could happen when he let it be known he was considering a bid. The interesting fact for M&amp;S is that Mr Green's intervention did not flush out a rival. Though bid speculation is likely to continue to swirl around the retailer, new chairman Luc Vandervelde might get longer than some expected to get M&amp;S back in the City's good books.",
      "charCount": "4677"
    },
    "isHosted": false,
    "pillarId": "pillar/news",
    "pillarName": "News"
  },
  {
    "id": "business/2000/feb/11/ftse.stockmarkets",
    "type": "article",
    "sectionId": "business",
    "sectionName": "Business",
    "webPublicationDate": "2000-02-11T01:36:23Z",
    "webTitle": "Vodafone sets sights on universe",
    "webUrl": "https://www.theguardian.com/business/2000/feb/11/ftse.stockmarkets",
    "apiUrl": "https://content.guardianapis.com/business/2000/feb/11/ftse.stockmarkets",
    "fields": {
      "headline": "Vodafone sets sights on universe",
      "standfirst": "Market forces",
      "trailText": "<p>This is your early morning wake-up call. By close of play today the FTSE International will be deciding, on the basis of its closing price, the weighting Vodafone Airtouch will acquire within its indexes, notably within the premier league of the UK's top 100 companies. </p>",
      "byline": "David Gow",
      "main": "",
      "body": "<p>This is your early morning wake-up call. By close of play today the FTSE International will be deciding, on the basis of its closing price, the weighting Vodafone Airtouch will acquire within its indexes, notably within the premier league of the UK's top 100 companies. </p> <p>But the game threatens to be a roller-coaster ride as tracker funds pour into Vodafone to reflect its increased value - to around \u00a3200bn, or the world's fourth largest corporate group - now that its offer of 58.96 shares for every Mannesmann share has gone unconditional. </p> <p>Yesterday, with Vodafone saying it had won 60.3% acceptances for its \u20ac171bn offer, the stock initially proved surprisingly sluggish before a belated surge in the afternoon produced a near-record result: 1.18bn shares changed hands compared with the 1.4bn traded in the immediate run-up to last Thursday's turning-point of a friendly merger with its German prey. </p> <p>Just before 2pm the FTSE announced that the number of Vodafone shares would be increased by around 17.6bn to some 48.7bn at today's close. But, if there is a late run of acceptances before 8am, the increase will be even bigger. </p> <p>There will then follow the all-important decision on weighting before Monday's opening, with the bulk of expectations settling around the 15% mark. It could be even bigger - and Chris Gent, Vodafone's chief executive, no slouch he, is already thinking of expanding his empire, into Spain first and then, no doubt, the universe. </p> <p>This is already causing consternation, chaos and confusion, with the FTSE musing aloud that the weighting should be limited to 10%. </p> <p>Companies with tangible assets and genuine prospects are being dumped as the funds switch to Vodafone (and other telecoms, media and internet stocks). </p> <p>This trend, reinforced by Wall Street's flat opening, continued yesterday when Vodafone itself took on 8p to close at 343p. Brokers such as Dresdner Kleinwort Benson are already pencilling in a 520p target. </p> <p>Mannesmann drops out of the DAX30 on Monday, to be replaced by software group Epcos which rose 23% on the news.</p>",
      "newspaperPageNumber": "30",
      "wordcount": "344",
      "commentable": "false",
      "isPremoderated": "false",
      "lastModified": "2000-02-11T01:36:23Z",
      "newspaperEditionDate": "2000-02-11T00:00:00Z",
      "productionOffice": "UK",
      "publication": "theguardian.com",
      "shortUrl": "https://gu.com/p/32kp",
      "shouldHideAdverts": "false",
      "showInRelatedContent": "true",
      "legallySensitive": "false",
      "lang": "en",
      "bodyText": "This is your early morning wake-up call. By close of play today the FTSE International will be deciding, on the basis of its closing price, the weighting Vodafone Airtouch will acquire within its indexes, notably within the premier league of the UK's top 100 companies. But the game threatens to be a roller-coaster ride as tracker funds pour into Vodafone to reflect its increased value - to around \u00a3200bn, or the world's fourth largest corporate group - now that its offer of 58.96 shares for every Mannesmann share has gone unconditional. Yesterday, with Vodafone saying it had won 60.3% acceptances for its \u20ac171bn offer, the stock initially proved surprisingly sluggish before a belated surge in the afternoon produced a near-record result: 1.18bn shares changed hands compared with the 1.4bn traded in the immediate run-up to last Thursday's turning-point of a friendly merger with its German prey. Just before 2pm the FTSE announced that the number of Vodafone shares would be increased by around 17.6bn to some 48.7bn at today's close. But, if there is a late run of acceptances before 8am, the increase will be even bigger. There will then follow the all-important decision on weighting before Monday's opening, with the bulk of expectations settling around the 15% mark. It could be even bigger - and Chris Gent, Vodafone's chief executive, no slouch he, is already thinking of expanding his empire, into Spain first and then, no doubt, the universe. This is already causing consternation, chaos and confusion, with the FTSE musing aloud that the weighting should be limited to 10%. Companies with tangible assets and genuine prospects are being dumped as the funds switch to Vodafone (and other telecoms, media and internet stocks). This trend, reinforced by Wall Street's flat opening, continued yesterday when Vodafone itself took on 8p to close at 343p. Brokers such as Dresdner Kleinwort Benson are already pencilling in a 520p target. Mannesmann drops out of the DAX30 on Monday, to be replaced by software group Epcos which rose 23% on the news.",
      "charCount": "2061"
    },
    "isHosted": false,
    "pillarId": "pillar/news",
    "pillarName": "News"
  },
  {
    "id": "business/2000/feb/11/interestrates.interestrates",
    "type": "article",
    "sectionId": "business",
    "sectionName": "Business",
    "webPublicationDate": "2000-02-11T00:00:00Z",
    "webTitle": "The easy way out",
    "webUrl": "https://www.theguardian.com/business/2000/feb/11/interestrates.interestrates",
    "apiUrl": "https://content.guardianapis.com/business/2000/feb/11/interestrates.interestrates",
    "fields": {
      "headline": "The easy way out",
      "standfirst": "Raising interest rates will do real harm",
      "trailText": "<p>Interest rates went up yet again yesterday - this time to 6%. They were raised to deal with a threat of inflation which does not look real. And they could, by boosting the pound, make the state of some struggling industries even more desperate, while feeding the growing complaint in the regions that their interests are being sabotaged in the cause of damping down the economy of the south-east. </p>",
      "main": "",
      "body": "<p>Interest rates went up yet again yesterday - this time to 6%. They were raised to deal with a threat of inflation which does not look real. And they could, by boosting the pound, make the state of some struggling industries even more desperate, while feeding the growing complaint in the regions that their interests are being sabotaged in the cause of damping down the economy of the south-east. </p> <p>The Bank of England, whose monetary policy committee (MPC) now sets the rate, is concerned that a fast recovering economy, with spending fuelled by house price inflation in parts of the country, might reignite inflation. If the future were going to be a carbon copy of the past that might be true. But it is not. Three things have changed. First, there has been a return to Old Economy conditions before the oil price explosions of the 1970s ushered in an (exceptional) 25 years of inflation. Second, globalisation has given consumers and producers increased access to cheaper sources of supply. Third, and most important, the impact of the internet. For the consumer, being able to buy online not only cuts out intermediaries but enables users to trawl globally for cheaper sources of supply. </p> <p>It is true, as the bank would argue, that e-commerce is a small proportion of activity, but that is not the point. Producers know that web commerce will explode and that alters their present perception of future price increases. Even more important than business to consumer trade is company to company trade. This will account for up to 80% of the impact of the internet on business. The huge cost savings generated will help firms maintain profits during a period of digital deflation when it will be difficult to raise prices. And in any case: where is the evidence of inflation? The latest figures showed a fall in wage settlements and the government's official index puts price inflation at a modest 2.2%. If the recent oil price rise is excluded, inflation would be down to only 1.5% - a level so low it would require the MPC to explain to the chancellor why they weren't nearer the official target of 2.5%. The bank is worried that the volume of retail sales has risen by 3.5% over the past year. But the value has only risen by 3.3%. Why? Because shops cannot make price rises stick. </p> <p>Meanwhile the pound has soared to dizzy heights that make exporting so difficult that companies have started to source components abroad in a major way. The single biggest complaint of the farming industry is the strength of the pound, yet the government acts as though there is nothing it can do. It is wrong to suppose that interest rates have to be raised, causing serious problems for manufacturing and the regions, just because house prices soar in the south. The government could increase stamp duty or legislate to lay down minimum mortgage deposits. If interest rates were brought down to nearer European levels then the pound might fall - switching the engine of growth from imports to exports. The US realised early on that globalisation and the internet could enable economies to grow faster without running into inflationary problems. As a result the US economy has expanded 4% on average for four years without hitting the inflation buffers. There are encouraging signs of strong technological change in the UK - but we will never know whether this could have enabled the economy to grow faster without inflation because of the Pavlovian reaction of the authorities. Growth shows signs of pushing up towards 3% and what do they do? They throw in the towel.</p>",
      "newspaperPageNumber": "25",
      "wordcount": "615",
      "commentable": "false",
      "isPremoderated": "false",
      "lastModified": "2001-12-12T00:00:00Z",
      "newspaperEditionDate": "2000-02-11T00:00:00Z",
      "productionOffice": "UK",
      "publication": "theguardian.com",
      "shortUrl": "https://gu.com/p/32k5",
      "shouldHideAdverts": "false",
      "showInRelatedContent": "true",
      "legallySensitive": "false",
      "lang": "en",
      "bodyText": "Interest rates went up yet again yesterday - this time to 6%. They were raised to deal with a threat of inflation which does not look real. And they could, by boosting the pound, make the state of some struggling industries even more desperate, while feeding the growing complaint in the regions that their interests are being sabotaged in the cause of damping down the economy of the south-east. The Bank of England, whose monetary policy committee (MPC) now sets the rate, is concerned that a fast recovering economy, with spending fuelled by house price inflation in parts of the country, might reignite inflation. If the future were going to be a carbon copy of the past that might be true. But it is not. Three things have changed. First, there has been a return to Old Economy conditions before the oil price explosions of the 1970s ushered in an (exceptional) 25 years of inflation. Second, globalisation has given consumers and producers increased access to cheaper sources of supply. Third, and most important, the impact of the internet. For the consumer, being able to buy online not only cuts out intermediaries but enables users to trawl globally for cheaper sources of supply. It is true, as the bank would argue, that e-commerce is a small proportion of activity, but that is not the point. Producers know that web commerce will explode and that alters their present perception of future price increases. Even more important than business to consumer trade is company to company trade. This will account for up to 80% of the impact of the internet on business. The huge cost savings generated will help firms maintain profits during a period of digital deflation when it will be difficult to raise prices. And in any case: where is the evidence of inflation? The latest figures showed a fall in wage settlements and the government's official index puts price inflation at a modest 2.2%. If the recent oil price rise is excluded, inflation would be down to only 1.5% - a level so low it would require the MPC to explain to the chancellor why they weren't nearer the official target of 2.5%. The bank is worried that the volume of retail sales has risen by 3.5% over the past year. But the value has only risen by 3.3%. Why? Because shops cannot make price rises stick. Meanwhile the pound has soared to dizzy heights that make exporting so difficult that companies have started to source components abroad in a major way. The single biggest complaint of the farming industry is the strength of the pound, yet the government acts as though there is nothing it can do. It is wrong to suppose that interest rates have to be raised, causing serious problems for manufacturing and the regions, just because house prices soar in the south. The government could increase stamp duty or legislate to lay down minimum mortgage deposits. If interest rates were brought down to nearer European levels then the pound might fall - switching the engine of growth from imports to exports. The US realised early on that globalisation and the internet could enable economies to grow faster without running into inflationary problems. As a result the US economy has expanded 4% on average for four years without hitting the inflation buffers. There are encouraging signs of strong technological change in the UK - but we will never know whether this could have enabled the economy to grow faster without inflation because of the Pavlovian reaction of the authorities. Growth shows signs of pushing up towards 3% and what do they do? They throw in the towel.",
      "charCount": "3552"
    },
    "isHosted": false,
    "pillarId": "pillar/news",
    "pillarName": "News"
  }
]