[
  {
    "id": "money/2000/apr/03/workandcareers.madeleinebunting4",
    "type": "article",
    "sectionId": "money",
    "sectionName": "Money",
    "webPublicationDate": "2000-04-02T23:00:00Z",
    "webTitle": "A child of her time",
    "webUrl": "https://www.theguardian.com/money/2000/apr/03/workandcareers.madeleinebunting4",
    "apiUrl": "https://content.guardianapis.com/money/2000/apr/03/workandcareers.madeleinebunting4",
    "fields": {
      "headline": "A child of her time",
      "standfirst": "Holly Sait gets up at 5.30am every Saturday and knows more than a little about boy bands. But that's the price of her job in TV, she tells  Dolly Dhingra<br /><br /><a href=\"http://www.workunlimited.co.uk/\">Work Unlimited</a>",
      "trailText": "<p>Holly Sait wanted to follow in her father's footsteps and pursue a career in law, but that was before she realised the power a hand puppet can have on a woman's life. \"I got a couple of weeks' work experience on the Sooty show while I was at university. It was the first time I had seen a TV studio and I thought it was really exciting. Law went right out of the window because it just looked too serious in comparison,\" she says. </p>",
      "byline": "Dolly Dhingra",
      "main": "",
      "body": "<p>Holly Sait wanted to follow in her father's footsteps and pursue a career in law, but that was before she realised the power a hand puppet can have on a woman's life. \"I got a couple of weeks' work experience on the Sooty show while I was at university. It was the first time I had seen a TV studio and I thought it was really exciting. Law went right out of the window because it just looked too serious in comparison,\" she says. </p> <p>For the past 14 months 25-year-old Sait has been working as production coordinator for the children's magazine programme SM:TV and music chart show CD:UK, both aired live back-to-back on ITV on Saturday mornings. One major drawback is the early start. \"It's nasty but I have to get up for 5.30am on Saturday. Going out on Friday night is out of the question: I couldn't do my job with a hangover. I've learnt that I have to be in bed by 10.30pm on Friday, and if ever I want to go out on a Saturday night I have to have a power kip after the show.\" </p> <p>The week begins on Tuesday when Sait busies herself setting up shoots, arranging transport for presenters Ant McPartlin, Dec Donnelly and Cat Deeley, booking hospitality arrangements for guests and child audiences and making sure that floor managers and make-up artists know exactly where and when they are needed. </p> <p>\"I coordinate lots of different departments - I do all the office management stuff. During the week I'm in the production office, and then on Saturdays I'm in the studio offices reading emails, sorting through faxes and answering any queries on phones,\" she says. </p> <p>Organising a live show has its own peculiar stresses. \"If anything happens at the last minute it affects everyone. I get stressed out if Ant, Dec and Cat are going to be late because I'm the one who coordinates their movements. They are extremely punctual and professional, but there could be traffic problems - it reflects on me if they are late. Doing a live show means there's no room to get things wrong.\" </p> <p>Things do occasionally go awry, however. \"We have had guests on who have missed out a few pages of the script while doing a sketch, but viewers don't notice, largely because the presenters are able to pull things off with a bit of ad libbing.\" </p> <p>The show attracts top names in the music industry including Sting, Tom Jones and Noel and Liam Gallagher. \"I do get to meet the stars but only in a polite, 'Can I get you a coffee? Here's your dressing room' kind of way. I try to remain professional but there are some guests that everyone gets excited by. Strangely enough, Oliver Postgate got a lot of attention.\" </p> <p>Oliver who? \"He's the guy behind Bagpuss and the Clangers - there was a stream of people wanting to have their Polaroid taken with him and his creations. I've never known anyone to attract so much attention.\" </p> <p>American stars such as Prince and Mariah Carey tend to arrive with the kind of fanfare not often seen in London's SE1. \"They come with a huge entourage. They'll bring their own make-up people and their own body guards, which is quite interesting to see because it's such an American phenomenon. We don't mind as long as it doesn't jeopardise what we are trying to do in the studio.\" </p> <p>She enjoys the humour of the show and is a particular fan of the character Wonkey Donkey. Tools of the trade on a children's programme are sweet in their simplicity. \"On Saturdays I'm always running around with a pair of scissors and glue for sticking bits of script on presenter cards. I always carry plasters just in case a child cuts a finger.\" </p> <p>Both shows have been running continually for the past 18 months, and while her job may appear glamorous, it's hard work. \"Because it goes out 52 weeks of the year without a break, it means you never get a chance to sort out your desk or clear your in-tray. After the relief of a show going on air on a Saturday, you are straight back in the office working on the next one. </p> <p>\"I suppose 10-year-old children think my job is glamorous because they see me talking to Ant and Dec. But I probably know more than most 25-year-olds should about boy bands. Is that healthy?\"</p>",
      "newspaperPageNumber": "7",
      "wordcount": "746",
      "commentable": "false",
      "isPremoderated": "false",
      "lastModified": "2001-12-12T00:00:00Z",
      "newspaperEditionDate": "2000-04-03T00:00:00Z",
      "productionOffice": "UK",
      "publication": "The Guardian",
      "shortUrl": "https://gu.com/p/35f7",
      "shouldHideAdverts": "false",
      "showInRelatedContent": "true",
      "legallySensitive": "false",
      "lang": "en",
      "bodyText": "Holly Sait wanted to follow in her father's footsteps and pursue a career in law, but that was before she realised the power a hand puppet can have on a woman's life. \"I got a couple of weeks' work experience on the Sooty show while I was at university. It was the first time I had seen a TV studio and I thought it was really exciting. Law went right out of the window because it just looked too serious in comparison,\" she says. For the past 14 months 25-year-old Sait has been working as production coordinator for the children's magazine programme SM:TV and music chart show CD:UK, both aired live back-to-back on ITV on Saturday mornings. One major drawback is the early start. \"It's nasty but I have to get up for 5.30am on Saturday. Going out on Friday night is out of the question: I couldn't do my job with a hangover. I've learnt that I have to be in bed by 10.30pm on Friday, and if ever I want to go out on a Saturday night I have to have a power kip after the show.\" The week begins on Tuesday when Sait busies herself setting up shoots, arranging transport for presenters Ant McPartlin, Dec Donnelly and Cat Deeley, booking hospitality arrangements for guests and child audiences and making sure that floor managers and make-up artists know exactly where and when they are needed. \"I coordinate lots of different departments - I do all the office management stuff. During the week I'm in the production office, and then on Saturdays I'm in the studio offices reading emails, sorting through faxes and answering any queries on phones,\" she says. Organising a live show has its own peculiar stresses. \"If anything happens at the last minute it affects everyone. I get stressed out if Ant, Dec and Cat are going to be late because I'm the one who coordinates their movements. They are extremely punctual and professional, but there could be traffic problems - it reflects on me if they are late. Doing a live show means there's no room to get things wrong.\" Things do occasionally go awry, however. \"We have had guests on who have missed out a few pages of the script while doing a sketch, but viewers don't notice, largely because the presenters are able to pull things off with a bit of ad libbing.\" The show attracts top names in the music industry including Sting, Tom Jones and Noel and Liam Gallagher. \"I do get to meet the stars but only in a polite, 'Can I get you a coffee? Here's your dressing room' kind of way. I try to remain professional but there are some guests that everyone gets excited by. Strangely enough, Oliver Postgate got a lot of attention.\" Oliver who? \"He's the guy behind Bagpuss and the Clangers - there was a stream of people wanting to have their Polaroid taken with him and his creations. I've never known anyone to attract so much attention.\" American stars such as Prince and Mariah Carey tend to arrive with the kind of fanfare not often seen in London's SE1. \"They come with a huge entourage. They'll bring their own make-up people and their own body guards, which is quite interesting to see because it's such an American phenomenon. We don't mind as long as it doesn't jeopardise what we are trying to do in the studio.\" She enjoys the humour of the show and is a particular fan of the character Wonkey Donkey. Tools of the trade on a children's programme are sweet in their simplicity. \"On Saturdays I'm always running around with a pair of scissors and glue for sticking bits of script on presenter cards. I always carry plasters just in case a child cuts a finger.\" Both shows have been running continually for the past 18 months, and while her job may appear glamorous, it's hard work. \"Because it goes out 52 weeks of the year without a break, it means you never get a chance to sort out your desk or clear your in-tray. After the relief of a show going on air on a Saturday, you are straight back in the office working on the next one. \"I suppose 10-year-old children think my job is glamorous because they see me talking to Ant and Dec. But I probably know more than most 25-year-olds should about boy bands. Is that healthy?\"",
      "charCount": "4083"
    },
    "isHosted": false,
    "pillarId": "pillar/lifestyle",
    "pillarName": "Lifestyle"
  },
  {
    "id": "money/2000/apr/02/cash.theobserver",
    "type": "article",
    "sectionId": "money",
    "sectionName": "Money",
    "webPublicationDate": "2000-04-02T22:37:23Z",
    "webTitle": "The new dealers: Case study 3",
    "webUrl": "https://www.theguardian.com/money/2000/apr/02/cash.theobserver",
    "apiUrl": "https://content.guardianapis.com/money/2000/apr/02/cash.theobserver",
    "fields": {
      "headline": "The new dealers: Case study 3",
      "standfirst": "He read a few books, took a stroll down the street and then he made \u00a317,000. Now his friends want to join in",
      "trailText": "<p>He read a few books, took a stroll down the street and then he made \u00a317,000. Now his friends want to join in</p>",
      "main": "",
      "body": "<p>Matt Williams, a network director at the BBC, was inspired to start investing in shares a year ago by TV celebrity Alvin Hall. 'He suggested that if you have money left over at the end of the month you should invest it,' says Matt. </p> <p>'If you had \u00a3100, you should put an amount equivalent to your age - 23 in my case - in something safe like a bank or building society account. The rest you could afford to put into more risky investments.' </p> <p>Matt bought a couple of books on investment (The Astute Private Investor and Ten Ways to Select Shares that Perform), and started reading Investors Chronicle and looking at the Internet. After walking down his local high street to see what was new and promising, he decided to buy \u00a3500 of shares in Coffee Republic at 10.5p per share. These are now selling for 24.5p. </p> <p>He also invested in Coral, a packaging manufacturer that makes boxes for CDs and DVDs. 'This had good profit growth and good dividends, and the share price wasn't really reflective of that. There will always be a need for packaging, after all,' he says. </p> <p>Matt bought in at 56p, and the shares have recently risen to 72p. </p> <p>Spurred on by his success, Matt went on to invest \u00a3700 in Recognition Systems, a software company. The shares were 17.5p each and had been quiet for a long time, and dropped down to 14p after he bought. But last November the company announced a new product and a rights issue, and within days the shares had risen to \u00a33. Last month they rose to nearly \u00a37, but have now fallen back to \u00a34.90. </p> <p>Not all his decisions have been right. He sold out of one company when its price had fallen by 20 per cent, only to see it recover. </p> <p>Although Matt trades over the telephone, he uses the Internet heavily for research, visiting the Motley Fool, Interactive Investor International, HemScott.net, FT.com and UKInvest sites. </p> <p>He has been careful to take profits along the way, and has now put his original \u00a33,000 capital back in a savings account. But in the meantime his share portfolio has spiralled in value to \u00a320,000. Unfortunately none of his holdings are protected from tax within a Pep or an ISA, and he has used up this year's capital gains allowance. 'I'm seriously thinking of transferring some of my existing holdings to a self-select Isa in the next tax year,' he says. </p> <p>Matt's success and enthusiasm has inspired his colleagues to start investing. One, Geraldine Mann, says: 'I came into the office one day when Matt was looking at his portfolio. I saw how much he had made, and thought I should have a go at that. </p> <p>'I bought three different companies, and after that started chatting to people and realised that lots of people were doing it.' </p> <p>Geraldine's portfolio has included Pacific Media, Concurrent Technology, Tadpole, Lasmo Oil and e.capital, the incubator. She has invested about \u00a35,000 over the year, and made \u00a31,000 profit. She invests \u00a3300 to \u00a3500 at a time, and always sets herself a selling point: 'If it doubles in value I sell. If it reaches \u00a31, I sell. I'm not going to get greedy - I just want enough to pay off a few credit card bills or go out for a nice meal. </p> <p>'The next big purchase will probably be a computer so I can research on the Internet at home rather than using friends' PCs!'</p>",
      "newspaperPageNumber": "4",
      "wordcount": "600",
      "commentable": "false",
      "isPremoderated": "false",
      "lastModified": "2000-04-01T22:37:23Z",
      "newspaperEditionDate": "2000-04-02T00:00:00Z",
      "productionOffice": "UK",
      "publication": "The Observer",
      "shortUrl": "https://gu.com/p/35d9",
      "shouldHideAdverts": "false",
      "showInRelatedContent": "true",
      "legallySensitive": "false",
      "lang": "en",
      "bodyText": "Matt Williams, a network director at the BBC, was inspired to start investing in shares a year ago by TV celebrity Alvin Hall. 'He suggested that if you have money left over at the end of the month you should invest it,' says Matt. 'If you had \u00a3100, you should put an amount equivalent to your age - 23 in my case - in something safe like a bank or building society account. The rest you could afford to put into more risky investments.' Matt bought a couple of books on investment (The Astute Private Investor and Ten Ways to Select Shares that Perform), and started reading Investors Chronicle and looking at the Internet. After walking down his local high street to see what was new and promising, he decided to buy \u00a3500 of shares in Coffee Republic at 10.5p per share. These are now selling for 24.5p. He also invested in Coral, a packaging manufacturer that makes boxes for CDs and DVDs. 'This had good profit growth and good dividends, and the share price wasn't really reflective of that. There will always be a need for packaging, after all,' he says. Matt bought in at 56p, and the shares have recently risen to 72p. Spurred on by his success, Matt went on to invest \u00a3700 in Recognition Systems, a software company. The shares were 17.5p each and had been quiet for a long time, and dropped down to 14p after he bought. But last November the company announced a new product and a rights issue, and within days the shares had risen to \u00a33. Last month they rose to nearly \u00a37, but have now fallen back to \u00a34.90. Not all his decisions have been right. He sold out of one company when its price had fallen by 20 per cent, only to see it recover. Although Matt trades over the telephone, he uses the Internet heavily for research, visiting the Motley Fool, Interactive Investor International, HemScott.net, FT.com and UKInvest sites. He has been careful to take profits along the way, and has now put his original \u00a33,000 capital back in a savings account. But in the meantime his share portfolio has spiralled in value to \u00a320,000. Unfortunately none of his holdings are protected from tax within a Pep or an ISA, and he has used up this year's capital gains allowance. 'I'm seriously thinking of transferring some of my existing holdings to a self-select Isa in the next tax year,' he says. Matt's success and enthusiasm has inspired his colleagues to start investing. One, Geraldine Mann, says: 'I came into the office one day when Matt was looking at his portfolio. I saw how much he had made, and thought I should have a go at that. 'I bought three different companies, and after that started chatting to people and realised that lots of people were doing it.' Geraldine's portfolio has included Pacific Media, Concurrent Technology, Tadpole, Lasmo Oil and e.capital, the incubator. She has invested about \u00a35,000 over the year, and made \u00a31,000 profit. She invests \u00a3300 to \u00a3500 at a time, and always sets herself a selling point: 'If it doubles in value I sell. If it reaches \u00a31, I sell. I'm not going to get greedy - I just want enough to pay off a few credit card bills or go out for a nice meal. 'The next big purchase will probably be a computer so I can research on the Internet at home rather than using friends' PCs!'",
      "charCount": "3228"
    },
    "isHosted": false,
    "pillarId": "pillar/lifestyle",
    "pillarName": "Lifestyle"
  },
  {
    "id": "money/2000/apr/02/cash.theobserver8",
    "type": "article",
    "sectionId": "money",
    "sectionName": "Money",
    "webPublicationDate": "2000-04-02T22:37:21Z",
    "webTitle": "Engineer turned to  who has the tables",
    "webUrl": "https://www.theguardian.com/money/2000/apr/02/cash.theobserver8",
    "apiUrl": "https://content.guardianapis.com/money/2000/apr/02/cash.theobserver8",
    "fields": {
      "headline": "Engineer turned to  who has the tables",
      "standfirst": "John Windsor  meets a   dealer with a difference",
      "trailText": "<p>John Windsor  meets a   dealer with a difference</p>",
      "main": "",
      "body": "<p>Tony Geering paid \u00a3750 for one table from an antique shop. He then consigned it to Sotheby's where it is expected to fetch \u00a320,000-\u00a330,000 this week. </p> <p>Geering, 36, is a self-taught spotter of Arts and Crafts furniture, the style whose most famous exponent is William Morris. Until the age of 25, Geering was an engineer on oil rigs. He now presides over The Dome, a former Territorial Army drill hall in Southwold, Suffolk, crammed with furniture decorated with flowing foliate designs or with a distinct Oriental look. </p> <p>Up to half the Arts and Crafts furniture sold by Liberty in London has been discovered by Geering - mainly at big antiques fairs and obscure country shops. </p> <p>The \u00a3750 mahogany drop-leaf table, from about 1872, is by the pioneer Arts and Crafts designer E.W. Godwin. It came from a posh antique shop. Geering looks anything but posh. 'I had long hair and jeans, as usual, when I went into the shop,' he recalls. 'The gentleman running it jumped out of his chair when he saw me. Perhaps he thought I was going to rob him. He dropped his spectacles two inches down his nose and followed me round the shop. </p> <p>'The table was described as \"an unrestored Edwardian table\". My heart nearly came out of my mouth. I felt adamantly that it was by Godwin. We lifted an old pot off it and I got a better look. I told the gentleman I liked it. \"That table is \u00a3750, dear boy,\" he said. I told him I'd like to have it. \"And how will you pay for it?\" \"I'd like to pay cash.\"' </p> <p>Geering took out his wad from his back pocket, peeled off 15 \u00a350 notes and carried off the table. </p> <p>'You are the last person I thought would pay cash,' exclaimed the dealer. After recovering his composure, he laughed: 'You can come back any time.' Geering reckons he is now laughing loudest. </p> <p>How did he know the table was by Godwin? 'Its distinguishing feature was the small drop leaves and piano hinges running the length of the flap.' The hinges were typical of the fine craftsmanship of the makers, Collinson and Lock. </p> <p>And the fret pattern of the openwork stretchers had just the kind of airy Anglo-Japanese look that Godwin pioneered. He was well-known as an architect before he started designing furniture and is regarded as a forerunner of the Arts and Crafts Movement of the late nineteenth century, which promoted craftsmanship above mass production. </p> <p>Geering's resolute scruffiness tempts the notion that anyone could make money by beating furniture dealers at their own game. Which is not far from the truth. </p> <p>All you need is time and love. 'I just love what those Romantic, pre-Raphaelite designers and craftsmen were trying to do,' says Geering. </p> <p>'Their endeavour seems to move my whole being. Now, their work seems to find me. Maybe it's because I believe in it. I feel I'm being sent to those lost little shops where I make finds.' </p> <p>Using up shoe-leather is one way in which his time is spent. The Newark International Antiques and Collectors Fair claims to be the biggest of its kind in the world. The two-day event has up to 4,000 exhibitors and is held six times a year at the Newark and Nottingham Showground in Nottinghamshire. Geering walks 10-15 miles a day around the stands. It takes him 10 hours a day. He sleeps overnight in his van. </p> <p>The big London dealers, he reports, do not attend the Newark fair. 'They don't like running around, humping heavy wardrobes.' </p> <p>There was a time when he used to sell, not buy, at Newark. That was after opening a small second-hand shop in Lowestoft, at the age of 24. He sold junk from house clearances. </p> <p>It was a meagre existence. He had given up his \u00a335,000-a-year job on the rigs - 'I wanted to do something I loved,' he says. </p> <p>'At the fair,' he says, 'I always used my eye.' And he did his research, still does. That is the other big expenditure of time. He pores over his 400 illustrated reference books, memorising furniture designs. 'Ninety five per cent of the stuff I buy, I know exactly what it is.' </p> <p>The Godwin table - or, rather, one identical to it - is illustrated in the popular but thorough Nineteenth Century Design by Charlotte Gere and Michael Whiteway (Weidenfeld &amp; Nicolson, 1993). Unlike Geering's find, the one in the book has brass fittings. It is in the Ellen Terry Memorial Museum at Smallhythe, Kent. Godwin lived with the actress from 1868 to 1874. </p> <p>The only other known example, besides Geering's, is in the Metropolitan Museum of Art in New York, attributed to Godwin. </p> <p>But the clincher, according to Christopher Parker of Sotheby's, is Godwin's own design sketchbook in the V&amp;A's archive, showing the top two-thirds of an identical drop-leaf table - without brass fittings. Just like Geering's. Godwin furniture is rare. At London auc tions it is fought over. Two Godwin side chairs fetched \u00a343,300 and \u00a340,000, nearly four times estimate, at Christie's last year. </p> <p>It looks like a bull's eye for Geering. But his life as a dealer is not always so sweet. He paid \u00a3220 at Newark this year for a delicate walking stick stand that he thought was by Charles Rennie Mackintosh, one of whose dining chairs can fetch \u00a3140,000. Some experts raved over it. Others shook their heads. Geering agonised. In the end, no records could be found to authenticate it. His six-figure find evaporated. </p> <p>Then there was the Godwin chair he bought for \u00a375 at Newark when he had a stall there. 'I knew there was something about it,' he says - and so did another dealer. 'This man came back time after time to my stall, offering \u00a3250. He kept saying: \"Tony, you know you're skint, and you'll make a profit, so what's your problem?\". I eventually let him have it for \u00a3375 but I really whinged about it.' Was there a problem? Not for the canny buyer. The chair was a genuine Godwin and Geering heard four years later that it had been sold on for \u00a321,000. </p> <p>These days, he hesitates to pull the same trick on small dealers or 'runners' - who may be as strapped for cash as he used to be. He paid a runner \u00a3700 for a table made by Collier and Plucknett. The man had asked for \u00a3100. Geering knew he could sell it for at least \u00a33,000. </p> <p>'My mother said: \"If it's worth \u00a3100, give them \u00a330, not \u00a310. Then they will talk about it,\" That's part of the reason I came from nothing to where I am today. </p> <p>'I reckon I've got only another 10-15 years in which Arts and Crafts furniture will be coming out of the woodwork. A third generation of owners is dying off and it's coming on to the market for a third time, but with each generation there is less of it. </p> <p>'At the moment, it's still a fantastic bargain. Most of it can be bought for the equivalent of the price it cost to make - \u00a34,500 for a 1900 bedroom suite, for example. </p> <p>'I could do with an extra \u00a3200,000 to invest, before the market explodes in 10-15 years time. Then I'd sell, and spend the rest of my time in the V&amp;A archive.' </p> <p>\u0095 Tony Geering (01502 722 211, Mobile 0966 371 676). Website: <a href=\"http://www.dome-art.freeserve\">www.dome-art.freeserve.co.uk</a>. </p> <p>Twentieth Century Decorative Arts and Design, 6 April (10.30am): Sotheby's, 34-35 New Bond Street, London W1 (020-7293 5000).</p>",
      "newspaperPageNumber": "14",
      "wordcount": "1295",
      "commentable": "false",
      "isPremoderated": "false",
      "lastModified": "2000-04-01T22:37:21Z",
      "newspaperEditionDate": "2000-04-02T00:00:00Z",
      "productionOffice": "UK",
      "publication": "The Observer",
      "shortUrl": "https://gu.com/p/35dt",
      "shouldHideAdverts": "false",
      "showInRelatedContent": "true",
      "legallySensitive": "false",
      "lang": "en",
      "bodyText": "Tony Geering paid \u00a3750 for one table from an antique shop. He then consigned it to Sotheby's where it is expected to fetch \u00a320,000-\u00a330,000 this week. Geering, 36, is a self-taught spotter of Arts and Crafts furniture, the style whose most famous exponent is William Morris. Until the age of 25, Geering was an engineer on oil rigs. He now presides over The Dome, a former Territorial Army drill hall in Southwold, Suffolk, crammed with furniture decorated with flowing foliate designs or with a distinct Oriental look. Up to half the Arts and Crafts furniture sold by Liberty in London has been discovered by Geering - mainly at big antiques fairs and obscure country shops. The \u00a3750 mahogany drop-leaf table, from about 1872, is by the pioneer Arts and Crafts designer E.W. Godwin. It came from a posh antique shop. Geering looks anything but posh. 'I had long hair and jeans, as usual, when I went into the shop,' he recalls. 'The gentleman running it jumped out of his chair when he saw me. Perhaps he thought I was going to rob him. He dropped his spectacles two inches down his nose and followed me round the shop. 'The table was described as \"an unrestored Edwardian table\". My heart nearly came out of my mouth. I felt adamantly that it was by Godwin. We lifted an old pot off it and I got a better look. I told the gentleman I liked it. \"That table is \u00a3750, dear boy,\" he said. I told him I'd like to have it. \"And how will you pay for it?\" \"I'd like to pay cash.\"' Geering took out his wad from his back pocket, peeled off 15 \u00a350 notes and carried off the table. 'You are the last person I thought would pay cash,' exclaimed the dealer. After recovering his composure, he laughed: 'You can come back any time.' Geering reckons he is now laughing loudest. How did he know the table was by Godwin? 'Its distinguishing feature was the small drop leaves and piano hinges running the length of the flap.' The hinges were typical of the fine craftsmanship of the makers, Collinson and Lock. And the fret pattern of the openwork stretchers had just the kind of airy Anglo-Japanese look that Godwin pioneered. He was well-known as an architect before he started designing furniture and is regarded as a forerunner of the Arts and Crafts Movement of the late nineteenth century, which promoted craftsmanship above mass production. Geering's resolute scruffiness tempts the notion that anyone could make money by beating furniture dealers at their own game. Which is not far from the truth. All you need is time and love. 'I just love what those Romantic, pre-Raphaelite designers and craftsmen were trying to do,' says Geering. 'Their endeavour seems to move my whole being. Now, their work seems to find me. Maybe it's because I believe in it. I feel I'm being sent to those lost little shops where I make finds.' Using up shoe-leather is one way in which his time is spent. The Newark International Antiques and Collectors Fair claims to be the biggest of its kind in the world. The two-day event has up to 4,000 exhibitors and is held six times a year at the Newark and Nottingham Showground in Nottinghamshire. Geering walks 10-15 miles a day around the stands. It takes him 10 hours a day. He sleeps overnight in his van. The big London dealers, he reports, do not attend the Newark fair. 'They don't like running around, humping heavy wardrobes.' There was a time when he used to sell, not buy, at Newark. That was after opening a small second-hand shop in Lowestoft, at the age of 24. He sold junk from house clearances. It was a meagre existence. He had given up his \u00a335,000-a-year job on the rigs - 'I wanted to do something I loved,' he says. 'At the fair,' he says, 'I always used my eye.' And he did his research, still does. That is the other big expenditure of time. He pores over his 400 illustrated reference books, memorising furniture designs. 'Ninety five per cent of the stuff I buy, I know exactly what it is.' The Godwin table - or, rather, one identical to it - is illustrated in the popular but thorough Nineteenth Century Design by Charlotte Gere and Michael Whiteway (Weidenfeld &amp; Nicolson, 1993). Unlike Geering's find, the one in the book has brass fittings. It is in the Ellen Terry Memorial Museum at Smallhythe, Kent. Godwin lived with the actress from 1868 to 1874. The only other known example, besides Geering's, is in the Metropolitan Museum of Art in New York, attributed to Godwin. But the clincher, according to Christopher Parker of Sotheby's, is Godwin's own design sketchbook in the V&amp;A's archive, showing the top two-thirds of an identical drop-leaf table - without brass fittings. Just like Geering's. Godwin furniture is rare. At London auc tions it is fought over. Two Godwin side chairs fetched \u00a343,300 and \u00a340,000, nearly four times estimate, at Christie's last year. It looks like a bull's eye for Geering. But his life as a dealer is not always so sweet. He paid \u00a3220 at Newark this year for a delicate walking stick stand that he thought was by Charles Rennie Mackintosh, one of whose dining chairs can fetch \u00a3140,000. Some experts raved over it. Others shook their heads. Geering agonised. In the end, no records could be found to authenticate it. His six-figure find evaporated. Then there was the Godwin chair he bought for \u00a375 at Newark when he had a stall there. 'I knew there was something about it,' he says - and so did another dealer. 'This man came back time after time to my stall, offering \u00a3250. He kept saying: \"Tony, you know you're skint, and you'll make a profit, so what's your problem?\". I eventually let him have it for \u00a3375 but I really whinged about it.' Was there a problem? Not for the canny buyer. The chair was a genuine Godwin and Geering heard four years later that it had been sold on for \u00a321,000. These days, he hesitates to pull the same trick on small dealers or 'runners' - who may be as strapped for cash as he used to be. He paid a runner \u00a3700 for a table made by Collier and Plucknett. The man had asked for \u00a3100. Geering knew he could sell it for at least \u00a33,000. 'My mother said: \"If it's worth \u00a3100, give them \u00a330, not \u00a310. Then they will talk about it,\" That's part of the reason I came from nothing to where I am today. 'I reckon I've got only another 10-15 years in which Arts and Crafts furniture will be coming out of the woodwork. A third generation of owners is dying off and it's coming on to the market for a third time, but with each generation there is less of it. 'At the moment, it's still a fantastic bargain. Most of it can be bought for the equivalent of the price it cost to make - \u00a34,500 for a 1900 bedroom suite, for example. 'I could do with an extra \u00a3200,000 to invest, before the market explodes in 10-15 years time. Then I'd sell, and spend the rest of my time in the V&amp;A archive.' \u0095 Tony Geering (01502 722 211, Mobile 0966 371 676). Website: www.dome-art.freeserve.co.uk. Twentieth Century Decorative Arts and Design, 6 April (10.30am): Sotheby's, 34-35 New Bond Street, London W1 (020-7293 5000).",
      "charCount": "7022"
    },
    "isHosted": false,
    "pillarId": "pillar/lifestyle",
    "pillarName": "Lifestyle"
  },
  {
    "id": "money/2000/apr/02/cash.theobserver9",
    "type": "article",
    "sectionId": "money",
    "sectionName": "Money",
    "webPublicationDate": "2000-04-02T22:37:21Z",
    "webTitle": "Web watch",
    "webUrl": "https://www.theguardian.com/money/2000/apr/02/cash.theobserver9",
    "apiUrl": "https://content.guardianapis.com/money/2000/apr/02/cash.theobserver9",
    "fields": {
      "headline": "Web watch",
      "trailText": "<p>One of the most popular sites for car-buyers is likely to be <a href=\"http://www.carbusters.com\">www.carbusters.com</a> the Consumers' Association site that claims it can save an average of 20 per cent on the price of a new car imported   from the Continent. The site, which offers to handle all arrangements, has so far bought 83 cars, and saved an average of &#163;3,000. All the cars are right-hand drive. One snag is that delivery can take three or four months.  </p>",
      "main": "",
      "body": "<p>One of the most popular sites for car-buyers is likely to be <a href=\"http://www.carbusters.com\">www.carbusters.com</a> the Consumers' Association site that claims it can save an average of 20 per cent on the price of a new car imported from the Continent. The site, which offers to handle all arrangements, has so far bought 83 cars, and saved an average of \u00a33,000. All the cars are right-hand drive. One snag is that delivery can take three or four months. </p> <p>A popular site until midnight on Wednesday, the deadline for Isa investors to purchase in the old tax year, will be <a href=\"http://www.ukinvest.com/isacentre/index.html\">www.ukinvest.com/isacentre/index.html</a>. Investors can apply online for their Isa through this site, UK-iNvest, which has joined independent financial adviser Chase de Vere Investments to enable investors to send their details immediately via the Internet, rather than wasting time printing and posting a paper application. Users can make secure payments using Switch or Delta, ensuring their Isa is set up immediately. </p> <p>The site offers: </p> <p>\u0095 Direct online investment at least seven investment groups, including Fidelity, M&amp;G, Gartmore and Britannic. </p> <p>\u0095 Guides to Isa investment. </p> <p>\u0095 Advice on income, growth and European fund investments. </p> <p>\u0095 Best buy tables and full listings of Isas available. </p> <p>\u0095 An Isa clinic for individual investors. </p> <p>\u0095 Free access to Chase de Vere's Isa Performance Guide. </p> <p>If you want basic legal information, a new site, <a href=\"http://www.law4today.com\">www.law4today.com</a>, is offering 'free no-nonsense but sound advice to everyone, plus DIY legal kits and forms to buy and download'. </p> <p> Sifting through the thousands of financial products on the market is time consuming, confusing and costly unless you know what to look for. An independent financial adviser will work out what type you need, and do the sifting for you. But how do you find a good adviser? </p> <p>IFA Promotion, a body set up to promote independent financial advice, will provide a list of three advisers in your area through its website, <a href=\"http://www.ifap.org.uk\">www.ifap.org.uk</a>. The site also enables users to download a series of guides on different areas of advice. Members of IFA Promotion must have passed all three parts of the Financial Planning Certificate, the benchmark qualification for IFAs. </p> <p> However, the Institute of Financial Planning (<a href=\"http://www.financialplanning.org.uk\">www.financialplanning.org.uk</a>) and the Society of Financial Advisers (<a href=\"http://www.sofa.org\">www.sofa.org</a>) require members to attain more demanding qualifications before they will pass on their names to the public. It is worth making appointments with two or three advisers before deciding who suits you best. Both sites suggest questions to ask.</p>",
      "newspaperPageNumber": "17",
      "wordcount": "420",
      "commentable": "false",
      "isPremoderated": "false",
      "lastModified": "2000-04-01T22:37:21Z",
      "newspaperEditionDate": "2000-04-02T00:00:00Z",
      "productionOffice": "UK",
      "publication": "The Observer",
      "shortUrl": "https://gu.com/p/35dk",
      "shouldHideAdverts": "false",
      "showInRelatedContent": "true",
      "legallySensitive": "false",
      "lang": "en",
      "bodyText": "One of the most popular sites for car-buyers is likely to be www.carbusters.com the Consumers' Association site that claims it can save an average of 20 per cent on the price of a new car imported from the Continent. The site, which offers to handle all arrangements, has so far bought 83 cars, and saved an average of \u00a33,000. All the cars are right-hand drive. One snag is that delivery can take three or four months. A popular site until midnight on Wednesday, the deadline for Isa investors to purchase in the old tax year, will be www.ukinvest.com/isacentre/index.html. Investors can apply online for their Isa through this site, UK-iNvest, which has joined independent financial adviser Chase de Vere Investments to enable investors to send their details immediately via the Internet, rather than wasting time printing and posting a paper application. Users can make secure payments using Switch or Delta, ensuring their Isa is set up immediately. The site offers: \u0095 Direct online investment at least seven investment groups, including Fidelity, M&amp;G, Gartmore and Britannic. \u0095 Guides to Isa investment. \u0095 Advice on income, growth and European fund investments. \u0095 Best buy tables and full listings of Isas available. \u0095 An Isa clinic for individual investors. \u0095 Free access to Chase de Vere's Isa Performance Guide. If you want basic legal information, a new site, www.law4today.com, is offering 'free no-nonsense but sound advice to everyone, plus DIY legal kits and forms to buy and download'. Sifting through the thousands of financial products on the market is time consuming, confusing and costly unless you know what to look for. An independent financial adviser will work out what type you need, and do the sifting for you. But how do you find a good adviser? IFA Promotion, a body set up to promote independent financial advice, will provide a list of three advisers in your area through its website, www.ifap.org.uk. The site also enables users to download a series of guides on different areas of advice. Members of IFA Promotion must have passed all three parts of the Financial Planning Certificate, the benchmark qualification for IFAs. However, the Institute of Financial Planning (www.financialplanning.org.uk) and the Society of Financial Advisers (www.sofa.org) require members to attain more demanding qualifications before they will pass on their names to the public. It is worth making appointments with two or three advisers before deciding who suits you best. Both sites suggest questions to ask.",
      "charCount": "2525"
    },
    "isHosted": false,
    "pillarId": "pillar/lifestyle",
    "pillarName": "Lifestyle"
  },
  {
    "id": "politics/2000/apr/02/ashcroft.lords",
    "type": "article",
    "sectionId": "politics",
    "sectionName": "Politics",
    "webPublicationDate": "2000-04-02T15:21:23Z",
    "webTitle": "The House of ill-repute",
    "webUrl": "https://www.theguardian.com/politics/2000/apr/02/ashcroft.lords",
    "apiUrl": "https://content.guardianapis.com/politics/2000/apr/02/ashcroft.lords",
    "fields": {
      "headline": "The House of ill-repute",
      "standfirst": "The honouring of Michael Ashcroft dishonours our democracy. Bulldoze the Lords and rebuild it on the principle of election",
      "trailText": "The bung for a baronetcy when James I found himself short of the readies was \u00a31,000. By the time Lloyd George was flogging seats in the House of Lords, the price tag on a peerage had risen to \u00a350,000. Even allowing for inflation, few people - in fact, no one in history I can think of - has ever paid quite so dearly for a title as Lord Ashcroft of Belize.",
      "byline": "Andrew Rawnsley",
      "main": "",
      "body": "The bung for a baronetcy when James I found himself short of the readies was \u00a31,000. By the time Lloyd George was flogging seats in the House of Lords, the price tag on a peerage had risen to \u00a350,000. Even allowing for inflation, few people - in fact, no one in history I can think of - has ever paid quite so dearly for a title as Lord Ashcroft of Belize. He's fabulously rich, I know. Even so, a million pounds a year to the Conservative Party is a lot of money for the right to wear the pelt of a dead stoat around your neck. <p>It's true that the fountain of honour has ever been polluted by politicians rewarding their bankrollers and buddies with baubles. Margaret Thatcher - the alderman's daughter - did it. John Major - the classless gnome man - did it. Old Labour did it; New Labour does it. Even those saintly Liberal Democrats are not above it. Hypocrisy being the compliment vice pays to virtue, at least the parties used to feel it necessary to pretend that this was not so. </p> <p>The creation of Lord Ashcroft, peer of the tawdry realm where politics shakes hands with money, tears aside the curtain. This takes us into brazen territory. There has been precious little attempt to pretend that this lording has not been paid for. The apologists for William Hague's apparently suicidal decision say the poor man literally could not afford not to press for an Ashcroft peerage. The Conservatives owe their Sugar Daddy so big. They simply can't manage without their most generous benefactor. </p> <p>I've heard Lord Strathclyde, the leader of the Tories upstairs, blustering a bit about charitable works. But no one mistakes Michael Ashcroft for Mother Teresa of Calcutta. Everyone knows that his favourite charity is the Conservative Party. The man himself has been commendably candid about his desires. He has told us that he regards the ermine as his due as treasurer to the Tory party. All his predecessors had one. So should he. To a money man, the transaction is straightforward. A perch in the legislature for life is his just reward for being the cash dispenser to the Conservatives. </p> <p>There's a bit of me that is glad that rich men covet silly titles. Better cash for coronets than cash for contracts. There's another part of me that rather pities the desperate yearning, an appetite by no means confined to Conservatives, to become a gilded nob. What does a peerage bring a man like Michael Ashcroft that he does not already have? He surely does not struggle to secure reservations at the restaurants of his choice. He has the yacht, the jet, the helicopter, the off-shore bank. What is one vote in the British Parliament when he seems to own the whole of Belize? </p> <p>Those who have passed through the sumptuous portals of his mansion in Westminster offer gob-smacked accounts of the glass lift, the marble escalators and the Victoria Crosses in his medal collection. Is this a clue? If you use your money to buy a piece of other men's heroism, I guess a peerage might seem to be a way of taking a slice of other men's greatness. Park your bum in Parliament and soak up the reflected glory of William Gladstone and Winston Churchill. It does not, of course, make you fit to wipe their plinths. </p> <p>Truly great men have never needed the diminishing encumbrance of titles. Gladstone was laid in the ground as a proudly plain Mister. Churchill turned down the invitation to take up a hereditary dukedom. </p> <p>So why was a peerage worth all the grief it has brought down on the head of Ashcroft? So great is the thirst for ermine that he is even prepared to bear the unprecedented humiliation and - doubtless large - expense of not being allowed to acquire his nobbery until he has returned from tax exile. It can only encourage further interest in his exotic business affairs, just as his desire for a title provoked investigation of them to begin with. Was it really worth all that to win for Michael Ashcroft the dubious privilege of sharing those claret-stained benches with Lord Archer of Lies? </p> <p>You have to conclude that it means so much to the Conservative Party treasurer because he thinks it means something to the rest of us. There is still a cachet to be acquired from the attachment of a feudal handle to your name. He takes us to be a forelocking-tugging, half-democratic country which continues to cringe before a man who is announced as a 'Lord'. The peerage is a purchase on admiration and respectability. </p> <p>What it has actually brought down on him is another dumper truck of the brown stuff. It is nothing but an embarrassment to the party he professes to love and the leader he says he admires. The shabby haggling with the Political Honours Scrutiny Committee demeans everyone involved, especially William Hague. He proclaimed, when he first became Conservative leader, the laudable intention to deep cleanse his party until it was 'whiter than white'. Now it looks as pure as the driven sludge. </p> <p>Baroness Jay, Labour's leader in the Lords, wrinkles her nose, curls a lip and calls it 'stinking'. But she is surely grateful that the ripe smell of the Tories masks the unfragrant odour coming off Labour. The Government shares in the disgrace. It is the semi-reformed, bastard House of Lords of Tony Blair's creation which is open for auction. The old corruption of hereditary legislators had to go, and largely has. What lingers on bears no relationship to the clean-limbed, invigorated democracy, 'tough on sleaze and tough on the causes of sleaze', that the Prime Minister once pledged to us. </p> <p>In so much as Blair ever developed a theory about the Lords, it was an almost entirely cynical one. He has used it as a backdoor into Parliament for able mates whom he wanted to turn into Ministers without the tiresome fuss involved in getting them elected. Arise my Lords Charlie Falconer, Gus Macdonald and David Sainsbury. New Labour has tried packing the Upper House with place-persons who could be relied on to find their way into the Government lobby blindfolded. That compulsion has been mitigated, but not excused, as some of the hands that New Labour fed with titles have turned round and bitten the Government in rebellions. </p> <p>Tony Blair has also used the Lords - no less than previous Prime Ministers - as a payback for loyalty, especially when it is of the bankable kind. Take a bow, my Lords Ali, Bernstein, Bragg, Gavron, Levy and Puttnam. These may all be fine fellows, outstanding in their achievements in the arts or business, worthy of distinction on their own account, but the presence of money in the equation taints their honours and dishonours our legislature. One half of Parliament should not be turned into a receptacle for Tony's Cronies and William's Bankers. </p> <p>Both leaders say that their ideal Britain of the twenty-first century is a meritocratic democracy. If they mean it, if that is more than rhetorical flatulence, then they should not find it difficult to agree on what to do next. Send in the bulldozers. Demolish the entire corrupted edifice and rebuild it on the principle of election, the only legitimate foundation for a legislature. </p> <p>I'm under no illusions. Politicians will eternally feel the need to scratch the backs of their chums. Money will always talk. What we can demand of Messrs Blair and Hague is that they do not let money insult our democracy quite so obscenely. </p> <p>Entitling Michael Ashcroft to dress in stoat skin does not ennoble him. And it degrades the rest of us.</p>",
      "newspaperPageNumber": "29",
      "wordcount": "1292",
      "commentable": "false",
      "isPremoderated": "false",
      "lastModified": "2017-05-08T09:46:46Z",
      "newspaperEditionDate": "2000-04-02T00:00:00Z",
      "productionOffice": "UK",
      "publication": "theguardian.com",
      "shortUrl": "https://gu.com/p/x23m7",
      "shouldHideAdverts": "false",
      "showInRelatedContent": "true",
      "legallySensitive": "false",
      "lang": "en",
      "bodyText": "The bung for a baronetcy when James I found himself short of the readies was \u00a31,000. By the time Lloyd George was flogging seats in the House of Lords, the price tag on a peerage had risen to \u00a350,000. Even allowing for inflation, few people - in fact, no one in history I can think of - has ever paid quite so dearly for a title as Lord Ashcroft of Belize. He's fabulously rich, I know. Even so, a million pounds a year to the Conservative Party is a lot of money for the right to wear the pelt of a dead stoat around your neck. It's true that the fountain of honour has ever been polluted by politicians rewarding their bankrollers and buddies with baubles. Margaret Thatcher - the alderman's daughter - did it. John Major - the classless gnome man - did it. Old Labour did it; New Labour does it. Even those saintly Liberal Democrats are not above it. Hypocrisy being the compliment vice pays to virtue, at least the parties used to feel it necessary to pretend that this was not so. The creation of Lord Ashcroft, peer of the tawdry realm where politics shakes hands with money, tears aside the curtain. This takes us into brazen territory. There has been precious little attempt to pretend that this lording has not been paid for. The apologists for William Hague's apparently suicidal decision say the poor man literally could not afford not to press for an Ashcroft peerage. The Conservatives owe their Sugar Daddy so big. They simply can't manage without their most generous benefactor. I've heard Lord Strathclyde, the leader of the Tories upstairs, blustering a bit about charitable works. But no one mistakes Michael Ashcroft for Mother Teresa of Calcutta. Everyone knows that his favourite charity is the Conservative Party. The man himself has been commendably candid about his desires. He has told us that he regards the ermine as his due as treasurer to the Tory party. All his predecessors had one. So should he. To a money man, the transaction is straightforward. A perch in the legislature for life is his just reward for being the cash dispenser to the Conservatives. There's a bit of me that is glad that rich men covet silly titles. Better cash for coronets than cash for contracts. There's another part of me that rather pities the desperate yearning, an appetite by no means confined to Conservatives, to become a gilded nob. What does a peerage bring a man like Michael Ashcroft that he does not already have? He surely does not struggle to secure reservations at the restaurants of his choice. He has the yacht, the jet, the helicopter, the off-shore bank. What is one vote in the British Parliament when he seems to own the whole of Belize? Those who have passed through the sumptuous portals of his mansion in Westminster offer gob-smacked accounts of the glass lift, the marble escalators and the Victoria Crosses in his medal collection. Is this a clue? If you use your money to buy a piece of other men's heroism, I guess a peerage might seem to be a way of taking a slice of other men's greatness. Park your bum in Parliament and soak up the reflected glory of William Gladstone and Winston Churchill. It does not, of course, make you fit to wipe their plinths. Truly great men have never needed the diminishing encumbrance of titles. Gladstone was laid in the ground as a proudly plain Mister. Churchill turned down the invitation to take up a hereditary dukedom. So why was a peerage worth all the grief it has brought down on the head of Ashcroft? So great is the thirst for ermine that he is even prepared to bear the unprecedented humiliation and - doubtless large - expense of not being allowed to acquire his nobbery until he has returned from tax exile. It can only encourage further interest in his exotic business affairs, just as his desire for a title provoked investigation of them to begin with. Was it really worth all that to win for Michael Ashcroft the dubious privilege of sharing those claret-stained benches with Lord Archer of Lies? You have to conclude that it means so much to the Conservative Party treasurer because he thinks it means something to the rest of us. There is still a cachet to be acquired from the attachment of a feudal handle to your name. He takes us to be a forelocking-tugging, half-democratic country which continues to cringe before a man who is announced as a 'Lord'. The peerage is a purchase on admiration and respectability. What it has actually brought down on him is another dumper truck of the brown stuff. It is nothing but an embarrassment to the party he professes to love and the leader he says he admires. The shabby haggling with the Political Honours Scrutiny Committee demeans everyone involved, especially William Hague. He proclaimed, when he first became Conservative leader, the laudable intention to deep cleanse his party until it was 'whiter than white'. Now it looks as pure as the driven sludge. Baroness Jay, Labour's leader in the Lords, wrinkles her nose, curls a lip and calls it 'stinking'. But she is surely grateful that the ripe smell of the Tories masks the unfragrant odour coming off Labour. The Government shares in the disgrace. It is the semi-reformed, bastard House of Lords of Tony Blair's creation which is open for auction. The old corruption of hereditary legislators had to go, and largely has. What lingers on bears no relationship to the clean-limbed, invigorated democracy, 'tough on sleaze and tough on the causes of sleaze', that the Prime Minister once pledged to us. In so much as Blair ever developed a theory about the Lords, it was an almost entirely cynical one. He has used it as a backdoor into Parliament for able mates whom he wanted to turn into Ministers without the tiresome fuss involved in getting them elected. Arise my Lords Charlie Falconer, Gus Macdonald and David Sainsbury. New Labour has tried packing the Upper House with place-persons who could be relied on to find their way into the Government lobby blindfolded. That compulsion has been mitigated, but not excused, as some of the hands that New Labour fed with titles have turned round and bitten the Government in rebellions. Tony Blair has also used the Lords - no less than previous Prime Ministers - as a payback for loyalty, especially when it is of the bankable kind. Take a bow, my Lords Ali, Bernstein, Bragg, Gavron, Levy and Puttnam. These may all be fine fellows, outstanding in their achievements in the arts or business, worthy of distinction on their own account, but the presence of money in the equation taints their honours and dishonours our legislature. One half of Parliament should not be turned into a receptacle for Tony's Cronies and William's Bankers. Both leaders say that their ideal Britain of the twenty-first century is a meritocratic democracy. If they mean it, if that is more than rhetorical flatulence, then they should not find it difficult to agree on what to do next. Send in the bulldozers. Demolish the entire corrupted edifice and rebuild it on the principle of election, the only legitimate foundation for a legislature. I'm under no illusions. Politicians will eternally feel the need to scratch the backs of their chums. Money will always talk. What we can demand of Messrs Blair and Hague is that they do not let money insult our democracy quite so obscenely. Entitling Michael Ashcroft to dress in stoat skin does not ennoble him. And it degrades the rest of us.",
      "charCount": "7410"
    },
    "isHosted": false,
    "pillarId": "pillar/news",
    "pillarName": "News"
  }
]