[
  {
    "id": "politics/2000/dec/24/mandelson.labour",
    "type": "article",
    "sectionId": "politics",
    "sectionName": "Politics",
    "webPublicationDate": "2000-12-24T12:57:35Z",
    "webTitle": "Comment: Andrew Rawnsley",
    "webUrl": "https://www.theguardian.com/politics/2000/dec/24/mandelson.labour",
    "apiUrl": "https://content.guardianapis.com/politics/2000/dec/24/mandelson.labour",
    "fields": {
      "headline": "And they all shall have prizes",
      "standfirst": "Who was Renaissance Man of the Year? What was the heroic spin of the year? It's time for The Observer's awards for political achievement",
      "trailText": "Who was Renaissance Man of the Year? What was the heroic spin of the year? It's time for The Observer's awards for political achievement.",
      "byline": "Andrew Rawnsley, columnist of the Year",
      "main": "",
      "body": "After agonising weeks during which a divided nation held its breath, this column's Supreme Court can finally declare who has won and who has lost The Observer 's awards for political achievement in the year 2000. <p>The Always Look On The Bright Side Of Life Award goes to Philip Gould who wailed to the Prime Minister that the New Labour brand was as 'badly contaminated' as a shedload of condemned turkey meat. The diviner of the focus groups told his master that everyone thought Tony was a phoney and a flake who was incapable of holding a position for more than three seconds and was hopelessly in thrall to image manipulators and pollsters like, er, Philip Gould. </p> <p>Talking of which, The Shrinking Violet Award is won by Alastair Campbell. PMOS - as the Prime Minister's Official Spokesman is known to his friends - announced his retirement from frontline briefing duties, the top-spinner telling lobby journalists that in future they would have to make do with his deputy, a dead bat from the Civil Service. A rare case, perhaps, of the messenger shooting himself. Or not, as it turned out to be. Just days later, our bashful champion was the star of a full-dress television documentary with a supporting cast of bit-players including a seven-minute appearance by Campbell's press officer, Tony Blair. </p> <p>The Consistency Is An Overrated Virtue Award is presented to Ann Widdecombe. It is a paradox of our times that it is often those politicians who regard themselves as rocks of unswerving conviction and unbendable principle who execute the most U-turns. The road surface of the Black Widder's career has been spectacularly slippery. In the wake of the Tony Martin case, the Tories were going to change the law in favour of a farmer's inalienable right to shoot burglars - until sense prevailed. Asylum-seekers were to be detained - until someone counted the cost of building all these Stalag Widdecombes. And there would be zero tolerance for cannabis smokers - until Tory MPs clocked that their own children would be turned into criminals. What good fortune for Ann that three strikes and you're out doesn't apply to politicians. </p> <p>Which seamlessly moves us on to The Unfrank Confession Award. Mo Mowlam started a lamentable trend when she revealed that she had smoked dope. But had she enjoyed the giggleweed? Perish that thought. It became de rigueur for politicians to confess to flings with cannabis, but to deny that they had drawn any pleasure from the experience. Eight members of the Shadow Cabinet coughed that they had been youthful skank heads. Oliver Letwin, the Shadow Chief Treasury Secretary, gurgled that 'friends put it in my pipe'. It is an illustration of the hopelessness of the Tories that it did not occur to him that admitting to having smoked a pipe was much more likely to be damaging than confessing to using pot. Hats off to the Tories' Agriculture spokesman, the only politician to confess that not only had he indulged in the weed, but he had actually found it rather 'agreeable'. Well done, Tim Yeo! </p> <p>Meantime, the Conservatives' leader dedicated himself to warning the nation about the evil consequences of excessive drinking. Let this be a warning: consume too much alcohol as a young man and you could grow down into William Hague. When the self-revelation that he once sunk 14 pints failed to have the desired effect of rounding out his image, an increasingly desperate Leader of the Opposition then bragged that he had necked 32 rum and Cokes. That must have been just before he made his - now defunct - tax guarantee. Mr Hague's speeches had an intoxicating effect on the Conservative Party. The morning after, colleagues were left with the sensation that a toad had curled up on their tongues before dying in their throats. </p> <p>As for the Prime Minister, he caused head-scratching among an audience of German theologians when he unleashed his Big Idea of frogmarching hoolies to the nearest cashpoint. None of the many critics expressed themselves quite so effectively as his own son, Euan, who eloquently retched over this lame-brained idea in Leicester Square. Our award for Most Heroic Spin Of The Year is presented to the Home Office Minister who explained away the Prime Minister's dud wheeze by describing it as 'a metaphor'. Congratulations, Charles Clarke, from whom we expect great things in the future. </p> <p>The Remind Me What All The Fuss Was About? Award attracted many nominations ranging from the birth of Leo to the fuel protest to the Nice summit. The winner is the election for Mayor of London. How gravely did the newspapers pontificate about the calamity that would befall New Labour if Ken Livingstone seized control of the capital. How profoundly disturbed was the Prime Minister who suggested that it would be the equivalent of the Fire of London rolled into the Great Plague. If the newt-fancier became Mayor, lice-infested Londoners would fight each other to the last rat to feed their starving families. The Prime Minister pledged to fight Red Ken 'with every breath of my body'. When I last looked, Tony Blair still seemed to be alive - and London was still standing. As for Ken, his singular achievement after more than six months as Mayor has been to threaten the pigeons in Trafalgar Square. They don't look worried. </p> <p>The Renaissance Man Award is presented to Peter Mandelson. In a busy year for the Northern Ireland Secretary, he told one audience at the Labour conference that the Government's critics failed to appreciate its manifold achievements because 'New Labour defies description'. How much truer is this of dear Peter himself. He found time in his crowded diary to deliver speeches on subjects as diverse as the European single currency and the future of local government, the upset this caused to Gordon Brown and John Prescott being an incidental bonus. Thank goodness for the Government that Peter has so much free time to think and speak, things being as peaceful as they are in Belfast. </p> <p>The George Washington Memorial Prize is won by Gordon Brown. 'I did not lie, I would not lie,' the Chancellor assured the nation when his role in the Ecclestone Affair was revealed by a book, the title of which is on the tip of my tongue. We also had the Chancellor's word for it that an extra 75p a week was quite enough for pensioners - until he was forced to hand over a fiver. That it was irresponsible to alter fuel duty in reaction to short-term fluctuations in the oil price - until he did. And that he and the Prime Minister are the bosomest of buddies - except when they are shouting and swearing at each other. </p> <p>The Did I Really Say That? Award is won by Tony Blair who once declared that the Millennium Dome would be the 'first line of my next manifesto'. He was obviously planning a manifesto rammed with tat, universally panned by the media, largely empty and with massive queues for the few good bits. The Prime Minister was eventually driven to confess that the Greenwich Wok, as it was dubbed by one of its kinder critics, had not be a 'runaway success', in much the same way as Emperor Hirohito surrendered by telling the Japanese that the war had not turned out quite as expected. </p> <p>Which brings us to The Non-Resignation Of The Year Award. In a crowded field, the favourite was Charlie Falconer. After the most weighty consideration, Lord F reluctantly concluded that the country would be better served if he did not quit over the multiple mishaps of the Dome of Doom. Our winner, though, is Mo Mowlam. She managed the unique feat of resigning from the Government but remaining a member of it, thus brilliantly signalling her discontent with Number 10 while continuing as a member of the Cabinet. </p> <p>The Outed Award is won by Michael Portillo who dragged himself out of the closet as a Spaniard. As if talking to them in his native tongue wasn't dangerous enough, the Shadow Chancellor further startled the Conservative conference by telling them that the Tories welcomed people of 'whatever sexual orientation'. We all know this is nonsense. Such is the state of the Conservative Party, only sado-masochists need apply. </p> <p>And finally, to our award for Best Speech By A Politician For Whom English Is A Second Language. Despite the many nominations for John 'Macho? Moi?' Prescott, the prize has to go to George W. Bush. Among the aper\u00e7us of the next President of the United States, Dubya reassured us that 'the human being and fish can co-exist peacefully'. </p> <p>This idiot savant will soon be in charge of the planet's only superpower and the world's most massive nuclear arsenal. Merry Christmas.</p>",
      "newspaperPageNumber": "23",
      "wordcount": "1468",
      "commentable": "false",
      "isPremoderated": "false",
      "lastModified": "2017-06-20T20:26:48Z",
      "newspaperEditionDate": "2000-12-24T00:00:00Z",
      "productionOffice": "UK",
      "publication": "theguardian.com",
      "shortUrl": "https://gu.com/p/xxzpq",
      "shouldHideAdverts": "false",
      "showInRelatedContent": "true",
      "legallySensitive": "false",
      "lang": "en",
      "bodyText": "After agonising weeks during which a divided nation held its breath, this column's Supreme Court can finally declare who has won and who has lost The Observer 's awards for political achievement in the year 2000. The Always Look On The Bright Side Of Life Award goes to Philip Gould who wailed to the Prime Minister that the New Labour brand was as 'badly contaminated' as a shedload of condemned turkey meat. The diviner of the focus groups told his master that everyone thought Tony was a phoney and a flake who was incapable of holding a position for more than three seconds and was hopelessly in thrall to image manipulators and pollsters like, er, Philip Gould. Talking of which, The Shrinking Violet Award is won by Alastair Campbell. PMOS - as the Prime Minister's Official Spokesman is known to his friends - announced his retirement from frontline briefing duties, the top-spinner telling lobby journalists that in future they would have to make do with his deputy, a dead bat from the Civil Service. A rare case, perhaps, of the messenger shooting himself. Or not, as it turned out to be. Just days later, our bashful champion was the star of a full-dress television documentary with a supporting cast of bit-players including a seven-minute appearance by Campbell's press officer, Tony Blair. The Consistency Is An Overrated Virtue Award is presented to Ann Widdecombe. It is a paradox of our times that it is often those politicians who regard themselves as rocks of unswerving conviction and unbendable principle who execute the most U-turns. The road surface of the Black Widder's career has been spectacularly slippery. In the wake of the Tony Martin case, the Tories were going to change the law in favour of a farmer's inalienable right to shoot burglars - until sense prevailed. Asylum-seekers were to be detained - until someone counted the cost of building all these Stalag Widdecombes. And there would be zero tolerance for cannabis smokers - until Tory MPs clocked that their own children would be turned into criminals. What good fortune for Ann that three strikes and you're out doesn't apply to politicians. Which seamlessly moves us on to The Unfrank Confession Award. Mo Mowlam started a lamentable trend when she revealed that she had smoked dope. But had she enjoyed the giggleweed? Perish that thought. It became de rigueur for politicians to confess to flings with cannabis, but to deny that they had drawn any pleasure from the experience. Eight members of the Shadow Cabinet coughed that they had been youthful skank heads. Oliver Letwin, the Shadow Chief Treasury Secretary, gurgled that 'friends put it in my pipe'. It is an illustration of the hopelessness of the Tories that it did not occur to him that admitting to having smoked a pipe was much more likely to be damaging than confessing to using pot. Hats off to the Tories' Agriculture spokesman, the only politician to confess that not only had he indulged in the weed, but he had actually found it rather 'agreeable'. Well done, Tim Yeo! Meantime, the Conservatives' leader dedicated himself to warning the nation about the evil consequences of excessive drinking. Let this be a warning: consume too much alcohol as a young man and you could grow down into William Hague. When the self-revelation that he once sunk 14 pints failed to have the desired effect of rounding out his image, an increasingly desperate Leader of the Opposition then bragged that he had necked 32 rum and Cokes. That must have been just before he made his - now defunct - tax guarantee. Mr Hague's speeches had an intoxicating effect on the Conservative Party. The morning after, colleagues were left with the sensation that a toad had curled up on their tongues before dying in their throats. As for the Prime Minister, he caused head-scratching among an audience of German theologians when he unleashed his Big Idea of frogmarching hoolies to the nearest cashpoint. None of the many critics expressed themselves quite so effectively as his own son, Euan, who eloquently retched over this lame-brained idea in Leicester Square. Our award for Most Heroic Spin Of The Year is presented to the Home Office Minister who explained away the Prime Minister's dud wheeze by describing it as 'a metaphor'. Congratulations, Charles Clarke, from whom we expect great things in the future. The Remind Me What All The Fuss Was About? Award attracted many nominations ranging from the birth of Leo to the fuel protest to the Nice summit. The winner is the election for Mayor of London. How gravely did the newspapers pontificate about the calamity that would befall New Labour if Ken Livingstone seized control of the capital. How profoundly disturbed was the Prime Minister who suggested that it would be the equivalent of the Fire of London rolled into the Great Plague. If the newt-fancier became Mayor, lice-infested Londoners would fight each other to the last rat to feed their starving families. The Prime Minister pledged to fight Red Ken 'with every breath of my body'. When I last looked, Tony Blair still seemed to be alive - and London was still standing. As for Ken, his singular achievement after more than six months as Mayor has been to threaten the pigeons in Trafalgar Square. They don't look worried. The Renaissance Man Award is presented to Peter Mandelson. In a busy year for the Northern Ireland Secretary, he told one audience at the Labour conference that the Government's critics failed to appreciate its manifold achievements because 'New Labour defies description'. How much truer is this of dear Peter himself. He found time in his crowded diary to deliver speeches on subjects as diverse as the European single currency and the future of local government, the upset this caused to Gordon Brown and John Prescott being an incidental bonus. Thank goodness for the Government that Peter has so much free time to think and speak, things being as peaceful as they are in Belfast. The George Washington Memorial Prize is won by Gordon Brown. 'I did not lie, I would not lie,' the Chancellor assured the nation when his role in the Ecclestone Affair was revealed by a book, the title of which is on the tip of my tongue. We also had the Chancellor's word for it that an extra 75p a week was quite enough for pensioners - until he was forced to hand over a fiver. That it was irresponsible to alter fuel duty in reaction to short-term fluctuations in the oil price - until he did. And that he and the Prime Minister are the bosomest of buddies - except when they are shouting and swearing at each other. The Did I Really Say That? Award is won by Tony Blair who once declared that the Millennium Dome would be the 'first line of my next manifesto'. He was obviously planning a manifesto rammed with tat, universally panned by the media, largely empty and with massive queues for the few good bits. The Prime Minister was eventually driven to confess that the Greenwich Wok, as it was dubbed by one of its kinder critics, had not be a 'runaway success', in much the same way as Emperor Hirohito surrendered by telling the Japanese that the war had not turned out quite as expected. Which brings us to The Non-Resignation Of The Year Award. In a crowded field, the favourite was Charlie Falconer. After the most weighty consideration, Lord F reluctantly concluded that the country would be better served if he did not quit over the multiple mishaps of the Dome of Doom. Our winner, though, is Mo Mowlam. She managed the unique feat of resigning from the Government but remaining a member of it, thus brilliantly signalling her discontent with Number 10 while continuing as a member of the Cabinet. The Outed Award is won by Michael Portillo who dragged himself out of the closet as a Spaniard. As if talking to them in his native tongue wasn't dangerous enough, the Shadow Chancellor further startled the Conservative conference by telling them that the Tories welcomed people of 'whatever sexual orientation'. We all know this is nonsense. Such is the state of the Conservative Party, only sado-masochists need apply. And finally, to our award for Best Speech By A Politician For Whom English Is A Second Language. Despite the many nominations for John 'Macho? Moi?' Prescott, the prize has to go to George W. Bush. Among the aper\u00e7us of the next President of the United States, Dubya reassured us that 'the human being and fish can co-exist peacefully'. This idiot savant will soon be in charge of the planet's only superpower and the world's most massive nuclear arsenal. Merry Christmas.",
      "charCount": "8564"
    },
    "isHosted": false,
    "pillarId": "pillar/news",
    "pillarName": "News"
  },
  {
    "id": "politics/2000/dec/24/parliament.uk1",
    "type": "article",
    "sectionId": "politics",
    "sectionName": "Politics",
    "webPublicationDate": "2000-12-24T00:54:19Z",
    "webTitle": "If Westminster silences its own watchdog, we will all pay the price",
    "webUrl": "https://www.theguardian.com/politics/2000/dec/24/parliament.uk1",
    "apiUrl": "https://content.guardianapis.com/politics/2000/dec/24/parliament.uk1",
    "fields": {
      "headline": "If Westminster silences its own watchdog, we will all pay the price",
      "standfirst": "When MPs believe they are exempt from findings of the Commissioner for Standards, it is time to be very concerned, writes Peter Preston",
      "trailText": "When MPs believe they are exempt from findings of the Commissioner for Standards, it is time to be very concerned, writes Peter Preston.",
      "byline": "Peter Preston",
      "main": "",
      "body": "It is only six years since a beleaguered John Major summoned Lord Nolan to the colours and asked him to clean the opened sewers of British parliamentary life. Mr Neil Hamilton is still, alas, vividly with us as a reminder of that dismal era. But see how swiftly such zeal for reform fades. See how quietly the house that Nolan built comes crumbling down. <p>What were you doing on Friday morning? Running for a train, clearing your in-tray, hunting for the last wretched presents? Perhaps. What you weren't doing was sitting down to read a 350-page report by the Parliamentary Commissioner for Standards into the conduct of two Scottish MPs, one of whom is our current Secretary of State for Scotland. Nor the covering report from the Committee on Standards and Privileges which somehow contrived to set Elizabeth Filkin's findings aside in a mush of shifting words. Eleven months of painstaking work tossed out with the Christmas wrapping paper. </p> <p>The timing, in its cynical calculation, tells the story. The committee might have published on Boxing Day (indeed, seem to have pondered that ludicrous possibility), but otherwise they couldn't have done more to bury the case of John Maxton MP and, of course, Dr John Reid. </p> <p>Observer readers may remember that case, because it started here, in these pages. The question was whether Reid and Maxton had used some of their Westminster office funding to pay for three researchers - one of them Reid's son, Kevin - to campaign for Labour in the first Scottish Parliament election. Not quite cash-for-questions, but still a serious breach of serious rules. Why else does Westminster forbid the use of these expenses for any such purpose? Why else was there a \u00a315 million cap on Scottish campaign funding? </p> <p>Dean Nelson, the Observer reporter involved, complained to Filkin, as was his right. The commissioner concluded, 'on the balance of probabilities', that Commons officials had been deliberately misled by Reid and Maxton. </p> <p>In short, she upheld the complaint. Worse, she herself complained to her committee masters about the pair's dogged lack of co-operation with her inquiries and about what seemed to her clear evidence of Reid's attempt to interfere with witnesses. There was a tape, produced in evidence, of a disquieting conversation between the Minister and a former general secretary of the Scottish Labour Party. </p> <p>An open-and-shut matter for censure? A further opportunity for New Labour, who frothed so animatedly through Jonathan Aitken, Hamilton and Tim Smith, to show that we live in purer, more punctilious times? Don't hold your breath. The committee wriggled over Reid's taped telephone calls. They were 'at best unwise'. It ritually deplored the bizarre abuse heaped on Filkin by Reid's QC. (Since when were high-priced barristers called into this act?) But suddenly the standards the commissioner uses - the 'balance of probabilities' which go with her self-regulatory job - were deemed insufficient. </p> <p>The Labour-dominated committee sought a 'higher standard of proof'. It needed to be persuaded that the allegations were 'significantly more likely to be true than not to be true' - and gosh! it couldn't quite make it. Mince and custard pies all round. </p> <p>Now, in theory, there's no reason why the committee should always accept the findings of its own commissioner. But the problem of Reid looks more vexed than that: it looks like a pattern. When Filkin finds against an unpopular back-bencher like Teresa Gorman, her balance of probabilities rule OK. But when she finds against a Labour luminary - Peter Mandelson, John Prescott, and now Reid - her verdicts stub their toe on a higher standard of something or other. </p> <p>That, if Lord Nolan or his successor, Lord Neill, are watching, must give them cause for concern. There was always a solid reason to make independent outsiders, not politicians, the arbiters of parliamentary ethics. But that was a bridge too far for the Palace of Westminster. The commissioners - Sir Gordon Downey, and then Filkin - were the most that MPs would accept. </p> <p>It begins, more and more, to look like an unworkable fudge, and to promise great trouble in store. Consider how isolated Filkin has become. It's not just her findings which are repeatedly set aside; it's the whispering against her. She has become (one suitably anonymous Labour Minister told The Independent yesterday) the 'Witchfinder-General'. She apparently takes her duties too solemnly. She is not a proper chap in a palace of chaps, but an integrity-crazed eccentric. </p> <p>The trouble with this kind of lobby stuff, of course, is that it can't be pinned down and thus countered. It destroys by stealth. </p> <p>I know what the old system was like. I complained to the Committee on Members' Interests about Neil Hamilton and watched in stupefaction as the Government whip on that grouping got to work. Independent justice? Give me the Florida Supreme Court any time. </p> <p>Filkin has a long and distinguished reputation in public service. She is diligent and concerned to serve the best interests of our Parliament. But can Parliament itself serve those interests? Not when the goal posts of probability are abruptly shifted. Not when cases which matter are slipped out under cover of Christmas. </p> <p>Either Parliament has a 'watchdog', or it doesn't. Either Filkin - like Downey - has misunderstood the rules, or she hasn't. Either Ministers are different, or they're not. The trouble here isn't one damned thing, but one damned thing after another. If I were Nolan or Neill, I'd be thinking that at least the commissioner should be reinforced by another outsider for future cases involving Ministers. </p> <p>The system Nolan built is not there for the convenience of MPs - not even Martin Bell. It is there for us, so we can have confidence and trust. Let it slide, and guess who loses? </p> <p>Peter Preston was editor of the Guardian 1975-95 and editor-in-chief of the Guardian and Observer 1995-96</p>",
      "newspaperPageNumber": "13",
      "wordcount": "977",
      "commentable": "false",
      "isPremoderated": "false",
      "lastModified": "2017-12-02T15:05:46Z",
      "newspaperEditionDate": "2000-12-24T00:00:00Z",
      "productionOffice": "UK",
      "publication": "The Observer",
      "shortUrl": "https://gu.com/p/hp5p",
      "shouldHideAdverts": "false",
      "showInRelatedContent": "true",
      "legallySensitive": "false",
      "lang": "en",
      "bodyText": "It is only six years since a beleaguered John Major summoned Lord Nolan to the colours and asked him to clean the opened sewers of British parliamentary life. Mr Neil Hamilton is still, alas, vividly with us as a reminder of that dismal era. But see how swiftly such zeal for reform fades. See how quietly the house that Nolan built comes crumbling down. What were you doing on Friday morning? Running for a train, clearing your in-tray, hunting for the last wretched presents? Perhaps. What you weren't doing was sitting down to read a 350-page report by the Parliamentary Commissioner for Standards into the conduct of two Scottish MPs, one of whom is our current Secretary of State for Scotland. Nor the covering report from the Committee on Standards and Privileges which somehow contrived to set Elizabeth Filkin's findings aside in a mush of shifting words. Eleven months of painstaking work tossed out with the Christmas wrapping paper. The timing, in its cynical calculation, tells the story. The committee might have published on Boxing Day (indeed, seem to have pondered that ludicrous possibility), but otherwise they couldn't have done more to bury the case of John Maxton MP and, of course, Dr John Reid. Observer readers may remember that case, because it started here, in these pages. The question was whether Reid and Maxton had used some of their Westminster office funding to pay for three researchers - one of them Reid's son, Kevin - to campaign for Labour in the first Scottish Parliament election. Not quite cash-for-questions, but still a serious breach of serious rules. Why else does Westminster forbid the use of these expenses for any such purpose? Why else was there a \u00a315 million cap on Scottish campaign funding? Dean Nelson, the Observer reporter involved, complained to Filkin, as was his right. The commissioner concluded, 'on the balance of probabilities', that Commons officials had been deliberately misled by Reid and Maxton. In short, she upheld the complaint. Worse, she herself complained to her committee masters about the pair's dogged lack of co-operation with her inquiries and about what seemed to her clear evidence of Reid's attempt to interfere with witnesses. There was a tape, produced in evidence, of a disquieting conversation between the Minister and a former general secretary of the Scottish Labour Party. An open-and-shut matter for censure? A further opportunity for New Labour, who frothed so animatedly through Jonathan Aitken, Hamilton and Tim Smith, to show that we live in purer, more punctilious times? Don't hold your breath. The committee wriggled over Reid's taped telephone calls. They were 'at best unwise'. It ritually deplored the bizarre abuse heaped on Filkin by Reid's QC. (Since when were high-priced barristers called into this act?) But suddenly the standards the commissioner uses - the 'balance of probabilities' which go with her self-regulatory job - were deemed insufficient. The Labour-dominated committee sought a 'higher standard of proof'. It needed to be persuaded that the allegations were 'significantly more likely to be true than not to be true' - and gosh! it couldn't quite make it. Mince and custard pies all round. Now, in theory, there's no reason why the committee should always accept the findings of its own commissioner. But the problem of Reid looks more vexed than that: it looks like a pattern. When Filkin finds against an unpopular back-bencher like Teresa Gorman, her balance of probabilities rule OK. But when she finds against a Labour luminary - Peter Mandelson, John Prescott, and now Reid - her verdicts stub their toe on a higher standard of something or other. That, if Lord Nolan or his successor, Lord Neill, are watching, must give them cause for concern. There was always a solid reason to make independent outsiders, not politicians, the arbiters of parliamentary ethics. But that was a bridge too far for the Palace of Westminster. The commissioners - Sir Gordon Downey, and then Filkin - were the most that MPs would accept. It begins, more and more, to look like an unworkable fudge, and to promise great trouble in store. Consider how isolated Filkin has become. It's not just her findings which are repeatedly set aside; it's the whispering against her. She has become (one suitably anonymous Labour Minister told The Independent yesterday) the 'Witchfinder-General'. She apparently takes her duties too solemnly. She is not a proper chap in a palace of chaps, but an integrity-crazed eccentric. The trouble with this kind of lobby stuff, of course, is that it can't be pinned down and thus countered. It destroys by stealth. I know what the old system was like. I complained to the Committee on Members' Interests about Neil Hamilton and watched in stupefaction as the Government whip on that grouping got to work. Independent justice? Give me the Florida Supreme Court any time. Filkin has a long and distinguished reputation in public service. She is diligent and concerned to serve the best interests of our Parliament. But can Parliament itself serve those interests? Not when the goal posts of probability are abruptly shifted. Not when cases which matter are slipped out under cover of Christmas. Either Parliament has a 'watchdog', or it doesn't. Either Filkin - like Downey - has misunderstood the rules, or she hasn't. Either Ministers are different, or they're not. The trouble here isn't one damned thing, but one damned thing after another. If I were Nolan or Neill, I'd be thinking that at least the commissioner should be reinforced by another outsider for future cases involving Ministers. The system Nolan built is not there for the convenience of MPs - not even Martin Bell. It is there for us, so we can have confidence and trust. Let it slide, and guess who loses? Peter Preston was editor of the Guardian 1975-95 and editor-in-chief of the Guardian and Observer 1995-96",
      "charCount": "5912"
    },
    "isHosted": false,
    "pillarId": "pillar/news",
    "pillarName": "News"
  }
]