[
  {
    "id": "world/2000/jan/19/germany.guardianleaders",
    "type": "article",
    "sectionId": "world",
    "sectionName": "World news",
    "webPublicationDate": "2000-01-19T18:05:26Z",
    "webTitle": "Deeper into the mire",
    "webUrl": "https://www.theguardian.com/world/2000/jan/19/germany.guardianleaders",
    "apiUrl": "https://content.guardianapis.com/world/2000/jan/19/germany.guardianleaders",
    "fields": {
      "headline": "Deeper into the mire",
      "standfirst": "The CDU's troubles are likely to grow",
      "trailText": "Germany's galloping sleaze scandal, which has irredeemably damaged the reputation of former chancellor Helmut Kohl, is now rapidly consuming the man who wants to follow him. Wolfgang Sch&auml;uble's survival of a confidence vote at a crisis meeting of his Christian Democrats yesterday looks like a reprieve, not a pardon.",
      "main": "",
      "body": "Germany's galloping sleaze scandal, which has irredeemably damaged the reputation of former chancellor Helmut Kohl, is now rapidly consuming the man who wants to follow him. Wolfgang Sch\u00e4uble's survival of a confidence vote at a crisis meeting of his Christian Democrats yesterday looks like a reprieve, not a pardon. His defiance of calls to resign will only add fuel to the political funding row which erupted around Dr Kohl last November. The affair has already split the CDU along generational lines. There have been resignations at national and state level, and more may follow. The party's standing with the electorate has been seriously affected, with last autumn's long opinion poll lead over Gerhard Schr\u00f6der's Social Democrats now nothing more than a fond memory. <p>As matters stand, the CDU could pay a heavy price in state elections in Schleswig-Holstein next month and North-Rhine Westphalia in May - elections which until recently, many commentators had portrayed as a possibly fatal obstacle to Mr Schr\u00f6der's vacillating chancellorship. Yesterday's apparent CDU attempt to pin the blame for the scandal wholly on Dr Kohl, with the implication that he should quit parliament as well as his post as honorary CDU chairman, looks doomed to failure. Mr Sch\u00e4uble's refusal to take responsibility, particularly given his belated and incomplete admission of personal involvement, will not impress the voters or younger party members. He may not, technically, have broken the law. But how much longer he can survive as a credible force is very much open to question. </p> <p>The funding scandal now looks set to run and run. The CDU's apparently routine and systematic abuse of laws concerning the origin and disclosure of campaign cash donations, over a period of many years, makes it likely that the official inquiries launched into its finances in Bonn and Frankfurt will extend elsewhere. It is possible political parties other than the CDU may also become enmeshed in this dragnet. The tax authorities will be keen to discover just how much of the $17m so far linked to the scams was money which was rightfully the state's. But it is the upcoming parliamentary inquiry into the affair which promises to produce the real fireworks. It will inevitably raise issues about the transparency and accountability of a political system which has changed little since the post-war settlement. But if it is thoroughly conducted, the inquiry should also be able to provide answers to the key questions which Dr Kohl and others have so far ignored: who were the CDU's mystery money-men, and did their cash influence government policies and decisions? In short, was the Kohl government, which held power for 16 consecutive years, up for sale? </p> <p>Concern has already been expressed about cash payments to the party and the former government's approval of an arms sale to Saudi Arabia; about a property company which made donations to the CDU and which bought government-privatised housing stock at bargain basement prices; and about the controversial sale of an east German oil refinery to the French oil giant, Elf Aquitaine. These transactions may represent merely the tip of the proverbial iceberg - and, with Mr Sch\u00e4uble unrepentant, the hunt is on in earnest for more evidence. Karlheinz Schreiber, the millionaire businessman whose bundles of used banknotes lie at the heart of the scandal, predicted last November that \"it will become very nasty\" before it is finished. As the CDU's treasurers might have said, you can bet your bottom deutschmark on that.</p>",
      "newspaperPageNumber": "19",
      "wordcount": "580",
      "commentable": "false",
      "isPremoderated": "false",
      "lastModified": "2000-01-20T18:05:26Z",
      "newspaperEditionDate": "2000-01-19T00:00:00Z",
      "productionOffice": "UK",
      "publication": "theguardian.com",
      "shortUrl": "https://gu.com/p/pnbb",
      "shouldHideAdverts": "false",
      "showInRelatedContent": "true",
      "legallySensitive": "false",
      "lang": "en",
      "bodyText": "Germany's galloping sleaze scandal, which has irredeemably damaged the reputation of former chancellor Helmut Kohl, is now rapidly consuming the man who wants to follow him. Wolfgang Sch\u00e4uble's survival of a confidence vote at a crisis meeting of his Christian Democrats yesterday looks like a reprieve, not a pardon. His defiance of calls to resign will only add fuel to the political funding row which erupted around Dr Kohl last November. The affair has already split the CDU along generational lines. There have been resignations at national and state level, and more may follow. The party's standing with the electorate has been seriously affected, with last autumn's long opinion poll lead over Gerhard Schr\u00f6der's Social Democrats now nothing more than a fond memory. As matters stand, the CDU could pay a heavy price in state elections in Schleswig-Holstein next month and North-Rhine Westphalia in May - elections which until recently, many commentators had portrayed as a possibly fatal obstacle to Mr Schr\u00f6der's vacillating chancellorship. Yesterday's apparent CDU attempt to pin the blame for the scandal wholly on Dr Kohl, with the implication that he should quit parliament as well as his post as honorary CDU chairman, looks doomed to failure. Mr Sch\u00e4uble's refusal to take responsibility, particularly given his belated and incomplete admission of personal involvement, will not impress the voters or younger party members. He may not, technically, have broken the law. But how much longer he can survive as a credible force is very much open to question. The funding scandal now looks set to run and run. The CDU's apparently routine and systematic abuse of laws concerning the origin and disclosure of campaign cash donations, over a period of many years, makes it likely that the official inquiries launched into its finances in Bonn and Frankfurt will extend elsewhere. It is possible political parties other than the CDU may also become enmeshed in this dragnet. The tax authorities will be keen to discover just how much of the $17m so far linked to the scams was money which was rightfully the state's. But it is the upcoming parliamentary inquiry into the affair which promises to produce the real fireworks. It will inevitably raise issues about the transparency and accountability of a political system which has changed little since the post-war settlement. But if it is thoroughly conducted, the inquiry should also be able to provide answers to the key questions which Dr Kohl and others have so far ignored: who were the CDU's mystery money-men, and did their cash influence government policies and decisions? In short, was the Kohl government, which held power for 16 consecutive years, up for sale? Concern has already been expressed about cash payments to the party and the former government's approval of an arms sale to Saudi Arabia; about a property company which made donations to the CDU and which bought government-privatised housing stock at bargain basement prices; and about the controversial sale of an east German oil refinery to the French oil giant, Elf Aquitaine. These transactions may represent merely the tip of the proverbial iceberg - and, with Mr Sch\u00e4uble unrepentant, the hunt is on in earnest for more evidence. Karlheinz Schreiber, the millionaire businessman whose bundles of used banknotes lie at the heart of the scandal, predicted last November that \"it will become very nasty\" before it is finished. As the CDU's treasurers might have said, you can bet your bottom deutschmark on that.",
      "charCount": "3545"
    },
    "isHosted": false,
    "pillarId": "pillar/news",
    "pillarName": "News"
  },
  {
    "id": "football/2000/jan/19/newsstory.sport4",
    "type": "article",
    "sectionId": "football",
    "sectionName": "Football",
    "webPublicationDate": "2000-01-19T10:43:29Z",
    "webTitle": "Rumours Unlimited",
    "webUrl": "https://www.theguardian.com/football/2000/jan/19/newsstory.sport4",
    "apiUrl": "https://content.guardianapis.com/football/2000/jan/19/newsstory.sport4",
    "fields": {
      "headline": "Rumours Unlimited",
      "standfirst": "Our daily round up of all the transfer talk. If it's got a price tag, we'll print it",
      "trailText": "<p><strong>Daily Mail</strong> Inter Milan are willing to part with more than \u00a310m to secure the services of Robbie Keane. Coventry are not thought to be willing to sell the striker they bought only five months ago, but an Inter insider said: \"They have already agreed that if and when they choose to sell Keane they will speak to us first.\"</p>",
      "main": "",
      "body": "<p><strong>Daily Mail</strong> Inter Milan are willing to part with more than \u00a310m to secure the services of Robbie Keane. Coventry are not thought to be willing to sell the striker they bought only five months ago, but an Inter insider said: \"They have already agreed that if and when they choose to sell Keane they will speak to us first.\"</p> <p>Birmingham have made a new attempt to sign Tottenham winger Ruel Fox on loan.</p> <p><strong>The Express</strong> Leeds and Spurs have both tabled \u00a34m bids for Coventry's on-loan Belgian striker Cedric Roussell.</p> <p><strong>Teamtalk</strong> Spurs are one of three Premiership clubs chasing Bordeaux's French international striker Sylvain Wiltord. Aston Villa and Liverpool are also believed to be interested. When asked about the possibility of playing in England, Wiltord said: \"The fans in the Premiership are so passionate and there is also the money there to consider.\"</p> <p>Paul Jewell is once again being linked with a \u00a3400,000 move for Brentford striker Lloyd Owusu. Jewell, who has had scouts at the Bees last two games in the north, rates the 22-year-old highly.</p> <p><strong>The Sun</strong> \u00a35m-rated striker Matt Jansen will stay at Blackburn and fight for his place. \"It's a great club and it would be stupid for me to move away,\" he said.</p>",
      "wordcount": "210",
      "commentable": "false",
      "isPremoderated": "false",
      "lastModified": "2017-02-20T22:36:00Z",
      "newspaperEditionDate": "2000-01-19T00:00:00Z",
      "productionOffice": "UK",
      "publication": "theguardian.com",
      "shortUrl": "https://gu.com/p/x4az8",
      "shouldHideAdverts": "false",
      "showInRelatedContent": "true",
      "legallySensitive": "false",
      "lang": "en",
      "bodyText": "Daily Mail Inter Milan are willing to part with more than \u00a310m to secure the services of Robbie Keane. Coventry are not thought to be willing to sell the striker they bought only five months ago, but an Inter insider said: \"They have already agreed that if and when they choose to sell Keane they will speak to us first.\" Birmingham have made a new attempt to sign Tottenham winger Ruel Fox on loan. The Express Leeds and Spurs have both tabled \u00a34m bids for Coventry's on-loan Belgian striker Cedric Roussell. Teamtalk Spurs are one of three Premiership clubs chasing Bordeaux's French international striker Sylvain Wiltord. Aston Villa and Liverpool are also believed to be interested. When asked about the possibility of playing in England, Wiltord said: \"The fans in the Premiership are so passionate and there is also the money there to consider.\" Paul Jewell is once again being linked with a \u00a3400,000 move for Brentford striker Lloyd Owusu. Jewell, who has had scouts at the Bees last two games in the north, rates the 22-year-old highly. The Sun \u00a35m-rated striker Matt Jansen will stay at Blackburn and fight for his place. \"It's a great club and it would be stupid for me to move away,\" he said.",
      "charCount": "1203"
    },
    "isHosted": false,
    "pillarId": "pillar/sport",
    "pillarName": "Sport"
  }
]