[
  {
    "id": "money/2000/aug/02/personalfinancenews",
    "type": "article",
    "sectionId": "money",
    "sectionName": "Money",
    "webPublicationDate": "2000-08-01T23:00:00Z",
    "webTitle": "House prices keep falling",
    "webUrl": "https://www.theguardian.com/money/2000/aug/02/personalfinancenews",
    "apiUrl": "https://content.guardianapis.com/money/2000/aug/02/personalfinancenews",
    "fields": {
      "headline": "House prices keep falling",
      "trailText": "<p>House prices fell again in July, providing further evidence that the housing boom is over, according to figures issued yesterday which show that London - the region which led the upturn - is now seeing the biggest slowdown.</p>",
      "byline": "Rupert Jones",
      "main": "",
      "body": "<p>House prices fell again in July, providing further evidence that the housing boom is over, according to figures issued yesterday which show that London - the region which led the upturn - is now seeing the biggest slowdown.</p> <p>The cost of an average home fell 0.2% in July and now stands at \u00a381,133 - down \u00a3319 on the previous month, said Nationwide building society.</p> <p>This is the second decline in three months and means prices are back to where they were in May, when the average cost of a home was \u00a381,006.</p> <p>The society's findings coincide with a report from the widely respected economist Roger Bootle, which concludes that after three decades of dramatic ups and downs the housing market \"may be reaching something like stability\".</p> <p>According to the Nationwide the rate of annual house price growth is continuing to fall - it was 13.9% in July compared with 15.1% in June and 17.5% in April.</p> <p>However, it is argued that a property crash is unlikely, and even held out some hope that with the economy being strong, the housing market could merely be \"pausing for breath\".</p> <p>\"The housing market continued to cool in July,\" said David Parry at the Nationwide. \"Regionally, it appears that prices in London have seen the most significant slowdown.\"</p> <p>Part of the explanation for the market's weakening is that the dramatic price rises of the last 12 months were not sustainable, resulting in growing numbers of first time buyers being priced out of the market, he added.</p> <p>An average first time buyer in the capital would need to earn more than \u00a332,000 and be able to find a deposit of perhaps \u00a312,550 in order to buy a typical first time buyer property costing \u00a3125,540.</p> <p>The findings come in the wake of surveys showing that the balance of power in the housing market is shifting in favour of buyers.</p>",
      "wordcount": "322",
      "commentable": "false",
      "isPremoderated": "false",
      "lastModified": "2001-12-12T00:00:00Z",
      "newspaperEditionDate": "2000-08-02T00:00:00Z",
      "productionOffice": "UK",
      "publication": "theguardian.com",
      "shortUrl": "https://gu.com/p/3bgg",
      "shouldHideAdverts": "false",
      "showInRelatedContent": "true",
      "legallySensitive": "false",
      "lang": "en",
      "bodyText": "House prices fell again in July, providing further evidence that the housing boom is over, according to figures issued yesterday which show that London - the region which led the upturn - is now seeing the biggest slowdown. The cost of an average home fell 0.2% in July and now stands at \u00a381,133 - down \u00a3319 on the previous month, said Nationwide building society. This is the second decline in three months and means prices are back to where they were in May, when the average cost of a home was \u00a381,006. The society's findings coincide with a report from the widely respected economist Roger Bootle, which concludes that after three decades of dramatic ups and downs the housing market \"may be reaching something like stability\". According to the Nationwide the rate of annual house price growth is continuing to fall - it was 13.9% in July compared with 15.1% in June and 17.5% in April. However, it is argued that a property crash is unlikely, and even held out some hope that with the economy being strong, the housing market could merely be \"pausing for breath\". \"The housing market continued to cool in July,\" said David Parry at the Nationwide. \"Regionally, it appears that prices in London have seen the most significant slowdown.\" Part of the explanation for the market's weakening is that the dramatic price rises of the last 12 months were not sustainable, resulting in growing numbers of first time buyers being priced out of the market, he added. An average first time buyer in the capital would need to earn more than \u00a332,000 and be able to find a deposit of perhaps \u00a312,550 in order to buy a typical first time buyer property costing \u00a3125,540. The findings come in the wake of surveys showing that the balance of power in the housing market is shifting in favour of buyers.",
      "charCount": "1789"
    },
    "isHosted": false,
    "pillarId": "pillar/lifestyle",
    "pillarName": "Lifestyle"
  },
  {
    "id": "world/2000/aug/01/transport.uk1",
    "type": "article",
    "sectionId": "uk-news",
    "sectionName": "UK news",
    "webPublicationDate": "2000-08-01T08:10:38Z",
    "webTitle": "Byers to force down cost of new cars",
    "webUrl": "https://www.theguardian.com/world/2000/aug/01/transport.uk1",
    "apiUrl": "https://content.guardianapis.com/world/2000/aug/01/transport.uk1",
    "fields": {
      "headline": "Byers to force down cost of new cars",
      "standfirst": "<A HREF=\"http://www.dti.gov.uk/\" TARGET=\"_new\">Department of Trade and Industry</A><BR>\n<A HREF=\"http://www.competition-commission.gov.uk/439.htm\" TARGET=\"_new\">Competition Commission report</A><BR>\n<A HREF=\"http://www.which.net/\" TARGET=\"_new\">Consumers Association</A>",
      "trailText": "Moves to cut the average price of a new car by \u00a31,100 were set to be unveiled by the Government today. An expected announcement by Trade and Industry Secretary Stephen Byers is aimed at bringing greater competition in the supply and sale of cars.",
      "main": "",
      "body": "Moves to cut the average price of a new car by \u00a31,100 were set to be unveiled by the Government today. An expected announcement by Trade and Industry Secretary Stephen Byers is aimed at bringing greater competition in the supply and sale of cars. <p>Car buyers will save an estimated \u00a31 billion a year when the cuts are implemented from next month. The expected announcement follows a report by the Competition Commission which found that motorists were paying around 10% more for a new car than buyers on the continent. </p> <p>A new legal order due to be announced by the Government today will come into force on 1 September, the day of the next number plate change. Suppliers are expected to be told that they must offer the same discounts to individuals as they do to fleet buyers. </p> <p>The order is also set to stop suppliers from discriminating in respect of discounts to a contract hire company according to whether the end user is a private or fleet buyer. The commission produced a 737-page report earlier this year fuelling the debate over whether motorists in this country were being \"ripped off\". </p> <p>The report, published in April, found that car prices for many models were 10-12% higher in Britain than in Germany, France or Italy. Campaign groups including the Consumers' Association called for a cut in car prices pointing to the availability of cheaper vehicles on mainland Europe and via the Internet. </p> <p>Car manufacturers are likely to accept the new order, hoping it will draw a line under the recent car price controversy. Sources pointed out that prices have been falling for the past year anyway and warned that the Government's announcement will not lead to dramatically cheaper prices. </p> <p>The price of new cars will soon have fallen by 10% because of the fiercely competitive nature of the market not because of the Commission's report, sources believe. Some analysts have warned that the UK car industry could be damaged if prices fall too much because lower profits will hit investment plans.</p>",
      "wordcount": "341",
      "commentable": "false",
      "isPremoderated": "false",
      "lastModified": "2000-08-01T08:10:38Z",
      "newspaperEditionDate": "2000-08-01T00:00:00Z",
      "productionOffice": "UK",
      "publication": "theguardian.com",
      "shortUrl": "https://gu.com/p/j5j7",
      "shouldHideAdverts": "false",
      "showInRelatedContent": "true",
      "legallySensitive": "false",
      "lang": "en",
      "bodyText": "Moves to cut the average price of a new car by \u00a31,100 were set to be unveiled by the Government today. An expected announcement by Trade and Industry Secretary Stephen Byers is aimed at bringing greater competition in the supply and sale of cars. Car buyers will save an estimated \u00a31 billion a year when the cuts are implemented from next month. The expected announcement follows a report by the Competition Commission which found that motorists were paying around 10% more for a new car than buyers on the continent. A new legal order due to be announced by the Government today will come into force on 1 September, the day of the next number plate change. Suppliers are expected to be told that they must offer the same discounts to individuals as they do to fleet buyers. The order is also set to stop suppliers from discriminating in respect of discounts to a contract hire company according to whether the end user is a private or fleet buyer. The commission produced a 737-page report earlier this year fuelling the debate over whether motorists in this country were being \"ripped off\". The report, published in April, found that car prices for many models were 10-12% higher in Britain than in Germany, France or Italy. Campaign groups including the Consumers' Association called for a cut in car prices pointing to the availability of cheaper vehicles on mainland Europe and via the Internet. Car manufacturers are likely to accept the new order, hoping it will draw a line under the recent car price controversy. Sources pointed out that prices have been falling for the past year anyway and warned that the Government's announcement will not lead to dramatically cheaper prices. The price of new cars will soon have fallen by 10% because of the fiercely competitive nature of the market not because of the Commission's report, sources believe. Some analysts have warned that the UK car industry could be damaged if prices fall too much because lower profits will hit investment plans.",
      "charCount": "1994"
    },
    "isHosted": false,
    "pillarId": "pillar/news",
    "pillarName": "News"
  },
  {
    "id": "world/2000/aug/01/transport.uk",
    "type": "article",
    "sectionId": "uk-news",
    "sectionName": "UK news",
    "webPublicationDate": "2000-08-01T01:00:03Z",
    "webTitle": "Campaigners fail to spark petrol boycott",
    "webUrl": "https://www.theguardian.com/world/2000/aug/01/transport.uk",
    "apiUrl": "https://content.guardianapis.com/world/2000/aug/01/transport.uk",
    "fields": {
      "headline": "Campaigners fail to spark petrol boycott",
      "trailText": "It was business as usual in Britain's petrol stations today, as the planned protest against high petrol prices got off to a subdued start.",
      "byline": "Staff and agencies",
      "main": "",
      "body": "It was business as usual in Britain's petrol stations today, as the planned protest against high petrol prices got off to a subdued start. <p>Motorists across the country were urged to \"dump the pump\" in the first of what organisers hope will become weekly demonstrations against high levels of tax charged on fuel in the UK.</p> <p>While some motorists simply filled up their tanks yesterday, many continued to take advantage of a petrol price war that has seen some supermarkets lower the price of petrol by around 5p to below 80p a litre.</p> <p>Business was brisk at the Esso service station in West Street, Tradeston, Glasgow, as motorists queued to buy fuel. </p> <p>Stephen McMahon, a self-employed home improvements tradesman from Glasgow, said he sympathised with the campaign but had to fill his van so he could get to work.</p> <p>He said: \"The tax is much too high. I knew about the dump the pump thing but there's no real alternative. I mean, you can't just fill up with water can you?\"</p> <p>A planned slowdown of traffic on the M20 attracted only a dozen cars and lorries. Hundreds of hauliers had been expected to form a \"rolling roadblock\" between Ashford and Dover, according to the Hauliers and Farmers Association, which organised the blockade.</p> <p>But the coordinator of the Boycott the Pumps campaign, Garry Russell, 39, from Chingford, Essex, warned: \"If we sit back and do nothing, then before too long we will have the \u00a35 gallon. </p> <p>\"If we paid as much tax on certain items as we do on petrol then a first-class stamp would cost \u00a31.13, a cinema ticket would be nearly \u00a322 and a loaf of bread would be \u00a31.58. </p> <p>\"I want to see forecourts become no-go areas on Mondays. This is very much an election issue now, with people blaming the government for the high prices.\" </p> <p>He called on drivers not to fill up at petrol stations and to boycott forecourts every Monday from now on. </p> <p>The day of action has been criticised by transport and environmental groups.</p> <p>Both the RAC and the Freight Transport Association expressed reservations about the boycott, as did Friends of the Earth and the Council for the Protection of Rural England.</p> <p>Transport minister Lord Whitty insisted the government was \"listening to motorists\" and understood the concerns of those in rural areas.</p> <p>\"There is a misapprehension behind this campaign and... it has been the increase in crude oil prices not the taxation which has increased the pump prices,\" he told Radio 4's Today programme.</p> <p>\"The chancellor recognised last year that the balance of taxation had gone far enough in terms of motoring and we held back on the fuel duty escalator,\" he added. </p> <p>Lord Whitty denied fuel tax was a regressive tax policy. </p> <p>\"The very poorest do not have access to a car. You do need to look at the totality of taxation. We realised the balance was getting slightly out of kilter.\" </p> <p>He said that for businesses the \"general burden\" of taxation was \"significantly lower\" in the UK than on the continent. </p> <p>Lord Whitty added that the government was introducing a number of measures to help the rural economy, including improved roads and public transport.</p>",
      "wordcount": "534",
      "commentable": "false",
      "isPremoderated": "false",
      "lastModified": "2000-08-02T01:00:03Z",
      "newspaperEditionDate": "2000-08-01T00:00:00Z",
      "productionOffice": "UK",
      "publication": "theguardian.com",
      "shortUrl": "https://gu.com/p/zb2z",
      "shouldHideAdverts": "false",
      "showInRelatedContent": "true",
      "legallySensitive": "false",
      "lang": "en",
      "bodyText": "It was business as usual in Britain's petrol stations today, as the planned protest against high petrol prices got off to a subdued start. Motorists across the country were urged to \"dump the pump\" in the first of what organisers hope will become weekly demonstrations against high levels of tax charged on fuel in the UK. While some motorists simply filled up their tanks yesterday, many continued to take advantage of a petrol price war that has seen some supermarkets lower the price of petrol by around 5p to below 80p a litre. Business was brisk at the Esso service station in West Street, Tradeston, Glasgow, as motorists queued to buy fuel. Stephen McMahon, a self-employed home improvements tradesman from Glasgow, said he sympathised with the campaign but had to fill his van so he could get to work. He said: \"The tax is much too high. I knew about the dump the pump thing but there's no real alternative. I mean, you can't just fill up with water can you?\" A planned slowdown of traffic on the M20 attracted only a dozen cars and lorries. Hundreds of hauliers had been expected to form a \"rolling roadblock\" between Ashford and Dover, according to the Hauliers and Farmers Association, which organised the blockade. But the coordinator of the Boycott the Pumps campaign, Garry Russell, 39, from Chingford, Essex, warned: \"If we sit back and do nothing, then before too long we will have the \u00a35 gallon. \"If we paid as much tax on certain items as we do on petrol then a first-class stamp would cost \u00a31.13, a cinema ticket would be nearly \u00a322 and a loaf of bread would be \u00a31.58. \"I want to see forecourts become no-go areas on Mondays. This is very much an election issue now, with people blaming the government for the high prices.\" He called on drivers not to fill up at petrol stations and to boycott forecourts every Monday from now on. The day of action has been criticised by transport and environmental groups. Both the RAC and the Freight Transport Association expressed reservations about the boycott, as did Friends of the Earth and the Council for the Protection of Rural England. Transport minister Lord Whitty insisted the government was \"listening to motorists\" and understood the concerns of those in rural areas. \"There is a misapprehension behind this campaign and... it has been the increase in crude oil prices not the taxation which has increased the pump prices,\" he told Radio 4's Today programme. \"The chancellor recognised last year that the balance of taxation had gone far enough in terms of motoring and we held back on the fuel duty escalator,\" he added. Lord Whitty denied fuel tax was a regressive tax policy. \"The very poorest do not have access to a car. You do need to look at the totality of taxation. We realised the balance was getting slightly out of kilter.\" He said that for businesses the \"general burden\" of taxation was \"significantly lower\" in the UK than on the continent. Lord Whitty added that the government was introducing a number of measures to help the rural economy, including improved roads and public transport.",
      "charCount": "3074"
    },
    "isHosted": false,
    "pillarId": "pillar/news",
    "pillarName": "News"
  },
  {
    "id": "world/2000/aug/01/iraq.ewenmacaskill",
    "type": "article",
    "sectionId": "world",
    "sectionName": "World news",
    "webPublicationDate": "2000-08-01T00:58:33Z",
    "webTitle": "Sands of time erode support for sanctions",
    "webUrl": "https://www.theguardian.com/world/2000/aug/01/iraq.ewenmacaskill",
    "apiUrl": "https://content.guardianapis.com/world/2000/aug/01/iraq.ewenmacaskill",
    "fields": {
      "headline": "Sands of time erode support for sanctions",
      "standfirst": "Tomorrow is the anniversary of Saddam Hussein's invasion of Kuwait. Iraq is still paying the price, and it is rising <BR><BR><A HREF=\"http://www.guardianunlimited.co.uk/Iraq/\">Special report: Iraq</A>",
      "trailText": "Tomorrow is the anniversary of Saddam Hussein's invasion of Kuwait. Iraq is still paying the price, and it is rising",
      "byline": "Ewen MacAskill, Brian Whitaker and Jonathan Steele",
      "main": "",
      "body": "Saddam Hussein began the Gulf war 10 years ago tomorrow when he launched his forces across the desert into Kuwait. Officially, the war ended seven months later with the liberation of Kuwait. Yet last week British and US planes were in action over northern and southern Iraq, as they have been for the past year and were the year before that. <p>\"There is a sortie going on at the moment in the north and there is an engagement,\" a British commander said last week, describing how Iraqi anti-aircraft batteries locked on to a British jet.</p> <p>To him it was a routine day, one of many in a conflict which is under-reported, mainly because Saudi Arabia and Kuwait, which provide the bases, do not want too much attention drawn to it.</p> <p>Iraq claims that more than 300 civilians were killed in raids in the past two years. The US and Britain, which send planes over Iraq on average every second day, insist that most of those listed as civilians were soldiers manning anti-aircraft weapons.</p> <p>British and US ships are also in the Gulf, trying - largely unsuccessfully - to police the embargo imposed on Iraq, the toughest sanctions regime in history.</p> <p>What has been achieved by 10 years of war and sanctions? President Saddam, 63, is still in power, presiding over a police state with one of the worst human rights records in the world.</p> <p>The 30-country coalition raised against him is falling apart as the Gulf states and others normalise their relations with Iraq. The sanctions are increasingly difficult to maintain. Iraq's borders with Jordan, Syria, Turkey and Iran are porous. Trade is increasing. Eighty countries plan to attend the Baghdad trade fair in November. </p> <p>Because of the sanctions' impact on civilians, the US and Britain face moral disapproval from a growing alliance of organisations as diverse as the Italian parliament and the Church of England.</p> <p>To those with money, just about anything is available in Baghdad's shops. The rest of Iraqi society is struggling, caught between President Saddam's tyranny and the implacable attitude of the US and Britain. Education is suffering as children drop out in droves. Income has been slashed. Iraq, which once boasted one of the best health services in the Middle East, now has one of the worst. </p> <p>Children have suffered disproportionately. Unesco estimates that half a million children have died in the past 10 years, partly as a result of malnutrition, poor sanitation and lack of medical services.</p> <p>The sanctions have left Iraq's infrastructure in an \"appalling\" state, the programme director for Save the Children in northern Iraq, Peter Maxwell, said. </p> <p>\"It is questionable whether the successful implementation of the UN's humanitarian programme should be made so dependent upon progress made in military and security matters.\" </p> <p>Church of England representatives were horrified by social conditions in Iraq. In a report last month they suggested that the UN should aim the arms embargo and financial sanctions at the ruling elite. \"Such an alternative might be more effective than the current sanctions policy, which is unlikely to yield further political dividend without creating further suffering.\"</p> <p>Publicly the US, the main proponent of sanctions, remains determined to put President Saddam and his cronies on trial for war crimes. But behind the rhetoric a change is taking place. Bill Clinton and those around him no longer insist that sanctions cannot be lifted until President Saddam has gone.</p> <p>Iraq's moment of truth, when it will show whether it will cooperate with the new team of UN weapons inspectors and get the sanctions suspended, is almost at hand, according to Hans Blix, the team's Swedish chairman. If it agrees to meet him,the conflict may be resolved. If it refuses, there will be another standoff with the UN.</p> <p>\"Towards the end of August we should be ready to open up in Iraq,\" Mr Blix told the Guardian. \"It is not in our mandate to harass, humiliate or provoke Iraq, and we shall not do that.\"</p> <p>Iraq complained that the previous team (Unscom) had an open agenda which meant that sanctions would never be lifted. Mr Blix said: \"We want to be firm but correct. We have given Iraq a marked trail towards suspension, so there's a path they can follow.\"</p> <p>The new team is not dominated by the west. \"The complaint that Unscom was lopsided in a western way is correct,\" Mr Blix said. Previous inspectors were not recruited by the UN, as the new team is, but seconded by their governments, and western states were more generous.</p> <p>The new team is also determined to avoid the accusation that it is a tool of western intelligence or Iraqi defectors. Iraq made this claim against Scott Ritter, an American member of Unscom. \"We will want to examine everything with a critical eye, because there is almost as much disinformation as there is information,\" Mr Blix said. \"Unscom had people with information from various groups and different channels. It's clear Ritter had channels directly, and I don't want to accept any of that. I want that to be under control.\"</p> <p>Mr Blix is a former director of the International Atomic Energy Agency, with long experience of checking nuclear safeguards in closed societies.</p> <p>\"They [Iraqis] may believe sanctions will crumble . . . Many ministers have been visiting Baghdad and sympathising; but I have not seen any of them suggesting there should be a breach of sanctions.\"</p> <p>But the Iraqi deputy prime minister Tariq Aziz showed no sign of conciliation when visiting Moscow last week.</p> <p>\"There is nothing new regarding [UN] resolution 1284, [which set up the new team], which is still unacceptable because it does not provide any solution to the Iraqi cause.\"</p> <p>Despite the public intransigence on both sides, there is a 50-50 chance of a deal. In a significant change of tone, the British foreign minister Peter Hain provided the kind of assurances that those trying to achieve a deal have been looking for. \"Baghdad has to understand we are serious about wanting sanctions suspended, and all that is required is for the Iraq government to allow Blix's team in,\" Mr Hain said. </p> <p>When that happened, details of how the suspension of sanctions might be triggered could be discussed with the Iraqis.</p> <p>He denied that US-British policy towards Iraq had been a failure. \"The biggest achievement of the strategy is to contain Saddam Hussein. That is a very significant one. He has not invaded any country in the last 10 years.\"</p> <p>Meanwhile, the Gulf states are re-establishing diplomatic relations with Baghdad. Four - Bahrain, Oman, Qatar and the United Arab Emirates - have done so this year.</p> <p>If a diplomatic compromise can be agreed and sanctions are lifted, Iraq, once one of the most economically successful countries, will take a long time to recover. Professor Anoush Ehteshami, director of Middle East studies at Durham University, said: \"You can rebuild the infrastructure in 20 years or so, but not the people.\"</p> <p><b>Turbulent decade</b></p> <p><b>1990</b><br> <b>Aug 2</b> Iraq invades Kuwait<br><b> Aug 6</b> UN imposes sanctions</p> <p><b>1991 </b><br><b> Jan 16</b> US-led coalition launches air war against Iraq<br><b> Feb 26</b> Allies retake Kuwait <br><b> Feb 28</b> Ceasefire announced </p> <p><b>1992</b><br> <b> Aug 27</b> \"No-fly\" zone imposed over southern Iraq</p> <p><b>1993</b><br> <b> Jan 7</b> Allies attack missile sites and nuclear facility</p> <p><b>1994</b><br> <b> Nov 10</b> Saddam fully recognises Kuwait sovereignty </p> <p><b>1996 <br> Sep 4</b> Bill Clinton extends no-fly zone to Baghdad suburbs<br><b> Nov 25</b> Iraq agrees oil-for-food deal with UN</p> <p><b>1997</b><br> <b> Nov 13-14</b> Iraq expels US members of UN arms inspectorate. UN withdraws all inspectors in protest. US and Britain build up Gulf forces <br><b> Nov 20-21</b> Inspectors allowed back. Iraqis have destroyed equipment</p> <p><b>1998<br> Jun 24 </b>Chief arms inspector Richard Butler says Iraq put VX nerve gas in warheads <br><b> Aug 4-20</b> Butler refuses to certify Iraq's weapons of mass destruction destroyed <br><b>Dec 16-19</b> Air strikes by US and Britain begin</p> <p><b>1999<br> Jan 6 </b>Butler denies that his team spied for US. Colleague Scott Ritter claims US used information compiled by UN</p> <p>\u0095 Research: Ian Bucknell, Guardian R&amp;I</p>",
      "wordcount": "1332",
      "commentable": "false",
      "isPremoderated": "false",
      "lastModified": "2016-06-15T09:30:35Z",
      "newspaperEditionDate": "2000-08-01T00:00:00Z",
      "productionOffice": "UK",
      "publication": "theguardian.com",
      "shortUrl": "https://gu.com/p/kmzm",
      "shouldHideAdverts": "false",
      "showInRelatedContent": "true",
      "legallySensitive": "false",
      "lang": "en",
      "bodyText": "Saddam Hussein began the Gulf war 10 years ago tomorrow when he launched his forces across the desert into Kuwait. Officially, the war ended seven months later with the liberation of Kuwait. Yet last week British and US planes were in action over northern and southern Iraq, as they have been for the past year and were the year before that. \"There is a sortie going on at the moment in the north and there is an engagement,\" a British commander said last week, describing how Iraqi anti-aircraft batteries locked on to a British jet. To him it was a routine day, one of many in a conflict which is under-reported, mainly because Saudi Arabia and Kuwait, which provide the bases, do not want too much attention drawn to it. Iraq claims that more than 300 civilians were killed in raids in the past two years. The US and Britain, which send planes over Iraq on average every second day, insist that most of those listed as civilians were soldiers manning anti-aircraft weapons. British and US ships are also in the Gulf, trying - largely unsuccessfully - to police the embargo imposed on Iraq, the toughest sanctions regime in history. What has been achieved by 10 years of war and sanctions? President Saddam, 63, is still in power, presiding over a police state with one of the worst human rights records in the world. The 30-country coalition raised against him is falling apart as the Gulf states and others normalise their relations with Iraq. The sanctions are increasingly difficult to maintain. Iraq's borders with Jordan, Syria, Turkey and Iran are porous. Trade is increasing. Eighty countries plan to attend the Baghdad trade fair in November. Because of the sanctions' impact on civilians, the US and Britain face moral disapproval from a growing alliance of organisations as diverse as the Italian parliament and the Church of England. To those with money, just about anything is available in Baghdad's shops. The rest of Iraqi society is struggling, caught between President Saddam's tyranny and the implacable attitude of the US and Britain. Education is suffering as children drop out in droves. Income has been slashed. Iraq, which once boasted one of the best health services in the Middle East, now has one of the worst. Children have suffered disproportionately. Unesco estimates that half a million children have died in the past 10 years, partly as a result of malnutrition, poor sanitation and lack of medical services. The sanctions have left Iraq's infrastructure in an \"appalling\" state, the programme director for Save the Children in northern Iraq, Peter Maxwell, said. \"It is questionable whether the successful implementation of the UN's humanitarian programme should be made so dependent upon progress made in military and security matters.\" Church of England representatives were horrified by social conditions in Iraq. In a report last month they suggested that the UN should aim the arms embargo and financial sanctions at the ruling elite. \"Such an alternative might be more effective than the current sanctions policy, which is unlikely to yield further political dividend without creating further suffering.\" Publicly the US, the main proponent of sanctions, remains determined to put President Saddam and his cronies on trial for war crimes. But behind the rhetoric a change is taking place. Bill Clinton and those around him no longer insist that sanctions cannot be lifted until President Saddam has gone. Iraq's moment of truth, when it will show whether it will cooperate with the new team of UN weapons inspectors and get the sanctions suspended, is almost at hand, according to Hans Blix, the team's Swedish chairman. If it agrees to meet him,the conflict may be resolved. If it refuses, there will be another standoff with the UN. \"Towards the end of August we should be ready to open up in Iraq,\" Mr Blix told the Guardian. \"It is not in our mandate to harass, humiliate or provoke Iraq, and we shall not do that.\" Iraq complained that the previous team (Unscom) had an open agenda which meant that sanctions would never be lifted. Mr Blix said: \"We want to be firm but correct. We have given Iraq a marked trail towards suspension, so there's a path they can follow.\" The new team is not dominated by the west. \"The complaint that Unscom was lopsided in a western way is correct,\" Mr Blix said. Previous inspectors were not recruited by the UN, as the new team is, but seconded by their governments, and western states were more generous. The new team is also determined to avoid the accusation that it is a tool of western intelligence or Iraqi defectors. Iraq made this claim against Scott Ritter, an American member of Unscom. \"We will want to examine everything with a critical eye, because there is almost as much disinformation as there is information,\" Mr Blix said. \"Unscom had people with information from various groups and different channels. It's clear Ritter had channels directly, and I don't want to accept any of that. I want that to be under control.\" Mr Blix is a former director of the International Atomic Energy Agency, with long experience of checking nuclear safeguards in closed societies. \"They [Iraqis] may believe sanctions will crumble . . . Many ministers have been visiting Baghdad and sympathising; but I have not seen any of them suggesting there should be a breach of sanctions.\" But the Iraqi deputy prime minister Tariq Aziz showed no sign of conciliation when visiting Moscow last week. \"There is nothing new regarding [UN] resolution 1284, [which set up the new team], which is still unacceptable because it does not provide any solution to the Iraqi cause.\" Despite the public intransigence on both sides, there is a 50-50 chance of a deal. In a significant change of tone, the British foreign minister Peter Hain provided the kind of assurances that those trying to achieve a deal have been looking for. \"Baghdad has to understand we are serious about wanting sanctions suspended, and all that is required is for the Iraq government to allow Blix's team in,\" Mr Hain said. When that happened, details of how the suspension of sanctions might be triggered could be discussed with the Iraqis. He denied that US-British policy towards Iraq had been a failure. \"The biggest achievement of the strategy is to contain Saddam Hussein. That is a very significant one. He has not invaded any country in the last 10 years.\" Meanwhile, the Gulf states are re-establishing diplomatic relations with Baghdad. Four - Bahrain, Oman, Qatar and the United Arab Emirates - have done so this year. If a diplomatic compromise can be agreed and sanctions are lifted, Iraq, once one of the most economically successful countries, will take a long time to recover. Professor Anoush Ehteshami, director of Middle East studies at Durham University, said: \"You can rebuild the infrastructure in 20 years or so, but not the people.\" Turbulent decade 1990 Aug 2 Iraq invades Kuwait Aug 6 UN imposes sanctions 1991 Jan 16 US-led coalition launches air war against Iraq Feb 26 Allies retake Kuwait Feb 28 Ceasefire announced 1992 Aug 27 \"No-fly\" zone imposed over southern Iraq 1993 Jan 7 Allies attack missile sites and nuclear facility 1994 Nov 10 Saddam fully recognises Kuwait sovereignty 1996 Sep 4 Bill Clinton extends no-fly zone to Baghdad suburbs Nov 25 Iraq agrees oil-for-food deal with UN 1997 Nov 13-14 Iraq expels US members of UN arms inspectorate. UN withdraws all inspectors in protest. US and Britain build up Gulf forces Nov 20-21 Inspectors allowed back. Iraqis have destroyed equipment 1998 Jun 24 Chief arms inspector Richard Butler says Iraq put VX nerve gas in warheads Aug 4-20 Butler refuses to certify Iraq's weapons of mass destruction destroyed Dec 16-19 Air strikes by US and Britain begin 1999 Jan 6 Butler denies that his team spied for US. Colleague Scott Ritter claims US used information compiled by UN \u0095 Research: Ian Bucknell, Guardian R&amp;I",
      "charCount": "7935"
    },
    "isHosted": false,
    "pillarId": "pillar/news",
    "pillarName": "News"
  },
  {
    "id": "business/2000/aug/01/2",
    "type": "article",
    "sectionId": "business",
    "sectionName": "Business",
    "webPublicationDate": "2000-08-01T00:58:19Z",
    "webTitle": "At this price?  Tullow Oil",
    "webUrl": "https://www.theguardian.com/business/2000/aug/01/2",
    "apiUrl": "https://content.guardianapis.com/business/2000/aug/01/2",
    "fields": {
      "headline": "At this price?  Tullow Oil",
      "trailText": "<p>Tullow Oil yesterday demonstrated that the stock market is warming to the exploration and production sector - and not before time, given 18 months of high oil prices. </p>",
      "byline": "Terry Macalister",
      "main": "",
      "body": "<p>Tullow Oil yesterday demonstrated that the stock market is warming to the exploration and production sector - and not before time, given 18 months of high oil prices. </p> <p>The sector has a record of disappointing investors, but a placing and open offer was oversubscribed when Tullow needed \u00a342m to back a \u00a3201m deal with BP Amoco. </p> <p>Schroders and Prudential have backed the Irish-based minnow - which has effectively doubled in size as a result of the transaction. </p> <p>Hydrocarbon output is set to increase fivefold to the equivalent of 25,000 barrels of oil and revenues to grow from \u00a35m this year to \u00a3125m. </p> <p>Tullow's shares were suspended last night but on the basis of Friday's 63.5p close, the enlarged firm will have a capitalisation of around \u00a3211m, meaning it is now bigger than Premier Oil. </p> <p>It is a turnaround for Tullow, until now best known for speculative enterprises in developing countries. </p> <p>The new assets involve interests in 16 southern North Sea gas fields BP is selling in order to win regulatory approval for its takeover of Atlantic Richfield. Strategically the deal looks good. New fields balance the portfolio by adding assets in the mature North Sea. </p> <p>Tullow has moved to strengthen its management by bringing in former Pict Petroleum boss John Lander and his finance director, Brian Williams, to run the show in the UK. </p> <p>The question for investors, however, is whether Tullow has overpaid. It is certainly a full price, although managing director Aidan Heavey believes there is plenty of scope for new gas finds. </p> <p>The Tullow share price has never been as badly dented as many of its rivals by investor antipathy. They have managed to ride relatively high on the back of excitement caused by its expected winning of the prime block nine in Bangladesh. </p> <p>Tullow shares should be boosted by its plan to reregister in the UK. </p> <p>But it is probably safer just to \"hold\" rather than \"buy\" at the current price. </p>",
      "newspaperPageNumber": "20",
      "wordcount": "327",
      "commentable": "false",
      "isPremoderated": "false",
      "lastModified": "2000-08-01T00:58:19Z",
      "newspaperEditionDate": "2000-08-01T00:00:00Z",
      "productionOffice": "UK",
      "publication": "theguardian.com",
      "shortUrl": "https://gu.com/p/3bdz",
      "shouldHideAdverts": "false",
      "showInRelatedContent": "true",
      "legallySensitive": "false",
      "lang": "en",
      "bodyText": "Tullow Oil yesterday demonstrated that the stock market is warming to the exploration and production sector - and not before time, given 18 months of high oil prices. The sector has a record of disappointing investors, but a placing and open offer was oversubscribed when Tullow needed \u00a342m to back a \u00a3201m deal with BP Amoco. Schroders and Prudential have backed the Irish-based minnow - which has effectively doubled in size as a result of the transaction. Hydrocarbon output is set to increase fivefold to the equivalent of 25,000 barrels of oil and revenues to grow from \u00a35m this year to \u00a3125m. Tullow's shares were suspended last night but on the basis of Friday's 63.5p close, the enlarged firm will have a capitalisation of around \u00a3211m, meaning it is now bigger than Premier Oil. It is a turnaround for Tullow, until now best known for speculative enterprises in developing countries. The new assets involve interests in 16 southern North Sea gas fields BP is selling in order to win regulatory approval for its takeover of Atlantic Richfield. Strategically the deal looks good. New fields balance the portfolio by adding assets in the mature North Sea. Tullow has moved to strengthen its management by bringing in former Pict Petroleum boss John Lander and his finance director, Brian Williams, to run the show in the UK. The question for investors, however, is whether Tullow has overpaid. It is certainly a full price, although managing director Aidan Heavey believes there is plenty of scope for new gas finds. The Tullow share price has never been as badly dented as many of its rivals by investor antipathy. They have managed to ride relatively high on the back of excitement caused by its expected winning of the prime block nine in Bangladesh. Tullow shares should be boosted by its plan to reregister in the UK. But it is probably safer just to \"hold\" rather than \"buy\" at the current price.",
      "charCount": "1908"
    },
    "isHosted": false,
    "pillarId": "pillar/news",
    "pillarName": "News"
  }
]