[
  {
    "id": "environment/2000/nov/24/guardiananalysispage.globalwarming",
    "type": "article",
    "sectionId": "environment",
    "sectionName": "Environment",
    "webPublicationDate": "2000-11-24T03:29:31Z",
    "webTitle": "In the grip of vested interests",
    "webUrl": "https://www.theguardian.com/environment/2000/nov/24/guardiananalysispage.globalwarming",
    "apiUrl": "https://content.guardianapis.com/environment/2000/nov/24/guardiananalysispage.globalwarming",
    "fields": {
      "headline": "In the grip of vested interests",
      "standfirst": "It isn't America's citizens who want the US to be the dirty man of the planet: it's the oil companies who have captured their democracy<br /><br /><a href=\"www.guardianunlimited.co.uk/globalwarming\">Special report: global warming</a>",
      "trailText": "<p>The United States is villain of the piece at the Hague environmental conference this week. Is it because the American government is merely anxious to avoid doing anything which might be unpopular with voters? </p>",
      "byline": "Paul Whiteley",
      "main": "",
      "body": "<p>The United States is villain of the piece at the Hague environmental conference this week. Is it because the American government is merely anxious to avoid doing anything which might be unpopular with voters? </p> <p>They do not take kindly to paying more for their petrol or to protect the environment and they will punish any administration which introduces green policies. As a result, American negotiators offer token concessions unlikely to have any impact on climate change. The fact that Ralph Nader, the Green candidate in the presidential elections, attracted only 3% of the vote surely indicated their indifference to environmental concerns. </p> <p>But is that right? Evidence on public attitudes to environmental issues in the US says not. Light on American attitudes is thrown by the world values study, undertaken by political scientists in more than 60 countries. Its data, collected in 1997, show that a majority of Americans are very conscious of environmental problems and feel action must be taken to deal with them. </p> <p>Respondents were asked the three questions in the chart. Some 56% expressed a willingness to see taxes increased in order to protect the environment; 52% thought that environmental protection should have priority over economic growth and 55% disagreed with the idea that environmental problems can be solved without international agreements. In each case a majority of Americans supported the environmentally-friendly option. </p> <p>Additional questions in the survey strengthen this conclusion. About a quarter of Americans gave money to an environmental organisation in the previous 12 months. Nearly three-quarters of them chose household products for environmental reasons and nearly a fifth took political action by attending a meeting, writing a letter or signing a petition aimed at protecting the environment. </p> <p>Young Americans are more likely to support such taxes than the old; women support them more than men; the educated more than the uneducated; the affluent more than the poor; and whites more than blacks. </p> <p>These patterns occur in other societies as well. They are explained in part by the \"post-materialist\" thesis. This is the idea that early life experiences condition individuals' attitudes to environmental issues. Those with early life experiences of economic security and material wellbeing are likely to attach a greater priority to environmental concerns than those brought up in economic insecurity and poverty. The latter are more concerned with achieving material wellbeing for themselves and their families rather than with saving the planet. </p> <p>Intriguingly, the research shows that people acquire these attitudes in early adulthood and tend to carry them for the rest of their lives, even if their material circumstances change. Thus the self-made millionaire brought up in poverty is likely to remain indifferent to environmental concerns in middle age. On the other hand, people brought up in economic security retain their green credentials even if they subsequently lose social status and income. This implies that the tremendous economic growth experi enced in the US in recent years should reinforce the environmental concerns of Americans in future, even if that prosperity is blighted by pockets of poverty. Green politics is likely to grow more important in the US as time goes on. </p> <p>If this is true, why are American negotiators at the Hague dragging their feet? Why are they not responding to the environmental concerns of their own citizens? Part of the reason is that negotiations have become entangled in presidential politics, with the American team unwilling to do anything until the impasse over the occupancy of the White House ends. In the past, Al Gore has expressed more concern with environmental issues than George Bush, although Ralph Nader's claim that the Clinton administration did little about the environment has a lot of validity. It is also the case that Democrats tend to be rather more concerned than Republicans about this issue; 62% of them agree with environmental taxation compared with 58% of Republicans. With a Republican-controlled Congress and White House in prospect, this might influence the American negotiating position. </p> <p>But this is not the whole story. The truth is the concerns of most American citizens are being bypassed because American democracy is captured by special interests, such as the oil companies with their vested interests. The achilles heel of American democracy is that candidates for office have to raise huge amounts of money to stay in the race and since corporate donors provide the bulk of this money, politicians are increasingly in hock to them. Big oil is in denial over global warming, much as big tobacco is in denial over the carcinogenic properties of its products, so nothing changes. </p> <p>As Mancur Olson showed in his book The Rise and Decline of Nations, special interests create institutional sclerosis which inhibits change and in the long run reduces economic performance. We might also add that they subvert democracy. Unfortunately, until their hold on the American political system is weakened, the US is likely to continue to try to free-ride on the efforts of others to slow global climate change and as a result the issue will not be effectively tackled. </p> <p>\u0095 Paul Whiteley is director of the Economic and Social Research Council programme on democracy and participation <a href=\"mailto:P.Whiteley@sheffield.ac.uk\">P.Whiteley@sheffield.ac.uk </a></p>",
      "newspaperPageNumber": "23",
      "wordcount": "857",
      "commentable": "false",
      "isPremoderated": "false",
      "lastModified": "2018-02-14T20:35:01Z",
      "newspaperEditionDate": "2000-11-24T00:00:00Z",
      "productionOffice": "UK",
      "publication": "theguardian.com",
      "shortUrl": "https://gu.com/p/x28m",
      "shouldHideAdverts": "false",
      "showInRelatedContent": "true",
      "legallySensitive": "false",
      "lang": "en",
      "bodyText": "The United States is villain of the piece at the Hague environmental conference this week. Is it because the American government is merely anxious to avoid doing anything which might be unpopular with voters? They do not take kindly to paying more for their petrol or to protect the environment and they will punish any administration which introduces green policies. As a result, American negotiators offer token concessions unlikely to have any impact on climate change. The fact that Ralph Nader, the Green candidate in the presidential elections, attracted only 3% of the vote surely indicated their indifference to environmental concerns. But is that right? Evidence on public attitudes to environmental issues in the US says not. Light on American attitudes is thrown by the world values study, undertaken by political scientists in more than 60 countries. Its data, collected in 1997, show that a majority of Americans are very conscious of environmental problems and feel action must be taken to deal with them. Respondents were asked the three questions in the chart. Some 56% expressed a willingness to see taxes increased in order to protect the environment; 52% thought that environmental protection should have priority over economic growth and 55% disagreed with the idea that environmental problems can be solved without international agreements. In each case a majority of Americans supported the environmentally-friendly option. Additional questions in the survey strengthen this conclusion. About a quarter of Americans gave money to an environmental organisation in the previous 12 months. Nearly three-quarters of them chose household products for environmental reasons and nearly a fifth took political action by attending a meeting, writing a letter or signing a petition aimed at protecting the environment. Young Americans are more likely to support such taxes than the old; women support them more than men; the educated more than the uneducated; the affluent more than the poor; and whites more than blacks. These patterns occur in other societies as well. They are explained in part by the \"post-materialist\" thesis. This is the idea that early life experiences condition individuals' attitudes to environmental issues. Those with early life experiences of economic security and material wellbeing are likely to attach a greater priority to environmental concerns than those brought up in economic insecurity and poverty. The latter are more concerned with achieving material wellbeing for themselves and their families rather than with saving the planet. Intriguingly, the research shows that people acquire these attitudes in early adulthood and tend to carry them for the rest of their lives, even if their material circumstances change. Thus the self-made millionaire brought up in poverty is likely to remain indifferent to environmental concerns in middle age. On the other hand, people brought up in economic security retain their green credentials even if they subsequently lose social status and income. This implies that the tremendous economic growth experi enced in the US in recent years should reinforce the environmental concerns of Americans in future, even if that prosperity is blighted by pockets of poverty. Green politics is likely to grow more important in the US as time goes on. If this is true, why are American negotiators at the Hague dragging their feet? Why are they not responding to the environmental concerns of their own citizens? Part of the reason is that negotiations have become entangled in presidential politics, with the American team unwilling to do anything until the impasse over the occupancy of the White House ends. In the past, Al Gore has expressed more concern with environmental issues than George Bush, although Ralph Nader's claim that the Clinton administration did little about the environment has a lot of validity. It is also the case that Democrats tend to be rather more concerned than Republicans about this issue; 62% of them agree with environmental taxation compared with 58% of Republicans. With a Republican-controlled Congress and White House in prospect, this might influence the American negotiating position. But this is not the whole story. The truth is the concerns of most American citizens are being bypassed because American democracy is captured by special interests, such as the oil companies with their vested interests. The achilles heel of American democracy is that candidates for office have to raise huge amounts of money to stay in the race and since corporate donors provide the bulk of this money, politicians are increasingly in hock to them. Big oil is in denial over global warming, much as big tobacco is in denial over the carcinogenic properties of its products, so nothing changes. As Mancur Olson showed in his book The Rise and Decline of Nations, special interests create institutional sclerosis which inhibits change and in the long run reduces economic performance. We might also add that they subvert democracy. Unfortunately, until their hold on the American political system is weakened, the US is likely to continue to try to free-ride on the efforts of others to slow global climate change and as a result the issue will not be effectively tackled. \u0095 Paul Whiteley is director of the Economic and Social Research Council programme on democracy and participation P.Whiteley@sheffield.ac.uk",
      "charCount": "5416"
    },
    "isHosted": false,
    "pillarId": "pillar/news",
    "pillarName": "News"
  },
  {
    "id": "world/2000/nov/24/israel.guardianleaders",
    "type": "article",
    "sectionId": "world",
    "sectionName": "World news",
    "webPublicationDate": "2000-11-24T03:29:29Z",
    "webTitle": "Leader: Middle East peace crisis",
    "webUrl": "https://www.theguardian.com/world/2000/nov/24/israel.guardianleaders",
    "apiUrl": "https://content.guardianapis.com/world/2000/nov/24/israel.guardianleaders",
    "fields": {
      "headline": "Into the whirlpool",
      "standfirst": "Where the US falters, others should act<BR><BR><A HREF=\"http://www.guardianunlimited.co.uk/israel\">Special report: Israel and the Middle East</A>",
      "trailText": "In the Middle East, another day, another atrocity. With accelerating fury, the cycle of violence spins. In Gaza, in occupied Palestine, four men are machinegunned to death by Israeli troops.",
      "byline": "Leader",
      "main": "",
      "body": "In the Middle East, another day, another atrocity. With accelerating fury, the cycle of violence spins. In Gaza, in occupied Palestine, four men are machinegunned to death by Israeli troops. \"Fatah will not let this crime pass,\" declare Yasser Arafat's militiamen. In Hadera, in Israel's broken heartlands, a car bomb kills, dismembers, destroys. \"The state of Israel will get even,\" declares its half-dove, half-hawk prime minister, Ehud Barak. <p>Mutilated children; endless funerals; bitter, hardening enmity; blood soaking into the soil that both sides claim as their own: this is is the daily butcher's bill, the price paid for the failure of peace. And just when it seems it cannot get worse, it does. \"Only war, that is all we can do,\" says a shell-shocked Jewish woman in Hadera, quoted by our correspondent Suzanne Goldenberg. \"We have the power. We must do it.\" But she is wrong. Israel cannot win this \"war\". It does not face an army. It faces a people. Nor can the Palestinians \"defeat\" their enemy. For both, the choice has long been clear. They either live together - or die together. </p> <p>Another day, another radiating ripple of mindless mayhem, deepening hate, and political impotence. Was the explosion in Riyadh that injured three Britons, after the killing in the Saudi capital of a British man last Friday, the work of Islamic militants enraged (and encouraged) by the Palestine morass? Given the way the wave of anti-Israeli feeling in the Arab world has swelled into a broader, anti-western ire, it seems last month's attacks on a US warship and the British embassy in Yemen certainly were. The FBI appears to think so. Its inquiries point even further afield, to fundamentalist Afghanistan and the terrorist training camps of the Saudi renegade millionaire, Osama bin Laden. In Cairo, the recalled Egyptian ambassador to Israel twiddles his thumbs; another pathway to peace has just closed. In Jordan, a destabilised government puts bilateral relations into deep-freeze. In Jerusalem, they get a call from Washington. A new initiative is under way! But within hours, live fire drowns out the talk of truce. </p> <p>Another day, another geopolitical own goal. Here is the news from Baghdad: Saddam Hussein's triumphant rehabilitation continues apace. While the US counts chad, and Europe plays soldiers with an imaginary army, Iraq reopens its oil pipeline to Syria in further mockery of UN sanctions. Here is the news from Damascus: Bashar Assad, after a brief window of opportunity for the west, has decided to play the hard man, just like his old dad. Who lost Syria? Better ask the guys at the state department (but only when the Palm Beach recount is finished). And what is the Arab League saying? It says, with growing conviction, that the entire Arab and Islamic world is on the brink. . . and the west should remember who controls its oil. </p> <p>With each day that passes, the damage caused by the failure to end Israeli-Palestinian violence and resume peace talks grows and spreads exponentially. If the principal antagonists are incapable of stopping it themselves, and if the US is as devoid of new ideas and new energy as it now appears to be, then radical solutions must be sought. Plans to send in British, French and other \"observers\" to try to calm the two sides, now under discussion at the UN, should be expedited. But that can only be a first step. The big, imaginative leap would be for Britain and the EU, plus Russia, to replace a discredited and distracted US as lead mediator and jumpstart the Oslo process - lest it die the death of a thousand, daily cuts and finally expire amid an explosive, widening conflagration.</p>",
      "newspaperPageNumber": "25",
      "wordcount": "611",
      "commentable": "false",
      "isPremoderated": "false",
      "lastModified": "2000-11-24T03:29:29Z",
      "newspaperEditionDate": "2000-11-24T00:00:00Z",
      "productionOffice": "UK",
      "publication": "theguardian.com",
      "shortUrl": "https://gu.com/p/pt2h",
      "shouldHideAdverts": "false",
      "showInRelatedContent": "true",
      "legallySensitive": "false",
      "lang": "en",
      "bodyText": "In the Middle East, another day, another atrocity. With accelerating fury, the cycle of violence spins. In Gaza, in occupied Palestine, four men are machinegunned to death by Israeli troops. \"Fatah will not let this crime pass,\" declare Yasser Arafat's militiamen. In Hadera, in Israel's broken heartlands, a car bomb kills, dismembers, destroys. \"The state of Israel will get even,\" declares its half-dove, half-hawk prime minister, Ehud Barak. Mutilated children; endless funerals; bitter, hardening enmity; blood soaking into the soil that both sides claim as their own: this is is the daily butcher's bill, the price paid for the failure of peace. And just when it seems it cannot get worse, it does. \"Only war, that is all we can do,\" says a shell-shocked Jewish woman in Hadera, quoted by our correspondent Suzanne Goldenberg. \"We have the power. We must do it.\" But she is wrong. Israel cannot win this \"war\". It does not face an army. It faces a people. Nor can the Palestinians \"defeat\" their enemy. For both, the choice has long been clear. They either live together - or die together. Another day, another radiating ripple of mindless mayhem, deepening hate, and political impotence. Was the explosion in Riyadh that injured three Britons, after the killing in the Saudi capital of a British man last Friday, the work of Islamic militants enraged (and encouraged) by the Palestine morass? Given the way the wave of anti-Israeli feeling in the Arab world has swelled into a broader, anti-western ire, it seems last month's attacks on a US warship and the British embassy in Yemen certainly were. The FBI appears to think so. Its inquiries point even further afield, to fundamentalist Afghanistan and the terrorist training camps of the Saudi renegade millionaire, Osama bin Laden. In Cairo, the recalled Egyptian ambassador to Israel twiddles his thumbs; another pathway to peace has just closed. In Jordan, a destabilised government puts bilateral relations into deep-freeze. In Jerusalem, they get a call from Washington. A new initiative is under way! But within hours, live fire drowns out the talk of truce. Another day, another geopolitical own goal. Here is the news from Baghdad: Saddam Hussein's triumphant rehabilitation continues apace. While the US counts chad, and Europe plays soldiers with an imaginary army, Iraq reopens its oil pipeline to Syria in further mockery of UN sanctions. Here is the news from Damascus: Bashar Assad, after a brief window of opportunity for the west, has decided to play the hard man, just like his old dad. Who lost Syria? Better ask the guys at the state department (but only when the Palm Beach recount is finished). And what is the Arab League saying? It says, with growing conviction, that the entire Arab and Islamic world is on the brink. . . and the west should remember who controls its oil. With each day that passes, the damage caused by the failure to end Israeli-Palestinian violence and resume peace talks grows and spreads exponentially. If the principal antagonists are incapable of stopping it themselves, and if the US is as devoid of new ideas and new energy as it now appears to be, then radical solutions must be sought. Plans to send in British, French and other \"observers\" to try to calm the two sides, now under discussion at the UN, should be expedited. But that can only be a first step. The big, imaginative leap would be for Britain and the EU, plus Russia, to replace a discredited and distracted US as lead mediator and jumpstart the Oslo process - lest it die the death of a thousand, daily cuts and finally expire amid an explosive, widening conflagration.",
      "charCount": "3643"
    },
    "isHosted": false,
    "pillarId": "pillar/news",
    "pillarName": "News"
  },
  {
    "id": "technology/2000/nov/24/internetnews.business2",
    "type": "article",
    "sectionId": "business",
    "sectionName": "Business",
    "webPublicationDate": "2000-11-24T03:29:29Z",
    "webTitle": "Another bad day in the Brink affair",
    "webUrl": "https://www.theguardian.com/technology/2000/nov/24/internetnews.business2",
    "apiUrl": "https://content.guardianapis.com/technology/2000/nov/24/internetnews.business2",
    "fields": {
      "headline": "Another bad day in the Brink affair",
      "standfirst": "World Online board confronts shareholders in attempt to sell Italian takeover  <br /><br /> <a href=\"http://www.guardianunlimited.co.uk/internetnews\">Net news</a>",
      "trailText": "<p>For much of this year World Online has been on the ropes. The Dutch internet group has been hit by claims of insider trading and an incomplete listing prospectus. Its share price has collapsed. Its talismanic chairman and founder, Nina Brink, left after selling shares for six euros ahead of a float where punters paid 43 euros. </p>",
      "byline": "Mark Milner in Rotterdam",
      "main": "",
      "body": "<p>For much of this year World Online has been on the ropes. The Dutch internet group has been hit by claims of insider trading and an incomplete listing prospectus. Its share price has collapsed. Its talismanic chairman and founder, Nina Brink, left after selling shares for six euros ahead of a float where punters paid 43 euros. </p> <p>This at a time when the company, backed by IT giants such as Intel, is in the throes of being taken over by an Italian group - a move that has left some World Online shareholders questioning why the roles are not reversed. </p> <p>Many are smarting from heavy losses. World Online was worth \u00a37.3bn when floated; now it is valued at less than \u00a32bn. Some shareholders are threatening legal action, and to add to the company's cup of woe Dutch prosecutors are taking a close interest in what happened around the time of the stock market flotation earlier this year. </p> <p>But yesterday World Online came out fighting. At a dramatic and at times ill-tempered shareholders' meeting in Rotterdam the board confronted its critics. True, there was one early concession. Proceedings were to be conducted \"as far as possible\" in Dutch - investors' feathers had been ruffled by the extensive use of English at an earlier meeting. </p> <p>Thereafter the platform party was on the offensive. Although the meeting was to discuss the planned deal with Tiscali, supervisory board chairman Victor Bischoff sought to pre-empt the inquisition. The claims were \"totally unfounded\", he said. The directors had written to the prosecutor's office stating that none of them had dealt in World Online shares before, during or after the flotation. World Online was \"hoping for a speedy conclusion to clear the air once and for all\". </p> <p>Some hope. The prosecutor's office says it will take a couple of months to organise the papers acquired in a recent series of \"visits\" and another couple of months to interview all those who may shed light on what has become known in some circles as the Brink affair. </p> <p>Mr Bischoff's initiative did not head off a grilling from shareholders. </p> <p>Even the chairman of the executive board, James Kinsella's eloquent efforts to sell the Tiscali deal - \"we are aiming to become the AOL of Europe\" - was barely finished before the board's chief tormentor, Peter Paul de Vries, a director of the Dutch investor group VEB, was on his feet. </p> <p>Mr de Vries had an arsenal of questions. In part they focused on the Tiscali deal but he clashed repeatedly with World Online legal adviser Peter van Schlifgaarde over threatened legal action for compensation for previous events. </p> <p>At one point it seemed as if Mr van Schlifgaarde might invite Mr de Vries to step outside, and subsequent efforts to separate Mr de Vries from the microphone failed. </p> <p>The next shareholder on his feet to ask questions simply declined the offer to speak, saying he preferred to hear Mr de Vries in action. </p> <p>Eventually the VEB man did concede the floor, but that merely cleared the way for others. World Online was a Dutch company, said one; if it was taken over by Tiscali the Italian company's shares should be listed in Amsterdam. </p> <p>Others asked why, given the \u20ac1.59bn cash on World Online's balance sheet, their company was not buying Tiscali. Somebody else took umbrage at press reports that Mr Schlifgaarde was threatening legal action against anyone who damaged the company. \"If we complain we are threatened with counterclaims. It is the shareholders who are the victims,\" he said, to applause. </p> <p>All this finally got on top of Mr Kinsella, who displayed exemplary patience for most of the three-hour meeting. </p> <p>\"Come down to my office and you will see how much time I have to spend every day dealing with claims, rumours and innuendo,\" he said. </p> <p>After three hours came a lighter note. One shareholder asked if a summary of the proceedings could be sent to shareholders to help them to decide on the Tiscali offer. World Online would try to put it on the net, he was told. </p> <p>\"I don't have access,\" he said to some amusement. OK, give us your address and we will send you a hard copy. </p> <p>\"I don't have that, either, after investing in World Online,\" he countered, to much laughter from other shareholders.</p>",
      "newspaperPageNumber": "27",
      "wordcount": "721",
      "commentable": "false",
      "isPremoderated": "false",
      "lastModified": "2017-02-21T23:40:50Z",
      "newspaperEditionDate": "2000-11-24T00:00:00Z",
      "productionOffice": "UK",
      "publication": "theguardian.com",
      "shortUrl": "https://gu.com/p/x555",
      "shouldHideAdverts": "false",
      "showInRelatedContent": "true",
      "legallySensitive": "false",
      "lang": "en",
      "bodyText": "For much of this year World Online has been on the ropes. The Dutch internet group has been hit by claims of insider trading and an incomplete listing prospectus. Its share price has collapsed. Its talismanic chairman and founder, Nina Brink, left after selling shares for six euros ahead of a float where punters paid 43 euros. This at a time when the company, backed by IT giants such as Intel, is in the throes of being taken over by an Italian group - a move that has left some World Online shareholders questioning why the roles are not reversed. Many are smarting from heavy losses. World Online was worth \u00a37.3bn when floated; now it is valued at less than \u00a32bn. Some shareholders are threatening legal action, and to add to the company's cup of woe Dutch prosecutors are taking a close interest in what happened around the time of the stock market flotation earlier this year. But yesterday World Online came out fighting. At a dramatic and at times ill-tempered shareholders' meeting in Rotterdam the board confronted its critics. True, there was one early concession. Proceedings were to be conducted \"as far as possible\" in Dutch - investors' feathers had been ruffled by the extensive use of English at an earlier meeting. Thereafter the platform party was on the offensive. Although the meeting was to discuss the planned deal with Tiscali, supervisory board chairman Victor Bischoff sought to pre-empt the inquisition. The claims were \"totally unfounded\", he said. The directors had written to the prosecutor's office stating that none of them had dealt in World Online shares before, during or after the flotation. World Online was \"hoping for a speedy conclusion to clear the air once and for all\". Some hope. The prosecutor's office says it will take a couple of months to organise the papers acquired in a recent series of \"visits\" and another couple of months to interview all those who may shed light on what has become known in some circles as the Brink affair. Mr Bischoff's initiative did not head off a grilling from shareholders. Even the chairman of the executive board, James Kinsella's eloquent efforts to sell the Tiscali deal - \"we are aiming to become the AOL of Europe\" - was barely finished before the board's chief tormentor, Peter Paul de Vries, a director of the Dutch investor group VEB, was on his feet. Mr de Vries had an arsenal of questions. In part they focused on the Tiscali deal but he clashed repeatedly with World Online legal adviser Peter van Schlifgaarde over threatened legal action for compensation for previous events. At one point it seemed as if Mr van Schlifgaarde might invite Mr de Vries to step outside, and subsequent efforts to separate Mr de Vries from the microphone failed. The next shareholder on his feet to ask questions simply declined the offer to speak, saying he preferred to hear Mr de Vries in action. Eventually the VEB man did concede the floor, but that merely cleared the way for others. World Online was a Dutch company, said one; if it was taken over by Tiscali the Italian company's shares should be listed in Amsterdam. Others asked why, given the \u20ac1.59bn cash on World Online's balance sheet, their company was not buying Tiscali. Somebody else took umbrage at press reports that Mr Schlifgaarde was threatening legal action against anyone who damaged the company. \"If we complain we are threatened with counterclaims. It is the shareholders who are the victims,\" he said, to applause. All this finally got on top of Mr Kinsella, who displayed exemplary patience for most of the three-hour meeting. \"Come down to my office and you will see how much time I have to spend every day dealing with claims, rumours and innuendo,\" he said. After three hours came a lighter note. One shareholder asked if a summary of the proceedings could be sent to shareholders to help them to decide on the Tiscali offer. World Online would try to put it on the net, he was told. \"I don't have access,\" he said to some amusement. OK, give us your address and we will send you a hard copy. \"I don't have that, either, after investing in World Online,\" he countered, to much laughter from other shareholders.",
      "charCount": "4166"
    },
    "isHosted": false,
    "pillarId": "pillar/news",
    "pillarName": "News"
  },
  {
    "id": "business/2000/nov/24/12",
    "type": "article",
    "sectionId": "business",
    "sectionName": "Business",
    "webPublicationDate": "2000-11-24T03:29:19Z",
    "webTitle": "At this price?  Osmetech",
    "webUrl": "https://www.theguardian.com/business/2000/nov/24/12",
    "apiUrl": "https://content.guardianapis.com/business/2000/nov/24/12",
    "fields": {
      "headline": "At this price?  Osmetech",
      "trailText": "<p>Health-care company Osmetech has been talking for so long about its electronic nose, which is supposed to be able to sniff out infections in bodily fluids, that it has become something of a stock market joke. </p>",
      "byline": "Andrew Clark",
      "main": "",
      "body": "<p>Health-care company Osmetech has been talking for so long about its electronic nose, which is supposed to be able to sniff out infections in bodily fluids, that it has become something of a stock market joke. </p> <p>The bizarre-sounding technology has never quite got off the ground despite its great potential - Osmetech believes, for example, that it could diagnose pneumonia by sniffing peoples' breath. </p> <p>However, under new chief executive Wang Chong, the Crewe-based company is finally beginning to look like a credible force. </p> <p>Osmetech, formerly called Aromascan, has opted to perfect the technology platform underlying its \"sniffer\" rather than throwing millions of pounds at creating a specific product. </p> <p>This approach paid off yesterday as a US firm, Cyrano Sciences, stepped in to provide a hand-held device which, when combined with Osmetech's sniffing expertise, could provide a useful tool in doctors' surgeries. </p> <p>The first application will be in tests for urinary tract infections - uncomfortable disorders which at present require a laboratory diagnosis taking up to five days. </p> <p>Osmetech's device, which looks like a handheld com puter with a needle sticking out, can produce an instant result by sniffing the fumes from a test-tube sized sample of urine. </p> <p>The US food and drug administration will begin considering Osmetech's technology in January and if approved, the first products could be on sale by 2002. </p> <p>Stockbroker Teather &amp; Greenwood believes that Osmetech could have sales of \u00a3120m, and earnings of \u00a350m, by 2005. </p> <p>With a share price of 20p, the business is currently valued at just \u00a345m, so the potential upside could be enormous. </p> <p>However, Osmetech has disappointed its followers before, so the shares are really only worth a small punt, for investors in search of a high-risk bet.</p>",
      "newspaperPageNumber": "30",
      "wordcount": "286",
      "commentable": "false",
      "isPremoderated": "false",
      "lastModified": "2000-11-24T03:29:19Z",
      "newspaperEditionDate": "2000-11-24T00:00:00Z",
      "productionOffice": "UK",
      "publication": "theguardian.com",
      "shortUrl": "https://gu.com/p/3jjn",
      "shouldHideAdverts": "false",
      "showInRelatedContent": "true",
      "legallySensitive": "false",
      "lang": "en",
      "bodyText": "Health-care company Osmetech has been talking for so long about its electronic nose, which is supposed to be able to sniff out infections in bodily fluids, that it has become something of a stock market joke. The bizarre-sounding technology has never quite got off the ground despite its great potential - Osmetech believes, for example, that it could diagnose pneumonia by sniffing peoples' breath. However, under new chief executive Wang Chong, the Crewe-based company is finally beginning to look like a credible force. Osmetech, formerly called Aromascan, has opted to perfect the technology platform underlying its \"sniffer\" rather than throwing millions of pounds at creating a specific product. This approach paid off yesterday as a US firm, Cyrano Sciences, stepped in to provide a hand-held device which, when combined with Osmetech's sniffing expertise, could provide a useful tool in doctors' surgeries. The first application will be in tests for urinary tract infections - uncomfortable disorders which at present require a laboratory diagnosis taking up to five days. Osmetech's device, which looks like a handheld com puter with a needle sticking out, can produce an instant result by sniffing the fumes from a test-tube sized sample of urine. The US food and drug administration will begin considering Osmetech's technology in January and if approved, the first products could be on sale by 2002. Stockbroker Teather &amp; Greenwood believes that Osmetech could have sales of \u00a3120m, and earnings of \u00a350m, by 2005. With a share price of 20p, the business is currently valued at just \u00a345m, so the potential upside could be enormous. However, Osmetech has disappointed its followers before, so the shares are really only worth a small punt, for investors in search of a high-risk bet.",
      "charCount": "1796"
    },
    "isHosted": false,
    "pillarId": "pillar/news",
    "pillarName": "News"
  },
  {
    "id": "technology/2000/nov/24/internetnews.business",
    "type": "article",
    "sectionId": "business",
    "sectionName": "Business",
    "webPublicationDate": "2000-11-24T03:28:59Z",
    "webTitle": "Fibrenet share price tumbles",
    "webUrl": "https://www.theguardian.com/technology/2000/nov/24/internetnews.business",
    "apiUrl": "https://content.guardianapis.com/technology/2000/nov/24/internetnews.business",
    "fields": {
      "headline": "Fibrenet share price tumbles",
      "standfirst": "<a href=\"http://www.guardianunlimited.co.uk/internetnews\">Net news</a>",
      "trailText": "<p>Shares in Fibernet, a fibre-optic telecoms operator, yesterday fell nearly 23% after the company asked shareholders to provide &#163;77m, principally to set up a network in France. </p>",
      "byline": "Julia Snoddy",
      "main": "",
      "body": "<p>Shares in Fibernet, a fibre-optic telecoms operator, yesterday fell nearly 23% after the company asked shareholders to provide \u00a377m, principally to set up a network in France. </p> <p>The share price dropped 302.5p to 1,025p as Fibernet invited investors to buy four new shares for every 15 they own at a reduced price of 600p each. This is less that half of Wednesday's closing price of 1,328p for its existing stock. </p> <p>The company said a deeply discounted rights issue was the best way to raise money while protecting the interests of shareholders. </p> <p>The money will be used to set up a French network and triple its UK capacity. </p> <p>The announcement came at the same time as the company, reporting preliminary results for the year ended August 31, said it had moved into profitability for the first time. </p> <p>Pre-tax profit was \u00a33.4m, compared to a loss of \u00a34.6m a year ago. Sales rose from \u00a314.6m to \u00a341.8m. </p> <p>Charles McGregor, the chief executive, said: \"I am pleased with the financial results for the year and the progress we have made in developing and executing our strategy. This, together with the continued growth in our addressable market, provides us with firm foundations on which to build the business going forward.\" </p> <p>The fundraising will pay for about 7,000 km of fibre in France.</p>",
      "newspaperPageNumber": "28",
      "wordcount": "226",
      "commentable": "false",
      "isPremoderated": "false",
      "lastModified": "2017-02-21T23:40:51Z",
      "newspaperEditionDate": "2000-11-24T00:00:00Z",
      "productionOffice": "UK",
      "publication": "theguardian.com",
      "shortUrl": "https://gu.com/p/x3h4",
      "shouldHideAdverts": "false",
      "showInRelatedContent": "true",
      "legallySensitive": "false",
      "lang": "en",
      "bodyText": "Shares in Fibernet, a fibre-optic telecoms operator, yesterday fell nearly 23% after the company asked shareholders to provide \u00a377m, principally to set up a network in France. The share price dropped 302.5p to 1,025p as Fibernet invited investors to buy four new shares for every 15 they own at a reduced price of 600p each. This is less that half of Wednesday's closing price of 1,328p for its existing stock. The company said a deeply discounted rights issue was the best way to raise money while protecting the interests of shareholders. The money will be used to set up a French network and triple its UK capacity. The announcement came at the same time as the company, reporting preliminary results for the year ended August 31, said it had moved into profitability for the first time. Pre-tax profit was \u00a33.4m, compared to a loss of \u00a34.6m a year ago. Sales rose from \u00a314.6m to \u00a341.8m. Charles McGregor, the chief executive, said: \"I am pleased with the financial results for the year and the progress we have made in developing and executing our strategy. This, together with the continued growth in our addressable market, provides us with firm foundations on which to build the business going forward.\" The fundraising will pay for about 7,000 km of fibre in France.",
      "charCount": "1274"
    },
    "isHosted": false,
    "pillarId": "pillar/news",
    "pillarName": "News"
  },
  {
    "id": "money/2000/nov/24/utilities.personalfinancenews",
    "type": "article",
    "sectionId": "money",
    "sectionName": "Money",
    "webPublicationDate": "2000-11-24T00:00:00Z",
    "webTitle": "Gas and electricity bills may rise 25% in the new year",
    "webUrl": "https://www.theguardian.com/money/2000/nov/24/utilities.personalfinancenews",
    "apiUrl": "https://content.guardianapis.com/money/2000/nov/24/utilities.personalfinancenews",
    "fields": {
      "headline": "Gas and electricity bills may rise 25% in the new year",
      "standfirst": "<a href=\"http://www.moneyunlimited.co.uk/\">Money Unlimited</a>",
      "trailText": "<p>Domestic gas and electricity bills are set to rise by as much as 25% in the new year because of soaring prices for oil and gas on world markets and growing imports, senior industry sources said yesterday. </p>",
      "byline": "David Gow",
      "main": "",
      "body": "<p>Domestic gas and electricity bills are set to rise by as much as 25% in the new year because of soaring prices for oil and gas on world markets and growing imports, senior industry sources said yesterday. </p> <p>The expected increases could begin to undo the steep reductions in bills brought about by price controls and competition among suppliers which, according to Callum McCarthy, the energy regulator, amount to \u00a32.3bn a year. </p> <p>Anna Walker, the director general for energy at the DTI, told an Institute of Economic Affairs conference in London that the UK faced a 100% rise in wholesale gas prices, primarily because of links to Europe. </p> <p>Britain imports gas via the interconnector to Europe, where prices are index-linked to those for oil, and EU directives to open up energy markets are being flouted - especially in France. </p> <p>Jeremy Nicholson, a policy adviser to the energy intensive users' group, said gas prices had doubled in the past year and had already cost heavy industry \u00a3500m in extra costs. \"There is likely to be an impact on domestic bills next year,\" he said. </p> <p>Experts said the initial impact would be felt on gas bills and would then fall on electricity bills, with one forecasting that consumers may have to pay up to a quarter more - particularly after Ofgem, the regulator, lifts price controls on gas in April. </p> <p>Ann Robinson, the chairman of Energywatch, the new consumer watchdog, said the rises would begin to hit consumers from January or February. </p> <p>\"I suspect any increase in gas prices will work in favour of the dominant supplier, British Gas, which will be in a strong position because of its huge customer base and low infrastructure costs to absorb them more easily than smaller competitors,\" she said. </p> <p>Ms Robinson said competition was not working because BG, part of Centrica, retained a 70% market share and only 17% of electricity consumers had switched supplier. \"This is in my view way, way too low.\" She said the 6m UK households suffering fuel poverty had benefited least from competition.</p>",
      "newspaperPageNumber": "27",
      "wordcount": "343",
      "commentable": "false",
      "isPremoderated": "false",
      "lastModified": "2001-12-12T00:00:00Z",
      "newspaperEditionDate": "2000-11-24T00:00:00Z",
      "productionOffice": "UK",
      "publication": "theguardian.com",
      "shortUrl": "https://gu.com/p/3jkb",
      "shouldHideAdverts": "false",
      "showInRelatedContent": "true",
      "legallySensitive": "false",
      "lang": "en",
      "bodyText": "Domestic gas and electricity bills are set to rise by as much as 25% in the new year because of soaring prices for oil and gas on world markets and growing imports, senior industry sources said yesterday. The expected increases could begin to undo the steep reductions in bills brought about by price controls and competition among suppliers which, according to Callum McCarthy, the energy regulator, amount to \u00a32.3bn a year. Anna Walker, the director general for energy at the DTI, told an Institute of Economic Affairs conference in London that the UK faced a 100% rise in wholesale gas prices, primarily because of links to Europe. Britain imports gas via the interconnector to Europe, where prices are index-linked to those for oil, and EU directives to open up energy markets are being flouted - especially in France. Jeremy Nicholson, a policy adviser to the energy intensive users' group, said gas prices had doubled in the past year and had already cost heavy industry \u00a3500m in extra costs. \"There is likely to be an impact on domestic bills next year,\" he said. Experts said the initial impact would be felt on gas bills and would then fall on electricity bills, with one forecasting that consumers may have to pay up to a quarter more - particularly after Ofgem, the regulator, lifts price controls on gas in April. Ann Robinson, the chairman of Energywatch, the new consumer watchdog, said the rises would begin to hit consumers from January or February. \"I suspect any increase in gas prices will work in favour of the dominant supplier, British Gas, which will be in a strong position because of its huge customer base and low infrastructure costs to absorb them more easily than smaller competitors,\" she said. Ms Robinson said competition was not working because BG, part of Centrica, retained a 70% market share and only 17% of electricity consumers had switched supplier. \"This is in my view way, way too low.\" She said the 6m UK households suffering fuel poverty had benefited least from competition.",
      "charCount": "2018"
    },
    "isHosted": false,
    "pillarId": "pillar/lifestyle",
    "pillarName": "Lifestyle"
  }
]