[
  {
    "id": "money/2000/jun/05/personalfinancenews.britishairwaysbusiness",
    "type": "article",
    "sectionId": "money",
    "sectionName": "Money",
    "webPublicationDate": "2000-06-04T23:00:00Z",
    "webTitle": "BA risks Atlantic price war",
    "webUrl": "https://www.theguardian.com/money/2000/jun/05/personalfinancenews.britishairwaysbusiness",
    "apiUrl": "https://content.guardianapis.com/money/2000/jun/05/personalfinancenews.britishairwaysbusiness",
    "fields": {
      "headline": "BA risks Atlantic price war",
      "standfirst": "Airline less likely to jump back into the black with latest round of fare cuts<br /><br /><a href=\"http://www.moneyunlimited.co.uk/\">Money Unlimited</a>",
      "trailText": "<p>British Airways has quietly cut business class fares to the United States and other international destinations by up to a third, risking a fierce price war with rivals on its most profitable routes. </p>",
      "byline": "Paul Murphy",
      "main": "",
      "body": "<p>British Airways has quietly cut business class fares to the United States and other international destinations by up to a third, risking a fierce price war with rivals on its most profitable routes. </p> <p>A new package of Club World fares covering New York, Seattle, San Francisco, as well as South Africa, Hong Kong, and Japan, was announced in the airline's internal newspaper at the weekend. </p> <p>The initiative is aimed at \"passengers who are able to be flexible with their flight times and can plan journeys in advance\". It coincides with figures released by its European rival British Midland showing that business travellers flying from Britain to the United States typically pay double the fares charged on similar journeys departing from the continent. </p> <p>The new fares are being introduced ahead of this summer's \"open skies\" discussions with American and British regulators, which could see a sharp increase in competition at Heathrow. This, in turn, is pushing the British carrier towards a merger with its Dutch rival KLM. </p> <p>However, the move will be seen as a high-risk strategy by new chief executive Rob Eddington since, historically, the airline's transatlantic services have yielded about 80% of BA's profits. </p> <p>The chairman Lord Marshall and Mr Eddington, who took up his position three weeks ago after the abrupt departure of Bob Ayling in March, have stuck with Mr Ayling's strategy of moving BA up-market, chasing high-margin business passengers with features such as flat beds on long flights and at the same time cutting capacity. </p> <p>Yet this aggressive round of price cuts comes at a point when annualised fuel costs are already running \u00a3140m above budget, according to company insiders, and may incense City analysts who were given no indication of the new price strategy when BA announced its year-end profits just over a week ago. </p> <p>A consensus in the Square Mile that strong economic conditions and slower capacity growth on transatlantic services would allow BA to bounce back to profit this year - after last year's \u00a3244m underlying loss - is now likely to be scrapped. </p> <p>Profits on transatlantic routes are seen as crucial in covering ongoing losses from BA's European operations, where losses all but doubled to \u00a3310m last year. The north Atlantic business made \u00a3308m last year, down from \u00a3451m a year earlier. </p> <p>British Midland - which is campaigning for its own transatlantic services from Heathrow - published figures yesterday claiming that transatlantic business passengers can save almost \u00a33,500 on a flight to Los Angeles by departing from Milan rather than Heathrow. It says fares from Britain to the US are up to 207% higher than those from the continent. </p> <p>\"Things have not got any better for the consumer,\" Sir Michael Bishop, chairman of British Midland, said. \"In fact, they have got worse. Given the low exchange rate with the dollar, this should be an opportunity to benefit from more trade and tourism through increased transatlantic air travel.\" </p> <p>He added that BA was also squeezing capacity in economy class: \"We should not be fooled into thinking that all is rosy just because fares are advertised at \u00a3199 return. As everyone knows these are limited in number and subject to various restrictions.\"</p>",
      "newspaperPageNumber": "21",
      "wordcount": "529",
      "commentable": "false",
      "isPremoderated": "false",
      "lastModified": "2001-12-12T00:00:00Z",
      "newspaperEditionDate": "2000-06-05T00:00:00Z",
      "productionOffice": "UK",
      "publication": "theguardian.com",
      "shortUrl": "https://gu.com/p/38tz",
      "shouldHideAdverts": "false",
      "showInRelatedContent": "true",
      "legallySensitive": "false",
      "lang": "en",
      "bodyText": "British Airways has quietly cut business class fares to the United States and other international destinations by up to a third, risking a fierce price war with rivals on its most profitable routes. A new package of Club World fares covering New York, Seattle, San Francisco, as well as South Africa, Hong Kong, and Japan, was announced in the airline's internal newspaper at the weekend. The initiative is aimed at \"passengers who are able to be flexible with their flight times and can plan journeys in advance\". It coincides with figures released by its European rival British Midland showing that business travellers flying from Britain to the United States typically pay double the fares charged on similar journeys departing from the continent. The new fares are being introduced ahead of this summer's \"open skies\" discussions with American and British regulators, which could see a sharp increase in competition at Heathrow. This, in turn, is pushing the British carrier towards a merger with its Dutch rival KLM. However, the move will be seen as a high-risk strategy by new chief executive Rob Eddington since, historically, the airline's transatlantic services have yielded about 80% of BA's profits. The chairman Lord Marshall and Mr Eddington, who took up his position three weeks ago after the abrupt departure of Bob Ayling in March, have stuck with Mr Ayling's strategy of moving BA up-market, chasing high-margin business passengers with features such as flat beds on long flights and at the same time cutting capacity. Yet this aggressive round of price cuts comes at a point when annualised fuel costs are already running \u00a3140m above budget, according to company insiders, and may incense City analysts who were given no indication of the new price strategy when BA announced its year-end profits just over a week ago. A consensus in the Square Mile that strong economic conditions and slower capacity growth on transatlantic services would allow BA to bounce back to profit this year - after last year's \u00a3244m underlying loss - is now likely to be scrapped. Profits on transatlantic routes are seen as crucial in covering ongoing losses from BA's European operations, where losses all but doubled to \u00a3310m last year. The north Atlantic business made \u00a3308m last year, down from \u00a3451m a year earlier. British Midland - which is campaigning for its own transatlantic services from Heathrow - published figures yesterday claiming that transatlantic business passengers can save almost \u00a33,500 on a flight to Los Angeles by departing from Milan rather than Heathrow. It says fares from Britain to the US are up to 207% higher than those from the continent. \"Things have not got any better for the consumer,\" Sir Michael Bishop, chairman of British Midland, said. \"In fact, they have got worse. Given the low exchange rate with the dollar, this should be an opportunity to benefit from more trade and tourism through increased transatlantic air travel.\" He added that BA was also squeezing capacity in economy class: \"We should not be fooled into thinking that all is rosy just because fares are advertised at \u00a3199 return. As everyone knows these are limited in number and subject to various restrictions.\"",
      "charCount": "3219"
    },
    "isHosted": false,
    "pillarId": "pillar/lifestyle",
    "pillarName": "Lifestyle"
  }
]