[
  {
    "id": "technology/2001/jan/25/media.newmedia",
    "type": "article",
    "sectionId": "technology",
    "sectionName": "Technology",
    "webPublicationDate": "2001-01-25T11:47:33Z",
    "webTitle": "Freeserve enters fray for unmetered access",
    "webUrl": "https://www.theguardian.com/technology/2001/jan/25/media.newmedia",
    "apiUrl": "https://content.guardianapis.com/technology/2001/jan/25/media.newmedia",
    "fields": {
      "headline": "Freeserve enters fray for unmetered access",
      "standfirst": "<br /> <a href=\"http://www.guardianunlimited.co.uk/internetnews\">More net news</a>",
      "trailText": "<p>The battle for the hearts and wallets of home internet users heated up yesterday with the launch of a cut-price unlimited access service. </p>",
      "byline": "Richard Adams and  Polly Sprenger",
      "main": "",
      "body": "<p>The battle for the hearts and wallets of home internet users heated up yesterday with the launch of a cut-price unlimited access service. </p> <p>Freeserve - owned by French internet service provider Wanadoo - kicked off its new package offering 24-hour web access for individuals for \u00a312.99 per month, making it some \u00a32 cheaper than similar available packages. </p> <p>John Pluthero, Freeserve's chief executive, said that \"\u00a312.99 is a profitable price point for us. In the telecommunications industry scale is everything, and because of our size and number of users we get telecoms prices that nobody else in the UK can get\". </p> <p>Freeserve - which boasts 2m subscribers - accounts for as much as 15% of local UK telecoms traffic, according to Mr Pluthero. He expects 100,000 to 200,000 users to sign up to the new service. </p> <p>The Freeserve Anytime package undercuts unmetered packages costing \u00a314.99 a month from AOL, launched last September by the US internet service provider, and is likely to be below a similar service to be announced by BT within the next week. Unmetered access offered by cable firm NTL through its NTLworld package has recently risen from \u00a310 to \u00a315 a month. </p> <p>Freeserve had announced the unmetered service at the start of December last year, but negotiations with BT delayed the final launch. \"Knowing when it would arrive with certainty is a black science with BT,\" Mr Pluthero said. </p> <p>BT could retaliate as early as tomorrow with its own BTinternet Anytime package, which sources say would also be priced at \u00a314.99 a month. </p> <p>\u0095 Germany's T-Online, the internet arm of Deutsche Telekom, paid the price of flat-rate net access yesterday when it announced a \u20ac125m (\u00a3 79 m) loss for the year. </p> <p>The losses were slightly better than analysts' predictions, however, and T-Online's earnings soared 86% to \u20ac797m for the year from \u20ac428m in 1999. </p> <p>The healthy revenues were not enough to keep analysts happy, however. Investment bank Merrill Lynch said late in the day it was downgrading its recommendation on Europe's largest ISP from \"accumulate\" to \"neutral\".</p>",
      "newspaperPageNumber": "26",
      "wordcount": "345",
      "commentable": "false",
      "isPremoderated": "false",
      "lastModified": "2017-02-21T23:39:32Z",
      "newspaperEditionDate": "2001-01-25T00:00:00Z",
      "productionOffice": "UK",
      "publication": "theguardian.com",
      "shortUrl": "https://gu.com/p/xkmy",
      "shouldHideAdverts": "false",
      "showInRelatedContent": "true",
      "legallySensitive": "false",
      "lang": "en",
      "bodyText": "The battle for the hearts and wallets of home internet users heated up yesterday with the launch of a cut-price unlimited access service. Freeserve - owned by French internet service provider Wanadoo - kicked off its new package offering 24-hour web access for individuals for \u00a312.99 per month, making it some \u00a32 cheaper than similar available packages. John Pluthero, Freeserve's chief executive, said that \"\u00a312.99 is a profitable price point for us. In the telecommunications industry scale is everything, and because of our size and number of users we get telecoms prices that nobody else in the UK can get\". Freeserve - which boasts 2m subscribers - accounts for as much as 15% of local UK telecoms traffic, according to Mr Pluthero. He expects 100,000 to 200,000 users to sign up to the new service. The Freeserve Anytime package undercuts unmetered packages costing \u00a314.99 a month from AOL, launched last September by the US internet service provider, and is likely to be below a similar service to be announced by BT within the next week. Unmetered access offered by cable firm NTL through its NTLworld package has recently risen from \u00a310 to \u00a315 a month. Freeserve had announced the unmetered service at the start of December last year, but negotiations with BT delayed the final launch. \"Knowing when it would arrive with certainty is a black science with BT,\" Mr Pluthero said. BT could retaliate as early as tomorrow with its own BTinternet Anytime package, which sources say would also be priced at \u00a314.99 a month. \u0095 Germany's T-Online, the internet arm of Deutsche Telekom, paid the price of flat-rate net access yesterday when it announced a \u20ac125m (\u00a3 79 m) loss for the year. The losses were slightly better than analysts' predictions, however, and T-Online's earnings soared 86% to \u20ac797m for the year from \u20ac428m in 1999. The healthy revenues were not enough to keep analysts happy, however. Investment bank Merrill Lynch said late in the day it was downgrading its recommendation on Europe's largest ISP from \"accumulate\" to \"neutral\".",
      "charCount": "2049"
    },
    "isHosted": false,
    "pillarId": "pillar/news",
    "pillarName": "News"
  },
  {
    "id": "uk/2001/jan/25/oil.business",
    "type": "article",
    "sectionId": "uk-news",
    "sectionName": "UK news",
    "webPublicationDate": "2001-01-25T03:35:46Z",
    "webTitle": "Pay dispute could lead to new fuel crisis",
    "webUrl": "https://www.theguardian.com/uk/2001/jan/25/oil.business",
    "apiUrl": "https://content.guardianapis.com/uk/2001/jan/25/oil.business",
    "fields": {
      "headline": "Pay dispute could lead to new fuel crisis",
      "standfirst": "<BR><A HREF=\"http://www.guardianunlimited.co.uk/petrol/\">Special report: the petrol war</A>",
      "trailText": "Britain could face more disruptions to its fuel supplies as oil tanker drivers are to be balloted in a dispute over pay, union officials warned yesterday.",
      "byline": "Press Association",
      "main": "",
      "body": "Britain could face more disruptions to its fuel supplies as oil tanker drivers are to be balloted in a dispute over pay, union officials warned yesterday. <p>Hundreds of workers who drive Shell tankers begin voting today on whether to strike after they rejected a proposed two year wage deal. </p> <p>The men, who are employed by P&amp;O Trans European, drive one sixth of the country's fuel tanker fleet, according to union leaders. They belong to the Transport and General Workers' Union, which is seeking a 5% pay rise. The drivers have overwhelmingly rejected an offer which the TGWU claimed represented only a 2.5% rise in basic pay. </p> <p>The TGWU claimed the drivers received no pay increase last year because negotiations were held up by the blockades at fuel depots over petrol prices. </p> <p>Ron Webb, the TGWU's national secretary, said: \"Fuel tanker drivers are highly qualified workers who do a difficult and dangerous job... Our members did not receive a pay rise last year and we are simply seeking a settlement that reflects the value of the skilled and dangerous work they do.\" </p> <p>Mr Webb said if the com pany made a revised offer that \"realistically reflects\" the value of the drivers' work, then negotiations could be reopened. </p> <p>A spokeswoman for P&amp;O Trans European, a subsidiary of the P&amp;O group, said the company was still discussing pay with the unions and things were \"progressing\". </p> <p>The results of the ballot will be known in mid February.</p>",
      "newspaperPageNumber": "8",
      "wordcount": "250",
      "commentable": "false",
      "isPremoderated": "false",
      "lastModified": "2001-12-07T03:35:46Z",
      "newspaperEditionDate": "2001-01-25T00:00:00Z",
      "productionOffice": "UK",
      "publication": "theguardian.com",
      "shortUrl": "https://gu.com/p/gnv4",
      "shouldHideAdverts": "false",
      "showInRelatedContent": "true",
      "legallySensitive": "false",
      "lang": "en",
      "bodyText": "Britain could face more disruptions to its fuel supplies as oil tanker drivers are to be balloted in a dispute over pay, union officials warned yesterday. Hundreds of workers who drive Shell tankers begin voting today on whether to strike after they rejected a proposed two year wage deal. The men, who are employed by P&amp;O Trans European, drive one sixth of the country's fuel tanker fleet, according to union leaders. They belong to the Transport and General Workers' Union, which is seeking a 5% pay rise. The drivers have overwhelmingly rejected an offer which the TGWU claimed represented only a 2.5% rise in basic pay. The TGWU claimed the drivers received no pay increase last year because negotiations were held up by the blockades at fuel depots over petrol prices. Ron Webb, the TGWU's national secretary, said: \"Fuel tanker drivers are highly qualified workers who do a difficult and dangerous job... Our members did not receive a pay rise last year and we are simply seeking a settlement that reflects the value of the skilled and dangerous work they do.\" Mr Webb said if the com pany made a revised offer that \"realistically reflects\" the value of the drivers' work, then negotiations could be reopened. A spokeswoman for P&amp;O Trans European, a subsidiary of the P&amp;O group, said the company was still discussing pay with the unions and things were \"progressing\". The results of the ballot will be known in mid February.",
      "charCount": "1442"
    },
    "isHosted": false,
    "pillarId": "pillar/news",
    "pillarName": "News"
  },
  {
    "id": "media/2001/jan/25/tvandradio.television4",
    "type": "article",
    "sectionId": "culture",
    "sectionName": "Culture",
    "webPublicationDate": "2001-01-25T02:44:40Z",
    "webTitle": "TV and Radio: The price is right",
    "webUrl": "https://www.theguardian.com/media/2001/jan/25/tvandradio.television4",
    "apiUrl": "https://content.guardianapis.com/media/2001/jan/25/tvandradio.television4",
    "fields": {
      "headline": "The price is right",
      "standfirst": "Which actor will be the first to get a Vanity Fair cover?",
      "trailText": "<p>Which actor will be the first to get a Vanity Fair cover?</p>",
      "byline": "Interview by Jennifer Rodger",
      "main": "",
      "body": "<p><strong> Colin Farrell</strong> 7-4 </p> <p><strong>Eliza Dushku </strong>2-1 </p> <p><strong>Lauren Ambrose </strong>6-1 </p> <p><strong>Matthew David </strong>10-1 </p> <p><strong>Kip Pardue </strong>12-1</p> <p>A helpful hand in making it big in Hollywood is the front cover of entertainment bible Vanity Fair. But an actor has to have some clout already to appear there. \"If the actor isn't in hit movies and hasn't got the exposure, it's not likely,\" says Andy Clifton, Ladbrokes' entertainment odds compiler. </p> <p>Colin Farrell has won roles in Steven Spielberg's Minority Report, alongside Tom Cruise, and Joel Schumacher's Phone Booth. \"A lot of people will know him as Danny Byrne from Ballykissangel, and he's an interesting character who's had an unusual rise to the top. He's from Dublin, and Americans love a paddy made good, so he strikes me as classic cover material. He obviously looks pretty good too.\" </p> <p>At the other end of the odds, Matthew Davis \"has done a couple of interviews and he hasn't come across as stunningly intelligent\". His striking looks haven't been matched by films like Urban Legends: The Final Cut. Perhaps the sure-fire hit Pearl Harbour will help, but \"the odds will tell you what I think of his chances\", says Andy. </p> <p>Model-turned-actor Kip Pardue's CV includes But I'm A Cheerleader and a role in The Glass House opposite Sylvester Stallone. \"General opinion seems to be that he's looking at a career of relative mediocrity,\" slams Andy. </p> <p>Lauren Ambrose, with a cute Kate Moss appearance, \"is obviously cover material\". As well as roles in teen flicks like Can't Hardly Wait, Psycho Beach and Swimming, \"she's a redhead, which is slightly unusual and could work to her advantage\", argues Andy. </p> <p>\"An outstandingly good chance\" is awarded to Eliza Dushku. In the pipeline for Dushku are parts alongside Wes Bentley, Robert De Niro, Ben Affleck and Matt Damon, and a reprise of her role as Arnie's daughter in True Lies 2. \"She's very pretty and already on her way to becoming a star. She's definitely Vanity Fair material.\" </p>",
      "newspaperPageNumber": "22",
      "wordcount": "327",
      "commentable": "false",
      "isPremoderated": "false",
      "lastModified": "2016-08-11T22:45:58Z",
      "newspaperEditionDate": "2001-01-25T00:00:00Z",
      "productionOffice": "UK",
      "publication": "theguardian.com",
      "shortUrl": "https://gu.com/p/3zzc",
      "shouldHideAdverts": "false",
      "showInRelatedContent": "true",
      "legallySensitive": "false",
      "lang": "en",
      "bodyText": "Colin Farrell 7-4 Eliza Dushku 2-1 Lauren Ambrose 6-1 Matthew David 10-1 Kip Pardue 12-1 A helpful hand in making it big in Hollywood is the front cover of entertainment bible Vanity Fair. But an actor has to have some clout already to appear there. \"If the actor isn't in hit movies and hasn't got the exposure, it's not likely,\" says Andy Clifton, Ladbrokes' entertainment odds compiler. Colin Farrell has won roles in Steven Spielberg's Minority Report, alongside Tom Cruise, and Joel Schumacher's Phone Booth. \"A lot of people will know him as Danny Byrne from Ballykissangel, and he's an interesting character who's had an unusual rise to the top. He's from Dublin, and Americans love a paddy made good, so he strikes me as classic cover material. He obviously looks pretty good too.\" At the other end of the odds, Matthew Davis \"has done a couple of interviews and he hasn't come across as stunningly intelligent\". His striking looks haven't been matched by films like Urban Legends: The Final Cut. Perhaps the sure-fire hit Pearl Harbour will help, but \"the odds will tell you what I think of his chances\", says Andy. Model-turned-actor Kip Pardue's CV includes But I'm A Cheerleader and a role in The Glass House opposite Sylvester Stallone. \"General opinion seems to be that he's looking at a career of relative mediocrity,\" slams Andy. Lauren Ambrose, with a cute Kate Moss appearance, \"is obviously cover material\". As well as roles in teen flicks like Can't Hardly Wait, Psycho Beach and Swimming, \"she's a redhead, which is slightly unusual and could work to her advantage\", argues Andy. \"An outstandingly good chance\" is awarded to Eliza Dushku. In the pipeline for Dushku are parts alongside Wes Bentley, Robert De Niro, Ben Affleck and Matt Damon, and a reprise of her role as Arnie's daughter in True Lies 2. \"She's very pretty and already on her way to becoming a star. She's definitely Vanity Fair material.\"",
      "charCount": "1927"
    },
    "isHosted": false,
    "pillarId": "pillar/arts",
    "pillarName": "Arts"
  },
  {
    "id": "world/2001/jan/25/stuartjeffries",
    "type": "article",
    "sectionId": "world",
    "sectionName": "World news",
    "webPublicationDate": "2001-01-25T02:44:34Z",
    "webTitle": "Dumas denies forcing oil firm to hire lover",
    "webUrl": "https://www.theguardian.com/world/2001/jan/25/stuartjeffries",
    "apiUrl": "https://content.guardianapis.com/world/2001/jan/25/stuartjeffries",
    "fields": {
      "headline": "Dumas denies forcing oil firm to hire lover",
      "trailText": "The former French foreign minister Roland Dumas denied yesterday that he had demanded that the oil firm Elf-Aquitaine appoint his mistress to a high-paying job, and that the couple had subsequently lived luxuriously on the company's largesse.",
      "byline": "Stuart Jeffries in Paris",
      "main": "",
      "body": "The former French foreign minister Roland Dumas denied yesterday that he had demanded that the oil firm Elf-Aquitaine appoint his mistress to a high-paying job, and that the couple had subsequently lived luxuriously on the company's largesse. <p>Mr Dumas and his ex-lover Christine Deviers-Joncour are on trial in Paris along with five senior Elf-Aquitaine officials, charged with misusing the formerly state-run firm's funds in the early 1990s. </p> <p>The prosecution claims that Mr Dumas used his influence as foreign minister to get the former lingerie model a job, and that he subsequently received money and other gifts from her paid for by Elf-Aquitaine. They also allegedly shared an apartment paid for with company money. </p> <p>The allegations have hounded Mr Dumas for the past three years. If found guilty, he could be jailed for five years and fined\u00a3250,000. </p> <p>\"I never asked anyone for anything,\" he told the court. \"If I had asked someone to hire Ms Deviers-Joncour, I would have asked [Elf] president Loik Le Floch-Prigent directly, which a minister of state can allow himself to do.\" </p> <p>Looking every inch the ageing rou\u00e9 in an elegant blue suit and leaning on a cane, the 78-year-old politician, described by one French newspaper as \"the prince of intrigue in [former president] Francois Mitterrand's palace\", repeatedly threw glances around the small courtroom to measure the impact of his words. </p> <p>\"I speak for the benefit of the court, but if you will allow the expression, I also speak for history,\" Mr Dumas said. \"It's heartbreaking for me to be here. Running the risk of dishonour at my age is a disagreeable reality.\" </p> <p>On Tuesday a former senior Elf official, Andre Tarallo, said he had signed Ms Deviers-Joncour's employment contract at Mr Dumas' behest. In three years she was paid Fr64.5m (nearly \u00a37m), mostly in commissions, he said. </p> <p>Mr Le Floch-Prigent, who is also on trial, told the court on Tuesday he was unaware of Ms Deviers-Joncour's recruitment. </p> <p>But the man believed to be the chief protagonist in Elf's \u00a3250m spending spree in the early 90s, which was aimed at increasing the global influence of the firm - and France - has fled the country. Alfred Sirven, Elf's former number two, is believed to be in the Philippines and is being tried in absentia. </p> <p>The company allegedly provide Ms Deviers-Joncour with a credit facility of \u00a320,000 a month, and a \u00a31.7m Left Bank flat which Mr Dumas used for lavish parties. She also allegedly gave him gifts bought with Elf's cash, including a pair of bespoke Italian shoes costing \u00a31,110 and five antique statues costing \u00a326,400. </p> <p>The prosecution claims that she was employed by Elf to lobby Mr Dumas, notably for the sale of six frigates to Taiwan. The court is not expected to directly deal with that case, which is still under investigation, during this trial. </p> <p>Asked what was Ms Deviers-Joucour's role when she worked for Elf, Mr Dumas said: \"She was the least of my worries. She was an emissary. But not for Floch-Prigent, rather for Sirven. I did not know the terms of her contract, nor how much she was paid.\" </p> <p>\"You didn't think she was doing it voluntarily?\" the court president asked him sarcastically. \"Do I appear naive to you?\" Mr Dumas retorted. </p> <p>France has been gripped and revolted by the trial, with its suggestions of sex, betrayal, dubious military sales and corruption at the top of the government. It coincides with inquiries into an arms-trafficking scandal during the Mitterrand era allegedly involving the late president's son Jean-Christophe. </p> <p>Thanks to these two scandals, the stink of corruption from the Mitterrand era has all but obliterated the stench from the party funding scandal that embroiled President Jacques Chirac late last year. </p> <p>The trial is expected to last four weeks.</p>",
      "newspaperPageNumber": "17",
      "wordcount": "632",
      "commentable": "false",
      "isPremoderated": "false",
      "lastModified": "2001-01-25T02:44:34Z",
      "newspaperEditionDate": "2001-01-25T00:00:00Z",
      "productionOffice": "UK",
      "publication": "theguardian.com",
      "shortUrl": "https://gu.com/p/t5kk",
      "shouldHideAdverts": "false",
      "showInRelatedContent": "true",
      "legallySensitive": "false",
      "lang": "en",
      "bodyText": "The former French foreign minister Roland Dumas denied yesterday that he had demanded that the oil firm Elf-Aquitaine appoint his mistress to a high-paying job, and that the couple had subsequently lived luxuriously on the company's largesse. Mr Dumas and his ex-lover Christine Deviers-Joncour are on trial in Paris along with five senior Elf-Aquitaine officials, charged with misusing the formerly state-run firm's funds in the early 1990s. The prosecution claims that Mr Dumas used his influence as foreign minister to get the former lingerie model a job, and that he subsequently received money and other gifts from her paid for by Elf-Aquitaine. They also allegedly shared an apartment paid for with company money. The allegations have hounded Mr Dumas for the past three years. If found guilty, he could be jailed for five years and fined\u00a3250,000. \"I never asked anyone for anything,\" he told the court. \"If I had asked someone to hire Ms Deviers-Joncour, I would have asked [Elf] president Loik Le Floch-Prigent directly, which a minister of state can allow himself to do.\" Looking every inch the ageing rou\u00e9 in an elegant blue suit and leaning on a cane, the 78-year-old politician, described by one French newspaper as \"the prince of intrigue in [former president] Francois Mitterrand's palace\", repeatedly threw glances around the small courtroom to measure the impact of his words. \"I speak for the benefit of the court, but if you will allow the expression, I also speak for history,\" Mr Dumas said. \"It's heartbreaking for me to be here. Running the risk of dishonour at my age is a disagreeable reality.\" On Tuesday a former senior Elf official, Andre Tarallo, said he had signed Ms Deviers-Joncour's employment contract at Mr Dumas' behest. In three years she was paid Fr64.5m (nearly \u00a37m), mostly in commissions, he said. Mr Le Floch-Prigent, who is also on trial, told the court on Tuesday he was unaware of Ms Deviers-Joncour's recruitment. But the man believed to be the chief protagonist in Elf's \u00a3250m spending spree in the early 90s, which was aimed at increasing the global influence of the firm - and France - has fled the country. Alfred Sirven, Elf's former number two, is believed to be in the Philippines and is being tried in absentia. The company allegedly provide Ms Deviers-Joncour with a credit facility of \u00a320,000 a month, and a \u00a31.7m Left Bank flat which Mr Dumas used for lavish parties. She also allegedly gave him gifts bought with Elf's cash, including a pair of bespoke Italian shoes costing \u00a31,110 and five antique statues costing \u00a326,400. The prosecution claims that she was employed by Elf to lobby Mr Dumas, notably for the sale of six frigates to Taiwan. The court is not expected to directly deal with that case, which is still under investigation, during this trial. Asked what was Ms Deviers-Joucour's role when she worked for Elf, Mr Dumas said: \"She was the least of my worries. She was an emissary. But not for Floch-Prigent, rather for Sirven. I did not know the terms of her contract, nor how much she was paid.\" \"You didn't think she was doing it voluntarily?\" the court president asked him sarcastically. \"Do I appear naive to you?\" Mr Dumas retorted. France has been gripped and revolted by the trial, with its suggestions of sex, betrayal, dubious military sales and corruption at the top of the government. It coincides with inquiries into an arms-trafficking scandal during the Mitterrand era allegedly involving the late president's son Jean-Christophe. Thanks to these two scandals, the stink of corruption from the Mitterrand era has all but obliterated the stench from the party funding scandal that embroiled President Jacques Chirac late last year. The trial is expected to last four weeks.",
      "charCount": "3755"
    },
    "isHosted": false,
    "pillarId": "pillar/news",
    "pillarName": "News"
  },
  {
    "id": "politics/2001/jan/25/mandelson.labour",
    "type": "article",
    "sectionId": "politics",
    "sectionName": "Politics",
    "webPublicationDate": "2001-01-25T02:44:33Z",
    "webTitle": "Leader: Mandelson should have come clean",
    "webUrl": "https://www.theguardian.com/politics/2001/jan/25/mandelson.labour",
    "apiUrl": "https://content.guardianapis.com/politics/2001/jan/25/mandelson.labour",
    "fields": {
      "headline": "The price of prevarication",
      "standfirst": "Mr Mandelson should have come clean <BR><BR><A HREF=\"http://www.guardianunlimited.co.uk/mandelson/story/0,7369,427516,00.html\">The resignation speech</A> <BR><A HREF=\"http://www.guardianunlimited.co.uk/Labour/\">Special report: New Labour in power</A><BR>",
      "trailText": "What did for Peter Mandelson in the end was the defect which so many had identified in him over the years, his apparently incurable deviousness.",
      "byline": "Leader",
      "main": "",
      "body": "It was not his warm relationship with the Hinduja brothers which did for him; the Blairs themselves were scarcely less friendly. It was not his readiness to lift the phone and courteously check a detail or two with the Home Office on Srichand Hinduja's behalf. That was survivable. Nor was it some sleazy deal to speed Mr Hiduja's passport application on its way and take, in return, a large sum for funding the dome: all sides deny that any such deal was done, and no proof has been adduced for it. It was not even his addiction to the company of fashionable people and people loaded with money - an addiction which seemed to be under better control after the Geoffrey Robinson crisis, but which none the less persisted. <p>No, what did for Peter Mandelson in the end was the defect which so many had identified in him over the years, and which Tony Blair, his friend and his shield and comforter in times of trouble, had so often been warned against by good friends of Labour's best interests - his apparently incurable deviousness. </p> <p>Mr Mandelson has left the government for the second time - and very likely, for good - because he did not come clean. When the Observer talked to him on Saturday before publishing its report about Srichand Hinduja's passport application, his version seemed straightforward enough: \"The matter was dealt with by my private secretary. At no time did I support or endorse this application for citizenship.\" But by Tuesday, the prime minister's press spokesman was having to alter that story. Now Mr Mandelson had after all been involved - though only to the extent of a two-minute call to his Home Office colleague, Mike O'Brien. That phone call, we were assured, had somehow slipped Mr Mandelson's mind. But on Tuesday night, a further version surfaced. Mr Mandelson denied having said he had forgotten the phone call: \"Nobody asked me about a phone call on Saturday, Sunday or Monday. Nobody asked me these questions.\" </p> <p>Alastair Campbell's undisguisedly angry Downing Street briefing signalled the end. Both he and his colleague Chris Smith had been badly misled and on the basis of wrong information had made false statements themselves. And fatally, by failing to come clean to Alastair Campbell, Mr Mandelson had done something unforgivable: he had failed to come clean with the prime minister. Especially after the Robinson crisis, he had every cause to know better. Twice in the past few weeks, first in the context of its embarrassment over donations to party funds, then in that of the MoD's shifty handling of the row over depleted uranium, we have recommended this precept for people in government: at times like this, do not try to wriggle your way out of trouble; come as clean as you can, as soon as you can. Had Mr Mandelson adopted that course right from the time the Observer phoned him, he would still have had a horrible week, but he might still have a worthwhile career in politics ahead of him now. </p> <p>Because this strand of deviousness links the two cases, what happened yesterday is bound to revive the question of whether Tony Blair was right to recall him to government a mere 10 months after his last expulsion. Ever since he won the leadership, Mr Blair has depended heavily - often too heavily - on Mr Mandelson's friendship and guidance. He has called him his rock and counsellor. He once joked that the New Labour project would not be complete until the party learned to love Peter. When Mr Mandelson had to resign over the Robinson loan, Mr Blair could not disguise his distress, and emphasised right from the start how much he looked forward to welcoming his errant minister back. To stand by a friend in trouble is a virtuous act in anyone, and not to be disparaged. But prime ministers need to be critical, for if they are not, they find themselves in the kind of predicament Mr Blair is mired in today. His dependence on Mr Mandelson had even threatened the party with an election campaign managed by two astute politicians who can barely stand the sight of each other - Mr Mandelson and the chancellor, Gordon Brown. That was never a sensible notion, and at least Mr Mandelson's going will spare Mr Blair the embarrassing consequences. </p> <p>There are also to be considered the consequences for Northern Ireland, at a moment when Mr Blair is doing his best to keep the peace process alive, and when, as ever, the imminent prospect of a general election makes every calculation more awkward and more sensitive. This was a job that Mr Mandelson always coveted, and one to which he brought conspicuous dedication, seeming at first to bring a new stability too after the last uneasy days of Mo Mowlam. He regained some of the trust she had lost among the Unionists, though Sinn Fein and the SDLP found it a change for the worse. Yet the fate of the process was always less in Peter Mandelson's hands than those of Tony Blair. And at least two able candidates with experience at the Northern Ireland Office are available in the deputy, Adam Ingram, and his predecessor, Paul Murphy, now at the Wales Office. </p> <p>What happens to Peter Mandelson next is anyone's guess. His statement yesterday seemed to hint at a future both in and outside politics. It would be no great surprise if, contemplating a record which no previous politician in memory has matched - two enforced resignations from the same cabinet in the course of a single parliament - he decided to cut his losses, give up his seat at Hartlepool, and seek his fortune elsewhere. That would be a conspicuous sacrifice in a man whose hopes for the highest political office were never really disguised. Indeed, had his ways of proceeding been as open and shining bright as his ambition, he might have survived far longer. </p> <p><b>Special report</b><br><a href=\"http://www.theguardian.com/nireland/\">Northern Ireland</a></p> <p><b>Photo gallery</b><br><a href=\"http://www.guardianunlimited.co.uk/gall/0,8542,427511,00.html\">Mandelson: a career in pictures</a></p> <p><b>Audio</b><br><a href=\"http://www.pixunlimited.co.uk:7080/ramgen/news/politics/0124mandelson.ra\">Peter Mandelson announces his resignation (3mins 30)</a><br><a href=\"http://www.pixunlimited.co.uk:7080/ramgen/news/politics/0124white.ra\">Michael White at Westminster (2mins 14)</a><br> <a href=\"http://www.pixunlimited.co.uk:7080/ramgen/  news/politics/0124wainwright.ra\">Martin Wainwright in Hartlepool (3mins 55)</a></p> <p><b>Related articles</b><br><a href=\"http://www.guardianunlimited.co.uk/mandelson/story/0,7369,427479,00.html\">24.01.2001: Mandelson resigns</a><br><a href=\"http://www.guardianunlimited.co.uk/mandelson/story/0,7369,427569,00.html\">24.01.2001: Blair backs 'courageous' Mandelson </a><br><a href=\"http://www.guardianunlimited.co.uk/mandelson/story/0,7369,427562,00.html\">24.01.2001: Benjamin Wegg-Prosser: the Mandelson I knew</a><br><a href=\"http://www.guardianunlimited.co.uk/mandelson/story/0,7369,427481,00.html\">24.01.2001: Analysis by Nicholas Watt - Farewell Mandelson, brilliant but unloved</a><br><a href=\"http://www.guardianunlimited.co.uk/mandelson/story/0,7369,427491,00.html\">24.01.2001: Fish and sympathy from Mandelson's Hartlepool constituency</a><br><a href=\"http://www.guardianunlimited.co.uk/mandelson/story/0,7369,427558,00.html\">24.01.2001: Analysis: Resignation upsets pot as Irish stew </a><br><a href=\"http://www.guardianunlimited.co.uk/mandelson/story/0,7369,427475,00.html\">24.01.2001: The hands-on Hindujas</a><br><a href=\"http://www.guardianunlimited.co.uk/Labour/Story/0,2763,427264,00.html\">Profile: Srichand Hinduja</a><br><a href=\"http://www.guardianunlimited.co.uk/mandelson/story/0,7369,427465,00.html\">24.01.2001: Passport row lands Mandelson in trouble</a></p> <p><b>Andrew Rawnsley: inside New Labour</b><br><a href=\"http://www.guardianunlimited.co.uk/Labour/Story/0,2763,369240,00.html\">Mandelson resigns over his home loan</a><br><a href=\"http://www.guardianunlimited.co.uk/Labour/Story/0,2763,369238,00.html\">Rivals in the Labour party</a><br><a href=\"http://www.guardianunlimited.co.uk/Labour/Story/0,2763,366690,00.html\">How Mandy replaced Mo</a></p> <p><b>Cartoon</b><br><a href=\"http://www.guardianunlimited.co.uk/graphic/0,5812,427417,00.html\">Steve Bell on Peter Mandelson</a></p> <p><b>Talk about it</b><br><a href=\"http://talk.guardianunlimited.co.uk/WebX?13@@.ee7e6ee\">Have your say: should Mandelson have quit?</a></p> <p><b>The 1998 home loan row</b><br><a href=\"http://www.guardianunlimited.co.uk/mandelson/story/0,7369,427485,00.html\">Text of resignation letter</a><br><a href=\"http://www.guardianunlimited.co.uk/mandelson/story/0,7369,427469,00.html\">24.12.1998: Mandelson, the minister and the \u00a3373,000 loan</a><br><a href=\"http://www.guardianunlimited.co.uk/mandelson/story/0,7369,427471,00.html\">24.12.1998: Mandelson: undone by a story that could not be done</a></p> <p><b>Useful links</b><br><a href=\"http://www.hindujagroup.com/history.htm\" target=\"_new\">Hinduja group history</a><br><a href=\"http://www.number-10.gov.uk/default.asp?PageID=3291\" target=\"_new\">Press briefing</a><br><a href=\"http://www.nio.gov.uk/\" target=\"_new\">Northern Ireland Office</a><br><a href=\"http://www.hartlepoolmail.co.uk/\" target=\"_new\">Hartlepool Mail</a><br><a href=\"http://www.belfasttelegraph.co.uk/\" target=\"_new\">Belfast Telegraph</a></p>",
      "newspaperPageNumber": "23",
      "wordcount": "1162",
      "commentable": "false",
      "isPremoderated": "false",
      "lastModified": "2017-06-20T20:26:29Z",
      "newspaperEditionDate": "2001-01-25T00:00:00Z",
      "productionOffice": "UK",
      "publication": "theguardian.com",
      "shortUrl": "https://gu.com/p/xva99",
      "shouldHideAdverts": "false",
      "showInRelatedContent": "true",
      "legallySensitive": "false",
      "lang": "en",
      "bodyText": "It was not his warm relationship with the Hinduja brothers which did for him; the Blairs themselves were scarcely less friendly. It was not his readiness to lift the phone and courteously check a detail or two with the Home Office on Srichand Hinduja's behalf. That was survivable. Nor was it some sleazy deal to speed Mr Hiduja's passport application on its way and take, in return, a large sum for funding the dome: all sides deny that any such deal was done, and no proof has been adduced for it. It was not even his addiction to the company of fashionable people and people loaded with money - an addiction which seemed to be under better control after the Geoffrey Robinson crisis, but which none the less persisted. No, what did for Peter Mandelson in the end was the defect which so many had identified in him over the years, and which Tony Blair, his friend and his shield and comforter in times of trouble, had so often been warned against by good friends of Labour's best interests - his apparently incurable deviousness. Mr Mandelson has left the government for the second time - and very likely, for good - because he did not come clean. When the Observer talked to him on Saturday before publishing its report about Srichand Hinduja's passport application, his version seemed straightforward enough: \"The matter was dealt with by my private secretary. At no time did I support or endorse this application for citizenship.\" But by Tuesday, the prime minister's press spokesman was having to alter that story. Now Mr Mandelson had after all been involved - though only to the extent of a two-minute call to his Home Office colleague, Mike O'Brien. That phone call, we were assured, had somehow slipped Mr Mandelson's mind. But on Tuesday night, a further version surfaced. Mr Mandelson denied having said he had forgotten the phone call: \"Nobody asked me about a phone call on Saturday, Sunday or Monday. Nobody asked me these questions.\" Alastair Campbell's undisguisedly angry Downing Street briefing signalled the end. Both he and his colleague Chris Smith had been badly misled and on the basis of wrong information had made false statements themselves. And fatally, by failing to come clean to Alastair Campbell, Mr Mandelson had done something unforgivable: he had failed to come clean with the prime minister. Especially after the Robinson crisis, he had every cause to know better. Twice in the past few weeks, first in the context of its embarrassment over donations to party funds, then in that of the MoD's shifty handling of the row over depleted uranium, we have recommended this precept for people in government: at times like this, do not try to wriggle your way out of trouble; come as clean as you can, as soon as you can. Had Mr Mandelson adopted that course right from the time the Observer phoned him, he would still have had a horrible week, but he might still have a worthwhile career in politics ahead of him now. Because this strand of deviousness links the two cases, what happened yesterday is bound to revive the question of whether Tony Blair was right to recall him to government a mere 10 months after his last expulsion. Ever since he won the leadership, Mr Blair has depended heavily - often too heavily - on Mr Mandelson's friendship and guidance. He has called him his rock and counsellor. He once joked that the New Labour project would not be complete until the party learned to love Peter. When Mr Mandelson had to resign over the Robinson loan, Mr Blair could not disguise his distress, and emphasised right from the start how much he looked forward to welcoming his errant minister back. To stand by a friend in trouble is a virtuous act in anyone, and not to be disparaged. But prime ministers need to be critical, for if they are not, they find themselves in the kind of predicament Mr Blair is mired in today. His dependence on Mr Mandelson had even threatened the party with an election campaign managed by two astute politicians who can barely stand the sight of each other - Mr Mandelson and the chancellor, Gordon Brown. That was never a sensible notion, and at least Mr Mandelson's going will spare Mr Blair the embarrassing consequences. There are also to be considered the consequences for Northern Ireland, at a moment when Mr Blair is doing his best to keep the peace process alive, and when, as ever, the imminent prospect of a general election makes every calculation more awkward and more sensitive. This was a job that Mr Mandelson always coveted, and one to which he brought conspicuous dedication, seeming at first to bring a new stability too after the last uneasy days of Mo Mowlam. He regained some of the trust she had lost among the Unionists, though Sinn Fein and the SDLP found it a change for the worse. Yet the fate of the process was always less in Peter Mandelson's hands than those of Tony Blair. And at least two able candidates with experience at the Northern Ireland Office are available in the deputy, Adam Ingram, and his predecessor, Paul Murphy, now at the Wales Office. What happens to Peter Mandelson next is anyone's guess. His statement yesterday seemed to hint at a future both in and outside politics. It would be no great surprise if, contemplating a record which no previous politician in memory has matched - two enforced resignations from the same cabinet in the course of a single parliament - he decided to cut his losses, give up his seat at Hartlepool, and seek his fortune elsewhere. That would be a conspicuous sacrifice in a man whose hopes for the highest political office were never really disguised. Indeed, had his ways of proceeding been as open and shining bright as his ambition, he might have survived far longer. Special report Northern Ireland Photo gallery Mandelson: a career in pictures Audio Peter Mandelson announces his resignation (3mins 30) Michael White at Westminster (2mins 14) Martin Wainwright in Hartlepool (3mins 55) Related articles 24.01.2001: Mandelson resigns 24.01.2001: Blair backs 'courageous' Mandelson 24.01.2001: Benjamin Wegg-Prosser: the Mandelson I knew 24.01.2001: Analysis by Nicholas Watt - Farewell Mandelson, brilliant but unloved 24.01.2001: Fish and sympathy from Mandelson's Hartlepool constituency 24.01.2001: Analysis: Resignation upsets pot as Irish stew 24.01.2001: The hands-on Hindujas Profile: Srichand Hinduja 24.01.2001: Passport row lands Mandelson in trouble Andrew Rawnsley: inside New Labour Mandelson resigns over his home loan Rivals in the Labour party How Mandy replaced Mo Cartoon Steve Bell on Peter Mandelson Talk about it Have your say: should Mandelson have quit? The 1998 home loan row Text of resignation letter 24.12.1998: Mandelson, the minister and the \u00a3373,000 loan 24.12.1998: Mandelson: undone by a story that could not be done Useful links Hinduja group history Press briefing Northern Ireland Office Hartlepool Mail Belfast Telegraph",
      "charCount": "6915"
    },
    "isHosted": false,
    "pillarId": "pillar/news",
    "pillarName": "News"
  },
  {
    "id": "business/2001/jan/25/2",
    "type": "article",
    "sectionId": "business",
    "sectionName": "Business",
    "webPublicationDate": "2001-01-25T02:44:13Z",
    "webTitle": "At this price?  Stanley Leisure",
    "webUrl": "https://www.theguardian.com/business/2001/jan/25/2",
    "apiUrl": "https://content.guardianapis.com/business/2001/jan/25/2",
    "fields": {
      "headline": "At this price?  Stanley Leisure",
      "trailText": "<p>The storm clouds that have gathered over Britain's race courses in recent months have brought with them a much welcomed silver lining for betting group Stanley Leisure. </p>",
      "byline": "Simon Bowers",
      "main": "",
      "body": "<p>The storm clouds that have gathered over Britain's race courses in recent months have brought with them a much welcomed silver lining for betting group Stanley Leisure. </p> <p>Analysts had been concern about the cancellation of 75 race meetings in the six months to last November due to flooding in the wettest autumn on record. While the bad weather affected Stanley's turnover, high margins have kept profits at \u00a315m - unchanged from last year. </p> <p>One explanation for this, Stanley's chairman and founder Leonard Steinberg said yesterday, was that consistent heavy going has meant fewer favourites won. </p> <p>However, the market was unimpressed yesterday, and Stanley's share price fell 12.5p to 187.5p. </p> <p>The group was also hit by results from Euro 2000 quarter finals and a poor run at Royal Ascot. But the Liverpool-based company's core betting shop business remained strong, with operating profits of \u00a310.3m, up \u00a32.2m on the same period the previous year. </p> <p>While the group continues to develop an online business arm, industry fears that the internet will put betting shops out of business now appear unfounded. </p> <p>Peter Joseph, a leisure analyst at stockbroker Peel Hunt, said: \"People who use Stanley's betting shops in Toxteth are not going swap their regular trips to the bookies for an online betting service. It is a mature business and there is no way it will be wiped out overnight by the internet.\" </p> <p>Stanley's casinos have continued to do good business, with turnover up 4% to \u00a361.5m and a steady flow of high-rollers making an appearance at the group's upmarket Crockfords casino in Mayfair, London. There has also been speculation that if regulatory barriers could be overcome the company could take an interest in the troubled London Clubs group. </p> <p>If the company can persuade the markets to invest, more acquisitions could be in the pipeline. </p>",
      "newspaperPageNumber": "29",
      "wordcount": "306",
      "commentable": "false",
      "isPremoderated": "false",
      "lastModified": "2001-01-25T02:44:13Z",
      "newspaperEditionDate": "2001-01-25T00:00:00Z",
      "productionOffice": "UK",
      "publication": "theguardian.com",
      "shortUrl": "https://gu.com/p/3znq",
      "shouldHideAdverts": "false",
      "showInRelatedContent": "true",
      "legallySensitive": "false",
      "lang": "en",
      "bodyText": "The storm clouds that have gathered over Britain's race courses in recent months have brought with them a much welcomed silver lining for betting group Stanley Leisure. Analysts had been concern about the cancellation of 75 race meetings in the six months to last November due to flooding in the wettest autumn on record. While the bad weather affected Stanley's turnover, high margins have kept profits at \u00a315m - unchanged from last year. One explanation for this, Stanley's chairman and founder Leonard Steinberg said yesterday, was that consistent heavy going has meant fewer favourites won. However, the market was unimpressed yesterday, and Stanley's share price fell 12.5p to 187.5p. The group was also hit by results from Euro 2000 quarter finals and a poor run at Royal Ascot. But the Liverpool-based company's core betting shop business remained strong, with operating profits of \u00a310.3m, up \u00a32.2m on the same period the previous year. While the group continues to develop an online business arm, industry fears that the internet will put betting shops out of business now appear unfounded. Peter Joseph, a leisure analyst at stockbroker Peel Hunt, said: \"People who use Stanley's betting shops in Toxteth are not going swap their regular trips to the bookies for an online betting service. It is a mature business and there is no way it will be wiped out overnight by the internet.\" Stanley's casinos have continued to do good business, with turnover up 4% to \u00a361.5m and a steady flow of high-rollers making an appearance at the group's upmarket Crockfords casino in Mayfair, London. There has also been speculation that if regulatory barriers could be overcome the company could take an interest in the troubled London Clubs group. If the company can persuade the markets to invest, more acquisitions could be in the pipeline.",
      "charCount": "1836"
    },
    "isHosted": false,
    "pillarId": "pillar/news",
    "pillarName": "News"
  },
  {
    "id": "culture/2001/jan/25/artsfeatures",
    "type": "article",
    "sectionId": "global",
    "sectionName": "Global",
    "webPublicationDate": "2001-01-25T02:44:04Z",
    "webTitle": "Arts: The 'Rembrandt the Printmaker' exhibtion",
    "webUrl": "https://www.theguardian.com/culture/2001/jan/25/artsfeatures",
    "apiUrl": "https://content.guardianapis.com/culture/2001/jan/25/artsfeatures",
    "fields": {
      "headline": "Black beauty",
      "standfirst": "Rembrandt's prints shocked and delighted his contemporaries. They were the most costly they had seen, the most wasteful ... and above all the most inky.  Jonathan Jones  explains",
      "trailText": "<p>Rembrandt's prints shocked and delighted his contemporaries. They were the most costly they had seen, the most wasteful ... and above all the most inky.  <strong>Jonathan Jones</strong>  explains.</p>",
      "main": "",
      "body": "<p>How much ink can you get on a sheet of paper? A lot if, like Rembrandt, you use a drypoint needle to roughen the surface of your copper printing plate, leaving burred canals into which ink pools and clogs, so that when a sheet of paper is pressed against it, it is drowned in blackness. </p> <p>Take his print The Entombment (circa 1654), currently on display in London as part of Rembrandt the Printmaker, an exhibition by the British Museum and Amsterdam's Rijksmuseum that brings together the two greatest collections of Rembrandt's prints. Even today, after all the black paintings of modernism, the second \"state\" of this print is a baffling thing to be confronted with. </p> <p>The \"states\" of a print are the various versions an artist makes from the same copper plate, adding or removing effects. The Entombment begins as a shadowy but legible picture of the dead Christ being mourned by his followers inside a vaulted tomb. But then Rembrandt so overloads it with ink that looking at the resulting print is like closing your eyes and looking at your eyelids. Shapes emerge out of what at first seems absolute darkness. There is the body of Christ, lit by the weak glow of the last light in the world. It is unforgettable. </p> <p>Prints rarely get people going like paintings. Rembrandt's prints are the exception because they seize on the starkness of the medium. The second state of The Entombment is printed on vellum, which is less absorbent than paper. So the ink stays on the surface, which makes it all the more liquid, more profound. You could never get this particular yielding yet indestructible, smooth yet matt blackness in oil paints. It is a property of ink. For Rembrandt, the technical becomes metaphysical. The values he attaches to black and white are not simple. Black ink massed on the paper can look rich, solid, consoling; paper left blank can be terrifying. </p> <p>Blackness for Rembrandt can evoke the secluded, inner sanctum of the soul, or the world of sleep: a state he depicts repeatedly, in a study of a dog in its kennel, or another of his sick wife Saskia in bed - a moment that makes you want to cry, though not as much as the one of her in bed awake, her eyes listless and despairing. </p> <p>Indeed, the first thing that takes your breath away in this chronological exhibition is The Angel Appearing to the Shepherds, Rembrandt's earliest nocturne, from 1634. Rembrandt loves the dark, relishes each obscure tendril of ivy, each woody recess, as the shepherds' night is disturbed by the shining apparition. </p> <p>Rembrandt etched 300 images in his life. Why? It would be nice to think that it was to make his art available to a wider audience. In Amsterdam in the 17th century, prints were used for everything from political propaganda to advertising to disseminating fine art. Rembrandt never went to Italy, but he owned prints of the work of Raphael, Michelangelo and Titian, as well as classics of printmaking by artists such as D\u00fcrer. Rembrandt emulated these printmakers early in his career in Leiden, and his first fumbling attempts - which were followed by a rapid assimilation of the medium's possibilities - are here. </p> <p>It is tempting to believe that Rembrandt turned to printing to make his art more accessible, but this is not so. His prints were made in small editions and were astronomically expensive. In fact, he ensured that his prints were as costly as possible by using rare, highly priced papers - he even imported some from Japan - and his favourite drypoint technique, which could produce only a few copies before the plate became worn. One of his most famous editions is known as the Hundred Guilder Print because of its record price. </p> <p>Rembrandt etched everything: nudes, a pig about to be slaughtered, street sellers, a man and woman pissing and shitting, Amsterdam burghers, Christ presented to the crowd by Pontius Pilate. His landscapes are so acutely drawn that it is thought he sometimes took a copper plate into the countryside and drew on it directly from nature. Then there are strange prints consisting of several loose sketches, including very private ones of Saskia, which he released. The only explanation is that there was a demand not just for his finished masterpieces, but for evidence of his creative process. </p> <p>Rembrandt was the first artist to set himself apart as an autonomous creator whose sole concern was to express his inner feelings. This is why he relished printing several, varying states of the same copper plate - so we can see him struggling for the perfect expression of his thoughts. </p> <p>In the five states exhibited here of Christ Presented to the People (1655), done entirely in drypoint with its sensual massing of ink, you can see him increase the iconic power of the image by deciding after a couple of attempts to remove a crowd of beautifully drawn figures from the front of the picture, wiping them out, so what all we see is Christ standing directly before us. The stone wall below him is devastating in its blankness. </p> <p>The most awe-inspiring image in a show of pure, inky magnificence, full of things that etch themselves permanently on the imagination, is The Three Crosses (1653). Veils of blackness swallow up the crying crowd, choke and blind the world. The blinding is carried out with sharp, hard rods of ink - straight, emotionless lines that Rembrandt sends down from above. </p> <p>The ink parts to delineate a pyramid of light aimed from heaven straight at Christ. Yet this light is the most violent thing of all. It is a remorseless searchlight beam. You would not want to be caught in it, guilty, at this crime scene.</p> <p>\u0095 Rembrandt the Printmaker is at the British Museum, London WC1 (020-7323 8000), until April 8.</p>",
      "newspaperPageNumber": "10",
      "wordcount": "979",
      "commentable": "false",
      "isPremoderated": "false",
      "lastModified": "2001-01-25T02:44:04Z",
      "newspaperEditionDate": "2001-01-25T00:00:00Z",
      "productionOffice": "UK",
      "publication": "theguardian.com",
      "shortUrl": "https://gu.com/p/xg7ba",
      "shouldHideAdverts": "false",
      "showInRelatedContent": "true",
      "legallySensitive": "false",
      "lang": "en",
      "bodyText": "How much ink can you get on a sheet of paper? A lot if, like Rembrandt, you use a drypoint needle to roughen the surface of your copper printing plate, leaving burred canals into which ink pools and clogs, so that when a sheet of paper is pressed against it, it is drowned in blackness. Take his print The Entombment (circa 1654), currently on display in London as part of Rembrandt the Printmaker, an exhibition by the British Museum and Amsterdam's Rijksmuseum that brings together the two greatest collections of Rembrandt's prints. Even today, after all the black paintings of modernism, the second \"state\" of this print is a baffling thing to be confronted with. The \"states\" of a print are the various versions an artist makes from the same copper plate, adding or removing effects. The Entombment begins as a shadowy but legible picture of the dead Christ being mourned by his followers inside a vaulted tomb. But then Rembrandt so overloads it with ink that looking at the resulting print is like closing your eyes and looking at your eyelids. Shapes emerge out of what at first seems absolute darkness. There is the body of Christ, lit by the weak glow of the last light in the world. It is unforgettable. Prints rarely get people going like paintings. Rembrandt's prints are the exception because they seize on the starkness of the medium. The second state of The Entombment is printed on vellum, which is less absorbent than paper. So the ink stays on the surface, which makes it all the more liquid, more profound. You could never get this particular yielding yet indestructible, smooth yet matt blackness in oil paints. It is a property of ink. For Rembrandt, the technical becomes metaphysical. The values he attaches to black and white are not simple. Black ink massed on the paper can look rich, solid, consoling; paper left blank can be terrifying. Blackness for Rembrandt can evoke the secluded, inner sanctum of the soul, or the world of sleep: a state he depicts repeatedly, in a study of a dog in its kennel, or another of his sick wife Saskia in bed - a moment that makes you want to cry, though not as much as the one of her in bed awake, her eyes listless and despairing. Indeed, the first thing that takes your breath away in this chronological exhibition is The Angel Appearing to the Shepherds, Rembrandt's earliest nocturne, from 1634. Rembrandt loves the dark, relishes each obscure tendril of ivy, each woody recess, as the shepherds' night is disturbed by the shining apparition. Rembrandt etched 300 images in his life. Why? It would be nice to think that it was to make his art available to a wider audience. In Amsterdam in the 17th century, prints were used for everything from political propaganda to advertising to disseminating fine art. Rembrandt never went to Italy, but he owned prints of the work of Raphael, Michelangelo and Titian, as well as classics of printmaking by artists such as D\u00fcrer. Rembrandt emulated these printmakers early in his career in Leiden, and his first fumbling attempts - which were followed by a rapid assimilation of the medium's possibilities - are here. It is tempting to believe that Rembrandt turned to printing to make his art more accessible, but this is not so. His prints were made in small editions and were astronomically expensive. In fact, he ensured that his prints were as costly as possible by using rare, highly priced papers - he even imported some from Japan - and his favourite drypoint technique, which could produce only a few copies before the plate became worn. One of his most famous editions is known as the Hundred Guilder Print because of its record price. Rembrandt etched everything: nudes, a pig about to be slaughtered, street sellers, a man and woman pissing and shitting, Amsterdam burghers, Christ presented to the crowd by Pontius Pilate. His landscapes are so acutely drawn that it is thought he sometimes took a copper plate into the countryside and drew on it directly from nature. Then there are strange prints consisting of several loose sketches, including very private ones of Saskia, which he released. The only explanation is that there was a demand not just for his finished masterpieces, but for evidence of his creative process. Rembrandt was the first artist to set himself apart as an autonomous creator whose sole concern was to express his inner feelings. This is why he relished printing several, varying states of the same copper plate - so we can see him struggling for the perfect expression of his thoughts. In the five states exhibited here of Christ Presented to the People (1655), done entirely in drypoint with its sensual massing of ink, you can see him increase the iconic power of the image by deciding after a couple of attempts to remove a crowd of beautifully drawn figures from the front of the picture, wiping them out, so what all we see is Christ standing directly before us. The stone wall below him is devastating in its blankness. The most awe-inspiring image in a show of pure, inky magnificence, full of things that etch themselves permanently on the imagination, is The Three Crosses (1653). Veils of blackness swallow up the crying crowd, choke and blind the world. The blinding is carried out with sharp, hard rods of ink - straight, emotionless lines that Rembrandt sends down from above. The ink parts to delineate a pyramid of light aimed from heaven straight at Christ. Yet this light is the most violent thing of all. It is a remorseless searchlight beam. You would not want to be caught in it, guilty, at this crime scene. \u0095 Rembrandt the Printmaker is at the British Museum, London WC1 (020-7323 8000), until April 8.",
      "charCount": "5671"
    },
    "isHosted": false
  }
]