[
  {
    "id": "business/2001/jan/02/5",
    "type": "article",
    "sectionId": "business",
    "sectionName": "Business",
    "webPublicationDate": "2001-01-02T01:28:58Z",
    "webTitle": "RJB plans to usher in green coal era",
    "webUrl": "https://www.theguardian.com/business/2001/jan/02/5",
    "apiUrl": "https://content.guardianapis.com/business/2001/jan/02/5",
    "fields": {
      "headline": "RJB plans to usher in green coal era",
      "standfirst": "Hope for jobless in areas crippled by 1980s pit closures",
      "trailText": "<p>Hope for jobless in areas crippled by 1980s pit closures.</p>",
      "byline": "Martin Wainwright",
      "main": "",
      "body": "<p>A new generation of green coal mines may be opened in Britain's devastated pit areas under a plan prepared by the industry's dominant company RJB Mining. </p> <p>Three sites in Yorkshire and Nottinghamshire have been earmarked for development if the firm can extract funding from the government for experimental coal-fired power stations using \"clean\" technology which matches the environmental standards of gas and oil. </p> <p>Hundreds of jobs would be created in South Yorkshire and North Nottinghamshire, which have seen crippling levels of unemployment since the collapse of deep-pit mining after the 1984-1985 strike. The Doncaster-based firm has prepared \u00a3100m cost estimates for the first new pit at Thorne, South Yorkshire, where shafts sunk by British Coal 10 years ago have been mothballed. </p> <p>\"The shafts would save a substantial amount of development costs,\" said Stuart Oliver of RJB. \"There are also substantial reserves at Thorne in seams which have been worked by other, nearby pits. So we know the nature of the coal. What we need now is a kickstart to clean coal-fired generating capacity to give us the confidence to invest the money to bring Thorne and other sites into production.\" </p> <p>RJB, which employs 8,000 at 13 of Britain's 17 remaining deep mines, is also studying Witham in Nottinghamshire and a third, undisclosed site in the region. The trebling of gas and oil prices in the last year has given the plan a spur, along with a rise of just over a third in the price of imported coal. </p> <p>\"We are looking to expand our existing mines as well, if we can get the clean-coal technology out of the research laboratories and actually up and running,\" said Mr Oliver. \"We've been able to take on 150 former miners in the last six months and start training 50 apprentices, but this would be a step forward on a different scale.\" </p> <p>The proposals were welcomed by Michael Clapham MP, chair of the all-party coalfield communities campaign, who is pressing energy minister Helen Liddell for round-table talks with mining companies and the power companies. RJB has already begun talks with National Power about a potential clean-coal power station site at Kellingley, north Yorkshire, home of the 'Big K' pit which is Europe's most productive mine. </p> <p>\"I've no doubt that RJB would go ahead with new collieries if we can ensure that the future is sustainable by investing in clean coal technology,\" said Mr Clapham. \"As well as being exceptionally good news for the coal industry, it would also have a potential knock-on effect in creating other manufacturing jobs.\" </p> <p>Britain produced 21m tonnes of coal last year, compared with 110m in 1980, when 211 deep mines employed 230,000 miners. But the global market has expanded over the last decade, along with the potential to export expertise in up to six clean-coal power generating systems which have been developed by government-funded research.</p>",
      "newspaperPageNumber": "17",
      "wordcount": "478",
      "commentable": "false",
      "isPremoderated": "false",
      "lastModified": "2001-01-02T01:28:58Z",
      "newspaperEditionDate": "2001-01-02T00:00:00Z",
      "productionOffice": "UK",
      "publication": "theguardian.com",
      "shortUrl": "https://gu.com/p/3mkp",
      "shouldHideAdverts": "false",
      "showInRelatedContent": "true",
      "legallySensitive": "false",
      "lang": "en",
      "bodyText": "A new generation of green coal mines may be opened in Britain's devastated pit areas under a plan prepared by the industry's dominant company RJB Mining. Three sites in Yorkshire and Nottinghamshire have been earmarked for development if the firm can extract funding from the government for experimental coal-fired power stations using \"clean\" technology which matches the environmental standards of gas and oil. Hundreds of jobs would be created in South Yorkshire and North Nottinghamshire, which have seen crippling levels of unemployment since the collapse of deep-pit mining after the 1984-1985 strike. The Doncaster-based firm has prepared \u00a3100m cost estimates for the first new pit at Thorne, South Yorkshire, where shafts sunk by British Coal 10 years ago have been mothballed. \"The shafts would save a substantial amount of development costs,\" said Stuart Oliver of RJB. \"There are also substantial reserves at Thorne in seams which have been worked by other, nearby pits. So we know the nature of the coal. What we need now is a kickstart to clean coal-fired generating capacity to give us the confidence to invest the money to bring Thorne and other sites into production.\" RJB, which employs 8,000 at 13 of Britain's 17 remaining deep mines, is also studying Witham in Nottinghamshire and a third, undisclosed site in the region. The trebling of gas and oil prices in the last year has given the plan a spur, along with a rise of just over a third in the price of imported coal. \"We are looking to expand our existing mines as well, if we can get the clean-coal technology out of the research laboratories and actually up and running,\" said Mr Oliver. \"We've been able to take on 150 former miners in the last six months and start training 50 apprentices, but this would be a step forward on a different scale.\" The proposals were welcomed by Michael Clapham MP, chair of the all-party coalfield communities campaign, who is pressing energy minister Helen Liddell for round-table talks with mining companies and the power companies. RJB has already begun talks with National Power about a potential clean-coal power station site at Kellingley, north Yorkshire, home of the 'Big K' pit which is Europe's most productive mine. \"I've no doubt that RJB would go ahead with new collieries if we can ensure that the future is sustainable by investing in clean coal technology,\" said Mr Clapham. \"As well as being exceptionally good news for the coal industry, it would also have a potential knock-on effect in creating other manufacturing jobs.\" Britain produced 21m tonnes of coal last year, compared with 110m in 1980, when 211 deep mines employed 230,000 miners. But the global market has expanded over the last decade, along with the potential to export expertise in up to six clean-coal power generating systems which have been developed by government-funded research.",
      "charCount": "2879"
    },
    "isHosted": false,
    "pillarId": "pillar/news",
    "pillarName": "News"
  }
]