[
  {
    "id": "business/2001/jan/26/carindustry.motoring",
    "type": "article",
    "sectionId": "business",
    "sectionName": "Business",
    "webPublicationDate": "2001-01-26T12:29:42Z",
    "webTitle": "Sunderland Nissan plant wins Micra",
    "webUrl": "https://www.theguardian.com/business/2001/jan/26/carindustry.motoring",
    "apiUrl": "https://content.guardianapis.com/business/2001/jan/26/carindustry.motoring",
    "fields": {
      "headline": "Sunderland wins Micra",
      "standfirst": "Nissan agrees to build its new small car in Britain - but suppliers to pay the price",
      "trailText": "<p>Nissan agrees to build its new small car in Britain - but suppliers to pay the price.</p>",
      "byline": "Nicholas Bannister and  David Gow",
      "main": "",
      "body": "<p>Nissan yesterday wielded a double-edged sword by agreeing to build its new small car in Britain rather than France - but forcing the nation's hard-pressed component suppliers to bear the brunt of the foreign exchange risks. </p> <p>The decision has sparked a political row, with anti-Europeans claiming that the prime minister had given Nissan's president, Carlos Ghosn, assurances about when Britain would join the euro. This was denied by the prime minister's spokesman and by Whitehall sources, who said no deal had been done. </p> <p>Mr Ghosn - known as \"le cost killer\" - ended months of speculation by saying that Nissan would invest \u00a3235m to make the next-generation Micra at the group's Sunderland plant, rather than at a Renault factory near Paris. </p> <p>He added that the Sunderland unit, which makes the current Micra, Almera and Primera models, would increase its capacity from 350,000 to 500,000 cars a year, creating 500 new jobs. </p> <p>Nissan's long-awaited decision will secure the future of the Sunderland plant, which employs about 5,000 people. About 1,300 jobs would have been lost if Micra production had moved to France. </p> <p>Mr Ghosn said that the Sunderland plant had committed itself to reducing costs by 30% to offset the impact of the strong pound. It aimed to neutralise the currency risk by purchasing components in the same currencies in which it sold vehicles. </p> <p>This meant that the amount of Micra components billed in euros would rise from 35% to \"more than 65%\". He added that it would be up to the component suppliers to decide whether to manufacture in Britain or in the euro zone. </p> <p>Paul Everett, head of policy and economics at the Society of Motor Manufacturers and Traders, said Nissan, like other British-based car groups, was \"pushing the pain down the supply chain\" to overcome the disadvantages of being outside the euro zone. </p> <p>\"What's good news for Sunderland is not that good news elsewhere,\" he said, urging ministers to reassure component suppliers. </p> <p>\"They need a stable, competitive exchange rate and there's a growing view among them that that is not going to be delivered, certainly not until the government gives a clear timetable for entry to the euro.\" </p> <p>Mr Ghosn said last September that the Micra would only be built in Britain if the euro was stable against the pound. Yesterday he said that a \"stable and competitive\" pound was essential, but refused to say whether British ministers had indicated that they would take the country into the euro. </p> <p>He said that Britain's position on the euro had been \"very important for us in coming to this decision\". </p> <p>Stephen Byers, the trade and industry secretary - who was alongside Mr Ghosn when he made the Micra announcement - reiterated the government position. \"In principle, we can see the benefits of joining a successful euro currency, but the conditions have to be right. It will be considered in the next parliament,\" he said. </p> <p>But Conservative leader William Hague said: \"If [Nissan] have received any assurances about joining the euro from the current administration, we would be interested to know what they are.\"</p>",
      "newspaperPageNumber": "25",
      "wordcount": "517",
      "commentable": "false",
      "isPremoderated": "false",
      "lastModified": "2001-02-05T12:29:42Z",
      "newspaperEditionDate": "2001-01-26T00:00:00Z",
      "productionOffice": "UK",
      "publication": "theguardian.com",
      "shortUrl": "https://gu.com/p/3pv6",
      "shouldHideAdverts": "false",
      "showInRelatedContent": "true",
      "legallySensitive": "false",
      "lang": "en",
      "bodyText": "Nissan yesterday wielded a double-edged sword by agreeing to build its new small car in Britain rather than France - but forcing the nation's hard-pressed component suppliers to bear the brunt of the foreign exchange risks. The decision has sparked a political row, with anti-Europeans claiming that the prime minister had given Nissan's president, Carlos Ghosn, assurances about when Britain would join the euro. This was denied by the prime minister's spokesman and by Whitehall sources, who said no deal had been done. Mr Ghosn - known as \"le cost killer\" - ended months of speculation by saying that Nissan would invest \u00a3235m to make the next-generation Micra at the group's Sunderland plant, rather than at a Renault factory near Paris. He added that the Sunderland unit, which makes the current Micra, Almera and Primera models, would increase its capacity from 350,000 to 500,000 cars a year, creating 500 new jobs. Nissan's long-awaited decision will secure the future of the Sunderland plant, which employs about 5,000 people. About 1,300 jobs would have been lost if Micra production had moved to France. Mr Ghosn said that the Sunderland plant had committed itself to reducing costs by 30% to offset the impact of the strong pound. It aimed to neutralise the currency risk by purchasing components in the same currencies in which it sold vehicles. This meant that the amount of Micra components billed in euros would rise from 35% to \"more than 65%\". He added that it would be up to the component suppliers to decide whether to manufacture in Britain or in the euro zone. Paul Everett, head of policy and economics at the Society of Motor Manufacturers and Traders, said Nissan, like other British-based car groups, was \"pushing the pain down the supply chain\" to overcome the disadvantages of being outside the euro zone. \"What's good news for Sunderland is not that good news elsewhere,\" he said, urging ministers to reassure component suppliers. \"They need a stable, competitive exchange rate and there's a growing view among them that that is not going to be delivered, certainly not until the government gives a clear timetable for entry to the euro.\" Mr Ghosn said last September that the Micra would only be built in Britain if the euro was stable against the pound. Yesterday he said that a \"stable and competitive\" pound was essential, but refused to say whether British ministers had indicated that they would take the country into the euro. He said that Britain's position on the euro had been \"very important for us in coming to this decision\". Stephen Byers, the trade and industry secretary - who was alongside Mr Ghosn when he made the Micra announcement - reiterated the government position. \"In principle, we can see the benefits of joining a successful euro currency, but the conditions have to be right. It will be considered in the next parliament,\" he said. But Conservative leader William Hague said: \"If [Nissan] have received any assurances about joining the euro from the current administration, we would be interested to know what they are.\"",
      "charCount": "3078"
    },
    "isHosted": false,
    "pillarId": "pillar/news",
    "pillarName": "News"
  },
  {
    "id": "world/2001/jan/26/iraq.unitednations",
    "type": "article",
    "sectionId": "world",
    "sectionName": "World news",
    "webPublicationDate": "2001-01-26T00:55:17Z",
    "webTitle": "UN cannot punish Iraqi oil surcharges",
    "webUrl": "https://www.theguardian.com/world/2001/jan/26/iraq.unitednations",
    "apiUrl": "https://content.guardianapis.com/world/2001/jan/26/iraq.unitednations",
    "fields": {
      "headline": "UN cannot punish Iraqi oil surcharges",
      "standfirst": "<A HREF=\"http://www.guardianunlimited.co.uk/Iraq/\">Special report: Iraq</A>",
      "trailText": "A new and damaging crack opened in the international sanctions against the Iraqi regime yesterday when the United Nations accepted that it cannot penalise oil firms which make illegal payments to Baghdad.",
      "byline": "Brian Whitaker",
      "main": "",
      "body": "A new and damaging crack opened in the international sanctions against the Iraqi regime yesterday when the United Nations accepted that it cannot penalise oil firms which make illegal payments to Baghdad. <p>Iraq is demanding that its customers pay a surcharge of 40 cents a barrel straight to the regime, in violation of the sanctions. </p> <p>\"If there is a violation - if it's among the oil buyers - it's up to their governments to take action,\" a UN official said. </p> <p>Given the widespread belief that the sanctions are crumbling, few governments will be eager to prosecute, so the companies will probably get away with paying the surcharge, industry analysts believe. </p> <p>Evidence may be hard to get, moreover.\"Paying a surcharge is hard to prove, particularly when Iraq is dealing with the sort of smaller, lesser known traders,\" Raad Alkadiri of the Petroleum Finance Company, a Washington consultancy, said. </p> <p>Iraq's recent oil sales have been to obscure firms registered in Russia, Belarus, Leichtenstein, Ukraine, Sudan, Malaysia and South Africa. Through middlemen, two big companies, BP Amoco and Exxon Mobil, have recently bought Iraqi crude, but they say that their suppliers have not paid the surcharge. </p> <p>So far no company has admitted paying surcharges, despite the strong industry suspicion that some are doing so. </p> <p>Iraq's aim is partly to discredit sanctions but also to maximise the amount of money it receives outside the UN's control. </p> <p>Under the sanctions, payments for Iraqi oil are meant to go into an account controlled by the UN. Almost half the money is assigned to compensating victims of the 1991 Gulf war, feeding Iraq's Kurds, and paying administration costs. </p> <p>Iraq suspended its oil exports - about 5% of the world total - last month because of the dispute over surcharges. </p> <p>They resumed a few days later, but at only 600,000 barrels a day, well below the previous 2.3m barrels. Since then sales have crept up again. </p> <p>In London, a Foreign Office spokesman said yesterday: \"We continue to advise UK companies that the payment of any surcharge to the regime outside the oil for food programme would be a breach of sanctions. </p> <p>He said the government would \"investigate thoroughly any apparent breach of sanctions\". In Britain this would be done by HM customs, and abroad by embassies and \"other sources\".</p>",
      "newspaperPageNumber": "15",
      "wordcount": "384",
      "commentable": "false",
      "isPremoderated": "false",
      "lastModified": "2016-06-15T09:30:21Z",
      "newspaperEditionDate": "2001-01-26T00:00:00Z",
      "productionOffice": "UK",
      "publication": "theguardian.com",
      "shortUrl": "https://gu.com/p/tda4",
      "shouldHideAdverts": "false",
      "showInRelatedContent": "true",
      "legallySensitive": "false",
      "lang": "en",
      "bodyText": "A new and damaging crack opened in the international sanctions against the Iraqi regime yesterday when the United Nations accepted that it cannot penalise oil firms which make illegal payments to Baghdad. Iraq is demanding that its customers pay a surcharge of 40 cents a barrel straight to the regime, in violation of the sanctions. \"If there is a violation - if it's among the oil buyers - it's up to their governments to take action,\" a UN official said. Given the widespread belief that the sanctions are crumbling, few governments will be eager to prosecute, so the companies will probably get away with paying the surcharge, industry analysts believe. Evidence may be hard to get, moreover.\"Paying a surcharge is hard to prove, particularly when Iraq is dealing with the sort of smaller, lesser known traders,\" Raad Alkadiri of the Petroleum Finance Company, a Washington consultancy, said. Iraq's recent oil sales have been to obscure firms registered in Russia, Belarus, Leichtenstein, Ukraine, Sudan, Malaysia and South Africa. Through middlemen, two big companies, BP Amoco and Exxon Mobil, have recently bought Iraqi crude, but they say that their suppliers have not paid the surcharge. So far no company has admitted paying surcharges, despite the strong industry suspicion that some are doing so. Iraq's aim is partly to discredit sanctions but also to maximise the amount of money it receives outside the UN's control. Under the sanctions, payments for Iraqi oil are meant to go into an account controlled by the UN. Almost half the money is assigned to compensating victims of the 1991 Gulf war, feeding Iraq's Kurds, and paying administration costs. Iraq suspended its oil exports - about 5% of the world total - last month because of the dispute over surcharges. They resumed a few days later, but at only 600,000 barrels a day, well below the previous 2.3m barrels. Since then sales have crept up again. In London, a Foreign Office spokesman said yesterday: \"We continue to advise UK companies that the payment of any surcharge to the regime outside the oil for food programme would be a breach of sanctions. He said the government would \"investigate thoroughly any apparent breach of sanctions\". In Britain this would be done by HM customs, and abroad by embassies and \"other sources\".",
      "charCount": "2304"
    },
    "isHosted": false,
    "pillarId": "pillar/news",
    "pillarName": "News"
  },
  {
    "id": "business/2001/jan/26/4",
    "type": "article",
    "sectionId": "business",
    "sectionName": "Business",
    "webPublicationDate": "2001-01-26T00:54:50Z",
    "webTitle": "At this price?  Silentnight",
    "webUrl": "https://www.theguardian.com/business/2001/jan/26/4",
    "apiUrl": "https://content.guardianapis.com/business/2001/jan/26/4",
    "fields": {
      "headline": "At this price?  Silentnight",
      "trailText": "<p>A restless evening was on the cards for the executives of Silentnight after Britain's biggest bed manufacturer yesterday surprised the market with a profit warning. </p>",
      "byline": "Rob Griffin",
      "main": "",
      "body": "<p>A restless evening was on the cards for the executives of Silentnight after Britain's biggest bed manufacturer yesterday surprised the market with a profit warning. </p> <p>The news wiped out most of the gains the firm's shares had made since the start of the month. This short-lived buoyancy was predicated on the hope that Silentnight's acquisition of Cornwell Parker, completed in December, was a positive move. As it turned out, it was Cornwell Parker - best known as the maker of Parker Knoll armchairs - which was the company's undoing yesterday. </p> <p>In a trading statement, Silentnight said the difficult market conditions for Cornwell's products was continuing - which meant it would contribute a \u00a31m loss to Silentnight's full-year figures. On top of a loss of interest of \u00a3500,000 - since the company paid the \u00a325m for Cornwell in cash - Silentnight admitted its profits for the year would be around \u00a315m, rather than the \u00a320m analysts had been expecting. </p> <p>The news made its shares fall 21p to 175p, well down on last May's high of 233p. </p> <p>Cornwell Parker's position, which had been flagged up in the offer document, is not the only reason for the sluggish performance. Despite boasting top names such as Sealy and Rest Assured, Silentnight has suffered from increased competition in recent years with cost-conscious consumers also moving towards wooden and metal beds rather than divans. </p> <p>The consolidation among the company's retail customers has also been a factor with the newly enlarged groups being able, and willing, to demand better prices - which has consequently squeezed margins. </p> <p>The future success of the group is reliant on the performance of recent purchases, which also include furniture maker Ducal, as well as its established business. </p> <p>With the founding family still holding about 50% of the shares, any predator would have a hard time mounting a hostile action. Avoid.</p>",
      "newspaperPageNumber": "28",
      "wordcount": "309",
      "commentable": "false",
      "isPremoderated": "false",
      "lastModified": "2001-01-26T00:54:50Z",
      "newspaperEditionDate": "2001-01-26T00:00:00Z",
      "productionOffice": "UK",
      "publication": "theguardian.com",
      "shortUrl": "https://gu.com/p/3pvh",
      "shouldHideAdverts": "false",
      "showInRelatedContent": "true",
      "legallySensitive": "false",
      "lang": "en",
      "bodyText": "A restless evening was on the cards for the executives of Silentnight after Britain's biggest bed manufacturer yesterday surprised the market with a profit warning. The news wiped out most of the gains the firm's shares had made since the start of the month. This short-lived buoyancy was predicated on the hope that Silentnight's acquisition of Cornwell Parker, completed in December, was a positive move. As it turned out, it was Cornwell Parker - best known as the maker of Parker Knoll armchairs - which was the company's undoing yesterday. In a trading statement, Silentnight said the difficult market conditions for Cornwell's products was continuing - which meant it would contribute a \u00a31m loss to Silentnight's full-year figures. On top of a loss of interest of \u00a3500,000 - since the company paid the \u00a325m for Cornwell in cash - Silentnight admitted its profits for the year would be around \u00a315m, rather than the \u00a320m analysts had been expecting. The news made its shares fall 21p to 175p, well down on last May's high of 233p. Cornwell Parker's position, which had been flagged up in the offer document, is not the only reason for the sluggish performance. Despite boasting top names such as Sealy and Rest Assured, Silentnight has suffered from increased competition in recent years with cost-conscious consumers also moving towards wooden and metal beds rather than divans. The consolidation among the company's retail customers has also been a factor with the newly enlarged groups being able, and willing, to demand better prices - which has consequently squeezed margins. The future success of the group is reliant on the performance of recent purchases, which also include furniture maker Ducal, as well as its established business. With the founding family still holding about 50% of the shares, any predator would have a hard time mounting a hostile action. Avoid.",
      "charCount": "1880"
    },
    "isHosted": false,
    "pillarId": "pillar/news",
    "pillarName": "News"
  },
  {
    "id": "business/2001/jan/26/bbaaviationbusiness",
    "type": "article",
    "sectionId": "business",
    "sectionName": "Business",
    "webPublicationDate": "2001-01-26T00:54:49Z",
    "webTitle": "Signs of life in BBA shareprice",
    "webUrl": "https://www.theguardian.com/business/2001/jan/26/bbaaviationbusiness",
    "apiUrl": "https://content.guardianapis.com/business/2001/jan/26/bbaaviationbusiness",
    "fields": {
      "headline": "Follow the signs at BBA",
      "trailText": "<p>Nearly five months has passed since BBA boss Roberto Quarta unexpectedly handed in his notice - and in share price terms at least, the company has yet to recover. </p>",
      "main": "",
      "body": "<p>Nearly five months has passed since BBA boss Roberto Quarta unexpectedly handed in his notice - and in share price terms at least, the company has yet to recover. </p> <p>It is hardly surprising. Mr Quarta spent seven years transforming the group from a sprawling conglomerate into a specialist in aviation services and materials technology. </p> <p>However, over the past few trading sessions there have been signs of life in the BBA price. Yesterday, its shares shot up 26p, or 7.82%, to 358.5p, after a late buying spree by punters convinced that BBA had received a takeover approach. </p> <p>Inevitably, the finger of suspicion will point towards the private equity industry, given BBA's lowly rating and leading market positions. </p> <p>Paradoxically, Mr Quarta is leaving BBA to manage the European operations of one such firm - US private equity firm Clayton, Dubilier &amp; Rice.</p>",
      "newspaperPageNumber": "28",
      "wordcount": "142",
      "commentable": "false",
      "isPremoderated": "false",
      "lastModified": "2001-01-26T00:54:49Z",
      "newspaperEditionDate": "2001-01-26T00:00:00Z",
      "productionOffice": "UK",
      "publication": "theguardian.com",
      "shortUrl": "https://gu.com/p/3pvf",
      "shouldHideAdverts": "false",
      "showInRelatedContent": "true",
      "legallySensitive": "false",
      "lang": "en",
      "bodyText": "Nearly five months has passed since BBA boss Roberto Quarta unexpectedly handed in his notice - and in share price terms at least, the company has yet to recover. It is hardly surprising. Mr Quarta spent seven years transforming the group from a sprawling conglomerate into a specialist in aviation services and materials technology. However, over the past few trading sessions there have been signs of life in the BBA price. Yesterday, its shares shot up 26p, or 7.82%, to 358.5p, after a late buying spree by punters convinced that BBA had received a takeover approach. Inevitably, the finger of suspicion will point towards the private equity industry, given BBA's lowly rating and leading market positions. Paradoxically, Mr Quarta is leaving BBA to manage the European operations of one such firm - US private equity firm Clayton, Dubilier &amp; Rice.",
      "charCount": "856"
    },
    "isHosted": false,
    "pillarId": "pillar/news",
    "pillarName": "News"
  },
  {
    "id": "business/2001/jan/26/9",
    "type": "article",
    "sectionId": "business",
    "sectionName": "Business",
    "webPublicationDate": "2001-01-26T00:54:48Z",
    "webTitle": "Applied Optical Technologies' shares drop by half",
    "webUrl": "https://www.theguardian.com/business/2001/jan/26/9",
    "apiUrl": "https://content.guardianapis.com/business/2001/jan/26/9",
    "fields": {
      "headline": "Bank torn off a strip as foil deals fail",
      "trailText": "<p>A disastrous attempt to supply technology to prevent the counterfeiting of euro banknotes cost the chief executive of Newcastle-based Applied Optical Technologies his job yesterday and triggered a 50% fall in the share price. </p>",
      "byline": "Polly Sprenger",
      "main": "",
      "body": "<p>A disastrous attempt to supply technology to prevent the counterfeiting of euro banknotes cost the chief executive of Newcastle-based Applied Optical Technologies his job yesterday and triggered a 50% fall in the share price. </p> <p>Warning that profits will be \"substantially below market expectations\", Applied - which produces holograms and other security items - said David Tidmarsh had resigned with immediate effect. Another 40 of the 300-strong staff also face redundancy. </p> <p>Mr Tidmarsh had spent much of the last year trying to win orders for foil strips to be inserted into the 13bn euro banknotes being printed ahead of the launch of the currency in January 2002. </p> <p>But it has yet to secure any firm contracts from the 11 European central banks that will be issuing euros, a fact Applied blames directly on the European Central Bank, which it accused of continually changing the specifications. </p> <p>Mark Turnage, chief of the company's American operations - and who is taking over from Mr Tidmarsh - said: \"While the organisation here in Europe has been focused on euro banknotes, our base business was deteriorating.\" </p> <p>Applied's share price climbed to 525p last spring, when the news that it was working on euro banknotes first emerged, but then plummeted in the summer when the company issued a first profit warning. Yesterday, the price sank from 139p to 75.5p. </p> <p>Mr Turnage insisted that Applied would still benefit when the ECB gives the go-ahead for the printing of euro notes. As to the foil inserts, the company has concluded that \"there is no realistic prospect of stable long-term business in this market\".</p>",
      "newspaperPageNumber": "25",
      "wordcount": "265",
      "commentable": "false",
      "isPremoderated": "false",
      "lastModified": "2001-01-26T00:54:48Z",
      "newspaperEditionDate": "2001-01-26T00:00:00Z",
      "productionOffice": "UK",
      "publication": "theguardian.com",
      "shortUrl": "https://gu.com/p/3pv9",
      "shouldHideAdverts": "false",
      "showInRelatedContent": "true",
      "legallySensitive": "false",
      "lang": "en",
      "bodyText": "A disastrous attempt to supply technology to prevent the counterfeiting of euro banknotes cost the chief executive of Newcastle-based Applied Optical Technologies his job yesterday and triggered a 50% fall in the share price. Warning that profits will be \"substantially below market expectations\", Applied - which produces holograms and other security items - said David Tidmarsh had resigned with immediate effect. Another 40 of the 300-strong staff also face redundancy. Mr Tidmarsh had spent much of the last year trying to win orders for foil strips to be inserted into the 13bn euro banknotes being printed ahead of the launch of the currency in January 2002. But it has yet to secure any firm contracts from the 11 European central banks that will be issuing euros, a fact Applied blames directly on the European Central Bank, which it accused of continually changing the specifications. Mark Turnage, chief of the company's American operations - and who is taking over from Mr Tidmarsh - said: \"While the organisation here in Europe has been focused on euro banknotes, our base business was deteriorating.\" Applied's share price climbed to 525p last spring, when the news that it was working on euro banknotes first emerged, but then plummeted in the summer when the company issued a first profit warning. Yesterday, the price sank from 139p to 75.5p. Mr Turnage insisted that Applied would still benefit when the ECB gives the go-ahead for the printing of euro notes. As to the foil inserts, the company has concluded that \"there is no realistic prospect of stable long-term business in this market\".",
      "charCount": "1608"
    },
    "isHosted": false,
    "pillarId": "pillar/news",
    "pillarName": "News"
  }
]