[
  {
    "id": "business/2001/feb/12/5",
    "type": "article",
    "sectionId": "business",
    "sectionName": "Business",
    "webPublicationDate": "2001-02-12T01:59:19Z",
    "webTitle": "Price tag for Orange",
    "webUrl": "https://www.theguardian.com/business/2001/feb/12/5",
    "apiUrl": "https://content.guardianapis.com/business/2001/feb/12/5",
    "fields": {
      "headline": "Orange pricing leaves room for profit",
      "trailText": "<p>France T&eacute;l&eacute;com will decide on a price tag for the hotly anticipated Orange flotation tonight, expected to be at the bottom end of the &euro;9.5 (606p) to &euro;11 (705p) range. </p>",
      "byline": "Polly Sprenger",
      "main": "",
      "body": "<p>France T\u00e9l\u00e9com will decide on a price tag for the hotly anticipated Orange flotation tonight, expected to be at the bottom end of the \u20ac9.5 (606p) to \u20ac11 (705p) range. </p> <p>The mobile phone company is expected to be valued at about \u00a330bn when it returns to the stock market. </p> <p>The final decision will be made after executives from the French company have taken soundings from its advisers. </p> <p>France T\u00e9l\u00e9com is spinning off 15% of Orange - raising more than \u00a360bn, including an exchangeable bond offer. </p> <p>The shares will begin limited trading in Paris and London today, with full trading starting on Thursday. Retail investors seeking to buy fewer than 500 shares will be likely to get their whole allocation, a spokesman said yesterday. </p> <p>IG Index, the spread-betting agency, predicted that shares would close between 660p and 680p - ensuring investors a healthy, if unspectacular, return. </p> <p>Despite being two and a half times oversubscribed, Orange has been buffeted by turbulence in the mobile sector and has had to cut its floatation price by 18%. </p> <p>Retail investors in Britain have also worried that the dual-nation listing could backlash in favour of French shareholders. </p> <p>While France has an online system to notify investors of their allocated shares, British investors without access to their own broker must wait for the letter of allocation to arrive by post, meaning that they will not be able to trade until at least Thursday. </p> <p>Orange's spokesman said that the new investors would not worry over this delay, since most of them considered the company to be \"a long-term investment\".</p>",
      "newspaperPageNumber": "23",
      "wordcount": "266",
      "commentable": "false",
      "isPremoderated": "false",
      "lastModified": "2001-02-12T01:59:19Z",
      "newspaperEditionDate": "2001-02-12T00:00:00Z",
      "productionOffice": "UK",
      "publication": "theguardian.com",
      "shortUrl": "https://gu.com/p/3qen",
      "shouldHideAdverts": "false",
      "showInRelatedContent": "true",
      "legallySensitive": "false",
      "lang": "en",
      "bodyText": "France T\u00e9l\u00e9com will decide on a price tag for the hotly anticipated Orange flotation tonight, expected to be at the bottom end of the \u20ac9.5 (606p) to \u20ac11 (705p) range. The mobile phone company is expected to be valued at about \u00a330bn when it returns to the stock market. The final decision will be made after executives from the French company have taken soundings from its advisers. France T\u00e9l\u00e9com is spinning off 15% of Orange - raising more than \u00a360bn, including an exchangeable bond offer. The shares will begin limited trading in Paris and London today, with full trading starting on Thursday. Retail investors seeking to buy fewer than 500 shares will be likely to get their whole allocation, a spokesman said yesterday. IG Index, the spread-betting agency, predicted that shares would close between 660p and 680p - ensuring investors a healthy, if unspectacular, return. Despite being two and a half times oversubscribed, Orange has been buffeted by turbulence in the mobile sector and has had to cut its floatation price by 18%. Retail investors in Britain have also worried that the dual-nation listing could backlash in favour of French shareholders. While France has an online system to notify investors of their allocated shares, British investors without access to their own broker must wait for the letter of allocation to arrive by post, meaning that they will not be able to trade until at least Thursday. Orange's spokesman said that the new investors would not worry over this delay, since most of them considered the company to be \"a long-term investment\".",
      "charCount": "1573"
    },
    "isHosted": false,
    "pillarId": "pillar/news",
    "pillarName": "News"
  },
  {
    "id": "business/2001/feb/12/2",
    "type": "article",
    "sectionId": "business",
    "sectionName": "Business",
    "webPublicationDate": "2001-02-12T01:59:19Z",
    "webTitle": "Monday briefing",
    "webUrl": "https://www.theguardian.com/business/2001/feb/12/2",
    "apiUrl": "https://content.guardianapis.com/business/2001/feb/12/2",
    "fields": {
      "headline": "Monday briefing",
      "trailText": "<p><strong> Sunday Times</strong><br /> </p>",
      "main": "",
      "body": "<p><strong> Sunday Times</strong><br> </p> <p> A consortium of carmakers led by the head of <strong> Fiat</strong>, Paolo Cantarella, is near to buying a 25% stake in formula one from Slec, the Ecclestone family trust that owns 50% of the sport. Mr Cantarella heads the European Automobile Manufacturers' Association, which includes <strong> BMW</strong>,<strong> Ferrari, Jaguar</strong>,<strong> Mercedes </strong> and <strong> Renault</strong>, each of which owns part or all of a formula one team. The stake could climb to 35% if Bernie Ecclestone (pictured) agrees to buy back some of the shares he previously sold to German media group <strong> EM.TV</strong>. </p> <p><strong> PA Consulting </strong> is close to agreeing a merger with Arthur D Little, its US peer. The new firm would have income of \u00a3208m a year and be the seventh largest management consulting group in the country. </p> <p><strong> Sunday Telegraph</strong><br> </p> <p> <strong> Scottish Power </strong> is considering a disposal of its Southern Water subsidiary in a deal worth more than \u00a31bn. </p> <p><strong> TV Travel</strong>, the company that broadcasts TV Travel shop on analogue and digital satellite and cable platforms, and TV Travel Shop 2 on Sky Digital, is thought to be planning a flotation. The company is 38% owned by <strong> Barclays Private Equity </strong> and 37% by <strong> Flextech</strong>. </p> <p><strong> Mail on Sunday </strong><br> </p> <p> A <strong> Treasury</strong> insider has said that the chancellor, Gordon Brown, is reviewing the tax position of oil companies following bumper profits of \u00a39bn from <strong> Shell </strong> last week, and a \u00a310bn profit expected from <strong> BP Amoco</strong> on Tuesday. The Treasury is thought to be contemplating a windfall tax on British companies, or a tax on North Sea oil exploitation. A report to be published by the energy consultancy <strong> Oil Price Assessment</strong> is expected to show very thin margins on petrol. </p> <p><strong> Sunday Express</strong><br> </p> <p> <strong> Leisure Group De Vere </strong> looks set to defeat proposals by shareholder <strong> Guinness Peat Group </strong> to break the company up. </p> <p> <strong> Observer</strong> </p> <p> Computer services company <strong> EDS </strong> may make a \u00a33bn-plus offer for <strong> Sema</strong>, the troubled Anglo-French software firm. EDS declined to comment on the speculation, but observers said it was a more logical buyer than <strong> Schlumberger</strong>, the US group with which Sema is in talks. </p> <p><strong> Oftel</strong> is understood to be considering taking firm action to force <strong> BT</strong> to widen rivals' access to its network. Internet service providers <strong> AOL Europe</strong> and <strong> Freeserve</strong> have both threatened legal action unless they are given adequate access to the BT network. </p> <p><strong> Sunday Business</strong><br> </p> <p> <strong> Barclays </strong> is to strengthen its investment bank, developing a mergers and acquisitions division to bolt on to its wholesale capital markets operation. </p> <p>Doubts are emerging about the rescue of troubled <strong> Equitable Life </strong> by the <strong> Halifax</strong> amid claims of pension-misselling by the life company's salesforce. </p> <p><strong> Reports out this week </strong></p> <p><strong>Today</strong><br> </p> <p> <strong> Interims</strong> Billiton, Interactive Investor International (Q1). </p> <p><strong> Finals </strong> Heavitree Brewery, IMI. <strong> AGMs</strong> Rapid Technology. <strong> EGMs</strong> Glynwed, Taylor Woodrow. </p> <p><strong> Tuesday</strong><br> </p> <p> <strong> Interims</strong> Paterson Zochonis. <strong> Finals</strong> BP Amoco (Q4), Hemscott.NET Group, Internet Business Group, Morgan Sindall, QXL Ricardo, Reuters, Zen Research. </p> <p><strong> AGMs</strong> Fountains, Totalise. <strong> EGMs</strong> QXL Ricardo. </p> <p><strong> Wednesday</strong><br> </p> <p> <strong> Interims</strong> Armitage Brothers, Brown &amp; Jackson. </p> <p><strong> Finals</strong> Bookham Technology, Cadbury Schweppes, Dobbies Garden Centres, Shire Pharmaceuticals, St Modwen Properties, Robert Walters, Xaar. <strong> AGMs</strong> Blick, Countryside Properties, Daily Mail &amp; General Trust, United Drug. </p> <p><strong> EGMs</strong> Edinburgh New Tiger, Gartmore Shared. </p> <p><strong> Thursday</strong><br> </p> <p> <strong> Interims</strong> Easyscreen (Q3), Interregnum, NetStore, P&amp;O Princess Cruises (Q4), Transeda. <strong> Finals </strong> Alliance &amp; Leicester, Autonomy, BG Group, Estates &amp; General, Green Property, </p> <p>Smith &amp; Nephew. <strong> AGMs</strong> Bass, Holidaybreak, Lonmin. </p> <p><strong> EGMs</strong> Fleming Worldwide. </p> <p><strong> Friday</strong><br> </p> <p> <strong> Interims</strong> None scheduled. <strong> Finals</strong> Lloyds TSB. <strong> AGMs </strong> De Vere. <strong> EGMs</strong> None scheduled. </p> <p><strong> Indicators this week Today</strong><br> </p> <p> <strong> UK </strong> CBI SME trends survey. <strong> UK</strong> Producer prices (Jan). <strong> UK</strong> Final M0 (Jan). </p> <p><strong> Tuesday</strong><br> </p> <p> <strong> UK</strong> Consumer price indices (Jan). <strong> US</strong> Retail sales (Jan). </p> <p><strong> US</strong> Mr Greenspan delivers monetary policy report to Congress. </p> <p><strong> JP</strong> BoJ monthly report. </p> <p><strong> Wednesday</strong><br> </p> <p> <strong> UK</strong> Unemployment (Jan). <strong> UK</strong> Average earnings (Dec). </p> <p><strong> UK</strong> BoE inflation report. <strong> JP</strong> Current account. <strong> JP</strong> Revised industrial output. </p> <p><strong> Thursday</strong><br> </p> <p> <strong> UK</strong> Retail sales (Jan). </p> <p><strong> Friday</strong><br> </p> <p> <strong> UK</strong> No data scheduled.</p>",
      "newspaperPageNumber": "23",
      "wordcount": "632",
      "commentable": "false",
      "isPremoderated": "false",
      "lastModified": "2001-02-12T01:59:19Z",
      "newspaperEditionDate": "2001-02-12T00:00:00Z",
      "productionOffice": "UK",
      "publication": "theguardian.com",
      "shortUrl": "https://gu.com/p/3qez",
      "shouldHideAdverts": "false",
      "showInRelatedContent": "true",
      "legallySensitive": "false",
      "lang": "en",
      "bodyText": "Sunday Times A consortium of carmakers led by the head of Fiat, Paolo Cantarella, is near to buying a 25% stake in formula one from Slec, the Ecclestone family trust that owns 50% of the sport. Mr Cantarella heads the European Automobile Manufacturers' Association, which includes BMW, Ferrari, Jaguar, Mercedes and Renault, each of which owns part or all of a formula one team. The stake could climb to 35% if Bernie Ecclestone (pictured) agrees to buy back some of the shares he previously sold to German media group EM.TV. PA Consulting is close to agreeing a merger with Arthur D Little, its US peer. The new firm would have income of \u00a3208m a year and be the seventh largest management consulting group in the country. Sunday Telegraph Scottish Power is considering a disposal of its Southern Water subsidiary in a deal worth more than \u00a31bn. TV Travel, the company that broadcasts TV Travel shop on analogue and digital satellite and cable platforms, and TV Travel Shop 2 on Sky Digital, is thought to be planning a flotation. The company is 38% owned by Barclays Private Equity and 37% by Flextech. Mail on Sunday A Treasury insider has said that the chancellor, Gordon Brown, is reviewing the tax position of oil companies following bumper profits of \u00a39bn from Shell last week, and a \u00a310bn profit expected from BP Amoco on Tuesday. The Treasury is thought to be contemplating a windfall tax on British companies, or a tax on North Sea oil exploitation. A report to be published by the energy consultancy Oil Price Assessment is expected to show very thin margins on petrol. Sunday Express Leisure Group De Vere looks set to defeat proposals by shareholder Guinness Peat Group to break the company up. Observer Computer services company EDS may make a \u00a33bn-plus offer for Sema, the troubled Anglo-French software firm. EDS declined to comment on the speculation, but observers said it was a more logical buyer than Schlumberger, the US group with which Sema is in talks. Oftel is understood to be considering taking firm action to force BT to widen rivals' access to its network. Internet service providers AOL Europe and Freeserve have both threatened legal action unless they are given adequate access to the BT network. Sunday Business Barclays is to strengthen its investment bank, developing a mergers and acquisitions division to bolt on to its wholesale capital markets operation. Doubts are emerging about the rescue of troubled Equitable Life by the Halifax amid claims of pension-misselling by the life company's salesforce. Reports out this week Today Interims Billiton, Interactive Investor International (Q1). Finals Heavitree Brewery, IMI. AGMs Rapid Technology. EGMs Glynwed, Taylor Woodrow. Tuesday Interims Paterson Zochonis. Finals BP Amoco (Q4), Hemscott.NET Group, Internet Business Group, Morgan Sindall, QXL Ricardo, Reuters, Zen Research. AGMs Fountains, Totalise. EGMs QXL Ricardo. Wednesday Interims Armitage Brothers, Brown &amp; Jackson. Finals Bookham Technology, Cadbury Schweppes, Dobbies Garden Centres, Shire Pharmaceuticals, St Modwen Properties, Robert Walters, Xaar. AGMs Blick, Countryside Properties, Daily Mail &amp; General Trust, United Drug. EGMs Edinburgh New Tiger, Gartmore Shared. Thursday Interims Easyscreen (Q3), Interregnum, NetStore, P&amp;O Princess Cruises (Q4), Transeda. Finals Alliance &amp; Leicester, Autonomy, BG Group, Estates &amp; General, Green Property, Smith &amp; Nephew. AGMs Bass, Holidaybreak, Lonmin. EGMs Fleming Worldwide. Friday Interims None scheduled. Finals Lloyds TSB. AGMs De Vere. EGMs None scheduled. Indicators this week Today UK CBI SME trends survey. UK Producer prices (Jan). UK Final M0 (Jan). Tuesday UK Consumer price indices (Jan). US Retail sales (Jan). US Mr Greenspan delivers monetary policy report to Congress. JP BoJ monthly report. Wednesday UK Unemployment (Jan). UK Average earnings (Dec). UK BoE inflation report. JP Current account. JP Revised industrial output. Thursday UK Retail sales (Jan). Friday UK No data scheduled.",
      "charCount": "4026"
    },
    "isHosted": false,
    "pillarId": "pillar/news",
    "pillarName": "News"
  },
  {
    "id": "media/2001/feb/12/tvandradio.television1",
    "type": "article",
    "sectionId": "culture",
    "sectionName": "Culture",
    "webPublicationDate": "2001-02-12T01:59:13Z",
    "webTitle": "TV: From print to TV - Hywel Williams on Andrew Marr",
    "webUrl": "https://www.theguardian.com/media/2001/feb/12/tvandradio.television1",
    "apiUrl": "https://content.guardianapis.com/media/2001/feb/12/tvandradio.television1",
    "fields": {
      "headline": "Marr's landing",
      "standfirst": "TV has been the nemesis of more than one erstwhile print journalist. But the BBC's political editor Andrew Marr has confounded his critics. Hywel Williams explains how he pulled it off",
      "trailText": "<p>TV has been the nemesis of more than one erstwhile print journalist. But the BBC's political editor Andrew Marr has confounded his critics. Hywel Williams explains how he pulled it off.</p>",
      "byline": "Hywel Williams",
      "main": "",
      "body": "<p>Those jug ears were always going to be a problem. And then there was that alabaster countenance, with its delicately boned structure. Was he, many people asked at the time, a complete non-starter? Here, obviously, was someone who'd been at the midnight oil - a bit of a judicious browser and capable in his columnar authority of Proustian references. But was this really someone whom the nation wished to see palely loitering outside Downing Street, intent on broadcasting to its semi-comatose state late at night and early in the morning? In short: could Andrew Marr hack it as political editor of the BBC? </p> <p>The precedents were not good. There are endless examples of print journalists who tried to parachute into television and got shot. Adam Raphael had been a coolly rational political editor on The Observer before crashing and burning on Newsnight as he stared into the headlights of the incoming lens. Catastrophe veterans fondle with loving care the case notes on Sarah Hogg - formidable as The Independent's economics editor in its early days and later head of John Major's Policy Unit. But in between these dominatrix periods came enrolment in national service with Channel 4 News. Ghouls would tune in just to watch the broadcasting equivalent of a motorway pile-up. </p> <p>His immediate predecessors, admittedly, had made a successful transition from the word to the image. But they could not have been more different from him. Robin Oakley cut his teeth at the Express and the Mail, a man at ease inside his own blazer as he travelled in to work from Surrey. But Surrey is not part of Marr's mental geography, and the imputed prejudices of Middle England, from Clause 28 to asylum seekers, have felt his lash. It is, moreover, happily impossible to imagine him wearing a blazer. John Cole, on the other hand, shares with Marr a northern Celticity. But the extravagant Ulster vowels of the one are far removed from the other's faintly Scottish tones. Cole's cult status owed much to his abilities as a character actor starring in One Man And His Mike. But Marr shows no interest in being a caricatured \"personality\". Nor can he be. He is transparent - a cool northern light through which we see things clearly. </p> <p>For the truth about Marr - now six months into the job - is that he is not only good but a star. He may not be a broadcasting dish but that is the point. He shines for all the reasons that led many to be sceptical or cross about his appointment. He is 1997 man. The fact that before and after the New Labour victory he was \"the project\" in print led to some silly Tory squeals upon his appointment. If Will \"stake-holding\" Hutton had tried to give economic ballast to New Labour, Marr had lent it some cultural weight. His journalism recycled historical references to show that Britain was just an 18th-century invention. </p> <p>Unusual among journalists in refusing to accept the myth of Major's personal niceness, the sordid quality of 1992-7 touched a raw nerve in Marr's very moral fibre. But he was always keen - if only because he is naturally and intellectually curious - to discover a better kind of Tory beast. This, admittedly, was a difficult animal to track down - but, once sighted, his insider sources at Kenneth Clarke's Treasury allowed him to strip the Major sham with unusual authority. Now, perhaps stung by accusations that he is Tony Blair's glove puppet and is just one more lefty Scottish public-school boy (the Loretto lad to Blair's Fettes), he treads cautiously. Admirers may wonder why he feels the need to write a weekly \"note-book\" for the Daily Telegraph. And even Tory Marr sceptics will wonder at the industry which led him last week to attend a John Redwood book launch and loiter among the dispossessed. Marr has to be even-handed, but the objectivity which is broadcasting's elusive grail has not disabled him. </p> <p>Political journalists have to be political themselves. And career is often the mother of inventiveness. Marr has moved on rather from the agit-prop world of the Cambridge Students Union circa 1980. It was a time when Ed Stourton, now a broadcaster on Today, trod the boards of the more august Cambridge Union. Beleaguered Keith Vaz has recalled with misty eyes the \"sexiness\" of Stourton's performance as a French speaker in showy Union debates. But the CSU was something different - full of coffee-mug stains and anger at early Thatcher. As mellifluous Stourton pays the price for having an Etonian son and is relegated from democratic Today to patrician yesterday, the question arises: Who's the sexy one now? </p> <p>Broadcasting - and in particular television - is full of very grand personalities. Between all that make-up and the congenital scruffiness of print journalists the gap yawns. Sometimes there is a Frost-like crawling to power. Sometimes there's Paxonian inquisition. But in both cases there's an ego in flight. And the drama flatters the interrogated politician. Look! Ten rounds with Jeremy and still standing! Drama is basic to television and its naturalness is contrived: there are the research assistants who check beforehand that guests will say what they're supposed to say on air; there's the unnecessarily early arrival at the studio - just to hype things up a bit beforehand. The medium is becoming less and less adept at handling ideas, originality and oddity. It has grown away from its improvisational roots. </p> <p>Marr is appealing because he's a powerful demythologiser of the medium just by being so non-histrionic. He has the print journalist's way with words and a talent for the phrase. One can see how the happy thought often comes to him on air, showing no sign of being endlessly rehearsed and therefore drained of life. This is not art concealing art - it's just coolly intuitive skill. It's also cleverness in action - and it works because, although Marr respects the camera, he neither reveres it nor is frightened of it. It's a remarkable performance - and one that establishes an easily collusive partnership between himself and the viewer. Television is full of very clever people who think their audience are dimwits, only there to be patronised since they have the attention span of labradors. But Marr is the all-purpose on-air intellectual who can spin an idea and make it live. Just by being there he makes the rest look ponderous. </p> <p>Part of the problem with modern political journalism is that it agrees with Nietzsche's conjecture that there is no truth - only interpretation. There is an inevitable runic quality to the commentary which is bred out of the lobby system. This can't mean what it says it means - so what does it really mean? As a serving lobby man, Marr can play this game well enough. Blair embarks on his 10-year plan, and Marr reminds us that the whole point of such a timescale is that by the end of it you have forgotten when it started. A nice example occurred in the Prime Minister's speech at Enfield on Thursday when he said that he wanted 50% of all under 30s to be graduates by 2010. Since over a third of 18-21 year olds are already in university in 2001 this happy cohort only need to avoid death in order to gratify the statistical register. </p> <p>But beyond these self-absorbed coils of interpretation, Marr offers the engaging freshness of someone who thinks that politics is about the world and its culture - not just about politicians and their personalities. Which is why truth matters and is interesting. He may lack illusions but he's no cynic. In this respect he's the heir to John Tusa, the last non-inflatable ego to achieve something comparable in television commentary on politics. Quietly and cleverly Andrew Marr shows how politics is part of something wider - the world where we all live. \"Look at it this way,\" he seems to say, \"it's really not mysterious at all.\" Which is why we stop and listen to him.</p>",
      "newspaperPageNumber": "16",
      "wordcount": "1344",
      "commentable": "false",
      "isPremoderated": "false",
      "lastModified": "2016-08-11T22:44:40Z",
      "newspaperEditionDate": "2001-02-12T00:00:00Z",
      "productionOffice": "UK",
      "publication": "theguardian.com",
      "shortUrl": "https://gu.com/p/3qf6",
      "shouldHideAdverts": "false",
      "showInRelatedContent": "true",
      "legallySensitive": "false",
      "lang": "en",
      "bodyText": "Those jug ears were always going to be a problem. And then there was that alabaster countenance, with its delicately boned structure. Was he, many people asked at the time, a complete non-starter? Here, obviously, was someone who'd been at the midnight oil - a bit of a judicious browser and capable in his columnar authority of Proustian references. But was this really someone whom the nation wished to see palely loitering outside Downing Street, intent on broadcasting to its semi-comatose state late at night and early in the morning? In short: could Andrew Marr hack it as political editor of the BBC? The precedents were not good. There are endless examples of print journalists who tried to parachute into television and got shot. Adam Raphael had been a coolly rational political editor on The Observer before crashing and burning on Newsnight as he stared into the headlights of the incoming lens. Catastrophe veterans fondle with loving care the case notes on Sarah Hogg - formidable as The Independent's economics editor in its early days and later head of John Major's Policy Unit. But in between these dominatrix periods came enrolment in national service with Channel 4 News. Ghouls would tune in just to watch the broadcasting equivalent of a motorway pile-up. His immediate predecessors, admittedly, had made a successful transition from the word to the image. But they could not have been more different from him. Robin Oakley cut his teeth at the Express and the Mail, a man at ease inside his own blazer as he travelled in to work from Surrey. But Surrey is not part of Marr's mental geography, and the imputed prejudices of Middle England, from Clause 28 to asylum seekers, have felt his lash. It is, moreover, happily impossible to imagine him wearing a blazer. John Cole, on the other hand, shares with Marr a northern Celticity. But the extravagant Ulster vowels of the one are far removed from the other's faintly Scottish tones. Cole's cult status owed much to his abilities as a character actor starring in One Man And His Mike. But Marr shows no interest in being a caricatured \"personality\". Nor can he be. He is transparent - a cool northern light through which we see things clearly. For the truth about Marr - now six months into the job - is that he is not only good but a star. He may not be a broadcasting dish but that is the point. He shines for all the reasons that led many to be sceptical or cross about his appointment. He is 1997 man. The fact that before and after the New Labour victory he was \"the project\" in print led to some silly Tory squeals upon his appointment. If Will \"stake-holding\" Hutton had tried to give economic ballast to New Labour, Marr had lent it some cultural weight. His journalism recycled historical references to show that Britain was just an 18th-century invention. Unusual among journalists in refusing to accept the myth of Major's personal niceness, the sordid quality of 1992-7 touched a raw nerve in Marr's very moral fibre. But he was always keen - if only because he is naturally and intellectually curious - to discover a better kind of Tory beast. This, admittedly, was a difficult animal to track down - but, once sighted, his insider sources at Kenneth Clarke's Treasury allowed him to strip the Major sham with unusual authority. Now, perhaps stung by accusations that he is Tony Blair's glove puppet and is just one more lefty Scottish public-school boy (the Loretto lad to Blair's Fettes), he treads cautiously. Admirers may wonder why he feels the need to write a weekly \"note-book\" for the Daily Telegraph. And even Tory Marr sceptics will wonder at the industry which led him last week to attend a John Redwood book launch and loiter among the dispossessed. Marr has to be even-handed, but the objectivity which is broadcasting's elusive grail has not disabled him. Political journalists have to be political themselves. And career is often the mother of inventiveness. Marr has moved on rather from the agit-prop world of the Cambridge Students Union circa 1980. It was a time when Ed Stourton, now a broadcaster on Today, trod the boards of the more august Cambridge Union. Beleaguered Keith Vaz has recalled with misty eyes the \"sexiness\" of Stourton's performance as a French speaker in showy Union debates. But the CSU was something different - full of coffee-mug stains and anger at early Thatcher. As mellifluous Stourton pays the price for having an Etonian son and is relegated from democratic Today to patrician yesterday, the question arises: Who's the sexy one now? Broadcasting - and in particular television - is full of very grand personalities. Between all that make-up and the congenital scruffiness of print journalists the gap yawns. Sometimes there is a Frost-like crawling to power. Sometimes there's Paxonian inquisition. But in both cases there's an ego in flight. And the drama flatters the interrogated politician. Look! Ten rounds with Jeremy and still standing! Drama is basic to television and its naturalness is contrived: there are the research assistants who check beforehand that guests will say what they're supposed to say on air; there's the unnecessarily early arrival at the studio - just to hype things up a bit beforehand. The medium is becoming less and less adept at handling ideas, originality and oddity. It has grown away from its improvisational roots. Marr is appealing because he's a powerful demythologiser of the medium just by being so non-histrionic. He has the print journalist's way with words and a talent for the phrase. One can see how the happy thought often comes to him on air, showing no sign of being endlessly rehearsed and therefore drained of life. This is not art concealing art - it's just coolly intuitive skill. It's also cleverness in action - and it works because, although Marr respects the camera, he neither reveres it nor is frightened of it. It's a remarkable performance - and one that establishes an easily collusive partnership between himself and the viewer. Television is full of very clever people who think their audience are dimwits, only there to be patronised since they have the attention span of labradors. But Marr is the all-purpose on-air intellectual who can spin an idea and make it live. Just by being there he makes the rest look ponderous. Part of the problem with modern political journalism is that it agrees with Nietzsche's conjecture that there is no truth - only interpretation. There is an inevitable runic quality to the commentary which is bred out of the lobby system. This can't mean what it says it means - so what does it really mean? As a serving lobby man, Marr can play this game well enough. Blair embarks on his 10-year plan, and Marr reminds us that the whole point of such a timescale is that by the end of it you have forgotten when it started. A nice example occurred in the Prime Minister's speech at Enfield on Thursday when he said that he wanted 50% of all under 30s to be graduates by 2010. Since over a third of 18-21 year olds are already in university in 2001 this happy cohort only need to avoid death in order to gratify the statistical register. But beyond these self-absorbed coils of interpretation, Marr offers the engaging freshness of someone who thinks that politics is about the world and its culture - not just about politicians and their personalities. Which is why truth matters and is interesting. He may lack illusions but he's no cynic. In this respect he's the heir to John Tusa, the last non-inflatable ego to achieve something comparable in television commentary on politics. Quietly and cleverly Andrew Marr shows how politics is part of something wider - the world where we all live. \"Look at it this way,\" he seems to say, \"it's really not mysterious at all.\" Which is why we stop and listen to him.",
      "charCount": "7834"
    },
    "isHosted": false,
    "pillarId": "pillar/arts",
    "pillarName": "Arts"
  }
]