[
  {
    "id": "money/2001/apr/03/personalfinancenews.labourparty",
    "type": "article",
    "sectionId": "politics",
    "sectionName": "Politics",
    "webPublicationDate": "2001-04-02T23:00:00Z",
    "webTitle": "Leader: The rich are different",
    "webUrl": "https://www.theguardian.com/money/2001/apr/03/personalfinancenews.labourparty",
    "apiUrl": "https://content.guardianapis.com/money/2001/apr/03/personalfinancenews.labourparty",
    "fields": {
      "headline": "The rich are different",
      "standfirst": "But will Labour's millionaires give it away?<br /><a href=\"http://www.guardian.co.uk/Labour/\">Special report: New Labour in \npower</a>",
      "trailText": "<p>Price inflation may be under control in Britain, but not the inflation of millionaires.</p>",
      "byline": "Leader",
      "main": "",
      "body": "<p>Price inflation may be under control in Britain, but not the inflation of millionaires. According to Datamonitor, the number of millionaires in Britain has grown by 17% a year since 1995 to 73,990, helped by soaring house and - until recently - stock market prices. These figures underestimate the number of millionaires because they do not include pension fund assets, often the biggest source of individual wealth. New Labour has clearly done favours for the rich as well as the poor. Whether any of the new rich will switch their votes to Labour in gratitude can only be speculated on. </p> <p>What is missing in Britain is not a list of people receiving wealth, but a list of those giving it away. In the US it is different. Entrepreneurs make far bigger fortunes and flaunt them as well. But at least this is accompanied by a tradition of philanthropy. Multi-billionaires like Bill Gates and Warren Buffet recently told the new president that they did not want a reduction in estate duty because they did not want to pass on vast fortunes to a new generation that had not earned it. They have not forgotten Andrew Carnegie's axiom: \" The sole purpose of being rich is to give away money.\"</p>",
      "newspaperPageNumber": "21",
      "wordcount": "208",
      "commentable": "false",
      "isPremoderated": "false",
      "lastModified": "2017-06-20T20:25:15Z",
      "newspaperEditionDate": "2001-04-03T00:00:00Z",
      "productionOffice": "UK",
      "publication": "theguardian.com",
      "shortUrl": "https://gu.com/p/44jm",
      "shouldHideAdverts": "false",
      "showInRelatedContent": "true",
      "legallySensitive": "false",
      "lang": "en",
      "bodyText": "Price inflation may be under control in Britain, but not the inflation of millionaires. According to Datamonitor, the number of millionaires in Britain has grown by 17% a year since 1995 to 73,990, helped by soaring house and - until recently - stock market prices. These figures underestimate the number of millionaires because they do not include pension fund assets, often the biggest source of individual wealth. New Labour has clearly done favours for the rich as well as the poor. Whether any of the new rich will switch their votes to Labour in gratitude can only be speculated on. What is missing in Britain is not a list of people receiving wealth, but a list of those giving it away. In the US it is different. Entrepreneurs make far bigger fortunes and flaunt them as well. But at least this is accompanied by a tradition of philanthropy. Multi-billionaires like Bill Gates and Warren Buffet recently told the new president that they did not want a reduction in estate duty because they did not want to pass on vast fortunes to a new generation that had not earned it. They have not forgotten Andrew Carnegie's axiom: \" The sole purpose of being rich is to give away money.\"",
      "charCount": "1185"
    },
    "isHosted": false,
    "pillarId": "pillar/news",
    "pillarName": "News"
  },
  {
    "id": "theguardian/2001/apr/02/guardianletters2",
    "type": "article",
    "sectionId": "theguardian",
    "sectionName": "From the Guardian",
    "webPublicationDate": "2001-04-02T00:39:04Z",
    "webTitle": "Letters: Heat turned on Bush",
    "webUrl": "https://www.theguardian.com/theguardian/2001/apr/02/guardianletters2",
    "apiUrl": "https://content.guardianapis.com/theguardian/2001/apr/02/guardianletters2",
    "fields": {
      "headline": "The heat turned on Bush",
      "trailText": "President Bush may be an \"oil man\", but he is surrounded by advisers whose overt agenda is a nuclear power revival (EU dismay as Bush reneges on Kyoto, March 30).",
      "main": "",
      "body": "President Bush may be an \"oil man\", but he is surrounded by advisers whose overt agenda is a nuclear power revival (EU dismay as Bush reneges on Kyoto, March 30). Dick Cheney's latest pronouncements on the alleged benefits of splitting the atom to boil water have been followed by reversals on environmental promises and regulations and now the withdrawal from Kyoto. <p>None of this should come as a surprise when examining Bush's energy coterie led by Joe Colvin, head of the nuclear industry's lobbying group, the Nuclear Energy Institute, and Tom Kuhn, a Harvard buddy who runs the Edison Electric Institute, the trade group for the US electric power industry. Energy secretary Spencer Abraham, another fan of fission, wants to end the nuclear waste debate, one of the most compelling arguments against new reactors, by opening the controversial Yucca Mountain dump soon. </p> <p>He should pay attention to the protests in Germany. If Bush gives the green light to nuclear waste trains, it will serve as a red rag to hundreds of thousands of US citizens who, in poll after poll, have declared their fervent opposition to nuclear power. <br><b>Linda Gunter</b><br> Safe Energy Communication Council, Washington DC <br><a href=\"mailto:lcpentz@erols.com\">lcpentz@erols.com</a> </p> <p> The government's nature conservation organisations are disappointed at the announcement from the White House. There is widespread agreement among scientists that climate change will have far-reaching consequences for both natural and human environments - floods, droughts and rising sea-levels. </p> <p>New research into the impacts of climate change on the wildlife of the British Isles will clearly show how the unprecedented rates of change predicted for the next 50 years will adversely affect many of our habitats and species; some quite literally will have \"no place to go\". </p> <p>The Kyoto protocol represents a vital starting point for the international community to agree mechanisms and targets for reducing global greenhouse gas emissions. Progress must now be made with or without the cooperation of the US. <br><b>Mike Harley,</b> English Nature<br><b>Simon Bareham</b>, Countryside Council for Wales<br><b>Marcus Yeo</b>, Joint Nature Conservation Committee<br><b>Noranne Ellis</b>, Scottish Natural Heritage</p> <p>Stan Coveney (Letters, March 31) suggests the Kyoto protocol will prevent developing nations from pursuing standards of living that we enjoy. Unfortunately, unless we all develop different ways of achieving those standards, it will be physically impossible for all the world's people to emulate the present standards of the rich nations. The area of land and water needed to produce all the resources consumed and to assimilate all the wastes generated if the whole world lived like us would require several planets. <br><b>Dr Peter Slade</b><br> Guildford <br><a href=\"mailto:peterslade@ntlworld.com\">peterslade@ntlworld.com</a> </p> <p> Under article 20 of the WTO, a government can consider using trade constraints to protect the environment. The EU, the only continent powerful enough to challenge the US, should therefore tell the WTO that it is to do just that to US exports. US cheap energy also constitutes unfair competition. Those US sectors that are the major beneficiaries of Bush's irresponsible policies should be prevented, for example, from attempting to buy their way into Europe's increasingly deregulated energy supply market. <br><b>Colin Hines </b><br> East Twickenham, Middx </p> <p> I wonder if the smug liberals who voted for Nader still believe there is no difference between Gore and Bush? <br><b>Paul Lay</b><br> London </p>",
      "newspaperPageNumber": "19",
      "wordcount": "537",
      "commentable": "false",
      "isPremoderated": "false",
      "lastModified": "2001-04-02T00:39:04Z",
      "newspaperEditionDate": "2001-04-02T00:00:00Z",
      "productionOffice": "UK",
      "publication": "theguardian.com",
      "shortUrl": "https://gu.com/p/p26t",
      "shouldHideAdverts": "false",
      "showInRelatedContent": "true",
      "legallySensitive": "false",
      "lang": "en",
      "bodyText": "President Bush may be an \"oil man\", but he is surrounded by advisers whose overt agenda is a nuclear power revival (EU dismay as Bush reneges on Kyoto, March 30). Dick Cheney's latest pronouncements on the alleged benefits of splitting the atom to boil water have been followed by reversals on environmental promises and regulations and now the withdrawal from Kyoto. None of this should come as a surprise when examining Bush's energy coterie led by Joe Colvin, head of the nuclear industry's lobbying group, the Nuclear Energy Institute, and Tom Kuhn, a Harvard buddy who runs the Edison Electric Institute, the trade group for the US electric power industry. Energy secretary Spencer Abraham, another fan of fission, wants to end the nuclear waste debate, one of the most compelling arguments against new reactors, by opening the controversial Yucca Mountain dump soon. He should pay attention to the protests in Germany. If Bush gives the green light to nuclear waste trains, it will serve as a red rag to hundreds of thousands of US citizens who, in poll after poll, have declared their fervent opposition to nuclear power. Linda Gunter Safe Energy Communication Council, Washington DC lcpentz@erols.com The government's nature conservation organisations are disappointed at the announcement from the White House. There is widespread agreement among scientists that climate change will have far-reaching consequences for both natural and human environments - floods, droughts and rising sea-levels. New research into the impacts of climate change on the wildlife of the British Isles will clearly show how the unprecedented rates of change predicted for the next 50 years will adversely affect many of our habitats and species; some quite literally will have \"no place to go\". The Kyoto protocol represents a vital starting point for the international community to agree mechanisms and targets for reducing global greenhouse gas emissions. Progress must now be made with or without the cooperation of the US. Mike Harley, English Nature Simon Bareham, Countryside Council for Wales Marcus Yeo, Joint Nature Conservation Committee Noranne Ellis, Scottish Natural Heritage Stan Coveney (Letters, March 31) suggests the Kyoto protocol will prevent developing nations from pursuing standards of living that we enjoy. Unfortunately, unless we all develop different ways of achieving those standards, it will be physically impossible for all the world's people to emulate the present standards of the rich nations. The area of land and water needed to produce all the resources consumed and to assimilate all the wastes generated if the whole world lived like us would require several planets. Dr Peter Slade Guildford peterslade@ntlworld.com Under article 20 of the WTO, a government can consider using trade constraints to protect the environment. The EU, the only continent powerful enough to challenge the US, should therefore tell the WTO that it is to do just that to US exports. US cheap energy also constitutes unfair competition. Those US sectors that are the major beneficiaries of Bush's irresponsible policies should be prevented, for example, from attempting to buy their way into Europe's increasingly deregulated energy supply market. Colin Hines East Twickenham, Middx I wonder if the smug liberals who voted for Nader still believe there is no difference between Gore and Bush? Paul Lay London",
      "charCount": "3409"
    },
    "isHosted": false,
    "pillarId": "pillar/news",
    "pillarName": "News"
  }
]