[
  {
    "id": "politics/2001/mar/02/uk.footandmouth",
    "type": "article",
    "sectionId": "politics",
    "sectionName": "Politics",
    "webPublicationDate": "2001-03-02T21:22:18Z",
    "webTitle": "Blair woos farmers in price 'arm lock'",
    "webUrl": "https://www.theguardian.com/politics/2001/mar/02/uk.footandmouth",
    "apiUrl": "https://content.guardianapis.com/politics/2001/mar/02/uk.footandmouth",
    "fields": {
      "headline": "Blair woos farmers in price 'arm lock'",
      "standfirst": "<BR><A HREF=\"http://www.guardian.co.uk/footandmouth/\">Special report: Foot and mouth disease</A>",
      "trailText": "Tony Blair tried to woo rural voters last night when he accused supermarkets of \"putting an arm lock\" on British farmers and promised to find a long-term solution to the problem of low prices paid by the big five supermarket chains to farmers.",
      "byline": "Anne Perkins",
      "main": "",
      "body": "Tony Blair tried to woo rural voters last night when he accused supermarkets of \"putting an arm lock\" on British farmers and promised to find a long-term solution to the problem of low prices paid by the big five supermarket chains to farmers. <p>Face-to-face with farmers at a question and answer session in the Forest of Dean, Gloucestershire, where foot-and-mouth disease is only a few miles away, he made it plain that he wanted a reappraisal of agriculture once the crisis was over. </p> <p>He told Martin Baber, a farmer who complained that he was getting 7p less for a litre of milk now than four years ago: \"We all want cheaper food in the shops, but... the supermarkets have got you pretty much in an arm lock at the moment.\" </p> <p>With Mr Baber warning him that \"there would be no farmers left soon\", he promised talks with supermarkets and farmers to get a new strategy. \"Once these immediate problems are over, we need to go back to the table and try to work it out on a long-term basis.\" </p> <p>Mr Blair went out of his way to reassure farmers that he sympathised with their problem. \"We know you are feeling real difficulty and pain. We can't offer you solutions but we can offer a partnership to try to reach them.\" </p> <p>Earlier he had a 15-minute meeting with the local National Farmers' Union which complained that the supermarkets are squeezing producers without passing on the low prices to consumers. </p> <p>Mr Blair was also rallying support in some of the marginal rural constituencies Labour won in 1997. With party members anxious about apathy, Mr Blair had stopped first at GCHQ in Cheltenham to underline restoration of trade union membership.</p>",
      "newspaperPageNumber": "13",
      "wordcount": "287",
      "commentable": "false",
      "isPremoderated": "false",
      "lastModified": "2017-05-08T09:33:20Z",
      "newspaperEditionDate": "2001-03-02T00:00:00Z",
      "productionOffice": "UK",
      "publication": "theguardian.com",
      "shortUrl": "https://gu.com/p/yxag",
      "shouldHideAdverts": "false",
      "showInRelatedContent": "true",
      "legallySensitive": "false",
      "lang": "en",
      "bodyText": "Tony Blair tried to woo rural voters last night when he accused supermarkets of \"putting an arm lock\" on British farmers and promised to find a long-term solution to the problem of low prices paid by the big five supermarket chains to farmers. Face-to-face with farmers at a question and answer session in the Forest of Dean, Gloucestershire, where foot-and-mouth disease is only a few miles away, he made it plain that he wanted a reappraisal of agriculture once the crisis was over. He told Martin Baber, a farmer who complained that he was getting 7p less for a litre of milk now than four years ago: \"We all want cheaper food in the shops, but... the supermarkets have got you pretty much in an arm lock at the moment.\" With Mr Baber warning him that \"there would be no farmers left soon\", he promised talks with supermarkets and farmers to get a new strategy. \"Once these immediate problems are over, we need to go back to the table and try to work it out on a long-term basis.\" Mr Blair went out of his way to reassure farmers that he sympathised with their problem. \"We know you are feeling real difficulty and pain. We can't offer you solutions but we can offer a partnership to try to reach them.\" Earlier he had a 15-minute meeting with the local National Farmers' Union which complained that the supermarkets are squeezing producers without passing on the low prices to consumers. Mr Blair was also rallying support in some of the marginal rural constituencies Labour won in 1997. With party members anxious about apathy, Mr Blair had stopped first at GCHQ in Cheltenham to underline restoration of trade union membership.",
      "charCount": "1633"
    },
    "isHosted": false,
    "pillarId": "pillar/news",
    "pillarName": "News"
  },
  {
    "id": "business/2001/mar/02/oilandpetrol.news",
    "type": "article",
    "sectionId": "business",
    "sectionName": "Business",
    "webPublicationDate": "2001-03-02T03:35:39Z",
    "webTitle": "Save loses the forecourt fight",
    "webUrl": "https://www.theguardian.com/business/2001/mar/02/oilandpetrol.news",
    "apiUrl": "https://content.guardianapis.com/business/2001/mar/02/oilandpetrol.news",
    "fields": {
      "headline": "Save loses the forecourt fight",
      "standfirst": "<a href=\"http://www.guardian.co.uk/petrol/\">Special report: the petrol war</a>",
      "trailText": "<p>Save Group, Britain's biggest independent petrol retailer, was yesterday in the hands of administrators as the battle for supremacy of the country's forecourts claimed its largest victim to date. </p>",
      "byline": "Terry Macalister",
      "main": "",
      "body": "<p>Save Group, Britain's biggest independent petrol retailer, was yesterday in the hands of administrators as the battle for supremacy of the country's forecourts claimed its largest victim to date. </p> <p>James Frost, the chairman and chief executive, has resigned, leaving open to question the future of 4,000 staff employed indirectly by Save on its 465 sites. </p> <p>The company, with a turnover of \u00a3400m, is continuing to operate under the control of accountant Ernst &amp; Young; the search is on for a potential buyer to save the operation. Save shares were suspended at 47.5p. </p> <p>Shell, Texaco and Esso have in the past been linked with a takeover but other independent retailers blamed the large integrated companies for driving Save to the wall. </p> <p>An Ernst &amp; Young spokeswoman confirmed Save had been damaged by intense competition from oil companies and supermarkets. These difficulties were exacerbated by bad weather and the fuel crisis. </p> <p>Aylesbury-based Save complained in January that the autumn blockade had scared off potential purchasers. Save warned at the time that \"recent pump price reductions and product price rises [were] reducing margins in some areas to unsustainable levels\". </p> <p>Mr Frost's anger was directed mainly at the banking consortium made up of Barclays, Royal Bank of Scotland and Lloyds TSB. \"They gave us a series of short-term facilities which were never quite enough,\" he said. </p> <p>The banks argued that they had spent two years talking to Save, and an offer was on the table which the company felt unable to accept. </p> <p>\"The banks are obviously disappointed at this outcome,\" a spokesman for market-leading bank Barclays said. </p> <p>Another independent retailer, SSL, said the real culprits were the oil groups. SSL's financial director, Anthony Salvidge, said: \"This underlines our view that oil companies are trying to drive independents out of business.\" </p> <p>In the first six months of last year, Save produced after-tax profits of \u00a31.9m on turnover of \u00a3236m. But it failed to make money in the September to October fuel crisis. </p> <p>Save has a capitalisation of around \u00a347m, compared with the billion-pound values of most of its competitors on the forecourt. </p> <p>The oil majors, such as BP and Shell, recently announced record annual profits but argued that they were earning very little on the forecourt because of the strong competition. They too have been closing stations. </p> <p>Taxes are blamed for Britain having the highest petrol prices in Europe, and Save's troubles will heighten the debate days before the Budget. </p> <p>The City was taken by surprise by Save. Analysts at ING Charterhouse rejected suggestions that some of Save's problems were self-inflicted. </p> <p>One analyst said: \"Given the size of the group [Mr Frost] did well to stay afloat as long as he did.\" </p> <p>Mr Frost, who owns 5% of Save, said he would take his fight with the banks to the office of fair trading and the financial services authority. </p> <p>\u0095 Motor dealership HMG Holdings has fallen into administrative receivership, it was announced yesterday. The group, based in Sevenoaks, Kent, employs 1,800 staff in 40 sites in the UK, trading under the names Henlys, Stormont and Hancock.</p>",
      "newspaperPageNumber": "29",
      "wordcount": "514",
      "commentable": "false",
      "isPremoderated": "false",
      "lastModified": "2001-12-07T03:35:39Z",
      "newspaperEditionDate": "2001-03-02T00:00:00Z",
      "productionOffice": "UK",
      "publication": "theguardian.com",
      "shortUrl": "https://gu.com/p/dctj",
      "shouldHideAdverts": "false",
      "showInRelatedContent": "true",
      "legallySensitive": "false",
      "lang": "en",
      "bodyText": "Save Group, Britain's biggest independent petrol retailer, was yesterday in the hands of administrators as the battle for supremacy of the country's forecourts claimed its largest victim to date. James Frost, the chairman and chief executive, has resigned, leaving open to question the future of 4,000 staff employed indirectly by Save on its 465 sites. The company, with a turnover of \u00a3400m, is continuing to operate under the control of accountant Ernst &amp; Young; the search is on for a potential buyer to save the operation. Save shares were suspended at 47.5p. Shell, Texaco and Esso have in the past been linked with a takeover but other independent retailers blamed the large integrated companies for driving Save to the wall. An Ernst &amp; Young spokeswoman confirmed Save had been damaged by intense competition from oil companies and supermarkets. These difficulties were exacerbated by bad weather and the fuel crisis. Aylesbury-based Save complained in January that the autumn blockade had scared off potential purchasers. Save warned at the time that \"recent pump price reductions and product price rises [were] reducing margins in some areas to unsustainable levels\". Mr Frost's anger was directed mainly at the banking consortium made up of Barclays, Royal Bank of Scotland and Lloyds TSB. \"They gave us a series of short-term facilities which were never quite enough,\" he said. The banks argued that they had spent two years talking to Save, and an offer was on the table which the company felt unable to accept. \"The banks are obviously disappointed at this outcome,\" a spokesman for market-leading bank Barclays said. Another independent retailer, SSL, said the real culprits were the oil groups. SSL's financial director, Anthony Salvidge, said: \"This underlines our view that oil companies are trying to drive independents out of business.\" In the first six months of last year, Save produced after-tax profits of \u00a31.9m on turnover of \u00a3236m. But it failed to make money in the September to October fuel crisis. Save has a capitalisation of around \u00a347m, compared with the billion-pound values of most of its competitors on the forecourt. The oil majors, such as BP and Shell, recently announced record annual profits but argued that they were earning very little on the forecourt because of the strong competition. They too have been closing stations. Taxes are blamed for Britain having the highest petrol prices in Europe, and Save's troubles will heighten the debate days before the Budget. The City was taken by surprise by Save. Analysts at ING Charterhouse rejected suggestions that some of Save's problems were self-inflicted. One analyst said: \"Given the size of the group [Mr Frost] did well to stay afloat as long as he did.\" Mr Frost, who owns 5% of Save, said he would take his fight with the banks to the office of fair trading and the financial services authority. \u0095 Motor dealership HMG Holdings has fallen into administrative receivership, it was announced yesterday. The group, based in Sevenoaks, Kent, employs 1,800 staff in 40 sites in the UK, trading under the names Henlys, Stormont and Hancock.",
      "charCount": "3139"
    },
    "isHosted": false,
    "pillarId": "pillar/news",
    "pillarName": "News"
  },
  {
    "id": "business/2001/mar/02/12",
    "type": "article",
    "sectionId": "business",
    "sectionName": "Business",
    "webPublicationDate": "2001-03-02T01:57:13Z",
    "webTitle": "At this price? Argonaut",
    "webUrl": "https://www.theguardian.com/business/2001/mar/02/12",
    "apiUrl": "https://content.guardianapis.com/business/2001/mar/02/12",
    "fields": {
      "headline": "At this price? Argonaut",
      "trailText": "<p>In a scene that could have come straight out of one of its computer games, Argonaut came crashing down to earth yesterday with disappointing half-year results. </p>",
      "byline": "Rob Griffin",
      "main": "",
      "body": "<p>In a scene that could have come straight out of one of its computer games, Argonaut came crashing down to earth yesterday with disappointing half-year results. </p> <p>Investors took fright as the company reported a depressing \u00a31.6m loss on the back of a reduced turnover figure - down to just \u00a31.5m, compared with \u00a32.5m in the same period last year. </p> <p>The dismay was reflected in the share price. By the close, the stock has slumped 24% to 45.5p. This is way off its 113p year high and heading towards the 33p low. </p> <p>Since it floated on the stock market last year, the value of Argonaut has more than halved, and the company is now worth less than \u00a346m. </p> <p>But the company's situation must be viewed against the backdrop of a games industry in transit to the next generation consoles - a fact not overlooked in Argonaut's announcement to the stock market yesterday morning. </p> <p>There have been substantial delays in the production of hardware associated with the new generation move and this, it is clear, has played a key role in Argonaut's downward spiral in recent months. </p> <p>The turnover decline is being blamed on a serious reduction in royalties. The first half of 2000 was bolstered by the launch of Croc 2 in August 1999 and a full six months selling both Croc and Croc 2 games. This year, however, income from these games has dropped away as they are classed as being at a \"mature stage\" of their life. </p> <p>Unfortunately three new titles released in the run-up to Christmas - Alien Resurrection, Aladdin and The Emperor's New Groove - have been disappointing so far. </p> <p>But the future certainly does not all consist of doom and gloom predictions for London-based Argonaut. The company's showcase title, Malice, has been well received and was given its first public demonstration by Bill Gates of Microsoft during the first week of January and development continues on new generation games. Hold. </p>",
      "newspaperPageNumber": "31",
      "wordcount": "328",
      "commentable": "false",
      "isPremoderated": "false",
      "lastModified": "2001-03-02T01:57:13Z",
      "newspaperEditionDate": "2001-03-02T00:00:00Z",
      "productionOffice": "UK",
      "publication": "theguardian.com",
      "shortUrl": "https://gu.com/p/4x96",
      "shouldHideAdverts": "false",
      "showInRelatedContent": "true",
      "legallySensitive": "false",
      "lang": "en",
      "bodyText": "In a scene that could have come straight out of one of its computer games, Argonaut came crashing down to earth yesterday with disappointing half-year results. Investors took fright as the company reported a depressing \u00a31.6m loss on the back of a reduced turnover figure - down to just \u00a31.5m, compared with \u00a32.5m in the same period last year. The dismay was reflected in the share price. By the close, the stock has slumped 24% to 45.5p. This is way off its 113p year high and heading towards the 33p low. Since it floated on the stock market last year, the value of Argonaut has more than halved, and the company is now worth less than \u00a346m. But the company's situation must be viewed against the backdrop of a games industry in transit to the next generation consoles - a fact not overlooked in Argonaut's announcement to the stock market yesterday morning. There have been substantial delays in the production of hardware associated with the new generation move and this, it is clear, has played a key role in Argonaut's downward spiral in recent months. The turnover decline is being blamed on a serious reduction in royalties. The first half of 2000 was bolstered by the launch of Croc 2 in August 1999 and a full six months selling both Croc and Croc 2 games. This year, however, income from these games has dropped away as they are classed as being at a \"mature stage\" of their life. Unfortunately three new titles released in the run-up to Christmas - Alien Resurrection, Aladdin and The Emperor's New Groove - have been disappointing so far. But the future certainly does not all consist of doom and gloom predictions for London-based Argonaut. The company's showcase title, Malice, has been well received and was given its first public demonstration by Bill Gates of Microsoft during the first week of January and development continues on new generation games. Hold.",
      "charCount": "1876"
    },
    "isHosted": false,
    "pillarId": "pillar/news",
    "pillarName": "News"
  }
]