[
  {
    "id": "society/2001/feb/06/childrensservices.socialcare1",
    "type": "article",
    "sectionId": "society",
    "sectionName": "Society",
    "webPublicationDate": "2001-02-06T17:07:43Z",
    "webTitle": "Children's safety 'bought at a price'",
    "webUrl": "https://www.theguardian.com/society/2001/feb/06/childrensservices.socialcare1",
    "apiUrl": "https://content.guardianapis.com/society/2001/feb/06/childrensservices.socialcare1",
    "fields": {
      "headline": "Children's safety 'bought at a price'",
      "standfirst": "Success in cutting fatal accidents and abuse achieved by restricting freedom to explore",
      "trailText": "<p>Despite concerns about attacks on children, like the killing of Anna Climbie and the abduction and murder of Sarah Payne, the United Kingdom has one of the world's lowest rates of child deaths caused by accident and abuse.</p>",
      "byline": "James Meikle",
      "main": "",
      "body": "<p>Despite concerns about attacks on children, like the killing of Anna Climbie and the abduction and murder of Sarah Payne, the United Kingdom has one of the world's lowest rates of child deaths caused by accident and abuse.</p> <p>A UN report published today says such events are rarer than in many other industrialised countries. </p> <p>But the authors of the first league table of children's deaths by injury in the world's 26 richest countries said that, in some cases, the success of reducing numbers being killed in road accidents, drownings, fires, falls and deliberate injury, might be bought at a price. </p> <p>On the whole children were no longer being allowed to explore their boundaries and develop their own sense of risk and danger, said the report. The authors, a Florence-based research centre for Unicef, examined the deaths of children aged one to 14. </p> <p>This revealed that the UK's injury death record, 6.1 per 100,000 children in the age group each year, was better than in any other country except Sweden. The figure is a quarter of that in Korea and less than half that in the United States. </p> <p>Although the likelihood of children dying from injury had been falling steadily since the 1970s, 20,000 would still die in this group of wealthy nations over the next year. Nearly half that total could be saved if all countries could match Sweden where the death rate was just over five per 100,000 for the years 1991 to 1995. </p> <p>The report said that although the UK fared well in general, children with parents in unskilled manual jobs were three or four times more likely to die than those whose parents were in skilled non-manual work. The UK also had a bad record on deaths from fires, and boys were more than half as likely to die from injury as girls. </p> <p>Britain's death rate from intentional injury of 0.8 per 100,000, compared with 2.74 in the US, and 1.58 in France. </p> <p>In most industrialised nations \"parents are increasingly worried about the threats to children, whether from traffic accidents or predatory paedophiles,\" said the report. \"In response to high profile media treatment of selected cases, and more generalised warning from public organisations that have to compete for public attention and public funds, it is natural for parents to increase the level of protection.\" </p> <p>It added: \"In practice this has meant that millions of parents now drive or accompany their children on journeys, prevent them from playing outside or exploring independently, and feel that every activity has to be supervised.\" </p> <p>The report referred to one study in the UK which suggested the proportion of children aged seven and eight who travelled to school without adult supervision fell from 80% to 10% between 1970 and 1990. </p> <p>Public messages on ensuring the safety of children, said the report, should help parents keep a sense of proportion but there was no point in telling them to change their behaviour because the risks to their children were small. </p> <p>\"The appropriate response to this is not to tell parents that the roads are much safer. It is to make those roads safer so that parents' own assessments of the danger changes.\"</p>",
      "wordcount": "537",
      "commentable": "false",
      "isPremoderated": "false",
      "lastModified": "2001-08-13T16:07:43Z",
      "newspaperEditionDate": "2001-02-06T00:00:00Z",
      "productionOffice": "UK",
      "publication": "theguardian.com",
      "shortUrl": "https://gu.com/p/3qxb",
      "shouldHideAdverts": "false",
      "showInRelatedContent": "true",
      "legallySensitive": "false",
      "lang": "en",
      "bodyText": "Despite concerns about attacks on children, like the killing of Anna Climbie and the abduction and murder of Sarah Payne, the United Kingdom has one of the world's lowest rates of child deaths caused by accident and abuse. A UN report published today says such events are rarer than in many other industrialised countries. But the authors of the first league table of children's deaths by injury in the world's 26 richest countries said that, in some cases, the success of reducing numbers being killed in road accidents, drownings, fires, falls and deliberate injury, might be bought at a price. On the whole children were no longer being allowed to explore their boundaries and develop their own sense of risk and danger, said the report. The authors, a Florence-based research centre for Unicef, examined the deaths of children aged one to 14. This revealed that the UK's injury death record, 6.1 per 100,000 children in the age group each year, was better than in any other country except Sweden. The figure is a quarter of that in Korea and less than half that in the United States. Although the likelihood of children dying from injury had been falling steadily since the 1970s, 20,000 would still die in this group of wealthy nations over the next year. Nearly half that total could be saved if all countries could match Sweden where the death rate was just over five per 100,000 for the years 1991 to 1995. The report said that although the UK fared well in general, children with parents in unskilled manual jobs were three or four times more likely to die than those whose parents were in skilled non-manual work. The UK also had a bad record on deaths from fires, and boys were more than half as likely to die from injury as girls. Britain's death rate from intentional injury of 0.8 per 100,000, compared with 2.74 in the US, and 1.58 in France. In most industrialised nations \"parents are increasingly worried about the threats to children, whether from traffic accidents or predatory paedophiles,\" said the report. \"In response to high profile media treatment of selected cases, and more generalised warning from public organisations that have to compete for public attention and public funds, it is natural for parents to increase the level of protection.\" It added: \"In practice this has meant that millions of parents now drive or accompany their children on journeys, prevent them from playing outside or exploring independently, and feel that every activity has to be supervised.\" The report referred to one study in the UK which suggested the proportion of children aged seven and eight who travelled to school without adult supervision fell from 80% to 10% between 1970 and 1990. Public messages on ensuring the safety of children, said the report, should help parents keep a sense of proportion but there was no point in telling them to change their behaviour because the risks to their children were small. \"The appropriate response to this is not to tell parents that the roads are much safer. It is to make those roads safer so that parents' own assessments of the danger changes.\"",
      "charCount": "3106"
    },
    "isHosted": false,
    "pillarId": "pillar/news",
    "pillarName": "News"
  },
  {
    "id": "media/2001/feb/06/pressandpublishing.dailyexpress2",
    "type": "article",
    "sectionId": "media",
    "sectionName": "Media",
    "webPublicationDate": "2001-02-06T16:48:38Z",
    "webTitle": "Westferry row heads for courts",
    "webUrl": "https://www.theguardian.com/media/2001/feb/06/pressandpublishing.dailyexpress2",
    "apiUrl": "https://content.guardianapis.com/media/2001/feb/06/pressandpublishing.dailyexpress2",
    "fields": {
      "headline": "Desmond and Hollinger at loggerheads over Westferry price",
      "trailText": "<p><strong>4.45pm update: </strong> The stand-off between Richard Desmond and Hollinger over the Westferry printing plant is heading for the courts, writes <strong>Dan Milmo</strong>.<br /> <a href=\"http://www.mediaguardian.co.uk/express/story/0,7521,434296,00.html\">Feb 6: Desmond hits hurdle in Westferry sale</a></p><p><a href=\"http://www.mediaguardian.co.uk/express/story/0,7521,433933,00.html\">Feb 6: Express to sell Westferry stake</a></p>",
      "byline": "Dan Milmo",
      "main": "",
      "body": "<p>The stand-off between Express owner Richard Desmond and Daily Telegraph publisher Hollinger over the Westferry printing plant is heading for the courtroom as both parties struggle to agree a price.</p> <p>Sources at Northern &amp; Shell revealed that Hollinger has already made an offer for the plant and arbitrators could be called in.</p> <p>Hollinger wants to buy Mr Desmond's 50% stake in the lucrative plant, but it has balked at the \u00a380m fee demanded by the OK! publisher's advisers.</p> <p>But insiders at the Express reveal that the \u00a380m-plus valuation was based on a complex financial arrangement agreed by Hollinger and previous Express owner Lord Hollick.</p> <p>The valuation was set down in a pre-determined formula that was agreed between Hollick and Hollinger. And that valuation was north of \u00a380m,\" said one source close to the negotiations.</p> <p>Mr Desmond has taken advice from his solicitors who say the valuation is legally correct.</p> <p>If the price cannot be determined through arbitration, then the sale will have to be settled in court.</p> <p>It is understood that Hollinger, which already owns 50% of Westferry, made an offer to Mr Desmond's Northern &amp; Shell company before Christmas last year.</p> <p>Another offer was made last month which the Express proprietor rejected. </p> <p>Although both sides are keen to resolve the deadlock outside of the courtroom, Mr Desmond is said to be relaxed.</p> <p>\"He is no hurry and will take his time,\" said a source. </p> <p>However, Hollinger vice-chairman Dan Colson has already said that his company is in no hurry to sell the stake and it will take its time before completing a deal.</p> <p><strong>Relevant stories</strong><br> <a href=\"http://www.mediatheguardian.com/express/story/0,7521,434296,00.html\">Feb 6: Desmond hits hurdle in Westferry sale</a><br> <a href=\"http://www.mediatheguardian.com/express/story/0,7521,433933,00.html\">Feb 6: Express to sell Westferry stake</a></p>",
      "wordcount": "281",
      "commentable": "false",
      "isPremoderated": "false",
      "lastModified": "2017-05-31T21:57:19Z",
      "newspaperEditionDate": "2001-02-06T00:00:00Z",
      "productionOffice": "UK",
      "publication": "theguardian.com",
      "shortUrl": "https://gu.com/p/3q38",
      "shouldHideAdverts": "false",
      "showInRelatedContent": "true",
      "legallySensitive": "false",
      "lang": "en",
      "bodyText": "The stand-off between Express owner Richard Desmond and Daily Telegraph publisher Hollinger over the Westferry printing plant is heading for the courtroom as both parties struggle to agree a price. Sources at Northern &amp; Shell revealed that Hollinger has already made an offer for the plant and arbitrators could be called in. Hollinger wants to buy Mr Desmond's 50% stake in the lucrative plant, but it has balked at the \u00a380m fee demanded by the OK! publisher's advisers. But insiders at the Express reveal that the \u00a380m-plus valuation was based on a complex financial arrangement agreed by Hollinger and previous Express owner Lord Hollick. The valuation was set down in a pre-determined formula that was agreed between Hollick and Hollinger. And that valuation was north of \u00a380m,\" said one source close to the negotiations. Mr Desmond has taken advice from his solicitors who say the valuation is legally correct. If the price cannot be determined through arbitration, then the sale will have to be settled in court. It is understood that Hollinger, which already owns 50% of Westferry, made an offer to Mr Desmond's Northern &amp; Shell company before Christmas last year. Another offer was made last month which the Express proprietor rejected. Although both sides are keen to resolve the deadlock outside of the courtroom, Mr Desmond is said to be relaxed. \"He is no hurry and will take his time,\" said a source. However, Hollinger vice-chairman Dan Colson has already said that his company is in no hurry to sell the stake and it will take its time before completing a deal. Relevant stories Feb 6: Desmond hits hurdle in Westferry sale Feb 6: Express to sell Westferry stake",
      "charCount": "1685"
    },
    "isHosted": false,
    "pillarId": "pillar/news",
    "pillarName": "News"
  },
  {
    "id": "technology/2001/feb/06/internetnews.business1",
    "type": "article",
    "sectionId": "business",
    "sectionName": "Business",
    "webPublicationDate": "2001-02-06T11:29:50Z",
    "webTitle": "BT's master unbundler takes centre stage",
    "webUrl": "https://www.theguardian.com/technology/2001/feb/06/internetnews.business1",
    "apiUrl": "https://content.guardianapis.com/technology/2001/feb/06/internetnews.business1",
    "fields": {
      "headline": "BT's master unbundler takes centre stage",
      "standfirst": "New finance director has some clout. He'll need it to eliminate \u00a310bn in debts",
      "trailText": "<p> New finance director has some clout. He'll need it to eliminate \u00a310bn in debts.</p>",
      "byline": "Polly Springer",
      "main": "",
      "body": "<p>BT yesterday said it had appointed bankers to prepare BT Wireless for a float, denying weekend rumours that the mobile arm of the former telecommunications monopoly will be merged with Spain's Telefonica Moviles. </p> <p>The flurry of attention on BT comes as newly appointed finance director Philip Hampton prepares to face investors on Thursday to outline how he will eliminate its \u00a310bn debt by the end of the year. </p> <p>The third quarter earnings announcement will give Mr Hampton the opportunity to take centre stage - and show, perhaps, that BT's latest recruit knows a thing or two about wringing commercial sweat from former state-owned monopolies. Mr Hampton was part of the team that performed radical surgery on British Gas - spinning off BG, the oil and gas exploration unit, leaving the consumer services company Centrica. </p> <p>Many are looking for the first signs of how he will revitalise BT. </p> <p>The company has told the City that there will be no unwelcome surprises in store, and is expected to report pretax profits of about \u00a31bn, compared with \u00a3652m for the same period last year. </p> <p>A spokesman for the company said that only a progress report should be expected on the restructuring plan that was laid out last April - in which the wireless, internet, directories, and fixed line wholesale and retail businesses become separate entities. </p> <p>BT will, for the first time, provide a limited breakdown of the earnings and debt of its various divisions. </p> <p>When it launched its plan last year the corporate world was gripped by internet fervour. That sentiment has since evaporated and it is no surprise that BT's plan has been radically changed. The company had hoped to float 25% of Yell, its directories business, and a portion of BT Wireless. With the downward trend of telecoms share prices, investors are worried those floats may be halted. </p> <p>Without the promise of income from floating those companies, Mr Hampton has had to reassess how BT will reduce its \u00a330bn debt by a third this year - a promise made in November when the last earnings were released. </p> <p>Debt levels have rocketed from \u00a38.7bn at the time of the March 2000 balance sheet to an expected \u00a331bn by the end of next month. </p> <p>BT insiders complain that too much is being made of the group's gearing. \"We got into debt on purpose,\" said one. \"But we're being treated as though we're students with an overdraft.\" </p> <p>When the company had limited borrowings, it was lambasted for not investing in future technologies, the same source said. Now the company has - with money ploughed into the new generation of mobile phones - and the debt is significant, it is being cast as \"profligate\". </p> <p>Analysts are curious to see how Mr Hampton will distribute the debt among BT's divisions. Most of the debt was acquired by the mobile arm through the acquisition of the German mobile operator Viag Interkom, along with the purchase of licences to run the new, next generation mobile networks. </p> <p>Swapping BT's group borrowings among the new businesses is made more difficult by regulator Oftel, which has to give the green light to any debt redistribution. </p> <p>What might be viewed as prudent by the regulator is often seen as heavyhanded by BT. \"It's difficult to be entrepreneurial when you're regulated,\" said one insider. </p> <p>Despite the obstacles in BT's way, there is hope among financial institutions that Mr Hampton's experience with British Gas will prove useful for negotiating with the regulator. </p> <p>Mr Hampton, 48, has a background over which the finance world can enthuse. He came to British Gas from British Steel, where he served as finance director between 1991 and 1996. This followed 15 years of international accountancy work with London-based Coopers &amp; Lybrand and Lazard Brothers. </p> <p>\"He is certainly seen as the magic healer for BT's problems and he does have a good track record,\" said Hannes Wittig, research analyst with Dresdner Kleinwort Wasserstein. \"But one person cannot change this around. He's not in charge of the company, he's in charge of solving a problem he inherited.\" </p> <p>While shareholders are pushing for an answer regarding Yell and BT Wireless's fate, the telecoms industry and Oftel are hammering BT on how slowly it is opening up access to local exchanges - a move seen as essential for allowing rivals to offer high speed internet access. </p> <p>BT has had weeks of bad publicity as competing operators claim it is stonewalling their attempts to use local exchanges, a process known as \"unbundling the local loop\". Rivals are rolling back ambitious projects that the government and others had hoped would make Britain a high speed internet mecca. </p> <p>BT denies any foot-dragging and insists it is being made a scapegoat by companies who, thanks to antipathy in the capital markets, can no longer raise the money to fund those ambitious projects. </p> <p>The timidity of the markets has also cast a pall of uncertainty over BT's own valuation, particularly as it has not yet separated accounting for its various divisions. While the share price has ranged from \u00a315 to 650p over the last year, most analysts think it should be valued at between 750p and 850p. </p> <p>\"The situation is obscured,\" said Mr Wittig. \"Even people close to the company don't know what it's worth any more. I think this obscurity is to BT's advantage.\" </p> <p> Additional reporting by Richard Thurston</p>",
      "newspaperPageNumber": "24",
      "wordcount": "893",
      "commentable": "false",
      "isPremoderated": "false",
      "lastModified": "2017-02-21T23:39:17Z",
      "newspaperEditionDate": "2001-02-06T00:00:00Z",
      "productionOffice": "UK",
      "publication": "theguardian.com",
      "shortUrl": "https://gu.com/p/x3jf",
      "shouldHideAdverts": "false",
      "showInRelatedContent": "true",
      "legallySensitive": "false",
      "lang": "en",
      "bodyText": "BT yesterday said it had appointed bankers to prepare BT Wireless for a float, denying weekend rumours that the mobile arm of the former telecommunications monopoly will be merged with Spain's Telefonica Moviles. The flurry of attention on BT comes as newly appointed finance director Philip Hampton prepares to face investors on Thursday to outline how he will eliminate its \u00a310bn debt by the end of the year. The third quarter earnings announcement will give Mr Hampton the opportunity to take centre stage - and show, perhaps, that BT's latest recruit knows a thing or two about wringing commercial sweat from former state-owned monopolies. Mr Hampton was part of the team that performed radical surgery on British Gas - spinning off BG, the oil and gas exploration unit, leaving the consumer services company Centrica. Many are looking for the first signs of how he will revitalise BT. The company has told the City that there will be no unwelcome surprises in store, and is expected to report pretax profits of about \u00a31bn, compared with \u00a3652m for the same period last year. A spokesman for the company said that only a progress report should be expected on the restructuring plan that was laid out last April - in which the wireless, internet, directories, and fixed line wholesale and retail businesses become separate entities. BT will, for the first time, provide a limited breakdown of the earnings and debt of its various divisions. When it launched its plan last year the corporate world was gripped by internet fervour. That sentiment has since evaporated and it is no surprise that BT's plan has been radically changed. The company had hoped to float 25% of Yell, its directories business, and a portion of BT Wireless. With the downward trend of telecoms share prices, investors are worried those floats may be halted. Without the promise of income from floating those companies, Mr Hampton has had to reassess how BT will reduce its \u00a330bn debt by a third this year - a promise made in November when the last earnings were released. Debt levels have rocketed from \u00a38.7bn at the time of the March 2000 balance sheet to an expected \u00a331bn by the end of next month. BT insiders complain that too much is being made of the group's gearing. \"We got into debt on purpose,\" said one. \"But we're being treated as though we're students with an overdraft.\" When the company had limited borrowings, it was lambasted for not investing in future technologies, the same source said. Now the company has - with money ploughed into the new generation of mobile phones - and the debt is significant, it is being cast as \"profligate\". Analysts are curious to see how Mr Hampton will distribute the debt among BT's divisions. Most of the debt was acquired by the mobile arm through the acquisition of the German mobile operator Viag Interkom, along with the purchase of licences to run the new, next generation mobile networks. Swapping BT's group borrowings among the new businesses is made more difficult by regulator Oftel, which has to give the green light to any debt redistribution. What might be viewed as prudent by the regulator is often seen as heavyhanded by BT. \"It's difficult to be entrepreneurial when you're regulated,\" said one insider. Despite the obstacles in BT's way, there is hope among financial institutions that Mr Hampton's experience with British Gas will prove useful for negotiating with the regulator. Mr Hampton, 48, has a background over which the finance world can enthuse. He came to British Gas from British Steel, where he served as finance director between 1991 and 1996. This followed 15 years of international accountancy work with London-based Coopers &amp; Lybrand and Lazard Brothers. \"He is certainly seen as the magic healer for BT's problems and he does have a good track record,\" said Hannes Wittig, research analyst with Dresdner Kleinwort Wasserstein. \"But one person cannot change this around. He's not in charge of the company, he's in charge of solving a problem he inherited.\" While shareholders are pushing for an answer regarding Yell and BT Wireless's fate, the telecoms industry and Oftel are hammering BT on how slowly it is opening up access to local exchanges - a move seen as essential for allowing rivals to offer high speed internet access. BT has had weeks of bad publicity as competing operators claim it is stonewalling their attempts to use local exchanges, a process known as \"unbundling the local loop\". Rivals are rolling back ambitious projects that the government and others had hoped would make Britain a high speed internet mecca. BT denies any foot-dragging and insists it is being made a scapegoat by companies who, thanks to antipathy in the capital markets, can no longer raise the money to fund those ambitious projects. The timidity of the markets has also cast a pall of uncertainty over BT's own valuation, particularly as it has not yet separated accounting for its various divisions. While the share price has ranged from \u00a315 to 650p over the last year, most analysts think it should be valued at between 750p and 850p. \"The situation is obscured,\" said Mr Wittig. \"Even people close to the company don't know what it's worth any more. I think this obscurity is to BT's advantage.\" Additional reporting by Richard Thurston",
      "charCount": "5299"
    },
    "isHosted": false,
    "pillarId": "pillar/news",
    "pillarName": "News"
  },
  {
    "id": "uk/2001/feb/06/childprotection.society",
    "type": "article",
    "sectionId": "uk-news",
    "sectionName": "UK news",
    "webPublicationDate": "2001-02-06T02:50:05Z",
    "webTitle": "Children's safety 'bought at a price'",
    "webUrl": "https://www.theguardian.com/uk/2001/feb/06/childprotection.society",
    "apiUrl": "https://content.guardianapis.com/uk/2001/feb/06/childprotection.society",
    "fields": {
      "headline": "Children's safety 'bought at a price'",
      "standfirst": "Success in cutting fatal accidents and abuse achieved by restricting freedom to explore<BR><BR><A HREF=\"http://www.guardianunlimited.co.uk/child/\">Special report: child protection</A>",
      "trailText": "Success in cutting fatal accidents and abuse achieved by restricting freedom to explore.",
      "byline": "James Meikle, health correspondent",
      "main": "",
      "body": "The United Kingdom has one of the world's lowest rates of child deaths caused by accident and abuse, according to a UN report published today. <p>Despite concerns about attacks on children, like the killing of Anna Climbie by her aunt and the abduction and murder of Sarah Payne, such events are rarer than in many other industrialised countries. </p> <p>But the authors of the first league table of children's deaths by injury in the world's 26 richest countries said that, in some cases, the success of reducing numbers being killed in road accidents, drownings, fires, falls and deliberate injury, might be bought at a price. </p> <p>On the whole children were no longer being allowed to explore their boundaries and develop their own sense of risk and danger, said the report. The authors, a Florence-based research centre for Unicef, examined the deaths of children aged one to 14. </p> <p>This revealed that the UK's injury death record, 6.1 per 100,000 children in the age group each year, was better than in any other country except Sweden. The figure is a quarter of that in Korea and less than half that in the United States. </p> <p>Although the likelihood of children dying from injury had been falling steadily since the 1970s, 20,000 would still die in this group of wealthy nations over the next year. Nearly half that total could be saved if all countries could match Sweden where the death rate was just over five per 100,000 for the years 1991 to 1995. </p> <p>The report said that although the UK fared well in general, children with parents in unskilled manual jobs were three or four times more likely to die than those whose parents were in skilled non-manual work. The UK also had a bad record on deaths from fires, and boys were more than half as likely to die from injury as girls. </p> <p>Britain's death rate from intentional injury of 0.8 per 100,000, compared with 2.74 in the US, and 1.58 in France. </p> <p>In most industrialised nations \"parents are increasingly worried about the threats to children, whether from traffic accidents or predatory paedophiles,\" said the report. \"In response to high profile media treatment of selected cases, and more generalised warning from public organisations that have to compete for public attention and public funds, it is natural for parents to increase the level of protection.\" </p> <p>It added: \"In practice this has meant that millions of parents now drive or accompany their children on journeys, prevent them from playing outside or exploring independently, and feel that every activity has to be supervised.\" </p> <p>The report referred to one study in the UK which suggested the proportion of children aged seven and eight who travelled to school without adult supervision fell from 80% to 10% between 1970 and 1990. </p> <p>Public messages on ensuring the safety of children, said the report, should help parents keep a sense of proportion but there was no point in telling them to change their behaviour because the risks to their children were small. </p> <p>\"The appropriate response to this is not to tell parents that the roads are much safer. It is to make those roads safer so that parents' own assessments of the danger changes.\"</p>",
      "newspaperPageNumber": "6",
      "wordcount": "541",
      "commentable": "false",
      "isPremoderated": "false",
      "lastModified": "2001-02-06T02:50:05Z",
      "newspaperEditionDate": "2001-02-06T00:00:00Z",
      "productionOffice": "UK",
      "publication": "theguardian.com",
      "shortUrl": "https://gu.com/p/zac4",
      "shouldHideAdverts": "false",
      "showInRelatedContent": "true",
      "legallySensitive": "false",
      "lang": "en",
      "bodyText": "The United Kingdom has one of the world's lowest rates of child deaths caused by accident and abuse, according to a UN report published today. Despite concerns about attacks on children, like the killing of Anna Climbie by her aunt and the abduction and murder of Sarah Payne, such events are rarer than in many other industrialised countries. But the authors of the first league table of children's deaths by injury in the world's 26 richest countries said that, in some cases, the success of reducing numbers being killed in road accidents, drownings, fires, falls and deliberate injury, might be bought at a price. On the whole children were no longer being allowed to explore their boundaries and develop their own sense of risk and danger, said the report. The authors, a Florence-based research centre for Unicef, examined the deaths of children aged one to 14. This revealed that the UK's injury death record, 6.1 per 100,000 children in the age group each year, was better than in any other country except Sweden. The figure is a quarter of that in Korea and less than half that in the United States. Although the likelihood of children dying from injury had been falling steadily since the 1970s, 20,000 would still die in this group of wealthy nations over the next year. Nearly half that total could be saved if all countries could match Sweden where the death rate was just over five per 100,000 for the years 1991 to 1995. The report said that although the UK fared well in general, children with parents in unskilled manual jobs were three or four times more likely to die than those whose parents were in skilled non-manual work. The UK also had a bad record on deaths from fires, and boys were more than half as likely to die from injury as girls. Britain's death rate from intentional injury of 0.8 per 100,000, compared with 2.74 in the US, and 1.58 in France. In most industrialised nations \"parents are increasingly worried about the threats to children, whether from traffic accidents or predatory paedophiles,\" said the report. \"In response to high profile media treatment of selected cases, and more generalised warning from public organisations that have to compete for public attention and public funds, it is natural for parents to increase the level of protection.\" It added: \"In practice this has meant that millions of parents now drive or accompany their children on journeys, prevent them from playing outside or exploring independently, and feel that every activity has to be supervised.\" The report referred to one study in the UK which suggested the proportion of children aged seven and eight who travelled to school without adult supervision fell from 80% to 10% between 1970 and 1990. Public messages on ensuring the safety of children, said the report, should help parents keep a sense of proportion but there was no point in telling them to change their behaviour because the risks to their children were small. \"The appropriate response to this is not to tell parents that the roads are much safer. It is to make those roads safer so that parents' own assessments of the danger changes.\"",
      "charCount": "3127"
    },
    "isHosted": false,
    "pillarId": "pillar/news",
    "pillarName": "News"
  },
  {
    "id": "business/2001/feb/06/8",
    "type": "article",
    "sectionId": "business",
    "sectionName": "Business",
    "webPublicationDate": "2001-02-06T02:50:03Z",
    "webTitle": "Predators gather around stricken Sema",
    "webUrl": "https://www.theguardian.com/business/2001/feb/06/8",
    "apiUrl": "https://content.guardianapis.com/business/2001/feb/06/8",
    "fields": {
      "headline": "Predators gather around stricken Sema",
      "trailText": "<p>Sema, the troubled Anglo-French information technology services group, could lose its independence after confirming yesterday that discussions are under way with diverse suitors about a possible &#163;3.5bn takeover.\n</p>",
      "byline": "Terry Macalister",
      "main": "",
      "body": "<p>Sema, the troubled Anglo-French information technology services group, could lose its independence after confirming yesterday that discussions are under way with diverse suitors about a possible \u00a33.5bn takeover. </p> <p>Schlumberger, the US-based oilfield and electronics group, is seen as the front runner. Cap Gemini, the French computer and management services company, Ernst &amp; Young and Logica, the British IT consultancy, are also deemed potential bidders.</p> <p>Shares in Sema climbed 21% in early trading and closed up 54p at 449p.</p> <p>The company has been vulnerable to a takeover after two profit warnings in quick succession.</p> <p>Analysts expect a firm offer from Schlumberger but pre dict that this will trigger a counterbid from elsewhere in the IT sector.</p> <p>The spotlight fell on Schlumberger after reports that it has been lining up a $3bn loan ahead of a formal cash bid.</p> <p>Sema, whose main areas of expertise are telecoms and financial services, has been moving into Schlumberger's central energy and utility sectors.</p> <p>The American group would have no financial problems digesting its prey - it is around nine times larger than Sema by market capitalisation and has been profiting from higher oil prices.</p> <p>Schlumberger reported a 61% rise in income from continuing operations in 2000 of $735m compared with the previous year.</p> <p>Yesterday it declined to comment on the Sema announcement - a spokeswoman said: \"It is not our policy to comment on rumours. If there is something to say we will issue a press release.\"</p> <p>Finlay Thomson, an analyst at WestLB Panmure, sees Schlumberger as a likely first mover but believes a bidding war is almost inevitable.</p> <p>\"If the troubled LHS business within Sema is ditched, the rest of the group looks very cheap. Rivals within the sector are aware of this,\" he said.</p> <p>The LHS mobile phone billing firm of America, bought for $3.3bn last summer, had an adverse impact on Sema's previously strong telecoms division. By November, Sema was forced into a profit warning that triggered a 44% slump in the share price.</p> <p>LHS's founder and a Sema non-executive, Hartmut Lademacher, was forced out after the disclosure that he sold \u00a324m worth of Sema shares days before the warning. The financial services authority is investigating.</p> <p>A second profit warning followed in January and even a decision by the chief executive, Pierre Bonelli, to step down failed to halt a further 12% slide in the share price.</p> <p>After weeks of rumours about takeover talks, Sema yesterday formally stated: \"The board confirms that it has received preliminary approaches from certain parties which may or may not lead to an offer being made for the company. Shareholders will be kept informed of any relevant developments.\"</p> <p>Analysts thought a firm deal was the best investors could hope for - Sema had sown the seeds of its own demise through its failure to rapidly integrate LHS and poor communications with the City.</p>",
      "newspaperPageNumber": "22",
      "wordcount": "478",
      "commentable": "false",
      "isPremoderated": "false",
      "lastModified": "2001-02-06T02:50:03Z",
      "newspaperEditionDate": "2001-02-06T00:00:00Z",
      "productionOffice": "UK",
      "publication": "theguardian.com",
      "shortUrl": "https://gu.com/p/3qv7",
      "shouldHideAdverts": "false",
      "showInRelatedContent": "true",
      "legallySensitive": "false",
      "lang": "en",
      "bodyText": "Sema, the troubled Anglo-French information technology services group, could lose its independence after confirming yesterday that discussions are under way with diverse suitors about a possible \u00a33.5bn takeover. Schlumberger, the US-based oilfield and electronics group, is seen as the front runner. Cap Gemini, the French computer and management services company, Ernst &amp; Young and Logica, the British IT consultancy, are also deemed potential bidders. Shares in Sema climbed 21% in early trading and closed up 54p at 449p. The company has been vulnerable to a takeover after two profit warnings in quick succession. Analysts expect a firm offer from Schlumberger but pre dict that this will trigger a counterbid from elsewhere in the IT sector. The spotlight fell on Schlumberger after reports that it has been lining up a $3bn loan ahead of a formal cash bid. Sema, whose main areas of expertise are telecoms and financial services, has been moving into Schlumberger's central energy and utility sectors. The American group would have no financial problems digesting its prey - it is around nine times larger than Sema by market capitalisation and has been profiting from higher oil prices. Schlumberger reported a 61% rise in income from continuing operations in 2000 of $735m compared with the previous year. Yesterday it declined to comment on the Sema announcement - a spokeswoman said: \"It is not our policy to comment on rumours. If there is something to say we will issue a press release.\" Finlay Thomson, an analyst at WestLB Panmure, sees Schlumberger as a likely first mover but believes a bidding war is almost inevitable. \"If the troubled LHS business within Sema is ditched, the rest of the group looks very cheap. Rivals within the sector are aware of this,\" he said. The LHS mobile phone billing firm of America, bought for $3.3bn last summer, had an adverse impact on Sema's previously strong telecoms division. By November, Sema was forced into a profit warning that triggered a 44% slump in the share price. LHS's founder and a Sema non-executive, Hartmut Lademacher, was forced out after the disclosure that he sold \u00a324m worth of Sema shares days before the warning. The financial services authority is investigating. A second profit warning followed in January and even a decision by the chief executive, Pierre Bonelli, to step down failed to halt a further 12% slide in the share price. After weeks of rumours about takeover talks, Sema yesterday formally stated: \"The board confirms that it has received preliminary approaches from certain parties which may or may not lead to an offer being made for the company. Shareholders will be kept informed of any relevant developments.\" Analysts thought a firm deal was the best investors could hope for - Sema had sown the seeds of its own demise through its failure to rapidly integrate LHS and poor communications with the City.",
      "charCount": "2904"
    },
    "isHosted": false,
    "pillarId": "pillar/news",
    "pillarName": "News"
  },
  {
    "id": "business/2001/feb/06/4",
    "type": "article",
    "sectionId": "business",
    "sectionName": "Business",
    "webPublicationDate": "2001-02-06T02:49:56Z",
    "webTitle": "Traders hold out for rate cut",
    "webUrl": "https://www.theguardian.com/business/2001/feb/06/4",
    "apiUrl": "https://content.guardianapis.com/business/2001/feb/06/4",
    "fields": {
      "headline": "Traders hold out for rate cut",
      "trailText": "<p>Strong performances from oil companies <strong> BP</strong> and <strong> Shell</strong> and a late cameo from <strong> BT</strong> were just enough to push leading shares higher yesterday. </p>",
      "byline": "Neil Hume",
      "main": "",
      "body": "<p>Strong performances from oil companies <strong> BP</strong> and <strong> Shell</strong> and a late cameo from <strong> BT</strong> were just enough to push leading shares higher yesterday. </p> <p>But while the final reading may have showed the FTSE 100 index 12.8 points ahead at 6,269.2, there was no hiding from the fact that the market remained in a fragile state. </p> <p>Once again, institutions were reluctant to take any decisions, preferring to wait on the sidelines ahead of this week's deluge of corporate results, and more importantly, the Bank of England meeting. </p> <p>Most economists expect the Bank's monetary policy committee to cut rates by 25 basis points this week. If it does, this would be the first cut since September 1999. But doubts persist. Domestic demand remains very strong, and the MPC may decide against moving before the Budget in March. </p> <p>Market turnover was weak, reaching just 1.7bn shares, leaving traders who had battled to work through the Tube strike wondering why they had bothered. </p> <p>Elsewhere, the FTSE Techmark 100 index fell back 26.03 points to 2,706.19, dragged down by the Nasdaq, which failed to rally after a mauling on Friday, and a switch into defensive stocks ahead of today's results from networking company Cisco. </p> <p>If the figures from Cisco come up short - and given recent negative comments from chief executive John Chambers they could - sector watchers expect a rough ride for technology stocks. </p> <p>A sharp spike in the crude price at the back of end last week - the price of Brent rose almost $3 on Thursday and Friday as traders rushed to cover short positions - supported both BP, 11p better at 598p and Shell, 17p stronger 574p. But traders said both stocks could move lower today. </p> <p>After the markets' close Saudi Arabia's oil minister said no further Opec productions cuts were needed to support the oil price. </p> <p>Market gossip that the flotation of Orange, the mobile phone company controlled by France T\u00e9l\u00e9com, will prove a success helped BT progress 28p to 729p. BT is planing to float its wireless unit in the second half of the year to help cut its debt. </p> <p> <strong> Marks &amp; Spencer</strong>, off 2p to 238p, gave back some of Friday's gains as analysts delivered their verdict of the company's \"arrangement\" with fashion guru George Davies. Although there were some positive voices - Schroder Salomon Smith Barney upgraded its rating - the sceptics triumphed. Deutsche Bank reckons that there is still no evidence that the business has stabilised. </p> <p>In the meantime, a ruling in north America helped <strong> ScottishPower</strong> produce a gain of 16.5p to 480p. The Utah public service commission, which fixes retail power prices in the state, is going to allow ScottishPower to charge its customers 9.5% more for their electricity to compensate for rising power costs. </p> <p>Industrial gases group <strong> BOC</strong>, off 35p to 990p, was hit by selling pressure ahead of today's first quarter results, which are unexpected to make unpleasant reading. According to reports circulating the Square Mile yesterday, BOC's earnings growth in the first quarter is likely to be only half that analysts had expected. </p> <p>With the exception of <strong> Sema</strong> - up 54p to 449p after confirming takeover approaches - it was a pretty lacklustre affair lower down the corporate ladder. The FTSE Mid 250 index closed 10.7 points lower at 6,746.8. </p> <p>That said, <strong> Arena Leisure</strong>, the racecourse owner, advanced 16.5p to 104.5p on hopes its Go Racing consortium will shortly secure the rights to broadcast British horse racing. </p> <p>Insurance broker <strong> Jardine Lloyd Thompson</strong> perked up, rising 12.5p to 442.5p on the back of reports that Willis, the privately owned broker, is considering a merger. </p> <p>On the Alternative Investment Market <strong> Carbo</strong>, the metal grinding tools maker, was a strong performer, adding 1.5p to 10p on news that Peter Gyllenhammar, the active Swedish value investor, has built a 3.65% stake.</p>",
      "newspaperPageNumber": "25",
      "wordcount": "655",
      "commentable": "false",
      "isPremoderated": "false",
      "lastModified": "2001-02-06T02:49:56Z",
      "newspaperEditionDate": "2001-02-06T00:00:00Z",
      "productionOffice": "UK",
      "publication": "theguardian.com",
      "shortUrl": "https://gu.com/p/3qx3",
      "shouldHideAdverts": "false",
      "showInRelatedContent": "true",
      "legallySensitive": "false",
      "lang": "en",
      "bodyText": "Strong performances from oil companies BP and Shell and a late cameo from BT were just enough to push leading shares higher yesterday. But while the final reading may have showed the FTSE 100 index 12.8 points ahead at 6,269.2, there was no hiding from the fact that the market remained in a fragile state. Once again, institutions were reluctant to take any decisions, preferring to wait on the sidelines ahead of this week's deluge of corporate results, and more importantly, the Bank of England meeting. Most economists expect the Bank's monetary policy committee to cut rates by 25 basis points this week. If it does, this would be the first cut since September 1999. But doubts persist. Domestic demand remains very strong, and the MPC may decide against moving before the Budget in March. Market turnover was weak, reaching just 1.7bn shares, leaving traders who had battled to work through the Tube strike wondering why they had bothered. Elsewhere, the FTSE Techmark 100 index fell back 26.03 points to 2,706.19, dragged down by the Nasdaq, which failed to rally after a mauling on Friday, and a switch into defensive stocks ahead of today's results from networking company Cisco. If the figures from Cisco come up short - and given recent negative comments from chief executive John Chambers they could - sector watchers expect a rough ride for technology stocks. A sharp spike in the crude price at the back of end last week - the price of Brent rose almost $3 on Thursday and Friday as traders rushed to cover short positions - supported both BP, 11p better at 598p and Shell, 17p stronger 574p. But traders said both stocks could move lower today. After the markets' close Saudi Arabia's oil minister said no further Opec productions cuts were needed to support the oil price. Market gossip that the flotation of Orange, the mobile phone company controlled by France T\u00e9l\u00e9com, will prove a success helped BT progress 28p to 729p. BT is planing to float its wireless unit in the second half of the year to help cut its debt. Marks &amp; Spencer, off 2p to 238p, gave back some of Friday's gains as analysts delivered their verdict of the company's \"arrangement\" with fashion guru George Davies. Although there were some positive voices - Schroder Salomon Smith Barney upgraded its rating - the sceptics triumphed. Deutsche Bank reckons that there is still no evidence that the business has stabilised. In the meantime, a ruling in north America helped ScottishPower produce a gain of 16.5p to 480p. The Utah public service commission, which fixes retail power prices in the state, is going to allow ScottishPower to charge its customers 9.5% more for their electricity to compensate for rising power costs. Industrial gases group BOC, off 35p to 990p, was hit by selling pressure ahead of today's first quarter results, which are unexpected to make unpleasant reading. According to reports circulating the Square Mile yesterday, BOC's earnings growth in the first quarter is likely to be only half that analysts had expected. With the exception of Sema - up 54p to 449p after confirming takeover approaches - it was a pretty lacklustre affair lower down the corporate ladder. The FTSE Mid 250 index closed 10.7 points lower at 6,746.8. That said, Arena Leisure, the racecourse owner, advanced 16.5p to 104.5p on hopes its Go Racing consortium will shortly secure the rights to broadcast British horse racing. Insurance broker Jardine Lloyd Thompson perked up, rising 12.5p to 442.5p on the back of reports that Willis, the privately owned broker, is considering a merger. On the Alternative Investment Market Carbo, the metal grinding tools maker, was a strong performer, adding 1.5p to 10p on news that Peter Gyllenhammar, the active Swedish value investor, has built a 3.65% stake.",
      "charCount": "3793"
    },
    "isHosted": false,
    "pillarId": "pillar/news",
    "pillarName": "News"
  },
  {
    "id": "business/2001/feb/06/3",
    "type": "article",
    "sectionId": "business",
    "sectionName": "Business",
    "webPublicationDate": "2001-02-06T02:49:56Z",
    "webTitle": "At this price?  Character Group",
    "webUrl": "https://www.theguardian.com/business/2001/feb/06/3",
    "apiUrl": "https://content.guardianapis.com/business/2001/feb/06/3",
    "fields": {
      "headline": "At this price?  Character Group",
      "trailText": "<p>Hit television show Popstars has turned five young singing hopefuls into a band but can it transform the fortunes of Character Group? </p>",
      "byline": "Rob Griffin",
      "main": "",
      "body": "<p>Hit television show Popstars has turned five young singing hopefuls into a band but can it transform the fortunes of Character Group? </p> <p>The merchandising company, which had a torrid time last year with losses of almost \u00a314m, hopes for brighter days after clinching the rights to produce replica Popstars dolls. </p> <p>Miniature versions of Danny, Noel, Kym, Myleene and Suzanne should be available next month but their contribution to recovery is likely to take longer to gauge. </p> <p>Yesterday the prospects were looking good with the news causing a 24% jump in the share price, which closed 8.5p up at 44.2p. That is a long way off the year's high of \u00a32.85 but is a vast improvement on the 23p low. </p> <p>In a notoriously fickle industry the latest deal is no guarantee of success and executives will be keeping the champagne corked. </p> <p>Institutional investors have shied away from toy-making companies, which are seen as being volatile and risky investments. </p> <p>Character has reinvented itself in merchandise over the past four years but is tainted by a dire period in which some of its acquisitions disappointed and it overestimated demand for new Star Wars figures, a prime reason for last year's loss. </p> <p>Character's management is shrewd and recognises the key to success will be identifying popular themes and chasing licensing agreements to manufacture the products. </p> <p>On this basis Popstars can be regarded as a real scoop but, like the Spice Girls dolls made by Character a few years ago, is expected to see short-lived success. </p> <p>If speculation about a licensing agreement for book character Harry Potter proves correct the City might be forced to take a closer look. </p> <p>The stock has doubled in value since its lows but more substantial gains are unlikely to happen overnight. </p> <p>Risky, not one for the long-term investor. </p>",
      "newspaperPageNumber": "25",
      "wordcount": "302",
      "commentable": "false",
      "isPremoderated": "false",
      "lastModified": "2001-02-06T02:49:56Z",
      "newspaperEditionDate": "2001-02-06T00:00:00Z",
      "productionOffice": "UK",
      "publication": "theguardian.com",
      "shortUrl": "https://gu.com/p/3qx2",
      "shouldHideAdverts": "false",
      "showInRelatedContent": "true",
      "legallySensitive": "false",
      "lang": "en",
      "bodyText": "Hit television show Popstars has turned five young singing hopefuls into a band but can it transform the fortunes of Character Group? The merchandising company, which had a torrid time last year with losses of almost \u00a314m, hopes for brighter days after clinching the rights to produce replica Popstars dolls. Miniature versions of Danny, Noel, Kym, Myleene and Suzanne should be available next month but their contribution to recovery is likely to take longer to gauge. Yesterday the prospects were looking good with the news causing a 24% jump in the share price, which closed 8.5p up at 44.2p. That is a long way off the year's high of \u00a32.85 but is a vast improvement on the 23p low. In a notoriously fickle industry the latest deal is no guarantee of success and executives will be keeping the champagne corked. Institutional investors have shied away from toy-making companies, which are seen as being volatile and risky investments. Character has reinvented itself in merchandise over the past four years but is tainted by a dire period in which some of its acquisitions disappointed and it overestimated demand for new Star Wars figures, a prime reason for last year's loss. Character's management is shrewd and recognises the key to success will be identifying popular themes and chasing licensing agreements to manufacture the products. On this basis Popstars can be regarded as a real scoop but, like the Spice Girls dolls made by Character a few years ago, is expected to see short-lived success. If speculation about a licensing agreement for book character Harry Potter proves correct the City might be forced to take a closer look. The stock has doubled in value since its lows but more substantial gains are unlikely to happen overnight. Risky, not one for the long-term investor.",
      "charCount": "1794"
    },
    "isHosted": false,
    "pillarId": "pillar/news",
    "pillarName": "News"
  }
]