[
  {
    "id": "business/2001/apr/04/bp",
    "type": "article",
    "sectionId": "business",
    "sectionName": "Business",
    "webPublicationDate": "2001-04-04T02:18:18Z",
    "webTitle": "At this price?  Fusion Oil & Gas",
    "webUrl": "https://www.theguardian.com/business/2001/apr/04/bp",
    "apiUrl": "https://content.guardianapis.com/business/2001/apr/04/bp",
    "fields": {
      "headline": "At this price?  Fusion Oil & Gas",
      "trailText": "<p>The western coast of Africa is one of the hottest spots in the global oil industry with BP, Shell and other majors making large discoveries in deep water off Angola, Congo and Nigeria.\n</p>",
      "byline": "Terry Macalister",
      "main": "",
      "body": "<p>The western coast of Africa is one of the hottest spots in the global oil industry with BP, Shell and other majors making large discoveries in deep water off Angola, Congo and Nigeria. </p> <p>Drilling that starts off in Mauritania this Friday could decide whether that bonanza extends further north.</p> <p>Fusion Oil &amp; Gas, a tiny company brought to the Alternative Investment Market in September, has a 6% stake in two wells to be drilled by Woodside Petroleum, the Australian group that is at present the target of a hostile takeover by Royal Dutch Shell. Italy's ENI group is also involved through its Agip subsidiary.</p> <p>Alan Stein, the managing director of Fusion, is bullish about prospects for Mauritania, hinting that seismic surveys of the area have been promising.</p> <p>Certainly some of the value given to another independent, British-Borneo, when it was taken over by ENI was attributed to its foothold in north-west Africa.</p> <p>If Mauritania is successful it would have a knock-on effect on other countries in the region, such as Ghana, which have been licensing their deep water tracts .</p> <p>Fusion will soon start drilling in Ghana and has acreage on the median line between Senegal and Guinea-Bissau. Some \u00a33.4m is to be spent on exploration this year.</p> <p>Yesterday Fusion reported an after-tax loss of \u00a3179,000, but that is of little importance compared to the \u00a315m it has in the bank from the flotation.</p> <p>Shareholders so far have had a mixed ride. Following initial success after the 50p float, the shares dipped to half that price by January as seed corn investors who came in at 5p bailed out and institutions failed to become involved.</p> <p>But as the exploration programme has gathered shape the stock recovered to 46p and last night closed down 1p at 43.5p. Investec Henderson Crosthwaite deems Fusion a \"buy\". Anyone wanting some risky romance in their portfolio should agree.</p>",
      "newspaperPageNumber": "25",
      "wordcount": "315",
      "commentable": "false",
      "isPremoderated": "false",
      "lastModified": "2001-04-04T02:18:18Z",
      "newspaperEditionDate": "2001-04-04T00:00:00Z",
      "productionOffice": "UK",
      "publication": "theguardian.com",
      "shortUrl": "https://gu.com/p/44z8",
      "shouldHideAdverts": "false",
      "showInRelatedContent": "true",
      "legallySensitive": "false",
      "lang": "en",
      "bodyText": "The western coast of Africa is one of the hottest spots in the global oil industry with BP, Shell and other majors making large discoveries in deep water off Angola, Congo and Nigeria. Drilling that starts off in Mauritania this Friday could decide whether that bonanza extends further north. Fusion Oil &amp; Gas, a tiny company brought to the Alternative Investment Market in September, has a 6% stake in two wells to be drilled by Woodside Petroleum, the Australian group that is at present the target of a hostile takeover by Royal Dutch Shell. Italy's ENI group is also involved through its Agip subsidiary. Alan Stein, the managing director of Fusion, is bullish about prospects for Mauritania, hinting that seismic surveys of the area have been promising. Certainly some of the value given to another independent, British-Borneo, when it was taken over by ENI was attributed to its foothold in north-west Africa. If Mauritania is successful it would have a knock-on effect on other countries in the region, such as Ghana, which have been licensing their deep water tracts . Fusion will soon start drilling in Ghana and has acreage on the median line between Senegal and Guinea-Bissau. Some \u00a33.4m is to be spent on exploration this year. Yesterday Fusion reported an after-tax loss of \u00a3179,000, but that is of little importance compared to the \u00a315m it has in the bank from the flotation. Shareholders so far have had a mixed ride. Following initial success after the 50p float, the shares dipped to half that price by January as seed corn investors who came in at 5p bailed out and institutions failed to become involved. But as the exploration programme has gathered shape the stock recovered to 46p and last night closed down 1p at 43.5p. Investec Henderson Crosthwaite deems Fusion a \"buy\". Anyone wanting some risky romance in their portfolio should agree.",
      "charCount": "1866"
    },
    "isHosted": false,
    "pillarId": "pillar/news",
    "pillarName": "News"
  }
]